Date,Flow
1980-01-01,134.81307983398438
1980-01-02,118.32123565673828
1980-01-03,106.16310119628906
1980-01-04,96.76577758789062
1980-01-05,88.36103820800781
1980-01-06,81.31157684326172
1980-01-07,75.55403137207031
1980-01-08,71.07568359375
1980-01-09,68.48395538330078
1980-01-10,65.89247131347656
1980-01-11,62.31664276123047
1980-01-12,63.99372100830078
1980-01-13,83.18800354003906
1980-01-14,111.85403442382812
1980-01-15,114.05721282958984
1980-01-16,104.45856475830078
1980-01-17,98.56248474121094
1980-01-18,91.62774658203125
1980-01-19,84.07749938964844
1980-01-20,79.74937438964844
1980-01-21,76.23707580566406
1980-01-22,71.20713806152344
1980-01-23,66.21871185302734
1980-01-24,63.03622055053711
1980-01-25,60.29358673095703
1980-01-26,56.765830993652344
1980-01-27,54.07054138183594
1980-01-28,52.376243591308594
1980-01-29,50.70895004272461
1980-01-30,48.670745849609375
1980-01-31,46.29689407348633
1980-02-01,44.1140251159668
1980-02-02,42.447654724121094
1980-02-03,41.091426849365234
1980-02-04,40.03056335449219
1980-02-05,39.05815505981445
1980-02-06,38.09404754638672
1980-02-07,37.296478271484375
1980-02-08,36.56264114379883
1980-02-09,35.902000427246094
1980-02-10,35.030982971191406
1980-02-11,34.17012023925781
1980-02-12,33.482486724853516
1980-02-13,32.98601531982422
1980-02-14,32.628177642822266
1980-02-15,32.197669982910156
1980-02-16,31.84979248046875
1980-02-17,31.713985443115234
1980-02-18,31.20089340209961
1980-02-19,30.841909408569336
1980-02-20,30.68616485595703
1980-02-21,30.733232498168945
1980-02-22,30.88799285888672
1980-02-23,31.246944427490234
1980-02-24,31.62747573852539
1980-02-25,32.308624267578125
1980-02-26,32.23252868652344
1980-02-27,31.36151885986328
1980-02-28,30.262086868286133
1980-02-29,29.39731788635254
1980-03-01,28.5854434967041
1980-03-02,27.762619018554688
1980-03-03,27.227073669433594
1980-03-04,26.913223266601562
1980-03-05,27.113788604736328
1980-03-06,27.945205688476562
1980-03-07,29.1778621673584
1980-03-08,32.643917083740234
1980-03-09,45.288658142089844
1980-03-10,64.85601043701172
1980-03-11,76.67356872558594
1980-03-12,90.24571228027344
1980-03-13,97.8137435913086
1980-03-14,92.48717498779297
1980-03-15,88.14423370361328
1980-03-16,85.85689544677734
1980-03-17,81.22309875488281
1980-03-18,90.87834167480469
1980-03-19,158.59683227539062
1980-03-20,269.5728454589844
1980-03-21,320.8841247558594
1980-03-22,363.9767150878906
1980-03-23,496.7510681152344
1980-03-24,566.00048828125
1980-03-25,532.30224609375
1980-03-26,475.15313720703125
1980-03-27,426.5128479003906
1980-03-28,381.6960144042969
1980-03-29,344.1094665527344
1980-03-30,329.4829406738281
1980-03-31,345.3692321777344
1980-04-01,362.2015380859375
1980-04-02,343.8861083984375
1980-04-03,309.6701354980469
1980-04-04,290.8384704589844
1980-04-05,312.5960388183594
1980-04-06,367.1324462890625
1980-04-07,380.0800476074219
1980-04-08,337.8170471191406
1980-04-09,294.1719665527344
1980-04-10,306.93341064453125
1980-04-11,569.3955688476562
1980-04-12,976.5517578125
1980-04-13,988.265625
1980-04-14,753.6738891601562
1980-04-15,574.5814208984375
1980-04-16,495.70172119140625
1980-04-17,486.96575927734375
1980-04-18,451.8421325683594
1980-04-19,373.9649658203125
1980-04-20,305.08184814453125
1980-04-21,259.2209167480469
1980-04-22,232.50384521484375
1980-04-23,215.26907348632812
1980-04-24,195.0406036376953
1980-04-25,177.82861328125
1980-04-26,166.135986328125
1980-04-27,164.0751190185547
1980-04-28,173.77099609375
1980-04-29,186.714111328125
1980-04-30,207.44610595703125
1980-05-01,237.17330932617188
1980-05-02,241.82162475585938
1980-05-03,220.57142639160156
1980-05-04,194.75396728515625
1980-05-05,171.48178100585938
1980-05-06,153.32077026367188
1980-05-07,139.34539794921875
1980-05-08,134.6004180908203
1980-05-09,146.49517822265625
1980-05-10,161.7159423828125
1980-05-11,160.5748291015625
1980-05-12,147.0673828125
1980-05-13,133.9537353515625
1980-05-14,124.46161651611328
1980-05-15,116.89655303955078
1980-05-16,109.59156799316406
1980-05-17,100.50877380371094
1980-05-18,91.77066040039062
1980-05-19,86.5069351196289
1980-05-20,88.3215560913086
1980-05-21,93.86258697509766
1980-05-22,89.60214233398438
1980-05-23,80.91970825195312
1980-05-24,73.63666534423828
1980-05-25,68.43263244628906
1980-05-26,64.43937683105469
1980-05-27,60.134735107421875
1980-05-28,55.761634826660156
1980-05-29,51.93958282470703
1980-05-30,48.26300811767578
1980-05-31,45.077571868896484
1980-06-01,42.721744537353516
1980-06-02,41.137054443359375
1980-06-03,42.610111236572266
1980-06-04,54.96658706665039
1980-06-05,69.26519775390625
1980-06-06,74.14006042480469
1980-06-07,69.8425521850586
1980-06-08,60.86176300048828
1980-06-09,55.636146545410156
1980-06-10,53.81171417236328
1980-06-11,51.486900329589844
1980-06-12,47.70613098144531
1980-06-13,43.594329833984375
1980-06-14,39.785667419433594
1980-06-15,36.532230377197266
1980-06-16,34.90472412109375
1980-06-17,36.452919006347656
1980-06-18,38.164066314697266
1980-06-19,36.58904266357422
1980-06-20,33.52958679199219
1980-06-21,33.025997161865234
1980-06-22,37.137611389160156
1980-06-23,41.34117889404297
1980-06-24,40.72816467285156
1980-06-25,35.93437957763672
1980-06-26,31.082813262939453
1980-06-27,27.409528732299805
1980-06-28,24.689558029174805
1980-06-29,22.68706512451172
1980-06-30,22.75139808654785
1980-07-01,28.123437881469727
1980-07-02,39.116817474365234
1980-07-03,45.04846954345703
1980-07-04,42.06584167480469
1980-07-05,35.89591598510742
1980-07-06,30.555553436279297
1980-07-07,27.781402587890625
1980-07-08,26.879131317138672
1980-07-09,27.638315200805664
1980-07-10,29.535869598388672
1980-07-11,29.54619789123535
1980-07-12,26.901962280273438
1980-07-13,25.54755210876465
1980-07-14,25.307859420776367
1980-07-15,23.805477142333984
1980-07-16,21.503328323364258
1980-07-17,19.975488662719727
1980-07-18,19.59294319152832
1980-07-19,19.335941314697266
1980-07-20,18.239604949951172
1980-07-21,16.689958572387695
1980-07-22,15.814290046691895
1980-07-23,16.281871795654297
1980-07-24,18.710906982421875
1980-07-25,20.617826461791992
1980-07-26,19.404203414916992
1980-07-27,16.734159469604492
1980-07-28,14.837228775024414
1980-07-29,14.56605339050293
1980-07-30,16.263671875
1980-07-31,19.03557777404785
1980-08-01,22.157501220703125
1980-08-02,24.90624237060547
1980-08-03,27.175500869750977
1980-08-04,27.229549407958984
1980-08-05,26.06062126159668
1980-08-06,23.627655029296875
1980-08-07,21.51662826538086
1980-08-08,20.704151153564453
1980-08-09,19.5543270111084
1980-08-10,17.368423461914062
1980-08-11,15.528919219970703
1980-08-12,15.286161422729492
1980-08-13,17.042312622070312
1980-08-14,18.75659942626953
1980-08-15,18.66330909729004
1980-08-16,17.115129470825195
1980-08-17,15.860867500305176
1980-08-18,14.872668266296387
1980-08-19,13.77705192565918
1980-08-20,12.885086059570312
1980-08-21,13.040247917175293
1980-08-22,13.80497932434082
1980-08-23,13.6021146774292
1980-08-24,12.594748497009277
1980-08-25,11.577901840209961
1980-08-26,10.770956039428711
1980-08-27,10.177087783813477
1980-08-28,9.735963821411133
1980-08-29,9.460378646850586
1980-08-30,9.390750885009766
1980-08-31,9.527170181274414
1980-09-01,11.00723648071289
1980-09-02,13.427046775817871
1980-09-03,13.920635223388672
1980-09-04,14.873553276062012
1980-09-05,19.20064353942871
1980-09-06,20.621089935302734
1980-09-07,17.550094604492188
1980-09-08,14.705944061279297
1980-09-09,12.703409194946289
1980-09-10,11.325058937072754
1980-09-11,10.408957481384277
1980-09-12,10.000710487365723
1980-09-13,9.72690200805664
1980-09-14,9.427318572998047
1980-09-15,9.832231521606445
1980-09-16,12.864129066467285
1980-09-17,16.87146759033203
1980-09-18,16.710582733154297
1980-09-19,16.126203536987305
1980-09-20,18.70270347595215
1980-09-21,20.549409866333008
1980-09-22,18.280364990234375
1980-09-23,15.795804977416992
1980-09-24,14.73180103302002
1980-09-25,14.536351203918457
1980-09-26,14.469781875610352
1980-09-27,16.5537052154541
1980-09-28,23.603736877441406
1980-09-29,28.978252410888672
1980-09-30,25.403465270996094
1980-10-01,20.408267974853516
1980-10-02,17.502159118652344
1980-10-03,15.990303039550781
1980-10-04,16.351287841796875
1980-10-05,23.072433471679688
1980-10-06,40.420692443847656
1980-10-07,44.52490997314453
1980-10-08,35.24188995361328
1980-10-09,27.673572540283203
1980-10-10,23.552459716796875
1980-10-11,21.08043098449707
1980-10-12,20.114673614501953
1980-10-13,21.397018432617188
1980-10-14,24.114730834960938
1980-10-15,24.1402530670166
1980-10-16,22.382341384887695
1980-10-17,20.522796630859375
1980-10-18,19.324459075927734
1980-10-19,20.21010398864746
1980-10-20,26.438251495361328
1980-10-21,33.601776123046875
1980-10-22,31.497833251953125
1980-10-23,26.94162368774414
1980-10-24,24.095815658569336
1980-10-25,23.021221160888672
1980-10-26,31.262157440185547
1980-10-27,81.61202239990234
1980-10-28,164.1422119140625
1980-10-29,161.38836669921875
1980-10-30,117.06346130371094
1980-10-31,85.55781555175781
1980-11-01,67.4443130493164
1980-11-02,56.76166534423828
1980-11-03,50.701541900634766
1980-11-04,46.0522575378418
1980-11-05,42.401756286621094
1980-11-06,41.06583023071289
1980-11-07,40.14195251464844
1980-11-08,37.90541076660156
1980-11-09,36.67748260498047
1980-11-10,38.21393585205078
1980-11-11,39.97129821777344
1980-11-12,39.71352005004883
1980-11-13,37.99072265625
1980-11-14,35.9566650390625
1980-11-15,34.52306365966797
1980-11-16,33.8548469543457
1980-11-17,32.92253112792969
1980-11-18,32.00113296508789
1980-11-19,33.03263854980469
1980-11-20,35.777034759521484
1980-11-21,36.426231384277344
1980-11-22,35.83670425415039
1980-11-23,34.95222091674805
1980-11-24,34.431922912597656
1980-11-25,38.11198043823242
1980-11-26,62.99730682373047
1980-11-27,116.86569213867188
1980-11-28,134.31260681152344
1980-11-29,130.00808715820312
1980-11-30,184.56678771972656
1980-12-01,263.2237243652344
1980-12-02,258.1141662597656
1980-12-03,210.47991943359375
1980-12-04,180.5784912109375
1980-12-05,170.2696075439453
1980-12-06,149.32931518554688
1980-12-07,124.21543884277344
1980-12-08,107.25729370117188
1980-12-09,98.037109375
1980-12-10,98.55766296386719
1980-12-11,104.38591766357422
1980-12-12,99.19612884521484
1980-12-13,87.95895385742188
1980-12-14,80.0667953491211
1980-12-15,75.39817810058594
1980-12-16,69.1407470703125
1980-12-17,64.32042694091797
1980-12-18,61.55723190307617
1980-12-19,58.251136779785156
1980-12-20,55.37123107910156
1980-12-21,52.41998291015625
1980-12-22,49.119258880615234
1980-12-23,46.663875579833984
1980-12-24,45.25799560546875
1980-12-25,44.230918884277344
1980-12-26,41.94646072387695
1980-12-27,39.03617477416992
1980-12-28,37.6892204284668
1980-12-29,37.45543670654297
1980-12-30,37.77377700805664
1980-12-31,37.76838302612305
1981-01-01,36.00495910644531
1981-01-02,34.274742126464844
1981-01-03,33.4981803894043
1981-01-04,32.52716064453125
1981-01-05,30.772586822509766
1981-01-06,29.505512237548828
1981-01-07,29.275968551635742
1981-01-08,29.515626907348633
1981-01-09,29.129533767700195
1981-01-10,28.016260147094727
1981-01-11,27.286056518554688
1981-01-12,26.591373443603516
1981-01-13,25.553056716918945
1981-01-14,24.787975311279297
1981-01-15,24.321929931640625
1981-01-16,23.958454132080078
1981-01-17,23.573827743530273
1981-01-18,23.174060821533203
1981-01-19,23.0986328125
1981-01-20,23.32724952697754
1981-01-21,23.42285919189453
1981-01-22,22.80469512939453
1981-01-23,22.40058708190918
1981-01-24,22.561796188354492
1981-01-25,22.480411529541016
1981-01-26,22.25204849243164
1981-01-27,22.70965576171875
1981-01-28,23.57122802734375
1981-01-29,23.511428833007812
1981-01-30,22.830835342407227
1981-01-31,21.96446418762207
1981-02-01,21.692123413085938
1981-02-02,26.193471908569336
1981-02-03,60.32936096191406
1981-02-04,144.7464141845703
1981-02-05,185.17198181152344
1981-02-06,148.1761474609375
1981-02-07,112.55768585205078
1981-02-08,94.23594665527344
1981-02-09,85.43406677246094
1981-02-10,80.32048797607422
1981-02-11,79.44244384765625
1981-02-12,132.20738220214844
1981-02-13,343.67120361328125
1981-02-14,562.5048828125
1981-02-15,452.0111083984375
1981-02-16,307.87347412109375
1981-02-17,238.8217315673828
1981-02-18,212.88360595703125
1981-02-19,213.06631469726562
1981-02-20,226.4185791015625
1981-02-21,291.7200927734375
1981-02-22,515.8901977539062
1981-02-23,808.684326171875
1981-02-24,792.6610107421875
1981-02-25,830.4550170898438
1981-02-26,1326.5562744140625
1981-02-27,1690.3934326171875
1981-02-28,1469.6231689453125
1981-03-01,1085.0501708984375
1981-03-02,794.4447021484375
1981-03-03,610.905029296875
1981-03-04,485.73876953125
1981-03-05,394.0327453613281
1981-03-06,325.2331237792969
1981-03-07,278.6723327636719
1981-03-08,253.85806274414062
1981-03-09,236.62799072265625
1981-03-10,216.3477783203125
1981-03-11,196.26187133789062
1981-03-12,179.65695190429688
1981-03-13,164.9541778564453
1981-03-14,152.99729919433594
1981-03-15,143.14381408691406
1981-03-16,134.5687255859375
1981-03-17,126.69361114501953
1981-03-18,118.62055206298828
1981-03-19,110.84677124023438
1981-03-20,103.91267395019531
1981-03-21,98.42140197753906
1981-03-22,95.60469055175781
1981-03-23,95.18618774414062
1981-03-24,94.01429748535156
1981-03-25,92.52029418945312
1981-03-26,91.93961334228516
1981-03-27,93.31288146972656
1981-03-28,101.63996887207031
1981-03-29,120.62117767333984
1981-03-30,141.4287567138672
1981-03-31,170.49188232421875
1981-04-01,218.35926818847656
1981-04-02,269.68017578125
1981-04-03,314.46661376953125
1981-04-04,354.3703308105469
1981-04-05,358.5029296875
1981-04-06,349.0209045410156
1981-04-07,362.6998596191406
1981-04-08,349.94793701171875
1981-04-09,296.2369384765625
1981-04-10,247.52230834960938
1981-04-11,220.38531494140625
1981-04-12,200.74981689453125
1981-04-13,182.04782104492188
1981-04-14,166.82257080078125
1981-04-15,161.10060119628906
1981-04-16,173.89404296875
1981-04-17,177.0220947265625
1981-04-18,161.46153259277344
1981-04-19,154.05209350585938
1981-04-20,159.88267517089844
1981-04-21,159.18312072753906
1981-04-22,146.41893005371094
1981-04-23,131.6989288330078
1981-04-24,121.29195404052734
1981-04-25,129.2928466796875
1981-04-26,169.20962524414062
1981-04-27,206.90438842773438
1981-04-28,206.33944702148438
1981-04-29,186.41305541992188
1981-04-30,176.42764282226562
1981-05-01,182.5575714111328
1981-05-02,186.80941772460938
1981-05-03,177.00238037109375
1981-05-04,162.64529418945312
1981-05-05,145.3435516357422
1981-05-06,129.9404754638672
1981-05-07,117.6988525390625
1981-05-08,106.72465515136719
1981-05-09,96.36334228515625
1981-05-10,87.61267852783203
1981-05-11,81.67461395263672
1981-05-12,80.55350494384766
1981-05-13,99.58863067626953
1981-05-14,150.14889526367188
1981-05-15,189.42100524902344
1981-05-16,197.90505981445312
1981-05-17,277.2704772949219
1981-05-18,403.1343688964844
1981-05-19,408.64208984375
1981-05-20,314.36376953125
1981-05-21,234.74838256835938
1981-05-22,186.90675354003906
1981-05-23,156.9604034423828
1981-05-24,136.64317321777344
1981-05-25,119.68321228027344
1981-05-26,105.03211212158203
1981-05-27,94.35773468017578
1981-05-28,86.4813232421875
1981-05-29,80.33621215820312
1981-05-30,76.08547973632812
1981-05-31,75.68428039550781
1981-06-01,86.79548645019531
1981-06-02,104.81461334228516
1981-06-03,105.2953109741211
1981-06-04,90.93953704833984
1981-06-05,80.37213134765625
1981-06-06,77.17172241210938
1981-06-07,75.50910186767578
1981-06-08,71.89617919921875
1981-06-09,69.25843048095703
1981-06-10,69.488525390625
1981-06-11,78.7331771850586
1981-06-12,85.5260238647461
1981-06-13,79.86873626708984
1981-06-14,72.6294937133789
1981-06-15,66.56510925292969
1981-06-16,59.410099029541016
1981-06-17,52.46560287475586
1981-06-18,47.32876968383789
1981-06-19,43.07374572753906
1981-06-20,39.19752502441406
1981-06-21,37.90213394165039
1981-06-22,42.78582763671875
1981-06-23,57.79265594482422
1981-06-24,73.46478271484375
1981-06-25,74.90866088867188
1981-06-26,69.32732391357422
1981-06-27,71.22404479980469
1981-06-28,71.30095672607422
1981-06-29,62.37740707397461
1981-06-30,51.91770935058594
1981-07-01,43.99464416503906
1981-07-02,38.485923767089844
1981-07-03,34.54644775390625
1981-07-04,31.739166259765625
1981-07-05,34.835872650146484
1981-07-06,63.38420486450195
1981-07-07,114.0410385131836
1981-07-08,129.27810668945312
1981-07-09,104.40005493164062
1981-07-10,77.9832992553711
1981-07-11,65.77617645263672
1981-07-12,63.62239456176758
1981-07-13,58.459842681884766
1981-07-14,54.215187072753906
1981-07-15,55.87885284423828
1981-07-16,56.52937316894531
1981-07-17,51.06118392944336
1981-07-18,43.21468734741211
1981-07-19,37.336387634277344
1981-07-20,34.435062408447266
1981-07-21,36.54286193847656
1981-07-22,53.0184326171875
1981-07-23,80.16494750976562
1981-07-24,85.16461181640625
1981-07-25,67.0286865234375
1981-07-26,50.55360794067383
1981-07-27,41.97846984863281
1981-07-28,41.313777923583984
1981-07-29,49.008235931396484
1981-07-30,65.28443908691406
1981-07-31,94.10208892822266
1981-08-01,107.81647491455078
1981-08-02,88.6133041381836
1981-08-03,66.2086410522461
1981-08-04,52.182621002197266
1981-08-05,45.07601547241211
1981-08-06,47.951175689697266
1981-08-07,60.8521614074707
1981-08-08,67.10719299316406
1981-08-09,59.970062255859375
1981-08-10,53.96290969848633
1981-08-11,57.217220306396484
1981-08-12,66.97705841064453
1981-08-13,66.82005310058594
1981-08-14,63.68619155883789
1981-08-15,59.99091339111328
1981-08-16,54.270050048828125
1981-08-17,71.52503204345703
1981-08-18,153.41519165039062
1981-08-19,184.15255737304688
1981-08-20,143.93536376953125
1981-08-21,99.00323486328125
1981-08-22,72.84445190429688
1981-08-23,58.91010665893555
1981-08-24,50.877166748046875
1981-08-25,47.954750061035156
1981-08-26,49.524871826171875
1981-08-27,49.74321365356445
1981-08-28,45.60829544067383
1981-08-29,40.608184814453125
1981-08-30,36.507530212402344
1981-08-31,33.11498260498047
1981-09-01,30.55662727355957
1981-09-02,28.760332107543945
1981-09-03,27.60209083557129
1981-09-04,26.78238868713379
1981-09-05,25.770517349243164
1981-09-06,24.463899612426758
1981-09-07,22.873859405517578
1981-09-08,21.556137084960938
1981-09-09,22.08237648010254
1981-09-10,28.91377067565918
1981-09-11,45.12864685058594
1981-09-12,51.990596771240234
1981-09-13,48.0048828125
1981-09-14,42.672149658203125
1981-09-15,36.79941940307617
1981-09-16,32.678489685058594
1981-09-17,31.031789779663086
1981-09-18,29.61154556274414
1981-09-19,27.97294807434082
1981-09-20,27.671716690063477
1981-09-21,29.097349166870117
1981-09-22,30.59406852722168
1981-09-23,39.467777252197266
1981-09-24,97.51123046875
1981-09-25,215.48687744140625
1981-09-26,249.5115203857422
1981-09-27,200.61463928222656
1981-09-28,143.0347442626953
1981-09-29,110.79014587402344
1981-09-30,105.56541442871094
1981-10-01,102.43299865722656
1981-10-02,89.58407592773438
1981-10-03,80.25067138671875
1981-10-04,83.68182373046875
1981-10-05,97.14620971679688
1981-10-06,102.32771301269531
1981-10-07,97.35294342041016
1981-10-08,97.20470428466797
1981-10-09,100.06207275390625
1981-10-10,96.57037353515625
1981-10-11,88.368896484375
1981-10-12,79.18023681640625
1981-10-13,70.86427307128906
1981-10-14,63.960548400878906
1981-10-15,58.45137405395508
1981-10-16,54.37820816040039
1981-10-17,51.525081634521484
1981-10-18,49.18251037597656
1981-10-19,54.90077209472656
1981-10-20,91.25337982177734
1981-10-21,150.2819366455078
1981-10-22,157.24183654785156
1981-10-23,132.1549835205078
1981-10-24,144.1114501953125
1981-10-25,252.60696411132812
1981-10-26,350.62237548828125
1981-10-27,345.1111755371094
1981-10-28,378.64837646484375
1981-10-29,544.671630859375
1981-10-30,703.7088623046875
1981-10-31,600.74462890625
1981-11-01,419.75396728515625
1981-11-02,306.7244873046875
1981-11-03,245.3290557861328
1981-11-04,207.45034790039062
1981-11-05,179.72555541992188
1981-11-06,158.58193969726562
1981-11-07,151.47467041015625
1981-11-08,161.46592712402344
1981-11-09,165.5846710205078
1981-11-10,154.88050842285156
1981-11-11,141.0377655029297
1981-11-12,128.3946533203125
1981-11-13,118.18478393554688
1981-11-14,109.01914978027344
1981-11-15,100.94863891601562
1981-11-16,96.9449462890625
1981-11-17,108.60585021972656
1981-11-18,161.52667236328125
1981-11-19,243.17051696777344
1981-11-20,286.962158203125
1981-11-21,296.52294921875
1981-11-22,327.13006591796875
1981-11-23,350.51318359375
1981-11-24,323.3825988769531
1981-11-25,271.9965515136719
1981-11-26,227.873291015625
1981-11-27,195.98606872558594
1981-11-28,175.9995880126953
1981-11-29,165.09703063964844
1981-11-30,154.86248779296875
1981-12-01,142.1705780029297
1981-12-02,137.18031311035156
1981-12-03,157.74813842773438
1981-12-04,197.2348175048828
1981-12-05,217.4949951171875
1981-12-06,207.23472595214844
1981-12-07,191.6063995361328
1981-12-08,180.86892700195312
1981-12-09,168.97061157226562
1981-12-10,155.93934631347656
1981-12-11,144.38107299804688
1981-12-12,135.33218383789062
1981-12-13,127.59180450439453
1981-12-14,120.34197235107422
1981-12-15,115.26469421386719
1981-12-16,118.74551391601562
1981-12-17,129.3069610595703
1981-12-18,132.44607543945312
1981-12-19,127.13666534423828
1981-12-20,119.75947570800781
1981-12-21,112.39198303222656
1981-12-22,106.96315002441406
1981-12-23,104.89543914794922
1981-12-24,110.63052368164062
1981-12-25,122.802734375
1981-12-26,126.02532958984375
1981-12-27,120.845458984375
1981-12-28,114.44874572753906
1981-12-29,109.63136291503906
1981-12-30,106.41703033447266
1981-12-31,102.89747619628906
1982-01-01,99.76356506347656
1982-01-02,100.75337982177734
1982-01-03,103.10315704345703
1982-01-04,109.77510070800781
1982-01-05,160.6356964111328
1982-01-06,261.5414123535156
1982-01-07,326.17071533203125
1982-01-08,316.32861328125
1982-01-09,278.0004577636719
1982-01-10,237.44796752929688
1982-01-11,203.55860900878906
1982-01-12,177.29212951660156
1982-01-13,157.29171752929688
1982-01-14,142.00039672851562
1982-01-15,130.8677520751953
1982-01-16,122.71250915527344
1982-01-17,115.09774780273438
1982-01-18,108.00129699707031
1982-01-19,101.70855712890625
1982-01-20,97.02409362792969
1982-01-21,93.01637268066406
1982-01-22,88.30001068115234
1982-01-23,83.200927734375
1982-01-24,79.82786560058594
1982-01-25,78.36288452148438
1982-01-26,75.6097640991211
1982-01-27,72.78697204589844
1982-01-28,70.99964904785156
1982-01-29,70.39905548095703
1982-01-30,69.7435302734375
1982-01-31,69.22195434570312
1982-02-01,71.6973876953125
1982-02-02,77.1664047241211
1982-02-03,81.97550964355469
1982-02-04,96.77870178222656
1982-02-05,125.32014465332031
1982-02-06,146.75738525390625
1982-02-07,146.87940979003906
1982-02-08,138.53225708007812
1982-02-09,128.1368408203125
1982-02-10,118.04605102539062
1982-02-11,109.62792205810547
1982-02-12,102.86237335205078
1982-02-13,97.43054962158203
1982-02-14,92.5856704711914
1982-02-15,87.90987396240234
1982-02-16,85.74528503417969
1982-02-17,83.79173278808594
1982-02-18,80.82081604003906
1982-02-19,78.04100799560547
1982-02-20,77.1050796508789
1982-02-21,77.9615249633789
1982-02-22,79.03279113769531
1982-02-23,79.3902587890625
1982-02-24,79.15282440185547
1982-02-25,77.26583862304688
1982-02-26,73.96879577636719
1982-02-27,71.67806243896484
1982-02-28,70.06285095214844
1982-03-01,66.99513244628906
1982-03-02,64.73303985595703
1982-03-03,63.63149642944336
1982-03-04,61.64879608154297
1982-03-05,61.07737350463867
1982-03-06,63.54447937011719
1982-03-07,67.0126953125
1982-03-08,68.93489074707031
1982-03-09,70.26703643798828
1982-03-10,71.00804138183594
1982-03-11,71.74057006835938
1982-03-12,78.31040954589844
1982-03-13,97.71282196044922
1982-03-14,137.91409301757812
1982-03-15,198.94117736816406
1982-03-16,240.388916015625
1982-03-17,240.52700805664062
1982-03-18,232.19752502441406
1982-03-19,238.42822265625
1982-03-20,252.1777801513672
1982-03-21,263.3058166503906
1982-03-22,271.6280212402344
1982-03-23,277.2640380859375
1982-03-24,278.9588317871094
1982-03-25,273.5274963378906
1982-03-26,284.55859375
1982-03-27,345.55352783203125
1982-03-28,440.89874267578125
1982-03-29,444.26702880859375
1982-03-30,381.9459228515625
1982-03-31,351.82196044921875
1982-04-01,391.14599609375
1982-04-02,509.226806640625
1982-04-03,609.0574951171875
1982-04-04,587.52685546875
1982-04-05,530.0948486328125
1982-04-06,464.6492919921875
1982-04-07,384.46405029296875
1982-04-08,313.77703857421875
1982-04-09,270.08203125
1982-04-10,254.21473693847656
1982-04-11,255.0196533203125
1982-04-12,270.7587585449219
1982-04-13,315.50238037109375
1982-04-14,396.5259094238281
1982-04-15,488.55609130859375
1982-04-16,560.6285400390625
1982-04-17,623.2512817382812
1982-04-18,729.2676391601562
1982-04-19,923.18310546875
1982-04-20,1096.48046875
1982-04-21,1053.0762939453125
1982-04-22,920.721435546875
1982-04-23,788.4046630859375
1982-04-24,631.0531005859375
1982-04-25,503.8562927246094
1982-04-26,450.3263854980469
1982-04-27,457.90802001953125
1982-04-28,571.2205200195312
1982-04-29,708.7351684570312
1982-04-30,676.8682861328125
1982-05-01,544.180419921875
1982-05-02,435.6288757324219
1982-05-03,365.61309814453125
1982-05-04,319.10986328125
1982-05-05,282.4463806152344
1982-05-06,253.4647674560547
1982-05-07,226.87258911132812
1982-05-08,206.99258422851562
1982-05-09,194.30101013183594
1982-05-10,188.76348876953125
1982-05-11,190.4542236328125
1982-05-12,189.42950439453125
1982-05-13,175.9717559814453
1982-05-14,158.3244171142578
1982-05-15,144.65087890625
1982-05-16,133.286865234375
1982-05-17,122.07311248779297
1982-05-18,111.54450988769531
1982-05-19,103.31706237792969
1982-05-20,99.43809509277344
1982-05-21,106.31671142578125
1982-05-22,112.80123138427734
1982-05-23,107.0366439819336
1982-05-24,97.52748107910156
1982-05-25,97.72946166992188
1982-05-26,103.87725830078125
1982-05-27,103.37074279785156
1982-05-28,93.75281524658203
1982-05-29,85.62992858886719
1982-05-30,83.91834259033203
1982-05-31,87.3155517578125
1982-06-01,89.64806365966797
1982-06-02,105.5115966796875
1982-06-03,166.39707946777344
1982-06-04,235.8874969482422
1982-06-05,241.89414978027344
1982-06-06,263.0934753417969
1982-06-07,414.9415588378906
1982-06-08,572.2001953125
1982-06-09,572.8721923828125
1982-06-10,457.3462219238281
1982-06-11,339.7413635253906
1982-06-12,256.9605712890625
1982-06-13,202.6143798828125
1982-06-14,174.3575897216797
1982-06-15,168.10296630859375
1982-06-16,166.8876190185547
1982-06-17,159.8287811279297
1982-06-18,165.55589294433594
1982-06-19,179.14157104492188
1982-06-20,171.52069091796875
1982-06-21,154.25210571289062
1982-06-22,143.40341186523438
1982-06-23,138.19754028320312
1982-06-24,144.22560119628906
1982-06-25,159.45858764648438
1982-06-26,158.394287109375
1982-06-27,135.89987182617188
1982-06-28,115.9326400756836
1982-06-29,107.06168365478516
1982-06-30,137.00559997558594
1982-07-01,221.09033203125
1982-07-02,261.7762451171875
1982-07-03,219.0039825439453
1982-07-04,169.37985229492188
1982-07-05,138.0587921142578
1982-07-06,115.53184509277344
1982-07-07,97.75553131103516
1982-07-08,84.06060791015625
1982-07-09,73.39833068847656
1982-07-10,64.92009735107422
1982-07-11,57.93266296386719
1982-07-12,51.97618865966797
1982-07-13,47.56571578979492
1982-07-14,44.830970764160156
1982-07-15,42.24785614013672
1982-07-16,39.1063117980957
1982-07-17,36.215675354003906
1982-07-18,34.3023796081543
1982-07-19,32.98382568359375
1982-07-20,33.69078063964844
1982-07-21,40.71950149536133
1982-07-22,48.93444061279297
1982-07-23,49.919776916503906
1982-07-24,45.920040130615234
1982-07-25,40.472320556640625
1982-07-26,35.433876037597656
1982-07-27,31.456697463989258
1982-07-28,32.01322937011719
1982-07-29,44.45114517211914
1982-07-30,62.469451904296875
1982-07-31,68.32843017578125
1982-08-01,60.131160736083984
1982-08-02,53.43219757080078
1982-08-03,52.99614715576172
1982-08-04,54.67584991455078
1982-08-05,53.38813400268555
1982-08-06,49.33030319213867
1982-08-07,46.60041809082031
1982-08-08,43.89505386352539
1982-08-09,43.30569839477539
1982-08-10,59.059688568115234
1982-08-11,91.53755187988281
1982-08-12,104.74375915527344
1982-08-13,89.90999603271484
1982-08-14,71.5343017578125
1982-08-15,60.498191833496094
1982-08-16,53.55141067504883
1982-08-17,47.15852737426758
1982-08-18,41.31327819824219
1982-08-19,36.75033950805664
1982-08-20,33.1435432434082
1982-08-21,30.863235473632812
1982-08-22,30.116519927978516
1982-08-23,29.22806167602539
1982-08-24,27.491722106933594
1982-08-25,26.335708618164062
1982-08-26,27.00870132446289
1982-08-27,29.28390884399414
1982-08-28,30.91480827331543
1982-08-29,29.18372344970703
1982-08-30,26.868865966796875
1982-08-31,25.253568649291992
1982-09-01,23.753087997436523
1982-09-02,23.370357513427734
1982-09-03,25.086633682250977
1982-09-04,28.545089721679688
1982-09-05,32.02192687988281
1982-09-06,31.23703384399414
1982-09-07,27.39003562927246
1982-09-08,24.133655548095703
1982-09-09,22.045934677124023
1982-09-10,20.494762420654297
1982-09-11,19.225536346435547
1982-09-12,18.184947967529297
1982-09-13,17.318418502807617
1982-09-14,16.529661178588867
1982-09-15,15.836457252502441
1982-09-16,15.600105285644531
1982-09-17,17.445228576660156
1982-09-18,20.59374237060547
1982-09-19,20.8333740234375
1982-09-20,18.987695693969727
1982-09-21,17.673795700073242
1982-09-22,18.092504501342773
1982-09-23,20.397781372070312
1982-09-24,23.641286849975586
1982-09-25,26.436079025268555
1982-09-26,27.054861068725586
1982-09-27,24.80167007446289
1982-09-28,24.171924591064453
1982-09-29,27.5350284576416
1982-09-30,30.6915283203125
1982-10-01,29.158205032348633
1982-10-02,26.156286239624023
1982-10-03,24.06259536743164
1982-10-04,22.585269927978516
1982-10-05,21.246231079101562
1982-10-06,20.297616958618164
1982-10-07,19.583770751953125
1982-10-08,19.654508590698242
1982-10-09,25.692821502685547
1982-10-10,45.164241790771484
1982-10-11,61.73524475097656
1982-10-12,56.18013000488281
1982-10-13,44.609657287597656
1982-10-14,37.68583679199219
1982-10-15,35.79435729980469
1982-10-16,37.659156799316406
1982-10-17,38.69639205932617
1982-10-18,36.52202224731445
1982-10-19,33.49518966674805
1982-10-20,30.929218292236328
1982-10-21,28.75006675720215
1982-10-22,27.082767486572266
1982-10-23,26.17816925048828
1982-10-24,25.532926559448242
1982-10-25,24.701026916503906
1982-10-26,23.744264602661133
1982-10-27,22.76535415649414
1982-10-28,22.123014450073242
1982-10-29,21.552366256713867
1982-10-30,21.042943954467773
1982-10-31,20.608217239379883
1982-11-01,20.313156127929688
1982-11-02,20.412715911865234
1982-11-03,21.26028060913086
1982-11-04,23.392486572265625
1982-11-05,26.08587074279785
1982-11-06,36.00474548339844
1982-11-07,76.73289489746094
1982-11-08,96.15460205078125
1982-11-09,75.91717529296875
1982-11-10,57.16386032104492
1982-11-11,48.207298278808594
1982-11-12,43.05646514892578
1982-11-13,45.483306884765625
1982-11-14,75.45092010498047
1982-11-15,138.53424072265625
1982-11-16,158.56851196289062
1982-11-17,135.32286071777344
1982-11-18,111.1473388671875
1982-11-19,93.884521484375
1982-11-20,81.64954376220703
1982-11-21,72.97047424316406
1982-11-22,67.16338348388672
1982-11-23,64.71060180664062
1982-11-24,69.26021575927734
1982-11-25,80.26958465576172
1982-11-26,83.08299255371094
1982-11-27,77.39154052734375
1982-11-28,71.03398132324219
1982-11-29,65.95242309570312
1982-11-30,64.3338623046875
1982-12-01,68.91564178466797
1982-12-02,74.08935546875
1982-12-03,73.06488800048828
1982-12-04,69.51571655273438
1982-12-05,67.58760833740234
1982-12-06,67.08251953125
1982-12-07,65.14323425292969
1982-12-08,64.71525573730469
1982-12-09,64.18924713134766
1982-12-10,59.73712158203125
1982-12-11,54.56432342529297
1982-12-12,51.194061279296875
1982-12-13,49.036651611328125
1982-12-14,46.190582275390625
1982-12-15,43.65143585205078
1982-12-16,43.735355377197266
1982-12-17,55.81772232055664
1982-12-18,91.44662475585938
1982-12-19,113.71031188964844
1982-12-20,99.23394775390625
1982-12-21,82.43611907958984
1982-12-22,73.86532592773438
1982-12-23,68.1662826538086
1982-12-24,63.15298080444336
1982-12-25,60.85715866088867
1982-12-26,63.52695846557617
1982-12-27,71.00101470947266
1982-12-28,79.49801635742188
1982-12-29,83.5169448852539
1982-12-30,90.17272186279297
1982-12-31,98.0645751953125
1983-01-01,91.28208923339844
1983-01-02,80.23063659667969
1983-01-03,72.42887878417969
1983-01-04,66.57456970214844
1983-01-05,60.400726318359375
1983-01-06,55.84925842285156
1983-01-07,55.9698371887207
1983-01-08,58.35051727294922
1983-01-09,58.15920639038086
1983-01-10,55.06262969970703
1983-01-11,67.37448120117188
1983-01-12,149.8789520263672
1983-01-13,291.88818359375
1983-01-14,328.8632507324219
1983-01-15,262.0060119628906
1983-01-16,198.1254425048828
1983-01-17,163.03338623046875
1983-01-18,141.45973205566406
1983-01-19,123.07026672363281
1983-01-20,107.58958435058594
1983-01-21,96.35346221923828
1983-01-22,89.0699462890625
1983-01-23,84.08558654785156
1983-01-24,87.10291290283203
1983-01-25,109.01026916503906
1983-01-26,139.8858184814453
1983-01-27,151.07176208496094
1983-01-28,139.73033142089844
1983-01-29,123.23179626464844
1983-01-30,109.5899429321289
1983-01-31,102.00457000732422
1983-02-01,102.29121398925781
1983-02-02,104.82818603515625
1983-02-03,116.69187927246094
1983-02-04,202.69601440429688
1983-02-05,384.7097473144531
1983-02-06,464.05029296875
1983-02-07,378.5665588378906
1983-02-08,284.7635498046875
1983-02-09,227.38064575195312
1983-02-10,190.43878173828125
1983-02-11,163.96487426757812
1983-02-12,144.80247497558594
1983-02-13,131.87484741210938
1983-02-14,120.825927734375
1983-02-15,111.41791534423828
1983-02-16,105.09275817871094
1983-02-17,101.07060241699219
1983-02-18,99.7115707397461
1983-02-19,101.98920440673828
1983-02-20,101.87722778320312
1983-02-21,97.34814453125
1983-02-22,94.70449829101562
1983-02-23,94.79505920410156
1983-02-24,94.65487670898438
1983-02-25,94.01952362060547
1983-02-26,92.09722900390625
1983-02-27,88.14088439941406
1983-02-28,85.3432846069336
1983-03-01,87.07908630371094
1983-03-02,116.15255737304688
1983-03-03,242.87205505371094
1983-03-04,423.194580078125
1983-03-05,473.42047119140625
1983-03-06,411.5885314941406
1983-03-07,346.21929931640625
1983-03-08,315.78717041015625
1983-03-09,311.01446533203125
1983-03-10,310.9879455566406
1983-03-11,313.2972106933594
1983-03-12,354.6478271484375
1983-03-13,459.57086181640625
1983-03-14,554.895263671875
1983-03-15,573.9945068359375
1983-03-16,545.595703125
1983-03-17,519.2648315429688
1983-03-18,496.1799011230469
1983-03-19,499.5585632324219
1983-03-20,654.3807373046875
1983-03-21,895.0745849609375
1983-03-22,1005.8528442382812
1983-03-23,899.1649169921875
1983-03-24,722.3280639648438
1983-03-25,570.830078125
1983-03-26,456.9615478515625
1983-03-27,377.6573486328125
1983-03-28,334.67071533203125
1983-03-29,360.208251953125
1983-03-30,404.8753967285156
1983-03-31,392.28692626953125
1983-04-01,346.1611022949219
1983-04-02,309.0343322753906
1983-04-03,292.57928466796875
1983-04-04,320.8712463378906
1983-04-05,412.19049072265625
1983-04-06,476.0599365234375
1983-04-07,475.1660461425781
1983-04-08,444.317138671875
1983-04-09,418.9359130859375
1983-04-10,423.1899108886719
1983-04-11,486.3291015625
1983-04-12,664.71240234375
1983-04-13,808.81298828125
1983-04-14,744.553466796875
1983-04-15,603.7777099609375
1983-04-16,491.7519226074219
1983-04-17,421.04669189453125
1983-04-18,411.7835693359375
1983-04-19,454.81640625
1983-04-20,483.0584411621094
1983-04-21,486.9474792480469
1983-04-22,464.049072265625
1983-04-23,408.87359619140625
1983-04-24,375.5628356933594
1983-04-25,457.786376953125
1983-04-26,650.6478271484375
1983-04-27,768.3294067382812
1983-04-28,718.64892578125
1983-04-29,601.9300537109375
1983-04-30,515.564208984375
1983-05-01,490.482177734375
1983-05-02,521.6239013671875
1983-05-03,622.9276123046875
1983-05-04,710.7169189453125
1983-05-05,703.3219604492188
1983-05-06,606.043212890625
1983-05-07,489.4396057128906
1983-05-08,393.4810791015625
1983-05-09,327.9162902832031
1983-05-10,300.9657287597656
1983-05-11,321.8204040527344
1983-05-12,331.51849365234375
1983-05-13,307.3807067871094
1983-05-14,271.9714050292969
1983-05-15,242.59042358398438
1983-05-16,225.18301391601562
1983-05-17,220.7515106201172
1983-05-18,218.92474365234375
1983-05-19,202.8151397705078
1983-05-20,181.49307250976562
1983-05-21,170.5187530517578
1983-05-22,179.0823974609375
1983-05-23,193.4114990234375
1983-05-24,205.3909912109375
1983-05-25,244.70770263671875
1983-05-26,269.6393127441406
1983-05-27,250.26132202148438
1983-05-28,239.70199584960938
1983-05-29,264.4637145996094
1983-05-30,279.34716796875
1983-05-31,309.61126708984375
1983-06-01,418.3898010253906
1983-06-02,495.51104736328125
1983-06-03,442.8586120605469
1983-06-04,355.171875
1983-06-05,319.2987365722656
1983-06-06,334.89862060546875
1983-06-07,323.67596435546875
1983-06-08,279.11126708984375
1983-06-09,239.69482421875
1983-06-10,207.85150146484375
1983-06-11,178.40719604492188
1983-06-12,154.34449768066406
1983-06-13,135.59979248046875
1983-06-14,123.13530731201172
1983-06-15,117.65991973876953
1983-06-16,112.31644439697266
1983-06-17,104.01144409179688
1983-06-18,98.49772644042969
1983-06-19,98.28166198730469
1983-06-20,95.43983459472656
1983-06-21,87.82410430908203
1983-06-22,77.99108123779297
1983-06-23,68.75125885009766
1983-06-24,61.290313720703125
1983-06-25,55.879852294921875
1983-06-26,53.161582946777344
1983-06-27,52.608482360839844
1983-06-28,51.68822479248047
1983-06-29,50.76317596435547
1983-06-30,49.46416473388672
1983-07-01,45.97491455078125
1983-07-02,41.7094841003418
1983-07-03,38.96047592163086
1983-07-04,38.41462707519531
1983-07-05,39.35438919067383
1983-07-06,41.98489761352539
1983-07-07,49.99713134765625
1983-07-08,58.53887939453125
1983-07-09,55.69999313354492
1983-07-10,47.225685119628906
1983-07-11,40.635623931884766
1983-07-12,36.22666931152344
1983-07-13,33.26172637939453
1983-07-14,31.168851852416992
1983-07-15,29.15584945678711
1983-07-16,26.82577896118164
1983-07-17,24.775053024291992
1983-07-18,23.197547912597656
1983-07-19,21.698545455932617
1983-07-20,20.364837646484375
1983-07-21,19.37453842163086
1983-07-22,19.310985565185547
1983-07-23,20.637561798095703
1983-07-24,22.586223602294922
1983-07-25,23.38548469543457
1983-07-26,22.747703552246094
1983-07-27,21.451770782470703
1983-07-28,19.581680297851562
1983-07-29,17.825746536254883
1983-07-30,16.65254020690918
1983-07-31,16.047800064086914
1983-08-01,15.913697242736816
1983-08-02,16.329729080200195
1983-08-03,19.20488739013672
1983-08-04,26.343257904052734
1983-08-05,26.729507446289062
1983-08-06,22.51167106628418
1983-08-07,20.67140769958496
1983-08-08,20.346820831298828
1983-08-09,19.70897674560547
1983-08-10,18.594161987304688
1983-08-11,19.976783752441406
1983-08-12,22.171541213989258
1983-08-13,27.55615234375
1983-08-14,45.23981475830078
1983-08-15,52.545650482177734
1983-08-16,41.03771209716797
1983-08-17,29.97336196899414
1983-08-18,24.407249450683594
1983-08-19,21.16021728515625
1983-08-20,19.146533966064453
1983-08-21,17.874128341674805
1983-08-22,16.669174194335938
1983-08-23,15.873786926269531
1983-08-24,15.932575225830078
1983-08-25,16.094350814819336
1983-08-26,14.972341537475586
1983-08-27,13.687210083007812
1983-08-28,13.258098602294922
1983-08-29,14.392975807189941
1983-08-30,17.062400817871094
1983-08-31,20.227252960205078
1983-09-01,26.090574264526367
1983-09-02,34.687007904052734
1983-09-03,36.7780647277832
1983-09-04,29.9195499420166
1983-09-05,23.54122543334961
1983-09-06,19.79906463623047
1983-09-07,17.5231990814209
1983-09-08,15.838761329650879
1983-09-09,14.551385879516602
1983-09-10,13.533952713012695
1983-09-11,12.663885116577148
1983-09-12,12.210444450378418
1983-09-13,12.264264106750488
1983-09-14,11.948844909667969
1983-09-15,11.274909973144531
1983-09-16,10.689299583435059
1983-09-17,10.345215797424316
1983-09-18,10.293671607971191
1983-09-19,10.757706642150879
1983-09-20,11.407367706298828
1983-09-21,11.378198623657227
1983-09-22,11.567890167236328
1983-09-23,15.323227882385254
1983-09-24,24.759891510009766
1983-09-25,29.438983917236328
1983-09-26,24.487289428710938
1983-09-27,19.16609001159668
1983-09-28,16.328594207763672
1983-09-29,14.544990539550781
1983-09-30,13.238790512084961
1983-10-01,12.35562515258789
1983-10-02,12.558036804199219
1983-10-03,14.712122917175293
1983-10-04,16.79817008972168
1983-10-05,16.827842712402344
1983-10-06,16.289993286132812
1983-10-07,17.99323081970215
1983-10-08,23.8211669921875
1983-10-09,25.18488311767578
1983-10-10,21.401086807250977
1983-10-11,18.265478134155273
1983-10-12,16.784475326538086
1983-10-13,17.79936981201172
1983-10-14,27.9809627532959
1983-10-15,50.329429626464844
1983-10-16,65.06919860839844
1983-10-17,55.588436126708984
1983-10-18,41.65534973144531
1983-10-19,33.17286682128906
1983-10-20,28.507320404052734
1983-10-21,25.625629425048828
1983-10-22,23.699739456176758
1983-10-23,22.157014846801758
1983-10-24,22.069900512695312
1983-10-25,27.815597534179688
1983-10-26,37.987396240234375
1983-10-27,41.028499603271484
1983-10-28,36.87480163574219
1983-10-29,32.49961471557617
1983-10-30,29.189197540283203
1983-10-31,27.11652183532715
1983-11-01,25.668516159057617
1983-11-02,24.372453689575195
1983-11-03,23.494911193847656
1983-11-04,25.832426071166992
1983-11-05,68.02106475830078
1983-11-06,204.6439208984375
1983-11-07,304.05206298828125
1983-11-08,262.42041015625
1983-11-09,188.8760223388672
1983-11-10,139.3035125732422
1983-11-11,114.1684799194336
1983-11-12,120.5952377319336
1983-11-13,161.31967163085938
1983-11-14,192.09251403808594
1983-11-15,172.1483154296875
1983-11-16,153.8666229248047
1983-11-17,224.7799530029297
1983-11-18,354.6990661621094
1983-11-19,376.41278076171875
1983-11-20,300.2983093261719
1983-11-21,236.0154571533203
1983-11-22,238.40272521972656
1983-11-23,306.3849792480469
1983-11-24,335.4229431152344
1983-11-25,324.8713073730469
1983-11-26,474.03240966796875
1983-11-27,679.6707153320312
1983-11-28,648.1520385742188
1983-11-29,504.0267333984375
1983-11-30,429.5628662109375
1983-12-01,422.5745849609375
1983-12-02,393.18975830078125
1983-12-03,333.9443359375
1983-12-04,283.1446533203125
1983-12-05,248.34161376953125
1983-12-06,224.04727172851562
1983-12-07,230.65782165527344
1983-12-08,299.42047119140625
1983-12-09,342.4605407714844
1983-12-10,316.8643798828125
1983-12-11,280.0744934082031
1983-12-12,247.67941284179688
1983-12-13,244.18714904785156
1983-12-14,380.9869384765625
1983-12-15,702.5712280273438
1983-12-16,951.7128295898438
1983-12-17,932.81201171875
1983-12-18,742.4556274414062
1983-12-19,555.0933227539062
1983-12-20,424.4367370605469
1983-12-21,335.73577880859375
1983-12-22,275.82720947265625
1983-12-23,245.2462615966797
1983-12-24,230.23590087890625
1983-12-25,210.50917053222656
1983-12-26,187.55856323242188
1983-12-27,169.27886962890625
1983-12-28,155.97349548339844
1983-12-29,155.8526153564453
1983-12-30,180.63084411621094
1983-12-31,196.47132873535156
1984-01-01,188.1456298828125
1984-01-02,172.1652374267578
1984-01-03,157.3671112060547
1984-01-04,145.29904174804688
1984-01-05,136.9542236328125
1984-01-06,130.37583923339844
1984-01-07,125.15546417236328
1984-01-08,119.08689880371094
1984-01-09,111.08280944824219
1984-01-10,103.50237274169922
1984-01-11,98.18344116210938
1984-01-12,93.37162780761719
1984-01-13,88.19337463378906
1984-01-14,84.50469970703125
1984-01-15,82.16445922851562
1984-01-16,79.87985229492188
1984-01-17,76.7330322265625
1984-01-18,73.7311019897461
1984-01-19,71.69145202636719
1984-01-20,69.79932403564453
1984-01-21,67.27998352050781
1984-01-22,64.19892120361328
1984-01-23,61.549095153808594
1984-01-24,60.814449310302734
1984-01-25,64.98722076416016
1984-01-26,73.1475830078125
1984-01-27,77.08728790283203
1984-01-28,76.08106231689453
1984-01-29,73.31097412109375
1984-01-30,70.3612289428711
1984-01-31,68.17274475097656
1984-02-01,65.9944839477539
1984-02-02,63.19362258911133
1984-02-03,60.993690490722656
1984-02-04,63.21697235107422
1984-02-05,76.25653839111328
1984-02-06,100.52642822265625
1984-02-07,119.55585479736328
1984-02-08,121.19204711914062
1984-02-09,112.84761047363281
1984-02-10,102.97718811035156
1984-02-11,95.39166259765625
1984-02-12,94.2750015258789
1984-02-13,98.59103393554688
1984-02-14,103.38446044921875
1984-02-15,119.42845916748047
1984-02-16,196.79541015625
1984-02-17,384.059814453125
1984-02-18,553.1265258789062
1984-02-19,595.626708984375
1984-02-20,581.4474487304688
1984-02-21,541.7705688476562
1984-02-22,482.87530517578125
1984-02-23,412.8650207519531
1984-02-24,359.9788818359375
1984-02-25,380.13909912109375
1984-02-26,461.0885009765625
1984-02-27,524.3314208984375
1984-02-28,492.70465087890625
1984-02-29,416.0343322753906
1984-03-01,357.7920227050781
1984-03-02,311.41473388671875
1984-03-03,270.49493408203125
1984-03-04,239.2686767578125
1984-03-05,215.32662963867188
1984-03-06,197.81341552734375
1984-03-07,188.4104766845703
1984-03-08,178.14071655273438
1984-03-09,162.77957153320312
1984-03-10,149.34381103515625
1984-03-11,139.15090942382812
1984-03-12,130.18006896972656
1984-03-13,120.02730560302734
1984-03-14,111.1639175415039
1984-03-15,106.02269744873047
1984-03-16,104.96094512939453
1984-03-17,107.6897201538086
1984-03-18,113.0515365600586
1984-03-19,121.73855590820312
1984-03-20,142.86402893066406
1984-03-21,181.5670166015625
1984-03-22,232.33148193359375
1984-03-23,301.23583984375
1984-03-24,366.62066650390625
1984-03-25,392.71038818359375
1984-03-26,376.1239318847656
1984-03-27,348.94744873046875
1984-03-28,323.24774169921875
1984-03-29,296.9288330078125
1984-03-30,280.01446533203125
1984-03-31,277.5367126464844
1984-04-01,280.40032958984375
1984-04-02,290.759033203125
1984-04-03,311.6905212402344
1984-04-04,340.9395751953125
1984-04-05,413.6059265136719
1984-04-06,740.4024658203125
1984-04-07,1358.710693359375
1984-04-08,1681.8763427734375
1984-04-09,1431.8209228515625
1984-04-10,1069.2706298828125
1984-04-11,782.8881225585938
1984-04-12,604.2371826171875
1984-04-13,514.3689575195312
1984-04-14,468.01739501953125
1984-04-15,434.9889831542969
1984-04-16,432.37152099609375
1984-04-17,512.0361328125
1984-04-18,618.854248046875
1984-04-19,641.3848876953125
1984-04-20,598.3529052734375
1984-04-21,558.5209350585938
1984-04-22,517.6528930664062
1984-04-23,450.7122802734375
1984-04-24,388.472900390625
1984-04-25,387.57049560546875
1984-04-26,438.82379150390625
1984-04-27,455.06048583984375
1984-04-28,417.17010498046875
1984-04-29,365.49871826171875
1984-04-30,324.1172790527344
1984-05-01,294.4981994628906
1984-05-02,275.2808837890625
1984-05-03,256.9326171875
1984-05-04,241.42564392089844
1984-05-05,276.23333740234375
1984-05-06,356.8829040527344
1984-05-07,380.1631774902344
1984-05-08,338.146728515625
1984-05-09,310.4979248046875
1984-05-10,327.3201904296875
1984-05-11,333.6920166015625
1984-05-12,302.13714599609375
1984-05-13,311.4723815917969
1984-05-14,439.2095031738281
1984-05-15,527.7194213867188
1984-05-16,534.3856201171875
1984-05-17,476.56048583984375
1984-05-18,385.8853454589844
1984-05-19,311.1688232421875
1984-05-20,265.5624694824219
1984-05-21,244.03720092773438
1984-05-22,234.1936492919922
1984-05-23,220.23046875
1984-05-24,210.7583465576172
1984-05-25,220.68997192382812
1984-05-26,219.3558349609375
1984-05-27,198.528076171875
1984-05-28,182.85218811035156
1984-05-29,226.03067016601562
1984-05-30,603.7843627929688
1984-05-31,1430.16650390625
1984-06-01,2159.970703125
1984-06-02,2239.70361328125
1984-06-03,1817.679443359375
1984-06-04,1414.382568359375
1984-06-05,1065.2540283203125
1984-06-06,777.930419921875
1984-06-07,590.63525390625
1984-06-08,513.8297119140625
1984-06-09,505.11279296875
1984-06-10,452.3462219238281
1984-06-11,366.18804931640625
1984-06-12,290.3680419921875
1984-06-13,234.6185302734375
1984-06-14,194.00692749023438
1984-06-15,172.2605743408203
1984-06-16,170.7047119140625
1984-06-17,165.30972290039062
1984-06-18,145.60400390625
1984-06-19,127.0702133178711
1984-06-20,116.6097640991211
1984-06-21,109.86241149902344
1984-06-22,100.46675109863281
1984-06-23,89.82365417480469
1984-06-24,80.61198425292969
1984-06-25,74.80887603759766
1984-06-26,84.44685363769531
1984-06-27,118.03718566894531
1984-06-28,134.6767120361328
1984-06-29,118.979248046875
1984-06-30,105.00372314453125
1984-07-01,99.906982421875
1984-07-02,93.37803649902344
1984-07-03,84.91838073730469
1984-07-04,76.58430480957031
1984-07-05,72.25421142578125
1984-07-06,81.82652282714844
1984-07-07,141.37673950195312
1984-07-08,286.1241455078125
1984-07-09,423.63323974609375
1984-07-10,398.5206298828125
1984-07-11,298.3226623535156
1984-07-12,226.8834686279297
1984-07-13,193.01629638671875
1984-07-14,178.56884765625
1984-07-15,158.73764038085938
1984-07-16,132.75997924804688
1984-07-17,112.53943634033203
1984-07-18,106.19916534423828
1984-07-19,113.94719696044922
1984-07-20,133.2046356201172
1984-07-21,137.56109619140625
1984-07-22,117.1421127319336
1984-07-23,96.73973846435547
1984-07-24,82.938720703125
1984-07-25,72.79692840576172
1984-07-26,64.94921112060547
1984-07-27,58.73828887939453
1984-07-28,57.21672058105469
1984-07-29,60.527687072753906
1984-07-30,60.467384338378906
1984-07-31,55.060882568359375
1984-08-01,49.54124069213867
1984-08-02,45.419517517089844
1984-08-03,42.668426513671875
1984-08-04,40.5708122253418
1984-08-05,37.97996520996094
1984-08-06,35.32526779174805
1984-08-07,33.17558288574219
1984-08-08,31.90435218811035
1984-08-09,31.281696319580078
1984-08-10,30.437463760375977
1984-08-11,28.998624801635742
1984-08-12,27.701255798339844
1984-08-13,27.18942642211914
1984-08-14,27.095237731933594
1984-08-15,26.958850860595703
1984-08-16,26.856678009033203
1984-08-17,26.66863441467285
1984-08-18,25.7078914642334
1984-08-19,23.985876083374023
1984-08-20,23.10474967956543
1984-08-21,24.74187660217285
1984-08-22,26.53938102722168
1984-08-23,25.649883270263672
1984-08-24,24.628637313842773
1984-08-25,25.833160400390625
1984-08-26,26.827075958251953
1984-08-27,25.01551055908203
1984-08-28,22.407310485839844
1984-08-29,20.434255599975586
1984-08-30,19.10346031188965
1984-08-31,18.266742706298828
1984-09-01,17.880361557006836
1984-09-02,17.697065353393555
1984-09-03,17.416025161743164
1984-09-04,17.042295455932617
1984-09-05,17.16014289855957
1984-09-06,17.433094024658203
1984-09-07,17.177410125732422
1984-09-08,16.439455032348633
1984-09-09,15.674126625061035
1984-09-10,14.979673385620117
1984-09-11,14.414254188537598
1984-09-12,14.112971305847168
1984-09-13,14.755516052246094
1984-09-14,16.08352279663086
1984-09-15,16.754878997802734
1984-09-16,17.68720054626465
1984-09-17,19.218215942382812
1984-09-18,19.756729125976562
1984-09-19,18.268373489379883
1984-09-20,16.52178955078125
1984-09-21,15.341076850891113
1984-09-22,14.705623626708984
1984-09-23,14.497673988342285
1984-09-24,14.061799049377441
1984-09-25,13.466330528259277
1984-09-26,13.036725997924805
1984-09-27,12.737361907958984
1984-09-28,13.079625129699707
1984-09-29,13.58047866821289
1984-09-30,13.276161193847656
1984-10-01,12.90414810180664
1984-10-02,17.317567825317383
1984-10-03,39.686763763427734
1984-10-04,68.39335632324219
1984-10-05,74.09069061279297
1984-10-06,59.95984649658203
1984-10-07,46.24116134643555
1984-10-08,37.397438049316406
1984-10-09,32.05702590942383
1984-10-10,28.859189987182617
1984-10-11,26.81367301940918
1984-10-12,25.46573257446289
1984-10-13,24.397119522094727
1984-10-14,23.25273323059082
1984-10-15,22.1973934173584
1984-10-16,21.26104736328125
1984-10-17,20.431720733642578
1984-10-18,19.70541000366211
1984-10-19,19.113567352294922
1984-10-20,18.652036666870117
1984-10-21,18.530580520629883
1984-10-22,19.391006469726562
1984-10-23,21.11104965209961
1984-10-24,24.767295837402344
1984-10-25,30.04422950744629
1984-10-26,31.766490936279297
1984-10-27,30.68115234375
1984-10-28,31.31851577758789
1984-10-29,32.231529235839844
1984-10-30,32.98089599609375
1984-10-31,36.12131118774414
1984-11-01,37.389930725097656
1984-11-02,34.424102783203125
1984-11-03,31.400732040405273
1984-11-04,30.431215286254883
1984-11-05,30.915681838989258
1984-11-06,35.29810333251953
1984-11-07,47.402069091796875
1984-11-08,55.7773551940918
1984-11-09,50.96006393432617
1984-11-10,43.894569396972656
1984-11-11,41.807796478271484
1984-11-12,55.516178131103516
1984-11-13,101.71682739257812
1984-11-14,181.37112426757812
1984-11-15,201.1595916748047
1984-11-16,159.23348999023438
1984-11-17,118.42191314697266
1984-11-18,96.4227523803711
1984-11-19,82.72818756103516
1984-11-20,72.23706817626953
1984-11-21,64.5104751586914
1984-11-22,58.43473815917969
1984-11-23,53.853981018066406
1984-11-24,50.34164047241211
1984-11-25,47.55247497558594
1984-11-26,45.39693069458008
1984-11-27,43.55717468261719
1984-11-28,42.19710159301758
1984-11-29,41.80653381347656
1984-11-30,47.913944244384766
1984-12-01,68.47429656982422
1984-12-02,85.65823364257812
1984-12-03,80.36902618408203
1984-12-04,71.90560913085938
1984-12-05,69.02792358398438
1984-12-06,68.64512634277344
1984-12-07,68.61595916748047
1984-12-08,68.24000549316406
1984-12-09,65.78976440429688
1984-12-10,64.7086181640625
1984-12-11,65.56486511230469
1984-12-12,66.86251831054688
1984-12-13,69.17939758300781
1984-12-14,72.6865463256836
1984-12-15,77.60543823242188
1984-12-16,77.64657592773438
1984-12-17,74.0895004272461
1984-12-18,74.46073913574219
1984-12-19,80.1523666381836
1984-12-20,89.16043090820312
1984-12-21,96.10266876220703
1984-12-22,97.31330871582031
1984-12-23,106.85893249511719
1984-12-24,121.49298858642578
1984-12-25,120.01545715332031
1984-12-26,108.94215393066406
1984-12-27,96.82137298583984
1984-12-28,84.84931182861328
1984-12-29,78.63280487060547
1984-12-30,85.76421356201172
1984-12-31,109.78167724609375
1985-01-01,132.01878356933594
1985-01-02,128.24009704589844
1985-01-03,117.75927734375
1985-01-04,108.89340209960938
1985-01-05,98.81101989746094
1985-01-06,89.45182800292969
1985-01-07,82.30802917480469
1985-01-08,76.19802856445312
1985-01-09,70.83834838867188
1985-01-10,66.39851379394531
1985-01-11,62.69812774658203
1985-01-12,59.7997932434082
1985-01-13,57.17786407470703
1985-01-14,55.03739547729492
1985-01-15,53.245338439941406
1985-01-16,50.95755386352539
1985-01-17,47.95786666870117
1985-01-18,45.78732681274414
1985-01-19,44.54181671142578
1985-01-20,43.54426956176758
1985-01-21,42.331851959228516
1985-01-22,41.00614547729492
1985-01-23,40.17743682861328
1985-01-24,39.844600677490234
1985-01-25,39.45833969116211
1985-01-26,38.51295852661133
1985-01-27,37.0916748046875
1985-01-28,36.295875549316406
1985-01-29,35.74785614013672
1985-01-30,34.947044372558594
1985-01-31,34.06809616088867
1985-02-01,33.25925827026367
1985-02-02,32.9735107421875
1985-02-03,33.16114807128906
1985-02-04,32.75701904296875
1985-02-05,31.99169158935547
1985-02-06,31.298797607421875
1985-02-07,30.733734130859375
1985-02-08,30.320344924926758
1985-02-09,29.810014724731445
1985-02-10,29.677824020385742
1985-02-11,29.856487274169922
1985-02-12,30.04910659790039
1985-02-13,38.40880584716797
1985-02-14,76.39443969726562
1985-02-15,129.30990600585938
1985-02-16,146.93907165527344
1985-02-17,134.79278564453125
1985-02-18,118.30693054199219
1985-02-19,105.62508392333984
1985-02-20,95.75808715820312
1985-02-21,87.62948608398438
1985-02-22,82.53807830810547
1985-02-23,87.86836242675781
1985-02-24,119.74996185302734
1985-02-25,192.05404663085938
1985-02-26,290.02825927734375
1985-02-27,331.09173583984375
1985-02-28,294.89105224609375
1985-03-01,243.38690185546875
1985-03-02,206.83062744140625
1985-03-03,190.63783264160156
1985-03-04,180.09051513671875
1985-03-05,165.710693359375
1985-03-06,157.88995361328125
1985-03-07,150.66497802734375
1985-03-08,139.22698974609375
1985-03-09,137.06082153320312
1985-03-10,145.51312255859375
1985-03-11,148.7901611328125
1985-03-12,162.19485473632812
1985-03-13,278.9996643066406
1985-03-14,526.7984008789062
1985-03-15,676.8614501953125
1985-03-16,574.247802734375
1985-03-17,431.6624450683594
1985-03-18,336.2772216796875
1985-03-19,275.2615661621094
1985-03-20,233.53392028808594
1985-03-21,208.28842163085938
1985-03-22,193.9373016357422
1985-03-23,178.68356323242188
1985-03-24,165.08621215820312
1985-03-25,156.7901611328125
1985-03-26,148.09999084472656
1985-03-27,137.95062255859375
1985-03-28,134.091552734375
1985-03-29,141.6256561279297
1985-03-30,165.98699951171875
1985-03-31,202.8025360107422
1985-04-01,225.1432342529297
1985-04-02,220.74172973632812
1985-04-03,206.43380737304688
1985-04-04,189.99951171875
1985-04-05,174.59849548339844
1985-04-06,170.8951416015625
1985-04-07,180.4718780517578
1985-04-08,207.77908325195312
1985-04-09,234.84703063964844
1985-04-10,225.9249267578125
1985-04-11,196.9202117919922
1985-04-12,169.91748046875
1985-04-13,154.74615478515625
1985-04-14,144.00576782226562
1985-04-15,133.56976318359375
1985-04-16,125.4979476928711
1985-04-17,128.57907104492188
1985-04-18,146.2552490234375
1985-04-19,162.38345336914062
1985-04-20,155.58477783203125
1985-04-21,143.66357421875
1985-04-22,137.6814422607422
1985-04-23,140.68801879882812
1985-04-24,151.8068084716797
1985-04-25,157.8538055419922
1985-04-26,148.3335723876953
1985-04-27,137.3143310546875
1985-04-28,132.78875732421875
1985-04-29,129.92745971679688
1985-04-30,122.26522827148438
1985-05-01,112.82476806640625
1985-05-02,104.57473754882812
1985-05-03,97.29893493652344
1985-05-04,91.689697265625
1985-05-05,86.9291763305664
1985-05-06,82.94402313232422
1985-05-07,88.32591247558594
1985-05-08,108.1369400024414
1985-05-09,132.5374755859375
1985-05-10,132.2726593017578
1985-05-11,113.02630615234375
1985-05-12,97.92146301269531
1985-05-13,88.48426818847656
1985-05-14,81.4363784790039
1985-05-15,75.94025421142578
1985-05-16,70.1148452758789
1985-05-17,64.01355743408203
1985-05-18,61.24085235595703
1985-05-19,75.73731994628906
1985-05-20,129.1153106689453
1985-05-21,154.3619842529297
1985-05-22,128.2587127685547
1985-05-23,102.5899658203125
1985-05-24,86.25149536132812
1985-05-25,73.81749725341797
1985-05-26,64.8353042602539
1985-05-27,58.60322570800781
1985-05-28,56.797882080078125
1985-05-29,65.85194396972656
1985-05-30,75.68000030517578
1985-05-31,70.0523681640625
1985-06-01,60.853424072265625
1985-06-02,55.24353790283203
1985-06-03,51.47099304199219
1985-06-04,47.78382110595703
1985-06-05,43.52729034423828
1985-06-06,40.17925262451172
1985-06-07,39.33894348144531
1985-06-08,41.02015686035156
1985-06-09,42.54088592529297
1985-06-10,39.98481369018555
1985-06-11,36.75333023071289
1985-06-12,34.162742614746094
1985-06-13,32.500492095947266
1985-06-14,33.377830505371094
1985-06-15,36.44990539550781
1985-06-16,37.32048797607422
1985-06-17,35.36119842529297
1985-06-18,34.71087646484375
1985-06-19,37.22608184814453
1985-06-20,39.905235290527344
1985-06-21,38.9747200012207
1985-06-22,35.24323654174805
1985-06-23,31.53908920288086
1985-06-24,28.771848678588867
1985-06-25,27.82782745361328
1985-06-26,28.247669219970703
1985-06-27,27.918630599975586
1985-06-28,28.59210777282715
1985-06-29,35.81053924560547
1985-06-30,53.404754638671875
1985-07-01,64.22647094726562
1985-07-02,55.53059005737305
1985-07-03,43.650230407714844
1985-07-04,36.15423583984375
1985-07-05,32.27744674682617
1985-07-06,29.523513793945312
1985-07-07,27.013763427734375
1985-07-08,25.82565689086914
1985-07-09,25.40081787109375
1985-07-10,24.652145385742188
1985-07-11,24.382339477539062
1985-07-12,26.549278259277344
1985-07-13,28.33789825439453
1985-07-14,26.76824378967285
1985-07-15,25.48589515686035
1985-07-16,25.72981834411621
1985-07-17,26.416723251342773
1985-07-18,26.170574188232422
1985-07-19,24.10535430908203
1985-07-20,21.042049407958984
1985-07-21,18.505908966064453
1985-07-22,16.771560668945312
1985-07-23,15.586143493652344
1985-07-24,14.684575080871582
1985-07-25,13.708897590637207
1985-07-26,12.927574157714844
1985-07-27,13.00092887878418
1985-07-28,13.66482162475586
1985-07-29,13.986513137817383
1985-07-30,13.076476097106934
1985-07-31,12.050512313842773
1985-08-01,15.433554649353027
1985-08-02,31.88016700744629
1985-08-03,41.374237060546875
1985-08-04,36.52373123168945
1985-08-05,27.642112731933594
1985-08-06,21.513574600219727
1985-08-07,17.894372940063477
1985-08-08,15.59988784790039
1985-08-09,14.559261322021484
1985-08-10,14.29973316192627
1985-08-11,13.765793800354004
1985-08-12,12.763103485107422
1985-08-13,11.943977355957031
1985-08-14,11.266213417053223
1985-08-15,10.55705451965332
1985-08-16,10.309556007385254
1985-08-17,10.79236888885498
1985-08-18,11.54875659942627
1985-08-19,11.471359252929688
1985-08-20,10.633882522583008
1985-08-21,9.98068904876709
1985-08-22,9.63017749786377
1985-08-23,9.353378295898438
1985-08-24,8.933616638183594
1985-08-25,8.74071979522705
1985-08-26,10.156780242919922
1985-08-27,14.868383407592773
1985-08-28,21.14200782775879
1985-08-29,24.08609390258789
1985-08-30,22.017385482788086
1985-08-31,21.69734001159668
1985-09-01,29.049314498901367
1985-09-02,37.1845817565918
1985-09-03,36.47157287597656
1985-09-04,31.419960021972656
1985-09-05,26.77643585205078
1985-09-06,27.729917526245117
1985-09-07,50.78168487548828
1985-09-08,89.89363098144531
1985-09-09,94.18606567382812
1985-09-10,74.28337097167969
1985-09-11,59.53826904296875
1985-09-12,54.06500244140625
1985-09-13,50.70936584472656
1985-09-14,43.52674102783203
1985-09-15,36.43183135986328
1985-09-16,31.411657333374023
1985-09-17,27.7517147064209
1985-09-18,24.95407485961914
1985-09-19,22.839069366455078
1985-09-20,21.10724449157715
1985-09-21,19.568819046020508
1985-09-22,18.192060470581055
1985-09-23,17.081960678100586
1985-09-24,16.332456588745117
1985-09-25,16.570331573486328
1985-09-26,17.64263153076172
1985-09-27,20.78394317626953
1985-09-28,43.517974853515625
1985-09-29,99.41567993164062
1985-09-30,124.25814819335938
1985-10-01,93.55715942382812
1985-10-02,63.151939392089844
1985-10-03,48.57380676269531
1985-10-04,44.076011657714844
1985-10-05,52.39243698120117
1985-10-06,81.50756072998047
1985-10-07,116.7737808227539
1985-10-08,122.09222412109375
1985-10-09,99.17005920410156
1985-10-10,77.80445861816406
1985-10-11,65.07652282714844
1985-10-12,57.49385452270508
1985-10-13,52.63362503051758
1985-10-14,53.40813446044922
1985-10-15,64.5752944946289
1985-10-16,82.36394500732422
1985-10-17,122.10658264160156
1985-10-18,142.24188232421875
1985-10-19,117.08539581298828
1985-10-20,96.35151672363281
1985-10-21,101.20945739746094
1985-10-22,107.1492691040039
1985-10-23,94.34686279296875
1985-10-24,79.54261016845703
1985-10-25,70.02481842041016
1985-10-26,64.24699401855469
1985-10-27,61.487815856933594
1985-10-28,59.008209228515625
1985-10-29,54.91880798339844
1985-10-30,51.29229736328125
1985-10-31,48.54181671142578
1985-11-01,45.564781188964844
1985-11-02,43.3199348449707
1985-11-03,41.78036880493164
1985-11-04,40.58161544799805
1985-11-05,46.91704177856445
1985-11-06,94.4059829711914
1985-11-07,219.771240234375
1985-11-08,338.69183349609375
1985-11-09,329.57373046875
1985-11-10,255.64901733398438
1985-11-11,198.68972778320312
1985-11-12,179.58834838867188
1985-11-13,182.13446044921875
1985-11-14,180.07542419433594
1985-11-15,186.1099090576172
1985-11-16,210.89930725097656
1985-11-17,225.6724090576172
1985-11-18,258.45574951171875
1985-11-19,306.8969421386719
1985-11-20,311.085693359375
1985-11-21,280.2021484375
1985-11-22,251.65438842773438
1985-11-23,227.36277770996094
1985-11-24,201.11814880371094
1985-11-25,179.71908569335938
1985-11-26,162.35226440429688
1985-11-27,147.25172424316406
1985-11-28,137.67535400390625
1985-11-29,134.83807373046875
1985-11-30,130.98890686035156
1985-12-01,124.5783462524414
1985-12-02,124.36260223388672
1985-12-03,148.02825927734375
1985-12-04,186.09756469726562
1985-12-05,190.08738708496094
1985-12-06,168.70010375976562
1985-12-07,149.27056884765625
1985-12-08,135.1297149658203
1985-12-09,124.94146728515625
1985-12-10,117.3740234375
1985-12-11,109.97822570800781
1985-12-12,104.02210998535156
1985-12-13,100.78929138183594
1985-12-14,97.77354431152344
1985-12-15,94.28153228759766
1985-12-16,90.79225158691406
1985-12-17,87.35382080078125
1985-12-18,83.56104278564453
1985-12-19,79.07072448730469
1985-12-20,74.64202880859375
1985-12-21,71.22660064697266
1985-12-22,68.68930053710938
1985-12-23,66.31449127197266
1985-12-24,65.55956268310547
1985-12-25,66.92557525634766
1985-12-26,67.01042175292969
1985-12-27,64.36477661132812
1985-12-28,61.74114227294922
1985-12-29,60.08106231689453
1985-12-30,58.39115524291992
1985-12-31,56.60990524291992
1986-01-01,55.582366943359375
1986-01-02,54.38271713256836
1986-01-03,53.48981475830078
1986-01-04,53.957496643066406
1986-01-05,54.05260467529297
1986-01-06,53.58061981201172
1986-01-07,53.10060501098633
1986-01-08,51.7918815612793
1986-01-09,50.30862808227539
1986-01-10,50.21430206298828
1986-01-11,50.2745361328125
1986-01-12,49.629417419433594
1986-01-13,49.03693389892578
1986-01-14,48.05021286010742
1986-01-15,45.66230773925781
1986-01-16,43.283241271972656
1986-01-17,42.48236083984375
1986-01-18,43.51396179199219
1986-01-19,47.2407112121582
1986-01-20,61.68056106567383
1986-01-21,106.87518310546875
1986-01-22,173.02557373046875
1986-01-23,204.61570739746094
1986-01-24,188.20835876464844
1986-01-25,159.9210205078125
1986-01-26,153.52841186523438
1986-01-27,313.1095275878906
1986-01-28,833.8470458984375
1986-01-29,1289.406494140625
1986-01-30,1104.693359375
1986-01-31,769.603759765625
1986-02-01,556.22119140625
1986-02-02,430.5500793457031
1986-02-03,362.79376220703125
1986-02-04,316.8671569824219
1986-02-05,275.0097351074219
1986-02-06,246.99795532226562
1986-02-07,223.94570922851562
1986-02-08,200.52264404296875
1986-02-09,181.73101806640625
1986-02-10,167.409912109375
1986-02-11,154.63021850585938
1986-02-12,142.59970092773438
1986-02-13,131.28012084960938
1986-02-14,121.70811462402344
1986-02-15,114.40119934082031
1986-02-16,108.081298828125
1986-02-17,101.99564361572266
1986-02-18,97.35783386230469
1986-02-19,94.82628631591797
1986-02-20,93.4820556640625
1986-02-21,91.82064819335938
1986-02-22,91.18724060058594
1986-02-23,90.59280395507812
1986-02-24,88.65385437011719
1986-02-25,86.54792022705078
1986-02-26,83.81965637207031
1986-02-27,79.8785629272461
1986-02-28,76.92415618896484
1986-03-01,74.88494873046875
1986-03-02,73.40211486816406
1986-03-03,71.88006591796875
1986-03-04,70.39024353027344
1986-03-05,69.66712951660156
1986-03-06,68.80650329589844
1986-03-07,67.72936248779297
1986-03-08,65.1799545288086
1986-03-09,62.80846405029297
1986-03-10,62.08887481689453
1986-03-11,63.6771354675293
1986-03-12,68.51441192626953
1986-03-13,73.05287170410156
1986-03-14,78.07942199707031
1986-03-15,127.94520568847656
1986-03-16,274.2224426269531
1986-03-17,430.011474609375
1986-03-18,506.0103454589844
1986-03-19,532.3819580078125
1986-03-20,659.9324340820312
1986-03-21,911.9607543945312
1986-03-22,947.6578979492188
1986-03-23,751.8971557617188
1986-03-24,576.0633544921875
1986-03-25,479.49566650390625
1986-03-26,421.0141296386719
1986-03-27,418.7864990234375
1986-03-28,521.6084594726562
1986-03-29,665.469482421875
1986-03-30,726.5556640625
1986-03-31,721.472412109375
1986-04-01,715.8045654296875
1986-04-02,687.3928833007812
1986-04-03,630.3142700195312
1986-04-04,568.1348876953125
1986-04-05,487.8731689453125
1986-04-06,406.59246826171875
1986-04-07,343.50164794921875
1986-04-08,312.4109191894531
1986-04-09,319.9516296386719
1986-04-10,330.7540588378906
1986-04-11,316.2276611328125
1986-04-12,288.2218017578125
1986-04-13,256.7931213378906
1986-04-14,229.48562622070312
1986-04-15,209.71511840820312
1986-04-16,197.60772705078125
1986-04-17,189.92752075195312
1986-04-18,184.63406372070312
1986-04-19,179.38697814941406
1986-04-20,173.2052459716797
1986-04-21,165.56185913085938
1986-04-22,164.39720153808594
1986-04-23,180.34100341796875
1986-04-24,195.3983917236328
1986-04-25,184.45843505859375
1986-04-26,173.12197875976562
1986-04-27,180.8038330078125
1986-04-28,211.77261352539062
1986-04-29,226.3025665283203
1986-04-30,207.1127166748047
1986-05-01,181.4148712158203
1986-05-02,159.6427001953125
1986-05-03,142.6226043701172
1986-05-04,129.23944091796875
1986-05-05,117.12388610839844
1986-05-06,107.58856964111328
1986-05-07,103.1773452758789
1986-05-08,102.18575286865234
1986-05-09,104.20274353027344
1986-05-10,107.43496704101562
1986-05-11,104.5849380493164
1986-05-12,96.62478637695312
1986-05-13,90.27194213867188
1986-05-14,84.49076843261719
1986-05-15,78.14741516113281
1986-05-16,72.4786605834961
1986-05-17,68.26241302490234
1986-05-18,65.60989379882812
1986-05-19,64.03040313720703
1986-05-20,61.552330017089844
1986-05-21,59.012176513671875
1986-05-22,61.182830810546875
1986-05-23,76.08451843261719
1986-05-24,109.14801025390625
1986-05-25,154.08453369140625
1986-05-26,202.20977783203125
1986-05-27,208.52000427246094
1986-05-28,170.61656188964844
1986-05-29,134.40037536621094
1986-05-30,111.32684326171875
1986-05-31,96.42884826660156
1986-06-01,87.74738311767578
1986-06-02,87.24019622802734
1986-06-03,103.83876037597656
1986-06-04,119.20587158203125
1986-06-05,110.65352630615234
1986-06-06,96.34461212158203
1986-06-07,94.08272552490234
1986-06-08,101.00230407714844
1986-06-09,104.3649673461914
1986-06-10,97.73775482177734
1986-06-11,87.39076232910156
1986-06-12,97.78156280517578
1986-06-13,161.9330291748047
1986-06-14,220.07208251953125
1986-06-15,221.267333984375
1986-06-16,187.0546112060547
1986-06-17,159.39547729492188
1986-06-18,151.67138671875
1986-06-19,139.07992553710938
1986-06-20,126.41567993164062
1986-06-21,136.42787170410156
1986-06-22,152.3424530029297
1986-06-23,137.29994201660156
1986-06-24,112.99785614013672
1986-06-25,97.62997436523438
1986-06-26,87.41777801513672
1986-06-27,77.79176330566406
1986-06-28,68.71435546875
1986-06-29,61.995765686035156
1986-06-30,57.58924102783203
1986-07-01,53.65040588378906
1986-07-02,52.76353073120117
1986-07-03,66.12631225585938
1986-07-04,88.22969055175781
1986-07-05,90.63371276855469
1986-07-06,86.3780746459961
1986-07-07,87.64889526367188
1986-07-08,84.87177276611328
1986-07-09,74.9251937866211
1986-07-10,63.25390625
1986-07-11,53.623870849609375
1986-07-12,47.59933853149414
1986-07-13,50.04660415649414
1986-07-14,66.14797973632812
1986-07-15,85.84425354003906
1986-07-16,94.48724365234375
1986-07-17,86.34446716308594
1986-07-18,70.89372253417969
1986-07-19,58.39484786987305
1986-07-20,50.316444396972656
1986-07-21,46.278411865234375
1986-07-22,46.14223098754883
1986-07-23,45.372039794921875
1986-07-24,41.408775329589844
1986-07-25,36.66659164428711
1986-07-26,32.93706130981445
1986-07-27,32.48543930053711
1986-07-28,40.357059478759766
1986-07-29,55.76062774658203
1986-07-30,83.34736633300781
1986-07-31,140.42816162109375
1986-08-01,190.47467041015625
1986-08-02,180.00555419921875
1986-08-03,157.51986694335938
1986-08-04,164.9255828857422
1986-08-05,167.47409057617188
1986-08-06,140.78704833984375
1986-08-07,110.48472595214844
1986-08-08,99.63359832763672
1986-08-09,125.5641098022461
1986-08-10,179.87451171875
1986-08-11,191.26307678222656
1986-08-12,162.1507110595703
1986-08-13,133.69384765625
1986-08-14,110.5498046875
1986-08-15,90.9327163696289
1986-08-16,76.74267578125
1986-08-17,69.87593841552734
1986-08-18,71.3050765991211
1986-08-19,77.860595703125
1986-08-20,84.60655975341797
1986-08-21,84.9813461303711
1986-08-22,75.62985229492188
1986-08-23,65.86628723144531
1986-08-24,59.806156158447266
1986-08-25,57.810638427734375
1986-08-26,65.95545959472656
1986-08-27,74.18339538574219
1986-08-28,70.68514251708984
1986-08-29,69.34591674804688
1986-08-30,70.09774780273438
1986-08-31,62.31467056274414
1986-09-01,53.072513580322266
1986-09-02,46.58338165283203
1986-09-03,41.947811126708984
1986-09-04,38.6611328125
1986-09-05,36.64081573486328
1986-09-06,36.251243591308594
1986-09-07,38.92637634277344
1986-09-08,44.056434631347656
1986-09-09,44.062618255615234
1986-09-10,39.7028923034668
1986-09-11,35.4553337097168
1986-09-12,32.70539474487305
1986-09-13,31.80617904663086
1986-09-14,33.306373596191406
1986-09-15,33.81855392456055
1986-09-16,32.417572021484375
1986-09-17,34.606563568115234
1986-09-18,44.83477783203125
1986-09-19,50.85826110839844
1986-09-20,45.9624137878418
1986-09-21,41.014469146728516
1986-09-22,42.00856018066406
1986-09-23,48.501102447509766
1986-09-24,59.12543487548828
1986-09-25,75.71542358398438
1986-09-26,81.93135070800781
1986-09-27,70.90645599365234
1986-09-28,58.720855712890625
1986-09-29,50.67881393432617
1986-09-30,45.20822525024414
1986-10-01,42.426414489746094
1986-10-02,44.907081604003906
1986-10-03,55.42485046386719
1986-10-04,60.940948486328125
1986-10-05,68.40087127685547
1986-10-06,83.16517639160156
1986-10-07,92.05381774902344
1986-10-08,87.80406188964844
1986-10-09,76.70872497558594
1986-10-10,66.16168975830078
1986-10-11,59.371437072753906
1986-10-12,55.04157257080078
1986-10-13,50.58574676513672
1986-10-14,47.49072265625
1986-10-15,48.990692138671875
1986-10-16,56.18074417114258
1986-10-17,60.88652038574219
1986-10-18,57.334144592285156
1986-10-19,52.18233108520508
1986-10-20,48.07260513305664
1986-10-21,44.4705810546875
1986-10-22,41.68785858154297
1986-10-23,39.60338592529297
1986-10-24,37.829166412353516
1986-10-25,36.59343719482422
1986-10-26,35.88472366333008
1986-10-27,35.76451873779297
1986-10-28,38.48188018798828
1986-10-29,42.93861389160156
1986-10-30,44.2595329284668
1986-10-31,42.31385040283203
1986-11-01,40.154945373535156
1986-11-02,38.611690521240234
1986-11-03,37.3758659362793
1986-11-04,37.29142761230469
1986-11-05,37.36904525756836
1986-11-06,37.59381103515625
1986-11-07,41.92734909057617
1986-11-08,51.9289665222168
1986-11-09,67.35930633544922
1986-11-10,96.84054565429688
1986-11-11,129.11273193359375
1986-11-12,131.19924926757812
1986-11-13,115.77787780761719
1986-11-14,101.66447448730469
1986-11-15,90.07786560058594
1986-11-16,80.25987243652344
1986-11-17,73.51544189453125
1986-11-18,69.34017944335938
1986-11-19,67.00633239746094
1986-11-20,66.1405029296875
1986-11-21,73.35480499267578
1986-11-22,97.479248046875
1986-11-23,114.13304901123047
1986-11-24,113.88383483886719
1986-11-25,117.63591003417969
1986-11-26,135.30743408203125
1986-11-27,178.70477294921875
1986-11-28,303.3607177734375
1986-11-29,403.3748779296875
1986-11-30,375.7983093261719
1986-12-01,305.67584228515625
1986-12-02,245.39846801757812
1986-12-03,227.115966796875
1986-12-04,351.1387939453125
1986-12-05,549.0557861328125
1986-12-06,579.10400390625
1986-12-07,458.2774658203125
1986-12-08,347.88714599609375
1986-12-09,279.4534912109375
1986-12-10,237.70272827148438
1986-12-11,213.50718688964844
1986-12-12,198.39031982421875
1986-12-13,182.0242462158203
1986-12-14,164.11016845703125
1986-12-15,147.1380615234375
1986-12-16,134.59140014648438
1986-12-17,125.68309020996094
1986-12-18,117.54643249511719
1986-12-19,137.96072387695312
1986-12-20,219.52745056152344
1986-12-21,290.3049011230469
1986-12-22,286.1338806152344
1986-12-23,244.44830322265625
1986-12-24,208.99945068359375
1986-12-25,194.98590087890625
1986-12-26,213.67025756835938
1986-12-27,242.18190002441406
1986-12-28,234.89942932128906
1986-12-29,204.98361206054688
1986-12-30,178.87144470214844
1986-12-31,161.69973754882812
1987-01-01,146.97921752929688
1987-01-02,133.87554931640625
1987-01-03,126.48052978515625
1987-01-04,120.76499938964844
1987-01-05,114.00521087646484
1987-01-06,107.47148132324219
1987-01-07,102.857666015625
1987-01-08,99.79493713378906
1987-01-09,95.46295166015625
1987-01-10,90.95585632324219
1987-01-11,88.55728149414062
1987-01-12,87.96314239501953
1987-01-13,87.0699462890625
1987-01-14,84.7926025390625
1987-01-15,84.9588394165039
1987-01-16,87.55747985839844
1987-01-17,87.9795150756836
1987-01-18,84.03364562988281
1987-01-19,79.8138656616211
1987-01-20,77.78527069091797
1987-01-21,75.46316528320312
1987-01-22,73.34573364257812
1987-01-23,71.9923095703125
1987-01-24,70.65673828125
1987-01-25,68.9283447265625
1987-01-26,67.48590087890625
1987-01-27,66.31909942626953
1987-01-28,64.52838134765625
1987-01-29,62.43633270263672
1987-01-30,60.86140441894531
1987-01-31,59.713165283203125
1987-02-01,59.379066467285156
1987-02-02,59.48382568359375
1987-02-03,59.96247482299805
1987-02-04,60.33728790283203
1987-02-05,59.730125427246094
1987-02-06,58.686767578125
1987-02-07,58.58707046508789
1987-02-08,58.76306915283203
1987-02-09,58.39657211303711
1987-02-10,57.48750305175781
1987-02-11,56.455413818359375
1987-02-12,55.6036376953125
1987-02-13,54.361595153808594
1987-02-14,52.23847579956055
1987-02-15,50.01716613769531
1987-02-16,48.385318756103516
1987-02-17,47.5937614440918
1987-02-18,47.048057556152344
1987-02-19,46.1646842956543
1987-02-20,45.23141860961914
1987-02-21,44.781639099121094
1987-02-22,44.65535354614258
1987-02-23,44.444766998291016
1987-02-24,44.10348892211914
1987-02-25,43.897727966308594
1987-02-26,43.76274490356445
1987-02-27,43.637508392333984
1987-02-28,43.326866149902344
1987-03-01,45.281776428222656
1987-03-02,53.903202056884766
1987-03-03,64.05557250976562
1987-03-04,66.88848876953125
1987-03-05,65.23168182373047
1987-03-06,62.683685302734375
1987-03-07,62.403038024902344
1987-03-08,71.15437316894531
1987-03-09,92.45887756347656
1987-03-10,113.31178283691406
1987-03-11,118.81905364990234
1987-03-12,111.66954040527344
1987-03-13,102.42317962646484
1987-03-14,94.79440307617188
1987-03-15,89.2456283569336
1987-03-16,85.14593505859375
1987-03-17,81.05491638183594
1987-03-18,77.62307739257812
1987-03-19,75.74191284179688
1987-03-20,75.39009094238281
1987-03-21,77.15972900390625
1987-03-22,84.71175384521484
1987-03-23,106.06929779052734
1987-03-24,147.47100830078125
1987-03-25,206.06268310546875
1987-03-26,289.560546875
1987-03-27,406.65045166015625
1987-03-28,526.8836059570312
1987-03-29,593.2625732421875
1987-03-30,597.5556030273438
1987-03-31,674.9261474609375
1987-04-01,1160.4984130859375
1987-04-02,1893.0911865234375
1987-04-03,1950.7276611328125
1987-04-04,1385.328369140625
1987-04-05,1002.6788330078125
1987-04-06,1176.5758056640625
1987-04-07,1643.562255859375
1987-04-08,1760.999267578125
1987-04-09,1503.434814453125
1987-04-10,1131.364501953125
1987-04-11,826.4654541015625
1987-04-12,631.1370849609375
1987-04-13,513.1995849609375
1987-04-14,441.6997375488281
1987-04-15,395.0643005371094
1987-04-16,349.3074951171875
1987-04-17,306.71392822265625
1987-04-18,278.961669921875
1987-04-19,265.61663818359375
1987-04-20,257.8138122558594
1987-04-21,244.80946350097656
1987-04-22,225.66705322265625
1987-04-23,206.48260498046875
1987-04-24,188.6221923828125
1987-04-25,173.05592346191406
1987-04-26,162.78323364257812
1987-04-27,153.11636352539062
1987-04-28,142.41061401367188
1987-04-29,159.47740173339844
1987-04-30,232.90185546875
1987-05-01,288.6311340332031
1987-05-02,287.1199951171875
1987-05-03,257.4699401855469
1987-05-04,225.77330017089844
1987-05-05,200.05348205566406
1987-05-06,190.3234405517578
1987-05-07,205.5874481201172
1987-05-08,223.2154083251953
1987-05-09,216.53176879882812
1987-05-10,192.3594512939453
1987-05-11,169.4169921875
1987-05-12,150.6241912841797
1987-05-13,135.15948486328125
1987-05-14,122.62395477294922
1987-05-15,111.48660278320312
1987-05-16,102.59707641601562
1987-05-17,96.07148742675781
1987-05-18,90.60942840576172
1987-05-19,85.58131408691406
1987-05-20,80.30365753173828
1987-05-21,74.55302429199219
1987-05-22,69.7228775024414
1987-05-23,66.01453399658203
1987-05-24,64.98580169677734
1987-05-25,70.15615844726562
1987-05-26,77.71107482910156
1987-05-27,77.85005950927734
1987-05-28,71.63352966308594
1987-05-29,65.8892593383789
1987-05-30,63.844478607177734
1987-05-31,66.03624725341797
1987-06-01,68.20056915283203
1987-06-02,68.20116424560547
1987-06-03,68.18619537353516
1987-06-04,68.06600189208984
1987-06-05,68.73603057861328
1987-06-06,78.21835327148438
1987-06-07,93.29353332519531
1987-06-08,93.03816986083984
1987-06-09,85.19541931152344
1987-06-10,93.71408081054688
1987-06-11,110.01530456542969
1987-06-12,105.32635498046875
1987-06-13,90.2208251953125
1987-06-14,80.10459899902344
1987-06-15,75.53233337402344
1987-06-16,71.05857849121094
1987-06-17,63.5073127746582
1987-06-18,56.16328048706055
1987-06-19,50.74299240112305
1987-06-20,45.606117248535156
1987-06-21,41.139610290527344
1987-06-22,37.8974609375
1987-06-23,48.569881439208984
1987-06-24,123.96721649169922
1987-06-25,187.99432373046875
1987-06-26,166.11846923828125
1987-06-27,123.18495178222656
1987-06-28,130.56849670410156
1987-06-29,205.2628631591797
1987-06-30,236.54837036132812
1987-07-01,187.8787384033203
1987-07-02,138.11505126953125
1987-07-03,113.67434692382812
1987-07-04,119.01058197021484
1987-07-05,136.74459838867188
1987-07-06,135.1251220703125
1987-07-07,116.21537780761719
1987-07-08,95.4465103149414
1987-07-09,79.10565185546875
1987-07-10,68.69420623779297
1987-07-11,65.59959411621094
1987-07-12,67.54425811767578
1987-07-13,68.24584197998047
1987-07-14,65.33140563964844
1987-07-15,59.91230392456055
1987-07-16,55.01850891113281
1987-07-17,51.21337127685547
1987-07-18,46.475406646728516
1987-07-19,41.673423767089844
1987-07-20,39.481082916259766
1987-07-21,40.13509750366211
1987-07-22,44.38870620727539
1987-07-23,50.896209716796875
1987-07-24,48.9586067199707
1987-07-25,41.749290466308594
1987-07-26,36.28871536254883
1987-07-27,34.519832611083984
1987-07-28,35.92871856689453
1987-07-29,35.170623779296875
1987-07-30,32.03494644165039
1987-07-31,28.603843688964844
1987-08-01,26.342464447021484
1987-08-02,24.48253059387207
1987-08-03,23.510330200195312
1987-08-04,29.619707107543945
1987-08-05,45.936187744140625
1987-08-06,53.69835662841797
1987-08-07,44.692501068115234
1987-08-08,35.07038879394531
1987-08-09,29.653669357299805
1987-08-10,26.899982452392578
1987-08-11,26.95538330078125
1987-08-12,29.0091552734375
1987-08-13,28.87281036376953
1987-08-14,25.795894622802734
1987-08-15,22.77978515625
1987-08-16,20.515670776367188
1987-08-17,18.71003532409668
1987-08-18,17.29021453857422
1987-08-19,16.107467651367188
1987-08-20,15.279474258422852
1987-08-21,15.114592552185059
1987-08-22,15.597402572631836
1987-08-23,16.06852149963379
1987-08-24,16.602758407592773
1987-08-25,16.574077606201172
1987-08-26,15.656251907348633
1987-08-27,14.69178581237793
1987-08-28,14.061256408691406
1987-08-29,14.30794906616211
1987-08-30,17.006690979003906
1987-08-31,21.07606315612793
1987-09-01,21.94344711303711
1987-09-02,19.94701385498047
1987-09-03,18.49578857421875
1987-09-04,17.55492401123047
1987-09-05,16.20315933227539
1987-09-06,14.846457481384277
1987-09-07,13.855979919433594
1987-09-08,13.508688926696777
1987-09-09,15.361645698547363
1987-09-10,26.701026916503906
1987-09-11,51.460594177246094
1987-09-12,59.5445556640625
1987-09-13,48.52985382080078
1987-09-14,53.14607620239258
1987-09-15,98.06668090820312
1987-09-16,142.73199462890625
1987-09-17,122.10774993896484
1987-09-18,85.01876831054688
1987-09-19,66.0850601196289
1987-09-20,65.17572784423828
1987-09-21,79.33625793457031
1987-09-22,98.19249725341797
1987-09-23,100.88117980957031
1987-09-24,87.12786865234375
1987-09-25,72.13448333740234
1987-09-26,60.987266540527344
1987-09-27,52.9619140625
1987-09-28,47.516326904296875
1987-09-29,43.99231719970703
1987-09-30,40.64482498168945
1987-10-01,39.07524108886719
1987-10-02,41.318580627441406
1987-10-03,44.83226013183594
1987-10-04,50.54314422607422
1987-10-05,111.07716369628906
1987-10-06,234.4493408203125
1987-10-07,258.1220703125
1987-10-08,195.930419921875
1987-10-09,152.3872528076172
1987-10-10,128.45884704589844
1987-10-11,108.72845458984375
1987-10-12,100.36725616455078
1987-10-13,105.55274200439453
1987-10-14,104.63826751708984
1987-10-15,93.7400131225586
1987-10-16,82.6100845336914
1987-10-17,74.51380157470703
1987-10-18,68.50692749023438
1987-10-19,63.67169189453125
1987-10-20,59.67085266113281
1987-10-21,56.28404998779297
1987-10-22,55.93114471435547
1987-10-23,61.27230453491211
1987-10-24,64.88053894042969
1987-10-25,61.39918518066406
1987-10-26,57.23118591308594
1987-10-27,56.51060485839844
1987-10-28,59.59086608886719
1987-10-29,82.35298156738281
1987-10-30,133.26025390625
1987-10-31,155.42800903320312
1987-11-01,134.42300415039062
1987-11-02,112.18204498291016
1987-11-03,97.74513244628906
1987-11-04,87.3387680053711
1987-11-05,82.75027465820312
1987-11-06,81.98928833007812
1987-11-07,80.33810424804688
1987-11-08,76.89051055908203
1987-11-09,71.69921875
1987-11-10,67.38288879394531
1987-11-11,67.24342346191406
1987-11-12,69.83104705810547
1987-11-13,71.57373046875
1987-11-14,72.1337890625
1987-11-15,72.56385040283203
1987-11-16,72.05088806152344
1987-11-17,69.34445190429688
1987-11-18,67.03543090820312
1987-11-19,70.75785827636719
1987-11-20,81.85453796386719
1987-11-21,87.75086212158203
1987-11-22,83.2840576171875
1987-11-23,76.27747344970703
1987-11-24,70.14102935791016
1987-11-25,66.36610412597656
1987-11-26,65.85955810546875
1987-11-27,75.95232391357422
1987-11-28,96.56678771972656
1987-11-29,100.77491760253906
1987-11-30,100.45785522460938
1987-12-01,151.3414306640625
1987-12-02,278.2254333496094
1987-12-03,345.09613037109375
1987-12-04,289.1703796386719
1987-12-05,223.9239501953125
1987-12-06,182.75234985351562
1987-12-07,155.04774475097656
1987-12-08,134.7522735595703
1987-12-09,119.34669494628906
1987-12-10,109.65269470214844
1987-12-11,107.09616088867188
1987-12-12,109.11730194091797
1987-12-13,109.6626968383789
1987-12-14,105.94673156738281
1987-12-15,102.00811004638672
1987-12-16,101.4366455078125
1987-12-17,104.37944030761719
1987-12-18,104.13745880126953
1987-12-19,98.18434143066406
1987-12-20,92.20393371582031
1987-12-21,90.24415588378906
1987-12-22,92.4228515625
1987-12-23,93.63487243652344
1987-12-24,91.61033630371094
1987-12-25,89.33012390136719
1987-12-26,91.69999694824219
1987-12-27,97.37066650390625
1987-12-28,97.01676177978516
1987-12-29,90.26792907714844
1987-12-30,82.58634948730469
1987-12-31,75.8268051147461
1988-01-01,72.0367660522461
1988-01-02,70.47850799560547
1988-01-03,68.16437530517578
1988-01-04,64.36627197265625
1988-01-05,61.50237274169922
1988-01-06,59.25468826293945
1988-01-07,56.187015533447266
1988-01-08,53.15426254272461
1988-01-09,51.60650634765625
1988-01-10,51.33522033691406
1988-01-11,50.470703125
1988-01-12,48.760826110839844
1988-01-13,47.84330749511719
1988-01-14,47.139427185058594
1988-01-15,44.918941497802734
1988-01-16,42.46006774902344
1988-01-17,41.756866455078125
1988-01-18,43.36478042602539
1988-01-19,50.28631591796875
1988-01-20,62.586280822753906
1988-01-21,72.3207778930664
1988-01-22,75.5295181274414
1988-01-23,73.72364807128906
1988-01-24,68.20428466796875
1988-01-25,63.5645751953125
1988-01-26,62.1266975402832
1988-01-27,62.52865982055664
1988-01-28,61.31513595581055
1988-01-29,58.71485900878906
1988-01-30,56.57009506225586
1988-01-31,56.89571762084961
1988-02-01,63.950130462646484
1988-02-02,87.71123504638672
1988-02-03,129.84176635742188
1988-02-04,157.15757751464844
1988-02-05,149.10845947265625
1988-02-06,130.31629943847656
1988-02-07,114.28163146972656
1988-02-08,102.47456359863281
1988-02-09,94.02388000488281
1988-02-10,87.25804138183594
1988-02-11,81.60688781738281
1988-02-12,76.78638458251953
1988-02-13,73.94261932373047
1988-02-14,72.79240417480469
1988-02-15,71.43254089355469
1988-02-16,72.02333068847656
1988-02-17,74.7615737915039
1988-02-18,77.11741638183594
1988-02-19,77.5548095703125
1988-02-20,82.61897277832031
1988-02-21,106.53593444824219
1988-02-22,138.2635955810547
1988-02-23,150.1049041748047
1988-02-24,149.217529296875
1988-02-25,144.939208984375
1988-02-26,134.50283813476562
1988-02-27,120.87905883789062
1988-02-28,109.77759552001953
1988-02-29,100.60557556152344
1988-03-01,93.31316375732422
1988-03-02,87.42816925048828
1988-03-03,82.683349609375
1988-03-04,80.4294204711914
1988-03-05,79.10265350341797
1988-03-06,76.09738159179688
1988-03-07,74.29145050048828
1988-03-08,74.9679946899414
1988-03-09,77.27356719970703
1988-03-10,81.66160583496094
1988-03-11,88.79006958007812
1988-03-12,93.81934356689453
1988-03-13,92.81040954589844
1988-03-14,90.1401596069336
1988-03-15,89.49767303466797
1988-03-16,89.1109390258789
1988-03-17,88.86763000488281
1988-03-18,90.38789367675781
1988-03-19,92.71595764160156
1988-03-20,92.92156219482422
1988-03-21,88.56222534179688
1988-03-22,81.10897827148438
1988-03-23,77.33474731445312
1988-03-24,79.25858306884766
1988-03-25,96.32965087890625
1988-03-26,146.66976928710938
1988-03-27,268.734619140625
1988-03-28,484.61944580078125
1988-03-29,609.38525390625
1988-03-30,557.3781127929688
1988-03-31,461.3506774902344
1988-04-01,407.04058837890625
1988-04-02,371.0528564453125
1988-04-03,342.32220458984375
1988-04-04,330.11248779296875
1988-04-05,351.2628173828125
1988-04-06,402.02008056640625
1988-04-07,439.8906555175781
1988-04-08,416.5325927734375
1988-04-09,356.6605224609375
1988-04-10,311.51226806640625
1988-04-11,287.65179443359375
1988-04-12,270.6585693359375
1988-04-13,256.0357360839844
1988-04-14,232.76177978515625
1988-04-15,202.76080322265625
1988-04-16,180.24343872070312
1988-04-17,171.15786743164062
1988-04-18,169.5192413330078
1988-04-19,173.64466857910156
1988-04-20,177.0051727294922
1988-04-21,168.04835510253906
1988-04-22,151.4595184326172
1988-04-23,136.94003295898438
1988-04-24,127.7241439819336
1988-04-25,125.70526885986328
1988-04-26,132.42788696289062
1988-04-27,141.5269012451172
1988-04-28,148.07012939453125
1988-04-29,238.26373291015625
1988-04-30,595.091796875
1988-05-01,1021.6820068359375
1988-05-02,901.6219482421875
1988-05-03,627.3782958984375
1988-05-04,461.2506103515625
1988-05-05,361.4344482421875
1988-05-06,294.65289306640625
1988-05-07,251.6026611328125
1988-05-08,226.29925537109375
1988-05-09,204.53041076660156
1988-05-10,180.4554901123047
1988-05-11,168.91534423828125
1988-05-12,176.87916564941406
1988-05-13,184.47152709960938
1988-05-14,176.01319885253906
1988-05-15,159.93130493164062
1988-05-16,144.61070251464844
1988-05-17,130.13311767578125
1988-05-18,120.0808334350586
1988-05-19,119.2590103149414
1988-05-20,135.5179901123047
1988-05-21,165.74087524414062
1988-05-22,184.7794189453125
1988-05-23,177.78945922851562
1988-05-24,159.9558868408203
1988-05-25,159.8014678955078
1988-05-26,219.6851806640625
1988-05-27,309.255126953125
1988-05-28,319.88037109375
1988-05-29,260.6896667480469
1988-05-30,205.70936584472656
1988-05-31,176.3887939453125
1988-06-01,168.2279052734375
1988-06-02,157.75650024414062
1988-06-03,140.34986877441406
1988-06-04,124.019775390625
1988-06-05,111.1513671875
1988-06-06,99.93553161621094
1988-06-07,90.13961029052734
1988-06-08,81.640625
1988-06-09,73.87532043457031
1988-06-10,67.32148742675781
1988-06-11,62.1093864440918
1988-06-12,57.364349365234375
1988-06-13,52.61534118652344
1988-06-14,48.17327117919922
1988-06-15,44.075565338134766
1988-06-16,40.59688186645508
1988-06-17,38.555233001708984
1988-06-18,39.2778205871582
1988-06-19,40.54645538330078
1988-06-20,39.04579544067383
1988-06-21,35.36968994140625
1988-06-22,31.985628128051758
1988-06-23,29.996219635009766
1988-06-24,29.96013069152832
1988-06-25,31.445215225219727
1988-06-26,31.482799530029297
1988-06-27,31.634740829467773
1988-06-28,32.567543029785156
1988-06-29,30.508068084716797
1988-06-30,27.748977661132812
1988-07-01,27.040306091308594
1988-07-02,28.37377166748047
1988-07-03,30.283552169799805
1988-07-04,29.81324005126953
1988-07-05,27.168601989746094
1988-07-06,24.371013641357422
1988-07-07,22.134370803833008
1988-07-08,20.352092742919922
1988-07-09,19.21063232421875
1988-07-10,18.61421775817871
1988-07-11,18.295854568481445
1988-07-12,18.092166900634766
1988-07-13,17.80910301208496
1988-07-14,17.075151443481445
1988-07-15,16.242403030395508
1988-07-16,16.317447662353516
1988-07-17,17.784696578979492
1988-07-18,23.144149780273438
1988-07-19,36.49180603027344
1988-07-20,43.98661422729492
1988-07-21,41.80697250366211
1988-07-22,51.70286560058594
1988-07-23,97.01210021972656
1988-07-24,139.52011108398438
1988-07-25,144.75497436523438
1988-07-26,150.64662170410156
1988-07-27,149.7809295654297
1988-07-28,149.55189514160156
1988-07-29,155.5667724609375
1988-07-30,145.29519653320312
1988-07-31,122.1968002319336
1988-08-01,99.01559448242188
1988-08-02,83.58841705322266
1988-08-03,71.42083740234375
1988-08-04,60.07417678833008
1988-08-05,50.494361877441406
1988-08-06,43.234413146972656
1988-08-07,37.74637222290039
1988-08-08,34.02839279174805
1988-08-09,32.23368835449219
1988-08-10,31.291168212890625
1988-08-11,28.87246322631836
1988-08-12,26.11562156677246
1988-08-13,23.85983657836914
1988-08-14,22.72097396850586
1988-08-15,25.649621963500977
1988-08-16,34.75969314575195
1988-08-17,40.916969299316406
1988-08-18,38.8486442565918
1988-08-19,35.32035827636719
1988-08-20,32.46488571166992
1988-08-21,28.93729019165039
1988-08-22,25.611663818359375
1988-08-23,23.70920181274414
1988-08-24,23.16370964050293
1988-08-25,26.504009246826172
1988-08-26,35.786109924316406
1988-08-27,42.9594612121582
1988-08-28,41.383758544921875
1988-08-29,35.879180908203125
1988-08-30,46.330474853515625
1988-08-31,108.63883209228516
1988-09-01,174.58343505859375
1988-09-02,152.0535888671875
1988-09-03,103.11653137207031
1988-09-04,74.50706481933594
1988-09-05,74.13339233398438
1988-09-06,104.6343002319336
1988-09-07,127.77625274658203
1988-09-08,115.13887023925781
1988-09-09,91.369140625
1988-09-10,73.35230255126953
1988-09-11,61.08782958984375
1988-09-12,52.383033752441406
1988-09-13,46.19340515136719
1988-09-14,42.40851593017578
1988-09-15,40.403167724609375
1988-09-16,38.65592956542969
1988-09-17,36.434783935546875
1988-09-18,34.09236526489258
1988-09-19,32.18764877319336
1988-09-20,31.247928619384766
1988-09-21,30.734621047973633
1988-09-22,31.786727905273438
1988-09-23,33.6335563659668
1988-09-24,33.932891845703125
1988-09-25,32.718421936035156
1988-09-26,30.918434143066406
1988-09-27,28.616817474365234
1988-09-28,26.5328426361084
1988-09-29,24.846900939941406
1988-09-30,23.671823501586914
1988-10-01,22.7725887298584
1988-10-02,21.808469772338867
1988-10-03,21.216005325317383
1988-10-04,20.925498962402344
1988-10-05,20.81463623046875
1988-10-06,20.612468719482422
1988-10-07,20.319595336914062
1988-10-08,20.375337600708008
1988-10-09,20.734495162963867
1988-10-10,21.07769012451172
1988-10-11,21.05936050415039
1988-10-12,21.169246673583984
1988-10-13,22.185131072998047
1988-10-14,22.85418701171875
1988-10-15,22.135112762451172
1988-10-16,21.043170928955078
1988-10-17,20.227869033813477
1988-10-18,19.762672424316406
1988-10-19,20.125019073486328
1988-10-20,22.70047950744629
1988-10-21,25.7030029296875
1988-10-22,27.614103317260742
1988-10-23,36.657554626464844
1988-10-24,50.64960479736328
1988-10-25,55.262142181396484
1988-10-26,51.258140563964844
1988-10-27,45.76982116699219
1988-10-28,40.2076301574707
1988-10-29,36.10299301147461
1988-10-30,34.316532135009766
1988-10-31,33.3787727355957
1988-11-01,32.44028091430664
1988-11-02,55.80978775024414
1988-11-03,162.4755859375
1988-11-04,287.85223388671875
1988-11-05,296.53240966796875
1988-11-06,227.1004638671875
1988-11-07,193.00216674804688
1988-11-08,210.09091186523438
1988-11-09,215.72381591796875
1988-11-10,186.996826171875
1988-11-11,153.81304931640625
1988-11-12,132.87677001953125
1988-11-13,119.44998931884766
1988-11-14,115.66256713867188
1988-11-15,129.15992736816406
1988-11-16,141.9087677001953
1988-11-17,135.90573120117188
1988-11-18,127.20553588867188
1988-11-19,135.0795135498047
1988-11-20,145.80819702148438
1988-11-21,164.6759490966797
1988-11-22,228.4584503173828
1988-11-23,268.33843994140625
1988-11-24,247.45364379882812
1988-11-25,207.20274353027344
1988-11-26,174.28440856933594
1988-11-27,151.6670379638672
1988-11-28,146.01693725585938
1988-11-29,179.09982299804688
1988-11-30,231.05133056640625
1988-12-01,238.353515625
1988-12-02,208.9591064453125
1988-12-03,179.46841430664062
1988-12-04,155.8765869140625
1988-12-05,139.28390502929688
1988-12-06,125.30992126464844
1988-12-07,112.27613830566406
1988-12-08,103.426025390625
1988-12-09,97.58296203613281
1988-12-10,91.5853500366211
1988-12-11,84.55229187011719
1988-12-12,77.52739715576172
1988-12-13,71.36546325683594
1988-12-14,67.5438232421875
1988-12-15,66.90179443359375
1988-12-16,66.93144226074219
1988-12-17,64.89173889160156
1988-12-18,61.39457702636719
1988-12-19,58.38149642944336
1988-12-20,56.277671813964844
1988-12-21,55.63076400756836
1988-12-22,56.70354461669922
1988-12-23,57.07653045654297
1988-12-24,55.57268524169922
1988-12-25,57.32041931152344
1988-12-26,64.2915267944336
1988-12-27,69.52470397949219
1988-12-28,68.89923095703125
1988-12-29,70.42098999023438
1988-12-30,75.89860534667969
1988-12-31,75.75553131103516
1989-01-01,70.7070541381836
1989-01-02,65.87830352783203
1989-01-03,62.171043395996094
1989-01-04,58.9747314453125
1989-01-05,54.83278274536133
1989-01-06,50.77772903442383
1989-01-07,48.47097396850586
1989-01-08,47.603302001953125
1989-01-09,48.969146728515625
1989-01-10,52.94090270996094
1989-01-11,54.900794982910156
1989-01-12,52.42690658569336
1989-01-13,50.11015701293945
1989-01-14,48.861785888671875
1989-01-15,49.19187927246094
1989-01-16,53.43769073486328
1989-01-17,60.35689926147461
1989-01-18,63.121463775634766
1989-01-19,61.49248123168945
1989-01-20,61.38471221923828
1989-01-21,62.32658004760742
1989-01-22,60.50100326538086
1989-01-23,56.137081146240234
1989-01-24,52.6790885925293
1989-01-25,50.787574768066406
1989-01-26,49.07450485229492
1989-01-27,48.51777267456055
1989-01-28,49.833560943603516
1989-01-29,50.137115478515625
1989-01-30,49.66824722290039
1989-01-31,50.47630310058594
1989-02-01,52.537132263183594
1989-02-02,56.09104919433594
1989-02-03,60.18341064453125
1989-02-04,61.472084045410156
1989-02-05,58.057106018066406
1989-02-06,53.94935607910156
1989-02-07,51.42831039428711
1989-02-08,49.660118103027344
1989-02-09,47.266937255859375
1989-02-10,44.81063461303711
1989-02-11,43.059814453125
1989-02-12,41.99378204345703
1989-02-13,41.2686767578125
1989-02-14,41.496437072753906
1989-02-15,48.38226318359375
1989-02-16,66.15724182128906
1989-02-17,79.44700622558594
1989-02-18,75.96461486816406
1989-02-19,67.22454833984375
1989-02-20,60.803009033203125
1989-02-21,64.65225219726562
1989-02-22,117.68882751464844
1989-02-23,240.775146484375
1989-02-24,304.5335388183594
1989-02-25,266.843994140625
1989-02-26,209.74234008789062
1989-02-27,169.76165771484375
1989-02-28,144.48387145996094
1989-03-01,126.44364166259766
1989-03-02,112.9798583984375
1989-03-03,102.51031494140625
1989-03-04,93.6751708984375
1989-03-05,85.8716812133789
1989-03-06,80.65777587890625
1989-03-07,76.51605987548828
1989-03-08,70.93356323242188
1989-03-09,65.90477752685547
1989-03-10,62.26638412475586
1989-03-11,60.04994583129883
1989-03-12,58.55570983886719
1989-03-13,56.81827926635742
1989-03-14,55.349308013916016
1989-03-15,56.48017501831055
1989-03-16,64.57176208496094
1989-03-17,79.29685974121094
1989-03-18,93.2047119140625
1989-03-19,99.09044647216797
1989-03-20,98.32884979248047
1989-03-21,93.28894805908203
1989-03-22,90.16099548339844
1989-03-23,89.9645004272461
1989-03-24,85.85945892333984
1989-03-25,92.97467803955078
1989-03-26,147.70220947265625
1989-03-27,224.2733917236328
1989-03-28,271.61578369140625
1989-03-29,297.6394348144531
1989-03-30,336.79779052734375
1989-03-31,420.5169677734375
1989-04-01,467.96575927734375
1989-04-02,422.8824462890625
1989-04-03,368.34942626953125
1989-04-04,351.6385192871094
1989-04-05,378.9013671875
1989-04-06,435.04901123046875
1989-04-07,576.3251953125
1989-04-08,800.1790771484375
1989-04-09,854.0416259765625
1989-04-10,669.6777954101562
1989-04-11,494.6761169433594
1989-04-12,393.2598876953125
1989-04-13,320.15032958984375
1989-04-14,267.6707458496094
1989-04-15,234.02183532714844
1989-04-16,224.20391845703125
1989-04-17,267.3714294433594
1989-04-18,340.9552307128906
1989-04-19,368.142578125
1989-04-20,346.5068054199219
1989-04-21,310.02313232421875
1989-04-22,267.948974609375
1989-04-23,231.04356384277344
1989-04-24,203.36325073242188
1989-04-25,180.2139129638672
1989-04-26,161.63726806640625
1989-04-27,147.91110229492188
1989-04-28,138.02880859375
1989-04-29,130.16363525390625
1989-04-30,122.94161987304688
1989-05-01,117.83647155761719
1989-05-02,136.20782470703125
1989-05-03,244.4678497314453
1989-05-04,442.72406005859375
1989-05-05,502.64093017578125
1989-05-06,428.4693298339844
1989-05-07,456.76531982421875
1989-05-08,602.732421875
1989-05-09,606.71923828125
1989-05-10,477.76568603515625
1989-05-11,371.930419921875
1989-05-12,366.3662414550781
1989-05-13,490.7129821777344
1989-05-14,628.376953125
1989-05-15,594.3661499023438
1989-05-16,469.753662109375
1989-05-17,363.77142333984375
1989-05-18,292.22344970703125
1989-05-19,242.5278778076172
1989-05-20,206.7364959716797
1989-05-21,180.4663848876953
1989-05-22,162.1583251953125
1989-05-23,150.41001892089844
1989-05-24,142.4345245361328
1989-05-25,143.63812255859375
1989-05-26,152.46475219726562
1989-05-27,154.98313903808594
1989-05-28,151.8017120361328
1989-05-29,146.99957275390625
1989-05-30,134.39138793945312
1989-05-31,119.19953155517578
1989-06-01,108.44053649902344
1989-06-02,103.13802337646484
1989-06-03,101.25141906738281
1989-06-04,99.36702728271484
1989-06-05,96.44100189208984
1989-06-06,93.82586669921875
1989-06-07,100.31717681884766
1989-06-08,126.4444580078125
1989-06-09,169.70655822753906
1989-06-10,225.92599487304688
1989-06-11,313.7226257324219
1989-06-12,389.8807067871094
1989-06-13,380.82415771484375
1989-06-14,301.25262451171875
1989-06-15,232.43612670898438
1989-06-16,209.54942321777344
1989-06-17,247.91627502441406
1989-06-18,305.20648193359375
1989-06-19,310.86126708984375
1989-06-20,267.80914306640625
1989-06-21,216.7115478515625
1989-06-22,177.07891845703125
1989-06-23,149.73416137695312
1989-06-24,133.15220642089844
1989-06-25,127.42472839355469
1989-06-26,122.98928833007812
1989-06-27,112.07009887695312
1989-06-28,100.40917205810547
1989-06-29,93.0921630859375
1989-06-30,89.29103088378906
1989-07-01,83.49900817871094
1989-07-02,74.05158996582031
1989-07-03,65.65513610839844
1989-07-04,59.57594680786133
1989-07-05,54.689414978027344
1989-07-06,52.6048583984375
1989-07-07,54.699249267578125
1989-07-08,57.43366241455078
1989-07-09,58.13217544555664
1989-07-10,57.12771224975586
1989-07-11,67.24397277832031
1989-07-12,90.58375549316406
1989-07-13,98.41300201416016
1989-07-14,83.05929565429688
1989-07-15,69.22877502441406
1989-07-16,62.83558654785156
1989-07-17,58.00986862182617
1989-07-18,55.34183883666992
1989-07-19,52.513668060302734
1989-07-20,48.62519454956055
1989-07-21,47.631492614746094
1989-07-22,49.2360954284668
1989-07-23,47.951316833496094
1989-07-24,43.85052490234375
1989-07-25,39.41240692138672
1989-07-26,35.34974670410156
1989-07-27,32.15681457519531
1989-07-28,30.9099178314209
1989-07-29,32.33024978637695
1989-07-30,33.96102523803711
1989-07-31,33.12470626831055
1989-08-01,30.26226043701172
1989-08-02,27.450519561767578
1989-08-03,25.43429946899414
1989-08-04,24.273258209228516
1989-08-05,24.445693969726562
1989-08-06,28.500932693481445
1989-08-07,53.17041778564453
1989-08-08,68.41079711914062
1989-08-09,56.89392852783203
1989-08-10,44.912452697753906
1989-08-11,38.18336486816406
1989-08-12,38.96568298339844
1989-08-13,62.404541015625
1989-08-14,109.30836486816406
1989-08-15,146.97772216796875
1989-08-16,135.87728881835938
1989-08-17,102.50955963134766
1989-08-18,77.08700561523438
1989-08-19,60.87361526489258
1989-08-20,50.41462707519531
1989-08-21,45.0770378112793
1989-08-22,43.99483871459961
1989-08-23,42.89081573486328
1989-08-24,39.53008270263672
1989-08-25,36.30592346191406
1989-08-26,33.25358581542969
1989-08-27,30.29665184020996
1989-08-28,27.72216033935547
1989-08-29,25.61414337158203
1989-08-30,24.33329200744629
1989-08-31,23.736812591552734
1989-09-01,23.24506950378418
1989-09-02,22.64022445678711
1989-09-03,22.76459312438965
1989-09-04,24.788475036621094
1989-09-05,25.18273162841797
1989-09-06,22.885665893554688
1989-09-07,20.757722854614258
1989-09-08,19.329477310180664
1989-09-09,18.202795028686523
1989-09-10,17.26705551147461
1989-09-11,16.429536819458008
1989-09-12,15.760396957397461
1989-09-13,15.168160438537598
1989-09-14,14.683876991271973
1989-09-15,15.300314903259277
1989-09-16,18.217073440551758
1989-09-17,22.526588439941406
1989-09-18,25.464855194091797
1989-09-19,27.01634979248047
1989-09-20,28.646076202392578
1989-09-21,33.7293586730957
1989-09-22,52.0670051574707
1989-09-23,62.60288619995117
1989-09-24,54.03375244140625
1989-09-25,48.61186981201172
1989-09-26,48.92977523803711
1989-09-27,52.51947784423828
1989-09-28,65.23724365234375
1989-09-29,72.16423034667969
1989-09-30,61.843563079833984
1989-10-01,49.95167541503906
1989-10-02,42.96778869628906
1989-10-03,44.50029373168945
1989-10-04,62.27240753173828
1989-10-05,85.3462905883789
1989-10-06,82.17984771728516
1989-10-07,68.90314483642578
1989-10-08,61.70545196533203
1989-10-09,59.35043716430664
1989-10-10,54.06333541870117
1989-10-11,49.20223617553711
1989-10-12,49.109893798828125
1989-10-13,54.588470458984375
1989-10-14,57.38514709472656
1989-10-15,53.63173294067383
1989-10-16,49.642974853515625
1989-10-17,50.610565185546875
1989-10-18,69.96348571777344
1989-10-19,114.90188598632812
1989-10-20,155.67298889160156
1989-10-21,272.28472900390625
1989-10-22,561.5201416015625
1989-10-23,738.112548828125
1989-10-24,569.5283203125
1989-10-25,374.9163513183594
1989-10-26,265.2296447753906
1989-10-27,205.37991333007812
1989-10-28,169.1399688720703
1989-10-29,144.85691833496094
1989-10-30,126.98126220703125
1989-10-31,113.01356506347656
1989-11-01,107.63507843017578
1989-11-02,122.40516662597656
1989-11-03,157.19244384765625
1989-11-04,195.64968872070312
1989-11-05,230.4375457763672
1989-11-06,225.0386962890625
1989-11-07,200.30978393554688
1989-11-08,193.12713623046875
1989-11-09,206.01187133789062
1989-11-10,282.1051330566406
1989-11-11,410.025390625
1989-11-12,418.65093994140625
1989-11-13,338.13836669921875
1989-11-14,267.9584655761719
1989-11-15,218.9163055419922
1989-11-16,197.646484375
1989-11-17,252.67898559570312
1989-11-18,388.60028076171875
1989-11-19,423.47314453125
1989-11-20,352.0633239746094
1989-11-21,282.32421875
1989-11-22,246.57643127441406
1989-11-23,227.54107666015625
1989-11-24,203.86729431152344
1989-11-25,180.77227783203125
1989-11-26,164.52566528320312
1989-11-27,156.02230834960938
1989-11-28,152.2909698486328
1989-11-29,155.8885040283203
1989-11-30,165.84823608398438
1989-12-01,163.01483154296875
1989-12-02,148.5605010986328
1989-12-03,134.35816955566406
1989-12-04,124.613037109375
1989-12-05,116.61892700195312
1989-12-06,108.41449737548828
1989-12-07,102.33892822265625
1989-12-08,97.8196792602539
1989-12-09,92.23725891113281
1989-12-10,86.69229125976562
1989-12-11,82.70945739746094
1989-12-12,79.9530029296875
1989-12-13,76.43235778808594
1989-12-14,71.86446380615234
1989-12-15,67.94515991210938
1989-12-16,65.30015563964844
1989-12-17,63.440067291259766
1989-12-18,61.79587173461914
1989-12-19,60.657020568847656
1989-12-20,59.53900909423828
1989-12-21,57.9869384765625
1989-12-22,55.85014724731445
1989-12-23,53.48435974121094
1989-12-24,51.48294448852539
1989-12-25,49.79010009765625
1989-12-26,48.670188903808594
1989-12-27,47.76337432861328
1989-12-28,46.29496765136719
1989-12-29,44.7736701965332
1989-12-30,43.76772689819336
1989-12-31,43.34185791015625
1990-01-01,45.11819076538086
1990-01-02,48.294334411621094
1990-01-03,49.870018005371094
1990-01-04,50.22657775878906
1990-01-05,50.72102355957031
1990-01-06,50.82159423828125
1990-01-07,50.168460845947266
1990-01-08,48.980926513671875
1990-01-09,48.411590576171875
1990-01-10,48.58033752441406
1990-01-11,48.65304183959961
1990-01-12,48.84823226928711
1990-01-13,48.4638557434082
1990-01-14,46.915714263916016
1990-01-15,44.854652404785156
1990-01-16,44.179378509521484
1990-01-17,45.1318473815918
1990-01-18,48.49280548095703
1990-01-19,56.28339385986328
1990-01-20,66.23860168457031
1990-01-21,69.07208251953125
1990-01-22,65.46481323242188
1990-01-23,62.35569763183594
1990-01-24,60.89927291870117
1990-01-25,63.480674743652344
1990-01-26,85.54197692871094
1990-01-27,165.74691772460938
1990-01-28,269.5084533691406
1990-01-29,288.2662353515625
1990-01-30,266.6019287109375
1990-01-31,263.9287109375
1990-02-01,243.52224731445312
1990-02-02,221.53793334960938
1990-02-03,220.7549591064453
1990-02-04,218.03890991210938
1990-02-05,196.7410888671875
1990-02-06,173.89804077148438
1990-02-07,158.31056213378906
1990-02-08,148.60751342773438
1990-02-09,144.7235565185547
1990-02-10,153.76669311523438
1990-02-11,190.85736083984375
1990-02-12,240.22064208984375
1990-02-13,248.5977783203125
1990-02-14,216.3542938232422
1990-02-15,189.85084533691406
1990-02-16,172.16232299804688
1990-02-17,156.4208526611328
1990-02-18,144.38853454589844
1990-02-19,134.5606231689453
1990-02-20,127.19759368896484
1990-02-21,119.56610107421875
1990-02-22,114.38224792480469
1990-02-23,127.23785400390625
1990-02-24,185.27703857421875
1990-02-25,265.6075134277344
1990-02-26,277.1429748535156
1990-02-27,240.41604614257812
1990-02-28,206.3875732421875
1990-03-01,182.99151611328125
1990-03-02,165.9386749267578
1990-03-03,157.40451049804688
1990-03-04,154.07012939453125
1990-03-05,146.07989501953125
1990-03-06,132.43582153320312
1990-03-07,120.13032531738281
1990-03-08,110.83364868164062
1990-03-09,105.32292175292969
1990-03-10,104.14485931396484
1990-03-11,108.33718872070312
1990-03-12,125.50431823730469
1990-03-13,169.83389282226562
1990-03-14,246.84542846679688
1990-03-15,324.5980224609375
1990-03-16,378.9684143066406
1990-03-17,405.57794189453125
1990-03-18,447.10723876953125
1990-03-19,548.2491455078125
1990-03-20,633.2647705078125
1990-03-21,632.5399169921875
1990-03-22,639.33251953125
1990-03-23,590.0929565429688
1990-03-24,491.9775695800781
1990-03-25,404.6677551269531
1990-03-26,329.13714599609375
1990-03-27,273.4867248535156
1990-03-28,236.41542053222656
1990-03-29,205.20619201660156
1990-03-30,183.32061767578125
1990-03-31,168.53744506835938
1990-04-01,163.34329223632812
1990-04-02,168.0274200439453
1990-04-03,174.94808959960938
1990-04-04,226.94728088378906
1990-04-05,408.7312316894531
1990-04-06,592.3455200195312
1990-04-07,617.1332397460938
1990-04-08,510.2320556640625
1990-04-09,395.68536376953125
1990-04-10,318.32330322265625
1990-04-11,291.7183532714844
1990-04-12,370.28692626953125
1990-04-13,481.29876708984375
1990-04-14,454.80828857421875
1990-04-15,376.4163818359375
1990-04-16,348.8590393066406
1990-04-17,386.96551513671875
1990-04-18,421.2175598144531
1990-04-19,397.6343688964844
1990-04-20,344.9367370605469
1990-04-21,292.9447021484375
1990-04-22,272.47021484375
1990-04-23,283.1298828125
1990-04-24,288.45819091796875
1990-04-25,268.1561279296875
1990-04-26,239.75848388671875
1990-04-27,219.60096740722656
1990-04-28,211.3502655029297
1990-04-29,207.51205444335938
1990-04-30,200.34515380859375
1990-05-01,189.08865356445312
1990-05-02,175.5768280029297
1990-05-03,163.81137084960938
1990-05-04,151.89691162109375
1990-05-05,137.8875274658203
1990-05-06,140.44668579101562
1990-05-07,166.92434692382812
1990-05-08,184.73171997070312
1990-05-09,174.19754028320312
1990-05-10,157.22305297851562
1990-05-11,164.42726135253906
1990-05-12,234.89210510253906
1990-05-13,323.98345947265625
1990-05-14,380.6970520019531
1990-05-15,516.4263305664062
1990-05-16,584.2052612304688
1990-05-17,490.1570129394531
1990-05-18,440.29742431640625
1990-05-19,470.87799072265625
1990-05-20,463.6243591308594
1990-05-21,414.16412353515625
1990-05-22,400.67694091796875
1990-05-23,412.87249755859375
1990-05-24,383.8815612792969
1990-05-25,324.22039794921875
1990-05-26,270.2494201660156
1990-05-27,230.29872131347656
1990-05-28,200.57273864746094
1990-05-29,177.89869689941406
1990-05-30,173.74696350097656
1990-05-31,201.91827392578125
1990-06-01,222.42886352539062
1990-06-02,208.6313018798828
1990-06-03,179.07493591308594
1990-06-04,152.7879638671875
1990-06-05,136.09503173828125
1990-06-06,127.47442626953125
1990-06-07,118.98213958740234
1990-06-08,109.6784896850586
1990-06-09,103.18734741210938
1990-06-10,99.52410888671875
1990-06-11,110.51921081542969
1990-06-12,152.1686553955078
1990-06-13,186.67041015625
1990-06-14,173.77410888671875
1990-06-15,139.89614868164062
1990-06-16,114.15362548828125
1990-06-17,97.36502075195312
1990-06-18,84.70210266113281
1990-06-19,74.76813507080078
1990-06-20,71.31558227539062
1990-06-21,76.87290954589844
1990-06-22,87.723876953125
1990-06-23,95.97481536865234
1990-06-24,102.86506652832031
1990-06-25,115.1263427734375
1990-06-26,130.85858154296875
1990-06-27,121.97722625732422
1990-06-28,98.9745101928711
1990-06-29,81.17615509033203
1990-06-30,71.64234924316406
1990-07-01,78.14653778076172
1990-07-02,103.99161529541016
1990-07-03,115.91252136230469
1990-07-04,104.31263732910156
1990-07-05,87.43843078613281
1990-07-06,78.47557067871094
1990-07-07,99.43035888671875
1990-07-08,99.384033203125
1990-07-09,79.114501953125
1990-07-10,64.37980651855469
1990-07-11,58.05342102050781
1990-07-12,54.589805603027344
1990-07-13,49.617767333984375
1990-07-14,45.099021911621094
1990-07-15,41.381412506103516
1990-07-16,37.7143440246582
1990-07-17,34.60321044921875
1990-07-18,32.064754486083984
1990-07-19,29.7413330078125
1990-07-20,27.549781799316406
1990-07-21,26.034591674804688
1990-07-22,26.23712730407715
1990-07-23,28.498397827148438
1990-07-24,37.047698974609375
1990-07-25,54.675209045410156
1990-07-26,67.40238952636719
1990-07-27,64.26520538330078
1990-07-28,54.01718521118164
1990-07-29,44.94139862060547
1990-07-30,39.128902435302734
1990-07-31,34.68529510498047
1990-08-01,30.648136138916016
1990-08-02,27.49700927734375
1990-08-03,25.086383819580078
1990-08-04,22.963289260864258
1990-08-05,21.098602294921875
1990-08-06,19.72646713256836
1990-08-07,22.96267318725586
1990-08-08,92.25103759765625
1990-08-09,300.1531982421875
1990-08-10,444.3216552734375
1990-08-11,362.167724609375
1990-08-12,423.3176574707031
1990-08-13,638.5015869140625
1990-08-14,599.23828125
1990-08-15,434.100830078125
1990-08-16,372.7276916503906
1990-08-17,310.25079345703125
1990-08-18,228.8373565673828
1990-08-19,169.90594482421875
1990-08-20,134.59732055664062
1990-08-21,112.74032592773438
1990-08-22,96.58782958984375
1990-08-23,82.94161224365234
1990-08-24,72.79035949707031
1990-08-25,77.2449722290039
1990-08-26,112.23617553710938
1990-08-27,149.24331665039062
1990-08-28,143.24871826171875
1990-08-29,120.28730773925781
1990-08-30,100.49540710449219
1990-08-31,86.78973388671875
1990-09-01,76.16597747802734
1990-09-02,66.3681640625
1990-09-03,58.998470306396484
1990-09-04,53.643959045410156
1990-09-05,49.088130950927734
1990-09-06,45.04387664794922
1990-09-07,41.990474700927734
1990-09-08,40.35236358642578
1990-09-09,40.646324157714844
1990-09-10,40.63490295410156
1990-09-11,39.89531707763672
1990-09-12,40.42818069458008
1990-09-13,40.52900314331055
1990-09-14,38.991973876953125
1990-09-15,37.881656646728516
1990-09-16,40.156517028808594
1990-09-17,45.50049591064453
1990-09-18,47.472923278808594
1990-09-19,43.95850372314453
1990-09-20,40.18525314331055
1990-09-21,38.818931579589844
1990-09-22,39.47618865966797
1990-09-23,40.6585693359375
1990-09-24,42.81929397583008
1990-09-25,46.301822662353516
1990-09-26,46.00672912597656
1990-09-27,41.971923828125
1990-09-28,38.27357864379883
1990-09-29,36.116065979003906
1990-09-30,34.398033142089844
1990-10-01,33.81631851196289
1990-10-02,37.949440002441406
1990-10-03,44.25765609741211
1990-10-04,43.5265007019043
1990-10-05,39.83766174316406
1990-10-06,39.41740417480469
1990-10-07,45.09600830078125
1990-10-08,46.787540435791016
1990-10-09,42.65373992919922
1990-10-10,38.65487289428711
1990-10-11,37.600059509277344
1990-10-12,41.61774444580078
1990-10-13,50.82300567626953
1990-10-14,73.56733703613281
1990-10-15,139.5612030029297
1990-10-16,216.05233764648438
1990-10-17,196.43023681640625
1990-10-18,141.70907592773438
1990-10-19,110.39861297607422
1990-10-20,115.376953125
1990-10-21,147.93380737304688
1990-10-22,150.56817626953125
1990-10-23,126.44671630859375
1990-10-24,140.0732879638672
1990-10-25,289.43341064453125
1990-10-26,480.8280029296875
1990-10-27,450.62762451171875
1990-10-28,330.67364501953125
1990-10-29,248.88265991210938
1990-10-30,203.65869140625
1990-10-31,176.1227264404297
1990-11-01,153.5125274658203
1990-11-02,135.60015869140625
1990-11-03,121.92127990722656
1990-11-04,111.25826263427734
1990-11-05,103.36436462402344
1990-11-06,101.92264556884766
1990-11-07,124.64912414550781
1990-11-08,165.13763427734375
1990-11-09,174.7009735107422
1990-11-10,165.9841766357422
1990-11-11,228.44564819335938
1990-11-12,435.3146057128906
1990-11-13,525.382080078125
1990-11-14,430.7371520996094
1990-11-15,328.96575927734375
1990-11-16,266.4288330078125
1990-11-17,238.06869506835938
1990-11-18,237.7467041015625
1990-11-19,257.1001892089844
1990-11-20,249.51589965820312
1990-11-21,217.64334106445312
1990-11-22,190.33106994628906
1990-11-23,171.08155822753906
1990-11-24,160.73806762695312
1990-11-25,160.44642639160156
1990-11-26,160.61239624023438
1990-11-27,152.770751953125
1990-11-28,140.67324829101562
1990-11-29,129.62945556640625
1990-11-30,125.5713119506836
1990-12-01,125.41584014892578
1990-12-02,118.38834381103516
1990-12-03,109.40245819091797
1990-12-04,125.0256576538086
1990-12-05,237.24911499023438
1990-12-06,389.7852478027344
1990-12-07,405.47308349609375
1990-12-08,329.82965087890625
1990-12-09,265.56243896484375
1990-12-10,224.63296508789062
1990-12-11,196.4697723388672
1990-12-12,174.10838317871094
1990-12-13,154.02468872070312
1990-12-14,139.4566192626953
1990-12-15,130.71319580078125
1990-12-16,124.95636749267578
1990-12-17,125.35794067382812
1990-12-18,130.34844970703125
1990-12-19,141.2015838623047
1990-12-20,168.71469116210938
1990-12-21,182.07113647460938
1990-12-22,173.9337921142578
1990-12-23,185.40513610839844
1990-12-24,299.3716125488281
1990-12-25,584.8108520507812
1990-12-26,710.3821411132812
1990-12-27,574.2769775390625
1990-12-28,424.89251708984375
1990-12-29,333.0545959472656
1990-12-30,284.6893005371094
1990-12-31,278.1583251953125
1991-01-01,296.8220520019531
1991-01-02,291.39849853515625
1991-01-03,254.86158752441406
1991-01-04,222.97080993652344
1991-01-05,196.78750610351562
1991-01-06,175.1060028076172
1991-01-07,159.79229736328125
1991-01-08,145.84527587890625
1991-01-09,130.6352081298828
1991-01-10,118.81851959228516
1991-01-11,112.02611541748047
1991-01-12,105.55111694335938
1991-01-13,101.00483703613281
1991-01-14,98.77272033691406
1991-01-15,96.3742904663086
1991-01-16,95.7955093383789
1991-01-17,101.24200439453125
1991-01-18,113.79661560058594
1991-01-19,122.48888397216797
1991-01-20,120.30789947509766
1991-01-21,114.58006286621094
1991-01-22,108.49211120605469
1991-01-23,99.12765502929688
1991-01-24,91.28689575195312
1991-01-25,86.64028930664062
1991-01-26,81.73515319824219
1991-01-27,76.92564392089844
1991-01-28,74.74422454833984
1991-01-29,74.23247528076172
1991-01-30,73.85582733154297
1991-01-31,75.02787780761719
1991-02-01,76.29498291015625
1991-02-02,73.64901733398438
1991-02-03,72.69808959960938
1991-02-04,80.87093353271484
1991-02-05,99.74009704589844
1991-02-06,124.3333740234375
1991-02-07,149.00515747070312
1991-02-08,180.1742401123047
1991-02-09,209.21673583984375
1991-02-10,211.8870391845703
1991-02-11,194.7974395751953
1991-02-12,171.74957275390625
1991-02-13,147.90187072753906
1991-02-14,134.18667602539062
1991-02-15,133.6221466064453
1991-02-16,134.09571838378906
1991-02-17,126.03736877441406
1991-02-18,116.17108154296875
1991-02-19,108.78364562988281
1991-02-20,108.109130859375
1991-02-21,115.94522094726562
1991-02-22,129.32203674316406
1991-02-23,141.5967254638672
1991-02-24,140.0888671875
1991-02-25,129.20018005371094
1991-02-26,118.84545135498047
1991-02-27,110.98515319824219
1991-02-28,103.3227310180664
1991-03-01,98.14905548095703
1991-03-02,105.38712310791016
1991-03-03,147.60926818847656
1991-03-04,258.3162536621094
1991-03-05,402.37091064453125
1991-03-06,439.15301513671875
1991-03-07,390.7309875488281
1991-03-08,370.1322021484375
1991-03-09,367.9642333984375
1991-03-10,331.295654296875
1991-03-11,277.6089782714844
1991-03-12,234.84808349609375
1991-03-13,206.84194946289062
1991-03-14,188.3838653564453
1991-03-15,175.03659057617188
1991-03-16,165.0692138671875
1991-03-17,156.9294891357422
1991-03-18,150.78475952148438
1991-03-19,156.7804412841797
1991-03-20,202.02638244628906
1991-03-21,262.2580261230469
1991-03-22,276.39556884765625
1991-03-23,250.2342071533203
1991-03-24,226.57485961914062
1991-03-25,214.15650939941406
1991-03-26,208.79824829101562
1991-03-27,210.23983764648438
1991-03-28,226.21908569335938
1991-03-29,292.1795654296875
1991-03-30,391.9569091796875
1991-03-31,436.4449768066406
1991-04-01,394.57208251953125
1991-04-02,326.1748352050781
1991-04-03,275.4320983886719
1991-04-04,245.2794647216797
1991-04-05,228.6913299560547
1991-04-06,229.28807067871094
1991-04-07,251.50613403320312
1991-04-08,293.6210632324219
1991-04-09,333.8570251464844
1991-04-10,354.326416015625
1991-04-11,370.4884948730469
1991-04-12,351.78594970703125
1991-04-13,298.7777404785156
1991-04-14,240.35403442382812
1991-04-15,198.76016235351562
1991-04-16,178.0496826171875
1991-04-17,179.53309631347656
1991-04-18,188.86953735351562
1991-04-19,186.00570678710938
1991-04-20,174.33282470703125
1991-04-21,177.34942626953125
1991-04-22,283.8977355957031
1991-04-23,537.2530517578125
1991-04-24,687.9014892578125
1991-04-25,602.5972900390625
1991-04-26,461.39276123046875
1991-04-27,359.9176025390625
1991-04-28,294.89508056640625
1991-04-29,252.79812622070312
1991-04-30,223.7576904296875
1991-05-01,231.06369018554688
1991-05-02,275.83465576171875
1991-05-03,291.6663818359375
1991-05-04,261.4334411621094
1991-05-05,223.11734008789062
1991-05-06,202.2335205078125
1991-05-07,238.64071655273438
1991-05-08,328.33648681640625
1991-05-09,362.86932373046875
1991-05-10,319.54632568359375
1991-05-11,262.4693298339844
1991-05-12,217.85678100585938
1991-05-13,185.2850799560547
1991-05-14,160.97604370117188
1991-05-15,142.0117950439453
1991-05-16,126.45985412597656
1991-05-17,113.21565246582031
1991-05-18,107.07167053222656
1991-05-19,113.40267944335938
1991-05-20,115.13094329833984
1991-05-21,103.90086364746094
1991-05-22,92.21392822265625
1991-05-23,83.92961120605469
1991-05-24,77.1879653930664
1991-05-25,70.85185241699219
1991-05-26,65.9464111328125
1991-05-27,63.0046272277832
1991-05-28,61.945228576660156
1991-05-29,63.73456573486328
1991-05-30,64.95965576171875
1991-05-31,62.467979431152344
1991-06-01,63.80088424682617
1991-06-02,71.07046508789062
1991-06-03,76.07339477539062
1991-06-04,69.83120727539062
1991-06-05,62.3780517578125
1991-06-06,60.833412170410156
1991-06-07,59.480873107910156
1991-06-08,55.042293548583984
1991-06-09,49.65386199951172
1991-06-10,44.91157531738281
1991-06-11,40.849124908447266
1991-06-12,38.276119232177734
1991-06-13,37.912513732910156
1991-06-14,38.54911422729492
1991-06-15,37.832366943359375
1991-06-16,37.539676666259766
1991-06-17,45.099586486816406
1991-06-18,58.06711959838867
1991-06-19,62.429534912109375
1991-06-20,55.5422477722168
1991-06-21,46.34932327270508
1991-06-22,39.4219856262207
1991-06-23,34.59825897216797
1991-06-24,31.267131805419922
1991-06-25,28.69385528564453
1991-06-26,26.4071102142334
1991-06-27,24.382972717285156
1991-06-28,22.59534454345703
1991-06-29,21.012571334838867
1991-06-30,19.829851150512695
1991-07-01,19.371604919433594
1991-07-02,19.250879287719727
1991-07-03,18.594959259033203
1991-07-04,17.600486755371094
1991-07-05,16.873851776123047
1991-07-06,16.339305877685547
1991-07-07,16.149333953857422
1991-07-08,16.608522415161133
1991-07-09,17.56220245361328
1991-07-10,19.265947341918945
1991-07-11,20.048486709594727
1991-07-12,18.327720642089844
1991-07-13,16.540451049804688
1991-07-14,16.887466430664062
1991-07-15,19.896255493164062
1991-07-16,22.725862503051758
1991-07-17,21.608896255493164
1991-07-18,18.604127883911133
1991-07-19,16.296005249023438
1991-07-20,14.928071975708008
1991-07-21,14.030299186706543
1991-07-22,13.335455894470215
1991-07-23,12.809228897094727
1991-07-24,12.574056625366211
1991-07-25,12.999429702758789
1991-07-26,13.436671257019043
1991-07-27,13.417784690856934
1991-07-28,14.725345611572266
1991-07-29,16.03131103515625
1991-07-30,15.18716812133789
1991-07-31,13.480977058410645
1991-08-01,12.205108642578125
1991-08-02,11.368971824645996
1991-08-03,10.729742050170898
1991-08-04,10.236187934875488
1991-08-05,10.498844146728516
1991-08-06,13.298587799072266
1991-08-07,18.442852020263672
1991-08-08,18.86431121826172
1991-08-09,15.739374160766602
1991-08-10,15.737259864807129
1991-08-11,25.93628692626953
1991-08-12,45.311161041259766
1991-08-13,47.61911392211914
1991-08-14,35.48712158203125
1991-08-15,25.757709503173828
1991-08-16,21.236461639404297
1991-08-17,19.596120834350586
1991-08-18,18.46160888671875
1991-08-19,27.94318389892578
1991-08-20,83.67337036132812
1991-08-21,209.502685546875
1991-08-22,295.6629943847656
1991-08-23,279.0077819824219
1991-08-24,214.77410888671875
1991-08-25,147.1752166748047
1991-08-26,101.44733428955078
1991-08-27,75.51288604736328
1991-08-28,60.168365478515625
1991-08-29,50.554840087890625
1991-08-30,44.8073616027832
1991-08-31,42.30046844482422
1991-09-01,41.16789245605469
1991-09-02,42.48931884765625
1991-09-03,42.018856048583984
1991-09-04,37.08850860595703
1991-09-05,32.453704833984375
1991-09-06,30.508785247802734
1991-09-07,29.49667739868164
1991-09-08,27.44330596923828
1991-09-09,24.978633880615234
1991-09-10,22.930646896362305
1991-09-11,21.223388671875
1991-09-12,20.250974655151367
1991-09-13,20.620525360107422
1991-09-14,20.735246658325195
1991-09-15,20.039461135864258
1991-09-16,21.583450317382812
1991-09-17,29.43541145324707
1991-09-18,39.03976821899414
1991-09-19,40.239723205566406
1991-09-20,44.20562744140625
1991-09-21,65.41138458251953
1991-09-22,79.95417022705078
1991-09-23,68.44949340820312
1991-09-24,53.40776062011719
1991-09-25,53.86225509643555
1991-09-26,108.37049865722656
1991-09-27,236.72305297851562
1991-09-28,310.84002685546875
1991-09-29,264.3499755859375
1991-09-30,190.00308227539062
1991-10-01,139.24945068359375
1991-10-02,109.65658569335938
1991-10-03,98.41275787353516
1991-10-04,105.34605407714844
1991-10-05,111.73252868652344
1991-10-06,106.00599670410156
1991-10-07,136.19837951660156
1991-10-08,259.7284240722656
1991-10-09,326.0516357421875
1991-10-10,259.1121826171875
1991-10-11,188.93817138671875
1991-10-12,156.13429260253906
1991-10-13,171.8575897216797
1991-10-14,215.24295043945312
1991-10-15,210.02383422851562
1991-10-16,177.7481689453125
1991-10-17,170.07261657714844
1991-10-18,202.134033203125
1991-10-19,217.3398895263672
1991-10-20,201.01194763183594
1991-10-21,176.60699462890625
1991-10-22,151.6632843017578
1991-10-23,130.0856475830078
1991-10-24,114.57785034179688
1991-10-25,102.87555694580078
1991-10-26,94.21513366699219
1991-10-27,87.399169921875
1991-10-28,81.47442626953125
1991-10-29,76.37872314453125
1991-10-30,72.81298065185547
1991-10-31,69.29278564453125
1991-11-01,66.52161407470703
1991-11-02,66.27666473388672
1991-11-03,66.65133666992188
1991-11-04,65.55658721923828
1991-11-05,63.732418060302734
1991-11-06,61.359867095947266
1991-11-07,58.862796783447266
1991-11-08,56.50043487548828
1991-11-09,54.60811996459961
1991-11-10,53.21665573120117
1991-11-11,58.39535903930664
1991-11-12,83.58224487304688
1991-11-13,119.12689208984375
1991-11-14,134.80197143554688
1991-11-15,131.59323120117188
1991-11-16,129.55992126464844
1991-11-17,134.8143310546875
1991-11-18,136.96548461914062
1991-11-19,126.23466491699219
1991-11-20,115.03077697753906
1991-11-21,111.960205078125
1991-11-22,124.11318969726562
1991-11-23,188.6045684814453
1991-11-24,361.2962646484375
1991-11-25,508.36053466796875
1991-11-26,516.1505126953125
1991-11-27,429.0039978027344
1991-11-28,332.3319396972656
1991-11-29,263.9724426269531
1991-11-30,224.09344482421875
1991-12-01,200.58547973632812
1991-12-02,186.65414428710938
1991-12-03,178.4761505126953
1991-12-04,173.7199249267578
1991-12-05,166.897705078125
1991-12-06,154.22434997558594
1991-12-07,141.89344787597656
1991-12-08,136.27261352539062
1991-12-09,140.5251922607422
1991-12-10,155.36997985839844
1991-12-11,169.75308227539062
1991-12-12,169.8745880126953
1991-12-13,163.57699584960938
1991-12-14,174.9647674560547
1991-12-15,233.57723999023438
1991-12-16,308.04779052734375
1991-12-17,312.0682678222656
1991-12-18,262.1944580078125
1991-12-19,217.9791259765625
1991-12-20,188.8525390625
1991-12-21,168.88909912109375
1991-12-22,155.69241333007812
1991-12-23,145.91636657714844
1991-12-24,135.95849609375
1991-12-25,125.17583465576172
1991-12-26,113.88788604736328
1991-12-27,104.64568328857422
1991-12-28,99.28240203857422
1991-12-29,95.94725799560547
1991-12-30,100.08934020996094
1991-12-31,115.6541748046875
1992-01-01,122.48577880859375
1992-01-02,117.04063415527344
1992-01-03,109.51131439208984
1992-01-04,103.99384307861328
1992-01-05,103.5760498046875
1992-01-06,113.2603988647461
1992-01-07,130.45643615722656
1992-01-08,137.42169189453125
1992-01-09,130.94253540039062
1992-01-10,120.39319610595703
1992-01-11,111.64888763427734
1992-01-12,103.20315551757812
1992-01-13,95.12791442871094
1992-01-14,98.79141235351562
1992-01-15,144.39480590820312
1992-01-16,217.70367431640625
1992-01-17,229.55860900878906
1992-01-18,194.9219512939453
1992-01-19,164.84963989257812
1992-01-20,143.86196899414062
1992-01-21,128.34567260742188
1992-01-22,117.00892639160156
1992-01-23,109.08740234375
1992-01-24,119.6842041015625
1992-01-25,161.19113159179688
1992-01-26,191.63783264160156
1992-01-27,185.30007934570312
1992-01-28,163.16522216796875
1992-01-29,144.3758544921875
1992-01-30,131.58392333984375
1992-01-31,123.31907653808594
1992-02-01,116.7044906616211
1992-02-02,108.28726196289062
1992-02-03,98.88866424560547
1992-02-04,91.88560485839844
1992-02-05,86.74085235595703
1992-02-06,81.84723663330078
1992-02-07,77.51454162597656
1992-02-08,73.97453308105469
1992-02-09,71.31422424316406
1992-02-10,67.99088287353516
1992-02-11,64.36541748046875
1992-02-12,61.960872650146484
1992-02-13,59.26356506347656
1992-02-14,56.439605712890625
1992-02-15,55.47428512573242
1992-02-16,59.35334777832031
1992-02-17,76.98863983154297
1992-02-18,106.13372802734375
1992-02-19,124.13357543945312
1992-02-20,133.59365844726562
1992-02-21,144.5497589111328
1992-02-22,146.87518310546875
1992-02-23,137.80709838867188
1992-02-24,126.96658325195312
1992-02-25,117.77620697021484
1992-02-26,110.85420227050781
1992-02-27,110.50180053710938
1992-02-28,111.42342376708984
1992-02-29,106.36468505859375
1992-03-01,97.6662826538086
1992-03-02,90.06272888183594
1992-03-03,85.00588989257812
1992-03-04,81.98541259765625
1992-03-05,79.7243423461914
1992-03-06,79.5827407836914
1992-03-07,82.47051239013672
1992-03-08,89.25662994384766
1992-03-09,103.87882232666016
1992-03-10,127.50717163085938
1992-03-11,178.50401306152344
1992-03-12,351.3523864746094
1992-03-13,581.4853515625
1992-03-14,600.97314453125
1992-03-15,458.684326171875
1992-03-16,341.392822265625
1992-03-17,272.04241943359375
1992-03-18,228.26434326171875
1992-03-19,199.68861389160156
1992-03-20,177.67144775390625
1992-03-21,158.641845703125
1992-03-22,144.70669555664062
1992-03-23,133.51768493652344
1992-03-24,123.62264251708984
1992-03-25,115.47624206542969
1992-03-26,110.23628997802734
1992-03-27,131.84719848632812
1992-03-28,263.5831604003906
1992-03-29,537.5990600585938
1992-03-30,729.8604125976562
1992-03-31,657.9842529296875
1992-04-01,520.3021850585938
1992-04-02,439.42822265625
1992-04-03,387.5646057128906
1992-04-04,338.5682678222656
1992-04-05,291.2166442871094
1992-04-06,253.7185516357422
1992-04-07,229.20021057128906
1992-04-08,215.72499084472656
1992-04-09,211.26805114746094
1992-04-10,210.7871856689453
1992-04-11,208.84288024902344
1992-04-12,224.07086181640625
1992-04-13,267.9646911621094
1992-04-14,289.13677978515625
1992-04-15,261.11541748046875
1992-04-16,226.0928497314453
1992-04-17,207.1128387451172
1992-04-18,207.3577880859375
1992-04-19,217.88473510742188
1992-04-20,225.53025817871094
1992-04-21,234.95103454589844
1992-04-22,263.5028991699219
1992-04-23,321.0547790527344
1992-04-24,408.10870361328125
1992-04-25,465.87451171875
1992-04-26,480.43890380859375
1992-04-27,454.386962890625
1992-04-28,379.37060546875
1992-04-29,309.3737487792969
1992-04-30,263.41021728515625
1992-05-01,234.47792053222656
1992-05-02,217.61029052734375
1992-05-03,224.16238403320312
1992-05-04,285.1888122558594
1992-05-05,325.4283447265625
1992-05-06,301.6213684082031
1992-05-07,255.15914916992188
1992-05-08,213.2942352294922
1992-05-09,184.81004333496094
1992-05-10,170.4374542236328
1992-05-11,164.4953155517578
1992-05-12,158.77484130859375
1992-05-13,148.321044921875
1992-05-14,137.05841064453125
1992-05-15,129.83938598632812
1992-05-16,124.87672424316406
1992-05-17,119.17227935791016
1992-05-18,113.79957580566406
1992-05-19,107.25263214111328
1992-05-20,99.47012329101562
1992-05-21,90.9805679321289
1992-05-22,83.51031494140625
1992-05-23,77.54480743408203
1992-05-24,72.21284484863281
1992-05-25,68.87005615234375
1992-05-26,68.82403564453125
1992-05-27,67.7558822631836
1992-05-28,63.97836685180664
1992-05-29,60.487091064453125
1992-05-30,57.131683349609375
1992-05-31,53.74638366699219
1992-06-01,62.479835510253906
1992-06-02,115.39349365234375
1992-06-03,182.01510620117188
1992-06-04,187.76889038085938
1992-06-05,149.69253540039062
1992-06-06,123.513916015625
1992-06-07,135.99069213867188
1992-06-08,178.8526611328125
1992-06-09,201.1890869140625
1992-06-10,184.01693725585938
1992-06-11,150.78433227539062
1992-06-12,120.8949966430664
1992-06-13,99.48837280273438
1992-06-14,84.08646392822266
1992-06-15,72.75627899169922
1992-06-16,64.86116027832031
1992-06-17,58.090999603271484
1992-06-18,51.66056823730469
1992-06-19,46.45186233520508
1992-06-20,43.1431770324707
1992-06-21,43.26583480834961
1992-06-22,47.0136604309082
1992-06-23,50.08976364135742
1992-06-24,49.02653503417969
1992-06-25,47.61687469482422
1992-06-26,50.08707046508789
1992-06-27,51.38778305053711
1992-06-28,49.20233917236328
1992-06-29,45.8415412902832
1992-06-30,41.34815216064453
1992-07-01,36.59520721435547
1992-07-02,32.95912170410156
1992-07-03,30.186935424804688
1992-07-04,28.624237060546875
1992-07-05,31.32428741455078
1992-07-06,41.16279983520508
1992-07-07,53.60691833496094
1992-07-08,60.37786102294922
1992-07-09,58.05931854248047
1992-07-10,55.22590255737305
1992-07-11,61.45083999633789
1992-07-12,67.16691589355469
1992-07-13,61.881004333496094
1992-07-14,55.50674819946289
1992-07-15,56.95708465576172
1992-07-16,74.46617889404297
1992-07-17,88.0822525024414
1992-07-18,79.09104919433594
1992-07-19,65.05296325683594
1992-07-20,60.71258544921875
1992-07-21,65.4046859741211
1992-07-22,66.43817901611328
1992-07-23,59.69950485229492
1992-07-24,51.55396270751953
1992-07-25,46.3199577331543
1992-07-26,42.6851921081543
1992-07-27,38.37836456298828
1992-07-28,34.48879623413086
1992-07-29,31.513822555541992
1992-07-30,28.98455810546875
1992-07-31,26.989574432373047
1992-08-01,27.334257125854492
1992-08-02,34.71255111694336
1992-08-03,49.09247589111328
1992-08-04,51.563812255859375
1992-08-05,45.22477722167969
1992-08-06,43.388484954833984
1992-08-07,45.12845993041992
1992-08-08,40.10269546508789
1992-08-09,34.000301361083984
1992-08-10,33.825355529785156
1992-08-11,41.68305587768555
1992-08-12,48.274452209472656
1992-08-13,44.21598815917969
1992-08-14,37.202606201171875
1992-08-15,33.01132583618164
1992-08-16,32.69581604003906
1992-08-17,35.9742431640625
1992-08-18,41.3719482421875
1992-08-19,51.3234977722168
1992-08-20,63.31059646606445
1992-08-21,65.35678100585938
1992-08-22,55.740966796875
1992-08-23,45.534400939941406
1992-08-24,38.44705581665039
1992-08-25,33.461761474609375
1992-08-26,29.756616592407227
1992-08-27,26.871713638305664
1992-08-28,25.03811264038086
1992-08-29,24.98288345336914
1992-08-30,27.021398544311523
1992-08-31,31.123626708984375
1992-09-01,32.82456588745117
1992-09-02,29.5656795501709
1992-09-03,26.10178565979004
1992-09-04,27.131610870361328
1992-09-05,41.027198791503906
1992-09-06,58.547977447509766
1992-09-07,54.952632904052734
1992-09-08,44.174407958984375
1992-09-09,36.6103515625
1992-09-10,31.952152252197266
1992-09-11,29.040586471557617
1992-09-12,28.05670928955078
1992-09-13,32.13629913330078
1992-09-14,34.82145309448242
1992-09-15,30.905410766601562
1992-09-16,26.555450439453125
1992-09-17,23.839069366455078
1992-09-18,21.92831802368164
1992-09-19,20.537086486816406
1992-09-20,19.870996475219727
1992-09-21,20.93216896057129
1992-09-22,21.705360412597656
1992-09-23,21.344608306884766
1992-09-24,26.338794708251953
1992-09-25,42.88599395751953
1992-09-26,47.2015380859375
1992-09-27,39.45473861694336
1992-09-28,34.79853439331055
1992-09-29,36.06364822387695
1992-09-30,37.91362762451172
1992-10-01,34.74397659301758
1992-10-02,30.77267074584961
1992-10-03,28.106006622314453
1992-10-04,26.009517669677734
1992-10-05,24.70415687561035
1992-10-06,23.617568969726562
1992-10-07,22.478424072265625
1992-10-08,21.411226272583008
1992-10-09,20.64553451538086
1992-10-10,21.812583923339844
1992-10-11,29.929128646850586
1992-10-12,46.00947189331055
1992-10-13,54.22976303100586
1992-10-14,50.384490966796875
1992-10-15,44.17338943481445
1992-10-16,39.66674041748047
1992-10-17,40.21723937988281
1992-10-18,44.945648193359375
1992-10-19,46.92234802246094
1992-10-20,44.46260070800781
1992-10-21,42.944149017333984
1992-10-22,41.928348541259766
1992-10-23,40.91171646118164
1992-10-24,39.528926849365234
1992-10-25,38.68940353393555
1992-10-26,44.21814727783203
1992-10-27,57.501731872558594
1992-10-28,63.99445343017578
1992-10-29,58.87320327758789
1992-10-30,51.74427032470703
1992-10-31,47.104652404785156
1992-11-01,44.252845764160156
1992-11-02,41.89195251464844
1992-11-03,41.38307189941406
1992-11-04,49.05691909790039
1992-11-05,70.89759826660156
1992-11-06,90.09322357177734
1992-11-07,96.05433654785156
1992-11-08,98.97239685058594
1992-11-09,92.64215087890625
1992-11-10,80.77684783935547
1992-11-11,70.96992492675781
1992-11-12,65.61691284179688
1992-11-13,70.41065979003906
1992-11-14,96.01421356201172
1992-11-15,141.287841796875
1992-11-16,149.88134765625
1992-11-17,126.15159606933594
1992-11-18,104.813720703125
1992-11-19,92.13365173339844
1992-11-20,83.74979400634766
1992-11-21,76.39698028564453
1992-11-22,71.11221313476562
1992-11-23,75.72356414794922
1992-11-24,118.09532165527344
1992-11-25,218.79498291015625
1992-11-26,284.20599365234375
1992-11-27,300.5001525878906
1992-11-28,325.6293029785156
1992-11-29,317.56951904296875
1992-11-30,259.4292907714844
1992-12-01,206.482421875
1992-12-02,172.1429443359375
1992-12-03,148.46917724609375
1992-12-04,131.29689025878906
1992-12-05,119.48018646240234
1992-12-06,109.86593627929688
1992-12-07,100.49781036376953
1992-12-08,92.38246154785156
1992-12-09,85.62065124511719
1992-12-10,78.8074951171875
1992-12-11,73.37671661376953
1992-12-12,71.51912689208984
1992-12-13,73.27867126464844
1992-12-14,74.38213348388672
1992-12-15,72.67304992675781
1992-12-16,69.51467895507812
1992-12-17,71.19245910644531
1992-12-18,91.45417785644531
1992-12-19,124.093017578125
1992-12-20,132.99285888671875
1992-12-21,126.22190856933594
1992-12-22,118.56771087646484
1992-12-23,108.515625
1992-12-24,98.19056701660156
1992-12-25,88.6214599609375
1992-12-26,79.95623779296875
1992-12-27,73.26129150390625
1992-12-28,67.91422271728516
1992-12-29,64.67707824707031
1992-12-30,67.6852035522461
1992-12-31,85.2928466796875
1993-01-01,121.84700012207031
1993-01-02,152.04776000976562
1993-01-03,146.75857543945312
1993-01-04,125.17431640625
1993-01-05,118.41085815429688
1993-01-06,145.92823791503906
1993-01-07,197.0413360595703
1993-01-08,206.33079528808594
1993-01-09,176.42965698242188
1993-01-10,148.35787963867188
1993-01-11,126.81593322753906
1993-01-12,110.5325927734375
1993-01-13,100.66263580322266
1993-01-14,95.38146209716797
1993-01-15,90.9971923828125
1993-01-16,86.2983169555664
1993-01-17,82.30428314208984
1993-01-18,78.87560272216797
1993-01-19,74.71488189697266
1993-01-20,70.12034606933594
1993-01-21,66.65646362304688
1993-01-22,65.81159210205078
1993-01-23,72.83554077148438
1993-01-24,89.29978942871094
1993-01-25,105.26739501953125
1993-01-26,116.64674377441406
1993-01-27,117.46800231933594
1993-01-28,109.04859161376953
1993-01-29,99.90545654296875
1993-01-30,91.11880493164062
1993-01-31,82.179931640625
1993-02-01,74.72594451904297
1993-02-02,70.32026672363281
1993-02-03,67.29347229003906
1993-02-04,65.11013793945312
1993-02-05,62.98884582519531
1993-02-06,60.007877349853516
1993-02-07,56.28069305419922
1993-02-08,52.504859924316406
1993-02-09,50.58919906616211
1993-02-10,49.231876373291016
1993-02-11,48.32636642456055
1993-02-12,47.63549041748047
1993-02-13,46.6245002746582
1993-02-14,47.391929626464844
1993-02-15,48.8977165222168
1993-02-16,48.69313430786133
1993-02-17,49.11210632324219
1993-02-18,49.72229766845703
1993-02-19,48.89781188964844
1993-02-20,47.59355545043945
1993-02-21,46.59331130981445
1993-02-22,45.56048583984375
1993-02-23,44.7452507019043
1993-02-24,44.247291564941406
1993-02-25,43.736244201660156
1993-02-26,42.768985748291016
1993-02-27,41.79566955566406
1993-02-28,40.872535705566406
1993-03-01,40.395179748535156
1993-03-02,40.087127685546875
1993-03-03,40.13157653808594
1993-03-04,40.330833435058594
1993-03-05,40.454383850097656
1993-03-06,40.639896392822266
1993-03-07,41.30153274536133
1993-03-08,41.86094284057617
1993-03-09,42.78357696533203
1993-03-10,45.287078857421875
1993-03-11,49.388816833496094
1993-03-12,52.28526306152344
1993-03-13,51.78435134887695
1993-03-14,49.38019943237305
1993-03-15,46.48446273803711
1993-03-16,45.53835678100586
1993-03-17,49.62700653076172
1993-03-18,56.85022735595703
1993-03-19,61.26161193847656
1993-03-20,61.37150192260742
1993-03-21,61.415611267089844
1993-03-22,63.37441635131836
1993-03-23,67.09925079345703
1993-03-24,72.100341796875
1993-03-25,82.39247131347656
1993-03-26,103.25189208984375
1993-03-27,138.30348205566406
1993-03-28,195.69134521484375
1993-03-29,296.6728515625
1993-03-30,496.0362854003906
1993-03-31,809.5519409179688
1993-04-01,1034.98779296875
1993-04-02,1045.5911865234375
1993-04-03,901.9878540039062
1993-04-04,713.8394775390625
1993-04-05,563.390625
1993-04-06,474.750244140625
1993-04-07,430.5478820800781
1993-04-08,406.6890563964844
1993-04-09,399.2876281738281
1993-04-10,421.2773132324219
1993-04-11,501.71954345703125
1993-04-12,682.501708984375
1993-04-13,893.5849609375
1993-04-14,964.525146484375
1993-04-15,880.0413208007812
1993-04-16,728.76123046875
1993-04-17,613.680908203125
1993-04-18,612.7667236328125
1993-04-19,688.4683837890625
1993-04-20,651.900634765625
1993-04-21,537.60205078125
1993-04-22,447.46942138671875
1993-04-23,403.56378173828125
1993-04-24,410.03350830078125
1993-04-25,437.46551513671875
1993-04-26,410.349365234375
1993-04-27,381.4825744628906
1993-04-28,424.9619140625
1993-04-29,424.94915771484375
1993-04-30,364.98529052734375
1993-05-01,312.0238037109375
1993-05-02,273.0416259765625
1993-05-03,240.12686157226562
1993-05-04,212.41513061523438
1993-05-05,189.48460388183594
1993-05-06,171.23574829101562
1993-05-07,158.0428466796875
1993-05-08,148.2095947265625
1993-05-09,137.23736572265625
1993-05-10,124.30403137207031
1993-05-11,113.32032775878906
1993-05-12,106.50617980957031
1993-05-13,103.63865661621094
1993-05-14,99.68057250976562
1993-05-15,94.58903503417969
1993-05-16,88.55311584472656
1993-05-17,83.01879119873047
1993-05-18,79.94384002685547
1993-05-19,77.05908966064453
1993-05-20,74.23176574707031
1993-05-21,72.4740982055664
1993-05-22,70.04421997070312
1993-05-23,67.33804321289062
1993-05-24,64.07049560546875
1993-05-25,60.403236389160156
1993-05-26,57.89010238647461
1993-05-27,57.644222259521484
1993-05-28,56.184715270996094
1993-05-29,53.46708679199219
1993-05-30,50.42733383178711
1993-05-31,47.84714889526367
1993-06-01,47.3415412902832
1993-06-02,54.574859619140625
1993-06-03,68.39620971679688
1993-06-04,72.99130249023438
1993-06-05,64.37759399414062
1993-06-06,56.808292388916016
1993-06-07,57.32646560668945
1993-06-08,65.10880279541016
1993-06-09,69.20133209228516
1993-06-10,64.35114288330078
1993-06-11,61.071022033691406
1993-06-12,59.32369613647461
1993-06-13,55.15196990966797
1993-06-14,49.488834381103516
1993-06-15,44.32462692260742
1993-06-16,40.01658630371094
1993-06-17,37.64436340332031
1993-06-18,37.832000732421875
1993-06-19,37.17599105834961
1993-06-20,34.64179611206055
1993-06-21,33.987483978271484
1993-06-22,36.816261291503906
1993-06-23,42.757015228271484
1993-06-24,47.56865692138672
1993-06-25,46.12016296386719
1993-06-26,39.05493927001953
1993-06-27,32.9680290222168
1993-06-28,29.825824737548828
1993-06-29,28.506629943847656
1993-06-30,27.494836807250977
1993-07-01,26.104793548583984
1993-07-02,24.371753692626953
1993-07-03,22.38626480102539
1993-07-04,20.995635986328125
1993-07-05,20.421390533447266
1993-07-06,19.7232666015625
1993-07-07,18.320714950561523
1993-07-08,17.260082244873047
1993-07-09,16.589698791503906
1993-07-10,16.076160430908203
1993-07-11,15.643871307373047
1993-07-12,14.800430297851562
1993-07-13,13.8984375
1993-07-14,13.543432235717773
1993-07-15,13.597710609436035
1993-07-16,13.213905334472656
1993-07-17,12.600685119628906
1993-07-18,12.092960357666016
1993-07-19,11.698873519897461
1993-07-20,11.145221710205078
1993-07-21,10.774489402770996
1993-07-22,10.978330612182617
1993-07-23,11.509305953979492
1993-07-24,11.751795768737793
1993-07-25,11.644411087036133
1993-07-26,11.198917388916016
1993-07-27,10.617080688476562
1993-07-28,10.857324600219727
1993-07-29,13.475140571594238
1993-07-30,21.689395904541016
1993-07-31,44.75480651855469
1993-08-01,75.17285919189453
1993-08-02,74.23133850097656
1993-08-03,57.51060104370117
1993-08-04,46.9332275390625
1993-08-05,41.33642578125
1993-08-06,35.278045654296875
1993-08-07,29.194412231445312
1993-08-08,24.356557846069336
1993-08-09,20.93878746032715
1993-08-10,18.980941772460938
1993-08-11,17.84069061279297
1993-08-12,16.640817642211914
1993-08-13,15.352051734924316
1993-08-14,14.551355361938477
1993-08-15,14.607415199279785
1993-08-16,15.069473266601562
1993-08-17,15.292734146118164
1993-08-18,19.100074768066406
1993-08-19,32.339317321777344
1993-08-20,42.278995513916016
1993-08-21,38.6141471862793
1993-08-22,34.53150177001953
1993-08-23,39.31006622314453
1993-08-24,38.02280044555664
1993-08-25,30.760072708129883
1993-08-26,28.194984436035156
1993-08-27,39.91523742675781
1993-08-28,45.36482238769531
1993-08-29,36.69459915161133
1993-08-30,27.714244842529297
1993-08-31,22.443195343017578
1993-09-01,19.057878494262695
1993-09-02,17.259517669677734
1993-09-03,17.58045768737793
1993-09-04,18.500118255615234
1993-09-05,19.220640182495117
1993-09-06,20.667831420898438
1993-09-07,20.359710693359375
1993-09-08,18.789182662963867
1993-09-09,19.31120491027832
1993-09-10,21.335922241210938
1993-09-11,22.856708526611328
1993-09-12,25.167081832885742
1993-09-13,26.604766845703125
1993-09-14,23.87970733642578
1993-09-15,20.510473251342773
1993-09-16,18.2828311920166
1993-09-17,17.24101448059082
1993-09-18,17.269201278686523
1993-09-19,18.43670082092285
1993-09-20,20.515594482421875
1993-09-21,20.901992797851562
1993-09-22,19.326047897338867
1993-09-23,18.012828826904297
1993-09-24,18.3387393951416
1993-09-25,20.766061782836914
1993-09-26,23.174800872802734
1993-09-27,25.928773880004883
1993-09-28,38.307090759277344
1993-09-29,60.870361328125
1993-09-30,72.82783508300781
1993-10-01,64.86509704589844
1993-10-02,50.327178955078125
1993-10-03,40.44254684448242
1993-10-04,36.782527923583984
1993-10-05,40.393001556396484
1993-10-06,47.27724075317383
1993-10-07,50.719478607177734
1993-10-08,47.39532470703125
1993-10-09,41.203617095947266
1993-10-10,36.25807189941406
1993-10-11,33.16139221191406
1993-10-12,32.1666259765625
1993-10-13,34.25032043457031
1993-10-14,42.26215744018555
1993-10-15,50.85895538330078
1993-10-16,49.99260711669922
1993-10-17,45.25167465209961
1993-10-18,41.67201232910156
1993-10-19,39.33760070800781
1993-10-20,37.84198760986328
1993-10-21,35.997833251953125
1993-10-22,37.179298400878906
1993-10-23,50.12212371826172
1993-10-24,64.8986587524414
1993-10-25,60.96548080444336
1993-10-26,51.390907287597656
1993-10-27,45.27118682861328
1993-10-28,41.19301223754883
1993-10-29,38.337215423583984
1993-10-30,36.32129669189453
1993-10-31,35.64617156982422
1993-11-01,41.80816650390625
1993-11-02,64.125244140625
1993-11-03,93.94173431396484
1993-11-04,99.45665740966797
1993-11-05,87.44252014160156
1993-11-06,81.90650939941406
1993-11-07,98.68153381347656
1993-11-08,124.16416931152344
1993-11-09,114.75983428955078
1993-11-10,94.12977600097656
1993-11-11,79.7925796508789
1993-11-12,70.82710266113281
1993-11-13,64.8296127319336
1993-11-14,60.66205596923828
1993-11-15,57.55919647216797
1993-11-16,59.93824005126953
1993-11-17,67.9791488647461
1993-11-18,75.5190658569336
1993-11-19,89.94996643066406
1993-11-20,108.40196228027344
1993-11-21,122.30447387695312
1993-11-22,128.69219970703125
1993-11-23,120.80331420898438
1993-11-24,107.82206726074219
1993-11-25,96.93284606933594
1993-11-26,87.15625
1993-11-27,77.84193420410156
1993-11-28,81.05397033691406
1993-11-29,144.23263549804688
1993-11-30,293.8587951660156
1993-12-01,377.64520263671875
1993-12-02,308.8968505859375
1993-12-03,225.80186462402344
1993-12-04,178.35914611816406
1993-12-05,165.36068725585938
1993-12-06,209.92881774902344
1993-12-07,282.93212890625
1993-12-08,295.5127258300781
1993-12-09,256.66314697265625
1993-12-10,213.1468505859375
1993-12-11,185.2704620361328
1993-12-12,191.34829711914062
1993-12-13,215.57638549804688
1993-12-14,210.61904907226562
1993-12-15,191.47291564941406
1993-12-16,184.5933074951172
1993-12-17,183.71868896484375
1993-12-18,172.04037475585938
1993-12-19,152.52349853515625
1993-12-20,137.51266479492188
1993-12-21,144.8734588623047
1993-12-22,235.17080688476562
1993-12-23,411.93475341796875
1993-12-24,482.6812438964844
1993-12-25,394.34393310546875
1993-12-26,298.9992980957031
1993-12-27,239.70028686523438
1993-12-28,197.7562255859375
1993-12-29,166.40792846679688
1993-12-30,145.12474060058594
1993-12-31,131.13499450683594
1994-01-01,121.02027893066406
1994-01-02,113.57777404785156
1994-01-03,107.78245544433594
1994-01-04,100.46978759765625
1994-01-05,93.05006408691406
1994-01-06,87.79816436767578
1994-01-07,82.77445983886719
1994-01-08,78.29002380371094
1994-01-09,75.74862670898438
1994-01-10,73.67102813720703
1994-01-11,71.19731140136719
1994-01-12,69.6885986328125
1994-01-13,68.57003784179688
1994-01-14,67.10371398925781
1994-01-15,65.0909423828125
1994-01-16,62.3873291015625
1994-01-17,59.18263626098633
1994-01-18,61.0000114440918
1994-01-19,64.18658447265625
1994-01-20,63.31689453125
1994-01-21,61.80257034301758
1994-01-22,60.82331848144531
1994-01-23,59.32807540893555
1994-01-24,57.60862731933594
1994-01-25,56.72152328491211
1994-01-26,55.513370513916016
1994-01-27,53.022830963134766
1994-01-28,54.79598617553711
1994-01-29,82.42317199707031
1994-01-30,138.4237518310547
1994-01-31,172.58203125
1994-02-01,167.50103759765625
1994-02-02,149.0865020751953
1994-02-03,130.65147399902344
1994-02-04,115.82289123535156
1994-02-05,104.87600708007812
1994-02-06,96.95408630371094
1994-02-07,90.72097778320312
1994-02-08,84.7537841796875
1994-02-09,78.60615539550781
1994-02-10,72.93089294433594
1994-02-11,68.76547241210938
1994-02-12,66.24230194091797
1994-02-13,64.65339660644531
1994-02-14,63.14792251586914
1994-02-15,61.20499038696289
1994-02-16,59.262481689453125
1994-02-17,57.78825759887695
1994-02-18,56.93206787109375
1994-02-19,56.42927551269531
1994-02-20,58.62617492675781
1994-02-21,68.21808624267578
1994-02-22,90.09500122070312
1994-02-23,114.35389709472656
1994-02-24,122.79022979736328
1994-02-25,115.94771575927734
1994-02-26,106.86863708496094
1994-02-27,98.85047912597656
1994-02-28,91.22358703613281
1994-03-01,85.53131103515625
1994-03-02,81.10501861572266
1994-03-03,76.62419891357422
1994-03-04,73.39889526367188
1994-03-05,72.61854553222656
1994-03-06,72.39049530029297
1994-03-07,71.83895874023438
1994-03-08,74.1948471069336
1994-03-09,86.67403411865234
1994-03-10,117.04354095458984
1994-03-11,175.93499755859375
1994-03-12,237.8663787841797
1994-03-13,251.03140258789062
1994-03-14,229.89512634277344
1994-03-15,215.76278686523438
1994-03-16,215.38583374023438
1994-03-17,217.07530212402344
1994-03-18,207.85675048828125
1994-03-19,192.3434295654297
1994-03-20,178.74053955078125
1994-03-21,167.18304443359375
1994-03-22,172.80145263671875
1994-03-23,230.79806518554688
1994-03-24,335.584716796875
1994-03-25,428.12493896484375
1994-03-26,466.282470703125
1994-03-27,455.70501708984375
1994-03-28,424.41693115234375
1994-03-29,406.8691711425781
1994-03-30,416.9788818359375
1994-03-31,418.3413391113281
1994-04-01,401.492431640625
1994-04-02,384.00701904296875
1994-04-03,369.1484069824219
1994-04-04,370.4910583496094
1994-04-05,400.3092346191406
1994-04-06,429.64794921875
1994-04-07,476.959716796875
1994-04-08,603.3768310546875
1994-04-09,687.2064208984375
1994-04-10,625.2145385742188
1994-04-11,567.5880737304688
1994-04-12,581.0308227539062
1994-04-13,592.4310913085938
1994-04-14,626.7626953125
1994-04-15,758.2523803710938
1994-04-16,851.1632080078125
1994-04-17,867.5156860351562
1994-04-18,899.3763427734375
1994-04-19,827.6826171875
1994-04-20,663.785400390625
1994-04-21,545.40087890625
1994-04-22,483.8238220214844
1994-04-23,420.8856506347656
1994-04-24,352.4360046386719
1994-04-25,302.17138671875
1994-04-26,284.8742980957031
1994-04-27,312.0650634765625
1994-04-28,387.88153076171875
1994-04-29,422.18701171875
1994-04-30,397.3134765625
1994-05-01,342.6099853515625
1994-05-02,332.95550537109375
1994-05-03,363.47845458984375
1994-05-04,358.7674865722656
1994-05-05,307.9730224609375
1994-05-06,269.4203796386719
1994-05-07,256.7716979980469
1994-05-08,259.97296142578125
1994-05-09,314.4941101074219
1994-05-10,412.13787841796875
1994-05-11,428.35858154296875
1994-05-12,363.1896667480469
1994-05-13,306.111328125
1994-05-14,290.0401306152344
1994-05-15,274.14849853515625
1994-05-16,245.3592529296875
1994-05-17,254.97744750976562
1994-05-18,320.8780517578125
1994-05-19,358.3189392089844
1994-05-20,328.43218994140625
1994-05-21,278.6265869140625
1994-05-22,232.9466094970703
1994-05-23,199.74472045898438
1994-05-24,178.8925323486328
1994-05-25,165.5023956298828
1994-05-26,160.71267700195312
1994-05-27,171.6512451171875
1994-05-28,190.21865844726562
1994-05-29,195.0214080810547
1994-05-30,178.81373596191406
1994-05-31,156.22991943359375
1994-06-01,137.76528930664062
1994-06-02,124.13585662841797
1994-06-03,113.37820434570312
1994-06-04,104.48084259033203
1994-06-05,95.58411407470703
1994-06-06,86.594482421875
1994-06-07,79.8505630493164
1994-06-08,76.11378479003906
1994-06-09,74.27263641357422
1994-06-10,70.23405456542969
1994-06-11,63.56171798706055
1994-06-12,57.69872283935547
1994-06-13,55.566505432128906
1994-06-14,61.97816848754883
1994-06-15,76.0616455078125
1994-06-16,87.96985626220703
1994-06-17,84.64100646972656
1994-06-18,71.43455505371094
1994-06-19,61.66593933105469
1994-06-20,57.41724395751953
1994-06-21,53.89564895629883
1994-06-22,48.539859771728516
1994-06-23,44.85020446777344
1994-06-24,42.66551208496094
1994-06-25,40.155723571777344
1994-06-26,40.42176818847656
1994-06-27,44.72645950317383
1994-06-28,48.312923431396484
1994-06-29,47.615325927734375
1994-06-30,48.229278564453125
1994-07-01,51.317527770996094
1994-07-02,51.722267150878906
1994-07-03,47.76407241821289
1994-07-04,42.06021499633789
1994-07-05,37.40986633300781
1994-07-06,33.40972137451172
1994-07-07,30.63693618774414
1994-07-08,30.71327781677246
1994-07-09,34.83726501464844
1994-07-10,39.701927185058594
1994-07-11,43.27423858642578
1994-07-12,47.46706771850586
1994-07-13,45.854156494140625
1994-07-14,38.12207794189453
1994-07-15,31.843143463134766
1994-07-16,28.74549102783203
1994-07-17,28.631624221801758
1994-07-18,28.65582275390625
1994-07-19,26.592981338500977
1994-07-20,24.62435531616211
1994-07-21,23.501371383666992
1994-07-22,22.748119354248047
1994-07-23,22.20665740966797
1994-07-24,23.48693084716797
1994-07-25,26.67272186279297
1994-07-26,27.129436492919922
1994-07-27,25.793943405151367
1994-07-28,28.153236389160156
1994-07-29,37.032108306884766
1994-07-30,46.110145568847656
1994-07-31,47.86580276489258
1994-08-01,48.583953857421875
1994-08-02,49.43825912475586
1994-08-03,42.17939376831055
1994-08-04,35.00745391845703
1994-08-05,31.053953170776367
1994-08-06,28.09484100341797
1994-08-07,26.465763092041016
1994-08-08,25.577054977416992
1994-08-09,23.123167037963867
1994-08-10,20.598102569580078
1994-08-11,18.95920753479004
1994-08-12,18.279695510864258
1994-08-13,17.966474533081055
1994-08-14,18.575925827026367
1994-08-15,21.97397804260254
1994-08-16,26.044845581054688
1994-08-17,26.79997444152832
1994-08-18,25.679941177368164
1994-08-19,36.55181884765625
1994-08-20,65.56884765625
1994-08-21,77.78852081298828
1994-08-22,67.38579559326172
1994-08-23,71.03040313720703
1994-08-24,86.38320922851562
1994-08-25,79.7406005859375
1994-08-26,61.180015563964844
1994-08-27,47.44709014892578
1994-08-28,39.36968231201172
1994-08-29,34.45317840576172
1994-08-30,31.042909622192383
1994-08-31,28.484359741210938
1994-09-01,26.32785987854004
1994-09-02,25.035871505737305
1994-09-03,25.26975440979004
1994-09-04,25.437358856201172
1994-09-05,24.302831649780273
1994-09-06,24.9759464263916
1994-09-07,29.544097900390625
1994-09-08,35.180816650390625
1994-09-09,35.51756286621094
1994-09-10,32.014949798583984
1994-09-11,28.79734992980957
1994-09-12,26.441801071166992
1994-09-13,25.09414291381836
1994-09-14,24.632139205932617
1994-09-15,27.837234497070312
1994-09-16,37.311973571777344
1994-09-17,38.9471435546875
1994-09-18,34.68350601196289
1994-09-19,31.835432052612305
1994-09-20,29.135751724243164
1994-09-21,26.339439392089844
1994-09-22,23.93414306640625
1994-09-23,25.26153564453125
1994-09-24,41.333984375
1994-09-25,72.71227264404297
1994-09-26,91.44833374023438
1994-09-27,83.95828247070312
1994-09-28,75.0524673461914
1994-09-29,79.36331176757812
1994-09-30,93.02627563476562
1994-10-01,98.31005096435547
1994-10-02,86.63784790039062
1994-10-03,71.76329040527344
1994-10-04,60.43567657470703
1994-10-05,52.75453186035156
1994-10-06,47.62173843383789
1994-10-07,43.94639205932617
1994-10-08,40.72944641113281
1994-10-09,37.85865020751953
1994-10-10,35.44252014160156
1994-10-11,33.69129180908203
1994-10-12,33.63051223754883
1994-10-13,33.855384826660156
1994-10-14,32.3102912902832
1994-10-15,30.538623809814453
1994-10-16,29.19828224182129
1994-10-17,27.873966217041016
1994-10-18,26.71766471862793
1994-10-19,25.81575584411621
1994-10-20,25.166439056396484
1994-10-21,25.685009002685547
1994-10-22,29.121173858642578
1994-10-23,35.40259552001953
1994-10-24,38.437164306640625
1994-10-25,36.414485931396484
1994-10-26,33.524784088134766
1994-10-27,31.20027732849121
1994-10-28,29.428123474121094
1994-10-29,28.051725387573242
1994-10-30,26.856840133666992
1994-10-31,25.791461944580078
1994-11-01,25.227521896362305
1994-11-02,26.395383834838867
1994-11-03,31.72732162475586
1994-11-04,40.01727294921875
1994-11-05,42.89130401611328
1994-11-06,39.6933708190918
1994-11-07,37.55701446533203
1994-11-08,38.03913497924805
1994-11-09,40.25645446777344
1994-11-10,40.11735534667969
1994-11-11,37.5650634765625
1994-11-12,35.20884704589844
1994-11-13,33.42051696777344
1994-11-14,31.738937377929688
1994-11-15,30.50821876525879
1994-11-16,29.550384521484375
1994-11-17,29.00656509399414
1994-11-18,28.410564422607422
1994-11-19,27.818843841552734
1994-11-20,27.578227996826172
1994-11-21,27.927387237548828
1994-11-22,29.315929412841797
1994-11-23,35.66215515136719
1994-11-24,45.64020919799805
1994-11-25,47.83698272705078
1994-11-26,43.96684265136719
1994-11-27,40.36673355102539
1994-11-28,43.538787841796875
1994-11-29,76.00931549072266
1994-11-30,138.59146118164062
1994-12-01,159.837646484375
1994-12-02,135.75233459472656
1994-12-03,107.95230102539062
1994-12-04,89.6435775756836
1994-12-05,84.79487609863281
1994-12-06,112.02355194091797
1994-12-07,173.2274169921875
1994-12-08,210.5051727294922
1994-12-09,196.01919555664062
1994-12-10,163.0732879638672
1994-12-11,137.45767211914062
1994-12-12,131.79925537109375
1994-12-13,130.3476104736328
1994-12-14,118.78260040283203
1994-12-15,105.10458374023438
1994-12-16,94.98210144042969
1994-12-17,86.9686508178711
1994-12-18,82.0372314453125
1994-12-19,83.39927673339844
1994-12-20,87.03744506835938
1994-12-21,85.33753204345703
1994-12-22,81.91276550292969
1994-12-23,81.3003921508789
1994-12-24,110.66925048828125
1994-12-25,256.0162658691406
1994-12-26,502.38616943359375
1994-12-27,563.465576171875
1994-12-28,443.9313049316406
1994-12-29,326.377197265625
1994-12-30,252.3227996826172
1994-12-31,202.3299560546875
1995-01-01,169.36627197265625
1995-01-02,158.69935607910156
1995-01-03,163.454833984375
1995-01-04,161.08056640625
1995-01-05,146.4330596923828
1995-01-06,130.19566345214844
1995-01-07,123.39334106445312
1995-01-08,128.3042755126953
1995-01-09,129.20382690429688
1995-01-10,120.61788940429688
1995-01-11,108.98970031738281
1995-01-12,99.06897735595703
1995-01-13,95.88851165771484
1995-01-14,103.59915924072266
1995-01-15,126.72430419921875
1995-01-16,181.4577178955078
1995-01-17,282.4779968261719
1995-01-18,401.5714416503906
1995-01-19,441.4572448730469
1995-01-20,379.6527404785156
1995-01-21,320.933837890625
1995-01-22,338.429443359375
1995-01-23,407.4046630859375
1995-01-24,425.71038818359375
1995-01-25,371.2295227050781
1995-01-26,305.3719177246094
1995-01-27,255.69198608398438
1995-01-28,216.79055786132812
1995-01-29,185.6085205078125
1995-01-30,163.1170196533203
1995-01-31,147.66671752929688
1995-02-01,136.53067016601562
1995-02-02,127.47966003417969
1995-02-03,118.35649108886719
1995-02-04,109.07136535644531
1995-02-05,102.48013305664062
1995-02-06,96.36773681640625
1995-02-07,89.4218521118164
1995-02-08,84.36512756347656
1995-02-09,80.9841537475586
1995-02-10,78.53966522216797
1995-02-11,76.96501922607422
1995-02-12,74.763427734375
1995-02-13,71.09827423095703
1995-02-14,67.49990844726562
1995-02-15,64.92710876464844
1995-02-16,64.0888671875
1995-02-17,66.11123657226562
1995-02-18,67.34140014648438
1995-02-19,66.49144744873047
1995-02-20,65.69086456298828
1995-02-21,65.28925323486328
1995-02-22,64.81389617919922
1995-02-23,64.19156646728516
1995-02-24,64.16262817382812
1995-02-25,65.69926452636719
1995-02-26,66.20763397216797
1995-02-27,63.82831573486328
1995-02-28,61.53173065185547
1995-03-01,61.91412353515625
1995-03-02,62.854339599609375
1995-03-03,62.022918701171875
1995-03-04,59.75263214111328
1995-03-05,57.7612190246582
1995-03-06,57.35816955566406
1995-03-07,59.10127258300781
1995-03-08,67.26570129394531
1995-03-09,121.86647033691406
1995-03-10,279.6976013183594
1995-03-11,379.8893127441406
1995-03-12,350.3037109375
1995-03-13,295.6006774902344
1995-03-14,263.4686584472656
1995-03-15,252.85650634765625
1995-03-16,266.2939453125
1995-03-17,295.28338623046875
1995-03-18,341.8283996582031
1995-03-19,386.43560791015625
1995-03-20,387.7542419433594
1995-03-21,358.7893371582031
1995-03-22,357.414794921875
1995-03-23,400.47064208984375
1995-03-24,441.25616455078125
1995-03-25,410.1990966796875
1995-03-26,343.5630798339844
1995-03-27,286.0766296386719
1995-03-28,248.42971801757812
1995-03-29,224.05418395996094
1995-03-30,207.83673095703125
1995-03-31,202.3798828125
1995-04-01,207.74208068847656
1995-04-02,210.9986572265625
1995-04-03,198.8052215576172
1995-04-04,180.06594848632812
1995-04-05,169.39572143554688
1995-04-06,164.2309112548828
1995-04-07,154.67047119140625
1995-04-08,145.18653869628906
1995-04-09,138.10379028320312
1995-04-10,133.98683166503906
1995-04-11,135.8197784423828
1995-04-12,136.77349853515625
1995-04-13,139.68600463867188
1995-04-14,161.8745880126953
1995-04-15,195.54225158691406
1995-04-16,207.3984832763672
1995-04-17,191.61929321289062
1995-04-18,169.51162719726562
1995-04-19,154.29937744140625
1995-04-20,152.91448974609375
1995-04-21,170.52386474609375
1995-04-22,200.85585021972656
1995-04-23,229.0448760986328
1995-04-24,242.92495727539062
1995-04-25,226.96438598632812
1995-04-26,194.2648162841797
1995-04-27,168.3682861328125
1995-04-28,153.84030151367188
1995-04-29,148.9941864013672
1995-04-30,155.8538818359375
1995-05-01,159.47552490234375
1995-05-02,153.95555114746094
1995-05-03,143.96531677246094
1995-05-04,132.16293334960938
1995-05-05,122.66592407226562
1995-05-06,115.30450439453125
1995-05-07,108.62761688232422
1995-05-08,100.60530090332031
1995-05-09,90.73558044433594
1995-05-10,83.45169830322266
1995-05-11,79.6358642578125
1995-05-12,82.30613708496094
1995-05-13,93.03206634521484
1995-05-14,102.4256591796875
1995-05-15,106.28659057617188
1995-05-16,120.83644104003906
1995-05-17,156.15296936035156
1995-05-18,179.72262573242188
1995-05-19,172.79071044921875
1995-05-20,158.2784423828125
1995-05-21,141.41888427734375
1995-05-22,127.43152618408203
1995-05-23,118.51907348632812
1995-05-24,110.84709167480469
1995-05-25,102.54554748535156
1995-05-26,98.16081237792969
1995-05-27,95.79077911376953
1995-05-28,91.158447265625
1995-05-29,86.88102722167969
1995-05-30,86.94865417480469
1995-05-31,102.78410339355469
1995-06-01,118.02101135253906
1995-06-02,109.55004119873047
1995-06-03,92.58596801757812
1995-06-04,84.05110168457031
1995-06-05,88.1099853515625
1995-06-06,93.61005401611328
1995-06-07,85.95952606201172
1995-06-08,74.8963394165039
1995-06-09,68.11895751953125
1995-06-10,62.55133819580078
1995-06-11,56.606773376464844
1995-06-12,52.6166877746582
1995-06-13,53.73773193359375
1995-06-14,59.125030517578125
1995-06-15,61.59417724609375
1995-06-16,60.315006256103516
1995-06-17,58.92277526855469
1995-06-18,55.53147888183594
1995-06-19,49.501747131347656
1995-06-20,43.70996856689453
1995-06-21,38.85382080078125
1995-06-22,34.67598342895508
1995-06-23,31.050344467163086
1995-06-24,28.288646697998047
1995-06-25,26.276979446411133
1995-06-26,25.565568923950195
1995-06-27,25.634727478027344
1995-06-28,24.736183166503906
1995-06-29,22.816179275512695
1995-06-30,20.95562171936035
1995-07-01,19.854902267456055
1995-07-02,19.45713233947754
1995-07-03,19.448101043701172
1995-07-04,19.086448669433594
1995-07-05,17.90903091430664
1995-07-06,16.60500717163086
1995-07-07,15.680465698242188
1995-07-08,15.385889053344727
1995-07-09,16.744760513305664
1995-07-10,19.621536254882812
1995-07-11,20.944656372070312
1995-07-12,19.999900817871094
1995-07-13,18.790477752685547
1995-07-14,17.486474990844727
1995-07-15,16.182098388671875
1995-07-16,15.49354076385498
1995-07-17,15.906569480895996
1995-07-18,19.421710968017578
1995-07-19,30.4188175201416
1995-07-20,40.808753967285156
1995-07-21,38.006507873535156
1995-07-22,30.335594177246094
1995-07-23,25.72890281677246
1995-07-24,22.939599990844727
1995-07-25,20.667470932006836
1995-07-26,20.729734420776367
1995-07-27,26.36419105529785
1995-07-28,35.77012252807617
1995-07-29,43.223876953125
1995-07-30,54.5112419128418
1995-07-31,57.810340881347656
1995-08-01,46.563438415527344
1995-08-02,34.673912048339844
1995-08-03,28.79930877685547
1995-08-04,29.112083435058594
1995-08-05,42.16590118408203
1995-08-06,64.8209228515625
1995-08-07,90.16314697265625
1995-08-08,109.2254638671875
1995-08-09,99.04676055908203
1995-08-10,71.87098693847656
1995-08-11,51.96316146850586
1995-08-12,40.791168212890625
1995-08-13,36.09183883666992
1995-08-14,36.8505973815918
1995-08-15,35.524688720703125
1995-08-16,30.556509017944336
1995-08-17,26.849380493164062
1995-08-18,24.73275375366211
1995-08-19,22.250564575195312
1995-08-20,19.847782135009766
1995-08-21,17.88694953918457
1995-08-22,16.389991760253906
1995-08-23,15.225900650024414
1995-08-24,14.24669075012207
1995-08-25,13.494649887084961
1995-08-26,13.03066635131836
1995-08-27,12.70854377746582
1995-08-28,12.388261795043945
1995-08-29,12.279951095581055
1995-08-30,12.044164657592773
1995-08-31,11.473007202148438
1995-09-01,10.917076110839844
1995-09-02,10.559279441833496
1995-09-03,10.374870300292969
1995-09-04,10.059995651245117
1995-09-05,9.583280563354492
1995-09-06,9.195561408996582
1995-09-07,8.94474983215332
1995-09-08,8.873241424560547
1995-09-09,8.952276229858398
1995-09-10,9.305370330810547
1995-09-11,10.250322341918945
1995-09-12,11.408031463623047
1995-09-13,10.97552490234375
1995-09-14,10.18655776977539
1995-09-15,10.378233909606934
1995-09-16,11.749088287353516
1995-09-17,12.727825164794922
1995-09-18,13.969688415527344
1995-09-19,15.9322509765625
1995-09-20,16.017967224121094
1995-09-21,14.398088455200195
1995-09-22,13.043413162231445
1995-09-23,13.306731224060059
1995-09-24,17.669620513916016
1995-09-25,24.86865997314453
1995-09-26,25.67069435119629
1995-09-27,22.483562469482422
1995-09-28,20.88095474243164
1995-09-29,19.942516326904297
1995-09-30,18.031511306762695
1995-10-01,16.036861419677734
1995-10-02,14.701735496520996
1995-10-03,14.01083755493164
1995-10-04,13.53968620300293
1995-10-05,14.573156356811523
1995-10-06,24.63731575012207
1995-10-07,62.33833694458008
1995-10-08,108.60955047607422
1995-10-09,113.71980285644531
1995-10-10,87.52925872802734
1995-10-11,63.650367736816406
1995-10-12,49.07457733154297
1995-10-13,40.75871276855469
1995-10-14,35.53394317626953
1995-10-15,34.559791564941406
1995-10-16,48.141502380371094
1995-10-17,75.77796936035156
1995-10-18,83.89677429199219
1995-10-19,69.00079345703125
1995-10-20,54.708580017089844
1995-10-21,48.5636100769043
1995-10-22,84.30776977539062
1995-10-23,293.421142578125
1995-10-24,572.38720703125
1995-10-25,454.7640380859375
1995-10-26,272.07733154296875
1995-10-27,184.27870178222656
1995-10-28,155.5391387939453
1995-10-29,270.54107666015625
1995-10-30,579.9327392578125
1995-10-31,647.4754638671875
1995-11-01,465.58123779296875
1995-11-02,336.59588623046875
1995-11-03,335.2105712890625
1995-11-04,393.15594482421875
1995-11-05,411.3131408691406
1995-11-06,362.71563720703125
1995-11-07,292.3193359375
1995-11-08,250.31661987304688
1995-11-09,253.3441162109375
1995-11-10,264.47235107421875
1995-11-11,241.5684051513672
1995-11-12,244.8319091796875
1995-11-13,419.1390380859375
1995-11-14,669.202880859375
1995-11-15,660.780517578125
1995-11-16,661.68505859375
1995-11-17,728.1519775390625
1995-11-18,657.0177001953125
1995-11-19,513.9785766601562
1995-11-20,413.2046813964844
1995-11-21,358.92388916015625
1995-11-22,325.03778076171875
1995-11-23,296.399658203125
1995-11-24,264.5366516113281
1995-11-25,232.99285888671875
1995-11-26,205.99330139160156
1995-11-27,184.79965209960938
1995-11-28,169.60244750976562
1995-11-29,159.46226501464844
1995-11-30,151.34999084472656
1995-12-01,141.54425048828125
1995-12-02,134.53033447265625
1995-12-03,131.88427734375
1995-12-04,127.79846954345703
1995-12-05,122.10237121582031
1995-12-06,118.07135009765625
1995-12-07,114.98013305664062
1995-12-08,111.02061462402344
1995-12-09,104.56825256347656
1995-12-10,99.01641082763672
1995-12-11,96.14411163330078
1995-12-12,92.66706848144531
1995-12-13,88.26976776123047
1995-12-14,84.37422180175781
1995-12-15,81.49041748046875
1995-12-16,80.49274444580078
1995-12-17,80.65862274169922
1995-12-18,80.02349090576172
1995-12-19,78.11361694335938
1995-12-20,75.61725616455078
1995-12-21,73.67334747314453
1995-12-22,72.60884094238281
1995-12-23,72.33184814453125
1995-12-24,72.22099304199219
1995-12-25,71.21898651123047
1995-12-26,69.65641021728516
1995-12-27,68.20034790039062
1995-12-28,66.847900390625
1995-12-29,65.92327117919922
1995-12-30,64.9341812133789
1995-12-31,64.10689544677734
1996-01-01,63.104942321777344
1996-01-02,61.568729400634766
1996-01-03,58.82035827636719
1996-01-04,56.28946304321289
1996-01-05,54.73809814453125
1996-01-06,53.618408203125
1996-01-07,52.66651916503906
1996-01-08,51.88251495361328
1996-01-09,51.415977478027344
1996-01-10,51.16516876220703
1996-01-11,50.829532623291016
1996-01-12,50.29740905761719
1996-01-13,50.05626678466797
1996-01-14,50.901641845703125
1996-01-15,51.710289001464844
1996-01-16,51.24659729003906
1996-01-17,50.35923767089844
1996-01-18,51.947261810302734
1996-01-19,69.00008392333984
1996-01-20,165.4617462158203
1996-01-21,418.1516418457031
1996-01-22,625.6951904296875
1996-01-23,550.4503173828125
1996-01-24,431.431884765625
1996-01-25,426.28582763671875
1996-01-26,519.993408203125
1996-01-27,558.73974609375
1996-01-28,600.797607421875
1996-01-29,774.5721435546875
1996-01-30,815.816650390625
1996-01-31,666.9300537109375
1996-02-01,520.8074340820312
1996-02-02,411.36566162109375
1996-02-03,335.18231201171875
1996-02-04,283.1950378417969
1996-02-05,240.88880920410156
1996-02-06,208.119384765625
1996-02-07,185.5699462890625
1996-02-08,169.77120971679688
1996-02-09,161.5610809326172
1996-02-10,160.87469482421875
1996-02-11,160.834716796875
1996-02-12,155.4305877685547
1996-02-13,143.03619384765625
1996-02-14,129.14303588867188
1996-02-15,118.85507202148438
1996-02-16,111.77503967285156
1996-02-17,105.41228485107422
1996-02-18,100.71424102783203
1996-02-19,96.33177947998047
1996-02-20,92.64422607421875
1996-02-21,103.58040618896484
1996-02-22,179.3926239013672
1996-02-23,370.66485595703125
1996-02-24,591.8849487304688
1996-02-25,714.403564453125
1996-02-26,772.30029296875
1996-02-27,714.639404296875
1996-02-28,574.8941650390625
1996-02-29,464.04779052734375
1996-03-01,391.2867431640625
1996-03-02,332.39678955078125
1996-03-03,282.8629455566406
1996-03-04,245.8761444091797
1996-03-05,215.87692260742188
1996-03-06,193.31500244140625
1996-03-07,176.55755615234375
1996-03-08,162.5421600341797
1996-03-09,149.30894470214844
1996-03-10,138.46231079101562
1996-03-11,131.19924926757812
1996-03-12,125.89366912841797
1996-03-13,122.66737365722656
1996-03-14,122.959716796875
1996-03-15,130.09573364257812
1996-03-16,146.6241912841797
1996-03-17,160.6494140625
1996-03-18,163.16354370117188
1996-03-19,162.21922302246094
1996-03-20,173.8297119140625
1996-03-21,222.6472930908203
1996-03-22,284.58673095703125
1996-03-23,302.6075134277344
1996-03-24,279.2880859375
1996-03-25,249.70236206054688
1996-03-26,240.08892822265625
1996-03-27,252.298583984375
1996-03-28,257.463623046875
1996-03-29,241.30934143066406
1996-03-30,220.04039001464844
1996-03-31,207.29437255859375
1996-04-01,201.43527221679688
1996-04-02,208.13592529296875
1996-04-03,236.14480590820312
1996-04-04,256.2322082519531
1996-04-05,244.71990966796875
1996-04-06,223.93667602539062
1996-04-07,209.32574462890625
1996-04-08,201.12118530273438
1996-04-09,195.11863708496094
1996-04-10,187.9237060546875
1996-04-11,195.2769012451172
1996-04-12,230.33514404296875
1996-04-13,287.1453552246094
1996-04-14,339.8098449707031
1996-04-15,386.49822998046875
1996-04-16,495.3788146972656
1996-04-17,886.161376953125
1996-04-18,1433.0045166015625
1996-04-19,1516.4918212890625
1996-04-20,1185.7281494140625
1996-04-21,902.3261108398438
1996-04-22,755.069091796875
1996-04-23,696.503662109375
1996-04-24,752.2412109375
1996-04-25,917.843017578125
1996-04-26,936.3687133789062
1996-04-27,746.58203125
1996-04-28,613.1729125976562
1996-04-29,582.8695068359375
1996-04-30,511.5685119628906
1996-05-01,476.9534912109375
1996-05-02,580.9314575195312
1996-05-03,701.5155029296875
1996-05-04,622.32666015625
1996-05-05,527.80029296875
1996-05-06,492.3065185546875
1996-05-07,464.22235107421875
1996-05-08,408.1256103515625
1996-05-09,348.1710510253906
1996-05-10,307.40521240234375
1996-05-11,319.49578857421875
1996-05-12,471.6534423828125
1996-05-13,866.0175170898438
1996-05-14,1111.547607421875
1996-05-15,940.65478515625
1996-05-16,684.3442993164062
1996-05-17,521.582763671875
1996-05-18,433.6430969238281
1996-05-19,383.3362121582031
1996-05-20,361.39044189453125
1996-05-21,356.3353576660156
1996-05-22,346.93792724609375
1996-05-23,321.2593078613281
1996-05-24,282.8358154296875
1996-05-25,243.28390502929688
1996-05-26,209.87554931640625
1996-05-27,182.60635375976562
1996-05-28,162.14662170410156
1996-05-29,147.23675537109375
1996-05-30,139.93548583984375
1996-05-31,143.62442016601562
1996-06-01,146.25149536132812
1996-06-02,137.0424346923828
1996-06-03,124.07288360595703
1996-06-04,116.64566802978516
1996-06-05,119.71329498291016
1996-06-06,127.75424194335938
1996-06-07,129.42799377441406
1996-06-08,120.4210205078125
1996-06-09,118.14927673339844
1996-06-10,135.08831787109375
1996-06-11,151.96897888183594
1996-06-12,157.2852325439453
1996-06-13,149.36004638671875
1996-06-14,135.24937438964844
1996-06-15,127.91996765136719
1996-06-16,124.4848403930664
1996-06-17,113.39208984375
1996-06-18,99.1311264038086
1996-06-19,87.60494995117188
1996-06-20,78.6081771850586
1996-06-21,72.24491119384766
1996-06-22,69.75318908691406
1996-06-23,73.44947052001953
1996-06-24,91.13202667236328
1996-06-25,116.41214752197266
1996-06-26,123.53447723388672
1996-06-27,124.06520080566406
1996-06-28,119.57150268554688
1996-06-29,103.53252410888672
1996-06-30,87.84883880615234
1996-07-01,79.18385314941406
1996-07-02,78.81730651855469
1996-07-03,78.18655395507812
1996-07-04,73.2181167602539
1996-07-05,81.38349914550781
1996-07-06,107.62022399902344
1996-07-07,127.01023864746094
1996-07-08,114.97601318359375
1996-07-09,93.9040756225586
1996-07-10,80.28317260742188
1996-07-11,72.52686309814453
1996-07-12,65.74510192871094
1996-07-13,68.77023315429688
1996-07-14,136.50582885742188
1996-07-15,314.91571044921875
1996-07-16,466.421630859375
1996-07-17,530.969482421875
1996-07-18,494.2354431152344
1996-07-19,369.24871826171875
1996-07-20,263.2435302734375
1996-07-21,214.07533264160156
1996-07-22,207.01266479492188
1996-07-23,187.0121307373047
1996-07-24,151.4490966796875
1996-07-25,122.4580078125
1996-07-26,104.08960723876953
1996-07-27,100.61775970458984
1996-07-28,124.36190795898438
1996-07-29,139.1696319580078
1996-07-30,120.34745788574219
1996-07-31,98.11589813232422
1996-08-01,85.06829833984375
1996-08-02,80.13237762451172
1996-08-03,78.854736328125
1996-08-04,75.85630798339844
1996-08-05,72.14986419677734
1996-08-06,70.02470397949219
1996-08-07,65.84126281738281
1996-08-08,59.060298919677734
1996-08-09,53.00777816772461
1996-08-10,48.58484649658203
1996-08-11,46.22962188720703
1996-08-12,44.48893737792969
1996-08-13,41.60529327392578
1996-08-14,38.756473541259766
1996-08-15,36.52543640136719
1996-08-16,34.29424285888672
1996-08-17,32.205596923828125
1996-08-18,30.825031280517578
1996-08-19,30.011947631835938
1996-08-20,28.520843505859375
1996-08-21,26.69295310974121
1996-08-22,25.281648635864258
1996-08-23,24.798168182373047
1996-08-24,24.793798446655273
1996-08-25,23.91136360168457
1996-08-26,22.791339874267578
1996-08-27,21.704275131225586
1996-08-28,21.06524085998535
1996-08-29,21.01026153564453
1996-08-30,20.691377639770508
1996-08-31,19.860124588012695
1996-09-01,18.755325317382812
1996-09-02,17.855499267578125
1996-09-03,17.456634521484375
1996-09-04,17.60715675354004
1996-09-05,17.698427200317383
1996-09-06,17.20191764831543
1996-09-07,16.543378829956055
1996-09-08,15.933727264404297
1996-09-09,15.707464218139648
1996-09-10,16.38309097290039
1996-09-11,17.965158462524414
1996-09-12,19.345489501953125
1996-09-13,19.000734329223633
1996-09-14,18.356008529663086
1996-09-15,18.569555282592773
1996-09-16,18.90670394897461
1996-09-17,19.12632179260254
1996-09-18,23.534666061401367
1996-09-19,34.075504302978516
1996-09-20,41.472286224365234
1996-09-21,38.94630432128906
1996-09-22,32.24622344970703
1996-09-23,28.161218643188477
1996-09-24,28.799022674560547
1996-09-25,31.700523376464844
1996-09-26,32.96221160888672
1996-09-27,34.364322662353516
1996-09-28,34.32396697998047
1996-09-29,32.09442138671875
1996-09-30,33.664085388183594
1996-10-01,40.59821701049805
1996-10-02,42.888267517089844
1996-10-03,37.75943374633789
1996-10-04,32.68659973144531
1996-10-05,30.030210494995117
1996-10-06,28.459548950195312
1996-10-07,26.665369033813477
1996-10-08,25.105398178100586
1996-10-09,26.778430938720703
1996-10-10,39.52165603637695
1996-10-11,62.248207092285156
1996-10-12,77.92837524414062
1996-10-13,75.58097839355469
1996-10-14,62.867069244384766
1996-10-15,52.269561767578125
1996-10-16,45.87939453125
1996-10-17,41.288047790527344
1996-10-18,37.516136169433594
1996-10-19,34.79505157470703
1996-10-20,47.33315658569336
1996-10-21,222.0320281982422
1996-10-22,833.8253173828125
1996-10-23,1315.917236328125
1996-10-24,1155.5283203125
1996-10-25,761.4561767578125
1996-10-26,506.14697265625
1996-10-27,369.681640625
1996-10-28,283.083740234375
1996-10-29,230.02720642089844
1996-10-30,199.77426147460938
1996-10-31,180.16734313964844
1996-11-01,167.46572875976562
1996-11-02,157.91696166992188
1996-11-03,145.42788696289062
1996-11-04,132.5445098876953
1996-11-05,120.52178192138672
1996-11-06,110.48810577392578
1996-11-07,103.3126220703125
1996-11-08,99.34143829345703
1996-11-09,109.45008850097656
1996-11-10,196.40341186523438
1996-11-11,378.1015930175781
1996-11-12,395.1219787597656
1996-11-13,307.40692138671875
1996-11-14,240.21180725097656
1996-11-15,196.93197631835938
1996-11-16,167.4363555908203
1996-11-17,146.36123657226562
1996-11-18,131.05438232421875
1996-11-19,121.6463623046875
1996-11-20,116.18106842041016
1996-11-21,113.08895111083984
1996-11-22,109.03944396972656
1996-11-23,102.38159942626953
1996-11-24,95.97676086425781
1996-11-25,90.38711547851562
1996-11-26,88.20074462890625
1996-11-27,95.06648254394531
1996-11-28,102.28849029541016
1996-11-29,100.9598617553711
1996-11-30,96.1179428100586
1996-12-01,97.81368255615234
1996-12-02,178.25103759765625
1996-12-03,547.3408813476562
1996-12-04,972.8922729492188
1996-12-05,849.6441650390625
1996-12-06,590.0250854492188
1996-12-07,444.4586181640625
1996-12-08,391.39410400390625
1996-12-09,410.64166259765625
1996-12-10,420.2401428222656
1996-12-11,380.6012268066406
1996-12-12,331.8409729003906
1996-12-13,301.1619567871094
1996-12-14,284.3157043457031
1996-12-15,268.2460632324219
1996-12-16,260.11663818359375
1996-12-17,274.8863220214844
1996-12-18,338.503662109375
1996-12-19,449.2573547363281
1996-12-20,523.1607055664062
1996-12-21,514.3043212890625
1996-12-22,439.59466552734375
1996-12-23,357.9037170410156
1996-12-24,306.1285400390625
1996-12-25,314.11138916015625
1996-12-26,411.5098571777344
1996-12-27,466.27093505859375
1996-12-28,408.6309509277344
1996-12-29,348.8126220703125
1996-12-30,332.03515625
1996-12-31,335.2332763671875
1997-01-01,306.48760986328125
1997-01-02,259.1458740234375
1997-01-03,226.17098999023438
1997-01-04,207.24856567382812
1997-01-05,195.75350952148438
1997-01-06,195.90545654296875
1997-01-07,204.24655151367188
1997-01-08,196.99398803710938
1997-01-09,177.52293395996094
1997-01-10,161.12570190429688
1997-01-11,152.2891845703125
1997-01-12,144.00430297851562
1997-01-13,134.66065979003906
1997-01-14,127.02992248535156
1997-01-15,120.67330169677734
1997-01-16,119.79952239990234
1997-01-17,132.09628295898438
1997-01-18,144.28961181640625
1997-01-19,138.6612091064453
1997-01-20,126.57344818115234
1997-01-21,118.29585266113281
1997-01-22,112.27245330810547
1997-01-23,108.2503890991211
1997-01-24,104.91866302490234
1997-01-25,105.89974212646484
1997-01-26,130.2902069091797
1997-01-27,163.0396270751953
1997-01-28,165.853515625
1997-01-29,156.83470153808594
1997-01-30,147.96609497070312
1997-01-31,136.43484497070312
1997-02-01,127.91295623779297
1997-02-02,124.54219055175781
1997-02-03,121.62889862060547
1997-02-04,116.3724136352539
1997-02-05,115.05785369873047
1997-02-06,128.69215393066406
1997-02-07,146.2008056640625
1997-02-08,147.03497314453125
1997-02-09,135.9599151611328
1997-02-10,124.98576354980469
1997-02-11,116.77661895751953
1997-02-12,109.72667694091797
1997-02-13,103.38760375976562
1997-02-14,96.62458801269531
1997-02-15,92.8995361328125
1997-02-16,92.14153289794922
1997-02-17,88.84073638916016
1997-02-18,84.18646240234375
1997-02-19,85.93215942382812
1997-02-20,97.11439514160156
1997-02-21,117.68848419189453
1997-02-22,152.67282104492188
1997-02-23,210.1978759765625
1997-02-24,252.468505859375
1997-02-25,241.49160766601562
1997-02-26,207.93035888671875
1997-02-27,187.65887451171875
1997-02-28,216.0278778076172
1997-03-01,299.7305908203125
1997-03-02,349.7286376953125
1997-03-03,351.95465087890625
1997-03-04,347.6303405761719
1997-03-05,317.92828369140625
1997-03-06,281.62982177734375
1997-03-07,270.3198547363281
1997-03-08,252.9226531982422
1997-03-09,224.27072143554688
1997-03-10,201.3767547607422
1997-03-11,191.8622283935547
1997-03-12,186.22756958007812
1997-03-13,174.31552124023438
1997-03-14,157.7091064453125
1997-03-15,144.86257934570312
1997-03-16,136.7777862548828
1997-03-17,128.39137268066406
1997-03-18,122.79875183105469
1997-03-19,119.52532958984375
1997-03-20,114.49056243896484
1997-03-21,110.70331573486328
1997-03-22,109.96125793457031
1997-03-23,109.35316467285156
1997-03-24,106.11540222167969
1997-03-25,103.13653564453125
1997-03-26,111.24710845947266
1997-03-27,150.4661102294922
1997-03-28,212.25247192382812
1997-03-29,270.13763427734375
1997-03-30,329.9768981933594
1997-03-31,405.3221130371094
1997-04-01,510.906494140625
1997-04-02,599.0670166015625
1997-04-03,565.169921875
1997-04-04,497.56158447265625
1997-04-05,463.809326171875
1997-04-06,452.7265625
1997-04-07,472.451416015625
1997-04-08,547.2870483398438
1997-04-09,624.5731201171875
1997-04-10,588.6874389648438
1997-04-11,478.04693603515625
1997-04-12,390.8416748046875
1997-04-13,343.0919189453125
1997-04-14,340.016845703125
1997-04-15,364.2669677734375
1997-04-16,367.45660400390625
1997-04-17,351.6214599609375
1997-04-18,383.5721130371094
1997-04-19,650.4974975585938
1997-04-20,1236.161376953125
1997-04-21,1504.1917724609375
1997-04-22,1222.681396484375
1997-04-23,901.771728515625
1997-04-24,706.7859497070312
1997-04-25,589.9346923828125
1997-04-26,509.8829040527344
1997-04-27,447.40142822265625
1997-04-28,407.051025390625
1997-04-29,442.9670715332031
1997-04-30,561.4107666015625
1997-05-01,590.4705810546875
1997-05-02,509.9783935546875
1997-05-03,442.4019470214844
1997-05-04,414.3376159667969
1997-05-05,398.57257080078125
1997-05-06,372.2220764160156
1997-05-07,343.8888244628906
1997-05-08,351.35723876953125
1997-05-09,384.7072448730469
1997-05-10,368.9373474121094
1997-05-11,333.1319274902344
1997-05-12,314.5882568359375
1997-05-13,296.41522216796875
1997-05-14,272.94384765625
1997-05-15,251.29849243164062
1997-05-16,237.1022186279297
1997-05-17,235.35621643066406
1997-05-18,240.6548309326172
1997-05-19,234.94363403320312
1997-05-20,227.61180114746094
1997-05-21,237.129150390625
1997-05-22,242.723876953125
1997-05-23,229.0460205078125
1997-05-24,208.2079620361328
1997-05-25,190.43499755859375
1997-05-26,175.4396209716797
1997-05-27,163.43406677246094
1997-05-28,151.88882446289062
1997-05-29,137.71102905273438
1997-05-30,125.50357055664062
1997-05-31,117.22608947753906
1997-06-01,112.34234619140625
1997-06-02,112.91620635986328
1997-06-03,118.8990478515625
1997-06-04,120.92726135253906
1997-06-05,111.06639862060547
1997-06-06,99.67274475097656
1997-06-07,90.61044311523438
1997-06-08,83.20079040527344
1997-06-09,77.39957427978516
1997-06-10,72.04683685302734
1997-06-11,66.73876953125
1997-06-12,62.00709915161133
1997-06-13,58.418312072753906
1997-06-14,57.09916305541992
1997-06-15,57.76048278808594
1997-06-16,55.91913604736328
1997-06-17,50.903526306152344
1997-06-18,46.80879211425781
1997-06-19,47.23302459716797
1997-06-20,55.35041427612305
1997-06-21,69.41446685791016
1997-06-22,69.4167709350586
1997-06-23,60.521968841552734
1997-06-24,55.4849739074707
1997-06-25,51.41740798950195
1997-06-26,45.50965881347656
1997-06-27,40.436641693115234
1997-06-28,36.829681396484375
1997-06-29,33.571781158447266
1997-06-30,30.529766082763672
1997-07-01,28.020954132080078
1997-07-02,25.961597442626953
1997-07-03,24.888208389282227
1997-07-04,27.834430694580078
1997-07-05,45.636871337890625
1997-07-06,73.44413757324219
1997-07-07,67.84381103515625
1997-07-08,50.68644332885742
1997-07-09,43.30076217651367
1997-07-10,46.900333404541016
1997-07-11,58.94771194458008
1997-07-12,69.72785186767578
1997-07-13,63.021385192871094
1997-07-14,50.178253173828125
1997-07-15,41.73929214477539
1997-07-16,46.05714416503906
1997-07-17,83.00104522705078
1997-07-18,116.19170379638672
1997-07-19,105.66947937011719
1997-07-20,88.7056655883789
1997-07-21,76.94274139404297
1997-07-22,64.55905151367188
1997-07-23,53.03396224975586
1997-07-24,45.06499481201172
1997-07-25,39.372806549072266
1997-07-26,35.31110382080078
1997-07-27,31.879892349243164
1997-07-28,28.815982818603516
1997-07-29,26.506505966186523
1997-07-30,24.90951919555664
1997-07-31,23.500385284423828
1997-08-01,21.767351150512695
1997-08-02,20.15651512145996
1997-08-03,18.962398529052734
1997-08-04,18.143583297729492
1997-08-05,17.998106002807617
1997-08-06,18.126720428466797
1997-08-07,17.897050857543945
1997-08-08,17.25520133972168
1997-08-09,16.240859985351562
1997-08-10,15.34235668182373
1997-08-11,14.713555335998535
1997-08-12,14.298166275024414
1997-08-13,14.984140396118164
1997-08-14,19.73725128173828
1997-08-15,29.1190242767334
1997-08-16,33.187442779541016
1997-08-17,28.37584686279297
1997-08-18,24.174415588378906
1997-08-19,22.077945709228516
1997-08-20,19.751352310180664
1997-08-21,18.206899642944336
1997-08-22,21.5704288482666
1997-08-23,33.9915885925293
1997-08-24,44.88246154785156
1997-08-25,45.16539764404297
1997-08-26,37.680484771728516
1997-08-27,30.0698184967041
1997-08-28,26.03272819519043
1997-08-29,29.31640625
1997-08-30,47.84125518798828
1997-08-31,66.92316436767578
1997-09-01,63.31929016113281
1997-09-02,49.55218505859375
1997-09-03,40.510520935058594
1997-09-04,36.16315460205078
1997-09-05,33.973182678222656
1997-09-06,31.820003509521484
1997-09-07,28.55504035949707
1997-09-08,26.44073486328125
1997-09-09,27.941436767578125
1997-09-10,30.455852508544922
1997-09-11,29.476238250732422
1997-09-12,28.123029708862305
1997-09-13,30.602880477905273
1997-09-14,37.07541275024414
1997-09-15,40.43468475341797
1997-09-16,37.19264221191406
1997-09-17,32.301265716552734
1997-09-18,28.398252487182617
1997-09-19,25.610130310058594
1997-09-20,23.825927734375
1997-09-21,23.04144287109375
1997-09-22,24.107826232910156
1997-09-23,25.37871551513672
1997-09-24,24.23515510559082
1997-09-25,23.075532913208008
1997-09-26,22.29468536376953
1997-09-27,21.026382446289062
1997-09-28,19.894420623779297
1997-09-29,19.191390991210938
1997-09-30,19.320478439331055
1997-10-01,21.584714889526367
1997-10-02,24.146263122558594
1997-10-03,23.805652618408203
1997-10-04,22.766321182250977
1997-10-05,22.416505813598633
1997-10-06,23.511281967163086
1997-10-07,27.208141326904297
1997-10-08,29.086740493774414
1997-10-09,26.655925750732422
1997-10-10,23.66925621032715
1997-10-11,21.84721565246582
1997-10-12,20.73206329345703
1997-10-13,19.792518615722656
1997-10-14,18.86597442626953
1997-10-15,18.14259147644043
1997-10-16,17.80919647216797
1997-10-17,17.99698829650879
1997-10-18,18.683101654052734
1997-10-19,18.825077056884766
1997-10-20,18.235395431518555
1997-10-21,17.606557846069336
1997-10-22,17.12932014465332
1997-10-23,16.947628021240234
1997-10-24,16.88182258605957
1997-10-25,16.685895919799805
1997-10-26,16.984336853027344
1997-10-27,18.162677764892578
1997-10-28,20.311996459960938
1997-10-29,24.056556701660156
1997-10-30,26.124284744262695
1997-10-31,24.898181915283203
1997-11-01,24.09595489501953
1997-11-02,38.0064697265625
1997-11-03,118.36521911621094
1997-11-04,237.05067443847656
1997-11-05,251.6532440185547
1997-11-06,193.51246643066406
1997-11-07,153.08155822753906
1997-11-08,124.88053131103516
1997-11-09,103.3619155883789
1997-11-10,109.22675323486328
1997-11-11,158.7796630859375
1997-11-12,191.06593322753906
1997-11-13,167.95465087890625
1997-11-14,135.71469116210938
1997-11-15,116.08062744140625
1997-11-16,106.46551513671875
1997-11-17,99.69567108154297
1997-11-18,93.44535064697266
1997-11-19,88.08605194091797
1997-11-20,82.51920318603516
1997-11-21,77.67990112304688
1997-11-22,78.12176513671875
1997-11-23,91.8497314453125
1997-11-24,108.1076889038086
1997-11-25,109.61734008789062
1997-11-26,101.52816009521484
1997-11-27,95.90603637695312
1997-11-28,95.74506378173828
1997-11-29,95.8685302734375
1997-11-30,92.65577697753906
1997-12-01,89.1645736694336
1997-12-02,88.42949676513672
1997-12-03,87.19402313232422
1997-12-04,84.24783325195312
1997-12-05,82.35636901855469
1997-12-06,81.74738311767578
1997-12-07,80.27153778076172
1997-12-08,77.32386016845703
1997-12-09,73.7726821899414
1997-12-10,69.80609130859375
1997-12-11,65.74193572998047
1997-12-12,62.39946365356445
1997-12-13,59.63998794555664
1997-12-14,57.444847106933594
1997-12-15,55.02286911010742
1997-12-16,52.31443786621094
1997-12-17,50.65570831298828
1997-12-18,50.27855682373047
1997-12-19,49.840179443359375
1997-12-20,49.104759216308594
1997-12-21,48.36238479614258
1997-12-22,46.296119689941406
1997-12-23,44.022605895996094
1997-12-24,44.317867279052734
1997-12-25,45.89546585083008
1997-12-26,50.40501403808594
1997-12-27,58.88676071166992
1997-12-28,63.675537109375
1997-12-29,62.1416015625
1997-12-30,60.420570373535156
1997-12-31,63.7700309753418
1998-01-01,66.26190185546875
1998-01-02,63.71917724609375
1998-01-03,62.440006256103516
1998-01-04,67.92742919921875
1998-01-05,79.94364929199219
1998-01-06,93.26493072509766
1998-01-07,110.64445495605469
1998-01-08,151.40660095214844
1998-01-09,236.29833984375
1998-01-10,291.888427734375
1998-01-11,278.0859680175781
1998-01-12,240.16876220703125
1998-01-13,202.68136596679688
1998-01-14,173.9744415283203
1998-01-15,156.013671875
1998-01-16,139.0059814453125
1998-01-17,124.59159851074219
1998-01-18,115.08474731445312
1998-01-19,108.19745635986328
1998-01-20,102.94429016113281
1998-01-21,98.90772247314453
1998-01-22,94.64901733398438
1998-01-23,89.3006591796875
1998-01-24,88.3560791015625
1998-01-25,95.0830078125
1998-01-26,100.16207122802734
1998-01-27,97.85614013671875
1998-01-28,92.89679718017578
1998-01-29,90.28364562988281
1998-01-30,88.63272094726562
1998-01-31,86.34834289550781
1998-02-01,84.0852279663086
1998-02-02,81.5166244506836
1998-02-03,79.8036117553711
1998-02-04,79.16700744628906
1998-02-05,77.97953033447266
1998-02-06,75.9648666381836
1998-02-07,73.20703125
1998-02-08,70.06133270263672
1998-02-09,67.0330810546875
1998-02-10,64.5573959350586
1998-02-11,62.97616195678711
1998-02-12,67.47306823730469
1998-02-13,94.20640563964844
1998-02-14,143.74588012695312
1998-02-15,172.53433227539062
1998-02-16,161.0001983642578
1998-02-17,139.55116271972656
1998-02-18,129.6729278564453
1998-02-19,140.37857055664062
1998-02-20,166.2908935546875
1998-02-21,191.55889892578125
1998-02-22,203.99099731445312
1998-02-23,200.4617462158203
1998-02-24,187.4990692138672
1998-02-25,187.7026824951172
1998-02-26,221.908935546875
1998-02-27,258.76458740234375
1998-02-28,273.8116455078125
1998-03-01,274.6368103027344
1998-03-02,279.543701171875
1998-03-03,293.3222351074219
1998-03-04,298.20782470703125
1998-03-05,286.8166809082031
1998-03-06,268.1982421875
1998-03-07,246.89593505859375
1998-03-08,224.3928680419922
1998-03-09,242.16433715820312
1998-03-10,436.00299072265625
1998-03-11,817.4632568359375
1998-03-12,936.152587890625
1998-03-13,768.9519653320312
1998-03-14,579.2594604492188
1998-03-15,456.50146484375
1998-03-16,381.1095886230469
1998-03-17,326.59521484375
1998-03-18,281.09149169921875
1998-03-19,252.00851440429688
1998-03-20,247.50399780273438
1998-03-21,251.0186767578125
1998-03-22,238.14559936523438
1998-03-23,215.26791381835938
1998-03-24,197.35336303710938
1998-03-25,185.30889892578125
1998-03-26,178.04348754882812
1998-03-27,186.44448852539062
1998-03-28,245.01016235351562
1998-03-29,408.92578125
1998-03-30,663.2076416015625
1998-03-31,903.3941040039062
1998-04-01,1052.2236328125
1998-04-02,1062.233642578125
1998-04-03,1002.8473510742188
1998-04-04,870.1889038085938
1998-04-05,697.994140625
1998-04-06,544.161865234375
1998-04-07,435.0006103515625
1998-04-08,369.12738037109375
1998-04-09,331.35888671875
1998-04-10,308.0885925292969
1998-04-11,291.17694091796875
1998-04-12,270.6292724609375
1998-04-13,245.881591796875
1998-04-14,226.74139404296875
1998-04-15,217.71435546875
1998-04-16,213.5989532470703
1998-04-17,212.21389770507812
1998-04-18,225.45819091796875
1998-04-19,268.8993225097656
1998-04-20,302.4774169921875
1998-04-21,350.4061584472656
1998-04-22,425.9441223144531
1998-04-23,411.2046813964844
1998-04-24,346.43218994140625
1998-04-25,304.8760986328125
1998-04-26,294.1307678222656
1998-04-27,284.9098205566406
1998-04-28,255.93850708007812
1998-04-29,220.90216064453125
1998-04-30,193.64114379882812
1998-05-01,175.89817810058594
1998-05-02,166.92454528808594
1998-05-03,174.41696166992188
1998-05-04,199.792724609375
1998-05-05,211.7002716064453
1998-05-06,216.26849365234375
1998-05-07,290.291015625
1998-05-08,448.90142822265625
1998-05-09,505.76495361328125
1998-05-10,438.26129150390625
1998-05-11,386.74505615234375
1998-05-12,383.356201171875
1998-05-13,366.351806640625
1998-05-14,314.6186828613281
1998-05-15,259.429931640625
1998-05-16,219.33526611328125
1998-05-17,191.63702392578125
1998-05-18,171.49212646484375
1998-05-19,157.26889038085938
1998-05-20,144.28692626953125
1998-05-21,130.01881408691406
1998-05-22,118.25489807128906
1998-05-23,108.77159881591797
1998-05-24,99.70497131347656
1998-05-25,91.02287292480469
1998-05-26,83.73545837402344
1998-05-27,77.64805603027344
1998-05-28,71.91381072998047
1998-05-29,66.11361694335938
1998-05-30,61.560916900634766
1998-05-31,59.30394744873047
1998-06-01,66.6987533569336
1998-06-02,91.3577651977539
1998-06-03,102.42062377929688
1998-06-04,96.446044921875
1998-06-05,87.57667541503906
1998-06-06,79.60204315185547
1998-06-07,71.30899047851562
1998-06-08,67.27345275878906
1998-06-09,70.75101470947266
1998-06-10,77.8720474243164
1998-06-11,78.23858642578125
1998-06-12,71.00315856933594
1998-06-13,84.0138931274414
1998-06-14,248.06539916992188
1998-06-15,713.3512573242188
1998-06-16,1133.1488037109375
1998-06-17,1194.373046875
1998-06-18,1154.96875
1998-06-19,1018.7203979492188
1998-06-20,810.5411376953125
1998-06-21,623.6411743164062
1998-06-22,483.6217041015625
1998-06-23,378.3290710449219
1998-06-24,300.47412109375
1998-06-25,248.91790771484375
1998-06-26,220.03501892089844
1998-06-27,224.60340881347656
1998-06-28,303.0155029296875
1998-06-29,420.2038879394531
1998-06-30,416.3891296386719
1998-07-01,343.576416015625
1998-07-02,308.2287902832031
1998-07-03,308.44122314453125
1998-07-04,291.64495849609375
1998-07-05,245.63734436035156
1998-07-06,214.832275390625
1998-07-07,215.1069793701172
1998-07-08,206.66262817382812
1998-07-09,182.1656494140625
1998-07-10,159.98060607910156
1998-07-11,141.3056640625
1998-07-12,127.4273910522461
1998-07-13,121.36767578125
1998-07-14,112.326904296875
1998-07-15,98.57929229736328
1998-07-16,86.7606430053711
1998-07-17,78.05082702636719
1998-07-18,71.70379638671875
1998-07-19,66.78694915771484
1998-07-20,62.28196716308594
1998-07-21,59.127784729003906
1998-07-22,60.01198196411133
1998-07-23,60.742027282714844
1998-07-24,59.569305419921875
1998-07-25,62.317230224609375
1998-07-26,63.39501953125
1998-07-27,56.81770324707031
1998-07-28,49.75859069824219
1998-07-29,44.729488372802734
1998-07-30,41.290184020996094
1998-07-31,39.52635192871094
1998-08-01,38.182716369628906
1998-08-02,35.857460021972656
1998-08-03,33.17176055908203
1998-08-04,30.78189468383789
1998-08-05,28.825851440429688
1998-08-06,27.227506637573242
1998-08-07,26.32600212097168
1998-08-08,27.32209014892578
1998-08-09,29.391653060913086
1998-08-10,29.024654388427734
1998-08-11,27.103424072265625
1998-08-12,28.192941665649414
1998-08-13,40.13911819458008
1998-08-14,60.254249572753906
1998-08-15,59.988014221191406
1998-08-16,47.13561248779297
1998-08-17,38.50578308105469
1998-08-18,34.870689392089844
1998-08-19,33.298038482666016
1998-08-20,31.467954635620117
1998-08-21,28.983983993530273
1998-08-22,26.62795066833496
1998-08-23,25.067670822143555
1998-08-24,24.874004364013672
1998-08-25,26.998516082763672
1998-08-26,34.14804458618164
1998-08-27,45.020851135253906
1998-08-28,47.504337310791016
1998-08-29,40.704856872558594
1998-08-30,33.2940559387207
1998-08-31,28.617515563964844
1998-09-01,25.964937210083008
1998-09-02,24.038328170776367
1998-09-03,22.97262191772461
1998-09-04,23.664487838745117
1998-09-05,24.87081527709961
1998-09-06,24.449913024902344
1998-09-07,22.98983383178711
1998-09-08,22.53704071044922
1998-09-09,23.81636619567871
1998-09-10,25.17770767211914
1998-09-11,26.345367431640625
1998-09-12,26.860538482666016
1998-09-13,24.719762802124023
1998-09-14,22.127071380615234
1998-09-15,20.52643585205078
1998-09-16,20.017074584960938
1998-09-17,22.032726287841797
1998-09-18,29.193500518798828
1998-09-19,31.622699737548828
1998-09-20,27.37273406982422
1998-09-21,23.29117202758789
1998-09-22,21.08051300048828
1998-09-23,20.599000930786133
1998-09-24,20.995975494384766
1998-09-25,21.0279598236084
1998-09-26,19.984905242919922
1998-09-27,18.738515853881836
1998-09-28,18.14867401123047
1998-09-29,19.99892234802246
1998-09-30,23.120576858520508
1998-10-01,22.274761199951172
1998-10-02,20.199968338012695
1998-10-03,20.238346099853516
1998-10-04,21.017276763916016
1998-10-05,20.120243072509766
1998-10-06,18.720977783203125
1998-10-07,17.780677795410156
1998-10-08,17.299869537353516
1998-10-09,18.83522605895996
1998-10-10,25.872295379638672
1998-10-11,40.91752624511719
1998-10-12,72.86473083496094
1998-10-13,105.14730834960938
1998-10-14,99.6258544921875
1998-10-15,88.55967712402344
1998-10-16,114.30738067626953
1998-10-17,155.8751220703125
1998-10-18,146.36355590820312
1998-10-19,108.77015686035156
1998-10-20,82.9693832397461
1998-10-21,68.75922393798828
1998-10-22,59.071598052978516
1998-10-23,52.116783142089844
1998-10-24,47.05669403076172
1998-10-25,43.04094314575195
1998-10-26,39.88599395751953
1998-10-27,37.5911750793457
1998-10-28,35.60226821899414
1998-10-29,34.08448028564453
1998-10-30,34.99090576171875
1998-10-31,37.97652053833008
1998-11-01,39.02098846435547
1998-11-02,39.04057312011719
1998-11-03,38.587440490722656
1998-11-04,37.342491149902344
1998-11-05,36.1875114440918
1998-11-06,34.7873420715332
1998-11-07,33.326969146728516
1998-11-08,32.05699157714844
1998-11-09,31.123186111450195
1998-11-10,30.470022201538086
1998-11-11,30.510103225708008
1998-11-12,35.30843734741211
1998-11-13,50.93912887573242
1998-11-14,61.837745666503906
1998-11-15,57.08780288696289
1998-11-16,51.41853332519531
1998-11-17,55.59311294555664
1998-11-18,60.043052673339844
1998-11-19,58.56660079956055
1998-11-20,55.54151916503906
1998-11-21,53.96479797363281
1998-11-22,59.40333938598633
1998-11-23,66.36785888671875
1998-11-24,63.37196350097656
1998-11-25,58.58565902709961
1998-11-26,59.642337799072266
1998-11-27,81.23323059082031
1998-11-28,147.09677124023438
1998-11-29,205.55499267578125
1998-11-30,188.91073608398438
1998-12-01,151.50958251953125
1998-12-02,128.37139892578125
1998-12-03,118.40762329101562
1998-12-04,109.36883544921875
1998-12-05,102.93538665771484
1998-12-06,102.21522521972656
1998-12-07,93.13571166992188
1998-12-08,84.0961685180664
1998-12-09,82.88528442382812
1998-12-10,81.68157958984375
1998-12-11,77.48978424072266
1998-12-12,71.82723236083984
1998-12-13,66.7746353149414
1998-12-14,62.37046432495117
1998-12-15,58.92404556274414
1998-12-16,55.719932556152344
1998-12-17,52.89552307128906
1998-12-18,51.77741241455078
1998-12-19,51.85493469238281
1998-12-20,51.235633850097656
1998-12-21,49.76093292236328
1998-12-22,49.66024398803711
1998-12-23,55.92560958862305
1998-12-24,69.22103118896484
1998-12-25,72.11656188964844
1998-12-26,66.37586975097656
1998-12-27,60.880699157714844
1998-12-28,56.885440826416016
1998-12-29,53.9284553527832
1998-12-30,52.130767822265625
1998-12-31,49.83111572265625
1999-01-01,46.96820831298828
1999-01-02,44.016746520996094
1999-01-03,42.228389739990234
1999-01-04,43.89717102050781
1999-01-05,47.50654220581055
1999-01-06,47.6894645690918
1999-01-07,45.3109130859375
1999-01-08,43.41602325439453
1999-01-09,43.846961975097656
1999-01-10,53.06837463378906
1999-01-11,67.63192749023438
1999-01-12,70.53813171386719
1999-01-13,66.54582214355469
1999-01-14,63.02881622314453
1999-01-15,63.30229949951172
1999-01-16,80.37167358398438
1999-01-17,104.82685089111328
1999-01-18,111.08570861816406
1999-01-19,121.10301971435547
1999-01-20,173.16160583496094
1999-01-21,226.370849609375
1999-01-22,229.4579315185547
1999-01-23,202.87582397460938
1999-01-24,188.79441833496094
1999-01-25,239.0901641845703
1999-01-26,343.02679443359375
1999-01-27,375.3580322265625
1999-01-28,320.3380126953125
1999-01-29,261.9360046386719
1999-01-30,220.60427856445312
1999-01-31,189.17279052734375
1999-02-01,164.6265869140625
1999-02-02,147.65756225585938
1999-02-03,149.72377014160156
1999-02-04,185.8975830078125
1999-02-05,220.759521484375
1999-02-06,226.18663024902344
1999-02-07,207.93386840820312
1999-02-08,185.09799194335938
1999-02-09,164.44403076171875
1999-02-10,147.08004760742188
1999-02-11,136.04296875
1999-02-12,128.69784545898438
1999-02-13,128.64283752441406
1999-02-14,136.6156463623047
1999-02-15,137.18093872070312
1999-02-16,128.1490020751953
1999-02-17,117.85734558105469
1999-02-18,111.98599243164062
1999-02-19,113.4214096069336
1999-02-20,116.83674621582031
1999-02-21,113.34713745117188
1999-02-22,105.17801666259766
1999-02-23,96.3233413696289
1999-02-24,88.85424041748047
1999-02-25,83.368408203125
1999-02-26,79.81715393066406
1999-02-27,78.14422607421875
1999-02-28,77.2717514038086
1999-03-01,89.9066162109375
1999-03-02,145.62445068359375
1999-03-03,224.1945037841797
1999-03-04,275.9609375
1999-03-05,358.3529357910156
1999-03-06,436.74462890625
1999-03-07,410.5877380371094
1999-03-08,330.91552734375
1999-03-09,267.56036376953125
1999-03-10,228.85397338867188
1999-03-11,202.71981811523438
1999-03-12,180.58358764648438
1999-03-13,164.42201232910156
1999-03-14,154.5510711669922
1999-03-15,146.44940185546875
1999-03-16,138.98252868652344
1999-03-17,137.3543701171875
1999-03-18,149.85964965820312
1999-03-19,179.6696014404297
1999-03-20,211.7487030029297
1999-03-21,220.27720642089844
1999-03-22,232.69381713867188
1999-03-23,365.199951171875
1999-03-24,596.8548583984375
1999-03-25,679.6964111328125
1999-03-26,589.4481201171875
1999-03-27,490.4296875
1999-03-28,422.61932373046875
1999-03-29,414.08074951171875
1999-03-30,481.4576721191406
1999-03-31,571.7802734375
1999-04-01,613.537109375
1999-04-02,601.0106201171875
1999-04-03,565.3008422851562
1999-04-04,516.5308227539062
1999-04-05,466.93341064453125
1999-04-06,412.8551025390625
1999-04-07,359.2133483886719
1999-04-08,331.5565490722656
1999-04-09,331.41497802734375
1999-04-10,341.49676513671875
1999-04-11,331.53729248046875
1999-04-12,289.95159912109375
1999-04-13,245.56399536132812
1999-04-14,214.13833618164062
1999-04-15,192.42117309570312
1999-04-16,176.0944061279297
1999-04-17,164.6757049560547
1999-04-18,162.07571411132812
1999-04-19,165.78932189941406
1999-04-20,169.86367797851562
1999-04-21,172.05050659179688
1999-04-22,171.54916381835938
1999-04-23,168.71597290039062
1999-04-24,166.93508911132812
1999-04-25,165.12892150878906
1999-04-26,153.49427795410156
1999-04-27,140.36021423339844
1999-04-28,135.45205688476562
1999-04-29,133.21316528320312
1999-04-30,127.33981323242188
1999-05-01,120.95858001708984
1999-05-02,116.31462860107422
1999-05-03,111.55547332763672
1999-05-04,110.18310546875
1999-05-05,114.57228088378906
1999-05-06,130.9540557861328
1999-05-07,147.4885711669922
1999-05-08,149.98094177246094
1999-05-09,142.15065002441406
1999-05-10,132.06961059570312
1999-05-11,125.65267181396484
1999-05-12,117.57421875
1999-05-13,103.13853454589844
1999-05-14,89.42461395263672
1999-05-15,79.5281982421875
1999-05-16,72.62255859375
1999-05-17,68.00996398925781
1999-05-18,64.58826446533203
1999-05-19,62.08183288574219
1999-05-20,67.86282348632812
1999-05-21,117.89120483398438
1999-05-22,194.77847290039062
1999-05-23,174.99420166015625
1999-05-24,134.26332092285156
1999-05-25,123.45694732666016
1999-05-26,137.7117462158203
1999-05-27,148.38229370117188
1999-05-28,137.27706909179688
1999-05-29,118.6599349975586
1999-05-30,101.28909301757812
1999-05-31,87.72218322753906
1999-06-01,77.36642456054688
1999-06-02,69.16209411621094
1999-06-03,62.74987030029297
1999-06-04,58.83448028564453
1999-06-05,55.880558013916016
1999-06-06,51.220916748046875
1999-06-07,46.271034240722656
1999-06-08,43.50856399536133
1999-06-09,41.83234786987305
1999-06-10,39.934104919433594
1999-06-11,38.16028594970703
1999-06-12,35.98601531982422
1999-06-13,32.869041442871094
1999-06-14,30.245464324951172
1999-06-15,29.03110694885254
1999-06-16,30.022703170776367
1999-06-17,31.744890213012695
1999-06-18,30.666200637817383
1999-06-19,28.63520622253418
1999-06-20,27.5594482421875
1999-06-21,26.426952362060547
1999-06-22,25.434988021850586
1999-06-23,25.875041961669922
1999-06-24,26.267148971557617
1999-06-25,25.00447654724121
1999-06-26,23.317432403564453
1999-06-27,21.894977569580078
1999-06-28,20.62369155883789
1999-06-29,21.18439292907715
1999-06-30,25.943504333496094
1999-07-01,34.37350082397461
1999-07-02,38.07770538330078
1999-07-03,36.483619689941406
1999-07-04,38.24153518676758
1999-07-05,39.56590270996094
1999-07-06,36.53361511230469
1999-07-07,36.31119155883789
1999-07-08,47.46641540527344
1999-07-09,53.04939270019531
1999-07-10,43.578590393066406
1999-07-11,33.73604965209961
1999-07-12,29.16367530822754
1999-07-13,27.06793785095215
1999-07-14,24.51262092590332
1999-07-15,22.184959411621094
1999-07-16,20.489421844482422
1999-07-17,18.777734756469727
1999-07-18,17.108919143676758
1999-07-19,16.374588012695312
1999-07-20,18.244836807250977
1999-07-21,21.91097640991211
1999-07-22,22.45619773864746
1999-07-23,20.239519119262695
1999-07-24,18.88909339904785
1999-07-25,18.90208625793457
1999-07-26,21.18404769897461
1999-07-27,26.327760696411133
1999-07-28,30.683393478393555
1999-07-29,29.363195419311523
1999-07-30,24.736616134643555
1999-07-31,21.316394805908203
1999-08-01,19.602357864379883
1999-08-02,18.202791213989258
1999-08-03,16.46129035949707
1999-08-04,14.805435180664062
1999-08-05,13.612855911254883
1999-08-06,13.099398612976074
1999-08-07,13.951072692871094
1999-08-08,15.178960800170898
1999-08-09,15.396183967590332
1999-08-10,16.31523895263672
1999-08-11,17.57193374633789
1999-08-12,16.41389274597168
1999-08-13,14.650238990783691
1999-08-14,13.661429405212402
1999-08-15,14.442879676818848
1999-08-16,21.34518051147461
1999-08-17,30.124549865722656
1999-08-18,29.417255401611328
1999-08-19,23.931360244750977
1999-08-20,19.72802734375
1999-08-21,17.148216247558594
1999-08-22,16.782459259033203
1999-08-23,18.968090057373047
1999-08-24,20.882814407348633
1999-08-25,20.111682891845703
1999-08-26,17.629589080810547
1999-08-27,15.478360176086426
1999-08-28,14.880268096923828
1999-08-29,16.114587783813477
1999-08-30,17.257266998291016
1999-08-31,16.351064682006836
1999-09-01,14.432872772216797
1999-09-02,12.76399040222168
1999-09-03,11.600207328796387
1999-09-04,10.76384449005127
1999-09-05,10.13118839263916
1999-09-06,9.74655818939209
1999-09-07,9.802289009094238
1999-09-08,10.5343656539917
1999-09-09,11.91515064239502
1999-09-10,14.753396034240723
1999-09-11,32.72623062133789
1999-09-12,82.40824127197266
1999-09-13,103.91484069824219
1999-09-14,79.51205444335938
1999-09-15,52.96631622314453
1999-09-16,43.94670867919922
1999-09-17,122.7703628540039
1999-09-18,563.8197021484375
1999-09-19,1028.8668212890625
1999-09-20,799.3746948242188
1999-09-21,439.3600769042969
1999-09-22,279.1415100097656
1999-09-23,247.5465850830078
1999-09-24,248.63255310058594
1999-09-25,228.501953125
1999-09-26,188.70907592773438
1999-09-27,151.40017700195312
1999-09-28,124.21376037597656
1999-09-29,105.58877563476562
1999-09-30,95.11592102050781
1999-10-01,103.22654724121094
1999-10-02,138.46539306640625
1999-10-03,156.31484985351562
1999-10-04,139.48654174804688
1999-10-05,133.93218994140625
1999-10-06,147.75759887695312
1999-10-07,147.21383666992188
1999-10-08,131.8762969970703
1999-10-09,115.32888793945312
1999-10-10,102.75949096679688
1999-10-11,98.08423614501953
1999-10-12,95.53135681152344
1999-10-13,89.543701171875
1999-10-14,82.27033996582031
1999-10-15,78.34420776367188
1999-10-16,84.0684585571289
1999-10-17,86.8725357055664
1999-10-18,81.0959701538086
1999-10-19,77.36540985107422
1999-10-20,79.19608306884766
1999-10-21,85.08296966552734
1999-10-22,92.82054138183594
1999-10-23,98.15111541748047
1999-10-24,118.26943969726562
1999-10-25,177.25396728515625
1999-10-26,215.27304077148438
1999-10-27,189.69473266601562
1999-10-28,153.20021057128906
1999-10-29,129.09951782226562
1999-10-30,112.03201293945312
1999-10-31,99.55473327636719
1999-11-01,90.10182189941406
1999-11-02,83.89967346191406
1999-11-03,85.50588989257812
1999-11-04,106.44226837158203
1999-11-05,139.16651916503906
1999-11-06,145.63320922851562
1999-11-07,128.9679412841797
1999-11-08,113.15953063964844
1999-11-09,101.8841552734375
1999-11-10,92.62833404541016
1999-11-11,86.41727447509766
1999-11-12,86.721923828125
1999-11-13,88.74363708496094
1999-11-14,88.53711700439453
1999-11-15,91.31159973144531
1999-11-16,98.58531951904297
1999-11-17,101.79119873046875
1999-11-18,96.14033508300781
1999-11-19,87.91133117675781
1999-11-20,81.3011703491211
1999-11-21,77.50074005126953
1999-11-22,78.87818908691406
1999-11-23,85.48147583007812
1999-11-24,89.04442596435547
1999-11-25,86.8491439819336
1999-11-26,86.42562103271484
1999-11-27,96.86941528320312
1999-11-28,140.7928009033203
1999-11-29,236.36427307128906
1999-11-30,262.3559265136719
1999-12-01,216.65359497070312
1999-12-02,171.7451934814453
1999-12-03,142.68235778808594
1999-12-04,124.65577697753906
1999-12-05,114.91732025146484
1999-12-06,112.75540924072266
1999-12-07,119.43199920654297
1999-12-08,138.70594787597656
1999-12-09,156.21859741210938
1999-12-10,152.282958984375
1999-12-11,138.5646514892578
1999-12-12,129.39990234375
1999-12-13,123.94932556152344
1999-12-14,116.45549011230469
1999-12-15,108.01287841796875
1999-12-16,104.52079010009766
1999-12-17,106.42855072021484
1999-12-18,108.22990417480469
1999-12-19,104.20597839355469
1999-12-20,95.74803161621094
1999-12-21,92.48648834228516
1999-12-22,103.31060028076172
1999-12-23,117.02919006347656
1999-12-24,115.74209594726562
1999-12-25,105.4638671875
1999-12-26,95.28878021240234
1999-12-27,88.10184478759766
1999-12-28,82.58740997314453
1999-12-29,76.99015045166016
1999-12-30,72.47686767578125
1999-12-31,69.62608337402344
2000-01-01,67.32315826416016
2000-01-02,64.82447814941406
2000-01-03,64.341552734375
2000-01-04,70.76262664794922
2000-01-05,111.64883422851562
2000-01-06,210.74729919433594
2000-01-07,259.1292724609375
2000-01-08,222.49400329589844
2000-01-09,180.60585021972656
2000-01-10,154.8468017578125
2000-01-11,152.46493530273438
2000-01-12,201.85617065429688
2000-01-13,271.0009460449219
2000-01-14,267.80426025390625
2000-01-15,215.8797149658203
2000-01-16,171.88296508789062
2000-01-17,145.02178955078125
2000-01-18,128.35614013671875
2000-01-19,114.74646759033203
2000-01-20,103.55863952636719
2000-01-21,94.79324340820312
2000-01-22,87.81678771972656
2000-01-23,82.14920043945312
2000-01-24,77.54398345947266
2000-01-25,74.18501281738281
2000-01-26,72.65921783447266
2000-01-27,71.13544464111328
2000-01-28,68.22306823730469
2000-01-29,64.94593048095703
2000-01-30,63.18523406982422
2000-01-31,62.55061340332031
2000-02-01,62.641845703125
2000-02-02,62.14710235595703
2000-02-03,60.07477951049805
2000-02-04,57.92216110229492
2000-02-05,56.28409957885742
2000-02-06,54.53270721435547
2000-02-07,53.082374572753906
2000-02-08,51.73382568359375
2000-02-09,50.17143630981445
2000-02-10,49.391502380371094
2000-02-11,49.62857437133789
2000-02-12,49.42155456542969
2000-02-13,48.192630767822266
2000-02-14,51.11288070678711
2000-02-15,66.32249450683594
2000-02-16,81.21125793457031
2000-02-17,83.61264038085938
2000-02-18,78.47236633300781
2000-02-19,72.55030822753906
2000-02-20,69.77213287353516
2000-02-21,68.47477722167969
2000-02-22,66.46430969238281
2000-02-23,65.20478057861328
2000-02-24,68.42752075195312
2000-02-25,87.53921508789062
2000-02-26,135.39962768554688
2000-02-27,196.20840454101562
2000-02-28,245.04612731933594
2000-02-29,300.2003479003906
2000-03-01,361.0859680175781
2000-03-02,363.9452209472656
2000-03-03,321.0577697753906
2000-03-04,281.17169189453125
2000-03-05,248.93511962890625
2000-03-06,224.4661407470703
2000-03-07,207.63070678710938
2000-03-08,198.36289978027344
2000-03-09,201.5349884033203
2000-03-10,228.91041564941406
2000-03-11,284.2470397949219
2000-03-12,322.6465759277344
2000-03-13,332.7833557128906
2000-03-14,323.42681884765625
2000-03-15,290.3528747558594
2000-03-16,273.0211486816406
2000-03-17,306.6530456542969
2000-03-18,371.81640625
2000-03-19,368.07208251953125
2000-03-20,317.5569152832031
2000-03-21,275.1717224121094
2000-03-22,249.66941833496094
2000-03-23,240.65174865722656
2000-03-24,246.35386657714844
2000-03-25,269.2029724121094
2000-03-26,303.1929931640625
2000-03-27,343.5998229980469
2000-03-28,409.4552001953125
2000-03-29,639.8671264648438
2000-03-30,915.2940673828125
2000-03-31,937.3515625
2000-04-01,730.150146484375
2000-04-02,548.7918701171875
2000-04-03,450.3075256347656
2000-04-04,441.4852294921875
2000-04-05,591.8414916992188
2000-04-06,800.13330078125
2000-04-07,766.919189453125
2000-04-08,589.5277709960938
2000-04-09,481.79254150390625
2000-04-10,621.855712890625
2000-04-11,911.7344360351562
2000-04-12,889.3070068359375
2000-04-13,665.323974609375
2000-04-14,509.1786804199219
2000-04-15,410.921875
2000-04-16,350.4554748535156
2000-04-17,325.8591613769531
2000-04-18,315.4786682128906
2000-04-19,286.6024475097656
2000-04-20,249.82473754882812
2000-04-21,226.941650390625
2000-04-22,260.66827392578125
2000-04-23,384.4805908203125
2000-04-24,525.8207397460938
2000-04-25,598.3740844726562
2000-04-26,601.332275390625
2000-04-27,539.0021362304688
2000-04-28,481.77801513671875
2000-04-29,447.57464599609375
2000-04-30,407.702392578125
2000-05-01,361.8863525390625
2000-05-02,322.10406494140625
2000-05-03,288.8758850097656
2000-05-04,264.804931640625
2000-05-05,239.28179931640625
2000-05-06,219.30975341796875
2000-05-07,209.89187622070312
2000-05-08,202.8657989501953
2000-05-09,197.7770538330078
2000-05-10,204.35491943359375
2000-05-11,254.4072265625
2000-05-12,347.66900634765625
2000-05-13,434.76312255859375
2000-05-14,406.36993408203125
2000-05-15,334.3352966308594
2000-05-16,299.63970947265625
2000-05-17,260.09356689453125
2000-05-18,217.8861083984375
2000-05-19,192.09567260742188
2000-05-20,200.4919891357422
2000-05-21,215.6266326904297
2000-05-22,200.1581573486328
2000-05-23,179.87103271484375
2000-05-24,171.20721435546875
2000-05-25,192.81930541992188
2000-05-26,256.2655029296875
2000-05-27,294.0784912109375
2000-05-28,267.9344482421875
2000-05-29,223.74395751953125
2000-05-30,187.974609375
2000-05-31,161.8971405029297
2000-06-01,141.796630859375
2000-06-02,125.95380401611328
2000-06-03,114.37029266357422
2000-06-04,107.7794189453125
2000-06-05,101.36044311523438
2000-06-06,96.05840301513672
2000-06-07,107.92218017578125
2000-06-08,149.24237060546875
2000-06-09,179.75262451171875
2000-06-10,170.1831817626953
2000-06-11,144.66770935058594
2000-06-12,124.41136169433594
2000-06-13,118.32421112060547
2000-06-14,119.908935546875
2000-06-15,117.90245056152344
2000-06-16,111.24755096435547
2000-06-17,102.48336791992188
2000-06-18,97.65414428710938
2000-06-19,98.41637420654297
2000-06-20,96.37419891357422
2000-06-21,87.9983901977539
2000-06-22,78.7940673828125
2000-06-23,73.96711730957031
2000-06-24,73.50738525390625
2000-06-25,71.55794525146484
2000-06-26,66.1122817993164
2000-06-27,66.49517059326172
2000-06-28,73.99313354492188
2000-06-29,74.74340057373047
2000-06-30,69.4178237915039
2000-07-01,66.13524627685547
2000-07-02,63.848880767822266
2000-07-03,59.27069091796875
2000-07-04,52.65869140625
2000-07-05,48.38847732543945
2000-07-06,47.319419860839844
2000-07-07,45.65223693847656
2000-07-08,41.986167907714844
2000-07-09,38.851253509521484
2000-07-10,38.940242767333984
2000-07-11,43.76710891723633
2000-07-12,46.64791488647461
2000-07-13,43.49818801879883
2000-07-14,38.146507263183594
2000-07-15,34.20941162109375
2000-07-16,34.224220275878906
2000-07-17,46.23855972290039
2000-07-18,69.53616333007812
2000-07-19,78.17605590820312
2000-07-20,69.3016357421875
2000-07-21,58.42173767089844
2000-07-22,49.641448974609375
2000-07-23,43.79578399658203
2000-07-24,39.87370300292969
2000-07-25,36.45890426635742
2000-07-26,33.27301788330078
2000-07-27,32.548789978027344
2000-07-28,37.85221862792969
2000-07-29,44.736732482910156
2000-07-30,47.50720977783203
2000-07-31,56.291015625
2000-08-01,86.56806182861328
2000-08-02,113.75390625
2000-08-03,110.90921020507812
2000-08-04,95.15440368652344
2000-08-05,82.96891021728516
2000-08-06,71.6478042602539
2000-08-07,61.035919189453125
2000-08-08,57.107906341552734
2000-08-09,57.9041862487793
2000-08-10,56.172119140625
2000-08-11,53.07121276855469
2000-08-12,49.317813873291016
2000-08-13,46.221031188964844
2000-08-14,46.36628341674805
2000-08-15,47.03754425048828
2000-08-16,50.21097183227539
2000-08-17,55.418861389160156
2000-08-18,56.700218200683594
2000-08-19,53.221961975097656
2000-08-20,46.76441192626953
2000-08-21,41.14071273803711
2000-08-22,37.17657470703125
2000-08-23,34.28361511230469
2000-08-24,32.72446060180664
2000-08-25,32.7110595703125
2000-08-26,32.62824249267578
2000-08-27,30.60053062438965
2000-08-28,27.887832641601562
2000-08-29,25.7513484954834
2000-08-30,24.00143051147461
2000-08-31,22.50767707824707
2000-09-01,21.338483810424805
2000-09-02,20.326204299926758
2000-09-03,19.729978561401367
2000-09-04,19.685447692871094
2000-09-05,20.34272003173828
2000-09-06,20.64972686767578
2000-09-07,19.82567596435547
2000-09-08,18.556758880615234
2000-09-09,17.504684448242188
2000-09-10,16.780797958374023
2000-09-11,16.16388702392578
2000-09-12,15.48255443572998
2000-09-13,15.465293884277344
2000-09-14,16.717788696289062
2000-09-15,18.88581085205078
2000-09-16,23.366426467895508
2000-09-17,34.82133865356445
2000-09-18,41.940067291259766
2000-09-19,35.55060958862305
2000-09-20,28.63387680053711
2000-09-21,27.463699340820312
2000-09-22,29.308868408203125
2000-09-23,28.754047393798828
2000-09-24,26.741018295288086
2000-09-25,26.739229202270508
2000-09-26,27.766935348510742
2000-09-27,27.02387237548828
2000-09-28,24.899526596069336
2000-09-29,22.877565383911133
2000-09-30,21.41738510131836
2000-10-01,20.1268253326416
2000-10-02,19.022634506225586
2000-10-03,18.35323715209961
2000-10-04,17.89065170288086
2000-10-05,17.761899948120117
2000-10-06,19.295181274414062
2000-10-07,26.753408432006836
2000-10-08,38.923702239990234
2000-10-09,43.508544921875
2000-10-10,39.01172637939453
2000-10-11,33.82204055786133
2000-10-12,29.934289932250977
2000-10-13,27.316816329956055
2000-10-14,25.34490203857422
2000-10-15,23.70414924621582
2000-10-16,22.779644012451172
2000-10-17,23.513505935668945
2000-10-18,26.70527458190918
2000-10-19,33.99577713012695
2000-10-20,49.24686813354492
2000-10-21,58.754512786865234
2000-10-22,51.998165130615234
2000-10-23,42.8387336730957
2000-10-24,36.91517639160156
2000-10-25,32.99471664428711
2000-10-26,30.413787841796875
2000-10-27,28.678325653076172
2000-10-28,27.13711166381836
2000-10-29,26.0211124420166
2000-10-30,25.780431747436523
2000-10-31,26.699031829833984
2000-11-01,29.244760513305664
2000-11-02,32.84368133544922
2000-11-03,34.381893157958984
2000-11-04,33.418846130371094
2000-11-05,32.48867416381836
2000-11-06,35.60176086425781
2000-11-07,44.78172302246094
2000-11-08,51.24081039428711
2000-11-09,48.64741516113281
2000-11-10,46.12577819824219
2000-11-11,58.2258186340332
2000-11-12,93.61235046386719
2000-11-13,135.77566528320312
2000-11-14,138.37203979492188
2000-11-15,120.92192840576172
2000-11-16,133.2149200439453
2000-11-17,162.04086303710938
2000-11-18,159.1771240234375
2000-11-19,135.3302001953125
2000-11-20,112.83918762207031
2000-11-21,96.4093246459961
2000-11-22,85.08383178710938
2000-11-23,76.92784881591797
2000-11-24,70.49332427978516
2000-11-25,64.79454803466797
2000-11-26,61.21547317504883
2000-11-27,66.13726043701172
2000-11-28,83.94200134277344
2000-11-29,104.40020751953125
2000-11-30,113.56387329101562
2000-12-01,108.57256317138672
2000-12-02,98.82096862792969
2000-12-03,88.67617797851562
2000-12-04,79.43051147460938
2000-12-05,72.26407623291016
2000-12-06,67.09010314941406
2000-12-07,62.789894104003906
2000-12-08,58.81731033325195
2000-12-09,54.96235275268555
2000-12-10,51.53883361816406
2000-12-11,49.05180358886719
2000-12-12,47.832313537597656
2000-12-13,48.900997161865234
2000-12-14,51.690155029296875
2000-12-15,53.14382553100586
2000-12-16,53.21931838989258
2000-12-17,63.973487854003906
2000-12-18,171.4353790283203
2000-12-19,496.7061462402344
2000-12-20,761.1589965820312
2000-12-21,596.9551391601562
2000-12-22,397.1596374511719
2000-12-23,292.2009582519531
2000-12-24,232.74398803710938
2000-12-25,193.70497131347656
2000-12-26,165.34153747558594
2000-12-27,144.1482391357422
2000-12-28,128.3208465576172
2000-12-29,115.82796478271484
2000-12-30,105.87364196777344
2000-12-31,99.36615753173828
2001-01-01,95.39897155761719
2001-01-02,90.41641235351562
2001-01-03,84.89122009277344
2001-01-04,80.60401916503906
2001-01-05,77.11015319824219
2001-01-06,73.85777282714844
2001-01-07,71.72981262207031
2001-01-08,70.18047332763672
2001-01-09,67.87511444091797
2001-01-10,64.92356872558594
2001-01-11,62.01568603515625
2001-01-12,59.77730941772461
2001-01-13,57.862613677978516
2001-01-14,55.75360107421875
2001-01-15,54.6096076965332
2001-01-16,54.3260612487793
2001-01-17,53.572872161865234
2001-01-18,52.20597839355469
2001-01-19,50.41748809814453
2001-01-20,49.4179801940918
2001-01-21,48.779380798339844
2001-01-22,47.43804168701172
2001-01-23,46.11336898803711
2001-01-24,45.13644790649414
2001-01-25,44.483680725097656
2001-01-26,43.67255401611328
2001-01-27,42.47037887573242
2001-01-28,41.6737174987793
2001-01-29,40.80290603637695
2001-01-30,39.93476486206055
2001-01-31,40.95710754394531
2001-02-01,44.26466751098633
2001-02-02,47.52940368652344
2001-02-03,48.14468002319336
2001-02-04,46.84804916381836
2001-02-05,45.414527893066406
2001-02-06,47.119232177734375
2001-02-07,54.24254608154297
2001-02-08,59.55335998535156
2001-02-09,59.77520751953125
2001-02-10,61.30014419555664
2001-02-11,66.27722930908203
2001-02-12,68.51728820800781
2001-02-13,66.88912200927734
2001-02-14,64.48861694335938
2001-02-15,62.64215850830078
2001-02-16,60.975833892822266
2001-02-17,59.08798599243164
2001-02-18,56.54703903198242
2001-02-19,53.97281265258789
2001-02-20,53.213294982910156
2001-02-21,53.835994720458984
2001-02-22,53.15190124511719
2001-02-23,51.43484115600586
2001-02-24,50.625648498535156
2001-02-25,49.92295455932617
2001-02-26,50.90995788574219
2001-02-27,53.010684967041016
2001-02-28,53.435081481933594
2001-03-01,51.75344467163086
2001-03-02,49.96946716308594
2001-03-03,48.607791900634766
2001-03-04,47.46907043457031
2001-03-05,46.29584884643555
2001-03-06,45.741146087646484
2001-03-07,46.68621826171875
2001-03-08,47.72343063354492
2001-03-09,48.28913497924805
2001-03-10,49.248931884765625
2001-03-11,52.256107330322266
2001-03-12,55.44150161743164
2001-03-13,56.711334228515625
2001-03-14,58.2453498840332
2001-03-15,62.83745193481445
2001-03-16,70.01605224609375
2001-03-17,78.15147399902344
2001-03-18,83.782958984375
2001-03-19,87.0495834350586
2001-03-20,91.27134704589844
2001-03-21,98.49005126953125
2001-03-22,125.51494598388672
2001-03-23,192.05450439453125
2001-03-24,255.05160522460938
2001-03-25,283.59942626953125
2001-03-26,284.4415588378906
2001-03-27,261.8619384765625
2001-03-28,234.37371826171875
2001-03-29,211.5309600830078
2001-03-30,197.09934997558594
2001-03-31,206.30075073242188
2001-04-01,230.10333251953125
2001-04-02,235.32107543945312
2001-04-03,222.71865844726562
2001-04-04,211.7833709716797
2001-04-05,213.7074432373047
2001-04-06,232.611572265625
2001-04-07,264.8677062988281
2001-04-08,306.5154113769531
2001-04-09,341.51947021484375
2001-04-10,382.56170654296875
2001-04-11,457.15802001953125
2001-04-12,548.2153930664062
2001-04-13,685.1797485351562
2001-04-14,907.734130859375
2001-04-15,1043.95751953125
2001-04-16,993.0462646484375
2001-04-17,875.6332397460938
2001-04-18,765.9058837890625
2001-04-19,683.3739013671875
2001-04-20,605.8016967773438
2001-04-21,530.3657836914062
2001-04-22,510.61224365234375
2001-04-23,592.7642211914062
2001-04-24,765.8035888671875
2001-04-25,911.5205688476562
2001-04-26,936.253173828125
2001-04-27,829.29833984375
2001-04-28,668.0084228515625
2001-04-29,550.845458984375
2001-04-30,470.4294128417969
2001-05-01,403.2060241699219
2001-05-02,360.5028076171875
2001-05-03,340.83697509765625
2001-05-04,336.98773193359375
2001-05-05,333.2646484375
2001-05-06,319.1183166503906
2001-05-07,288.13287353515625
2001-05-08,241.9241485595703
2001-05-09,202.3891143798828
2001-05-10,178.36062622070312
2001-05-11,163.93319702148438
2001-05-12,152.3757781982422
2001-05-13,144.16488647460938
2001-05-14,144.08657836914062
2001-05-15,139.37881469726562
2001-05-16,125.36119079589844
2001-05-17,114.39772033691406
2001-05-18,106.59420776367188
2001-05-19,99.66786193847656
2001-05-20,94.06998443603516
2001-05-21,88.8607177734375
2001-05-22,82.61251831054688
2001-05-23,77.41886901855469
2001-05-24,74.7122573852539
2001-05-25,72.58729553222656
2001-05-26,69.31990814208984
2001-05-27,67.1900634765625
2001-05-28,72.88236236572266
2001-05-29,90.68872833251953
2001-05-30,114.19447326660156
2001-05-31,118.1910400390625
2001-06-01,104.74971008300781
2001-06-02,98.58656311035156
2001-06-03,152.798095703125
2001-06-04,340.6275329589844
2001-06-05,494.4417419433594
2001-06-06,439.1622314453125
2001-06-07,320.51214599609375
2001-06-08,235.22386169433594
2001-06-09,181.89266967773438
2001-06-10,147.29782104492188
2001-06-11,127.36665344238281
2001-06-12,130.3333282470703
2001-06-13,155.30221557617188
2001-06-14,162.9596405029297
2001-06-15,146.15252685546875
2001-06-16,122.95977020263672
2001-06-17,108.9017105102539
2001-06-18,114.87173461914062
2001-06-19,124.4654541015625
2001-06-20,116.84986114501953
2001-06-21,103.05496978759766
2001-06-22,90.83015441894531
2001-06-23,80.9404067993164
2001-06-24,75.09661102294922
2001-06-25,73.8377914428711
2001-06-26,72.36851501464844
2001-06-27,66.7962417602539
2001-06-28,59.06410598754883
2001-06-29,52.06497573852539
2001-06-30,46.548377990722656
2001-07-01,43.758697509765625
2001-07-02,46.20655059814453
2001-07-03,51.731689453125
2001-07-04,51.65717697143555
2001-07-05,46.704612731933594
2001-07-06,44.3083381652832
2001-07-07,44.437137603759766
2001-07-08,42.83308029174805
2001-07-09,39.81905746459961
2001-07-10,38.9193229675293
2001-07-11,40.214111328125
2001-07-12,42.27946472167969
2001-07-13,43.21783447265625
2001-07-14,41.54737091064453
2001-07-15,38.268531799316406
2001-07-16,35.30440139770508
2001-07-17,33.200653076171875
2001-07-18,32.76920700073242
2001-07-19,34.01874542236328
2001-07-20,33.64179992675781
2001-07-21,30.787044525146484
2001-07-22,27.60626220703125
2001-07-23,24.988718032836914
2001-07-24,22.799602508544922
2001-07-25,20.957664489746094
2001-07-26,20.018213272094727
2001-07-27,21.68021011352539
2001-07-28,24.801729202270508
2001-07-29,25.002574920654297
2001-07-30,22.52167320251465
2001-07-31,20.1693172454834
2001-08-01,18.650753021240234
2001-08-02,18.078392028808594
2001-08-03,18.194414138793945
2001-08-04,18.698490142822266
2001-08-05,18.98189926147461
2001-08-06,18.67696762084961
2001-08-07,17.98509979248047
2001-08-08,16.58861541748047
2001-08-09,15.29431438446045
2001-08-10,14.40068244934082
2001-08-11,13.903766632080078
2001-08-12,13.721024513244629
2001-08-13,13.604850769042969
2001-08-14,13.43261432647705
2001-08-15,12.876177787780762
2001-08-16,12.041351318359375
2001-08-17,11.3702392578125
2001-08-18,11.313268661499023
2001-08-19,11.71895694732666
2001-08-20,11.791780471801758
2001-08-21,11.496111869812012
2001-08-22,11.643199920654297
2001-08-23,11.934225082397461
2001-08-24,11.768251419067383
2001-08-25,11.07001781463623
2001-08-26,10.32961654663086
2001-08-27,9.732158660888672
2001-08-28,9.397255897521973
2001-08-29,9.339963912963867
2001-08-30,9.353144645690918
2001-08-31,9.234484672546387
2001-09-01,9.358352661132812
2001-09-02,11.028663635253906
2001-09-03,13.976670265197754
2001-09-04,14.754683494567871
2001-09-05,13.540700912475586
2001-09-06,12.985355377197266
2001-09-07,12.559728622436523
2001-09-08,11.493093490600586
2001-09-09,10.426971435546875
2001-09-10,9.642191886901855
2001-09-11,9.140552520751953
2001-09-12,9.029850959777832
2001-09-13,9.168585777282715
2001-09-14,9.056201934814453
2001-09-15,8.974686622619629
2001-09-16,9.014638900756836
2001-09-17,8.782617568969727
2001-09-18,8.348126411437988
2001-09-19,8.057867050170898
2001-09-20,7.954093933105469
2001-09-21,8.46314811706543
2001-09-22,11.789132118225098
2001-09-23,19.647008895874023
2001-09-24,23.215391159057617
2001-09-25,19.900554656982422
2001-09-26,21.87531852722168
2001-09-27,41.156471252441406
2001-09-28,56.33549118041992
2001-09-29,45.581459045410156
2001-09-30,34.36262893676758
2001-10-01,29.389667510986328
2001-10-02,25.133289337158203
2001-10-03,21.987071990966797
2001-10-04,19.926340103149414
2001-10-05,18.286270141601562
2001-10-06,17.085451126098633
2001-10-07,16.26567268371582
2001-10-08,16.037734985351562
2001-10-09,16.188587188720703
2001-10-10,16.02093505859375
2001-10-11,15.40864086151123
2001-10-12,14.80079460144043
2001-10-13,14.2418851852417
2001-10-14,13.72835922241211
2001-10-15,13.604731559753418
2001-10-16,14.389644622802734
2001-10-17,16.77518653869629
2001-10-18,19.07756805419922
2001-10-19,19.85372543334961
2001-10-20,19.707355499267578
2001-10-21,18.258573532104492
2001-10-22,16.877368927001953
2001-10-23,15.995105743408203
2001-10-24,15.813384056091309
2001-10-25,16.14643096923828
2001-10-26,17.586505889892578
2001-10-27,20.219818115234375
2001-10-28,21.009952545166016
2001-10-29,19.75359344482422
2001-10-30,18.374069213867188
2001-10-31,17.132652282714844
2001-11-01,16.47369384765625
2001-11-02,16.691343307495117
2001-11-03,18.68590545654297
2001-11-04,20.979936599731445
2001-11-05,21.289196014404297
2001-11-06,21.37705421447754
2001-11-07,26.425128936767578
2001-11-08,32.85773849487305
2001-11-09,31.463043212890625
2001-11-10,27.548179626464844
2001-11-11,25.795543670654297
2001-11-12,24.7410945892334
2001-11-13,23.372222900390625
2001-11-14,22.07332992553711
2001-11-15,21.032962799072266
2001-11-16,20.46316146850586
2001-11-17,20.683088302612305
2001-11-18,21.888874053955078
2001-11-19,21.97072982788086
2001-11-20,21.06743621826172
2001-11-21,20.566213607788086
2001-11-22,20.72125244140625
2001-11-23,20.540569305419922
2001-11-24,19.802776336669922
2001-11-25,19.27155303955078
2001-11-26,19.605480194091797
2001-11-27,21.66775131225586
2001-11-28,26.14974594116211
2001-11-29,29.072187423706055
2001-11-30,29.497406005859375
2001-12-01,32.547035217285156
2001-12-02,39.58702850341797
2001-12-03,48.79224395751953
2001-12-04,49.26631546020508
2001-12-05,43.24712371826172
2001-12-06,38.276241302490234
2001-12-07,36.463714599609375
2001-12-08,37.397159576416016
2001-12-09,36.306495666503906
2001-12-10,33.92182922363281
2001-12-11,32.41802978515625
2001-12-12,30.99333953857422
2001-12-13,29.648422241210938
2001-12-14,28.859468460083008
2001-12-15,30.40473175048828
2001-12-16,35.33951950073242
2001-12-17,38.90256881713867
2001-12-18,38.11971664428711
2001-12-19,38.09309387207031
2001-12-20,39.919803619384766
2001-12-21,40.46350860595703
2001-12-22,39.22992706298828
2001-12-23,37.20429611206055
2001-12-24,35.3318977355957
2001-12-25,35.68006134033203
2001-12-26,37.727333068847656
2001-12-27,37.505577087402344
2001-12-28,35.26840591430664
2001-12-29,33.34282684326172
2001-12-30,31.788959503173828
2001-12-31,30.432125091552734
2002-01-01,29.258892059326172
2002-01-02,28.075424194335938
2002-01-03,27.016284942626953
2002-01-04,26.33326530456543
2002-01-05,25.75873565673828
2002-01-06,25.22574234008789
2002-01-07,25.31987953186035
2002-01-08,25.97225570678711
2002-01-09,26.779891967773438
2002-01-10,27.067251205444336
2002-01-11,28.04281234741211
2002-01-12,30.289531707763672
2002-01-13,32.90459060668945
2002-01-14,34.535133361816406
2002-01-15,35.14863204956055
2002-01-16,34.33427429199219
2002-01-17,33.408714294433594
2002-01-18,32.928199768066406
2002-01-19,32.124359130859375
2002-01-20,30.911727905273438
2002-01-21,29.73985481262207
2002-01-22,29.39742660522461
2002-01-23,29.578351974487305
2002-01-24,30.78108787536621
2002-01-25,34.93301773071289
2002-01-26,42.61545181274414
2002-01-27,48.993656158447266
2002-01-28,50.002532958984375
2002-01-29,49.30938720703125
2002-01-30,50.121089935302734
2002-01-31,54.09846496582031
2002-02-01,56.89270782470703
2002-02-02,56.63291931152344
2002-02-03,55.978973388671875
2002-02-04,53.29065704345703
2002-02-05,49.36395263671875
2002-02-06,45.97087097167969
2002-02-07,43.2904052734375
2002-02-08,41.583744049072266
2002-02-09,40.46875762939453
2002-02-10,39.042755126953125
2002-02-11,38.52640914916992
2002-02-12,41.19200897216797
2002-02-13,43.59523010253906
2002-02-14,42.755615234375
2002-02-15,40.852542877197266
2002-02-16,40.78533172607422
2002-02-17,43.78014373779297
2002-02-18,47.25661087036133
2002-02-19,49.13569641113281
2002-02-20,48.4351806640625
2002-02-21,49.75004959106445
2002-02-22,62.96415328979492
2002-02-23,91.17377471923828
2002-02-24,109.31111907958984
2002-02-25,103.64105987548828
2002-02-26,93.56489562988281
2002-02-27,97.53743743896484
2002-02-28,122.49661254882812
2002-03-01,144.98422241210938
2002-03-02,138.9997100830078
2002-03-03,126.12979888916016
2002-03-04,149.14414978027344
2002-03-05,212.733642578125
2002-03-06,236.23135375976562
2002-03-07,201.826904296875
2002-03-08,166.51272583007812
2002-03-09,145.86148071289062
2002-03-10,146.4278564453125
2002-03-11,193.0035858154297
2002-03-12,239.63037109375
2002-03-13,230.2000732421875
2002-03-14,193.82533264160156
2002-03-15,170.99478149414062
2002-03-16,158.96823120117188
2002-03-17,147.26791381835938
2002-03-18,134.34573364257812
2002-03-19,122.42384338378906
2002-03-20,114.38059997558594
2002-03-21,112.7420654296875
2002-03-22,117.19207000732422
2002-03-23,116.31671142578125
2002-03-24,108.98970794677734
2002-03-25,102.75054168701172
2002-03-26,98.08026123046875
2002-03-27,102.02106475830078
2002-03-28,133.23995971679688
2002-03-29,176.563720703125
2002-03-30,202.20220947265625
2002-03-31,231.4356689453125
2002-04-01,300.560546875
2002-04-02,425.478759765625
2002-04-03,527.552490234375
2002-04-04,559.1589965820312
2002-04-05,551.2804565429688
2002-04-06,487.2074890136719
2002-04-07,384.27850341796875
2002-04-08,306.56524658203125
2002-04-09,258.1640625
2002-04-10,242.1790771484375
2002-04-11,265.6859436035156
2002-04-12,311.1782531738281
2002-04-13,306.19476318359375
2002-04-14,289.24810791015625
2002-04-15,365.2255859375
2002-04-16,576.1055908203125
2002-04-17,639.8531494140625
2002-04-18,545.338623046875
2002-04-19,440.88470458984375
2002-04-20,369.93121337890625
2002-04-21,312.607666015625
2002-04-22,260.7336730957031
2002-04-23,216.44696044921875
2002-04-24,186.2820587158203
2002-04-25,165.51571655273438
2002-04-26,154.5177764892578
2002-04-27,158.0205078125
2002-04-28,161.43743896484375
2002-04-29,167.9791259765625
2002-04-30,195.26849365234375
2002-05-01,218.1798553466797
2002-05-02,218.3393096923828
2002-05-03,230.75640869140625
2002-05-04,269.70257568359375
2002-05-05,277.3219909667969
2002-05-06,245.42852783203125
2002-05-07,212.20574951171875
2002-05-08,188.65176391601562
2002-05-09,170.53578186035156
2002-05-10,155.22573852539062
2002-05-11,142.36964416503906
2002-05-12,132.98455810546875
2002-05-13,139.32351684570312
2002-05-14,240.39605712890625
2002-05-15,487.7789001464844
2002-05-16,634.435302734375
2002-05-17,557.627685546875
2002-05-18,437.5855712890625
2002-05-19,403.4175109863281
2002-05-20,415.0107116699219
2002-05-21,382.2898254394531
2002-05-22,316.7902526855469
2002-05-23,260.12664794921875
2002-05-24,218.31118774414062
2002-05-25,188.1429443359375
2002-05-26,165.99180603027344
2002-05-27,148.95358276367188
2002-05-28,139.35887145996094
2002-05-29,134.86593627929688
2002-05-30,130.55564880371094
2002-05-31,127.0972900390625
2002-06-01,131.9724578857422
2002-06-02,141.3307647705078
2002-06-03,139.14346313476562
2002-06-04,124.22137451171875
2002-06-05,107.31704711914062
2002-06-06,99.74334716796875
2002-06-07,123.05406951904297
2002-06-08,169.21435546875
2002-06-09,181.47601318359375
2002-06-10,158.15231323242188
2002-06-11,131.41839599609375
2002-06-12,117.83374786376953
2002-06-13,136.078857421875
2002-06-14,216.29391479492188
2002-06-15,244.38525390625
2002-06-16,213.53195190429688
2002-06-17,195.98765563964844
2002-06-18,186.36509704589844
2002-06-19,167.28671264648438
2002-06-20,143.8907470703125
2002-06-21,122.89738464355469
2002-06-22,107.5915298461914
2002-06-23,105.1458969116211
2002-06-24,119.69365692138672
2002-06-25,130.6973419189453
2002-06-26,126.23304748535156
2002-06-27,111.65950012207031
2002-06-28,105.88650512695312
2002-06-29,113.31240844726562
2002-06-30,112.01539611816406
2002-07-01,98.21868896484375
2002-07-02,82.47879028320312
2002-07-03,71.12512969970703
2002-07-04,62.81785583496094
2002-07-05,55.69879913330078
2002-07-06,49.93116760253906
2002-07-07,45.600135803222656
2002-07-08,42.07225799560547
2002-07-09,38.76068115234375
2002-07-10,36.691864013671875
2002-07-11,38.655555725097656
2002-07-12,40.3419303894043
2002-07-13,36.59459686279297
2002-07-14,32.206390380859375
2002-07-15,29.190170288085938
2002-07-16,27.118820190429688
2002-07-17,26.01717758178711
2002-07-18,25.07497787475586
2002-07-19,24.10931396484375
2002-07-20,25.17572021484375
2002-07-21,28.29071044921875
2002-07-22,28.954986572265625
2002-07-23,27.120847702026367
2002-07-24,25.68623924255371
2002-07-25,25.621475219726562
2002-07-26,25.16930389404297
2002-07-27,23.217971801757812
2002-07-28,21.48014259338379
2002-07-29,20.31878662109375
2002-07-30,19.44584846496582
2002-07-31,18.65470314025879
2002-08-01,17.91384506225586
2002-08-02,17.104528427124023
2002-08-03,16.482419967651367
2002-08-04,16.020235061645508
2002-08-05,15.251014709472656
2002-08-06,14.378257751464844
2002-08-07,13.740131378173828
2002-08-08,13.4573335647583
2002-08-09,13.600769996643066
2002-08-10,13.164146423339844
2002-08-11,12.229535102844238
2002-08-12,11.429519653320312
2002-08-13,10.845260620117188
2002-08-14,10.367412567138672
2002-08-15,10.01720142364502
2002-08-16,9.637884140014648
2002-08-17,9.40084171295166
2002-08-18,9.362056732177734
2002-08-19,9.25950813293457
2002-08-20,8.94251823425293
2002-08-21,8.640979766845703
2002-08-22,8.51255989074707
2002-08-23,8.557703018188477
2002-08-24,9.11988353729248
2002-08-25,10.030515670776367
2002-08-26,10.297232627868652
2002-08-27,9.914135932922363
2002-08-28,9.205677032470703
2002-08-29,8.808603286743164
2002-08-30,9.907829284667969
2002-08-31,12.786887168884277
2002-09-01,14.55727767944336
2002-09-02,13.65451431274414
2002-09-03,12.190569877624512
2002-09-04,11.333609580993652
2002-09-05,11.321930885314941
2002-09-06,11.414985656738281
2002-09-07,10.714917182922363
2002-09-08,9.769723892211914
2002-09-09,9.004369735717773
2002-09-10,8.461453437805176
2002-09-11,7.9970502853393555
2002-09-12,7.6122894287109375
2002-09-13,7.5907883644104
2002-09-14,8.022110939025879
2002-09-15,7.984622001647949
2002-09-16,8.666962623596191
2002-09-17,14.133386611938477
2002-09-18,27.689163208007812
2002-09-19,29.21114730834961
2002-09-20,21.320629119873047
2002-09-21,15.699874877929688
2002-09-22,13.07608699798584
2002-09-23,11.872130393981934
2002-09-24,11.75201416015625
2002-09-25,12.228113174438477
2002-09-26,11.660530090332031
2002-09-27,11.139348030090332
2002-09-28,12.936816215515137
2002-09-29,19.54780387878418
2002-09-30,29.903919219970703
2002-10-01,30.9404296875
2002-10-02,24.76202392578125
2002-10-03,19.892332077026367
2002-10-04,17.484649658203125
2002-10-05,16.8084774017334
2002-10-06,17.01268196105957
2002-10-07,18.09111213684082
2002-10-08,18.49233627319336
2002-10-09,17.32559585571289
2002-10-10,16.248668670654297
2002-10-11,15.1947021484375
2002-10-12,15.157234191894531
2002-10-13,17.458995819091797
2002-10-14,21.444583892822266
2002-10-15,23.899564743041992
2002-10-16,24.594745635986328
2002-10-17,27.687213897705078
2002-10-18,37.614501953125
2002-10-19,46.25372314453125
2002-10-20,45.338558197021484
2002-10-21,41.905086517333984
2002-10-22,39.684181213378906
2002-10-23,35.20053482055664
2002-10-24,31.275760650634766
2002-10-25,29.005706787109375
2002-10-26,28.078495025634766
2002-10-27,33.24415969848633
2002-10-28,47.1376953125
2002-10-29,56.31841278076172
2002-10-30,51.30795669555664
2002-10-31,43.33674621582031
2002-11-01,37.66740417480469
2002-11-02,34.043087005615234
2002-11-03,32.465824127197266
2002-11-04,31.150409698486328
2002-11-05,29.67746353149414
2002-11-06,29.980270385742188
2002-11-07,36.64854431152344
2002-11-08,48.37049865722656
2002-11-09,52.789188385009766
2002-11-10,50.48706817626953
2002-11-11,49.38075256347656
2002-11-12,52.01292037963867
2002-11-13,71.02197265625
2002-11-14,117.31080627441406
2002-11-15,164.6075439453125
2002-11-16,164.48687744140625
2002-11-17,136.40069580078125
2002-11-18,123.09312438964844
2002-11-19,125.69963836669922
2002-11-20,124.7208251953125
2002-11-21,118.15223693847656
2002-11-22,117.31564331054688
2002-11-23,137.22097778320312
2002-11-24,183.09268188476562
2002-11-25,211.9735107421875
2002-11-26,202.0663604736328
2002-11-27,179.61956787109375
2002-11-28,157.8514862060547
2002-11-29,136.78097534179688
2002-11-30,120.07856750488281
2002-12-01,109.77105712890625
2002-12-02,102.66075134277344
2002-12-03,95.1061019897461
2002-12-04,86.72309875488281
2002-12-05,79.33163452148438
2002-12-06,73.79405975341797
2002-12-07,69.6927490234375
2002-12-08,66.5807876586914
2002-12-09,63.625877380371094
2002-12-10,60.03880310058594
2002-12-11,56.60401916503906
2002-12-12,57.411441802978516
2002-12-13,67.60807800292969
2002-12-14,89.93795776367188
2002-12-15,129.7310028076172
2002-12-16,178.94642639160156
2002-12-17,192.1636962890625
2002-12-18,169.06121826171875
2002-12-19,141.30886840820312
2002-12-20,126.7879409790039
2002-12-21,149.26661682128906
2002-12-22,207.96664428710938
2002-12-23,242.1781005859375
2002-12-24,229.96859741210938
2002-12-25,199.660888671875
2002-12-26,171.7340545654297
2002-12-27,150.686767578125
2002-12-28,135.10702514648438
2002-12-29,123.63701629638672
2002-12-30,115.48783874511719
2002-12-31,107.92079162597656
2003-01-01,102.56038665771484
2003-01-02,100.7663345336914
2003-01-03,98.5612564086914
2003-01-04,93.87928771972656
2003-01-05,90.17575073242188
2003-01-06,88.18946838378906
2003-01-07,85.6398696899414
2003-01-08,83.3135986328125
2003-01-09,81.7657470703125
2003-01-10,79.81459045410156
2003-01-11,76.87818908691406
2003-01-12,73.93521118164062
2003-01-13,72.00413513183594
2003-01-14,69.96788024902344
2003-01-15,67.21985626220703
2003-01-16,64.54759216308594
2003-01-17,62.44376754760742
2003-01-18,60.44998550415039
2003-01-19,57.909297943115234
2003-01-20,55.61221694946289
2003-01-21,53.84724426269531
2003-01-22,51.842185974121094
2003-01-23,49.81452941894531
2003-01-24,48.21710205078125
2003-01-25,47.11521911621094
2003-01-26,46.59862518310547
2003-01-27,45.792701721191406
2003-01-28,44.29281997680664
2003-01-29,42.87858581542969
2003-01-30,42.48684310913086
2003-01-31,42.30967330932617
2003-02-01,42.2286262512207
2003-02-02,42.94626235961914
2003-02-03,44.682044982910156
2003-02-04,47.586578369140625
2003-02-05,52.392791748046875
2003-02-06,58.01580047607422
2003-02-07,59.31221008300781
2003-02-08,57.99554443359375
2003-02-09,56.523765563964844
2003-02-10,55.00053405761719
2003-02-11,53.305458068847656
2003-02-12,51.049556732177734
2003-02-13,48.869178771972656
2003-02-14,46.851497650146484
2003-02-15,45.05644607543945
2003-02-16,43.45686340332031
2003-02-17,42.03346252441406
2003-02-18,41.20632553100586
2003-02-19,41.60661315917969
2003-02-20,42.67253875732422
2003-02-21,44.32959747314453
2003-02-22,48.49457550048828
2003-02-23,58.92108917236328
2003-02-24,72.64338684082031
2003-02-25,81.43643188476562
2003-02-26,81.78096008300781
2003-02-27,77.43415069580078
2003-02-28,71.9068832397461
2003-03-01,67.27867126464844
2003-03-02,64.11724853515625
2003-03-03,63.350616455078125
2003-03-04,63.21630859375
2003-03-05,62.44205856323242
2003-03-06,62.95802307128906
2003-03-07,63.342567443847656
2003-03-08,62.04357147216797
2003-03-09,61.752403259277344
2003-03-10,60.73517608642578
2003-03-11,58.15773391723633
2003-03-12,57.4248161315918
2003-03-13,57.91728210449219
2003-03-14,57.67985153198242
2003-03-15,56.78200912475586
2003-03-16,56.763240814208984
2003-03-17,59.22516632080078
2003-03-18,67.72423553466797
2003-03-19,82.28994750976562
2003-03-20,95.230224609375
2003-03-21,112.69731140136719
2003-03-22,170.97430419921875
2003-03-23,278.8621826171875
2003-03-24,381.71710205078125
2003-03-25,435.9473876953125
2003-03-26,464.61993408203125
2003-03-27,524.291259765625
2003-03-28,608.3658447265625
2003-03-29,652.26123046875
2003-03-30,689.93359375
2003-03-31,839.0975952148438
2003-04-01,975.447998046875
2003-04-02,828.732177734375
2003-04-03,611.907470703125
2003-04-04,493.06854248046875
2003-04-05,430.15032958984375
2003-04-06,374.13873291015625
2003-04-07,330.8731384277344
2003-04-08,296.3380432128906
2003-04-09,266.3258056640625
2003-04-10,243.12745666503906
2003-04-11,231.628173828125
2003-04-12,242.53497314453125
2003-04-13,300.1534729003906
2003-04-14,398.684326171875
2003-04-15,473.3730163574219
2003-04-16,532.0552978515625
2003-04-17,602.55712890625
2003-04-18,613.4251708984375
2003-04-19,520.9810791015625
2003-04-20,415.29119873046875
2003-04-21,363.7626037597656
2003-04-22,359.2685852050781
2003-04-23,382.4434814453125
2003-04-24,407.3351745605469
2003-04-25,402.21240234375
2003-04-26,370.5340576171875
2003-04-27,369.53106689453125
2003-04-28,450.9521789550781
2003-04-29,510.57159423828125
2003-04-30,487.58599853515625
2003-05-01,436.0937805175781
2003-05-02,373.0671691894531
2003-05-03,363.367431640625
2003-05-04,448.12933349609375
2003-05-05,464.5076599121094
2003-05-06,381.2590637207031
2003-05-07,309.02490234375
2003-05-08,266.90185546875
2003-05-09,243.2603759765625
2003-05-10,230.94964599609375
2003-05-11,220.08387756347656
2003-05-12,211.85061645507812
2003-05-13,232.60919189453125
2003-05-14,294.4208068847656
2003-05-15,343.13848876953125
2003-05-16,330.36163330078125
2003-05-17,282.26690673828125
2003-05-18,232.61846923828125
2003-05-19,193.2680206298828
2003-05-20,167.25498962402344
2003-05-21,149.65638732910156
2003-05-22,137.80433654785156
2003-05-23,130.77218627929688
2003-05-24,125.94187927246094
2003-05-25,124.29663848876953
2003-05-26,142.28643798828125
2003-05-27,206.97552490234375
2003-05-28,284.2555847167969
2003-05-29,311.32135009765625
2003-05-30,298.88787841796875
2003-05-31,274.7137145996094
2003-06-01,244.95970153808594
2003-06-02,229.59988403320312
2003-06-03,228.3541717529297
2003-06-04,213.0084228515625
2003-06-05,185.59463500976562
2003-06-06,164.3171844482422
2003-06-07,155.40869140625
2003-06-08,155.91160583496094
2003-06-09,152.6788787841797
2003-06-10,141.98849487304688
2003-06-11,128.5447998046875
2003-06-12,116.7884521484375
2003-06-13,106.8598861694336
2003-06-14,99.55078125
2003-06-15,100.68183898925781
2003-06-16,111.0654525756836
2003-06-17,114.29508209228516
2003-06-18,101.51947021484375
2003-06-19,87.78876495361328
2003-06-20,78.90493774414062
2003-06-21,72.71829223632812
2003-06-22,69.47100830078125
2003-06-23,70.59795379638672
2003-06-24,72.54673767089844
2003-06-25,71.06551361083984
2003-06-26,64.88339233398438
2003-06-27,57.70508575439453
2003-06-28,51.748199462890625
2003-06-29,46.8696403503418
2003-06-30,42.74297332763672
2003-07-01,39.512306213378906
2003-07-02,37.29098892211914
2003-07-03,35.12272262573242
2003-07-04,32.35206604003906
2003-07-05,29.69142723083496
2003-07-06,27.49809455871582
2003-07-07,25.788660049438477
2003-07-08,24.318880081176758
2003-07-09,23.035676956176758
2003-07-10,22.415401458740234
2003-07-11,22.248456954956055
2003-07-12,23.591211318969727
2003-07-13,28.829662322998047
2003-07-14,32.279701232910156
2003-07-15,29.339412689208984
2003-07-16,25.878990173339844
2003-07-17,25.699195861816406
2003-07-18,28.852664947509766
2003-07-19,31.205337524414062
2003-07-20,30.44647979736328
2003-07-21,28.462223052978516
2003-07-22,25.72259521484375
2003-07-23,25.523757934570312
2003-07-24,32.20414352416992
2003-07-25,42.55762481689453
2003-07-26,51.576454162597656
2003-07-27,51.63326644897461
2003-07-28,42.154598236083984
2003-07-29,34.572471618652344
2003-07-30,31.106796264648438
2003-07-31,27.61838722229004
2003-08-01,24.897403717041016
2003-08-02,28.053123474121094
2003-08-03,45.601234436035156
2003-08-04,68.21458435058594
2003-08-05,78.56161499023438
2003-08-06,88.1534194946289
2003-08-07,111.2003173828125
2003-08-08,128.8094482421875
2003-08-09,121.4015121459961
2003-08-10,109.54723358154297
2003-08-11,135.244140625
2003-08-12,237.12939453125
2003-08-13,283.80975341796875
2003-08-14,279.67388916015625
2003-08-15,248.09939575195312
2003-08-16,192.05946350097656
2003-08-17,146.01878356933594
2003-08-18,124.40653991699219
2003-08-19,118.39533996582031
2003-08-20,112.27984619140625
2003-08-21,97.88763427734375
2003-08-22,81.7999267578125
2003-08-23,68.87847900390625
2003-08-24,59.818687438964844
2003-08-25,53.029701232910156
2003-08-26,47.52912139892578
2003-08-27,43.45044708251953
2003-08-28,40.230472564697266
2003-08-29,37.16715621948242
2003-08-30,34.223323822021484
2003-08-31,31.953264236450195
2003-09-01,31.030303955078125
2003-09-02,30.90381622314453
2003-09-03,32.44606399536133
2003-09-04,36.46271514892578
2003-09-05,45.22356414794922
2003-09-06,64.09452819824219
2003-09-07,71.81512451171875
2003-09-08,59.92180252075195
2003-09-09,47.50520706176758
2003-09-10,40.16980743408203
2003-09-11,35.31920623779297
2003-09-12,31.98417091369629
2003-09-13,29.5805606842041
2003-09-14,27.70237922668457
2003-09-15,26.308326721191406
2003-09-16,26.914676666259766
2003-09-17,33.558536529541016
2003-09-18,45.02876281738281
2003-09-19,49.06575012207031
2003-09-20,45.38655471801758
2003-09-21,46.55946731567383
2003-09-22,49.32474136352539
2003-09-23,48.51176452636719
2003-09-24,60.984519958496094
2003-09-25,103.22926330566406
2003-09-26,126.39586639404297
2003-09-27,106.31381225585938
2003-09-28,85.87152862548828
2003-09-29,80.77538299560547
2003-09-30,93.54119873046875
2003-10-01,105.65095520019531
2003-10-02,97.02044677734375
2003-10-03,82.48518371582031
2003-10-04,71.79356384277344
2003-10-05,65.91458892822266
2003-10-06,64.55987548828125
2003-10-07,64.17686462402344
2003-10-08,60.09983825683594
2003-10-09,54.68604278564453
2003-10-10,50.39859390258789
2003-10-11,47.07733917236328
2003-10-12,44.628902435302734
2003-10-13,44.52479934692383
2003-10-14,47.054054260253906
2003-10-15,52.85249328613281
2003-10-16,91.07368469238281
2003-10-17,162.91751098632812
2003-10-18,183.00341796875
2003-10-19,147.99560546875
2003-10-20,116.00457000732422
2003-10-21,96.61576843261719
2003-10-22,85.53065490722656
2003-10-23,89.88589477539062
2003-10-24,97.92162322998047
2003-10-25,95.15313720703125
2003-10-26,87.57540893554688
2003-10-27,83.32487487792969
2003-10-28,124.84642028808594
2003-10-29,316.52093505859375
2003-10-30,602.403076171875
2003-10-31,759.3892822265625
2003-11-01,650.7540283203125
2003-11-02,454.58837890625
2003-11-03,329.825927734375
2003-11-04,275.1198425292969
2003-11-05,266.9080505371094
2003-11-06,274.1541748046875
2003-11-07,274.85284423828125
2003-11-08,257.2727966308594
2003-11-09,228.88558959960938
2003-11-10,201.1877899169922
2003-11-11,176.20925903320312
2003-11-12,157.00791931152344
2003-11-13,145.58233642578125
2003-11-14,145.64869689941406
2003-11-15,157.8253631591797
2003-11-16,157.41534423828125
2003-11-17,143.4794921875
2003-11-18,129.35894775390625
2003-11-19,118.74799346923828
2003-11-20,121.48983764648438
2003-11-21,205.95843505859375
2003-11-22,423.73858642578125
2003-11-23,446.9950256347656
2003-11-24,338.5350646972656
2003-11-25,257.0284729003906
2003-11-26,212.45738220214844
2003-11-27,184.62086486816406
2003-11-28,163.4379425048828
2003-11-29,160.57241821289062
2003-11-30,218.75857543945312
2003-12-01,309.3689270019531
2003-12-02,305.0209655761719
2003-12-03,256.96826171875
2003-12-04,213.73062133789062
2003-12-05,181.83856201171875
2003-12-06,160.1188201904297
2003-12-07,145.82505798339844
2003-12-08,137.06228637695312
2003-12-09,130.72671508789062
2003-12-10,124.83826446533203
2003-12-11,132.84140014648438
2003-12-12,215.76414489746094
2003-12-13,386.2317810058594
2003-12-14,461.02642822265625
2003-12-15,384.25830078125
2003-12-16,297.7685546875
2003-12-17,255.5634765625
2003-12-18,309.1756591796875
2003-12-19,561.1409912109375
2003-12-20,752.442138671875
2003-12-21,662.869140625
2003-12-22,509.0079345703125
2003-12-23,405.4346923828125
2003-12-24,354.047607421875
2003-12-25,374.9051513671875
2003-12-26,514.672119140625
2003-12-27,658.1832885742188
2003-12-28,601.0960083007812
2003-12-29,464.88983154296875
2003-12-30,370.5457763671875
2003-12-31,326.41583251953125
2004-01-01,300.3076171875
2004-01-02,270.3350830078125
2004-01-03,237.98974609375
2004-01-04,215.58108520507812
2004-01-05,208.272705078125
2004-01-06,201.2959747314453
2004-01-07,186.6318359375
2004-01-08,167.66143798828125
2004-01-09,148.81161499023438
2004-01-10,132.3467254638672
2004-01-11,119.82942962646484
2004-01-12,111.93827056884766
2004-01-13,107.37278747558594
2004-01-14,102.8873519897461
2004-01-15,95.16812133789062
2004-01-16,87.07780456542969
2004-01-17,82.11129760742188
2004-01-18,79.9423599243164
2004-01-19,78.297607421875
2004-01-20,75.37043762207031
2004-01-21,72.07124328613281
2004-01-22,69.47899627685547
2004-01-23,67.28704833984375
2004-01-24,64.32691955566406
2004-01-25,60.74306869506836
2004-01-26,57.69041442871094
2004-01-27,55.710121154785156
2004-01-28,54.29940414428711
2004-01-29,53.31998062133789
2004-01-30,52.390625
2004-01-31,50.9571533203125
2004-02-01,49.71708679199219
2004-02-02,49.09889602661133
2004-02-03,48.80887985229492
2004-02-04,48.88819885253906
2004-02-05,49.17668914794922
2004-02-06,48.94660949707031
2004-02-07,49.0733757019043
2004-02-08,49.49009704589844
2004-02-09,48.75806427001953
2004-02-10,48.23955535888672
2004-02-11,48.44480514526367
2004-02-12,47.78303527832031
2004-02-13,46.397621154785156
2004-02-14,45.94596862792969
2004-02-15,45.64826202392578
2004-02-16,43.91392517089844
2004-02-17,41.54643630981445
2004-02-18,40.5382080078125
2004-02-19,40.272029876708984
2004-02-20,40.133358001708984
2004-02-21,40.24394226074219
2004-02-22,41.28083801269531
2004-02-23,42.317405700683594
2004-02-24,42.25993728637695
2004-02-25,41.47847366333008
2004-02-26,40.7418212890625
2004-02-27,40.365760803222656
2004-02-28,40.227760314941406
2004-02-29,40.69991683959961
2004-03-01,42.83706283569336
2004-03-02,48.81389617919922
2004-03-03,63.98567199707031
2004-03-04,90.17129516601562
2004-03-05,116.77979278564453
2004-03-06,139.137451171875
2004-03-07,170.99392700195312
2004-03-08,194.5209197998047
2004-03-09,187.66134643554688
2004-03-10,164.74526977539062
2004-03-11,145.21661376953125
2004-03-12,135.86190795898438
2004-03-13,133.40628051757812
2004-03-14,128.0495147705078
2004-03-15,118.3552017211914
2004-03-16,111.10570526123047
2004-03-17,105.85557556152344
2004-03-18,99.22188568115234
2004-03-19,92.21048736572266
2004-03-20,86.736328125
2004-03-21,84.28692626953125
2004-03-22,84.32066345214844
2004-03-23,81.6783218383789
2004-03-24,78.87631225585938
2004-03-25,81.01739501953125
2004-03-26,91.69647216796875
2004-03-27,122.77800750732422
2004-03-28,198.51608276367188
2004-03-29,289.4725341796875
2004-03-30,321.2696533203125
2004-03-31,293.25555419921875
2004-04-01,319.25494384765625
2004-04-02,587.741943359375
2004-04-03,1046.1923828125
2004-04-04,1231.990478515625
2004-04-05,1055.6187744140625
2004-04-06,826.02880859375
2004-04-07,632.559814453125
2004-04-08,500.82470703125
2004-04-09,422.24993896484375
2004-04-10,372.48480224609375
2004-04-11,335.2301940917969
2004-04-12,299.96124267578125
2004-04-13,277.06103515625
2004-04-14,337.2043151855469
2004-04-15,565.9298706054688
2004-04-16,807.9160766601562
2004-04-17,808.2269897460938
2004-04-18,650.9266967773438
2004-04-19,521.9501342773438
2004-04-20,452.0733642578125
2004-04-21,417.70355224609375
2004-04-22,389.974853515625
2004-04-23,340.7994384765625
2004-04-24,306.29205322265625
2004-04-25,291.0142822265625
2004-04-26,274.02471923828125
2004-04-27,283.9886779785156
2004-04-28,336.09442138671875
2004-04-29,352.76177978515625
2004-04-30,313.7461853027344
2004-05-01,270.12738037109375
2004-05-02,238.28387451171875
2004-05-03,212.53814697265625
2004-05-04,213.7051544189453
2004-05-05,266.1431884765625
2004-05-06,340.0902099609375
2004-05-07,319.4849548339844
2004-05-08,266.0931091308594
2004-05-09,224.40512084960938
2004-05-10,192.24252319335938
2004-05-11,168.65736389160156
2004-05-12,152.56027221679688
2004-05-13,140.49819946289062
2004-05-14,128.70140075683594
2004-05-15,116.92151641845703
2004-05-16,109.33358764648438
2004-05-17,112.75827026367188
2004-05-18,118.65230560302734
2004-05-19,116.85621643066406
2004-05-20,114.52859497070312
2004-05-21,110.07292938232422
2004-05-22,101.79466247558594
2004-05-23,103.50938415527344
2004-05-24,134.03707885742188
2004-05-25,223.0164031982422
2004-05-26,363.59600830078125
2004-05-27,433.1209716796875
2004-05-28,406.0072021484375
2004-05-29,368.5468444824219
2004-05-30,353.794677734375
2004-05-31,320.1651916503906
2004-06-01,262.56610107421875
2004-06-02,221.05340576171875
2004-06-03,212.29498291015625
2004-06-04,220.6732177734375
2004-06-05,213.98757934570312
2004-06-06,188.85025024414062
2004-06-07,161.6988525390625
2004-06-08,140.58120727539062
2004-06-09,123.92176055908203
2004-06-10,112.68720245361328
2004-06-11,108.37068939208984
2004-06-12,103.97952270507812
2004-06-13,94.35307312011719
2004-06-14,83.48511505126953
2004-06-15,75.0877685546875
2004-06-16,69.13142395019531
2004-06-17,64.58106994628906
2004-06-18,60.694114685058594
2004-06-19,56.908409118652344
2004-06-20,53.120384216308594
2004-06-21,49.71074676513672
2004-06-22,46.50487518310547
2004-06-23,43.58855056762695
2004-06-24,42.25615310668945
2004-06-25,41.312095642089844
2004-06-26,39.89971160888672
2004-06-27,40.954734802246094
2004-06-28,42.30294418334961
2004-06-29,41.15707015991211
2004-06-30,40.472328186035156
2004-07-01,41.50105667114258
2004-07-02,41.396183013916016
2004-07-03,39.356075286865234
2004-07-04,37.06045150756836
2004-07-05,34.16390609741211
2004-07-06,31.445220947265625
2004-07-07,30.409528732299805
2004-07-08,30.30590057373047
2004-07-09,32.32503128051758
2004-07-10,43.99500274658203
2004-07-11,61.87668228149414
2004-07-12,61.678035736083984
2004-07-13,49.99643325805664
2004-07-14,41.110809326171875
2004-07-15,37.2996826171875
2004-07-16,38.58130645751953
2004-07-17,42.516380310058594
2004-07-18,41.429866790771484
2004-07-19,37.98780822753906
2004-07-20,38.61405944824219
2004-07-21,42.124210357666016
2004-07-22,41.536041259765625
2004-07-23,37.072330474853516
2004-07-24,33.07712173461914
2004-07-25,34.86492156982422
2004-07-26,40.199119567871094
2004-07-27,38.58641052246094
2004-07-28,35.629486083984375
2004-07-29,43.81621551513672
2004-07-30,53.52764892578125
2004-07-31,50.65787124633789
2004-08-01,43.0201416015625
2004-08-02,40.398067474365234
2004-08-03,42.98361587524414
2004-08-04,42.970802307128906
2004-08-05,39.63364028930664
2004-08-06,36.20432662963867
2004-08-07,32.36520004272461
2004-08-08,28.892749786376953
2004-08-09,26.496654510498047
2004-08-10,24.835670471191406
2004-08-11,23.22681999206543
2004-08-12,22.254650115966797
2004-08-13,23.70673942565918
2004-08-14,31.08028793334961
2004-08-15,48.39899444580078
2004-08-16,60.070167541503906
2004-08-17,59.52840042114258
2004-08-18,58.75884246826172
2004-08-19,59.154144287109375
2004-08-20,54.23883056640625
2004-08-21,53.69445037841797
2004-08-22,73.04841613769531
2004-08-23,103.79692077636719
2004-08-24,107.30803680419922
2004-08-25,85.71064758300781
2004-08-26,65.09156036376953
2004-08-27,52.17778778076172
2004-08-28,43.83363723754883
2004-08-29,38.3616943359375
2004-08-30,35.315086364746094
2004-08-31,34.644309997558594
2004-09-01,40.09202575683594
2004-09-02,51.18042755126953
2004-09-03,52.00413513183594
2004-09-04,43.10322570800781
2004-09-05,35.231624603271484
2004-09-06,30.81675148010254
2004-09-07,28.046310424804688
2004-09-08,26.172025680541992
2004-09-09,28.069496154785156
2004-09-10,46.771209716796875
2004-09-11,83.76201629638672
2004-09-12,105.66927337646484
2004-09-13,88.59160614013672
2004-09-14,65.49444580078125
2004-09-15,51.60942459106445
2004-09-16,43.23811340332031
2004-09-17,37.99244689941406
2004-09-18,48.18128967285156
2004-09-19,109.53406524658203
2004-09-20,189.0082244873047
2004-09-21,190.5842742919922
2004-09-22,144.49485778808594
2004-09-23,106.97239685058594
2004-09-24,84.78446960449219
2004-09-25,70.00276947021484
2004-09-26,59.46184158325195
2004-09-27,52.23162078857422
2004-09-28,48.005836486816406
2004-09-29,51.51601791381836
2004-09-30,63.480323791503906
2004-10-01,71.77896118164062
2004-10-02,70.03450775146484
2004-10-03,65.93894958496094
2004-10-04,60.64988708496094
2004-10-05,54.68447494506836
2004-10-06,49.19948959350586
2004-10-07,45.0401611328125
2004-10-08,41.75352096557617
2004-10-09,39.003746032714844
2004-10-10,36.759273529052734
2004-10-11,35.2501335144043
2004-10-12,34.05880355834961
2004-10-13,32.61948776245117
2004-10-14,31.292518615722656
2004-10-15,30.512479782104492
2004-10-16,36.69557571411133
2004-10-17,63.44104766845703
2004-10-18,92.89540100097656
2004-10-19,94.77323150634766
2004-10-20,81.01292419433594
2004-10-21,68.65829467773438
2004-10-22,60.75593948364258
2004-10-23,54.97562026977539
2004-10-24,50.747596740722656
2004-10-25,47.417572021484375
2004-10-26,44.58173370361328
2004-10-27,42.00261688232422
2004-10-28,39.88009262084961
2004-10-29,38.04712677001953
2004-10-30,36.46492385864258
2004-10-31,35.72427749633789
2004-11-01,36.4127311706543
2004-11-02,37.803707122802734
2004-11-03,39.3072395324707
2004-11-04,43.259151458740234
2004-11-05,52.764991760253906
2004-11-06,71.9669189453125
2004-11-07,96.65419006347656
2004-11-08,103.83867645263672
2004-11-09,94.71427917480469
2004-11-10,84.24161529541016
2004-11-11,74.45005798339844
2004-11-12,66.65536499023438
2004-11-13,61.86547088623047
2004-11-14,58.20137405395508
2004-11-15,54.611778259277344
2004-11-16,51.55606460571289
2004-11-17,49.32155227661133
2004-11-18,47.37322235107422
2004-11-19,45.72157669067383
2004-11-20,44.60624694824219
2004-11-21,43.99711990356445
2004-11-22,44.27220153808594
2004-11-23,46.45570373535156
2004-11-24,48.08379364013672
2004-11-25,52.641029357910156
2004-11-26,96.4908447265625
2004-11-27,182.32859802246094
2004-11-28,199.24114990234375
2004-11-29,200.3218536376953
2004-11-30,297.2432556152344
2004-12-01,393.4690246582031
2004-12-02,461.95452880859375
2004-12-03,564.2457275390625
2004-12-04,532.0811157226562
2004-12-05,407.26995849609375
2004-12-06,310.0736083984375
2004-12-07,250.68948364257812
2004-12-08,217.38037109375
2004-12-09,211.03591918945312
2004-12-10,215.8900146484375
2004-12-11,220.79666137695312
2004-12-12,231.473388671875
2004-12-13,235.81857299804688
2004-12-14,225.1122283935547
2004-12-15,203.6641387939453
2004-12-16,178.44573974609375
2004-12-17,158.24533081054688
2004-12-18,144.21505737304688
2004-12-19,131.81500244140625
2004-12-20,120.53932189941406
2004-12-21,110.96800231933594
2004-12-22,102.3221664428711
2004-12-23,100.04615783691406
2004-12-24,145.42056274414062
2004-12-25,308.53240966796875
2004-12-26,432.1632385253906
2004-12-27,371.867431640625
2004-12-28,284.12969970703125
2004-12-29,229.04478454589844
2004-12-30,196.21466064453125
2004-12-31,175.14515686035156
2005-01-01,161.06985473632812
2005-01-02,155.73321533203125
2005-01-03,152.03138732910156
2005-01-04,150.0345916748047
2005-01-05,161.00933837890625
2005-01-06,168.2957763671875
2005-01-07,160.40647888183594
2005-01-08,147.33665466308594
2005-01-09,135.95361328125
2005-01-10,127.87398529052734
2005-01-11,122.40239715576172
2005-01-12,117.31726837158203
2005-01-13,113.0450210571289
2005-01-14,132.90066528320312
2005-01-15,220.85736083984375
2005-01-16,314.08612060546875
2005-01-17,308.7801513671875
2005-01-18,255.50372314453125
2005-01-19,209.84234619140625
2005-01-20,178.24658203125
2005-01-21,156.78778076171875
2005-01-22,139.969482421875
2005-01-23,124.88684844970703
2005-01-24,113.66407012939453
2005-01-25,107.34261322021484
2005-01-26,101.78419494628906
2005-01-27,96.53497314453125
2005-01-28,91.46517181396484
2005-01-29,87.07027435302734
2005-01-30,83.91936492919922
2005-01-31,81.25334167480469
2005-02-01,77.57769775390625
2005-02-02,73.38054656982422
2005-02-03,69.91427612304688
2005-02-04,68.2881088256836
2005-02-05,69.51472473144531
2005-02-06,71.9218978881836
2005-02-07,72.24951171875
2005-02-08,72.48477172851562
2005-02-09,75.70702362060547
2005-02-10,93.26840209960938
2005-02-11,140.3982696533203
2005-02-12,179.08262634277344
2005-02-13,178.4623565673828
2005-02-14,159.72093200683594
2005-02-15,147.27806091308594
2005-02-16,163.9648895263672
2005-02-17,213.46841430664062
2005-02-18,249.5028076171875
2005-02-19,236.85885620117188
2005-02-20,203.65309143066406
2005-02-21,175.60748291015625
2005-02-22,155.01145935058594
2005-02-23,140.7886962890625
2005-02-24,129.25802612304688
2005-02-25,118.79536437988281
2005-02-26,109.93431854248047
2005-02-27,102.19620513916016
2005-02-28,96.10525512695312
2005-03-01,91.33451843261719
2005-03-02,87.52012634277344
2005-03-03,83.73155212402344
2005-03-04,79.83387756347656
2005-03-05,77.28981018066406
2005-03-06,75.658935546875
2005-03-07,74.53347778320312
2005-03-08,74.67256164550781
2005-03-09,77.051025390625
2005-03-10,79.4881591796875
2005-03-11,79.53092193603516
2005-03-12,77.70415496826172
2005-03-13,77.426025390625
2005-03-14,78.54973602294922
2005-03-15,78.3343276977539
2005-03-16,77.98098754882812
2005-03-17,77.87621307373047
2005-03-18,77.5679702758789
2005-03-19,77.45804595947266
2005-03-20,77.85758209228516
2005-03-21,79.42767333984375
2005-03-22,83.20650482177734
2005-03-23,89.53776550292969
2005-03-24,97.4824447631836
2005-03-25,106.30927276611328
2005-03-26,114.96987915039062
2005-03-27,119.28518676757812
2005-03-28,136.4146728515625
2005-03-29,247.07550048828125
2005-03-30,507.86834716796875
2005-03-31,754.3802490234375
2005-04-01,837.150146484375
2005-04-02,816.6571655273438
2005-04-03,911.8055419921875
2005-04-04,1302.0755615234375
2005-04-05,1530.0338134765625
2005-04-06,1347.62109375
2005-04-07,1089.18408203125
2005-04-08,916.9674072265625
2005-04-09,833.44970703125
2005-04-10,754.08154296875
2005-04-11,653.715576171875
2005-04-12,561.5053100585938
2005-04-13,477.5746765136719
2005-04-14,401.1962890625
2005-04-15,343.6853942871094
2005-04-16,305.1706237792969
2005-04-17,278.1258850097656
2005-04-18,262.2655334472656
2005-04-19,258.74737548828125
2005-04-20,259.00433349609375
2005-04-21,266.1222839355469
2005-04-22,310.99517822265625
2005-04-23,353.92498779296875
2005-04-24,393.0589599609375
2005-04-25,631.3924560546875
2005-04-26,881.427734375
2005-04-27,835.8005981445312
2005-04-28,691.0591430664062
2005-04-29,680.1053466796875
2005-04-30,693.569580078125
2005-05-01,622.6597900390625
2005-05-02,557.7402954101562
2005-05-03,509.2264099121094
2005-05-04,442.59564208984375
2005-05-05,369.4466552734375
2005-05-06,308.7366638183594
2005-05-07,268.70562744140625
2005-05-08,258.7934875488281
2005-05-09,270.83868408203125
2005-05-10,273.26019287109375
2005-05-11,255.69300842285156
2005-05-12,228.99819946289062
2005-05-13,203.4739227294922
2005-05-14,181.92909240722656
2005-05-15,163.5682830810547
2005-05-16,153.79977416992188
2005-05-17,157.12692260742188
2005-05-18,162.90557861328125
2005-05-19,157.6103515625
2005-05-20,146.38754272460938
2005-05-21,134.93545532226562
2005-05-22,130.12156677246094
2005-05-23,150.1781463623047
2005-05-24,219.91058349609375
2005-05-25,335.1816101074219
2005-05-26,442.2048645019531
2005-05-27,509.6011962890625
2005-05-28,528.1966552734375
2005-05-29,486.8203430175781
2005-05-30,436.1348571777344
2005-05-31,407.66827392578125
2005-06-01,384.7811584472656
2005-06-02,350.8531494140625
2005-06-03,303.73712158203125
2005-06-04,253.6282196044922
2005-06-05,213.21163940429688
2005-06-06,182.16397094726562
2005-06-07,160.15504455566406
2005-06-08,147.83282470703125
2005-06-09,139.60020446777344
2005-06-10,135.34536743164062
2005-06-11,154.2266387939453
2005-06-12,181.50473022460938
2005-06-13,190.05294799804688
2005-06-14,186.88185119628906
2005-06-15,205.45977783203125
2005-06-16,279.42449951171875
2005-06-17,314.93377685546875
2005-06-18,299.4598083496094
2005-06-19,314.0098876953125
2005-06-20,333.38427734375
2005-06-21,300.5459289550781
2005-06-22,238.56263732910156
2005-06-23,190.17921447753906
2005-06-24,162.05703735351562
2005-06-25,140.22412109375
2005-06-26,120.12118530273438
2005-06-27,104.40502166748047
2005-06-28,95.55240631103516
2005-06-29,107.28679656982422
2005-06-30,145.05364990234375
2005-07-01,159.58062744140625
2005-07-02,147.42861938476562
2005-07-03,131.81060791015625
2005-07-04,116.2738265991211
2005-07-05,98.90415954589844
2005-07-06,84.4732437133789
2005-07-07,82.48174285888672
2005-07-08,95.57367706298828
2005-07-09,107.46749877929688
2005-07-10,123.0875244140625
2005-07-11,139.33920288085938
2005-07-12,135.6109619140625
2005-07-13,114.76663208007812
2005-07-14,95.3361587524414
2005-07-15,83.14643859863281
2005-07-16,77.21710205078125
2005-07-17,73.43144226074219
2005-07-18,67.7232894897461
2005-07-19,65.66256713867188
2005-07-20,69.53642272949219
2005-07-21,70.80191040039062
2005-07-22,65.12052917480469
2005-07-23,57.31230926513672
2005-07-24,52.9980354309082
2005-07-25,50.97533416748047
2005-07-26,46.83378601074219
2005-07-27,42.52964782714844
2005-07-28,42.48617935180664
2005-07-29,46.294578552246094
2005-07-30,46.80943298339844
2005-07-31,42.07917022705078
2005-08-01,37.469512939453125
2005-08-02,35.40795135498047
2005-08-03,35.575172424316406
2005-08-04,35.46781539916992
2005-08-05,33.90186309814453
2005-08-06,32.126033782958984
2005-08-07,30.705890655517578
2005-08-08,28.644033432006836
2005-08-09,25.988178253173828
2005-08-10,23.79330062866211
2005-08-11,22.130002975463867
2005-08-12,20.886821746826172
2005-08-13,20.38454818725586
2005-08-14,21.24085235595703
2005-08-15,24.75373077392578
2005-08-16,30.964008331298828
2005-08-17,35.36919021606445
2005-08-18,33.73944854736328
2005-08-19,28.979534149169922
2005-08-20,25.07045555114746
2005-08-21,22.64539909362793
2005-08-22,22.407699584960938
2005-08-23,24.472448348999023
2005-08-24,25.603282928466797
2005-08-25,23.662227630615234
2005-08-26,21.47287940979004
2005-08-27,19.83452606201172
2005-08-28,18.30437660217285
2005-08-29,18.16873550415039
2005-08-30,22.37624168395996
2005-08-31,31.210777282714844
2005-09-01,44.37681579589844
2005-09-02,73.28160095214844
2005-09-03,101.45857238769531
2005-09-04,85.1166763305664
2005-09-05,58.08488082885742
2005-09-06,42.889888763427734
2005-09-07,34.60831832885742
2005-09-08,29.538105010986328
2005-09-09,26.214397430419922
2005-09-10,23.91652488708496
2005-09-11,22.20068359375
2005-09-12,20.707612991333008
2005-09-13,19.34425926208496
2005-09-14,18.256614685058594
2005-09-15,17.632280349731445
2005-09-16,19.255638122558594
2005-09-17,25.23676872253418
2005-09-18,30.647031784057617
2005-09-19,31.277801513671875
2005-09-20,31.15956687927246
2005-09-21,31.139020919799805
2005-09-22,31.30529022216797
2005-09-23,30.431522369384766
2005-09-24,26.981098175048828
2005-09-25,23.8331298828125
2005-09-26,21.976398468017578
2005-09-27,22.62990951538086
2005-09-28,28.38625144958496
2005-09-29,35.354366302490234
2005-09-30,36.26558303833008
2005-10-01,39.22663116455078
2005-10-02,41.72472381591797
2005-10-03,37.31865310668945
2005-10-04,31.970829010009766
2005-10-05,28.545625686645508
2005-10-06,26.277915954589844
2005-10-07,24.585304260253906
2005-10-08,35.75529479980469
2005-10-09,181.02940368652344
2005-10-10,731.8182373046875
2005-10-11,1105.785888671875
2005-10-12,819.945068359375
2005-10-13,511.443359375
2005-10-14,368.7042541503906
2005-10-15,461.17242431640625
2005-10-16,1033.9794921875
2005-10-17,1555.49072265625
2005-10-18,1456.7547607421875
2005-10-19,1039.8726806640625
2005-10-20,704.728759765625
2005-10-21,506.2581787109375
2005-10-22,387.76483154296875
2005-10-23,323.99609375
2005-10-24,334.1776123046875
2005-10-25,427.05133056640625
2005-10-26,675.707763671875
2005-10-27,998.220703125
2005-10-28,1026.6026611328125
2005-10-29,815.5823974609375
2005-10-30,605.2682495117188
2005-10-31,463.56085205078125
2005-11-01,374.70440673828125
2005-11-02,316.5209655761719
2005-11-03,276.1098327636719
2005-11-04,245.5655059814453
2005-11-05,220.85467529296875
2005-11-06,199.85093688964844
2005-11-07,183.99484252929688
2005-11-08,175.8533477783203
2005-11-09,178.2464599609375
2005-11-10,190.63308715820312
2005-11-11,233.9635467529297
2005-11-12,289.67779541015625
2005-11-13,281.64068603515625
2005-11-14,245.5992431640625
2005-11-15,219.8895721435547
2005-11-16,211.91348266601562
2005-11-17,256.9091491699219
2005-11-18,408.8255920410156
2005-11-19,532.2681274414062
2005-11-20,470.793701171875
2005-11-21,367.4386901855469
2005-11-22,320.02691650390625
2005-11-23,370.57611083984375
2005-11-24,462.3101806640625
2005-11-25,450.26495361328125
2005-11-26,381.8001708984375
2005-11-27,323.5008544921875
2005-11-28,281.2546691894531
2005-11-29,256.62890625
2005-11-30,276.83380126953125
2005-12-01,434.91156005859375
2005-12-02,651.349853515625
2005-12-03,629.5130004882812
2005-12-04,496.11468505859375
2005-12-05,390.1917724609375
2005-12-06,321.6150817871094
2005-12-07,276.98089599609375
2005-12-08,242.0072021484375
2005-12-09,214.37973022460938
2005-12-10,196.45132446289062
2005-12-11,184.05624389648438
2005-12-12,173.10130310058594
2005-12-13,162.0196533203125
2005-12-14,148.81521606445312
2005-12-15,135.59837341308594
2005-12-16,127.77922058105469
2005-12-17,128.3401641845703
2005-12-18,130.3322296142578
2005-12-19,127.80753326416016
2005-12-20,121.9909896850586
2005-12-21,115.32563781738281
2005-12-22,109.25311279296875
2005-12-23,104.97201538085938
2005-12-24,104.28821563720703
2005-12-25,106.52638244628906
2005-12-26,127.47883605957031
2005-12-27,197.22662353515625
2005-12-28,269.9493408203125
2005-12-29,279.48016357421875
2005-12-30,281.523193359375
2005-12-31,309.770263671875
2006-01-01,301.518310546875
2006-01-02,262.9342041015625
2006-01-03,231.19097900390625
2006-01-04,209.5231475830078
2006-01-05,190.25009155273438
2006-01-06,174.64736938476562
2006-01-07,163.1513671875
2006-01-08,151.0099334716797
2006-01-09,140.0406951904297
2006-01-10,134.44839477539062
2006-01-11,132.31956481933594
2006-01-12,138.50990295410156
2006-01-13,168.94760131835938
2006-01-14,231.30857849121094
2006-01-15,356.4879150390625
2006-01-16,572.183837890625
2006-01-17,632.6707763671875
2006-01-18,539.9061279296875
2006-01-19,597.3804931640625
2006-01-20,779.2568359375
2006-01-21,769.7443237304688
2006-01-22,630.0667724609375
2006-01-23,513.0279541015625
2006-01-24,422.8873596191406
2006-01-25,359.14569091796875
2006-01-26,314.9621276855469
2006-01-27,279.0354919433594
2006-01-28,247.694091796875
2006-01-29,228.10720825195312
2006-01-30,219.59144592285156
2006-01-31,211.533203125
2006-02-01,199.5905303955078
2006-02-02,186.38307189941406
2006-02-03,185.02566528320312
2006-02-04,236.31427001953125
2006-02-05,364.6599426269531
2006-02-06,519.5146484375
2006-02-07,594.0370483398438
2006-02-08,539.5537719726562
2006-02-09,433.4251708984375
2006-02-10,348.392578125
2006-02-11,288.3967590332031
2006-02-12,243.0364227294922
2006-02-13,212.57760620117188
2006-02-14,193.37594604492188
2006-02-15,180.92494201660156
2006-02-16,174.9272003173828
2006-02-17,176.36965942382812
2006-02-18,180.77000427246094
2006-02-19,173.67483520507812
2006-02-20,158.57537841796875
2006-02-21,145.7892303466797
2006-02-22,136.09156799316406
2006-02-23,127.46527099609375
2006-02-24,120.20087432861328
2006-02-25,113.05606079101562
2006-02-26,104.66613006591797
2006-02-27,96.74967193603516
2006-02-28,91.46593475341797
2006-03-01,88.05587005615234
2006-03-02,85.25175476074219
2006-03-03,82.66950988769531
2006-03-04,79.73817443847656
2006-03-05,77.04252624511719
2006-03-06,75.20686340332031
2006-03-07,73.32733917236328
2006-03-08,71.10894012451172
2006-03-09,69.39964294433594
2006-03-10,71.38082122802734
2006-03-11,86.48345947265625
2006-03-12,120.0322494506836
2006-03-13,156.5474853515625
2006-03-14,209.78402709960938
2006-03-15,328.24127197265625
2006-03-16,420.74163818359375
2006-03-17,375.9609680175781
2006-03-18,296.994384765625
2006-03-19,239.3629913330078
2006-03-20,201.50473022460938
2006-03-21,175.16519165039062
2006-03-22,156.24354553222656
2006-03-23,143.6147918701172
2006-03-24,135.37454223632812
2006-03-25,131.77484130859375
2006-03-26,130.0657501220703
2006-03-27,129.01303100585938
2006-03-28,128.94168090820312
2006-03-29,127.95553588867188
2006-03-30,126.9887466430664
2006-03-31,128.81234741210938
2006-04-01,135.7334747314453
2006-04-02,152.2917938232422
2006-04-03,184.89588928222656
2006-04-04,216.93539428710938
2006-04-05,285.37322998046875
2006-04-06,411.1524963378906
2006-04-07,428.2586669921875
2006-04-08,361.3788757324219
2006-04-09,313.3575439453125
2006-04-10,277.26348876953125
2006-04-11,239.1141815185547
2006-04-12,209.0784454345703
2006-04-13,191.47384643554688
2006-04-14,183.77005004882812
2006-04-15,181.8197479248047
2006-04-16,177.54342651367188
2006-04-17,170.9433135986328
2006-04-18,163.31002807617188
2006-04-19,150.7595977783203
2006-04-20,138.14060974121094
2006-04-21,128.55264282226562
2006-04-22,120.40507507324219
2006-04-23,112.68838500976562
2006-04-24,115.91822052001953
2006-04-25,144.8293914794922
2006-04-26,178.86219787597656
2006-04-27,189.7951202392578
2006-04-28,177.58328247070312
2006-04-29,155.7650909423828
2006-04-30,135.69581604003906
2006-05-01,121.23236846923828
2006-05-02,114.48182678222656
2006-05-03,130.26651000976562
2006-05-04,184.46475219726562
2006-05-05,234.45339965820312
2006-05-06,235.53602600097656
2006-05-07,205.3588409423828
2006-05-08,173.3937225341797
2006-05-09,148.4353485107422
2006-05-10,132.8439178466797
2006-05-11,125.99836730957031
2006-05-12,122.64501190185547
2006-05-13,169.8583221435547
2006-05-14,560.0240478515625
2006-05-15,1501.7806396484375
2006-05-16,2057.945556640625
2006-05-17,1926.511474609375
2006-05-18,1612.5704345703125
2006-05-19,1231.7724609375
2006-05-20,976.0523071289062
2006-05-21,894.1122436523438
2006-05-22,803.9420776367188
2006-05-23,659.836181640625
2006-05-24,534.8488159179688
2006-05-25,436.7987976074219
2006-05-26,359.5732421875
2006-05-27,302.7415771484375
2006-05-28,264.7049560546875
2006-05-29,234.83140563964844
2006-05-30,206.8179473876953
2006-05-31,183.051513671875
2006-06-01,165.30441284179688
2006-06-02,161.89175415039062
2006-06-03,206.4862518310547
2006-06-04,310.6398010253906
2006-06-05,399.05560302734375
2006-06-06,409.014404296875
2006-06-07,366.08245849609375
2006-06-08,381.7809753417969
2006-06-09,504.21832275390625
2006-06-10,615.1493530273438
2006-06-11,739.4617309570312
2006-06-12,845.6682739257812
2006-06-13,786.945068359375
2006-06-14,610.9189453125
2006-06-15,465.39697265625
2006-06-16,382.28271484375
2006-06-17,324.87445068359375
2006-06-18,271.4936218261719
2006-06-19,228.9666748046875
2006-06-20,200.0548095703125
2006-06-21,191.5347442626953
2006-06-22,197.88137817382812
2006-06-23,185.65151977539062
2006-06-24,168.81224060058594
2006-06-25,168.2982177734375
2006-06-26,174.44976806640625
2006-06-27,196.05758666992188
2006-06-28,256.70001220703125
2006-06-29,324.9129638671875
2006-06-30,379.8856201171875
2006-07-01,381.072509765625
2006-07-02,327.89849853515625
2006-07-03,270.3606872558594
2006-07-04,224.36105346679688
2006-07-05,188.13841247558594
2006-07-06,159.30397033691406
2006-07-07,136.8082275390625
2006-07-08,118.64305877685547
2006-07-09,104.23519897460938
2006-07-10,92.49992370605469
2006-07-11,84.45174407958984
2006-07-12,84.8505859375
2006-07-13,112.33880615234375
2006-07-14,220.1652374267578
2006-07-15,315.5298156738281
2006-07-16,289.8407897949219
2006-07-17,218.93179321289062
2006-07-18,166.5326690673828
2006-07-19,134.18359375
2006-07-20,114.78701782226562
2006-07-21,102.184814453125
2006-07-22,99.27156829833984
2006-07-23,138.93275451660156
2006-07-24,212.638916015625
2006-07-25,230.57046508789062
2006-07-26,191.53811645507812
2006-07-27,149.40582275390625
2006-07-28,122.44584655761719
2006-07-29,111.83289337158203
2006-07-30,115.29669189453125
2006-07-31,120.77316284179688
2006-08-01,109.59071350097656
2006-08-02,93.343994140625
2006-08-03,87.8935546875
2006-08-04,94.28919219970703
2006-08-05,106.85775756835938
2006-08-06,113.10821533203125
2006-08-07,101.54885864257812
2006-08-08,84.509033203125
2006-08-09,73.00827026367188
2006-08-10,65.15498352050781
2006-08-11,58.36449432373047
2006-08-12,54.661155700683594
2006-08-13,52.55310821533203
2006-08-14,48.52660369873047
2006-08-15,44.64252853393555
2006-08-16,42.37027359008789
2006-08-17,40.79156494140625
2006-08-18,38.55324935913086
2006-08-19,35.83373260498047
2006-08-20,37.25855255126953
2006-08-21,50.34083557128906
2006-08-22,66.19783020019531
2006-08-23,67.21057891845703
2006-08-24,58.68046188354492
2006-08-25,50.216163635253906
2006-08-26,44.94996643066406
2006-08-27,42.28851318359375
2006-08-28,42.27671432495117
2006-08-29,45.713199615478516
2006-08-30,49.86587905883789
2006-08-31,49.32059097290039
2006-09-01,45.386260986328125
2006-09-02,40.771392822265625
2006-09-03,38.12511444091797
2006-09-04,40.102203369140625
2006-09-05,45.07844161987305
2006-09-06,46.356834411621094
2006-09-07,44.722599029541016
2006-09-08,42.30390548706055
2006-09-09,39.269203186035156
2006-09-10,36.62343978881836
2006-09-11,35.892459869384766
2006-09-12,35.21900177001953
2006-09-13,32.866905212402344
2006-09-14,30.796968460083008
2006-09-15,30.61737632751465
2006-09-16,32.160797119140625
2006-09-17,33.383453369140625
2006-09-18,32.52680206298828
2006-09-19,30.22945213317871
2006-09-20,28.816959381103516
2006-09-21,29.692119598388672
2006-09-22,31.046951293945312
2006-09-23,30.506113052368164
2006-09-24,29.508140563964844
2006-09-25,30.458147048950195
2006-09-26,32.17564010620117
2006-09-27,31.65705680847168
2006-09-28,29.539310455322266
2006-09-29,27.69696807861328
2006-09-30,27.835107803344727
2006-10-01,32.85871124267578
2006-10-02,44.43967056274414
2006-10-03,59.11588668823242
2006-10-04,62.44280242919922
2006-10-05,54.369354248046875
2006-10-06,48.628822326660156
2006-10-07,47.013519287109375
2006-10-08,44.42059326171875
2006-10-09,40.36286926269531
2006-10-10,37.113487243652344
2006-10-11,34.982643127441406
2006-10-12,42.06584167480469
2006-10-13,80.50015258789062
2006-10-14,138.4427032470703
2006-10-15,151.04345703125
2006-10-16,119.77883911132812
2006-10-17,91.9521484375
2006-10-18,79.31021881103516
2006-10-19,85.95672607421875
2006-10-20,114.28400421142578
2006-10-21,171.81468200683594
2006-10-22,284.651123046875
2006-10-23,330.84124755859375
2006-10-24,281.92431640625
2006-10-25,261.91363525390625
2006-10-26,245.35205078125
2006-10-27,205.8552703857422
2006-10-28,187.4932098388672
2006-10-29,290.2508239746094
2006-10-30,505.4396667480469
2006-10-31,567.20654296875
2006-11-01,452.48284912109375
2006-11-02,334.5291748046875
2006-11-03,277.3497619628906
2006-11-04,255.05540466308594
2006-11-05,232.1464385986328
2006-11-06,202.18093872070312
2006-11-07,176.0935516357422
2006-11-08,161.7593231201172
2006-11-09,194.6518096923828
2006-11-10,362.75067138671875
2006-11-11,506.4188232421875
2006-11-12,479.9345397949219
2006-11-13,415.4831237792969
2006-11-14,408.79217529296875
2006-11-15,462.7117919921875
2006-11-16,512.2623291015625
2006-11-17,494.83074951171875
2006-11-18,550.8607788085938
2006-11-19,656.1749877929688
2006-11-20,613.7214965820312
2006-11-21,492.7475280761719
2006-11-22,391.0723571777344
2006-11-23,319.3786315917969
2006-11-24,273.3218688964844
2006-11-25,244.9558563232422
2006-11-26,223.06466674804688
2006-11-27,201.63986206054688
2006-11-28,183.09390258789062
2006-11-29,168.75732421875
2006-11-30,157.73968505859375
2006-12-01,152.6719207763672
2006-12-02,181.46905517578125
2006-12-03,292.7014465332031
2006-12-04,364.0774841308594
2006-12-05,328.5582580566406
2006-12-06,271.2232666015625
2006-12-07,227.15414428710938
2006-12-08,199.98593139648438
2006-12-09,183.64804077148438
2006-12-10,168.07919311523438
2006-12-11,154.7375030517578
2006-12-12,146.0058135986328
2006-12-13,138.9991455078125
2006-12-14,134.36741638183594
2006-12-15,137.7965087890625
2006-12-16,141.66403198242188
2006-12-17,137.00881958007812
2006-12-18,130.1691436767578
2006-12-19,122.95562744140625
2006-12-20,116.20144653320312
2006-12-21,108.87937927246094
2006-12-22,102.48358154296875
2006-12-23,104.81790161132812
2006-12-24,141.77401733398438
2006-12-25,210.94338989257812
2006-12-26,244.8022003173828
2006-12-27,244.91680908203125
2006-12-28,252.00779724121094
2006-12-29,239.5832061767578
2006-12-30,209.7003173828125
2006-12-31,182.3489990234375
2007-01-01,167.0382537841797
2007-01-02,168.54879760742188
2007-01-03,180.8291473388672
2007-01-04,186.46246337890625
2007-01-05,184.45579528808594
2007-01-06,191.60546875
2007-01-07,250.4156494140625
2007-01-08,386.7103271484375
2007-01-09,517.3621826171875
2007-01-10,568.7357177734375
2007-01-11,506.3029479980469
2007-01-12,396.2702941894531
2007-01-13,313.6037902832031
2007-01-14,267.5614318847656
2007-01-15,239.0093231201172
2007-01-16,218.2900390625
2007-01-17,200.20330810546875
2007-01-18,179.16195678710938
2007-01-19,162.45745849609375
2007-01-20,152.20266723632812
2007-01-21,142.48757934570312
2007-01-22,130.79246520996094
2007-01-23,121.38311004638672
2007-01-24,114.93768310546875
2007-01-25,109.42691040039062
2007-01-26,102.4272232055664
2007-01-27,94.36042022705078
2007-01-28,89.32671356201172
2007-01-29,86.58074951171875
2007-01-30,83.02959442138672
2007-01-31,79.00375366210938
2007-02-01,76.0694580078125
2007-02-02,74.32493591308594
2007-02-03,72.52557373046875
2007-02-04,70.28345489501953
2007-02-05,67.38447570800781
2007-02-06,64.41741943359375
2007-02-07,62.276275634765625
2007-02-08,60.45294189453125
2007-02-09,58.67101287841797
2007-02-10,57.381103515625
2007-02-11,56.28886413574219
2007-02-12,55.0231819152832
2007-02-13,53.52621078491211
2007-02-14,51.47183609008789
2007-02-15,49.43836212158203
2007-02-16,48.64125061035156
2007-02-17,49.007137298583984
2007-02-18,49.977806091308594
2007-02-19,49.848541259765625
2007-02-20,48.63886642456055
2007-02-21,48.50062942504883
2007-02-22,48.47563171386719
2007-02-23,47.81681823730469
2007-02-24,46.59648132324219
2007-02-25,45.808570861816406
2007-02-26,45.78784942626953
2007-02-27,45.76624298095703
2007-02-28,45.18208312988281
2007-03-01,44.35857391357422
2007-03-02,46.14596939086914
2007-03-03,53.58620834350586
2007-03-04,62.058746337890625
2007-03-05,65.5911865234375
2007-03-06,64.33058166503906
2007-03-07,60.873172760009766
2007-03-08,57.574256896972656
2007-03-09,55.044708251953125
2007-03-10,53.558998107910156
2007-03-11,55.16911315917969
2007-03-12,62.381736755371094
2007-03-13,74.78163146972656
2007-03-14,98.41571807861328
2007-03-15,156.08444213867188
2007-03-16,271.1248474121094
2007-03-17,365.20013427734375
2007-03-18,341.7044677734375
2007-03-19,281.9347229003906
2007-03-20,244.19845581054688
2007-03-21,218.4420623779297
2007-03-22,198.69393920898438
2007-03-23,199.27664184570312
2007-03-24,231.90269470214844
2007-03-25,277.0888977050781
2007-03-26,308.06787109375
2007-03-27,326.31036376953125
2007-03-28,358.4725341796875
2007-03-29,410.0329284667969
2007-03-30,435.82354736328125
2007-03-31,413.92779541015625
2007-04-01,378.9267272949219
2007-04-02,351.8421325683594
2007-04-03,355.32940673828125
2007-04-04,389.60186767578125
2007-04-05,414.7023010253906
2007-04-06,407.651123046875
2007-04-07,369.6299133300781
2007-04-08,322.1109313964844
2007-04-09,282.78460693359375
2007-04-10,255.37782287597656
2007-04-11,237.5408935546875
2007-04-12,233.9276885986328
2007-04-13,273.1360168457031
2007-04-14,333.2591552734375
2007-04-15,369.1983642578125
2007-04-16,594.02392578125
2007-04-17,1377.54931640625
2007-04-18,1974.6512451171875
2007-04-19,1805.3326416015625
2007-04-20,1410.96533203125
2007-04-21,1098.1187744140625
2007-04-22,891.768798828125
2007-04-23,769.4596557617188
2007-04-24,693.0842895507812
2007-04-25,660.5029907226562
2007-04-26,643.79638671875
2007-04-27,560.7335205078125
2007-04-28,467.733642578125
2007-04-29,426.41375732421875
2007-04-30,415.5232849121094
2007-05-01,420.175537109375
2007-05-02,430.18292236328125
2007-05-03,391.3343811035156
2007-05-04,332.73822021484375
2007-05-05,281.9756774902344
2007-05-06,244.662841796875
2007-05-07,217.35910034179688
2007-05-08,194.3959197998047
2007-05-09,175.5720977783203
2007-05-10,163.88851928710938
2007-05-11,158.20150756835938
2007-05-12,161.4656219482422
2007-05-13,166.93551635742188
2007-05-14,157.91693115234375
2007-05-15,139.49752807617188
2007-05-16,131.31134033203125
2007-05-17,153.08358764648438
2007-05-18,199.16513061523438
2007-05-19,233.23123168945312
2007-05-20,264.56610107421875
2007-05-21,322.77215576171875
2007-05-22,363.31982421875
2007-05-23,342.3996887207031
2007-05-24,280.7696228027344
2007-05-25,226.64002990722656
2007-05-26,190.0128936767578
2007-05-27,164.4391326904297
2007-05-28,145.53042602539062
2007-05-29,132.64007568359375
2007-05-30,123.13230895996094
2007-05-31,112.48480224609375
2007-06-01,102.77696228027344
2007-06-02,98.44269561767578
2007-06-03,99.50142669677734
2007-06-04,103.46099090576172
2007-06-05,134.16000366210938
2007-06-06,196.20860290527344
2007-06-07,233.312255859375
2007-06-08,212.82098388671875
2007-06-09,171.50137329101562
2007-06-10,144.60140991210938
2007-06-11,133.2119598388672
2007-06-12,127.53932189941406
2007-06-13,122.80223846435547
2007-06-14,113.90597534179688
2007-06-15,101.99443054199219
2007-06-16,90.17887878417969
2007-06-17,80.23944091796875
2007-06-18,73.42182922363281
2007-06-19,67.97271728515625
2007-06-20,62.10620880126953
2007-06-21,57.40174102783203
2007-06-22,56.00517272949219
2007-06-23,56.00926208496094
2007-06-24,54.7950439453125
2007-06-25,52.42619323730469
2007-06-26,48.33454513549805
2007-06-27,44.65300750732422
2007-06-28,41.80522537231445
2007-06-29,39.01557922363281
2007-06-30,36.906463623046875
2007-07-01,34.886940002441406
2007-07-02,32.43890380859375
2007-07-03,30.46659278869629
2007-07-04,28.955291748046875
2007-07-05,28.203628540039062
2007-07-06,29.494277954101562
2007-07-07,32.153343200683594
2007-07-08,33.93694305419922
2007-07-09,34.138465881347656
2007-07-10,38.330238342285156
2007-07-11,53.83091735839844
2007-07-12,66.61554718017578
2007-07-13,68.17405700683594
2007-07-14,69.8887939453125
2007-07-15,68.47148132324219
2007-07-16,60.62797927856445
2007-07-17,55.02130126953125
2007-07-18,49.299503326416016
2007-07-19,44.68979263305664
2007-07-20,51.054443359375
2007-07-21,73.46308898925781
2007-07-22,89.90958404541016
2007-07-23,82.89982604980469
2007-07-24,65.270263671875
2007-07-25,52.26587677001953
2007-07-26,44.60172653198242
2007-07-27,39.101356506347656
2007-07-28,35.106502532958984
2007-07-29,33.382835388183594
2007-07-30,32.840415954589844
2007-07-31,32.501251220703125
2007-08-01,31.383913040161133
2007-08-02,28.811073303222656
2007-08-03,26.117128372192383
2007-08-04,24.228235244750977
2007-08-05,23.123716354370117
2007-08-06,21.9128475189209
2007-08-07,21.08195686340332
2007-08-08,23.00979995727539
2007-08-09,29.554458618164062
2007-08-10,39.11847686767578
2007-08-11,42.251033782958984
2007-08-12,35.78629684448242
2007-08-13,29.434112548828125
2007-08-14,25.545103073120117
2007-08-15,23.16031837463379
2007-08-16,21.321300506591797
2007-08-17,20.39474105834961
2007-08-18,20.84812355041504
2007-08-19,21.178421020507812
2007-08-20,20.57890510559082
2007-08-21,19.376995086669922
2007-08-22,18.002559661865234
2007-08-23,16.945547103881836
2007-08-24,16.16022300720215
2007-08-25,15.54822826385498
2007-08-26,15.492185592651367
2007-08-27,16.31495475769043
2007-08-28,16.704225540161133
2007-08-29,15.734539031982422
2007-08-30,14.355581283569336
2007-08-31,13.768558502197266
2007-09-01,14.70569133758545
2007-09-02,16.43299674987793
2007-09-03,16.559715270996094
2007-09-04,15.078728675842285
2007-09-05,13.692587852478027
2007-09-06,12.784414291381836
2007-09-07,12.153518676757812
2007-09-08,11.612547874450684
2007-09-09,11.342256546020508
2007-09-10,11.998519897460938
2007-09-11,16.435741424560547
2007-09-12,27.91126823425293
2007-09-13,39.63267517089844
2007-09-14,40.599178314208984
2007-09-15,32.81097412109375
2007-09-16,28.294418334960938
2007-09-17,34.86186981201172
2007-09-18,41.00035858154297
2007-09-19,34.63213348388672
2007-09-20,27.240360260009766
2007-09-21,23.214475631713867
2007-09-22,20.67760467529297
2007-09-23,18.767559051513672
2007-09-24,17.36048126220703
2007-09-25,16.22162437438965
2007-09-26,15.199045181274414
2007-09-27,14.430975914001465
2007-09-28,14.614760398864746
2007-09-29,15.977235794067383
2007-09-30,17.236421585083008
2007-10-01,17.12956428527832
2007-10-02,16.020357131958008
2007-10-03,15.163884162902832
2007-10-04,14.648399353027344
2007-10-05,14.262674331665039
2007-10-06,14.03182601928711
2007-10-07,14.06081771850586
2007-10-08,16.15131378173828
2007-10-09,21.50619125366211
2007-10-10,27.321895599365234
2007-10-11,30.177074432373047
2007-10-12,32.215415954589844
2007-10-13,42.75291442871094
2007-10-14,62.465179443359375
2007-10-15,67.29938507080078
2007-10-16,54.208351135253906
2007-10-17,42.36344909667969
2007-10-18,35.470542907714844
2007-10-19,31.069782257080078
2007-10-20,30.275774002075195
2007-10-21,41.55720138549805
2007-10-22,75.66409301757812
2007-10-23,86.41388702392578
2007-10-24,69.43424987792969
2007-10-25,58.219398498535156
2007-10-26,58.20672607421875
2007-10-27,58.792266845703125
2007-10-28,69.2201919555664
2007-10-29,119.26351928710938
2007-10-30,153.12274169921875
2007-10-31,126.8740234375
2007-11-01,93.86933135986328
2007-11-02,75.69203186035156
2007-11-03,67.29753875732422
2007-11-04,64.7182388305664
2007-11-05,66.1655502319336
2007-11-06,68.66434478759766
2007-11-07,80.67755889892578
2007-11-08,116.24115753173828
2007-11-09,132.71836853027344
2007-11-10,115.74584197998047
2007-11-11,96.23765563964844
2007-11-12,83.7803726196289
2007-11-13,74.81846618652344
2007-11-14,68.85108184814453
2007-11-15,69.06268310546875
2007-11-16,98.22734069824219
2007-11-17,194.69046020507812
2007-11-18,257.717529296875
2007-11-19,218.737060546875
2007-11-20,167.72955322265625
2007-11-21,138.2301025390625
2007-11-22,122.71794128417969
2007-11-23,116.10186767578125
2007-11-24,116.58096313476562
2007-11-25,112.37445831298828
2007-11-26,102.30574798583984
2007-11-27,105.05648803710938
2007-11-28,155.8552703857422
2007-11-29,223.1412811279297
2007-11-30,226.18276977539062
2007-12-01,193.45523071289062
2007-12-02,163.59890747070312
2007-12-03,139.68634033203125
2007-12-04,126.68821716308594
2007-12-05,119.33963012695312
2007-12-06,110.20272827148438
2007-12-07,101.75517272949219
2007-12-08,94.99964904785156
2007-12-09,89.90302276611328
2007-12-10,85.3907470703125
2007-12-11,80.2856216430664
2007-12-12,77.23603820800781
2007-12-13,77.66974639892578
2007-12-14,79.65393829345703
2007-12-15,79.09352111816406
2007-12-16,77.4775619506836
2007-12-17,75.56278991699219
2007-12-18,73.54254913330078
2007-12-19,71.51179504394531
2007-12-20,69.98063659667969
2007-12-21,69.00677490234375
2007-12-22,68.12623596191406
2007-12-23,67.71306610107422
2007-12-24,77.25470733642578
2007-12-25,117.91990661621094
2007-12-26,166.18899536132812
2007-12-27,179.49444580078125
2007-12-28,166.80535888671875
2007-12-29,157.10365295410156
2007-12-30,159.79432678222656
2007-12-31,173.83355712890625
2008-01-01,180.572509765625
2008-01-02,171.75909423828125
2008-01-03,156.45657348632812
2008-01-04,140.07859802246094
2008-01-05,126.91595458984375
2008-01-06,119.17062377929688
2008-01-07,115.83294677734375
2008-01-08,121.27978515625
2008-01-09,151.25003051757812
2008-01-10,225.42922973632812
2008-01-11,335.59600830078125
2008-01-12,402.28662109375
2008-01-13,392.9310607910156
2008-01-14,346.3396301269531
2008-01-15,298.03375244140625
2008-01-16,257.60174560546875
2008-01-17,223.27264404296875
2008-01-18,199.28500366210938
2008-01-19,193.7214813232422
2008-01-20,191.2299041748047
2008-01-21,177.49119567871094
2008-01-22,158.64962768554688
2008-01-23,144.0742950439453
2008-01-24,133.88401794433594
2008-01-25,123.63578796386719
2008-01-26,113.83467102050781
2008-01-27,106.49536895751953
2008-01-28,100.82926940917969
2008-01-29,95.73452758789062
2008-01-30,92.80035400390625
2008-01-31,93.51548767089844
2008-02-01,95.07858276367188
2008-02-02,99.11735534667969
2008-02-03,107.06290435791016
2008-02-04,110.83454132080078
2008-02-05,111.50959777832031
2008-02-06,136.0384979248047
2008-02-07,214.52178955078125
2008-02-08,296.2847900390625
2008-02-09,304.3851318359375
2008-02-10,273.63519287109375
2008-02-11,242.4434356689453
2008-02-12,212.31649780273438
2008-02-13,191.20716857910156
2008-02-14,190.21905517578125
2008-02-15,194.865234375
2008-02-16,189.07933044433594
2008-02-17,174.34524536132812
2008-02-18,173.27978515625
2008-02-19,238.85459899902344
2008-02-20,360.5823669433594
2008-02-21,413.236572265625
2008-02-22,369.116943359375
2008-02-23,309.9075927734375
2008-02-24,266.51007080078125
2008-02-25,235.13360595703125
2008-02-26,211.00509643554688
2008-02-27,192.50030517578125
2008-02-28,175.81883239746094
2008-02-29,159.90859985351562
2008-03-01,148.50640869140625
2008-03-02,143.11387634277344
2008-03-03,137.05056762695312
2008-03-04,135.65103149414062
2008-03-05,174.53330993652344
2008-03-06,281.52716064453125
2008-03-07,364.5465393066406
2008-03-08,373.3408508300781
2008-03-09,385.4743957519531
2008-03-10,417.13720703125
2008-03-11,402.4706115722656
2008-03-12,355.51025390625
2008-03-13,316.356201171875
2008-03-14,285.7450866699219
2008-03-15,264.5452880859375
2008-03-16,261.1235046386719
2008-03-17,263.24444580078125
2008-03-18,253.74453735351562
2008-03-19,235.62271118164062
2008-03-20,234.54458618164062
2008-03-21,259.17108154296875
2008-03-22,272.0419921875
2008-03-23,262.85595703125
2008-03-24,245.13662719726562
2008-03-25,225.42547607421875
2008-03-26,213.19583129882812
2008-03-27,217.5538330078125
2008-03-28,248.28292846679688
2008-03-29,302.8144836425781
2008-03-30,339.11859130859375
2008-03-31,328.1341552734375
2008-04-01,308.44866943359375
2008-04-02,351.5037841796875
2008-04-03,507.7942810058594
2008-04-04,643.0107421875
2008-04-05,685.3959350585938
2008-04-06,707.8512573242188
2008-04-07,691.1002197265625
2008-04-08,631.8026733398438
2008-04-09,573.7017211914062
2008-04-10,542.1241455078125
2008-04-11,550.876220703125
2008-04-12,591.5767822265625
2008-04-13,664.8350219726562
2008-04-14,724.0125732421875
2008-04-15,686.8419799804688
2008-04-16,581.2757568359375
2008-04-17,495.3231506347656
2008-04-18,461.21881103515625
2008-04-19,478.0845947265625
2008-04-20,536.3649291992188
2008-04-21,600.3002319335938
2008-04-22,611.855224609375
2008-04-23,577.5196533203125
2008-04-24,546.1287231445312
2008-04-25,544.8480834960938
2008-04-26,540.408935546875
2008-04-27,482.1866455078125
2008-04-28,419.0298156738281
2008-04-29,446.64117431640625
2008-04-30,749.5579833984375
2008-05-01,1111.2568359375
2008-05-02,998.327880859375
2008-05-03,715.6016845703125
2008-05-04,538.335205078125
2008-05-05,464.0520324707031
2008-05-06,437.2549743652344
2008-05-07,401.59930419921875
2008-05-08,352.03570556640625
2008-05-09,308.9422607421875
2008-05-10,279.0682678222656
2008-05-11,252.14935302734375
2008-05-12,224.6388702392578
2008-05-13,199.64358520507812
2008-05-14,180.16407775878906
2008-05-15,164.20013427734375
2008-05-16,150.87124633789062
2008-05-17,141.73475646972656
2008-05-18,133.99989318847656
2008-05-19,126.5093994140625
2008-05-20,119.44355773925781
2008-05-21,113.41021728515625
2008-05-22,107.14178466796875
2008-05-23,100.81846618652344
2008-05-24,95.327392578125
2008-05-25,90.65271759033203
2008-05-26,85.52277374267578
2008-05-27,79.43942260742188
2008-05-28,75.66316223144531
2008-05-29,73.21116638183594
2008-05-30,68.13597869873047
2008-05-31,63.083160400390625
2008-06-01,60.63800811767578
2008-06-02,62.18540954589844
2008-06-03,63.88191604614258
2008-06-04,60.80567932128906
2008-06-05,58.02136993408203
2008-06-06,57.8884162902832
2008-06-07,59.94874572753906
2008-06-08,63.9293327331543
2008-06-09,65.46470642089844
2008-06-10,60.812164306640625
2008-06-11,58.117313385009766
2008-06-12,60.558319091796875
2008-06-13,63.42316436767578
2008-06-14,59.57868194580078
2008-06-15,51.79756164550781
2008-06-16,49.65069580078125
2008-06-17,54.57343292236328
2008-06-18,59.62079620361328
2008-06-19,59.47071075439453
2008-06-20,55.72881317138672
2008-06-21,51.170955657958984
2008-06-22,48.482749938964844
2008-06-23,52.66226577758789
2008-06-24,72.58070373535156
2008-06-25,93.97965240478516
2008-06-26,90.78022003173828
2008-06-27,74.93989562988281
2008-06-28,63.95332717895508
2008-06-29,60.94260025024414
2008-06-30,69.8151626586914
2008-07-01,92.26598358154297
2008-07-02,107.99395751953125
2008-07-03,100.60279846191406
2008-07-04,85.65235900878906
2008-07-05,74.4623031616211
2008-07-06,65.46492004394531
2008-07-07,56.67029571533203
2008-07-08,48.900169372558594
2008-07-09,43.183624267578125
2008-07-10,40.43513107299805
2008-07-11,39.660186767578125
2008-07-12,37.80812072753906
2008-07-13,34.37646484375
2008-07-14,31.09387969970703
2008-07-15,29.05211639404297
2008-07-16,28.874170303344727
2008-07-17,28.409648895263672
2008-07-18,25.985095977783203
2008-07-19,24.183277130126953
2008-07-20,24.781448364257812
2008-07-21,31.124547958374023
2008-07-22,47.185585021972656
2008-07-23,70.38777160644531
2008-07-24,85.77548217773438
2008-07-25,136.2576446533203
2008-07-26,239.8996124267578
2008-07-27,251.08299255371094
2008-07-28,194.6160125732422
2008-07-29,152.25054931640625
2008-07-30,122.46268463134766
2008-07-31,97.42623901367188
2008-08-01,83.22532653808594
2008-08-02,86.43597412109375
2008-08-03,97.47088623046875
2008-08-04,111.95671081542969
2008-08-05,129.68515014648438
2008-08-06,130.1712188720703
2008-08-07,142.2243194580078
2008-08-08,215.91976928710938
2008-08-09,296.6971435546875
2008-08-10,324.11700439453125
2008-08-11,302.2596435546875
2008-08-12,291.1542663574219
2008-08-13,325.806640625
2008-08-14,327.37982177734375
2008-08-15,269.70361328125
2008-08-16,209.28192138671875
2008-08-17,169.68112182617188
2008-08-18,145.00350952148438
2008-08-19,124.82279205322266
2008-08-20,108.65708923339844
2008-08-21,102.13859558105469
2008-08-22,96.62290954589844
2008-08-23,84.91856384277344
2008-08-24,73.27960205078125
2008-08-25,64.50224304199219
2008-08-26,57.814300537109375
2008-08-27,53.00330352783203
2008-08-28,49.133121490478516
2008-08-29,45.11351013183594
2008-08-30,41.759849548339844
2008-08-31,39.15126419067383
2008-09-01,36.90711975097656
2008-09-02,34.80125427246094
2008-09-03,32.61748504638672
2008-09-04,30.596538543701172
2008-09-05,28.886743545532227
2008-09-06,27.86595344543457
2008-09-07,69.85247039794922
2008-09-08,196.9309539794922
2008-09-09,271.6166687011719
2008-09-10,257.50714111328125
2008-09-11,231.80149841308594
2008-09-12,196.45919799804688
2008-09-13,159.1302032470703
2008-09-14,142.36407470703125
2008-09-15,146.80056762695312
2008-09-16,161.42626953125
2008-09-17,156.89205932617188
2008-09-18,132.4293975830078
2008-09-19,109.67253875732422
2008-09-20,93.30938720703125
2008-09-21,81.36746215820312
2008-09-22,72.61996459960938
2008-09-23,66.5147705078125
2008-09-24,61.38993835449219
2008-09-25,56.752315521240234
2008-09-26,56.11491394042969
2008-09-27,77.74683380126953
2008-09-28,147.6268310546875
2008-09-29,255.56536865234375
2008-09-30,345.4211120605469
2008-10-01,335.8639221191406
2008-10-02,278.6007385253906
2008-10-03,250.4978790283203
2008-10-04,239.28216552734375
2008-10-05,210.69522094726562
2008-10-06,176.45828247070312
2008-10-07,148.95355224609375
2008-10-08,128.57582092285156
2008-10-09,113.7793960571289
2008-10-10,104.50706481933594
2008-10-11,100.22068786621094
2008-10-12,95.54051971435547
2008-10-13,87.93907928466797
2008-10-14,80.7982406616211
2008-10-15,75.14471435546875
2008-10-16,71.38697814941406
2008-10-17,72.176513671875
2008-10-18,78.28677368164062
2008-10-19,80.6584701538086
2008-10-20,75.93696594238281
2008-10-21,69.75996398925781
2008-10-22,65.55870056152344
2008-10-23,66.12345886230469
2008-10-24,69.94993591308594
2008-10-25,69.39784240722656
2008-10-26,75.18280029296875
2008-10-27,122.40447998046875
2008-10-28,195.68206787109375
2008-10-29,223.09910583496094
2008-10-30,227.6840057373047
2008-10-31,219.08767700195312
2008-11-01,187.539306640625
2008-11-02,158.3694305419922
2008-11-03,139.71957397460938
2008-11-04,124.66064453125
2008-11-05,112.21646881103516
2008-11-06,104.89045715332031
2008-11-07,104.92025756835938
2008-11-08,111.22264099121094
2008-11-09,122.76443481445312
2008-11-10,142.57569885253906
2008-11-11,159.29202270507812
2008-11-12,155.47055053710938
2008-11-13,140.4434051513672
2008-11-14,128.7067413330078
2008-11-15,135.74795532226562
2008-11-16,192.8699188232422
2008-11-17,292.30133056640625
2008-11-18,346.6474304199219
2008-11-19,314.595458984375
2008-11-20,256.30169677734375
2008-11-21,211.02113342285156
2008-11-22,179.74403381347656
2008-11-23,157.03172302246094
2008-11-24,140.07943725585938
2008-11-25,155.9229278564453
2008-11-26,321.1963195800781
2008-11-27,614.4261474609375
2008-11-28,723.4483642578125
2008-11-29,583.4242553710938
2008-11-30,438.1363525390625
2008-12-01,356.6329650878906
2008-12-02,335.4453125
2008-12-03,353.9154357910156
2008-12-04,346.341552734375
2008-12-05,302.567138671875
2008-12-06,261.6656188964844
2008-12-07,229.90773010253906
2008-12-08,202.74490356445312
2008-12-09,179.27017211914062
2008-12-10,164.74807739257812
2008-12-11,182.1033172607422
2008-12-12,260.8706970214844
2008-12-13,348.6820373535156
2008-12-14,365.75341796875
2008-12-15,330.1889343261719
2008-12-16,316.09466552734375
2008-12-17,351.2824401855469
2008-12-18,375.7276611328125
2008-12-19,338.72900390625
2008-12-20,287.45703125
2008-12-21,246.11312866210938
2008-12-22,215.54335021972656
2008-12-23,194.79833984375
2008-12-24,181.57028198242188
2008-12-25,186.04586791992188
2008-12-26,216.33843994140625
2008-12-27,241.24220275878906
2008-12-28,247.84271240234375
2008-12-29,273.6598815917969
2008-12-30,331.2220458984375
2008-12-31,350.39190673828125
2009-01-01,306.60015869140625
2009-01-02,256.8973388671875
2009-01-03,223.00270080566406
2009-01-04,200.44869995117188
2009-01-05,183.3037872314453
2009-01-06,169.13888549804688
2009-01-07,157.12890625
2009-01-08,147.19085693359375
2009-01-09,138.8030548095703
2009-01-10,130.7725372314453
2009-01-11,122.70895385742188
2009-01-12,116.93079376220703
2009-01-13,112.53453063964844
2009-01-14,108.45049285888672
2009-01-15,103.52098846435547
2009-01-16,97.17247009277344
2009-01-17,91.61378479003906
2009-01-18,87.65170288085938
2009-01-19,84.84953308105469
2009-01-20,83.00863647460938
2009-01-21,81.36322021484375
2009-01-22,79.65030670166016
2009-01-23,78.51828002929688
2009-01-24,77.54388427734375
2009-01-25,74.88298797607422
2009-01-26,71.0998764038086
2009-01-27,68.223388671875
2009-01-28,66.43724822998047
2009-01-29,66.37891387939453
2009-01-30,66.89964294433594
2009-01-31,66.7899169921875
2009-02-01,65.94330596923828
2009-02-02,65.70150756835938
2009-02-03,65.27330017089844
2009-02-04,64.17976379394531
2009-02-05,61.868003845214844
2009-02-06,60.03448486328125
2009-02-07,59.507659912109375
2009-02-08,60.46110153198242
2009-02-09,60.91566467285156
2009-02-10,59.837379455566406
2009-02-11,60.49776840209961
2009-02-12,66.80789184570312
2009-02-13,83.52355194091797
2009-02-14,110.51778411865234
2009-02-15,125.80645751953125
2009-02-16,121.37568664550781
2009-02-17,111.74726867675781
2009-02-18,103.05764770507812
2009-02-19,97.30460357666016
2009-02-20,97.026611328125
2009-02-21,98.3492202758789
2009-02-22,96.17889404296875
2009-02-23,93.3274917602539
2009-02-24,90.44729614257812
2009-02-25,86.84825134277344
2009-02-26,84.01057434082031
2009-02-27,85.7013168334961
2009-02-28,99.82794952392578
2009-03-01,123.32391357421875
2009-03-02,133.92718505859375
2009-03-03,127.72728729248047
2009-03-04,119.34719848632812
2009-03-05,111.80020904541016
2009-03-06,106.45033264160156
2009-03-07,111.19226837158203
2009-03-08,142.22409057617188
2009-03-09,226.40432739257812
2009-03-10,339.9857177734375
2009-03-11,400.9347229003906
2009-03-12,431.2548522949219
2009-03-13,488.26324462890625
2009-03-14,481.75201416015625
2009-03-15,403.97314453125
2009-03-16,350.550537109375
2009-03-17,324.79913330078125
2009-03-18,306.0224304199219
2009-03-19,310.81134033203125
2009-03-20,348.9528503417969
2009-03-21,375.7454833984375
2009-03-22,350.83392333984375
2009-03-23,305.561767578125
2009-03-24,266.85650634765625
2009-03-25,234.1842041015625
2009-03-26,217.44839477539062
2009-03-27,218.86463928222656
2009-03-28,247.1510009765625
2009-03-29,297.6236877441406
2009-03-30,370.7396240234375
2009-03-31,500.27801513671875
2009-04-01,593.749755859375
2009-04-02,570.0437622070312
2009-04-03,514.0675659179688
2009-04-04,524.6967163085938
2009-04-05,610.3247680664062
2009-04-06,678.052734375
2009-04-07,713.465087890625
2009-04-08,728.1458740234375
2009-04-09,681.04052734375
2009-04-10,575.4140625
2009-04-11,481.7771911621094
2009-04-12,422.700927734375
2009-04-13,373.1525573730469
2009-04-14,323.1606140136719
2009-04-15,282.26220703125
2009-04-16,253.4766387939453
2009-04-17,235.04122924804688
2009-04-18,222.7823944091797
2009-04-19,217.37606811523438
2009-04-20,221.21359252929688
2009-04-21,229.06716918945312
2009-04-22,256.5301513671875
2009-04-23,325.6607360839844
2009-04-24,403.88525390625
2009-04-25,451.750732421875
2009-04-26,410.57794189453125
2009-04-27,350.6434631347656
2009-04-28,312.17474365234375
2009-04-29,278.0272216796875
2009-04-30,245.9514923095703
2009-05-01,212.69631958007812
2009-05-02,181.71832275390625
2009-05-03,166.4362335205078
2009-05-04,163.22862243652344
2009-05-05,152.2138214111328
2009-05-06,141.75698852539062
2009-05-07,151.08551025390625
2009-05-08,195.35379028320312
2009-05-09,251.1710205078125
2009-05-10,271.26837158203125
2009-05-11,258.7794189453125
2009-05-12,244.31564331054688
2009-05-13,222.55099487304688
2009-05-14,190.89126586914062
2009-05-15,166.13693237304688
2009-05-16,153.88888549804688
2009-05-17,147.01580810546875
2009-05-18,141.63360595703125
2009-05-19,147.658203125
2009-05-20,145.43502807617188
2009-05-21,130.32090759277344
2009-05-22,115.82978820800781
2009-05-23,104.05249786376953
2009-05-24,94.43596649169922
2009-05-25,86.89136505126953
2009-05-26,81.01111602783203
2009-05-27,76.30899047851562
2009-05-28,78.85490417480469
2009-05-29,112.76609802246094
2009-05-30,186.27952575683594
2009-05-31,234.80699157714844
2009-06-01,224.4358367919922
2009-06-02,182.92381286621094
2009-06-03,145.72018432617188
2009-06-04,120.31005096435547
2009-06-05,102.70570373535156
2009-06-06,89.7946548461914
2009-06-07,80.388671875
2009-06-08,73.099609375
2009-06-09,67.30168914794922
2009-06-10,64.2845230102539
2009-06-11,66.25350952148438
2009-06-12,72.50782012939453
2009-06-13,95.82817840576172
2009-06-14,157.98460388183594
2009-06-15,229.6560821533203
2009-06-16,279.15869140625
2009-06-17,279.6136779785156
2009-06-18,238.75970458984375
2009-06-19,201.49620056152344
2009-06-20,214.04483032226562
2009-06-21,253.62277221679688
2009-06-22,254.92298889160156
2009-06-23,227.1134033203125
2009-06-24,203.17910766601562
2009-06-25,185.30685424804688
2009-06-26,168.17288208007812
2009-06-27,151.51597595214844
2009-06-28,139.82382202148438
2009-06-29,143.41360473632812
2009-06-30,175.1424560546875
2009-07-01,225.37042236328125
2009-07-02,268.0548400878906
2009-07-03,346.2826843261719
2009-07-04,458.19921875
2009-07-05,479.8185729980469
2009-07-06,421.9026184082031
2009-07-07,341.7121276855469
2009-07-08,283.79437255859375
2009-07-09,267.44317626953125
2009-07-10,265.0256042480469
2009-07-11,246.48916625976562
2009-07-12,212.56741333007812
2009-07-13,184.34999084472656
2009-07-14,169.45150756835938
2009-07-15,156.34034729003906
2009-07-16,137.53541564941406
2009-07-17,120.24844360351562
2009-07-18,111.9300765991211
2009-07-19,116.76496887207031
2009-07-20,122.65953826904297
2009-07-21,116.30589294433594
2009-07-22,108.65524291992188
2009-07-23,112.5647964477539
2009-07-24,139.419677734375
2009-07-25,227.69285583496094
2009-07-26,351.49285888671875
2009-07-27,379.3172607421875
2009-07-28,330.7845458984375
2009-07-29,279.165283203125
2009-07-30,235.49130249023438
2009-07-31,249.38067626953125
2009-08-01,374.00213623046875
2009-08-02,477.28729248046875
2009-08-03,427.63507080078125
2009-08-04,337.53790283203125
2009-08-05,279.13482666015625
2009-08-06,227.8092498779297
2009-08-07,183.38026428222656
2009-08-08,151.54229736328125
2009-08-09,128.91970825195312
2009-08-10,111.69037628173828
2009-08-11,100.1037826538086
2009-08-12,96.96058654785156
2009-08-13,99.72232055664062
2009-08-14,101.74824523925781
2009-08-15,95.76325988769531
2009-08-16,85.18600463867188
2009-08-17,75.77796173095703
2009-08-18,68.30474090576172
2009-08-19,61.693546295166016
2009-08-20,56.044437408447266
2009-08-21,52.13669204711914
2009-08-22,53.79479217529297
2009-08-23,71.66220092773438
2009-08-24,99.74853515625
2009-08-25,106.4065170288086
2009-08-26,95.23240661621094
2009-08-27,81.23829650878906
2009-08-28,69.29446411132812
2009-08-29,67.56177520751953
2009-08-30,98.16085815429688
2009-08-31,146.06832885742188
2009-09-01,152.87879943847656
2009-09-02,126.61968994140625
2009-09-03,101.10873413085938
2009-09-04,83.87493896484375
2009-09-05,72.06634521484375
2009-09-06,63.53209686279297
2009-09-07,57.04057312011719
2009-09-08,51.951416015625
2009-09-09,47.861637115478516
2009-09-10,44.50522232055664
2009-09-11,41.83198547363281
2009-09-12,40.3163948059082
2009-09-13,40.66655349731445
2009-09-14,41.20506286621094
2009-09-15,39.95672607421875
2009-09-16,37.75372314453125
2009-09-17,35.95256805419922
2009-09-18,34.36465835571289
2009-09-19,32.76706314086914
2009-09-20,31.338787078857422
2009-09-21,29.948017120361328
2009-09-22,28.483381271362305
2009-09-23,27.313947677612305
2009-09-24,26.41706657409668
2009-09-25,25.903636932373047
2009-09-26,25.664655685424805
2009-09-27,25.29706573486328
2009-09-28,26.070898056030273
2009-09-29,30.777877807617188
2009-09-30,37.55867385864258
2009-10-01,40.15753936767578
2009-10-02,38.54920959472656
2009-10-03,36.717491149902344
2009-10-04,44.4139289855957
2009-10-05,70.83048248291016
2009-10-06,91.85659790039062
2009-10-07,86.31221008300781
2009-10-08,86.07459259033203
2009-10-09,112.06922149658203
2009-10-10,125.92813873291016
2009-10-11,109.29480743408203
2009-10-12,95.23138427734375
2009-10-13,86.07357788085938
2009-10-14,79.95579528808594
2009-10-15,80.66397857666016
2009-10-16,79.49214172363281
2009-10-17,72.92058563232422
2009-10-18,67.06224822998047
2009-10-19,64.07839965820312
2009-10-20,62.36821746826172
2009-10-21,59.68247985839844
2009-10-22,56.29610824584961
2009-10-23,53.60696792602539
2009-10-24,55.456939697265625
2009-10-25,99.93868255615234
2009-10-26,305.222412109375
2009-10-27,492.98345947265625
2009-10-28,418.59124755859375
2009-10-29,320.05352783203125
2009-10-30,292.1776123046875
2009-10-31,257.95428466796875
2009-11-01,215.38470458984375
2009-11-02,192.7460479736328
2009-11-03,181.90016174316406
2009-11-04,164.5489501953125
2009-11-05,145.36680603027344
2009-11-06,130.40792846679688
2009-11-07,118.62118530273438
2009-11-08,108.80039978027344
2009-11-09,100.0237045288086
2009-11-10,93.15169525146484
2009-11-11,88.13251495361328
2009-11-12,84.14454650878906
2009-11-13,79.91216278076172
2009-11-14,83.90898895263672
2009-11-15,126.53463745117188
2009-11-16,226.08706665039062
2009-11-17,308.06304931640625
2009-11-18,295.3558044433594
2009-11-19,238.45030212402344
2009-11-20,197.2041015625
2009-11-21,203.14682006835938
2009-11-22,248.4639892578125
2009-11-23,263.4408264160156
2009-11-24,231.39291381835938
2009-11-25,195.8282470703125
2009-11-26,170.88299560546875
2009-11-27,158.20779418945312
2009-11-28,170.00839233398438
2009-11-29,220.78115844726562
2009-11-30,280.2657470703125
2009-12-01,274.60968017578125
2009-12-02,241.64923095703125
2009-12-03,221.5074005126953
2009-12-04,264.7785949707031
2009-12-05,369.97552490234375
2009-12-06,406.2247314453125
2009-12-07,354.41180419921875
2009-12-08,294.45623779296875
2009-12-09,257.5213928222656
2009-12-10,255.48416137695312
2009-12-11,262.5334777832031
2009-12-12,247.4095001220703
2009-12-13,220.3543701171875
2009-12-14,201.27940368652344
2009-12-15,198.96861267089844
2009-12-16,206.21536254882812
2009-12-17,204.2980499267578
2009-12-18,187.15887451171875
2009-12-19,166.0303497314453
2009-12-20,150.312744140625
2009-12-21,138.84591674804688
2009-12-22,129.3643798828125
2009-12-23,120.64364624023438
2009-12-24,112.7664794921875
2009-12-25,107.38251495361328
2009-12-26,103.5511474609375
2009-12-27,116.17393493652344
2009-12-28,194.27931213378906
2009-12-29,308.3652648925781
2009-12-30,331.3446960449219
2009-12-31,283.43536376953125
2010-01-01,236.49217224121094
2010-01-02,204.9051513671875
2010-01-03,183.14324951171875
2010-01-04,166.6837158203125
2010-01-05,153.77737426757812
2010-01-06,142.48385620117188
2010-01-07,132.6290283203125
2010-01-08,124.46088409423828
2010-01-09,116.18606567382812
2010-01-10,107.83451843261719
2010-01-11,101.38091278076172
2010-01-12,97.07228088378906
2010-01-13,92.75077819824219
2010-01-14,87.7675552368164
2010-01-15,84.31101989746094
2010-01-16,83.22746276855469
2010-01-17,82.42353820800781
2010-01-18,80.6351318359375
2010-01-19,79.6248779296875
2010-01-20,79.70645141601562
2010-01-21,79.27691650390625
2010-01-22,77.38677978515625
2010-01-23,74.56877136230469
2010-01-24,71.60385131835938
2010-01-25,84.0539321899414
2010-01-26,172.70913696289062
2010-01-27,373.6050720214844
2010-01-28,497.534423828125
2010-01-29,436.01385498046875
2010-01-30,336.5654296875
2010-01-31,263.79974365234375
2010-02-01,217.0650177001953
2010-02-02,187.8720703125
2010-02-03,166.74935913085938
2010-02-04,149.2938995361328
2010-02-05,135.79696655273438
2010-02-06,125.15998077392578
2010-02-07,115.27542114257812
2010-02-08,106.48430633544922
2010-02-09,99.98347473144531
2010-02-10,95.5136489868164
2010-02-11,91.63003540039062
2010-02-12,87.76445770263672
2010-02-13,83.54933166503906
2010-02-14,79.60269165039062
2010-02-15,76.79637908935547
2010-02-16,74.63067626953125
2010-02-17,72.58688354492188
2010-02-18,71.63690948486328
2010-02-19,71.224365234375
2010-02-20,70.81053924560547
2010-02-21,70.37503814697266
2010-02-22,69.71063232421875
2010-02-23,68.9145278930664
2010-02-24,73.6351547241211
2010-02-25,121.54515075683594
2010-02-26,289.70355224609375
2010-02-27,543.7616577148438
2010-02-28,625.3599853515625
2010-03-01,556.81689453125
2010-03-02,477.6405029296875
2010-03-03,424.7579345703125
2010-03-04,377.6285705566406
2010-03-05,332.5502624511719
2010-03-06,294.9212341308594
2010-03-07,266.65692138671875
2010-03-08,252.13917541503906
2010-03-09,251.56576538085938
2010-03-10,251.9740753173828
2010-03-11,241.11712646484375
2010-03-12,229.3358612060547
2010-03-13,232.08753967285156
2010-03-14,282.77203369140625
2010-03-15,456.06866455078125
2010-03-16,725.089599609375
2010-03-17,910.2849731445312
2010-03-18,940.9212646484375
2010-03-19,881.617919921875
2010-03-20,811.9951171875
2010-03-21,767.7420654296875
2010-03-22,728.6510009765625
2010-03-23,694.6588134765625
2010-03-24,841.8593139648438
2010-03-25,1083.3380126953125
2010-03-26,1059.1236572265625
2010-03-27,860.8070678710938
2010-03-28,687.021484375
2010-03-29,559.739501953125
2010-03-30,620.8327026367188
2010-03-31,1017.9178466796875
2010-04-01,1362.5999755859375
2010-04-02,1355.2845458984375
2010-04-03,1120.1024169921875
2010-04-04,873.5069580078125
2010-04-05,702.622314453125
2010-04-06,587.6434326171875
2010-04-07,493.519287109375
2010-04-08,429.3914489746094
2010-04-09,405.7833251953125
2010-04-10,389.59393310546875
2010-04-11,384.583984375
2010-04-12,367.1269226074219
2010-04-13,323.772216796875
2010-04-14,279.13397216796875
2010-04-15,243.56912231445312
2010-04-16,220.08938598632812
2010-04-17,225.03619384765625
2010-04-18,286.1145324707031
2010-04-19,345.5625305175781
2010-04-20,345.8624572753906
2010-04-21,314.6258239746094
2010-04-22,280.656005859375
2010-04-23,252.72024536132812
2010-04-24,231.17208862304688
2010-04-25,210.84896850585938
2010-04-26,191.78509521484375
2010-04-27,176.7951202392578
2010-04-28,168.7569580078125
2010-04-29,170.4710693359375
2010-04-30,178.71612548828125
2010-05-01,175.8377227783203
2010-05-02,162.511474609375
2010-05-03,148.45541381835938
2010-05-04,139.64744567871094
2010-05-05,135.5369110107422
2010-05-06,132.06471252441406
2010-05-07,125.2009048461914
2010-05-08,122.46863555908203
2010-05-09,129.608154296875
2010-05-10,159.94857788085938
2010-05-11,182.63926696777344
2010-05-12,163.53036499023438
2010-05-13,137.2125244140625
2010-05-14,120.19121551513672
2010-05-15,110.16339111328125
2010-05-16,105.40157318115234
2010-05-17,100.66394805908203
2010-05-18,93.74404907226562
2010-05-19,88.4187240600586
2010-05-20,91.92979431152344
2010-05-21,100.61648559570312
2010-05-22,100.67236328125
2010-05-23,91.67508697509766
2010-05-24,82.60115051269531
2010-05-25,74.96134185791016
2010-05-26,68.13121032714844
2010-05-27,62.73862838745117
2010-05-28,59.444210052490234
2010-05-29,57.27850341796875
2010-05-30,53.880287170410156
2010-05-31,50.60778045654297
2010-06-01,47.88721466064453
2010-06-02,45.228302001953125
2010-06-03,44.52040100097656
2010-06-04,45.643280029296875
2010-06-05,46.29758071899414
2010-06-06,52.70160675048828
2010-06-07,78.55632781982422
2010-06-08,112.52586364746094
2010-06-09,112.89640808105469
2010-06-10,91.48248291015625
2010-06-11,77.26887512207031
2010-06-12,76.88108825683594
2010-06-13,80.30873107910156
2010-06-14,77.54067993164062
2010-06-15,72.13491821289062
2010-06-16,65.03618621826172
2010-06-17,58.10803985595703
2010-06-18,53.75741958618164
2010-06-19,52.57401657104492
2010-06-20,50.4699592590332
2010-06-21,45.67708969116211
2010-06-22,41.89917755126953
2010-06-23,40.23402404785156
2010-06-24,40.20032501220703
2010-06-25,44.76417541503906
2010-06-26,54.740562438964844
2010-06-27,56.34377670288086
2010-06-28,49.469581604003906
2010-06-29,45.94023895263672
2010-06-30,58.137786865234375
2010-07-01,69.02940368652344
2010-07-02,59.46004867553711
2010-07-03,47.39267349243164
2010-07-04,40.30742263793945
2010-07-05,35.113670349121094
2010-07-06,31.05694580078125
2010-07-07,27.946367263793945
2010-07-08,25.381847381591797
2010-07-09,23.375202178955078
2010-07-10,21.96562957763672
2010-07-11,21.54034996032715
2010-07-12,23.58823013305664
2010-07-13,25.909494400024414
2010-07-14,24.610841751098633
2010-07-15,25.960031509399414
2010-07-16,31.07683753967285
2010-07-17,32.475669860839844
2010-07-18,29.597488403320312
2010-07-19,27.0831241607666
2010-07-20,25.412843704223633
2010-07-21,25.232833862304688
2010-07-22,26.663421630859375
2010-07-23,32.34866714477539
2010-07-24,40.42481994628906
2010-07-25,39.0125732421875
2010-07-26,34.6241455078125
2010-07-27,35.98892593383789
2010-07-28,36.62385559082031
2010-07-29,31.141733169555664
2010-07-30,26.224958419799805
2010-07-31,25.54668426513672
2010-08-01,25.591581344604492
2010-08-02,22.999849319458008
2010-08-03,20.447467803955078
2010-08-04,19.273021697998047
2010-08-05,20.20665168762207
2010-08-06,25.515644073486328
2010-08-07,26.786853790283203
2010-08-08,23.180261611938477
2010-08-09,19.340795516967773
2010-08-10,17.252342224121094
2010-08-11,17.35967445373535
2010-08-12,18.727018356323242
2010-08-13,18.487205505371094
2010-08-14,16.79373550415039
2010-08-15,15.294883728027344
2010-08-16,14.12935733795166
2010-08-17,13.453226089477539
2010-08-18,13.618152618408203
2010-08-19,13.720915794372559
2010-08-20,12.881237030029297
2010-08-21,11.861891746520996
2010-08-22,11.179155349731445
2010-08-23,11.218622207641602
2010-08-24,13.728148460388184
2010-08-25,20.064132690429688
2010-08-26,27.593841552734375
2010-08-27,37.35620880126953
2010-08-28,42.17791748046875
2010-08-29,34.40266799926758
2010-08-30,25.780405044555664
2010-08-31,20.8383731842041
2010-09-01,17.744361877441406
2010-09-02,15.613731384277344
2010-09-03,14.102136611938477
2010-09-04,13.131239891052246
2010-09-05,12.773903846740723
2010-09-06,13.255139350891113
2010-09-07,13.714034080505371
2010-09-08,12.929484367370605
2010-09-09,12.18159008026123
2010-09-10,12.160604476928711
2010-09-11,12.243917465209961
2010-09-12,12.025239944458008
2010-09-13,11.603062629699707
2010-09-14,11.489649772644043
2010-09-15,11.782069206237793
2010-09-16,12.095338821411133
2010-09-17,12.42117977142334
2010-09-18,13.847804069519043
2010-09-19,17.658098220825195
2010-09-20,19.868427276611328
2010-09-21,17.78219985961914
2010-09-22,15.238365173339844
2010-09-23,13.586372375488281
2010-09-24,12.568755149841309
2010-09-25,11.87489128112793
2010-09-26,11.603248596191406
2010-09-27,11.648340225219727
2010-09-28,11.600486755371094
2010-09-29,13.00578784942627
2010-09-30,18.06637191772461
2010-10-01,30.928455352783203
2010-10-02,109.760498046875
2010-10-03,330.1290283203125
2010-10-04,313.11138916015625
2010-10-05,172.27125549316406
2010-10-06,100.79887390136719
2010-10-07,81.3984375
2010-10-08,89.84947204589844
2010-10-09,102.21282958984375
2010-10-10,96.9808120727539
2010-10-11,80.66444396972656
2010-10-12,65.64081573486328
2010-10-13,55.464088439941406
2010-10-14,48.38066101074219
2010-10-15,50.197330474853516
2010-10-16,112.95133209228516
2010-10-17,269.535888671875
2010-10-18,329.76055908203125
2010-10-19,250.73709106445312
2010-10-20,174.32254028320312
2010-10-21,129.97711181640625
2010-10-22,105.46766662597656
2010-10-23,93.41541290283203
2010-10-24,85.60179138183594
2010-10-25,77.77389526367188
2010-10-26,72.36053466796875
2010-10-27,86.29341125488281
2010-10-28,172.26141357421875
2010-10-29,284.4559326171875
2010-10-30,282.2935485839844
2010-10-31,221.1951904296875
2010-11-01,174.0731964111328
2010-11-02,143.4839324951172
2010-11-03,122.31586456298828
2010-11-04,108.60711669921875
2010-11-05,114.40550231933594
2010-11-06,163.64483642578125
2010-11-07,228.7349853515625
2010-11-08,237.82476806640625
2010-11-09,224.89942932128906
2010-11-10,232.5923614501953
2010-11-11,236.2480010986328
2010-11-12,214.77481079101562
2010-11-13,182.37301635742188
2010-11-14,155.2194366455078
2010-11-15,136.84329223632812
2010-11-16,123.41716003417969
2010-11-17,119.43437194824219
2010-11-18,157.71771240234375
2010-11-19,235.30938720703125
2010-11-20,261.86492919921875
2010-11-21,224.95477294921875
2010-11-22,186.19129943847656
2010-11-23,159.0846405029297
2010-11-24,142.57208251953125
2010-11-25,137.4562225341797
2010-11-26,134.52932739257812
2010-11-27,128.43870544433594
2010-11-28,124.59154510498047
2010-11-29,118.83056640625
2010-11-30,110.48751831054688
2010-12-01,105.06295013427734
2010-12-02,126.03641510009766
2010-12-03,242.30349731445312
2010-12-04,386.475830078125
2010-12-05,351.4844970703125
2010-12-06,270.7299499511719
2010-12-07,215.0305938720703
2010-12-08,179.82012939453125
2010-12-09,156.0733184814453
2010-12-10,137.28189086914062
2010-12-11,122.2851791381836
2010-12-12,115.94181060791016
2010-12-13,160.15367126464844
2010-12-14,366.1953125
2010-12-15,615.178955078125
2010-12-16,563.8158569335938
2010-12-17,406.29559326171875
2010-12-18,305.6537780761719
2010-12-19,247.53257751464844
2010-12-20,209.44790649414062
2010-12-21,182.9058837890625
2010-12-22,163.6753387451172
2010-12-23,149.452392578125
2010-12-24,137.8409423828125
2010-12-25,126.97650146484375
2010-12-26,116.48634338378906
2010-12-27,107.90902709960938
2010-12-28,102.60851287841797
2010-12-29,98.38126373291016
2010-12-30,94.64781188964844
2010-12-31,92.40311431884766
2011-01-01,91.98666381835938
2011-01-02,96.01178741455078
2011-01-03,112.65087890625
2011-01-04,131.90701293945312
2011-01-05,125.49957275390625
2011-01-06,109.35293579101562
2011-01-07,97.91792297363281
2011-01-08,89.61847686767578
2011-01-09,83.6749267578125
2011-01-10,79.13909912109375
2011-01-11,74.95292663574219
2011-01-12,71.26559448242188
2011-01-13,69.27363586425781
2011-01-14,68.04437255859375
2011-01-15,66.2916030883789
2011-01-16,64.07460021972656
2011-01-17,62.075340270996094
2011-01-18,60.17633819580078
2011-01-19,59.7047119140625
2011-01-20,61.3128662109375
2011-01-21,61.98442459106445
2011-01-22,60.74500274658203
2011-01-23,59.193511962890625
2011-01-24,57.24445724487305
2011-01-25,55.05461120605469
2011-01-26,53.411373138427734
2011-01-27,52.57725143432617
2011-01-28,52.491085052490234
2011-01-29,52.071739196777344
2011-01-30,51.034244537353516
2011-01-31,49.892982482910156
2011-02-01,48.39822006225586
2011-02-02,46.97273635864258
2011-02-03,46.281707763671875
2011-02-04,46.43467712402344
2011-02-05,46.64558792114258
2011-02-06,47.210105895996094
2011-02-07,48.54155731201172
2011-02-08,49.792259216308594
2011-02-09,49.93968200683594
2011-02-10,49.463592529296875
2011-02-11,49.00383758544922
2011-02-12,48.64885711669922
2011-02-13,48.16151428222656
2011-02-14,48.30170822143555
2011-02-15,48.92795181274414
2011-02-16,49.1717414855957
2011-02-17,49.591453552246094
2011-02-18,52.995731353759766
2011-02-19,62.62443923950195
2011-02-20,78.50006866455078
2011-02-21,90.51525115966797
2011-02-22,90.47987365722656
2011-02-23,85.26001739501953
2011-02-24,79.53182983398438
2011-02-25,77.15884399414062
2011-02-26,83.90087890625
2011-02-27,90.63005828857422
2011-02-28,88.70298767089844
2011-03-01,90.87004852294922
2011-03-02,97.9845962524414
2011-03-03,96.91624450683594
2011-03-04,90.0973892211914
2011-03-05,86.41665649414062
2011-03-06,97.4757080078125
2011-03-07,211.60202026367188
2011-03-08,474.80206298828125
2011-03-09,637.673828125
2011-03-10,586.4637451171875
2011-03-11,501.1314392089844
2011-03-12,511.35888671875
2011-03-13,615.3179321289062
2011-03-14,667.588623046875
2011-03-15,610.8016967773438
2011-03-16,519.4708251953125
2011-03-17,470.5334167480469
2011-03-18,493.8359375
2011-03-19,564.1023559570312
2011-03-20,625.1761474609375
2011-03-21,596.265380859375
2011-03-22,508.6513977050781
2011-03-23,437.840087890625
2011-03-24,382.79180908203125
2011-03-25,332.347900390625
2011-03-26,291.06512451171875
2011-03-27,256.48553466796875
2011-03-28,229.88760375976562
2011-03-29,210.26260375976562
2011-03-30,194.58766174316406
2011-03-31,185.0516815185547
2011-04-01,185.1929473876953
2011-04-02,198.01495361328125
2011-04-03,219.65206909179688
2011-04-04,242.47325134277344
2011-04-05,263.48297119140625
2011-04-06,313.83563232421875
2011-04-07,387.6126403808594
2011-04-08,404.12200927734375
2011-04-09,369.3811340332031
2011-04-10,342.42279052734375
2011-04-11,353.4056396484375
2011-04-12,462.7034912109375
2011-04-13,718.09130859375
2011-04-14,1026.1767578125
2011-04-15,1089.9937744140625
2011-04-16,927.1937866210938
2011-04-17,745.1119384765625
2011-04-18,787.3596801757812
2011-04-19,870.8399658203125
2011-04-20,802.3851928710938
2011-04-21,677.25439453125
2011-04-22,574.9572143554688
2011-04-23,497.39215087890625
2011-04-24,454.9389343261719
2011-04-25,467.4099426269531
2011-04-26,474.2868347167969
2011-04-27,469.7922058105469
2011-04-28,541.9386596679688
2011-04-29,578.3492431640625
2011-04-30,574.6406860351562
2011-05-01,523.6661376953125
2011-05-02,429.9845886230469
2011-05-03,343.68310546875
2011-05-04,289.24151611328125
2011-05-05,263.9832763671875
2011-05-06,279.6436767578125
2011-05-07,293.983154296875
2011-05-08,272.1598205566406
2011-05-09,243.1453399658203
2011-05-10,217.28314208984375
2011-05-11,195.2744598388672
2011-05-12,176.91151428222656
2011-05-13,161.2034912109375
2011-05-14,148.74996948242188
2011-05-15,143.39666748046875
2011-05-16,181.08889770507812
2011-05-17,306.566162109375
2011-05-18,419.9917297363281
2011-05-19,467.9107360839844
2011-05-20,536.045654296875
2011-05-21,578.3330078125
2011-05-22,556.0283203125
2011-05-23,494.296630859375
2011-05-24,420.5073547363281
2011-05-25,361.4930725097656
2011-05-26,317.52362060546875
2011-05-27,274.66595458984375
2011-05-28,235.1704864501953
2011-05-29,210.12928771972656
2011-05-30,193.01351928710938
2011-05-31,175.0457000732422
2011-06-01,160.59146118164062
2011-06-02,145.68748474121094
2011-06-03,130.47555541992188
2011-06-04,117.12413024902344
2011-06-05,105.35203552246094
2011-06-06,94.58952331542969
2011-06-07,85.8956069946289
2011-06-08,78.63797760009766
2011-06-09,73.53250122070312
2011-06-10,74.69329833984375
2011-06-11,80.24397277832031
2011-06-12,87.00960540771484
2011-06-13,96.86817932128906
2011-06-14,100.6481704711914
2011-06-15,98.51343536376953
2011-06-16,96.9513931274414
2011-06-17,92.15929412841797
2011-06-18,85.36836242675781
2011-06-19,80.89124298095703
2011-06-20,76.79350280761719
2011-06-21,69.93682098388672
2011-06-22,62.795406341552734
2011-06-23,68.34368896484375
2011-06-24,100.58096313476562
2011-06-25,140.11715698242188
2011-06-26,162.25347900390625
2011-06-27,162.40396118164062
2011-06-28,142.13885498046875
2011-06-29,116.49474334716797
2011-06-30,100.01544189453125
2011-07-01,89.9134292602539
2011-07-02,80.22977447509766
2011-07-03,71.00016784667969
2011-07-04,63.68083953857422
2011-07-05,58.8380126953125
2011-07-06,55.20460510253906
2011-07-07,52.11850357055664
2011-07-08,50.26730728149414
2011-07-09,48.631683349609375
2011-07-10,46.64422607421875
2011-07-11,45.37506103515625
2011-07-12,42.6549072265625
2011-07-13,38.50801467895508
2011-07-14,35.85367202758789
2011-07-15,35.614559173583984
2011-07-16,35.26335144042969
2011-07-17,33.01496124267578
2011-07-18,30.423419952392578
2011-07-19,28.922775268554688
2011-07-20,27.93256950378418
2011-07-21,26.183197021484375
2011-07-22,23.81034278869629
2011-07-23,21.812692642211914
2011-07-24,20.439680099487305
2011-07-25,19.36842918395996
2011-07-26,18.878173828125
2011-07-27,20.32468032836914
2011-07-28,23.609798431396484
2011-07-29,24.881513595581055
2011-07-30,23.804746627807617
2011-07-31,25.787181854248047
2011-08-01,28.922210693359375
2011-08-02,28.190967559814453
2011-08-03,24.657814025878906
2011-08-04,22.01177978515625
2011-08-05,20.202789306640625
2011-08-06,18.786279678344727
2011-08-07,18.184900283813477
2011-08-08,19.13507080078125
2011-08-09,21.083070755004883
2011-08-10,22.138538360595703
2011-08-11,23.15018653869629
2011-08-12,25.36139488220215
2011-08-13,26.574155807495117
2011-08-14,24.12012481689453
2011-08-15,22.93271255493164
2011-08-16,36.286376953125
2011-08-17,88.4239501953125
2011-08-18,131.36968994140625
2011-08-19,111.07476043701172
2011-08-20,75.98585510253906
2011-08-21,55.711456298828125
2011-08-22,46.6171989440918
2011-08-23,48.634193420410156
2011-08-24,69.08689880371094
2011-08-25,71.91600799560547
2011-08-26,57.68604278564453
2011-08-27,47.89107894897461
2011-08-28,64.20850372314453
2011-08-29,217.3295440673828
2011-08-30,562.73486328125
2011-08-31,658.05126953125
2011-09-01,432.231201171875
2011-09-02,260.3502502441406
2011-09-03,179.89837646484375
2011-09-04,136.76327514648438
2011-09-05,110.56285858154297
2011-09-06,111.03760528564453
2011-09-07,198.16143798828125
2011-09-08,356.8345642089844
2011-09-09,458.58111572265625
2011-09-10,457.08245849609375
2011-09-11,374.73931884765625
2011-09-12,278.5249938964844
2011-09-13,209.56497192382812
2011-09-14,166.15396118164062
2011-09-15,137.87246704101562
2011-09-16,120.36262512207031
2011-09-17,110.62677001953125
2011-09-18,102.65916442871094
2011-09-19,92.7300033569336
2011-09-20,83.18771362304688
2011-09-21,76.27082824707031
2011-09-22,72.80010986328125
2011-09-23,75.82321166992188
2011-09-24,89.2919921875
2011-09-25,107.36841583251953
2011-09-26,119.72771453857422
2011-09-27,115.91856384277344
2011-09-28,101.25115203857422
2011-09-29,97.91319274902344
2011-09-30,142.780029296875
2011-10-01,224.30799865722656
2011-10-02,290.9884338378906
2011-10-03,376.9921569824219
2011-10-04,489.95611572265625
2011-10-05,532.567138671875
2011-10-06,508.8221130371094
2011-10-07,428.20111083984375
2011-10-08,334.98583984375
2011-10-09,263.3575134277344
2011-10-10,215.508056640625
2011-10-11,182.73814392089844
2011-10-12,158.9302215576172
2011-10-13,141.23028564453125
2011-10-14,138.36224365234375
2011-10-15,182.6531524658203
2011-10-16,272.6402893066406
2011-10-17,322.29559326171875
2011-10-18,289.8094482421875
2011-10-19,242.3238525390625
2011-10-20,222.29783630371094
2011-10-21,236.83511352539062
2011-10-22,254.50741577148438
2011-10-23,243.84182739257812
2011-10-24,214.897216796875
2011-10-25,186.9801025390625
2011-10-26,164.89328002929688
2011-10-27,154.18724060058594
2011-10-28,164.01022338867188
2011-10-29,187.59934997558594
2011-10-30,214.4267120361328
2011-10-31,256.77581787109375
2011-11-01,276.84368896484375
2011-11-02,259.18756103515625
2011-11-03,230.1026611328125
2011-11-04,207.2983856201172
2011-11-05,190.37168884277344
2011-11-06,174.01959228515625
2011-11-07,158.1055450439453
2011-11-08,145.62030029296875
2011-11-09,136.9670867919922
2011-11-10,133.66204833984375
2011-11-11,155.08766174316406
2011-11-12,207.21632385253906
2011-11-13,243.09812927246094
2011-11-14,233.51292419433594
2011-11-15,206.63111877441406
2011-11-16,191.10012817382812
2011-11-17,191.01138305664062
2011-11-18,194.26025390625
2011-11-19,189.72918701171875
2011-11-20,175.41207885742188
2011-11-21,158.32260131835938
2011-11-22,145.33880615234375
2011-11-23,142.611083984375
2011-11-24,165.30029296875
2011-11-25,193.6874542236328
2011-11-26,200.92242431640625
2011-11-27,199.17051696777344
2011-11-28,193.4109344482422
2011-11-29,184.4697265625
2011-11-30,191.963134765625
2011-12-01,270.915283203125
2011-12-02,376.6722106933594
2011-12-03,374.44732666015625
2011-12-04,308.9510498046875
2011-12-05,253.7997589111328
2011-12-06,218.5474090576172
2011-12-07,208.12672424316406
2011-12-08,291.67919921875
2011-12-09,516.760498046875
2011-12-10,611.88330078125
2011-12-11,526.8579711914062
2011-12-12,418.53033447265625
2011-12-13,336.98016357421875
2011-12-14,285.0683898925781
2011-12-15,251.6890106201172
2011-12-16,235.21180725097656
2011-12-17,240.06324768066406
2011-12-18,248.63906860351562
2011-12-19,226.6492462158203
2011-12-20,195.4710693359375
2011-12-21,174.56619262695312
2011-12-22,164.0894775390625
2011-12-23,171.90438842773438
2011-12-24,204.75885009765625
2011-12-25,224.75180053710938
2011-12-26,209.64480590820312
2011-12-27,187.68374633789062
2011-12-28,183.58438110351562
2011-12-29,221.22616577148438
2011-12-30,258.9713439941406
2011-12-31,246.6669921875
2012-01-01,217.39486694335938
2012-01-02,201.2993927001953
2012-01-03,198.20632934570312
2012-01-04,191.92532348632812
2012-01-05,173.60330200195312
2012-01-06,155.8718719482422
2012-01-07,143.90817260742188
2012-01-08,134.99588012695312
2012-01-09,128.71556091308594
2012-01-10,121.22911071777344
2012-01-11,113.64816284179688
2012-01-12,108.3318862915039
2012-01-13,106.25297546386719
2012-01-14,105.50436401367188
2012-01-15,100.66590881347656
2012-01-16,92.74781799316406
2012-01-17,88.31138610839844
2012-01-18,89.23603820800781
2012-01-19,90.76461029052734
2012-01-20,87.92726135253906
2012-01-21,82.97816467285156
2012-01-22,79.453125
2012-01-23,76.96827697753906
2012-01-24,79.50325012207031
2012-01-25,94.34860229492188
2012-01-26,117.79481506347656
2012-01-27,135.67962646484375
2012-01-28,164.97718811035156
2012-01-29,202.41000366210938
2012-01-30,211.29190063476562
2012-01-31,194.60366821289062
2012-02-01,173.26809692382812
2012-02-02,159.7224884033203
2012-02-03,153.8851318359375
2012-02-04,144.80067443847656
2012-02-05,133.25244140625
2012-02-06,122.31139373779297
2012-02-07,115.30032348632812
2012-02-08,111.95316314697266
2012-02-09,106.97234344482422
2012-02-10,101.54363250732422
2012-02-11,97.90547180175781
2012-02-12,93.96166229248047
2012-02-13,88.12026977539062
2012-02-14,82.88021087646484
2012-02-15,80.30413055419922
2012-02-16,79.66134643554688
2012-02-17,80.41900634765625
2012-02-18,84.49042510986328
2012-02-19,90.07984924316406
2012-02-20,91.42214965820312
2012-02-21,87.31680297851562
2012-02-22,82.85612487792969
2012-02-23,83.10260009765625
2012-02-24,86.83332824707031
2012-02-25,92.689453125
2012-02-26,97.3346176147461
2012-02-27,94.51136016845703
2012-02-28,89.23694610595703
2012-02-29,86.62046813964844
2012-03-01,83.88872528076172
2012-03-02,80.01765441894531
2012-03-03,79.53050231933594
2012-03-04,88.37010192871094
2012-03-05,101.83909606933594
2012-03-06,103.84333801269531
2012-03-07,98.3460922241211
2012-03-08,102.04521179199219
2012-03-09,133.79624938964844
2012-03-10,206.47474670410156
2012-03-11,275.1783142089844
2012-03-12,280.6572570800781
2012-03-13,271.91326904296875
2012-03-14,298.2015380859375
2012-03-15,339.7950744628906
2012-03-16,357.5008850097656
2012-03-17,336.87542724609375
2012-03-18,308.828125
2012-03-19,300.0191345214844
2012-03-20,308.072265625
2012-03-21,327.98724365234375
2012-03-22,335.2769775390625
2012-03-23,324.6123962402344
2012-03-24,305.7232360839844
2012-03-25,277.9207458496094
2012-03-26,244.30499267578125
2012-03-27,222.71441650390625
2012-03-28,203.5928497314453
2012-03-29,177.81837463378906
2012-03-30,155.87533569335938
2012-03-31,141.36683654785156
2012-04-01,130.23220825195312
2012-04-02,120.1681137084961
2012-04-03,112.77576446533203
2012-04-04,107.53758239746094
2012-04-05,102.70040893554688
2012-04-06,98.6484146118164
2012-04-07,93.71878051757812
2012-04-08,88.98368835449219
2012-04-09,85.00409698486328
2012-04-10,82.01480102539062
2012-04-11,80.58584594726562
2012-04-12,80.17817687988281
2012-04-13,78.9005126953125
2012-04-14,76.80536651611328
2012-04-15,74.64949035644531
2012-04-16,73.3277587890625
2012-04-17,73.65914916992188
2012-04-18,74.46761322021484
2012-04-19,73.84318542480469
2012-04-20,69.88117218017578
2012-04-21,65.091796875
2012-04-22,62.66225814819336
2012-04-23,95.15888214111328
2012-04-24,254.0709228515625
2012-04-25,456.78118896484375
2012-04-26,453.74212646484375
2012-04-27,341.8679504394531
2012-04-28,270.437744140625
2012-04-29,242.54879760742188
2012-04-30,216.48867797851562
2012-05-01,191.0152587890625
2012-05-02,193.05442810058594
2012-05-03,225.441650390625
2012-05-04,243.5418701171875
2012-05-05,239.23211669921875
2012-05-06,243.28280639648438
2012-05-07,238.98277282714844
2012-05-08,215.51588439941406
2012-05-09,233.73098754882812
2012-05-10,335.507568359375
2012-05-11,435.4110107421875
2012-05-12,463.2555236816406
2012-05-13,414.5664978027344
2012-05-14,331.573974609375
2012-05-15,273.14697265625
2012-05-16,266.87445068359375
2012-05-17,316.4807434082031
2012-05-18,355.92962646484375
2012-05-19,318.42791748046875
2012-05-20,258.6844177246094
2012-05-21,213.17849731445312
2012-05-22,181.62228393554688
2012-05-23,162.41873168945312
2012-05-24,152.68455505371094
2012-05-25,144.2486114501953
2012-05-26,132.26524353027344
2012-05-27,119.79464721679688
2012-05-28,108.4759521484375
2012-05-29,98.44039154052734
2012-05-30,103.34078979492188
2012-05-31,158.3338623046875
2012-06-01,204.67152404785156
2012-06-02,193.2480010986328
2012-06-03,236.2259521484375
2012-06-04,397.33148193359375
2012-06-05,538.42529296875
2012-06-06,550.8587036132812
2012-06-07,474.8891906738281
2012-06-08,381.5753479003906
2012-06-09,309.85626220703125
2012-06-10,259.7065734863281
2012-06-11,223.03402709960938
2012-06-12,187.7806396484375
2012-06-13,161.16065979003906
2012-06-14,157.93016052246094
2012-06-15,171.22238159179688
2012-06-16,167.85000610351562
2012-06-17,145.0885009765625
2012-06-18,122.81224822998047
2012-06-19,106.27517700195312
2012-06-20,93.16944122314453
2012-06-21,82.04823303222656
2012-06-22,72.995361328125
2012-06-23,66.54854583740234
2012-06-24,62.919227600097656
2012-06-25,61.61507034301758
2012-06-26,63.14950942993164
2012-06-27,67.73625946044922
2012-06-28,71.0605697631836
2012-06-29,68.94336700439453
2012-06-30,64.8095474243164
2012-07-01,58.389869689941406
2012-07-02,51.80574035644531
2012-07-03,46.992149353027344
2012-07-04,44.54432678222656
2012-07-05,44.51169967651367
2012-07-06,47.83570098876953
2012-07-07,51.05171203613281
2012-07-08,48.1022834777832
2012-07-09,42.24003601074219
2012-07-10,37.19224166870117
2012-07-11,33.0784912109375
2012-07-12,29.85816764831543
2012-07-13,27.398263931274414
2012-07-14,25.307451248168945
2012-07-15,23.62047004699707
2012-07-16,22.69179344177246
2012-07-17,23.044158935546875
2012-07-18,24.206735610961914
2012-07-19,25.785560607910156
2012-07-20,26.284774780273438
2012-07-21,24.226999282836914
2012-07-22,21.48471450805664
2012-07-23,19.472490310668945
2012-07-24,18.41421890258789
2012-07-25,18.859676361083984
2012-07-26,28.199039459228516
2012-07-27,33.80622482299805
2012-07-28,31.784446716308594
2012-07-29,32.83434295654297
2012-07-30,36.80073928833008
2012-07-31,39.84700012207031
2012-08-01,37.13707733154297
2012-08-02,31.29256820678711
2012-08-03,26.598007202148438
2012-08-04,24.098663330078125
2012-08-05,23.288270950317383
2012-08-06,23.38522720336914
2012-08-07,23.575590133666992
2012-08-08,23.70682144165039
2012-08-09,22.65401840209961
2012-08-10,21.169300079345703
2012-08-11,27.13480567932129
2012-08-12,61.65092468261719
2012-08-13,112.00433349609375
2012-08-14,120.17244720458984
2012-08-15,93.31159210205078
2012-08-16,70.03883361816406
2012-08-17,62.86724853515625
2012-08-18,61.698158264160156
2012-08-19,57.3985710144043
2012-08-20,49.969017028808594
2012-08-21,42.014766693115234
2012-08-22,35.460731506347656
2012-08-23,30.839923858642578
2012-08-24,27.37193489074707
2012-08-25,24.639400482177734
2012-08-26,22.55519676208496
2012-08-27,20.92508316040039
2012-08-28,19.681499481201172
2012-08-29,19.51370620727539
2012-08-30,21.988616943359375
2012-08-31,23.67479133605957
2012-09-01,21.48784637451172
2012-09-02,18.981170654296875
2012-09-03,17.69580078125
2012-09-04,17.038389205932617
2012-09-05,17.773643493652344
2012-09-06,21.841514587402344
2012-09-07,28.495685577392578
2012-09-08,30.71505355834961
2012-09-09,27.516908645629883
2012-09-10,26.54814338684082
2012-09-11,29.755191802978516
2012-09-12,30.287242889404297
2012-09-13,26.397106170654297
2012-09-14,22.532272338867188
2012-09-15,19.955873489379883
2012-09-16,18.16171646118164
2012-09-17,16.884967803955078
2012-09-18,16.028059005737305
2012-09-19,17.457813262939453
2012-09-20,30.298669815063477
2012-09-21,54.12206268310547
2012-09-22,53.34884262084961
2012-09-23,40.48729705810547
2012-09-24,32.89530944824219
2012-09-25,31.019031524658203
2012-09-26,29.606388092041016
2012-09-27,26.664344787597656
2012-09-28,25.282489776611328
2012-09-29,28.9789981842041
2012-09-30,38.1452522277832
2012-10-01,46.01142501831055
2012-10-02,48.456085205078125
2012-10-03,48.809383392333984
2012-10-04,46.5095100402832
2012-10-05,46.16811752319336
2012-10-06,50.4255256652832
2012-10-07,50.98362731933594
2012-10-08,48.32433319091797
2012-10-09,46.85319519042969
2012-10-10,46.79963684082031
2012-10-11,47.391571044921875
2012-10-12,49.90595245361328
2012-10-13,53.33943176269531
2012-10-14,51.19429016113281
2012-10-15,48.49700164794922
2012-10-16,53.51408767700195
2012-10-17,62.60951232910156
2012-10-18,64.19341278076172
2012-10-19,59.712379455566406
2012-10-20,61.750457763671875
2012-10-21,87.20878601074219
2012-10-22,119.119140625
2012-10-23,116.79244232177734
2012-10-24,96.28614807128906
2012-10-25,78.8753662109375
2012-10-26,67.24720764160156
2012-10-27,59.62096405029297
2012-10-28,54.294273376464844
2012-10-29,51.935699462890625
2012-10-30,68.80164337158203
2012-10-31,173.80902099609375
2012-11-01,386.4745178222656
2012-11-02,490.3841857910156
2012-11-03,399.30877685546875
2012-11-04,282.3005065917969
2012-11-05,211.59805297851562
2012-11-06,171.28945922851562
2012-11-07,145.46243286132812
2012-11-08,127.16783905029297
2012-11-09,115.9715805053711
2012-11-10,110.12688446044922
2012-11-11,104.48138427734375
2012-11-12,97.49473571777344
2012-11-13,91.24295043945312
2012-11-14,89.01319885253906
2012-11-15,93.64029693603516
2012-11-16,95.44625854492188
2012-11-17,89.11184692382812
2012-11-18,81.9992904663086
2012-11-19,76.4325942993164
2012-11-20,71.44340515136719
2012-11-21,67.21966552734375
2012-11-22,63.98316192626953
2012-11-23,61.50058364868164
2012-11-24,59.2891731262207
2012-11-25,57.36635208129883
2012-11-26,55.70410919189453
2012-11-27,53.89814758300781
2012-11-28,52.008262634277344
2012-11-29,50.135562896728516
2012-11-30,48.346405029296875
2012-12-01,46.787269592285156
2012-12-02,45.5217399597168
2012-12-03,45.270851135253906
2012-12-04,47.88358688354492
2012-12-05,54.504234313964844
2012-12-06,58.86711883544922
2012-12-07,61.797706604003906
2012-12-08,62.66490173339844
2012-12-09,61.35340118408203
2012-12-10,63.67570114135742
2012-12-11,71.98330688476562
2012-12-12,85.21119689941406
2012-12-13,90.32152557373047
2012-12-14,84.0714111328125
2012-12-15,76.59850311279297
2012-12-16,71.5953369140625
2012-12-17,67.78142547607422
2012-12-18,70.47880554199219
2012-12-19,97.69759368896484
2012-12-20,158.93768310546875
2012-12-21,217.69505310058594
2012-12-22,310.03778076171875
2012-12-23,458.385009765625
2012-12-24,475.1097412109375
2012-12-25,370.23406982421875
2012-12-26,278.7877502441406
2012-12-27,224.499267578125
2012-12-28,196.1233673095703
2012-12-29,177.98765563964844
2012-12-30,160.29751586914062
2012-12-31,145.70046997070312
2013-01-01,134.29595947265625
2013-01-02,124.46537780761719
2013-01-03,114.12213134765625
2013-01-04,104.49407958984375
2013-01-05,98.18978881835938
2013-01-06,93.8400650024414
2013-01-07,89.23453521728516
2013-01-08,84.62730407714844
2013-01-09,80.72700500488281
2013-01-10,78.18824005126953
2013-01-11,76.5762939453125
2013-01-12,76.09910583496094
2013-01-13,80.55131530761719
2013-01-14,95.9354019165039
2013-01-15,119.95057678222656
2013-01-16,137.19656372070312
2013-01-17,135.60971069335938
2013-01-18,124.34854125976562
2013-01-19,111.7498779296875
2013-01-20,101.963134765625
2013-01-21,97.922607421875
2013-01-22,92.72880554199219
2013-01-23,84.76998901367188
2013-01-24,77.24945068359375
2013-01-25,71.07963562011719
2013-01-26,66.69882202148438
2013-01-27,63.74805450439453
2013-01-28,61.27189254760742
2013-01-29,59.451324462890625
2013-01-30,60.32839584350586
2013-01-31,88.7232437133789
2013-02-01,215.50857543945312
2013-02-02,353.4842529296875
2013-02-03,326.80938720703125
2013-02-04,247.56407165527344
2013-02-05,193.55450439453125
2013-02-06,162.58872985839844
2013-02-07,141.90463256835938
2013-02-08,126.17465209960938
2013-02-09,113.04773712158203
2013-02-10,103.67916107177734
2013-02-11,97.12964630126953
2013-02-12,94.488037109375
2013-02-13,95.68736267089844
2013-02-14,96.24154663085938
2013-02-15,94.07180786132812
2013-02-16,91.52104187011719
2013-02-17,89.47203063964844
2013-02-18,85.3979263305664
2013-02-19,80.83228302001953
2013-02-20,78.93753051757812
2013-02-21,77.57072448730469
2013-02-22,75.18161010742188
2013-02-23,72.81904602050781
2013-02-24,71.98674011230469
2013-02-25,73.55621337890625
2013-02-26,76.5709457397461
2013-02-27,80.46182250976562
2013-02-28,91.86842346191406
2013-03-01,109.36361694335938
2013-03-02,120.98070526123047
2013-03-03,122.964111328125
2013-03-04,118.75045013427734
2013-03-05,112.21808624267578
2013-03-06,106.94685363769531
2013-03-07,103.7105712890625
2013-03-08,102.97296142578125
2013-03-09,109.85523223876953
2013-03-10,122.6856689453125
2013-03-11,129.16387939453125
2013-03-12,139.056884765625
2013-03-13,201.77195739746094
2013-03-14,371.8544921875
2013-03-15,506.0764465332031
2013-03-16,452.8194580078125
2013-03-17,356.2790832519531
2013-03-18,288.02276611328125
2013-03-19,238.5604248046875
2013-03-20,207.08314514160156
2013-03-21,188.31964111328125
2013-03-22,174.5523681640625
2013-03-23,162.18113708496094
2013-03-24,152.38714599609375
2013-03-25,146.416259765625
2013-03-26,142.52621459960938
2013-03-27,142.88595581054688
2013-03-28,150.41046142578125
2013-03-29,166.83297729492188
2013-03-30,195.5287322998047
2013-03-31,232.2815399169922
2013-04-01,274.10870361328125
2013-04-02,344.99420166015625
2013-04-03,389.22967529296875
2013-04-04,362.79864501953125
2013-04-05,318.6209411621094
2013-04-06,301.68701171875
2013-04-07,294.1919860839844
2013-04-08,277.9036865234375
2013-04-09,274.8338623046875
2013-04-10,313.0234069824219
2013-04-11,406.0581970214844
2013-04-12,523.7288818359375
2013-04-13,579.0864868164062
2013-04-14,551.12548828125
2013-04-15,495.12261962890625
2013-04-16,438.0625305175781
2013-04-17,398.0676574707031
2013-04-18,387.8417663574219
2013-04-19,388.46075439453125
2013-04-20,371.3608093261719
2013-04-21,384.0999755859375
2013-04-22,424.5461120605469
2013-04-23,382.28472900390625
2013-04-24,302.6025390625
2013-04-25,248.37220764160156
2013-04-26,221.36790466308594
2013-04-27,209.24676513671875
2013-04-28,195.0731201171875
2013-04-29,178.52511596679688
2013-04-30,166.32054138183594
2013-05-01,159.46371459960938
2013-05-02,151.74070739746094
2013-05-03,140.74342346191406
2013-05-04,131.28338623046875
2013-05-05,121.12358856201172
2013-05-06,110.65386962890625
2013-05-07,101.86488342285156
2013-05-08,95.02422332763672
2013-05-09,90.53377532958984
2013-05-10,92.02665710449219
2013-05-11,99.37513732910156
2013-05-12,106.78164672851562
2013-05-13,116.06074523925781
2013-05-14,119.67769622802734
2013-05-15,108.84906768798828
2013-05-16,94.96308135986328
2013-05-17,85.73416900634766
2013-05-18,79.72041320800781
2013-05-19,74.61377716064453
2013-05-20,70.69144439697266
2013-05-21,71.28557586669922
2013-05-22,83.80413055419922
2013-05-23,126.31474304199219
2013-05-24,201.16273498535156
2013-05-25,252.83384704589844
2013-05-26,333.2344055175781
2013-05-27,506.8271179199219
2013-05-28,559.245361328125
2013-05-29,438.6401062011719
2013-05-30,322.32000732421875
2013-05-31,267.15325927734375
2013-06-01,236.41421508789062
2013-06-02,202.06495666503906
2013-06-03,181.05824279785156
2013-06-04,179.80149841308594
2013-06-05,170.5674285888672
2013-06-06,146.6204071044922
2013-06-07,124.54719543457031
2013-06-08,140.66879272460938
2013-06-09,224.6412353515625
2013-06-10,281.5777587890625
2013-06-11,275.3167724609375
2013-06-12,290.2120056152344
2013-06-13,352.1194152832031
2013-06-14,378.44390869140625
2013-06-15,345.2489929199219
2013-06-16,288.74749755859375
2013-06-17,231.2558135986328
2013-06-18,190.30673217773438
2013-06-19,165.81497192382812
2013-06-20,147.02899169921875
2013-06-21,128.46633911132812
2013-06-22,110.93058776855469
2013-06-23,96.92550659179688
2013-06-24,89.65028381347656
2013-06-25,97.66194152832031
2013-06-26,114.78271484375
2013-06-27,126.12384796142578
2013-06-28,133.8699188232422
2013-06-29,160.42654418945312
2013-06-30,214.7578125
2013-07-01,241.59666442871094
2013-07-02,243.41990661621094
2013-07-03,269.896728515625
2013-07-04,318.7198486328125
2013-07-05,317.9764404296875
2013-07-06,261.0666809082031
2013-07-07,200.93788146972656
2013-07-08,163.22134399414062
2013-07-09,162.25082397460938
2013-07-10,194.55384826660156
2013-07-11,231.02093505859375
2013-07-12,252.36395263671875
2013-07-13,242.23220825195312
2013-07-14,199.42889404296875
2013-07-15,156.30197143554688
2013-07-16,126.46472930908203
2013-07-17,105.56791687011719
2013-07-18,91.24028778076172
2013-07-19,86.61137390136719
2013-07-20,93.21257019042969
2013-07-21,97.14892578125
2013-07-22,89.76598358154297
2013-07-23,87.74041748046875
2013-07-24,128.4510040283203
2013-07-25,188.55322265625
2013-07-26,192.52418518066406
2013-07-27,161.36231994628906
2013-07-28,134.79620361328125
2013-07-29,113.4062728881836
2013-07-30,100.16876983642578
2013-07-31,96.13227844238281
2013-08-01,91.10631561279297
2013-08-02,82.38436889648438
2013-08-03,79.90582275390625
2013-08-04,79.90071105957031
2013-08-05,75.8909683227539
2013-08-06,68.94791412353516
2013-08-07,61.47639083862305
2013-08-08,54.95520782470703
2013-08-09,52.52556228637695
2013-08-10,61.058837890625
2013-08-11,85.0415267944336
2013-08-12,92.97606658935547
2013-08-13,76.12548828125
2013-08-14,63.334129333496094
2013-08-15,62.255615234375
2013-08-16,63.233802795410156
2013-08-17,56.89168930053711
2013-08-18,49.44038772583008
2013-08-19,43.92020797729492
2013-08-20,39.68818664550781
2013-08-21,36.33939743041992
2013-08-22,33.378353118896484
2013-08-23,30.896793365478516
2013-08-24,28.944183349609375
2013-08-25,27.28561782836914
2013-08-26,25.6872615814209
2013-08-27,24.480615615844727
2013-08-28,24.077701568603516
2013-08-29,24.368717193603516
2013-08-30,28.110103607177734
2013-08-31,33.97414779663086
2013-09-01,35.559730529785156
2013-09-02,42.019569396972656
2013-09-03,64.87134552001953
2013-09-04,92.16477966308594
2013-09-05,96.58973693847656
2013-09-06,78.77875518798828
2013-09-07,61.64488220214844
2013-09-08,50.98386764526367
2013-09-09,44.00116729736328
2013-09-10,39.382686614990234
2013-09-11,36.242271423339844
2013-09-12,36.84620666503906
2013-09-13,52.50146484375
2013-09-14,94.12432098388672
2013-09-15,139.43040466308594
2013-09-16,135.00405883789062
2013-09-17,104.78012084960938
2013-09-18,80.88223266601562
2013-09-19,66.17939758300781
2013-09-20,55.91149139404297
2013-09-21,48.51824951171875
2013-09-22,44.36640930175781
2013-09-23,45.7851676940918
2013-09-24,52.76737594604492
2013-09-25,56.12317657470703
2013-09-26,51.08061981201172
2013-09-27,44.98942565917969
2013-09-28,40.84009552001953
2013-09-29,37.58782196044922
2013-09-30,34.63532257080078
2013-10-01,32.105594635009766
2013-10-02,30.185134887695312
2013-10-03,28.935039520263672
2013-10-04,27.84560203552246
2013-10-05,26.947046279907227
2013-10-06,26.48099136352539
2013-10-07,27.230592727661133
2013-10-08,31.378067016601562
2013-10-09,39.00906753540039
2013-10-10,43.66689682006836
2013-10-11,41.169620513916016
2013-10-12,36.90570831298828
2013-10-13,33.900611877441406
2013-10-14,31.823925018310547
2013-10-15,30.30424690246582
2013-10-16,29.196401596069336
2013-10-17,28.493741989135742
2013-10-18,28.12963104248047
2013-10-19,28.33348846435547
2013-10-20,30.490230560302734
2013-10-21,31.946184158325195
2013-10-22,30.60238265991211
2013-10-23,28.60725212097168
2013-10-24,27.587779998779297
2013-10-25,26.982833862304688
2013-10-26,26.278732299804688
2013-10-27,25.496904373168945
2013-10-28,24.562660217285156
2013-10-29,23.921419143676758
2013-10-30,23.5042724609375
2013-10-31,23.06466293334961
2013-11-01,23.140670776367188
2013-11-02,28.835227966308594
2013-11-03,49.479736328125
2013-11-04,61.8424072265625
2013-11-05,54.056644439697266
2013-11-06,44.837188720703125
2013-11-07,39.420841217041016
2013-11-08,36.69709777832031
2013-11-09,37.3469352722168
2013-11-10,38.455711364746094
2013-11-11,37.04484176635742
2013-11-12,36.45621871948242
2013-11-13,36.859230041503906
2013-11-14,36.34123229980469
2013-11-15,34.860084533691406
2013-11-16,33.32466125488281
2013-11-17,32.38623046875
2013-11-18,32.18764877319336
2013-11-19,36.223907470703125
2013-11-20,48.85939407348633
2013-11-21,55.82252502441406
2013-11-22,51.054866790771484
2013-11-23,45.15471649169922
2013-11-24,42.64794921875
2013-11-25,41.334930419921875
2013-11-26,39.14506530761719
2013-11-27,44.99224853515625
2013-11-28,87.84687805175781
2013-11-29,168.32211303710938
2013-11-30,195.20655822753906
2013-12-01,155.8121337890625
2013-12-02,119.728271484375
2013-12-03,101.20468139648438
2013-12-04,91.29436492919922
2013-12-05,84.29508209228516
2013-12-06,78.12491607666016
2013-12-07,76.28080749511719
2013-12-08,80.757080078125
2013-12-09,81.50299072265625
2013-12-10,75.67578125
2013-12-11,70.9876708984375
2013-12-12,67.13842010498047
2013-12-13,62.194984436035156
2013-12-14,57.49495315551758
2013-12-15,54.04678726196289
2013-12-16,52.87135696411133
2013-12-17,52.52497100830078
2013-12-18,50.89649200439453
2013-12-19,49.733497619628906
2013-12-20,50.20612335205078
2013-12-21,52.08513259887695
2013-12-22,58.36165237426758
2013-12-23,75.7197265625
2013-12-24,108.89518737792969
2013-12-25,129.21665954589844
2013-12-26,119.61091613769531
2013-12-27,101.12934875488281
2013-12-28,89.54898071289062
2013-12-29,82.92041015625
2013-12-30,81.88987731933594
2013-12-31,85.01953887939453
2014-01-01,82.7879867553711
2014-01-02,76.0527114868164
2014-01-03,69.73654174804688
2014-01-04,64.99162292480469
2014-01-05,62.02005386352539
2014-01-06,68.79130554199219
2014-01-07,106.71839141845703
2014-01-08,160.44296264648438
2014-01-09,174.96932983398438
2014-01-10,154.95448303222656
2014-01-11,136.8811492919922
2014-01-12,159.3018798828125
2014-01-13,267.40643310546875
2014-01-14,380.9384765625
2014-01-15,410.0560302734375
2014-01-16,427.7176513671875
2014-01-17,418.7279968261719
2014-01-18,359.329833984375
2014-01-19,299.5512390136719
2014-01-20,253.80996704101562
2014-01-21,217.6532745361328
2014-01-22,186.7095489501953
2014-01-23,160.43453979492188
2014-01-24,140.61265563964844
2014-01-25,125.73245239257812
2014-01-26,114.81748962402344
2014-01-27,106.6626968383789
2014-01-28,99.66099548339844
2014-01-29,93.42474365234375
2014-01-30,86.94596862792969
2014-01-31,81.32720947265625
2014-02-01,77.73619079589844
2014-02-02,76.2136001586914
2014-02-03,75.56397247314453
2014-02-04,74.13967895507812
2014-02-05,71.48681640625
2014-02-06,68.54195404052734
2014-02-07,65.77079010009766
2014-02-08,63.02954864501953
2014-02-09,60.817970275878906
2014-02-10,59.06789016723633
2014-02-11,56.80502700805664
2014-02-12,54.22132873535156
2014-02-13,52.26852035522461
2014-02-14,52.4403076171875
2014-02-15,54.02513122558594
2014-02-16,54.53526306152344
2014-02-17,53.608253479003906
2014-02-18,52.05738067626953
2014-02-19,51.051170349121094
2014-02-20,51.91586685180664
2014-02-21,58.928104400634766
2014-02-22,81.51606750488281
2014-02-23,120.07623291015625
2014-02-24,155.7120361328125
2014-02-25,173.78741455078125
2014-02-26,169.91551208496094
2014-02-27,153.39468383789062
2014-02-28,136.2787628173828
2014-03-01,120.5459976196289
2014-03-02,107.90762329101562
2014-03-03,99.63778686523438
2014-03-04,91.86396026611328
2014-03-05,84.09581756591797
2014-03-06,78.34053802490234
2014-03-07,73.07572174072266
2014-03-08,68.74352264404297
2014-03-09,66.91287231445312
2014-03-10,66.04639434814453
2014-03-11,66.5113754272461
2014-03-12,72.4680404663086
2014-03-13,91.04883575439453
2014-03-14,115.56170654296875
2014-03-15,125.08816528320312
2014-03-16,126.50423431396484
2014-03-17,127.3875961303711
2014-03-18,120.93898010253906
2014-03-19,110.50591278076172
2014-03-20,108.67739868164062
2014-03-21,125.03140258789062
2014-03-22,147.65594482421875
2014-03-23,156.8608856201172
2014-03-24,152.50335693359375
2014-03-25,140.37059020996094
2014-03-26,126.21418762207031
2014-03-27,115.91845703125
2014-03-28,111.30357360839844
2014-03-29,119.05397033691406
2014-03-30,185.62030029296875
2014-03-31,404.6649475097656
2014-04-01,670.5374145507812
2014-04-02,755.8347778320312
2014-04-03,706.4661865234375
2014-04-04,637.0540161132812
2014-04-05,570.1882934570312
2014-04-06,544.37255859375
2014-04-07,559.7557373046875
2014-04-08,583.1903686523438
2014-04-09,659.6594848632812
2014-04-10,769.8403930664062
2014-04-11,782.7373046875
2014-04-12,716.9772338867188
2014-04-13,676.1553344726562
2014-04-14,659.4244995117188
2014-04-15,657.9813232421875
2014-04-16,701.6505737304688
2014-04-17,873.29296875
2014-04-18,858.0592651367188
2014-04-19,636.236083984375
2014-04-20,472.1443786621094
2014-04-21,388.27276611328125
2014-04-22,338.75225830078125
2014-04-23,315.66522216796875
2014-04-24,313.07476806640625
2014-04-25,311.7528991699219
2014-04-26,286.5953674316406
2014-04-27,255.4759521484375
2014-04-28,248.1513671875
2014-04-29,246.69749450683594
2014-04-30,230.47021484375
2014-05-01,228.32028198242188
2014-05-02,277.8724670410156
2014-05-03,341.3565979003906
2014-05-04,350.7645263671875
2014-05-05,312.402099609375
2014-05-06,285.2587585449219
2014-05-07,261.1593017578125
2014-05-08,225.896728515625
2014-05-09,191.67489624023438
2014-05-10,167.901123046875
2014-05-11,155.718505859375
2014-05-12,152.69830322265625
2014-05-13,146.89019775390625
2014-05-14,132.51548767089844
2014-05-15,119.2664794921875
2014-05-16,110.27347564697266
2014-05-17,109.70574951171875
2014-05-18,157.71127319335938
2014-05-19,230.66493225097656
2014-05-20,231.13345336914062
2014-05-21,189.8526153564453
2014-05-22,155.51173400878906
2014-05-23,139.7607879638672
2014-05-24,146.39297485351562
2014-05-25,164.63755798339844
2014-05-26,171.8826141357422
2014-05-27,160.63986206054688
2014-05-28,146.46868896484375
2014-05-29,145.01373291015625
2014-05-30,150.86932373046875
2014-05-31,146.9332275390625
2014-06-01,135.27294921875
2014-06-02,122.11788940429688
2014-06-03,106.95794677734375
2014-06-04,94.02006530761719
2014-06-05,85.23688507080078
2014-06-06,80.5423355102539
2014-06-07,77.47737121582031
2014-06-08,72.90171813964844
2014-06-09,66.6142578125
2014-06-10,60.47858428955078
2014-06-11,56.0599250793457
2014-06-12,53.41994857788086
2014-06-13,53.733482360839844
2014-06-14,63.497154235839844
2014-06-15,92.59506225585938
2014-06-16,110.2320327758789
2014-06-17,96.16873931884766
2014-06-18,77.2217788696289
2014-06-19,67.01081848144531
2014-06-20,63.172725677490234
2014-06-21,59.0543327331543
2014-06-22,52.00120544433594
2014-06-23,45.79585266113281
2014-06-24,41.283973693847656
2014-06-25,38.51523208618164
2014-06-26,46.49198913574219
2014-06-27,94.78955078125
2014-06-28,187.37803649902344
2014-06-29,184.26341247558594
2014-06-30,126.32264709472656
2014-07-01,88.48201751708984
2014-07-02,70.23355865478516
2014-07-03,66.0972900390625
2014-07-04,80.219482421875
2014-07-05,120.83728790283203
2014-07-06,175.07708740234375
2014-07-07,182.30345153808594
2014-07-08,145.65733337402344
2014-07-09,116.43765258789062
2014-07-10,105.57141876220703
2014-07-11,98.49945831298828
2014-07-12,86.43385314941406
2014-07-13,72.20254516601562
2014-07-14,60.51849365234375
2014-07-15,54.86106872558594
2014-07-16,64.39248657226562
2014-07-17,104.68942260742188
2014-07-18,139.1302490234375
2014-07-19,128.12506103515625
2014-07-20,97.93035125732422
2014-07-21,75.29393768310547
2014-07-22,61.996803283691406
2014-07-23,53.329219818115234
2014-07-24,48.670814514160156
2014-07-25,54.23276901245117
2014-07-26,62.99526596069336
2014-07-27,59.546958923339844
2014-07-28,59.031455993652344
2014-07-29,106.80252838134766
2014-07-30,191.5648651123047
2014-07-31,201.26959228515625
2014-08-01,148.62435913085938
2014-08-02,107.45013427734375
2014-08-03,84.95816040039062
2014-08-04,70.4217529296875
2014-08-05,60.42141342163086
2014-08-06,54.47074890136719
2014-08-07,51.679317474365234
2014-08-08,50.228267669677734
2014-08-09,48.81102752685547
2014-08-10,45.839256286621094
2014-08-11,41.34191131591797
2014-08-12,37.29499053955078
2014-08-13,39.501441955566406
2014-08-14,83.32388305664062
2014-08-15,191.27896118164062
2014-08-16,228.58932495117188
2014-08-17,178.04969787597656
2014-08-18,128.62437438964844
2014-08-19,99.44821166992188
2014-08-20,81.57209777832031
2014-08-21,68.81507873535156
2014-08-22,63.450050354003906
2014-08-23,69.07874298095703
2014-08-24,75.1070327758789
2014-08-25,70.37197875976562
2014-08-26,60.91672134399414
2014-08-27,52.69783020019531
2014-08-28,46.31048583984375
2014-08-29,42.020774841308594
2014-08-30,38.959815979003906
2014-08-31,36.117706298828125
2014-09-01,34.77239227294922
2014-09-02,37.00225830078125
2014-09-03,39.29130554199219
2014-09-04,38.49449920654297
2014-09-05,36.408653259277344
2014-09-06,33.51422882080078
2014-09-07,30.53194808959961
2014-09-08,29.038232803344727
2014-09-09,28.376869201660156
2014-09-10,26.545978546142578
2014-09-11,24.746448516845703
2014-09-12,23.500282287597656
2014-09-13,22.9720458984375
2014-09-14,23.1885986328125
2014-09-15,23.41644859313965
2014-09-16,23.080026626586914
2014-09-17,22.521976470947266
2014-09-18,22.43732261657715
2014-09-19,21.93071746826172
2014-09-20,20.992502212524414
2014-09-21,20.14600372314453
2014-09-22,19.381235122680664
2014-09-23,18.91889190673828
2014-09-24,18.53372573852539
2014-09-25,17.972522735595703
2014-09-26,17.246952056884766
2014-09-27,16.63474464416504
2014-09-28,16.035707473754883
2014-09-29,15.407279968261719
2014-09-30,14.8718900680542
2014-10-01,14.729972839355469
2014-10-02,15.277600288391113
2014-10-03,16.454727172851562
2014-10-04,17.38823699951172
2014-10-05,19.123329162597656
2014-10-06,23.86355972290039
2014-10-07,27.239166259765625
2014-10-08,26.087526321411133
2014-10-09,26.078933715820312
2014-10-10,32.16828918457031
2014-10-11,34.222755432128906
2014-10-12,29.559616088867188
2014-10-13,25.257553100585938
2014-10-14,23.06406021118164
2014-10-15,21.763368606567383
2014-10-16,22.433229446411133
2014-10-17,37.51366424560547
2014-10-18,86.43699645996094
2014-10-19,133.69525146484375
2014-10-20,120.109619140625
2014-10-21,88.88400268554688
2014-10-22,67.61518859863281
2014-10-23,69.90644073486328
2014-10-24,131.57472229003906
2014-10-25,222.32568359375
2014-10-26,252.5812530517578
2014-10-27,211.83262634277344
2014-10-28,161.67050170898438
2014-10-29,127.95399475097656
2014-10-30,106.89555358886719
2014-10-31,95.6717758178711
2014-11-01,88.65521240234375
2014-11-02,82.7418212890625
2014-11-03,81.75143432617188
2014-11-04,80.26997375488281
2014-11-05,75.39518737792969
2014-11-06,70.00900268554688
2014-11-07,67.71784210205078
2014-11-08,69.70339965820312
2014-11-09,73.60951232910156
2014-11-10,73.32454681396484
2014-11-11,69.33727264404297
2014-11-12,64.9493179321289
2014-11-13,61.52886199951172
2014-11-14,59.719234466552734
2014-11-15,58.41099548339844
2014-11-16,56.89693069458008
2014-11-17,56.13587188720703
2014-11-18,62.351837158203125
2014-11-19,73.732421875
2014-11-20,76.82550811767578
2014-11-21,72.33651733398438
2014-11-22,67.40282440185547
2014-11-23,63.41485595703125
2014-11-24,63.8058967590332
2014-11-25,82.70018005371094
2014-11-26,141.26565551757812
2014-11-27,214.407958984375
2014-11-28,243.54873657226562
2014-11-29,225.5152587890625
2014-11-30,188.31573486328125
2014-12-01,162.40109252929688
2014-12-02,154.4706268310547
2014-12-03,153.3197784423828
2014-12-04,155.3753662109375
2014-12-05,160.4442138671875
2014-12-06,155.6900634765625
2014-12-07,155.46841430664062
2014-12-08,160.76454162597656
2014-12-09,154.00860595703125
2014-12-10,168.6841278076172
2014-12-11,251.58082580566406
2014-12-12,348.49407958984375
2014-12-13,365.2124938964844
2014-12-14,320.7846374511719
2014-12-15,272.77276611328125
2014-12-16,237.74464416503906
2014-12-17,217.01095581054688
2014-12-18,230.4828338623047
2014-12-19,276.2000427246094
2014-12-20,288.5198059082031
2014-12-21,254.94064331054688
2014-12-22,217.341796875
2014-12-23,194.96307373046875
2014-12-24,201.3636474609375
2014-12-25,252.9930877685547
2014-12-26,355.3547668457031
2014-12-27,448.0169372558594
2014-12-28,460.2046813964844
2014-12-29,426.76214599609375
2014-12-30,392.22235107421875
2014-12-31,339.8092041015625
2015-01-01,277.6786804199219
2015-01-02,232.5738525390625
2015-01-03,204.06427001953125
2015-01-04,187.07379150390625
2015-01-05,191.7625732421875
2015-01-06,200.8058319091797
2015-01-07,187.21731567382812
2015-01-08,165.17413330078125
2015-01-09,147.469970703125
2015-01-10,135.18072509765625
2015-01-11,125.86087036132812
2015-01-12,117.8065185546875
2015-01-13,111.99112701416016
2015-01-14,105.137939453125
2015-01-15,97.26918029785156
2015-01-16,91.78904724121094
2015-01-17,87.43272399902344
2015-01-18,82.80604553222656
2015-01-19,92.2242431640625
2015-01-20,133.54397583007812
2015-01-21,168.83335876464844
2015-01-22,165.36715698242188
2015-01-23,147.68487548828125
2015-01-24,132.79385375976562
2015-01-25,121.62372589111328
2015-01-26,112.1066665649414
2015-01-27,101.72672271728516
2015-01-28,93.45318603515625
2015-01-29,88.69683837890625
2015-01-30,85.60220336914062
2015-01-31,83.03899383544922
2015-02-01,79.68522644042969
2015-02-02,75.6910400390625
2015-02-03,72.15766143798828
2015-02-04,70.19056701660156
2015-02-05,69.15106201171875
2015-02-06,67.958740234375
2015-02-07,66.40223693847656
2015-02-08,65.1300277709961
2015-02-09,63.632057189941406
2015-02-10,61.77196502685547
2015-02-11,61.113773345947266
2015-02-12,60.315086364746094
2015-02-13,58.95368957519531
2015-02-14,57.401527404785156
2015-02-15,55.44894027709961
2015-02-16,53.42364501953125
2015-02-17,52.732784271240234
2015-02-18,52.62803649902344
2015-02-19,51.86997604370117
2015-02-20,50.76711654663086
2015-02-21,49.69393539428711
2015-02-22,49.66734313964844
2015-02-23,50.21238708496094
2015-02-24,49.366153717041016
2015-02-25,47.97693634033203
2015-02-26,47.68506622314453
2015-02-27,47.43682861328125
2015-02-28,46.42449188232422
2015-03-01,45.538246154785156
2015-03-02,45.06919479370117
2015-03-03,44.74826431274414
2015-03-04,44.79517364501953
2015-03-05,45.39555358886719
2015-03-06,45.88954162597656
2015-03-07,45.252193450927734
2015-03-08,44.984336853027344
2015-03-09,45.25196838378906
2015-03-10,45.49419403076172
2015-03-11,48.059818267822266
2015-03-12,55.32832717895508
2015-03-13,65.3671875
2015-03-14,72.31438446044922
2015-03-15,75.3720474243164
2015-03-16,77.9361343383789
2015-03-17,81.23855590820312
2015-03-18,83.75679779052734
2015-03-19,84.15772247314453
2015-03-20,82.30316162109375
2015-03-21,79.39032745361328
2015-03-22,76.28551483154297
2015-03-23,73.7674789428711
2015-03-24,71.20247650146484
2015-03-25,70.14581298828125
2015-03-26,74.60044860839844
2015-03-27,95.28157043457031
2015-03-28,139.25735473632812
2015-03-29,182.837158203125
2015-03-30,196.6575164794922
2015-03-31,189.99810791015625
2015-04-01,187.3968505859375
2015-04-02,189.00372314453125
2015-04-03,195.4720001220703
2015-04-04,237.1667938232422
2015-04-05,322.1989440917969
2015-04-06,379.71234130859375
2015-04-07,366.7120666503906
2015-04-08,334.5582580566406
2015-04-09,316.9450988769531
2015-04-10,299.76263427734375
2015-04-11,312.67138671875
2015-04-12,387.3725280761719
2015-04-13,479.60552978515625
2015-04-14,568.2548217773438
2015-04-15,662.27587890625
2015-04-16,724.3593139648438
2015-04-17,708.1502075195312
2015-04-18,649.292724609375
2015-04-19,621.60107421875
2015-04-20,606.8605346679688
2015-04-21,604.52783203125
2015-04-22,723.727294921875
2015-04-23,826.2593994140625
2015-04-24,755.1708984375
2015-04-25,631.1531982421875
2015-04-26,494.4971923828125
2015-04-27,389.18896484375
2015-04-28,327.74566650390625
2015-04-29,293.46588134765625
2015-04-30,274.3993835449219
2015-05-01,256.0801696777344
2015-05-02,235.08583068847656
2015-05-03,212.49024963378906
2015-05-04,192.91311645507812
2015-05-05,177.00177001953125
2015-05-06,164.76747131347656
2015-05-07,155.5919189453125
2015-05-08,142.78916931152344
2015-05-09,129.18785095214844
2015-05-10,118.40144348144531
2015-05-11,109.37740325927734
2015-05-12,105.5274658203125
2015-05-13,103.82560729980469
2015-05-14,102.42765045166016
2015-05-15,97.5067138671875
2015-05-16,87.44984436035156
2015-05-17,79.27009582519531
2015-05-18,74.44660949707031
2015-05-19,70.89529418945312
2015-05-20,67.61500549316406
2015-05-21,66.69461059570312
2015-05-22,66.21482849121094
2015-05-23,61.924949645996094
2015-05-24,56.617462158203125
2015-05-25,51.66722869873047
2015-05-26,48.300445556640625
2015-05-27,46.622344970703125
2015-05-28,46.45242691040039
2015-05-29,50.05034255981445
2015-05-30,55.175785064697266
2015-05-31,53.345035552978516
2015-06-01,55.37371826171875
2015-06-02,98.6272964477539
2015-06-03,190.7528839111328
2015-06-04,227.44094848632812
2015-06-05,192.383056640625
2015-06-06,142.61990356445312
2015-06-07,110.10934448242188
2015-06-08,91.83263397216797
2015-06-09,78.91105651855469
2015-06-10,73.10755157470703
2015-06-11,81.69766998291016
2015-06-12,93.97761535644531
2015-06-13,85.87594604492188
2015-06-14,72.57412719726562
2015-06-15,68.05500793457031
2015-06-16,67.62702941894531
2015-06-17,73.26507568359375
2015-06-18,82.15286254882812
2015-06-19,79.88665771484375
2015-06-20,69.96179962158203
2015-06-21,66.363525390625
2015-06-22,70.76219177246094
2015-06-23,88.73657989501953
2015-06-24,111.29048156738281
2015-06-25,133.61488342285156
2015-06-26,134.75555419921875
2015-06-27,109.61732482910156
2015-06-28,93.48968505859375
2015-06-29,115.26133728027344
2015-06-30,180.70628356933594
2015-07-01,214.2735595703125
2015-07-02,229.7614288330078
2015-07-03,277.2527770996094
2015-07-04,275.1009216308594
2015-07-05,213.54928588867188
2015-07-06,160.86749267578125
2015-07-07,127.66433715820312
2015-07-08,104.55034637451172
2015-07-09,89.5870132446289
2015-07-10,80.73622131347656
2015-07-11,73.9757308959961
2015-07-12,66.99159240722656
2015-07-13,59.766727447509766
2015-07-14,53.346229553222656
2015-07-15,49.23673629760742
2015-07-16,46.98933410644531
2015-07-17,44.5606689453125
2015-07-18,41.44220733642578
2015-07-19,39.700782775878906
2015-07-20,41.00076675415039
2015-07-21,46.30390930175781
2015-07-22,60.97120666503906
2015-07-23,66.11270141601562
2015-07-24,58.182586669921875
2015-07-25,48.04907989501953
2015-07-26,41.41905212402344
2015-07-27,37.74769592285156
2015-07-28,36.6952018737793
2015-07-29,37.844482421875
2015-07-30,38.07830047607422
2015-07-31,35.78498840332031
2015-08-01,33.675594329833984
2015-08-02,31.928203582763672
2015-08-03,29.39527130126953
2015-08-04,26.85230827331543
2015-08-05,26.039398193359375
2015-08-06,26.718273162841797
2015-08-07,26.094993591308594
2015-08-08,23.909318923950195
2015-08-09,21.783321380615234
2015-08-10,20.084442138671875
2015-08-11,19.208126068115234
2015-08-12,21.904035568237305
2015-08-13,32.644317626953125
2015-08-14,41.03913879394531
2015-08-15,36.033714294433594
2015-08-16,29.862180709838867
2015-08-17,27.101961135864258
2015-08-18,25.039409637451172
2015-08-19,22.786014556884766
2015-08-20,21.22071647644043
2015-08-21,20.08698272705078
2015-08-22,19.535539627075195
2015-08-23,20.38467025756836
2015-08-24,21.50975799560547
2015-08-25,22.146915435791016
2015-08-26,27.855669021606445
2015-08-27,39.268089294433594
2015-08-28,43.372283935546875
2015-08-29,37.48054122924805
2015-08-30,30.28293800354004
2015-08-31,25.217205047607422
2015-09-01,22.020078659057617
2015-09-02,19.729713439941406
2015-09-03,17.988191604614258
2015-09-04,16.6584529876709
2015-09-05,15.689530372619629
2015-09-06,14.81264877319336
2015-09-07,13.883499145507812
2015-09-08,13.130077362060547
2015-09-09,12.625959396362305
2015-09-10,12.65231704711914
2015-09-11,13.969465255737305
2015-09-12,18.486852645874023
2015-09-13,25.157119750976562
2015-09-14,27.54700469970703
2015-09-15,30.667137145996094
2015-09-16,42.15804672241211
2015-09-17,44.23774719238281
2015-09-18,34.52457046508789
2015-09-19,26.27556800842285
2015-09-20,21.7736873626709
2015-09-21,19.047285079956055
2015-09-22,17.532886505126953
2015-09-23,16.54166603088379
2015-09-24,15.524517059326172
2015-09-25,14.619406700134277
2015-09-26,13.834964752197266
2015-09-27,13.17851448059082
2015-09-28,12.646042823791504
2015-09-29,12.15380859375
2015-09-30,19.939716339111328
2015-10-01,82.29727935791016
2015-10-02,209.5323486328125
2015-10-03,235.2325439453125
2015-10-04,155.5289764404297
2015-10-05,99.32331085205078
2015-10-06,73.27281188964844
2015-10-07,58.84416580200195
2015-10-08,50.07776641845703
2015-10-09,44.925384521484375
2015-10-10,47.066829681396484
2015-10-11,60.505069732666016
2015-10-12,69.10169219970703
2015-10-13,61.43324279785156
2015-10-14,52.03836441040039
2015-10-15,46.03307342529297
2015-10-16,41.91548156738281
2015-10-17,38.42571258544922
2015-10-18,35.83149719238281
2015-10-19,34.47087478637695
2015-10-20,33.214786529541016
2015-10-21,31.693056106567383
2015-10-22,31.36924171447754
2015-10-23,31.142358779907227
2015-10-24,30.640195846557617
2015-10-25,30.072751998901367
2015-10-26,29.339019775390625
2015-10-27,29.89154052734375
2015-10-28,30.410818099975586
2015-10-29,35.44525909423828
2015-10-30,74.58860778808594
2015-10-31,135.94973754882812
2015-11-01,145.36007690429688
2015-11-02,114.22296142578125
2015-11-03,90.73619079589844
2015-11-04,77.39051055908203
2015-11-05,67.59235382080078
2015-11-06,60.29322814941406
2015-11-07,54.916534423828125
2015-11-08,51.442535400390625
2015-11-09,48.76946258544922
2015-11-10,45.91151428222656
2015-11-11,44.15483856201172
2015-11-12,50.577945709228516
2015-11-13,69.2052001953125
2015-11-14,84.67374420166016
2015-11-15,88.83940124511719
2015-11-16,83.94107055664062
2015-11-17,74.79263305664062
2015-11-18,66.7275390625
2015-11-19,60.23503112792969
2015-11-20,59.76466751098633
2015-11-21,93.22903442382812
2015-11-22,153.95230102539062
2015-11-23,163.07032775878906
2015-11-24,138.78765869140625
2015-11-25,116.0312271118164
2015-11-26,98.51716613769531
2015-11-27,86.11820220947266
2015-11-28,78.59970092773438
2015-11-29,74.3755874633789
2015-11-30,71.56388092041016
2015-12-01,68.19233703613281
2015-12-02,64.70001983642578
2015-12-03,67.51236724853516
2015-12-04,82.94645690917969
2015-12-05,102.26095581054688
2015-12-06,104.92802429199219
2015-12-07,96.11961364746094
2015-12-08,86.25114440917969
2015-12-09,78.5671615600586
2015-12-10,72.58922576904297
2015-12-11,68.53947448730469
2015-12-12,66.95677947998047
2015-12-13,65.87625885009766
2015-12-14,63.795719146728516
2015-12-15,62.738136291503906
2015-12-16,68.8740005493164
2015-12-17,84.32952117919922
2015-12-18,96.7578125
2015-12-19,108.52421569824219
2015-12-20,117.48703002929688
2015-12-21,111.33439636230469
2015-12-22,100.20957946777344
2015-12-23,107.61189270019531
2015-12-24,157.19752502441406
2015-12-25,246.64112854003906
2015-12-26,338.1777648925781
2015-12-27,339.8841552734375
2015-12-28,297.6785888671875
2015-12-29,284.1957092285156
2015-12-30,261.7754211425781
2015-12-31,224.69488525390625
2016-01-01,202.99111938476562
2016-01-02,193.43670654296875
2016-01-03,180.77468872070312
2016-01-04,164.0849151611328
2016-01-05,146.7605743408203
2016-01-06,130.04869079589844
2016-01-07,117.2872314453125
2016-01-08,108.612548828125
2016-01-09,102.44235229492188
2016-01-10,110.31656646728516
2016-01-11,194.508056640625
2016-01-12,372.7283935546875
2016-01-13,451.2232666015625
2016-01-14,376.32989501953125
2016-01-15,290.32843017578125
2016-01-16,233.76602172851562
2016-01-17,203.63841247558594
2016-01-18,186.849853515625
2016-01-19,168.75144958496094
2016-01-20,148.96807861328125
2016-01-21,133.90658569335938
2016-01-22,122.92814636230469
2016-01-23,113.48661804199219
2016-01-24,105.13578033447266
2016-01-25,98.23320770263672
2016-01-26,93.11015319824219
2016-01-27,90.47989654541016
2016-01-28,89.67266082763672
2016-01-29,86.43882751464844
2016-01-30,82.19397735595703
2016-01-31,79.84722137451172
2016-02-01,81.24425506591797
2016-02-02,87.58955383300781
2016-02-03,98.935302734375
2016-02-04,142.59312438964844
2016-02-05,242.13369750976562
2016-02-06,300.203857421875
2016-02-07,282.5413818359375
2016-02-08,238.36322021484375
2016-02-09,200.30160522460938
2016-02-10,171.20199584960938
2016-02-11,148.9812469482422
2016-02-12,132.90447998046875
2016-02-13,118.63322448730469
2016-02-14,105.89359283447266
2016-02-15,94.87618255615234
2016-02-16,92.33000183105469
2016-02-17,126.03359985351562
2016-02-18,210.9838409423828
2016-02-19,258.6556701660156
2016-02-20,231.89987182617188
2016-02-21,208.00198364257812
2016-02-22,215.2756805419922
2016-02-23,222.68557739257812
2016-02-24,202.23129272460938
2016-02-25,206.05987548828125
2016-02-26,337.87152099609375
2016-02-27,525.6844482421875
2016-02-28,533.4983520507812
2016-02-29,434.4077453613281
2016-03-01,370.95196533203125
2016-03-02,339.24224853515625
2016-03-03,322.39007568359375
2016-03-04,289.0042419433594
2016-03-05,248.31800842285156
2016-03-06,218.6329803466797
2016-03-07,197.4791259765625
2016-03-08,183.15414428710938
2016-03-09,180.3006591796875
2016-03-10,199.6260223388672
2016-03-11,278.14788818359375
2016-03-12,441.41796875
2016-03-13,563.947998046875
2016-03-14,505.8403625488281
2016-03-15,427.18707275390625
2016-03-16,382.5759582519531
2016-03-17,362.0420227050781
2016-03-18,356.222412109375
2016-03-19,350.1530456542969
2016-03-20,321.095947265625
2016-03-21,274.9385986328125
2016-03-22,233.85379028320312
2016-03-23,204.8599090576172
2016-03-24,184.85052490234375
2016-03-25,169.83140563964844
2016-03-26,160.52420043945312
2016-03-27,160.37001037597656
2016-03-28,162.13572692871094
2016-03-29,179.26385498046875
2016-03-30,218.3153076171875
2016-03-31,235.0663299560547
2016-04-01,220.12905883789062
2016-04-02,218.8812255859375
2016-04-03,256.119140625
2016-04-04,277.4314880371094
2016-04-05,246.09046936035156
2016-04-06,207.5750732421875
2016-04-07,184.1260528564453
2016-04-08,186.40576171875
2016-04-09,228.5770263671875
2016-04-10,270.36187744140625
2016-04-11,252.65353393554688
2016-04-12,219.8043212890625
2016-04-13,219.92501831054688
2016-04-14,261.50238037109375
2016-04-15,272.50885009765625
2016-04-16,241.62852478027344
2016-04-17,211.3937530517578
2016-04-18,191.1132049560547
2016-04-19,178.96302795410156
2016-04-20,172.23158264160156
2016-04-21,169.7454833984375
2016-04-22,159.1959686279297
2016-04-23,144.57444763183594
2016-04-24,137.57843017578125
2016-04-25,131.36477661132812
2016-04-26,120.16108703613281
2016-04-27,114.83887481689453
2016-04-28,120.95588684082031
2016-04-29,123.51957702636719
2016-04-30,116.33243560791016
2016-05-01,109.23395538330078
2016-05-02,108.12742614746094
2016-05-03,125.79670715332031
2016-05-04,164.2388153076172
2016-05-05,186.16445922851562
2016-05-06,188.6007843017578
2016-05-07,180.9452667236328
2016-05-08,167.12167358398438
2016-05-09,156.3102264404297
2016-05-10,149.2394256591797
2016-05-11,139.62960815429688
2016-05-12,125.07969665527344
2016-05-13,111.92721557617188
2016-05-14,106.195556640625
2016-05-15,111.56423950195312
2016-05-16,118.39877319335938
2016-05-17,123.99794006347656
2016-05-18,121.45355224609375
2016-05-19,110.1060562133789
2016-05-20,101.6718521118164
2016-05-21,99.94261169433594
2016-05-22,96.01482391357422
2016-05-23,88.36251831054688
2016-05-24,82.71818542480469
2016-05-25,81.8344955444336
2016-05-26,83.59081268310547
2016-05-27,81.2333755493164
2016-05-28,74.17347717285156
2016-05-29,67.30807495117188
2016-05-30,61.923763275146484
2016-05-31,57.86529541015625
2016-06-01,55.25499725341797
2016-06-02,52.07268142700195
2016-06-03,47.33281707763672
2016-06-04,43.41887283325195
2016-06-05,41.017356872558594
2016-06-06,45.599822998046875
2016-06-07,71.31181335449219
2016-06-08,102.81954956054688
2016-06-09,103.63993835449219
2016-06-10,86.92460632324219
2016-06-11,71.36524200439453
2016-06-12,61.36559295654297
2016-06-13,55.40314483642578
2016-06-14,51.10681915283203
2016-06-15,47.47052764892578
2016-06-16,44.35932540893555
2016-06-17,40.61880111694336
2016-06-18,36.46631622314453
2016-06-19,32.93331527709961
2016-06-20,30.2094669342041
2016-06-21,28.12256622314453
2016-06-22,26.640779495239258
2016-06-23,25.72501564025879
2016-06-24,25.68406867980957
2016-06-25,25.312808990478516
2016-06-26,23.261348724365234
2016-06-27,21.119464874267578
2016-06-28,19.666580200195312
2016-06-29,19.064453125
2016-06-30,20.314247131347656
2016-07-01,24.09604263305664
2016-07-02,25.811553955078125
2016-07-03,27.24359130859375
2016-07-04,31.23186683654785
2016-07-05,31.018892288208008
2016-07-06,26.161304473876953
2016-07-07,21.851234436035156
2016-07-08,19.37749481201172
2016-07-09,18.560588836669922
2016-07-10,19.779470443725586
2016-07-11,23.235355377197266
2016-07-12,26.6075496673584
2016-07-13,27.354501724243164
2016-07-14,24.044740676879883
2016-07-15,20.87924575805664
2016-07-16,21.79882049560547
2016-07-17,27.113943099975586
2016-07-18,27.791889190673828
2016-07-19,26.770002365112305
2016-07-20,26.380374908447266
2016-07-21,24.49363899230957
2016-07-22,21.192781448364258
2016-07-23,18.271221160888672
2016-07-24,17.068628311157227
2016-07-25,18.91440200805664
2016-07-26,20.1055850982666
2016-07-27,17.967838287353516
2016-07-28,15.674177169799805
2016-07-29,14.210977554321289
2016-07-30,13.296879768371582
2016-07-31,12.829434394836426
2016-08-01,12.628132820129395
2016-08-02,12.957931518554688
2016-08-03,14.093902587890625
2016-08-04,14.794221878051758
2016-08-05,13.78521728515625
2016-08-06,12.316633224487305
2016-08-07,11.319414138793945
2016-08-08,10.641745567321777
2016-08-09,9.994468688964844
2016-08-10,9.408492088317871
2016-08-11,9.147865295410156
2016-08-12,9.338210105895996
2016-08-13,9.580085754394531
2016-08-14,10.758264541625977
2016-08-15,18.057214736938477
2016-08-16,26.12265396118164
2016-08-17,24.61661148071289
2016-08-18,19.929126739501953
2016-08-19,18.306896209716797
2016-08-20,17.045812606811523
2016-08-21,14.65030574798584
2016-08-22,12.905889511108398
2016-08-23,13.609813690185547
2016-08-24,18.137298583984375
2016-08-25,20.900238037109375
2016-08-26,18.003742218017578
2016-08-27,14.911693572998047
2016-08-28,13.92978572845459
2016-08-29,13.261910438537598
2016-08-30,11.907356262207031
2016-08-31,10.701451301574707
2016-09-01,9.826772689819336
2016-09-02,9.257216453552246
2016-09-03,8.982192993164062
2016-09-04,8.57098388671875
2016-09-05,8.03213882446289
2016-09-06,7.611101150512695
2016-09-07,7.3521223068237305
2016-09-08,7.239223480224609
2016-09-09,7.231802463531494
2016-09-10,7.22275447845459
2016-09-11,7.191800117492676
2016-09-12,7.509676933288574
2016-09-13,8.547415733337402
2016-09-14,9.067835807800293
2016-09-15,8.420501708984375
2016-09-16,7.847768783569336
2016-09-17,7.497326850891113
2016-09-18,7.061572074890137
2016-09-19,7.465798854827881
2016-09-20,9.520162582397461
2016-09-21,12.203313827514648
2016-09-22,12.820192337036133
2016-09-23,11.116850852966309
2016-09-24,9.667716979980469
2016-09-25,9.219450950622559
2016-09-26,9.14580249786377
2016-09-27,8.729707717895508
2016-09-28,8.486437797546387
2016-09-29,8.83624267578125
2016-09-30,9.104150772094727
2016-10-01,8.78980541229248
2016-10-02,8.626047134399414
2016-10-03,9.075072288513184
2016-10-04,9.76099681854248
2016-10-05,10.18276309967041
2016-10-06,10.135519981384277
2016-10-07,9.658884048461914
2016-10-08,9.158693313598633
2016-10-09,8.934773445129395
2016-10-10,9.348287582397461
2016-10-11,10.084617614746094
2016-10-12,10.282358169555664
2016-10-13,9.810603141784668
2016-10-14,9.333736419677734
2016-10-15,9.258463859558105
2016-10-16,9.314711570739746
2016-10-17,9.057938575744629
2016-10-18,8.771489143371582
2016-10-19,8.850516319274902
2016-10-20,9.067200660705566
2016-10-21,9.263972282409668
2016-10-22,12.122152328491211
2016-10-23,19.71990394592285
2016-10-24,29.953075408935547
2016-10-25,38.167842864990234
2016-10-26,34.6883544921875
2016-10-27,27.07073974609375
2016-10-28,25.8497257232666
2016-10-29,43.408607482910156
2016-10-30,72.11028289794922
2016-10-31,85.67548370361328
2016-11-01,76.02659606933594
2016-11-02,58.62900924682617
2016-11-03,45.81584167480469
2016-11-04,42.4151611328125
2016-11-05,55.431983947753906
2016-11-06,67.54786682128906
2016-11-07,59.33867645263672
2016-11-08,48.780914306640625
2016-11-09,41.99095153808594
2016-11-10,37.45990753173828
2016-11-11,34.31407928466797
2016-11-12,31.932762145996094
2016-11-13,30.217519760131836
2016-11-14,28.724124908447266
2016-11-15,27.77119255065918
2016-11-16,28.93716049194336
2016-11-17,34.989051818847656
2016-11-18,45.42693328857422
2016-11-19,51.382137298583984
2016-11-20,48.00013732910156
2016-11-21,44.65821075439453
2016-11-22,47.208580017089844
2016-11-23,48.91373825073242
2016-11-24,45.80494689941406
2016-11-25,42.361061096191406
2016-11-26,40.899200439453125
2016-11-27,42.2888069152832
2016-11-28,44.010047912597656
2016-11-29,43.869483947753906
2016-11-30,46.428916931152344
2016-12-01,67.54102325439453
2016-12-02,128.7846221923828
2016-12-03,211.18833923339844
2016-12-04,219.88160705566406
2016-12-05,173.31263732910156
2016-12-06,132.3692169189453
2016-12-07,109.22392272949219
2016-12-08,96.99864959716797
2016-12-09,88.76229858398438
2016-12-10,81.30683135986328
2016-12-11,73.02965545654297
2016-12-12,66.61485290527344
2016-12-13,65.50072479248047
2016-12-14,67.53995513916016
2016-12-15,65.84236145019531
2016-12-16,60.85221481323242
2016-12-17,55.6928596496582
2016-12-18,54.193214416503906
2016-12-19,62.94837188720703
2016-12-20,79.27238464355469
2016-12-21,83.45426940917969
2016-12-22,77.45416259765625
2016-12-23,73.11062622070312
2016-12-24,71.02964782714844
2016-12-25,71.03408813476562
2016-12-26,71.17214965820312
2016-12-27,69.79501342773438
2016-12-28,71.73432159423828
2016-12-29,80.96432495117188
2016-12-30,88.47437286376953
2016-12-31,86.70099639892578
2017-01-01,82.34576416015625
2017-01-02,78.1545181274414
2017-01-03,75.30225372314453
2017-01-04,79.91114807128906
2017-01-05,100.59251403808594
2017-01-06,122.57337951660156
2017-01-07,122.5550308227539
2017-01-08,108.91668701171875
2017-01-09,95.92230987548828
2017-01-10,85.95366668701172
2017-01-11,81.75161743164062
2017-01-12,93.05464935302734
2017-01-13,138.187255859375
2017-01-14,208.88442993164062
2017-01-15,232.6424560546875
2017-01-16,200.43508911132812
2017-01-17,163.20791625976562
2017-01-18,139.529541015625
2017-01-19,128.67848205566406
2017-01-20,122.56675720214844
2017-01-21,116.110595703125
2017-01-22,112.50285339355469
2017-01-23,113.67736053466797
2017-01-24,112.90185546875
2017-01-25,109.49500274658203
2017-01-26,107.85152435302734
2017-01-27,109.29438018798828
2017-01-28,111.92390441894531
2017-01-29,110.87603759765625
2017-01-30,105.28054809570312
2017-01-31,97.66346740722656
2017-02-01,89.90509796142578
2017-02-02,84.18246459960938
2017-02-03,79.9451904296875
2017-02-04,75.15111541748047
2017-02-05,70.67346954345703
2017-02-06,67.62432098388672
2017-02-07,65.04449462890625
2017-02-08,63.96963119506836
2017-02-09,69.31019592285156
2017-02-10,81.6845474243164
2017-02-11,87.18125915527344
2017-02-12,83.717041015625
2017-02-13,79.5264892578125
2017-02-14,76.55836486816406
2017-02-15,74.19261932373047
2017-02-16,72.45951080322266
2017-02-17,70.92228698730469
2017-02-18,69.70917510986328
2017-02-19,71.43425750732422
2017-02-20,80.70214080810547
2017-02-21,95.36685943603516
2017-02-22,105.3638916015625
2017-02-23,113.59402465820312
2017-02-24,139.0902099609375
2017-02-25,207.78807067871094
2017-02-26,343.1497497558594
2017-02-27,532.1162719726562
2017-02-28,628.800537109375
2017-03-01,552.476806640625
2017-03-02,448.201171875
2017-03-03,418.0982360839844
2017-03-04,400.864501953125
2017-03-05,330.4536437988281
2017-03-06,257.8543701171875
2017-03-07,208.75205993652344
2017-03-08,179.16238403320312
2017-03-09,169.5210723876953
2017-03-10,172.1424102783203
2017-03-11,168.12481689453125
2017-03-12,149.77333068847656
2017-03-13,130.26051330566406
2017-03-14,116.96102905273438
2017-03-15,109.16989135742188
2017-03-16,103.75212097167969
2017-03-17,100.16876983642578
2017-03-18,97.21466827392578
2017-03-19,93.71426391601562
2017-03-20,91.18692016601562
2017-03-21,91.55696105957031
2017-03-22,93.71807861328125
2017-03-23,94.64085388183594
2017-03-24,92.64859771728516
2017-03-25,90.76830291748047
2017-03-26,93.41778564453125
2017-03-27,98.76437377929688
2017-03-28,111.95526885986328
2017-03-29,138.1322784423828
2017-03-30,168.96310424804688
2017-03-31,190.7042236328125
2017-04-01,206.51646423339844
2017-04-02,234.33795166015625
2017-04-03,258.0760803222656
2017-04-04,289.8494873046875
2017-04-05,374.0864562988281
2017-04-06,508.6318054199219
2017-04-07,625.954833984375
2017-04-08,716.5275268554688
2017-04-09,742.425048828125
2017-04-10,691.0100708007812
2017-04-11,646.74365234375
2017-04-12,673.5520629882812
2017-04-13,743.5194091796875
2017-04-14,789.8131103515625
2017-04-15,705.7080078125
2017-04-16,562.863525390625
2017-04-17,469.90234375
2017-04-18,440.07794189453125
2017-04-19,417.2084655761719
2017-04-20,359.7596130371094
2017-04-21,303.9623107910156
2017-04-22,293.43194580078125
2017-04-23,325.7998962402344
2017-04-24,336.8126220703125
2017-04-25,310.47998046875
2017-04-26,288.46697998046875
2017-04-27,318.92523193359375
2017-04-28,368.6310729980469
2017-04-29,369.43292236328125
2017-04-30,330.3874206542969
2017-05-01,285.33905029296875
2017-05-02,257.78179931640625
2017-05-03,269.4930419921875
2017-05-04,305.1765441894531
2017-05-05,312.1891784667969
2017-05-06,319.146728515625
2017-05-07,370.3858337402344
2017-05-08,404.92559814453125
2017-05-09,391.24774169921875
2017-05-10,347.38629150390625
2017-05-11,293.7953186035156
2017-05-12,247.33853149414062
2017-05-13,214.12213134765625
2017-05-14,204.91552734375
2017-05-15,297.3477478027344
2017-05-16,483.7431640625
2017-05-17,590.5020751953125
2017-05-18,522.605712890625
2017-05-19,402.83428955078125
2017-05-20,314.8129577636719
2017-05-21,256.45025634765625
2017-05-22,214.69793701171875
2017-05-23,191.9610595703125
2017-05-24,192.0067596435547
2017-05-25,190.321533203125
2017-05-26,191.8893585205078
2017-05-27,267.86138916015625
2017-05-28,382.61016845703125
2017-05-29,395.47186279296875
2017-05-30,327.950439453125
2017-05-31,271.088134765625
2017-06-01,269.9801025390625
2017-06-02,314.4862976074219
2017-06-03,310.32537841796875
2017-06-04,263.197021484375
2017-06-05,220.04995727539062
2017-06-06,218.16119384765625
2017-06-07,329.5463562011719
2017-06-08,484.87139892578125
2017-06-09,494.4831848144531
2017-06-10,400.5888366699219
2017-06-11,311.0636901855469
2017-06-12,247.61767578125
2017-06-13,201.39927673339844
2017-06-14,166.9451141357422
2017-06-15,140.8739013671875
2017-06-16,121.49030303955078
2017-06-17,113.59999084472656
2017-06-18,117.07542419433594
2017-06-19,116.57594299316406
2017-06-20,120.82040405273438
2017-06-21,158.3306884765625
2017-06-22,174.45632934570312
2017-06-23,153.9922332763672
2017-06-24,126.82972717285156
2017-06-25,109.27813720703125
2017-06-26,102.30296325683594
2017-06-27,95.82074737548828
2017-06-28,90.14861297607422
2017-06-29,85.95336151123047
2017-06-30,81.72749328613281
2017-07-01,87.28760528564453
2017-07-02,127.03545379638672
2017-07-03,251.9462890625
2017-07-04,289.740234375
2017-07-05,217.27017211914062
2017-07-06,146.87200927734375
2017-07-07,107.89144134521484
2017-07-08,87.9775390625
2017-07-09,78.03563690185547
2017-07-10,72.61422729492188
2017-07-11,66.70537567138672
2017-07-12,60.76313400268555
2017-07-13,57.71923828125
2017-07-14,58.98084259033203
2017-07-15,63.58675003051758
2017-07-16,64.83894348144531
2017-07-17,60.87855529785156
2017-07-18,56.996971130371094
2017-07-19,60.04466247558594
2017-07-20,65.68844604492188
2017-07-21,61.574256896972656
2017-07-22,52.725345611572266
2017-07-23,45.675804138183594
2017-07-24,41.11915969848633
2017-07-25,40.263946533203125
2017-07-26,42.448524475097656
2017-07-27,42.59787368774414
2017-07-28,39.35467529296875
2017-07-29,36.332305908203125
2017-07-30,33.995826721191406
2017-07-31,31.158363342285156
2017-08-01,28.63113021850586
2017-08-02,27.242786407470703
2017-08-03,26.657617568969727
2017-08-04,26.722518920898438
2017-08-05,27.152545928955078
2017-08-06,28.809810638427734
2017-08-07,32.15638732910156
2017-08-08,34.153411865234375
2017-08-09,33.10567855834961
2017-08-10,32.08950424194336
2017-08-11,30.13486099243164
2017-08-12,27.595130920410156
2017-08-13,26.515121459960938
2017-08-14,26.621994018554688
2017-08-15,25.64952278137207
2017-08-16,23.568817138671875
2017-08-17,21.944847106933594
2017-08-18,22.152786254882812
2017-08-19,28.379016876220703
2017-08-20,43.102874755859375
2017-08-21,49.70165252685547
2017-08-22,42.11997604370117
2017-08-23,34.306034088134766
2017-08-24,32.269588470458984
2017-08-25,33.52425765991211
2017-08-26,32.804115295410156
2017-08-27,28.824262619018555
2017-08-28,25.060760498046875
2017-08-29,22.378677368164062
2017-08-30,20.44559097290039
2017-08-31,19.125370025634766
2017-09-01,18.106630325317383
2017-09-02,17.17449951171875
2017-09-03,17.1756534576416
2017-09-04,20.77254867553711
2017-09-05,28.72840118408203
2017-09-06,36.45581817626953
2017-09-07,47.29915237426758
2017-09-08,67.2341537475586
2017-09-09,76.76752471923828
2017-09-10,67.83741760253906
2017-09-11,54.207664489746094
2017-09-12,43.46955108642578
2017-09-13,36.04728698730469
2017-09-14,30.94847297668457
2017-09-15,27.575862884521484
2017-09-16,25.95478057861328
2017-09-17,25.1251277923584
2017-09-18,23.812545776367188
2017-09-19,22.328012466430664
2017-09-20,21.268325805664062
2017-09-21,20.62200164794922
2017-09-22,20.014257431030273
2017-09-23,19.19074821472168
2017-09-24,18.211002349853516
2017-09-25,17.224220275878906
2017-09-26,16.344226837158203
2017-09-27,15.59245777130127
2017-09-28,14.942756652832031
2017-09-29,14.25440788269043
2017-09-30,13.683996200561523
2017-10-01,13.550667762756348
2017-10-02,13.734244346618652
2017-10-03,13.801410675048828
2017-10-04,13.597153663635254
2017-10-05,13.308738708496094
2017-10-06,13.049942970275879
2017-10-07,13.161520957946777
2017-10-08,13.59366226196289
2017-10-09,14.496379852294922
2017-10-10,18.120532989501953
2017-10-11,25.519577026367188
2017-10-12,29.940107345581055
2017-10-13,26.67399024963379
2017-10-14,22.407093048095703
2017-10-15,19.757640838623047
2017-10-16,18.27543067932129
2017-10-17,17.41362762451172
2017-10-18,16.919878005981445
2017-10-19,16.45209503173828
2017-10-20,15.780548095703125
2017-10-21,15.151055335998535
2017-10-22,14.747868537902832
2017-10-23,14.416706085205078
2017-10-24,14.239413261413574
2017-10-25,19.709468841552734
2017-10-26,57.95325469970703
2017-10-27,180.50161743164062
2017-10-28,330.5391540527344
2017-10-29,309.8127746582031
2017-10-30,262.7525634765625
2017-10-31,505.7205810546875
2017-11-01,883.2806396484375
2017-11-02,733.774169921875
2017-11-03,450.6229248046875
2017-11-04,330.89385986328125
2017-11-05,293.4445495605469
2017-11-06,240.9903106689453
2017-11-07,199.1313018798828
2017-11-08,192.06590270996094
2017-11-09,185.62396240234375
2017-11-10,164.12905883789062
2017-11-11,143.01895141601562
2017-11-12,128.24053955078125
2017-11-13,115.7551498413086
2017-11-14,105.9483871459961
2017-11-15,99.34544372558594
2017-11-16,95.01708221435547
2017-11-17,93.96249389648438
2017-11-18,98.05191802978516
2017-11-19,100.65011596679688
2017-11-20,107.12044525146484
2017-11-21,132.75648498535156
2017-11-22,142.7183074951172
2017-11-23,135.0210418701172
2017-11-24,129.46673583984375
2017-11-25,121.64628601074219
2017-11-26,111.77809143066406
2017-11-27,104.25875091552734
2017-11-28,98.04399108886719
2017-11-29,91.07640075683594
2017-11-30,85.03144836425781
2017-12-01,81.71379852294922
2017-12-02,78.86865234375
2017-12-03,77.1858901977539
2017-12-04,74.31926727294922
2017-12-05,70.51171112060547
2017-12-06,71.57347106933594
2017-12-07,98.77505493164062
2017-12-08,147.09616088867188
2017-12-09,154.74562072753906
2017-12-10,136.08726501464844
2017-12-11,120.96216583251953
2017-12-12,112.83740997314453
2017-12-13,107.99766540527344
2017-12-14,103.08746337890625
2017-12-15,96.24101257324219
2017-12-16,89.68072509765625
2017-12-17,84.32769775390625
2017-12-18,79.60469055175781
2017-12-19,76.32853698730469
2017-12-20,77.14410400390625
2017-12-21,81.5557632446289
2017-12-22,81.31816101074219
2017-12-23,77.39111328125
2017-12-24,76.34171295166016
2017-12-25,77.90190124511719
2017-12-26,77.36795043945312
2017-12-27,74.7079086303711
2017-12-28,71.06480407714844
2017-12-29,67.21399688720703
2017-12-30,64.07295227050781
2017-12-31,61.568458557128906
2018-01-01,59.06980895996094
2018-01-02,56.47269058227539
2018-01-03,54.28810119628906
2018-01-04,52.96403503417969
2018-01-05,52.386016845703125
2018-01-06,51.33336639404297
2018-01-07,49.69374465942383
2018-01-08,49.06850051879883
2018-01-09,49.620094299316406
2018-01-10,49.643959045410156
2018-01-11,49.18960189819336
2018-01-12,57.20304870605469
2018-01-13,146.0611572265625
2018-01-14,459.36444091796875
2018-01-15,747.1727905273438
2018-01-16,643.4072875976562
2018-01-17,453.36077880859375
2018-01-18,341.7469177246094
2018-01-19,281.46307373046875
2018-01-20,241.9483642578125
2018-01-21,213.98663330078125
2018-01-22,198.01351928710938
2018-01-23,194.6630859375
2018-01-24,220.43580627441406
2018-01-25,248.61715698242188
2018-01-26,233.56358337402344
2018-01-27,202.16395568847656
2018-01-28,180.8356475830078
2018-01-29,176.0416717529297
2018-01-30,169.9311065673828
2018-01-31,155.8568878173828
2018-02-01,141.06307983398438
2018-02-02,130.613037109375
2018-02-03,121.58802032470703
2018-02-04,111.65345764160156
2018-02-05,107.145751953125
2018-02-06,107.28822326660156
2018-02-07,103.51449584960938
2018-02-08,97.08382415771484
2018-02-09,92.20889282226562
2018-02-10,89.36780548095703
2018-02-11,97.49044036865234
2018-02-12,127.2293701171875
2018-02-13,160.79718017578125
2018-02-14,164.57232666015625
2018-02-15,152.6490478515625
2018-02-16,150.0105438232422
2018-02-17,156.04718017578125
2018-02-18,156.88389587402344
2018-02-19,151.99949645996094
2018-02-20,151.5679473876953
2018-02-21,172.7565155029297
2018-02-22,236.391845703125
2018-02-23,336.25152587890625
2018-02-24,380.645263671875
2018-02-25,348.8841247558594
2018-02-26,328.8346252441406
2018-02-27,338.0600280761719
2018-02-28,330.9273681640625
2018-03-01,312.306396484375
2018-03-02,309.73126220703125
2018-03-03,346.2922058105469
2018-03-04,388.92449951171875
2018-03-05,378.9959411621094
2018-03-06,334.20703125
2018-03-07,289.3324890136719
2018-03-08,253.91424560546875
2018-03-09,230.95375061035156
2018-03-10,213.94122314453125
2018-03-11,198.11538696289062
2018-03-12,183.672119140625
2018-03-13,171.95639038085938
2018-03-14,167.3990020751953
2018-03-15,167.58840942382812
2018-03-16,164.87315368652344
2018-03-17,157.67303466796875
2018-03-18,146.2813720703125
2018-03-19,134.9309539794922
2018-03-20,127.39154815673828
2018-03-21,122.30147552490234
2018-03-22,118.30320739746094
2018-03-23,117.41842651367188
2018-03-24,120.11906433105469
2018-03-25,122.54689025878906
2018-03-26,122.5308609008789
2018-03-27,120.22702026367188
2018-03-28,117.97694396972656
2018-03-29,121.88167572021484
2018-03-30,136.1722412109375
2018-03-31,170.76223754882812
2018-04-01,240.5140380859375
2018-04-02,298.87744140625
2018-04-03,299.2923583984375
2018-04-04,280.32952880859375
2018-04-05,294.0910339355469
2018-04-06,329.56658935546875
2018-04-07,326.04241943359375
2018-04-08,288.45550537109375
2018-04-09,254.82464599609375
2018-04-10,226.203857421875
2018-04-11,204.33917236328125
2018-04-12,186.56686401367188
2018-04-13,179.81228637695312
2018-04-14,194.77911376953125
2018-04-15,232.13522338867188
2018-04-16,280.492919921875
2018-04-17,374.32196044921875
2018-04-18,524.26025390625
2018-04-19,597.0833129882812
2018-04-20,564.7061767578125
2018-04-21,486.1297302246094
2018-04-22,420.1790771484375
2018-04-23,378.62200927734375
2018-04-24,355.1296081542969
2018-04-25,352.413330078125
2018-04-26,400.802490234375
2018-04-27,540.6943359375
2018-04-28,705.2909545898438
2018-04-29,684.0947875976562
2018-04-30,590.2843017578125
2018-05-01,555.4823608398438
2018-05-02,516.1824951171875
2018-05-03,431.97747802734375
2018-05-04,362.8997802734375
2018-05-05,326.79638671875
2018-05-06,304.778076171875
2018-05-07,298.8913879394531
2018-05-08,271.7186279296875
2018-05-09,234.4025421142578
2018-05-10,201.53253173828125
2018-05-11,178.57957458496094
2018-05-12,161.57656860351562
2018-05-13,146.09173583984375
2018-05-14,131.19937133789062
2018-05-15,119.28038024902344
2018-05-16,111.50709533691406
2018-05-17,108.226318359375
2018-05-18,104.59284210205078
2018-05-19,97.2649154663086
2018-05-20,91.7536849975586
2018-05-21,91.76155090332031
2018-05-22,92.25466918945312
2018-05-23,89.06886291503906
2018-05-24,85.57617950439453
2018-05-25,82.19506072998047
2018-05-26,75.56228637695312
2018-05-27,69.5726318359375
2018-05-28,68.2994384765625
2018-05-29,67.90982055664062
2018-05-30,63.562564849853516
2018-05-31,58.394195556640625
2018-06-01,53.421077728271484
2018-06-02,49.39738845825195
2018-06-03,46.30018615722656
2018-06-04,44.02372360229492
2018-06-05,45.182594299316406
2018-06-06,52.34130096435547
2018-06-07,56.74854278564453
2018-06-08,53.72382736206055
2018-06-09,48.61959457397461
2018-06-10,43.79655456542969
2018-06-11,39.55204772949219
2018-06-12,35.90080642700195
2018-06-13,32.88165283203125
2018-06-14,30.80500030517578
2018-06-15,29.736202239990234
2018-06-16,29.560060501098633
2018-06-17,29.395343780517578
2018-06-18,27.689598083496094
2018-06-19,25.99777603149414
2018-06-20,26.314315795898438
2018-06-21,28.565641403198242
2018-06-22,27.693037033081055
2018-06-23,24.75634765625
2018-06-24,22.961593627929688
2018-06-25,24.9088077545166
2018-06-26,28.320680618286133
2018-06-27,28.569637298583984
2018-06-28,29.307571411132812
2018-06-29,40.383201599121094
2018-06-30,61.69175720214844
2018-07-01,71.4892578125
2018-07-02,57.208438873291016
2018-07-03,43.3100700378418
2018-07-04,35.627010345458984
2018-07-05,30.017005920410156
2018-07-06,26.0989933013916
2018-07-07,24.364097595214844
2018-07-08,24.01337432861328
2018-07-09,23.02100372314453
2018-07-10,20.60062026977539
2018-07-11,18.56842041015625
2018-07-12,17.249244689941406
2018-07-13,16.18348503112793
2018-07-14,15.087068557739258
2018-07-15,14.209632873535156
2018-07-16,13.852819442749023
2018-07-17,15.049062728881836
2018-07-18,19.294740676879883
2018-07-19,24.607040405273438
2018-07-20,25.143077850341797
2018-07-21,21.0440731048584
2018-07-22,17.555511474609375
2018-07-23,16.772350311279297
2018-07-24,23.208358764648438
2018-07-25,42.21577072143555
2018-07-26,58.699806213378906
2018-07-27,70.14750671386719
2018-07-28,99.82996368408203
2018-07-29,114.84648132324219
2018-07-30,97.43882751464844
2018-07-31,71.93611145019531
2018-08-01,55.001949310302734
2018-08-02,53.93435287475586
2018-08-03,67.05897521972656
2018-08-04,82.11958312988281
2018-08-05,100.86788177490234
2018-08-06,113.99392700195312
2018-08-07,105.89927673339844
2018-08-08,83.50804138183594
2018-08-09,72.8012466430664
2018-08-10,75.58751678466797
2018-08-11,73.54475402832031
2018-08-12,75.95205688476562
2018-08-13,97.44661712646484
2018-08-14,122.75419616699219
2018-08-15,131.4072265625
2018-08-16,125.23062133789062
2018-08-17,107.24298858642578
2018-08-18,93.10565185546875
2018-08-19,104.0860366821289
2018-08-20,122.45730590820312
2018-08-21,113.5892105102539
2018-08-22,93.76847839355469
2018-08-23,94.86601257324219
2018-08-24,112.76934051513672
2018-08-25,112.30677032470703
2018-08-26,91.66969299316406
2018-08-27,72.63154602050781
2018-08-28,60.1266975402832
2018-08-29,51.483558654785156
2018-08-30,44.855079650878906
2018-08-31,40.10940933227539
2018-09-01,36.75586700439453
2018-09-02,33.84983825683594
2018-09-03,31.197956085205078
2018-09-04,28.8350830078125
2018-09-05,26.865577697753906
2018-09-06,25.651634216308594
2018-09-07,24.978008270263672
2018-09-08,24.681976318359375
2018-09-09,23.824451446533203
2018-09-10,23.117618560791016
2018-09-11,29.126789093017578
2018-09-12,48.560516357421875
2018-09-13,65.68478393554688
2018-09-14,68.38030242919922
2018-09-15,60.2347412109375
2018-09-16,49.80355453491211
2018-09-17,41.78106689453125
2018-09-18,44.08136749267578
2018-09-19,64.27870178222656
2018-09-20,86.46699523925781
2018-09-21,89.65424346923828
2018-09-22,74.97578430175781
2018-09-23,61.84256362915039
2018-09-24,52.746551513671875
2018-09-25,49.961647033691406
2018-09-26,64.98091888427734
2018-09-27,99.8075180053711
2018-09-28,125.10027313232422
2018-09-29,126.62137603759766
2018-09-30,113.3567886352539
2018-10-01,95.74171447753906
2018-10-02,88.49276733398438
2018-10-03,113.11824798583984
2018-10-04,157.2583770751953
2018-10-05,171.3882293701172
2018-10-06,152.6971893310547
2018-10-07,125.76921081542969
2018-10-08,106.04161834716797
2018-10-09,95.04115295410156
2018-10-10,87.58064270019531
2018-10-11,85.762939453125
2018-10-12,109.84759521484375
2018-10-13,156.53955078125
2018-10-14,167.2681121826172
2018-10-15,146.41558837890625
2018-10-16,125.73675537109375
2018-10-17,117.25074768066406
2018-10-18,115.20867919921875
2018-10-19,108.15482330322266
2018-10-20,96.8657455444336
2018-10-21,86.55333709716797
2018-10-22,79.38375854492188
2018-10-23,74.86393737792969
2018-10-24,75.39210510253906
2018-10-25,85.49048614501953
2018-10-26,98.04134368896484
2018-10-27,100.82060241699219
2018-10-28,104.72842407226562
2018-10-29,123.63534545898438
2018-10-30,159.9296417236328
2018-10-31,190.10174560546875
2018-11-01,187.17257690429688
2018-11-02,179.4020538330078
2018-11-03,277.39630126953125
2018-11-04,651.690673828125
2018-11-05,965.2841796875
2018-11-06,839.1160278320312
2018-11-07,672.4896240234375
2018-11-08,641.666259765625
2018-11-09,584.4589233398438
2018-11-10,487.808349609375
2018-11-11,459.9080810546875
2018-11-12,450.6625671386719
2018-11-13,420.737548828125
2018-11-14,460.5946044921875
2018-11-15,519.4137573242188
2018-11-16,484.83135986328125
2018-11-17,415.01837158203125
2018-11-18,366.26727294921875
2018-11-19,330.59832763671875
2018-11-20,300.4886474609375
2018-11-21,283.7704772949219
2018-11-22,268.0334167480469
2018-11-23,241.54750061035156
2018-11-24,215.85687255859375
2018-11-25,199.93507385253906
2018-11-26,198.1470947265625
2018-11-27,242.65557861328125
2018-11-28,358.75146484375
2018-11-29,422.60479736328125
2018-11-30,400.17572021484375
2018-12-01,349.846923828125
2018-12-02,310.9351806640625
2018-12-03,319.683837890625
2018-12-04,368.17706298828125
2018-12-05,380.2200622558594
2018-12-06,339.1607971191406
2018-12-07,288.680419921875
2018-12-08,251.07875061035156
2018-12-09,219.22572326660156
2018-12-10,194.0627899169922
2018-12-11,176.20025634765625
2018-12-12,160.1312255859375
2018-12-13,146.2346649169922
2018-12-14,134.19044494628906
2018-12-15,127.9643325805664
2018-12-16,129.91009521484375
2018-12-17,130.959716796875
2018-12-18,130.53561401367188
2018-12-19,127.49462127685547
2018-12-20,120.072265625
2018-12-21,130.5733642578125
2018-12-22,252.34390258789062
2018-12-23,529.4293823242188
2018-12-24,692.08154296875
2018-12-25,567.5608520507812
2018-12-26,412.7660217285156
2018-12-27,321.22381591796875
2018-12-28,268.3340148925781
2018-12-29,248.92922973632812
2018-12-30,254.931640625
2018-12-31,243.9412841796875
2019-01-01,232.7590789794922
2019-01-02,269.3206481933594
2019-01-03,311.7378845214844
2019-01-04,301.91607666015625
2019-01-05,269.71026611328125
2019-01-06,243.57174682617188
2019-01-07,220.7428741455078
2019-01-08,196.5037078857422
2019-01-09,180.91688537597656
2019-01-10,184.27757263183594
2019-01-11,186.73837280273438
2019-01-12,173.77810668945312
2019-01-13,157.0262451171875
2019-01-14,143.96156311035156
2019-01-15,133.38035583496094
2019-01-16,125.28565216064453
2019-01-17,118.65620422363281
2019-01-18,111.43614196777344
2019-01-19,105.0992431640625
2019-01-20,99.2525634765625
2019-01-21,92.81144714355469
2019-01-22,87.41902160644531
2019-01-23,84.59693908691406
2019-01-24,106.97992706298828
2019-01-25,234.21624755859375
2019-01-26,466.495849609375
2019-01-27,560.62353515625
2019-01-28,470.6332702636719
2019-01-29,374.22052001953125
2019-01-30,309.2599182128906
2019-01-31,260.5100402832031
2019-02-01,222.3312530517578
2019-02-02,193.5155792236328
2019-02-03,174.430908203125
2019-02-04,163.90989685058594
2019-02-05,166.71597290039062
2019-02-06,186.1972198486328
2019-02-07,208.04336547851562
2019-02-08,216.1905517578125
2019-02-09,225.1259765625
2019-02-10,226.4828338623047
2019-02-11,211.17904663085938
2019-02-12,189.72122192382812
2019-02-13,173.11688232421875
2019-02-14,166.54409790039062
2019-02-15,162.78781127929688
2019-02-16,159.2894287109375
2019-02-17,156.4679412841797
2019-02-18,147.41807556152344
2019-02-19,135.8937530517578
2019-02-20,126.3404541015625
2019-02-21,121.0645751953125
2019-02-22,122.3270034790039
2019-02-23,124.89088439941406
2019-02-24,123.13336944580078
2019-02-25,124.2391357421875
2019-02-26,127.28544616699219
2019-02-27,121.52999877929688
2019-02-28,112.703125
2019-03-01,106.31399536132812
2019-03-02,101.52230072021484
2019-03-03,98.43647766113281
2019-03-04,96.66578674316406
2019-03-05,94.27677917480469
2019-03-06,90.03994750976562
2019-03-07,86.07574462890625
2019-03-08,83.19273376464844
2019-03-09,81.58222961425781
2019-03-10,80.50064086914062
2019-03-11,81.16786193847656
2019-03-12,84.18323516845703
2019-03-13,86.25172424316406
2019-03-14,86.99329376220703
2019-03-15,95.29399108886719
2019-03-16,126.99452209472656
2019-03-17,183.6390380859375
2019-03-18,223.50253295898438
2019-03-19,220.03671264648438
2019-03-20,199.33795166015625
2019-03-21,181.55508422851562
2019-03-22,180.75717163085938
2019-03-23,205.53936767578125
2019-03-24,245.37986755371094
2019-03-25,264.41827392578125
2019-03-26,264.3858337402344
2019-03-27,255.94528198242188
2019-03-28,237.54713439941406
2019-03-29,229.06463623046875
2019-03-30,247.23695373535156
2019-03-31,294.7674865722656
2019-04-01,386.1959533691406
2019-04-02,464.2891540527344
2019-04-03,454.8213806152344
2019-04-04,399.9532775878906
2019-04-05,367.5270080566406
2019-04-06,337.75250244140625
2019-04-07,310.4056396484375
2019-04-08,310.8608093261719
2019-04-09,381.26361083984375
2019-04-10,512.7903442382812
2019-04-11,518.9159545898438
2019-04-12,426.2110595703125
2019-04-13,357.6607971191406
2019-04-14,344.6925354003906
2019-04-15,397.06219482421875
2019-04-16,527.5932006835938
2019-04-17,696.5487670898438
2019-04-18,668.7679443359375
2019-04-19,526.5421142578125
2019-04-20,428.5354309082031
2019-04-21,455.8384704589844
2019-04-22,653.0599365234375
2019-04-23,737.4711303710938
2019-04-24,651.7412109375
2019-04-25,572.4921264648438
2019-04-26,513.6586303710938
2019-04-27,517.360595703125
2019-04-28,741.6519165039062
2019-04-29,892.927978515625
2019-04-30,769.8330688476562
2019-05-01,592.23193359375
2019-05-02,469.49462890625
2019-05-03,405.2485656738281
2019-05-04,399.9300231933594
2019-05-05,422.21185302734375
2019-05-06,411.76416015625
2019-05-07,369.38531494140625
2019-05-08,321.25732421875
2019-05-09,284.7398376464844
2019-05-10,254.5746307373047
2019-05-11,238.05828857421875
2019-05-12,274.75787353515625
2019-05-13,302.28509521484375
2019-05-14,272.0629577636719
2019-05-15,252.76806640625
2019-05-16,257.4007873535156
2019-05-17,252.29324340820312
2019-05-18,233.86251831054688
2019-05-19,220.07078552246094
2019-05-20,207.93087768554688
2019-05-21,203.43997192382812
2019-05-22,237.39688110351562
2019-05-23,243.0277862548828
2019-05-24,210.9940948486328
2019-05-25,182.80259704589844
2019-05-26,169.89950561523438
2019-05-27,162.92123413085938
2019-05-28,164.0932159423828
2019-05-29,177.6385040283203
2019-05-30,206.21421813964844
2019-05-31,220.14306640625
2019-06-01,202.77101135253906
2019-06-02,175.2204132080078
2019-06-03,156.33047485351562
2019-06-04,149.1403350830078
2019-06-05,139.2708282470703
2019-06-06,135.28677368164062
2019-06-07,161.66363525390625
2019-06-08,201.42071533203125
2019-06-09,193.44972229003906
2019-06-10,158.0482177734375
2019-06-11,131.31207275390625
2019-06-12,127.91162872314453
2019-06-13,149.77090454101562
2019-06-14,163.34593200683594
2019-06-15,153.5228729248047
2019-06-16,139.64373779296875
2019-06-17,129.47438049316406
2019-06-18,127.57341003417969
2019-06-19,120.73164367675781
2019-06-20,107.3250503540039
2019-06-21,104.07206726074219
2019-06-22,127.3138656616211
2019-06-23,156.6518096923828
2019-06-24,146.9921417236328
2019-06-25,121.11029815673828
2019-06-26,107.43120574951172
2019-06-27,114.96239471435547
2019-06-28,126.22269439697266
2019-06-29,128.20860290527344
2019-06-30,122.09410858154297
2019-07-01,118.03560638427734
2019-07-02,132.24363708496094
2019-07-03,133.41650390625
2019-07-04,111.65896606445312
2019-07-05,89.97335052490234
2019-07-06,75.16845703125
2019-07-07,66.6207275390625
2019-07-08,63.49039077758789
2019-07-09,60.659812927246094
2019-07-10,53.82211685180664
2019-07-11,47.640846252441406
2019-07-12,46.58325958251953
2019-07-13,58.695152282714844
2019-07-14,85.55339050292969
2019-07-15,87.48275756835938
2019-07-16,70.7828140258789
2019-07-17,56.61288833618164
2019-07-18,48.10322952270508
2019-07-19,44.5003776550293
2019-07-20,42.30372619628906
2019-07-21,38.15760040283203
2019-07-22,34.527488708496094
2019-07-23,37.03567886352539
2019-07-24,50.62120819091797
2019-07-25,61.33409118652344
2019-07-26,56.48384475708008
2019-07-27,45.82527542114258
2019-07-28,38.135562896728516
2019-07-29,33.18576431274414
2019-07-30,29.903987884521484
2019-07-31,27.64963722229004
2019-08-01,26.4102840423584
2019-08-02,25.784793853759766
2019-08-03,24.184356689453125
2019-08-04,22.303272247314453
2019-08-05,20.793779373168945
2019-08-06,19.27647590637207
2019-08-07,18.082021713256836
2019-08-08,18.559642791748047
2019-08-09,21.06952667236328
2019-08-10,24.01805877685547
2019-08-11,24.193220138549805
2019-08-12,22.130382537841797
2019-08-13,20.163074493408203
2019-08-14,18.896896362304688
2019-08-15,18.314502716064453
2019-08-16,17.63837242126465
2019-08-17,16.85446548461914
2019-08-18,17.5588436126709
2019-08-19,20.502784729003906
2019-08-20,24.93164825439453
2019-08-21,27.77519416809082
2019-08-22,29.072673797607422
2019-08-23,32.92424011230469
2019-08-24,34.45709991455078
2019-08-25,29.262243270874023
2019-08-26,23.821931838989258
2019-08-27,20.430049896240234
2019-08-28,18.270832061767578
2019-08-29,18.313865661621094
2019-08-30,22.447965621948242
2019-08-31,27.790424346923828
2019-09-01,27.96161651611328
2019-09-02,23.9030818939209
2019-09-03,22.26218032836914
2019-09-04,29.73492431640625
2019-09-05,37.49000930786133
2019-09-06,33.18031692504883
2019-09-07,26.982120513916016
2019-09-08,23.679147720336914
2019-09-09,22.00663185119629
2019-09-10,20.438465118408203
2019-09-11,18.857009887695312
2019-09-12,17.77656364440918
2019-09-13,17.87701416015625
2019-09-14,18.266237258911133
2019-09-15,17.524463653564453
2019-09-16,16.543163299560547
2019-09-17,15.92930793762207
2019-09-18,15.120521545410156
2019-09-19,14.237242698669434
2019-09-20,13.473653793334961
2019-09-21,12.847099304199219
2019-09-22,12.378540992736816
2019-09-23,11.935129165649414
2019-09-24,11.498072624206543
2019-09-25,11.307415008544922
2019-09-26,12.334210395812988
2019-09-27,13.66808795928955
2019-09-28,14.214641571044922
2019-09-29,14.238208770751953
2019-09-30,13.38869857788086
2019-10-01,12.528923034667969
2019-10-02,12.12642765045166
2019-10-03,12.733360290527344
2019-10-04,15.436049461364746
2019-10-05,17.179515838623047
2019-10-06,16.893070220947266
2019-10-07,16.182422637939453
2019-10-08,16.170143127441406
2019-10-09,20.26915740966797
2019-10-10,25.515485763549805
2019-10-11,24.002750396728516
2019-10-12,20.541290283203125
2019-10-13,18.50478744506836
2019-10-14,17.24432373046875
2019-10-15,16.40514373779297
2019-10-16,15.598108291625977
2019-10-17,18.46320343017578
2019-10-18,37.84278869628906
2019-10-19,67.55889129638672
2019-10-20,76.94412231445312
2019-10-21,60.63520050048828
2019-10-22,44.64900207519531
2019-10-23,37.51393127441406
2019-10-24,38.355133056640625
2019-10-25,44.806190490722656
2019-10-26,47.503719329833984
2019-10-27,45.008583068847656
2019-10-28,56.86412048339844
2019-10-29,91.65330505371094
2019-10-30,111.61761474609375
2019-10-31,100.04209899902344
2019-11-01,87.24578857421875
2019-11-02,111.81671142578125
2019-11-03,175.95449829101562
2019-11-04,159.95298767089844
2019-11-05,116.87674713134766
2019-11-06,91.20507049560547
2019-11-07,77.56702423095703
2019-11-08,70.29141235351562
2019-11-09,66.43260955810547
2019-11-10,63.38119125366211
2019-11-11,58.80402374267578
2019-11-12,54.97083282470703
2019-11-13,53.940086364746094
2019-11-14,53.6356315612793
2019-11-15,51.224578857421875
2019-11-16,48.64947509765625
2019-11-17,46.93583297729492
2019-11-18,44.93086242675781
2019-11-19,43.56963348388672
2019-11-20,47.04340744018555
2019-11-21,59.17273712158203
2019-11-22,71.8232192993164
2019-11-23,74.42264556884766
2019-11-24,77.46638488769531
2019-11-25,107.0239486694336
2019-11-26,175.9052276611328
2019-11-27,218.4110870361328
2019-11-28,214.01995849609375
2019-11-29,210.9803466796875
2019-11-30,214.30108642578125
2019-12-01,191.5925750732422
2019-12-02,158.96597290039062
2019-12-03,137.59939575195312
2019-12-04,125.29232788085938
2019-12-05,116.91492462158203
2019-12-06,110.060791015625
2019-12-07,102.98145294189453
2019-12-08,95.30755615234375
2019-12-09,91.6090087890625
2019-12-10,115.37181091308594
2019-12-11,198.2113494873047
2019-12-12,288.30303955078125
2019-12-13,294.3905944824219
2019-12-14,269.4819030761719
2019-12-15,387.10333251953125
2019-12-16,632.1417846679688
2019-12-17,692.7870483398438
2019-12-18,544.8050537109375
2019-12-19,408.00811767578125
2019-12-20,322.9168701171875
2019-12-21,264.06182861328125
2019-12-22,221.998291015625
2019-12-23,192.90878295898438
2019-12-24,175.93287658691406
2019-12-25,165.6702880859375
2019-12-26,153.36865234375
2019-12-27,139.3699188232422
2019-12-28,130.74806213378906
2019-12-29,130.20127868652344
2019-12-30,132.31094360351562
2019-12-31,143.73165893554688
2020-01-01,160.51254272460938
2020-01-02,163.939453125
2020-01-03,158.61611938476562
2020-01-04,159.36343383789062
2020-01-05,175.58712768554688
2020-01-06,191.92733764648438
2020-01-07,184.75628662109375
2020-01-08,167.38339233398438
2020-01-09,152.65377807617188
2020-01-10,137.73980712890625
2020-01-11,129.3452606201172
2020-01-12,148.18072509765625
2020-01-13,225.3154296875
2020-01-14,312.4050598144531
2020-01-15,303.0272521972656
2020-01-16,254.3575439453125
2020-01-17,222.26431274414062
2020-01-18,198.72755432128906
2020-01-19,175.67420959472656
2020-01-20,160.37326049804688
2020-01-21,148.158935546875
2020-01-22,135.3131103515625
2020-01-23,124.48075103759766
2020-01-24,116.53111267089844
2020-01-25,111.5648193359375
2020-01-26,117.43621063232422
2020-01-27,147.63490295410156
2020-01-28,185.81832885742188
2020-01-29,197.7624969482422
2020-01-30,184.39306640625
2020-01-31,161.28619384765625
2020-02-01,141.45083618164062
2020-02-02,129.65850830078125
2020-02-03,122.22760772705078
2020-02-04,115.45144653320312
2020-02-05,110.0870361328125
2020-02-06,105.63998413085938
2020-02-07,102.61279296875
2020-02-08,101.60794830322266
2020-02-09,98.23421478271484
2020-02-10,93.71241760253906
2020-02-11,95.78826904296875
2020-02-12,102.05530548095703
2020-02-13,105.34847259521484
2020-02-14,104.58918762207031
2020-02-15,99.4686279296875
2020-02-16,91.95101928710938
2020-02-17,88.40975189208984
2020-02-18,86.54798889160156
2020-02-19,84.92030334472656
2020-02-20,83.42638397216797
2020-02-21,79.32318115234375
2020-02-22,74.85765075683594
2020-02-23,73.30554962158203
2020-02-24,73.40129852294922
2020-02-25,75.78828430175781
2020-02-26,85.07118225097656
2020-02-27,120.76959991455078
2020-02-28,201.46310424804688
2020-02-29,258.32708740234375
2020-03-01,248.56121826171875
2020-03-02,212.07965087890625
2020-03-03,184.89443969726562
2020-03-04,187.6206817626953
2020-03-05,226.467041015625
2020-03-06,280.73809814453125
2020-03-07,294.9588623046875
2020-03-08,266.7422180175781
2020-03-09,236.74545288085938
2020-03-10,229.1863555908203
2020-03-11,249.15115356445312
2020-03-12,284.26556396484375
2020-03-13,306.1167907714844
2020-03-14,350.1374816894531
2020-03-15,441.9586486816406
2020-03-16,464.3392028808594
2020-03-17,387.920654296875
2020-03-18,305.01025390625
2020-03-19,257.4215087890625
2020-03-20,240.95693969726562
2020-03-21,249.5857696533203
2020-03-22,276.3913879394531
2020-03-23,290.4762268066406
2020-03-24,271.5020446777344
2020-03-25,258.52947998046875
2020-03-26,246.39007568359375
2020-03-27,225.9717254638672
2020-03-28,212.2791290283203
2020-03-29,209.98480224609375
2020-03-30,235.53359985351562
2020-03-31,312.2457275390625
2020-04-01,367.87640380859375
2020-04-02,351.61669921875
2020-04-03,344.3517150878906
2020-04-04,426.6308898925781
2020-04-05,538.0994873046875
2020-04-06,552.1544799804688
2020-04-07,484.9748840332031
2020-04-08,411.72906494140625
2020-04-09,361.72119140625
2020-04-10,399.4237060546875
2020-04-11,504.08721923828125
2020-04-12,505.52203369140625
2020-04-13,436.798095703125
2020-04-14,461.3272399902344
2020-04-15,656.0906372070312
2020-04-16,762.0415649414062
2020-04-17,618.870849609375
2020-04-18,456.5823974609375
2020-04-19,358.94677734375
2020-04-20,299.9074401855469
2020-04-21,265.7524108886719
2020-04-22,253.31280517578125
2020-04-23,255.95584106445312
2020-04-24,242.79237365722656
2020-04-25,218.8065185546875
2020-04-26,199.2509765625
2020-04-27,191.60177612304688
2020-04-28,210.9829864501953
2020-04-29,258.5980224609375
2020-04-30,273.38787841796875
2020-05-01,270.9731140136719
2020-05-02,356.719970703125
2020-05-03,497.0255126953125
2020-05-04,510.38983154296875
2020-05-05,419.9242248535156
2020-05-06,335.85198974609375
2020-05-07,276.120361328125
2020-05-08,232.02874755859375
2020-05-09,203.3363037109375
2020-05-10,188.02713012695312
2020-05-11,178.74761962890625
2020-05-12,173.12603759765625
2020-05-13,170.9923858642578
2020-05-14,164.35092163085938
2020-05-15,150.42135620117188
2020-05-16,142.18946838378906
2020-05-17,153.25469970703125
2020-05-18,172.92543029785156
2020-05-19,169.4907684326172
2020-05-20,152.0262908935547
2020-05-21,133.44273376464844
2020-05-22,118.04299926757812
2020-05-23,106.60038757324219
2020-05-24,97.6346435546875
2020-05-25,90.09033203125
2020-05-26,82.96399688720703
2020-05-27,77.28826904296875
2020-05-28,72.20014953613281
2020-05-29,67.26116180419922
2020-05-30,62.88987731933594
2020-05-31,59.51970291137695
2020-06-01,58.384422302246094
2020-06-02,56.860679626464844
2020-06-03,52.600730895996094
2020-06-04,49.158485412597656
2020-06-05,47.21442413330078
2020-06-06,45.434452056884766
2020-06-07,44.37327194213867
2020-06-08,44.499610900878906
2020-06-09,43.19004440307617
2020-06-10,39.996498107910156
2020-06-11,36.94761657714844
2020-06-12,35.80840301513672
2020-06-13,35.964447021484375
2020-06-14,35.010902404785156
2020-06-15,32.407928466796875
2020-06-16,29.92865753173828
2020-06-17,27.804534912109375
2020-06-18,25.751338958740234
2020-06-19,23.951705932617188
2020-06-20,22.481237411499023
2020-06-21,21.479358673095703
2020-06-22,21.13817024230957
2020-06-23,21.004072189331055
2020-06-24,20.301010131835938
2020-06-25,19.157333374023438
2020-06-26,18.179563522338867
2020-06-27,17.47519302368164
2020-06-28,16.85365104675293
2020-06-29,18.037113189697266
2020-06-30,27.086135864257812
2020-07-01,50.62074279785156
2020-07-02,78.77037048339844
2020-07-03,88.16169738769531
2020-07-04,74.50589752197266
2020-07-05,57.382225036621094
2020-07-06,46.881141662597656
2020-07-07,40.983306884765625
2020-07-08,36.155513763427734
2020-07-09,33.726104736328125
2020-07-10,36.18467330932617
2020-07-11,37.68915939331055
2020-07-12,35.57078170776367
2020-07-13,36.586570739746094
2020-07-14,40.389583587646484
2020-07-15,43.61101531982422
2020-07-16,52.66697692871094
2020-07-17,56.378990173339844
2020-07-18,48.21839904785156
2020-07-19,40.775238037109375
2020-07-20,36.39481735229492
2020-07-21,31.385568618774414
2020-07-22,26.971742630004883
2020-07-23,24.98259925842285
2020-07-24,28.44290542602539
2020-07-25,36.096736907958984
2020-07-26,37.59745788574219
2020-07-27,31.49478530883789
2020-07-28,25.832809448242188
2020-07-29,22.59935760498047
2020-07-30,21.055980682373047
2020-07-31,19.883682250976562
2020-08-01,18.71747589111328
2020-08-02,17.479028701782227
2020-08-03,16.10980987548828
2020-08-04,15.25222110748291
2020-08-05,15.47473430633545
2020-08-06,17.299137115478516
2020-08-07,20.680931091308594
2020-08-08,20.363264083862305
2020-08-09,17.79610824584961
2020-08-10,16.12211036682129
2020-08-11,14.887321472167969
2020-08-12,13.784099578857422
2020-08-13,12.826074600219727
2020-08-14,11.952428817749023
2020-08-15,11.179353713989258
2020-08-16,10.610349655151367
2020-08-17,10.21097183227539
2020-08-18,9.939959526062012
2020-08-19,9.77523136138916
2020-08-20,9.78788948059082
2020-08-21,9.674333572387695
2020-08-22,9.384464263916016
2020-08-23,9.296966552734375
2020-08-24,9.658234596252441
2020-08-25,10.204437255859375
2020-08-26,10.487648963928223
2020-08-27,10.540346145629883
2020-08-28,10.201391220092773
2020-08-29,9.822009086608887
2020-08-30,10.575021743774414
2020-08-31,13.540736198425293
2020-09-01,15.940651893615723
2020-09-02,15.07463264465332
2020-09-03,13.260148048400879
2020-09-04,12.673922538757324
2020-09-05,12.690343856811523
2020-09-06,12.024040222167969
2020-09-07,10.880757331848145
2020-09-08,9.947175979614258
2020-09-09,9.277385711669922
2020-09-10,8.82310676574707
2020-09-11,8.632182121276855
2020-09-12,8.492430686950684
2020-09-13,8.162246704101562
2020-09-14,7.798006534576416
2020-09-15,7.570795059204102
2020-09-16,7.385344505310059
2020-09-17,7.154892921447754
2020-09-18,6.949902057647705
2020-09-19,6.876603126525879
2020-09-20,6.919190406799316
2020-09-21,6.8672966957092285
2020-09-22,6.7191243171691895
2020-09-23,6.566950798034668
2020-09-24,6.469365119934082
2020-09-25,6.368398666381836
2020-09-26,6.281520843505859
2020-09-27,6.174527168273926
2020-09-28,6.085095405578613
2020-09-29,6.136765480041504
2020-09-30,6.549171447753906
2020-10-01,8.797053337097168
2020-10-02,16.387802124023438
2020-10-03,20.50396156311035
2020-10-04,17.71755027770996
2020-10-05,15.174877166748047
2020-10-06,13.037461280822754
2020-10-07,11.51440143585205
2020-10-08,10.884908676147461
2020-10-09,11.238494873046875
2020-10-10,11.98538875579834
2020-10-11,11.59378433227539
2020-10-12,11.322831153869629
2020-10-13,13.555562973022461
2020-10-14,18.527137756347656
2020-10-15,31.661174774169922
2020-10-16,42.588905334472656
2020-10-17,40.458831787109375
2020-10-18,63.39869689941406
2020-10-19,105.02617645263672
2020-10-20,95.38609313964844
2020-10-21,66.16795349121094
2020-10-22,50.856773376464844
2020-10-23,46.29487609863281
2020-10-24,42.040977478027344
2020-10-25,36.86854934692383
2020-10-26,33.18998718261719
2020-10-27,31.148326873779297
2020-10-28,31.117570877075195
2020-10-29,33.42940902709961
2020-10-30,37.75482177734375
2020-10-31,47.00182342529297
2020-11-01,52.115928649902344
2020-11-02,49.34756088256836
2020-11-03,46.87315368652344
2020-11-04,46.45329284667969
2020-11-05,44.71217727661133
2020-11-06,42.07564163208008
2020-11-07,41.0217170715332
2020-11-08,41.23723602294922
2020-11-09,40.60865020751953
2020-11-10,38.7234992980957
2020-11-11,36.490875244140625
2020-11-12,34.54387283325195
2020-11-13,34.43973159790039
2020-11-14,35.91315460205078
2020-11-15,36.01835632324219
2020-11-16,35.638084411621094
2020-11-17,42.1129150390625
2020-11-18,65.22038269042969
2020-11-19,76.29253387451172
2020-11-20,66.34480285644531
2020-11-21,55.779815673828125
2020-11-22,51.06125259399414
2020-11-23,50.39866638183594
2020-11-24,60.864131927490234
2020-11-25,110.17539978027344
2020-11-26,127.82412719726562
2020-11-27,118.55730438232422
2020-11-28,129.02755737304688
2020-11-29,141.27386474609375
2020-11-30,141.28121948242188
2020-12-01,162.49566650390625
2020-12-02,296.25177001953125
2020-12-03,523.0914306640625
2020-12-04,466.8291320800781
2020-12-05,319.641845703125
2020-12-06,270.37518310546875
2020-12-07,284.4043884277344
2020-12-08,271.09564208984375
2020-12-09,228.937255859375
2020-12-10,192.52749633789062
2020-12-11,167.47824096679688
2020-12-12,151.305908203125
2020-12-13,141.87060546875
2020-12-14,138.12567138671875
2020-12-15,137.4378662109375
2020-12-16,131.06045532226562
2020-12-17,117.92097473144531
2020-12-18,108.06044006347656
2020-12-19,101.26737976074219
2020-12-20,94.79864501953125
2020-12-21,90.18242645263672
2020-12-22,87.58466339111328
2020-12-23,85.37464904785156
2020-12-24,82.67227172851562
2020-12-25,111.24948120117188
2020-12-26,316.7431945800781
2020-12-27,736.85400390625
2020-12-28,837.7733764648438
2020-12-29,609.8978881835938
2020-12-30,423.09881591796875
2020-12-31,322.1454772949219
2021-01-01,261.2398986816406
2021-01-02,225.58602905273438
2021-01-03,212.19235229492188
2021-01-04,206.7886962890625
2021-01-05,193.3532257080078
2021-01-06,176.91110229492188
2021-01-07,161.26988220214844
2021-01-08,146.57540893554688
2021-01-09,133.32669067382812
2021-01-10,122.08130645751953
2021-01-11,112.85175323486328
2021-01-12,104.80868530273438
2021-01-13,98.18692779541016
2021-01-14,93.50238800048828
2021-01-15,89.79183197021484
2021-01-16,103.9408950805664
2021-01-17,182.99351501464844
2021-01-18,301.3105163574219
2021-01-19,334.50787353515625
2021-01-20,289.66412353515625
2021-01-21,238.820556640625
2021-01-22,199.48565673828125
2021-01-23,171.65707397460938
2021-01-24,151.66746520996094
2021-01-25,134.3391571044922
2021-01-26,121.36860656738281
2021-01-27,112.60457611083984
2021-01-28,106.0369873046875
2021-01-29,99.31681060791016
2021-01-30,91.57801055908203
2021-01-31,84.68479919433594
2021-02-01,79.75218200683594
2021-02-02,76.46499633789062
2021-02-03,75.92752075195312
2021-02-04,76.48412322998047
2021-02-05,75.5543212890625
2021-02-06,74.25369262695312
2021-02-07,72.72412109375
2021-02-08,70.5251235961914
2021-02-09,67.50226593017578
2021-02-10,65.00979614257812
2021-02-11,63.279903411865234
2021-02-12,61.516845703125
2021-02-13,59.32685089111328
2021-02-14,57.944313049316406
2021-02-15,57.11409378051758
2021-02-16,56.54112243652344
2021-02-17,57.91215515136719
2021-02-18,59.974159240722656
2021-02-19,59.58778381347656
2021-02-20,58.63712692260742
2021-02-21,58.140716552734375
2021-02-22,57.13916778564453
2021-02-23,56.939815521240234
2021-02-24,59.44587326049805
2021-02-25,65.40402221679688
2021-02-26,72.78285217285156
2021-02-27,77.93998718261719
2021-02-28,82.03691101074219
2021-03-01,90.57284545898438
2021-03-02,103.61883544921875
2021-03-03,112.71733093261719
2021-03-04,113.50157165527344
2021-03-05,108.9778823852539
2021-03-06,101.25823974609375
2021-03-07,94.00602722167969
2021-03-08,88.98431396484375
2021-03-09,86.3538818359375
2021-03-10,87.68043518066406
2021-03-11,98.65113067626953
2021-03-12,136.88232421875
2021-03-13,222.4892120361328
2021-03-14,312.9646301269531
2021-03-15,337.46685791015625
2021-03-16,295.4971618652344
2021-03-17,244.07876586914062
2021-03-18,215.71531677246094
2021-03-19,218.95848083496094
2021-03-20,233.72738647460938
2021-03-21,233.81553649902344
2021-03-22,233.83627319335938
2021-03-23,253.1997528076172
2021-03-24,290.59246826171875
2021-03-25,343.9193115234375
2021-03-26,424.54791259765625
2021-03-27,541.8883056640625
2021-03-28,685.3964233398438
2021-03-29,765.20947265625
2021-03-30,787.616943359375
2021-03-31,687.5010375976562
2021-04-01,548.8243408203125
2021-04-02,515.6575927734375
2021-04-03,547.7177124023438
2021-04-04,493.25079345703125
2021-04-05,395.9836730957031
2021-04-06,328.8343505859375
2021-04-07,290.97943115234375
2021-04-08,265.4764404296875
2021-04-09,244.61004638671875
2021-04-10,225.9170379638672
2021-04-11,209.9315948486328
2021-04-12,196.62420654296875
2021-04-13,183.74124145507812
2021-04-14,169.7301483154297
2021-04-15,158.22752380371094
2021-04-16,162.63157653808594
2021-04-17,217.66905212402344
2021-04-18,293.442626953125
2021-04-19,311.80023193359375
2021-04-20,277.60369873046875
2021-04-21,246.23464965820312
2021-04-22,256.9159851074219
2021-04-23,277.2664489746094
2021-04-24,261.98828125
2021-04-25,233.25537109375
2021-04-26,212.1103515625
2021-04-27,194.93589782714844
2021-04-28,180.80369567871094
2021-04-29,194.91522216796875
2021-04-30,326.1564025878906
2021-05-01,672.8489990234375
2021-05-02,965.3992919921875
2021-05-03,852.341552734375
2021-05-04,607.8223876953125
2021-05-05,461.33013916015625
2021-05-06,444.0068054199219
2021-05-07,479.15179443359375
2021-05-08,460.3276062011719
2021-05-09,384.05975341796875
2021-05-10,316.5138244628906
2021-05-11,275.1055908203125
2021-05-12,245.6654815673828
2021-05-13,218.50843811035156
2021-05-14,193.41641235351562
2021-05-15,172.06155395507812
2021-05-16,155.0409698486328
2021-05-17,142.54537963867188
2021-05-18,134.36317443847656
2021-05-19,127.42778778076172
2021-05-20,119.26226043701172
2021-05-21,109.30067443847656
2021-05-22,99.95840454101562
2021-05-23,94.39047241210938
2021-05-24,91.52758026123047
2021-05-25,86.82450866699219
2021-05-26,79.98726654052734
2021-05-27,77.08744049072266
2021-05-28,79.6162338256836
2021-05-29,90.43929290771484
2021-05-30,123.70689392089844
2021-05-31,169.54164123535156
2021-06-01,205.75506591796875
2021-06-02,215.91139221191406
2021-06-03,193.59942626953125
2021-06-04,159.38565063476562
2021-06-05,136.1167449951172
2021-06-06,126.66845703125
2021-06-07,118.53812408447266
2021-06-08,104.13760375976562
2021-06-09,92.67709350585938
2021-06-10,90.60454559326172
2021-06-11,90.3347396850586
2021-06-12,83.77003479003906
2021-06-13,75.40484619140625
2021-06-14,69.4745101928711
2021-06-15,69.08470153808594
2021-06-16,74.11845397949219
2021-06-17,74.81330871582031
2021-06-18,68.41413116455078
2021-06-19,59.87997817993164
2021-06-20,53.40964889526367
2021-06-21,49.54747772216797
2021-06-22,46.61745834350586
2021-06-23,46.44171905517578
2021-06-24,51.92586135864258
2021-06-25,54.56501388549805
2021-06-26,48.92348861694336
2021-06-27,42.464820861816406
2021-06-28,38.232444763183594
2021-06-29,35.23231506347656
2021-06-30,32.95954895019531
2021-07-01,32.67866134643555
2021-07-02,39.86125183105469
2021-07-03,68.74837493896484
2021-07-04,108.98338317871094
2021-07-05,137.5503692626953
2021-07-06,142.0225067138672
2021-07-07,124.44093322753906
2021-07-08,100.37390899658203
2021-07-09,101.52062225341797
2021-07-10,157.3490447998047
2021-07-11,218.60446166992188
2021-07-12,216.40347290039062
2021-07-13,200.51832580566406
2021-07-14,210.4112091064453
2021-07-15,212.02857971191406
2021-07-16,194.1604461669922
2021-07-17,163.67242431640625
2021-07-18,144.25933837890625
2021-07-19,175.82122802734375
2021-07-20,251.50941467285156
2021-07-21,283.82757568359375
2021-07-22,260.5635070800781
2021-07-23,239.41732788085938
2021-07-24,213.7672576904297
2021-07-25,175.60975646972656
2021-07-26,145.50942993164062
2021-07-27,131.55250549316406
2021-07-28,127.64144897460938
2021-07-29,130.08468627929688
2021-07-30,154.8212890625
2021-07-31,238.3621826171875
2021-08-01,298.3537902832031
2021-08-02,266.2063293457031
2021-08-03,216.1721954345703
2021-08-04,190.7364959716797
2021-08-05,168.47760009765625
2021-08-06,141.26123046875
2021-08-07,119.50337982177734
2021-08-08,103.46490478515625
2021-08-09,92.09452819824219
2021-08-10,84.91178131103516
2021-08-11,78.98262786865234
2021-08-12,72.18130493164062
2021-08-13,66.80503845214844
2021-08-14,63.392513275146484
2021-08-15,59.61057662963867
2021-08-16,55.49123001098633
2021-08-17,51.06505584716797
2021-08-18,46.378997802734375
2021-08-19,44.096923828125
2021-08-20,48.501922607421875
2021-08-21,62.82255554199219
2021-08-22,70.98478698730469
2021-08-23,64.68177032470703
2021-08-24,60.43008804321289
2021-08-25,61.140953063964844
2021-08-26,59.15911102294922
2021-08-27,52.9212760925293
2021-08-28,46.513206481933594
2021-08-29,41.553680419921875
2021-08-30,37.9682731628418
2021-08-31,35.67559051513672
2021-09-01,34.50086212158203
2021-09-02,49.91990280151367
2021-09-03,125.49671936035156
2021-09-04,171.89492797851562
2021-09-05,149.44068908691406
2021-09-06,111.23480224609375
2021-09-07,86.04755401611328
2021-09-08,72.04463195800781
2021-09-09,64.06855773925781
2021-09-10,72.4569091796875
2021-09-11,103.58477020263672
2021-09-12,120.82344818115234
2021-09-13,106.7908935546875
2021-09-14,90.5688247680664
2021-09-15,79.43671417236328
2021-09-16,74.96345520019531
2021-09-17,83.62556457519531
2021-09-18,94.69947814941406
2021-09-19,89.61093139648438
2021-09-20,77.59274291992188
2021-09-21,67.39888763427734
2021-09-22,59.406402587890625
2021-09-23,53.782962799072266
2021-09-24,50.552581787109375
2021-09-25,52.787071228027344
2021-09-26,64.4693603515625
2021-09-27,70.72198486328125
2021-09-28,64.34293365478516
2021-09-29,57.78022003173828
2021-09-30,53.56645584106445
2021-10-01,49.64466094970703
2021-10-02,46.17657470703125
2021-10-03,43.7685546875
2021-10-04,43.02207565307617
2021-10-05,48.82986831665039
2021-10-06,60.87984085083008
2021-10-07,67.14735412597656
2021-10-08,63.02383804321289
2021-10-09,56.21686553955078
2021-10-10,51.12590408325195
2021-10-11,47.74213409423828
2021-10-12,45.35484313964844
2021-10-13,43.35002136230469
2021-10-14,41.2843017578125
2021-10-15,39.403133392333984
2021-10-16,38.04829788208008
2021-10-17,38.90227508544922
2021-10-18,45.146034240722656
2021-10-19,53.82782745361328
2021-10-20,55.04206085205078
2021-10-21,50.483306884765625
2021-10-22,45.772361755371094
2021-10-23,42.60437774658203
2021-10-24,41.3436164855957
2021-10-25,40.05506134033203
2021-10-26,41.07722473144531
2021-10-27,51.81423568725586
2021-10-28,73.83547973632812
2021-10-29,90.70370483398438
2021-10-30,90.12568664550781
2021-10-31,99.71586608886719
2021-11-01,184.10968017578125
2021-11-02,293.1544189453125
2021-11-03,296.04632568359375
2021-11-04,227.2894287109375
2021-11-05,173.00770568847656
2021-11-06,140.9576873779297
2021-11-07,120.0715560913086
2021-11-08,105.54019927978516
2021-11-09,95.37815856933594
2021-11-10,88.25090026855469
2021-11-11,83.66099548339844
2021-11-12,85.41204071044922
2021-11-13,113.96044921875
2021-11-14,188.82266235351562
2021-11-15,234.60330200195312
2021-11-16,226.22679138183594
2021-11-17,206.19793701171875
2021-11-18,180.01873779296875
2021-11-19,154.95077514648438
2021-11-20,146.02383422851562
2021-11-21,150.11575317382812
2021-11-22,144.0615234375
2021-11-23,135.66360473632812
2021-11-24,136.5028533935547
2021-11-25,132.37210083007812
2021-11-26,121.22859191894531
2021-11-27,114.49578857421875
2021-11-28,114.82916259765625
2021-11-29,113.52546691894531
2021-11-30,106.9080810546875
2021-12-01,99.93141174316406
2021-12-02,94.41830444335938
2021-12-03,93.92471313476562
2021-12-04,100.20813751220703
2021-12-05,104.26305389404297
2021-12-06,99.08586883544922
2021-12-07,95.05657196044922
2021-12-08,103.03795623779297
2021-12-09,118.35799407958984
2021-12-10,116.22962951660156
2021-12-11,107.72532653808594
2021-12-12,121.83387756347656
2021-12-13,195.8221893310547
2021-12-14,273.6213073730469
2021-12-15,264.5539245605469
2021-12-16,220.23297119140625
2021-12-17,190.1961212158203
2021-12-18,187.40916442871094
2021-12-19,197.635009765625
2021-12-20,198.19833374023438
2021-12-21,183.22088623046875
2021-12-22,164.84793090820312
2021-12-23,157.07960510253906
2021-12-24,154.36312866210938
2021-12-25,144.40855407714844
2021-12-26,133.933349609375
2021-12-27,129.2967529296875
2021-12-28,125.44515228271484
2021-12-29,121.31202697753906
2021-12-30,119.08525085449219
2021-12-31,118.83390045166016
2022-01-01,122.50150299072266
2022-01-02,135.24237060546875
2022-01-03,158.4097442626953
2022-01-04,169.3340301513672
2022-01-05,157.44129943847656
2022-01-06,143.77565002441406
2022-01-07,137.21209716796875
2022-01-08,129.7072296142578
2022-01-09,119.14756774902344
2022-01-10,111.58009338378906
2022-01-11,107.67082977294922
2022-01-12,101.13059997558594
2022-01-13,94.00785827636719
2022-01-14,90.4190902709961
2022-01-15,86.8842544555664
2022-01-16,80.72064208984375
2022-01-17,80.72916412353516
2022-01-18,103.28427124023438
2022-01-19,131.08143615722656
2022-01-20,136.5314178466797
2022-01-21,128.16061401367188
2022-01-22,115.55250549316406
2022-01-23,103.19720458984375
2022-01-24,94.95018768310547
2022-01-25,89.32920837402344
2022-01-26,84.56527709960938
2022-01-27,79.71765899658203
2022-01-28,74.81350708007812
2022-01-29,71.34425354003906
2022-01-30,68.87039947509766
2022-01-31,66.01701354980469
2022-02-01,63.78486251831055
2022-02-02,62.47607421875
2022-02-03,64.6710433959961
2022-02-04,96.28287506103516
2022-02-05,177.58145141601562
2022-02-06,233.09158325195312
2022-02-07,230.39071655273438
2022-02-08,209.86351013183594
2022-02-09,198.32598876953125
2022-02-10,194.55307006835938
2022-02-11,187.2655029296875
2022-02-12,184.88427734375
2022-02-13,192.40087890625
2022-02-14,195.05618286132812
2022-02-15,182.84739685058594
2022-02-16,163.69027709960938
2022-02-17,153.69952392578125
2022-02-18,200.46571350097656
2022-02-19,336.61322021484375
2022-02-20,407.47930908203125
2022-02-21,372.39959716796875
2022-02-22,316.754150390625
2022-02-23,302.2527160644531
2022-02-24,345.5396728515625
2022-02-25,378.53814697265625
2022-02-26,350.1673583984375
2022-02-27,296.96746826171875
2022-02-28,257.693115234375
2022-03-01,227.88328552246094
2022-03-02,204.6562042236328
2022-03-03,189.5889129638672
2022-03-04,175.01992797851562
2022-03-05,159.0270538330078
2022-03-06,152.15936279296875
2022-03-07,184.14776611328125
2022-03-08,333.2929382324219
2022-03-09,574.9296264648438
2022-03-10,641.7536010742188
2022-03-11,531.4971923828125
2022-03-12,431.3564147949219
2022-03-13,398.3411865234375
2022-03-14,392.5519714355469
2022-03-15,362.85504150390625
2022-03-16,338.6593933105469
2022-03-17,351.13653564453125
2022-03-18,395.654296875
2022-03-19,440.0505065917969
2022-03-20,483.8511047363281
2022-03-21,548.911376953125
2022-03-22,583.80419921875
2022-03-23,522.2361450195312
2022-03-24,418.5914306640625
2022-03-25,350.9413757324219
2022-03-26,346.5185546875
2022-03-27,369.6766052246094
2022-03-28,363.0046081542969
2022-03-29,322.46185302734375
2022-03-30,272.0891418457031
2022-03-31,231.92562866210938
2022-04-01,220.76898193359375
2022-04-02,288.9007568359375
2022-04-03,404.146728515625
2022-04-04,409.08697509765625
2022-04-05,342.0726013183594
2022-04-06,291.373779296875
2022-04-07,259.4183349609375
2022-04-08,258.5011291503906
2022-04-09,340.3970947265625
2022-04-10,462.26922607421875
2022-04-11,491.7044677734375
2022-04-12,430.0274658203125
2022-04-13,361.704345703125
2022-04-14,323.49481201171875
2022-04-15,300.2236328125
2022-04-16,289.13934326171875
2022-04-17,296.2115173339844
2022-04-18,318.9397277832031
2022-04-19,333.4076232910156
2022-04-20,410.32427978515625
2022-04-21,505.75640869140625
2022-04-22,492.08642578125
2022-04-23,409.2282409667969
2022-04-24,338.947265625
2022-04-25,287.0792236328125
2022-04-26,248.33181762695312
2022-04-27,224.1162872314453
2022-04-28,215.54180908203125
2022-04-29,215.34884643554688
2022-04-30,206.62307739257812
2022-05-01,185.7231903076172
2022-05-02,165.90245056152344
2022-05-03,152.25949096679688
2022-05-04,149.92782592773438
2022-05-05,167.926025390625
2022-05-06,200.51217651367188
2022-05-07,207.97531127929688
2022-05-08,186.14324951171875
2022-05-09,162.3394775390625
2022-05-10,142.725341796875
2022-05-11,127.3627700805664
2022-05-12,115.7265625
2022-05-13,106.39108276367188
2022-05-14,98.94850158691406
2022-05-15,94.13436889648438
2022-05-16,98.31591033935547
2022-05-17,116.69610595703125
2022-05-18,138.3582763671875
2022-05-19,146.94326782226562
2022-05-20,135.88294982910156
2022-05-21,124.38249206542969
2022-05-22,117.4442367553711
2022-05-23,109.8151626586914
2022-05-24,106.08856201171875
2022-05-25,99.135009765625
2022-05-26,88.16031646728516
2022-05-27,79.11540222167969
2022-05-28,73.83840942382812
2022-05-29,73.2359848022461
2022-05-30,74.4771728515625
2022-05-31,71.54298400878906
2022-06-01,65.42914581298828
2022-06-02,61.89046859741211
2022-06-03,61.98869323730469
2022-06-04,64.61386108398438
2022-06-05,67.58038330078125
2022-06-06,66.3682861328125
2022-06-07,60.62630081176758
2022-06-08,54.747352600097656
2022-06-09,55.356319427490234
2022-06-10,69.89881896972656
2022-06-11,92.09312438964844
2022-06-12,94.89502716064453
2022-06-13,80.2403564453125
2022-06-14,69.13841247558594
2022-06-15,63.61507034301758
2022-06-16,57.79831314086914
2022-06-17,51.40275192260742
2022-06-18,46.45802307128906
2022-06-19,42.787193298339844
2022-06-20,40.251651763916016
2022-06-21,38.83992004394531
2022-06-22,36.6850700378418
2022-06-23,34.032936096191406
2022-06-24,32.02198028564453
2022-06-25,30.380413055419922
2022-06-26,28.530590057373047
2022-06-27,26.688236236572266
2022-06-28,25.617908477783203
2022-06-29,26.16305923461914
2022-06-30,26.81090545654297
2022-07-01,25.311321258544922
2022-07-02,23.60525894165039
2022-07-03,23.11370849609375
2022-07-04,23.884498596191406
2022-07-05,23.91398048400879
2022-07-06,23.2816162109375
2022-07-07,24.323657989501953
2022-07-08,25.291366577148438
2022-07-09,24.05573844909668
2022-07-10,21.705896377563477
2022-07-11,19.514934539794922
2022-07-12,17.776920318603516
2022-07-13,16.735095977783203
2022-07-14,16.369190216064453
2022-07-15,16.382144927978516
2022-07-16,16.048404693603516
2022-07-17,15.3706636428833
2022-07-18,14.597164154052734
2022-07-19,14.993612289428711
2022-07-20,17.95146942138672
2022-07-21,23.740663528442383
2022-07-22,23.987628936767578
2022-07-23,20.952178955078125
2022-07-24,18.36072540283203
2022-07-25,16.24068832397461
2022-07-26,15.940203666687012
2022-07-27,17.992977142333984
2022-07-28,19.284465789794922
2022-07-29,17.629894256591797
2022-07-30,16.38204002380371
2022-07-31,15.919844627380371
2022-08-01,14.74826431274414
2022-08-02,13.295592308044434
2022-08-03,12.135995864868164
2022-08-04,11.350459098815918
2022-08-05,10.912818908691406
2022-08-06,11.224614143371582
2022-08-07,12.237293243408203
2022-08-08,12.630622863769531
2022-08-09,12.204843521118164
2022-08-10,11.70242691040039
2022-08-11,11.391550064086914
2022-08-12,11.074935913085938
2022-08-13,10.574973106384277
2022-08-14,9.914480209350586
2022-08-15,9.325467109680176
2022-08-16,8.834758758544922
2022-08-17,8.429547309875488
2022-08-18,8.451898574829102
2022-08-19,9.504743576049805
2022-08-20,11.916899681091309
2022-08-21,13.140082359313965
2022-08-22,11.759151458740234
2022-08-23,10.80285358428955
2022-08-24,11.722185134887695
2022-08-25,13.935164451599121
2022-08-26,15.619190216064453
2022-08-27,15.863749504089355
2022-08-28,17.03946876525879
2022-08-29,17.812198638916016
2022-08-30,15.694153785705566
2022-08-31,13.346534729003906
2022-09-01,11.967439651489258
2022-09-02,11.350764274597168
2022-09-03,10.902231216430664
2022-09-04,10.093022346496582
2022-09-05,9.735868453979492
2022-09-06,13.618976593017578
2022-09-07,28.71783447265625
2022-09-08,43.824703216552734
2022-09-09,40.36711502075195
2022-09-10,29.510086059570312
2022-09-11,22.231094360351562
2022-09-12,18.277441024780273
2022-09-13,16.24492073059082
2022-09-14,16.219270706176758
2022-09-15,18.390907287597656
2022-09-16,19.63973617553711
2022-09-17,18.159162521362305
2022-09-18,15.94611644744873
2022-09-19,14.47829818725586
2022-09-20,16.363441467285156
2022-09-21,27.759323120117188
2022-09-22,43.784034729003906
2022-09-23,63.3139762878418
2022-09-24,95.416748046875
2022-09-25,102.77468872070312
2022-09-26,76.92869567871094
2022-09-27,56.04221725463867
2022-09-28,46.475563049316406
2022-09-29,40.128211975097656
2022-09-30,34.62779998779297
2022-10-01,30.434738159179688
2022-10-02,27.792943954467773
2022-10-03,26.49692153930664
2022-10-04,25.194032669067383
2022-10-05,23.79405975341797
2022-10-06,23.237045288085938
2022-10-07,23.203453063964844
2022-10-08,22.654592514038086
2022-10-09,21.633071899414062
2022-10-10,20.631702423095703
2022-10-11,19.74100112915039
2022-10-12,19.050737380981445
2022-10-13,18.568614959716797
2022-10-14,24.008174896240234
2022-10-15,63.49058532714844
2022-10-16,143.09828186035156
2022-10-17,157.41709899902344
2022-10-18,113.5322494506836
2022-10-19,85.28262329101562
2022-10-20,80.29269409179688
2022-10-21,77.14765167236328
2022-10-22,66.79114532470703
2022-10-23,56.94490051269531
2022-10-24,51.27286148071289
2022-10-25,51.98469924926758
2022-10-26,58.58936309814453
2022-10-27,66.79620361328125
2022-10-28,74.97378540039062
2022-10-29,74.79722595214844
2022-10-30,65.46526336669922
2022-10-31,56.72940444946289
2022-11-01,50.992279052734375
2022-11-02,47.52420425415039
2022-11-03,45.61216735839844
2022-11-04,43.94072723388672
2022-11-05,41.814109802246094
2022-11-06,39.942501068115234
2022-11-07,38.93328094482422
2022-11-08,39.420989990234375
2022-11-09,40.258697509765625
2022-11-10,39.641761779785156
2022-11-11,37.702362060546875
2022-11-12,39.38886260986328
2022-11-13,62.167579650878906
2022-11-14,114.4988784790039
2022-11-15,150.1449432373047
2022-11-16,137.1417999267578
2022-11-17,121.20186614990234
2022-11-18,127.15446472167969
2022-11-19,126.31120300292969
2022-11-20,112.15922546386719
2022-11-21,98.46530151367188
2022-11-22,87.47406005859375
2022-11-23,79.0634994506836
2022-11-24,73.54537200927734
2022-11-25,69.19607543945312
2022-11-26,65.92424011230469
2022-11-27,66.62334442138672
2022-11-28,75.40335083007812
2022-11-29,100.49467468261719
2022-11-30,132.3520965576172
2022-12-01,154.51251220703125
2022-12-02,210.09188842773438
2022-12-03,256.90625
2022-12-04,232.99032592773438
2022-12-05,219.99700927734375
2022-12-06,213.91256713867188
2022-12-07,190.72903442382812
2022-12-08,214.71067810058594
2022-12-09,294.0922546386719
2022-12-10,319.1534423828125
2022-12-11,272.065673828125
2022-12-12,218.11251831054688
2022-12-13,180.66683959960938
2022-12-14,155.37716674804688
2022-12-15,136.19912719726562
2022-12-16,125.51167297363281
2022-12-17,137.7742919921875
2022-12-18,173.48333740234375
2022-12-19,192.00059509277344
2022-12-20,181.44686889648438
2022-12-21,162.60287475585938
2022-12-22,145.1565704345703
2022-12-23,171.2313995361328
2022-12-24,377.4541015625
2022-12-25,633.698974609375
2022-12-26,634.935546875
2022-12-27,496.6271667480469
2022-12-28,383.7565612792969
2022-12-29,309.4768981933594
2022-12-30,261.4286804199219
2022-12-31,241.74685668945312
2023-01-01,255.89111328125
2023-01-02,305.55865478515625
2023-01-03,347.03546142578125
2023-01-04,335.360107421875
2023-01-05,303.69775390625
2023-01-06,292.18121337890625
2023-01-07,291.571044921875
2023-01-08,273.5474853515625
2023-01-09,242.79757690429688
2023-01-10,213.28868103027344
2023-01-11,189.55397033691406
2023-01-12,169.28292846679688
2023-01-13,165.37913513183594
2023-01-14,223.04647827148438
2023-01-15,329.6448974609375
2023-01-16,357.93896484375
2023-01-17,311.62054443359375
2023-01-18,267.59075927734375
2023-01-19,246.11505126953125
2023-01-20,240.67173767089844
2023-01-21,241.73394775390625
2023-01-22,230.95887756347656
2023-01-23,212.41114807128906
2023-01-24,202.74461364746094
2023-01-25,198.990966796875
2023-01-26,202.54440307617188
2023-01-27,236.08949279785156
2023-01-28,268.79730224609375
2023-01-29,266.788330078125
2023-01-30,251.51654052734375
2023-01-31,238.25222778320312
2023-02-01,219.05325317382812
2023-02-02,193.99281311035156
2023-02-03,172.42202758789062
2023-02-04,153.35531616210938
2023-02-05,136.05746459960938
2023-02-06,127.06814575195312
2023-02-07,122.26886749267578
2023-02-08,116.60302734375
2023-02-09,112.63275909423828
2023-02-10,115.36629486083984
2023-02-11,127.00202941894531
2023-02-12,140.01947021484375
2023-02-13,145.43141174316406
2023-02-14,144.7209014892578
2023-02-15,146.38397216796875
2023-02-16,156.58880615234375
2023-02-17,182.7671356201172
2023-02-18,219.7162628173828
2023-02-19,242.1220245361328
2023-02-20,228.811279296875
2023-02-21,213.8340606689453
2023-02-22,206.126953125
2023-02-23,194.6432647705078
2023-02-24,180.3883056640625
2023-02-25,165.3751678466797
2023-02-26,148.6802520751953
2023-02-27,135.58827209472656
2023-02-28,129.05551147460938
2023-03-01,126.00647735595703
2023-03-02,126.15758514404297
2023-03-03,133.2680206298828
2023-03-04,150.82150268554688
2023-03-05,173.84609985351562
2023-03-06,188.30673217773438
2023-03-07,191.15869140625
2023-03-08,185.19064331054688
2023-03-09,175.53392028808594
2023-03-10,168.12106323242188
2023-03-11,161.76364135742188
2023-03-12,156.19143676757812
2023-03-13,151.34375
2023-03-14,162.47792053222656
2023-03-15,202.63677978515625
2023-03-16,234.42205810546875
2023-03-17,239.9151611328125
2023-03-18,241.32264709472656
2023-03-19,248.9947509765625
2023-03-20,248.05812072753906
2023-03-21,234.9435272216797
2023-03-22,226.27789306640625
2023-03-23,232.6759796142578
2023-03-24,264.2123107910156
2023-03-25,323.3265075683594
2023-03-26,362.3211975097656
2023-03-27,366.0181579589844
2023-03-28,372.428955078125
2023-03-29,383.6785583496094
2023-03-30,373.96624755859375
2023-03-31,348.0152587890625
2023-04-01,324.904052734375
2023-04-02,343.2976989746094
2023-04-03,435.5276184082031
2023-04-04,503.805908203125
2023-04-05,496.5294189453125
2023-04-06,496.4878234863281
2023-04-07,504.6539001464844
2023-04-08,521.631591796875
2023-04-09,515.0196533203125
2023-04-10,449.8048095703125
2023-04-11,380.0253601074219
2023-04-12,354.30877685546875
2023-04-13,380.051025390625
2023-04-14,432.140380859375
2023-04-15,467.43328857421875
2023-04-16,485.3634338378906
2023-04-17,460.0523986816406
2023-04-18,402.2580261230469
2023-04-19,355.50927734375
2023-04-20,318.3708801269531
2023-04-21,269.0912170410156
2023-04-22,225.13839721679688
2023-04-23,202.87351989746094
2023-04-24,234.92103576660156
2023-04-25,314.796875
2023-04-26,363.1998596191406
2023-04-27,354.7488098144531
2023-04-28,315.63092041015625
2023-04-29,275.6980895996094
2023-04-30,253.0244903564453
2023-05-01,292.1548156738281
2023-05-02,500.77264404296875
2023-05-03,746.7904052734375
2023-05-04,780.2720947265625
2023-05-05,671.7688598632812
2023-05-06,538.0958862304688
2023-05-07,424.32745361328125
2023-05-08,342.1067199707031
2023-05-09,287.3072814941406
2023-05-10,245.6655731201172
2023-05-11,210.15951538085938
2023-05-12,182.9888916015625
2023-05-13,164.37847900390625
2023-05-14,150.55917358398438
2023-05-15,137.0140838623047
2023-05-16,123.62924194335938
2023-05-17,112.97474670410156
2023-05-18,104.3181381225586
2023-05-19,95.78340148925781
2023-05-20,89.20230865478516
2023-05-21,97.03180694580078
2023-05-22,122.55091094970703
2023-05-23,138.54006958007812
2023-05-24,130.77227783203125
2023-05-25,116.18043518066406
2023-05-26,106.67617797851562
2023-05-27,98.99707794189453
2023-05-28,89.07652282714844
2023-05-29,79.89263916015625
2023-05-30,72.6474380493164
2023-05-31,66.17237091064453
2023-06-01,60.20844268798828
2023-06-02,56.03631591796875
2023-06-03,55.09712600708008
2023-06-04,59.59283447265625
2023-06-05,67.22679901123047
2023-06-06,70.0586166381836
2023-06-07,67.90361022949219
2023-06-08,63.59664535522461
2023-06-09,60.369468688964844
2023-06-10,60.48979187011719
2023-06-11,61.61955642700195
2023-06-12,60.75176239013672
2023-06-13,56.90971755981445
2023-06-14,54.209354400634766
2023-06-15,57.05352783203125
2023-06-16,62.263572692871094
2023-06-17,65.30035400390625
2023-06-18,76.2638168334961
2023-06-19,103.75652313232422
2023-06-20,119.27020263671875
2023-06-21,105.49564361572266
2023-06-22,86.49657440185547
2023-06-23,72.70663452148438
2023-06-24,62.95694351196289
2023-06-25,59.118228912353516
2023-06-26,65.0649642944336
2023-06-27,82.91502380371094
2023-06-28,115.14049530029297
2023-06-29,164.6270751953125
2023-06-30,204.32716369628906
2023-07-01,196.44496154785156
2023-07-02,162.5048370361328
2023-07-03,168.34593200683594
2023-07-04,245.34959411621094
2023-07-05,316.510009765625
2023-07-06,318.31829833984375
2023-07-07,270.445556640625
2023-07-08,213.88189697265625
2023-07-09,176.283203125
2023-07-10,177.0693817138672
2023-07-11,301.8835144042969
2023-07-12,517.2288208007812
2023-07-13,542.4642333984375
2023-07-14,402.6856994628906
2023-07-15,299.4639892578125
2023-07-16,274.3354797363281
2023-07-17,326.1337585449219
2023-07-18,425.1215515136719
2023-07-19,435.96734619140625
2023-07-20,353.66961669921875
2023-07-21,275.4479064941406
2023-07-22,232.69578552246094
2023-07-23,222.71640014648438
2023-07-24,214.4210205078125
2023-07-25,187.00045776367188
2023-07-26,157.8907928466797
2023-07-27,136.28018188476562
2023-07-28,121.16605377197266
2023-07-29,113.72012329101562
2023-07-30,113.71466827392578
2023-07-31,117.20481872558594
2023-08-01,115.15170288085938
2023-08-02,103.5584945678711
2023-08-03,90.49349975585938
2023-08-04,81.43679809570312
2023-08-05,87.5174789428711
2023-08-06,114.6692123413086
2023-08-07,127.01557922363281
2023-08-08,118.05044555664062
2023-08-09,141.66427612304688
2023-08-10,198.31813049316406
2023-08-11,208.58773803710938
2023-08-12,172.62564086914062
2023-08-13,144.16098022460938
2023-08-14,127.71605682373047
2023-08-15,117.71372985839844
2023-08-16,116.23491668701172
2023-08-17,119.37877655029297
2023-08-18,118.04986572265625
2023-08-19,117.80096435546875
2023-08-20,120.1983871459961
2023-08-21,114.35897827148438
2023-08-22,101.42422485351562
2023-08-23,88.69872283935547
2023-08-24,78.39694213867188
2023-08-25,72.42677307128906
2023-08-26,80.54342651367188
2023-08-27,103.13163757324219
2023-08-28,112.64450073242188
2023-08-29,101.75560760498047
2023-08-30,89.37197875976562
2023-08-31,84.29219055175781
2023-09-01,86.55082702636719
2023-09-02,86.35462188720703
2023-09-03,77.115478515625
2023-09-04,68.36290740966797
2023-09-05,62.54591751098633
2023-09-06,57.29652786254883
2023-09-07,52.16688537597656
2023-09-08,48.393497467041016
2023-09-09,48.98366928100586
2023-09-10,58.23052215576172
2023-09-11,76.17169189453125
2023-09-12,97.85847473144531
2023-09-13,114.93897247314453
2023-09-14,126.10647583007812
2023-09-15,132.12069702148438
2023-09-16,123.83282470703125
2023-09-17,107.6032943725586
2023-09-18,102.3578109741211
2023-09-19,129.00035095214844
2023-09-20,197.38021850585938
2023-09-21,246.20565795898438
2023-09-22,219.76849365234375
2023-09-23,171.27212524414062
2023-09-24,141.40512084960938
2023-09-25,132.60055541992188
2023-09-26,133.30601501464844
2023-09-27,128.509765625
2023-09-28,115.24810791015625
2023-09-29,103.38079071044922
2023-09-30,108.97906494140625
2023-10-01,130.9151611328125
2023-10-02,136.60520935058594
2023-10-03,120.14872741699219
2023-10-04,102.03852844238281
2023-10-05,89.12403869628906
2023-10-06,80.35980987548828
2023-10-07,74.77955627441406
2023-10-08,73.77190399169922
2023-10-09,78.96638488769531
2023-10-10,84.67369079589844
2023-10-11,82.0553970336914
2023-10-12,74.75968933105469
2023-10-13,68.38519287109375
2023-10-14,63.4892692565918
2023-10-15,59.35719299316406
2023-10-16,56.115055084228516
2023-10-17,54.30889129638672
2023-10-18,53.98741149902344
2023-10-19,53.37582015991211
2023-10-20,51.54914855957031
2023-10-21,56.78451919555664
2023-10-22,95.41317749023438
2023-10-23,167.25436401367188
2023-10-24,216.6262664794922
2023-10-25,195.63674926757812
2023-10-26,151.52426147460938
2023-10-27,122.18648529052734
2023-10-28,105.47791290283203
2023-10-29,94.43782043457031
2023-10-30,92.9077377319336
2023-10-31,116.26506805419922
2023-11-01,153.83392333984375
2023-11-02,161.71755981445312
2023-11-03,144.6193084716797
2023-11-04,126.344482421875
2023-11-05,113.27535247802734
2023-11-06,104.84600830078125
2023-11-07,98.40492248535156
2023-11-08,93.03284454345703
2023-11-09,91.79539489746094
2023-11-10,92.39472198486328
2023-11-11,92.72016906738281
2023-11-12,92.04047393798828
2023-11-13,88.93855285644531
2023-11-14,84.19873809814453
2023-11-15,79.54536437988281
2023-11-16,76.01940155029297
2023-11-17,73.36376953125
2023-11-18,71.71319580078125
2023-11-19,72.91034698486328
2023-11-20,78.45955657958984
2023-11-21,81.27912139892578
2023-11-22,84.67398071289062
2023-11-23,114.7078857421875
2023-11-24,167.76980590820312
2023-11-25,187.24838256835938
2023-11-26,167.25479125976562
2023-11-27,147.35166931152344
2023-11-28,159.65940856933594
2023-11-29,194.44363403320312
2023-11-30,196.64141845703125
2023-12-01,171.58050537109375
2023-12-02,154.1063995361328
2023-12-03,151.1729736328125
2023-12-04,162.55845642089844
2023-12-05,187.63461303710938
2023-12-06,197.95877075195312
2023-12-07,183.98284912109375
2023-12-08,162.17823791503906
2023-12-09,143.6835479736328
2023-12-10,133.3310089111328
2023-12-11,192.5823516845703
2023-12-12,450.9662780761719
2023-12-13,716.2832641601562
2023-12-14,665.4214477539062
2023-12-15,494.23773193359375
2023-12-16,368.8278503417969
2023-12-17,299.0147705078125
2023-12-18,307.5312194824219
2023-12-19,564.7726440429688
2023-12-20,996.7344970703125
2023-12-21,1027.9376220703125
2023-12-22,752.91259765625
2023-12-23,531.7119140625
2023-12-24,401.8603210449219
2023-12-25,325.72247314453125
2023-12-26,281.16717529296875
2023-12-27,256.259765625
2023-12-28,261.75848388671875
2023-12-29,331.56793212890625
2023-12-30,399.08935546875
2023-12-31,407.0411376953125
2024-01-01,374.2267150878906
2024-01-02,320.86468505859375
2024-01-03,269.259765625
2024-01-04,231.72439575195312
2024-01-05,205.7974090576172
2024-01-06,184.36363220214844
2024-01-07,166.3011474609375
2024-01-08,154.47549438476562
2024-01-09,146.48655700683594
2024-01-10,178.2198486328125
2024-01-11,328.7605285644531
2024-01-12,516.8650512695312
2024-01-13,570.56884765625
2024-01-14,566.5347900390625
2024-01-15,565.2652587890625
2024-01-16,497.4786376953125
2024-01-17,402.2994384765625
2024-01-18,333.08404541015625
2024-01-19,285.85003662109375
2024-01-20,249.05397033691406
2024-01-21,219.57505798339844
2024-01-22,197.39486694335938
2024-01-23,182.57093811035156
2024-01-24,171.62982177734375
2024-01-25,166.99818420410156
2024-01-26,183.6936798095703
2024-01-27,245.5364532470703
2024-01-28,322.3464660644531
2024-01-29,353.4677429199219
2024-01-30,339.2828369140625
2024-01-31,301.62255859375
2024-02-01,262.6168212890625
2024-02-02,234.68655395507812
2024-02-03,217.22413635253906
2024-02-04,201.97811889648438
2024-02-05,185.22186279296875
2024-02-06,169.77182006835938
2024-02-07,157.0380401611328
2024-02-08,145.95175170898438
2024-02-09,138.70396423339844
2024-02-10,138.42837524414062
2024-02-11,147.9297637939453
2024-02-12,165.58868408203125
2024-02-13,175.2681884765625
2024-02-14,168.6138916015625
2024-02-15,154.394287109375
2024-02-16,141.21408081054688
2024-02-17,131.2994842529297
2024-02-18,122.83596801757812
2024-02-19,115.00611877441406
2024-02-20,108.05634307861328
2024-02-21,101.6556625366211
2024-02-22,96.01679229736328
2024-02-23,93.61788177490234
2024-02-24,95.55035400390625
2024-02-25,96.17111206054688
2024-02-26,92.99585723876953
2024-02-27,92.86060333251953
2024-02-28,99.18675994873047
2024-02-29,129.71609497070312
2024-03-01,202.52516174316406
2024-03-02,258.0255432128906
2024-03-03,252.77362060546875
2024-03-04,261.116943359375
2024-03-05,295.0448303222656
2024-03-06,321.4202880859375
2024-03-07,389.9798278808594
2024-03-08,643.8113403320312
2024-03-09,959.233642578125
2024-03-10,888.82080078125
2024-03-11,713.1907958984375
2024-03-12,614.6094970703125
2024-03-13,518.5252685546875
2024-03-14,431.52044677734375
2024-03-15,371.99468994140625
2024-03-16,347.7792053222656
2024-03-17,359.1307373046875
2024-03-18,361.0067138671875
2024-03-19,337.129150390625
2024-03-20,299.5705871582031
2024-03-21,260.9417724609375
2024-03-22,229.9162139892578
2024-03-23,209.70193481445312
2024-03-24,209.81869506835938
2024-03-25,215.21316528320312
2024-03-26,208.3681640625
2024-03-27,201.6827392578125
2024-03-28,238.56521606445312
2024-03-29,421.1686706542969
2024-03-30,732.6390991210938
2024-03-31,876.5675659179688
2024-04-01,790.1068725585938
2024-04-02,641.420654296875
2024-04-03,534.0382690429688
2024-04-04,504.2542724609375
2024-04-05,551.93896484375
2024-04-06,574.475341796875
2024-04-07,546.85693359375
2024-04-08,507.4154052734375
2024-04-09,478.460693359375
2024-04-10,472.2116394042969
2024-04-11,496.5156555175781
2024-04-12,565.6433715820312
2024-04-13,739.1828002929688
2024-04-14,944.3513793945312
2024-04-15,915.8427734375
2024-04-16,729.340576171875
2024-04-17,566.6771240234375
2024-04-18,458.5456237792969
2024-04-19,384.8362731933594
2024-04-20,339.9112243652344
2024-04-21,310.5738220214844
2024-04-22,286.30767822265625
2024-04-23,256.7548828125
2024-04-24,226.22723388671875
2024-04-25,203.64263916015625
2024-04-26,189.4490966796875
2024-04-27,175.21160888671875
2024-04-28,161.19558715820312
2024-04-29,152.92849731445312
2024-04-30,152.74685668945312
2024-05-01,158.30894470214844
2024-05-02,165.95013427734375
2024-05-03,171.88058471679688
2024-05-04,171.13287353515625
2024-05-05,165.185546875
2024-05-06,168.61131286621094
2024-05-07,193.5478515625
2024-05-08,206.88014221191406
2024-05-09,198.34115600585938
2024-05-10,192.2415313720703
2024-05-11,183.3720703125
2024-05-12,167.14370727539062
2024-05-13,150.90325927734375
2024-05-14,138.02040100097656
2024-05-15,128.39295959472656
2024-05-16,123.9395751953125
2024-05-17,125.22410583496094
2024-05-18,125.14723205566406
2024-05-19,121.38789367675781
2024-05-20,115.65455627441406
2024-05-21,108.68974304199219
2024-05-22,101.98088836669922
2024-05-23,96.56272888183594
2024-05-24,91.361083984375
2024-05-25,85.83740997314453
2024-05-26,79.46492767333984
2024-05-27,73.6568832397461
2024-05-28,72.50641632080078
2024-05-29,81.71269226074219
2024-05-30,99.07711029052734
2024-05-31,104.88166046142578
2024-06-01,98.14851379394531
2024-06-02,86.31278228759766
2024-06-03,74.14250183105469
2024-06-04,65.2438735961914
2024-06-05,58.777435302734375
2024-06-06,54.04431915283203
2024-06-07,51.106727600097656
2024-06-08,49.22058868408203
2024-06-09,49.03447341918945
2024-06-10,54.36331558227539
2024-06-11,62.69159698486328
2024-06-12,63.424705505371094
2024-06-13,57.067344665527344
2024-06-14,51.021080017089844
2024-06-15,46.82157897949219
2024-06-16,44.0313835144043
2024-06-17,41.178436279296875
2024-06-18,37.62908172607422
2024-06-19,34.76136016845703
2024-06-20,33.4088020324707
2024-06-21,35.60566329956055
2024-06-22,43.83183288574219
2024-06-23,53.686824798583984
2024-06-24,65.64651489257812
2024-06-25,83.68160247802734
2024-06-26,91.19371032714844
2024-06-27,78.8258056640625
2024-06-28,63.203590393066406
2024-06-29,54.67015075683594
2024-06-30,50.597877502441406
2024-07-01,51.075538635253906
2024-07-02,56.29338836669922
2024-07-03,52.87094497680664
2024-07-04,44.34473419189453
2024-07-05,37.70833206176758
2024-07-06,34.067115783691406
2024-07-07,33.63791275024414
2024-07-08,35.095951080322266
2024-07-09,34.37438201904297
2024-07-10,30.996726989746094
2024-07-11,28.321195602416992
2024-07-12,27.753589630126953
2024-07-13,29.806766510009766
2024-07-14,30.704761505126953
2024-07-15,28.531810760498047
2024-07-16,25.44053840637207
2024-07-17,23.287763595581055
2024-07-18,24.66671371459961
2024-07-19,28.69461441040039
2024-07-20,29.525911331176758
2024-07-21,26.03032684326172
2024-07-22,22.28900146484375
2024-07-23,19.946941375732422
2024-07-24,19.497499465942383
2024-07-25,21.78659439086914
2024-07-26,24.390178680419922
2024-07-27,23.812442779541016
2024-07-28,21.554407119750977
2024-07-29,19.019580841064453
2024-07-30,17.352581024169922
2024-07-31,17.343582153320312
2024-08-01,19.497615814208984
2024-08-02,22.746103286743164
2024-08-03,24.12649154663086
2024-08-04,24.45174217224121
2024-08-05,28.35232162475586
2024-08-06,33.321205139160156
2024-08-07,37.17211151123047
2024-08-08,44.20795822143555
2024-08-09,50.95979690551758
2024-08-10,52.75360870361328
2024-08-11,61.207244873046875
2024-08-12,72.2508544921875
2024-08-13,61.622806549072266
2024-08-14,46.26512908935547
2024-08-15,36.900230407714844
2024-08-16,32.02660369873047
2024-08-17,30.144248962402344
2024-08-18,29.12543487548828
2024-08-19,28.814237594604492
2024-08-20,31.510726928710938
2024-08-21,35.892425537109375
2024-08-22,39.40635299682617
2024-08-23,39.877742767333984
2024-08-24,36.473480224609375
2024-08-25,31.60856819152832
2024-08-26,27.539947509765625
2024-08-27,25.773441314697266
2024-08-28,26.075666427612305
2024-08-29,25.564308166503906
2024-08-30,23.599294662475586
2024-08-31,21.436424255371094
2024-09-01,19.6002254486084
2024-09-02,18.35198974609375
2024-09-03,17.67257308959961
2024-09-04,16.902929306030273
2024-09-05,15.855079650878906
2024-09-06,14.880156517028809
2024-09-07,14.145650863647461
2024-09-08,13.662188529968262
2024-09-09,13.442721366882324
2024-09-10,13.566974639892578
2024-09-11,13.578512191772461
2024-09-12,13.059471130371094
2024-09-13,12.322153091430664
2024-09-14,11.738177299499512
2024-09-15,11.333977699279785
2024-09-16,10.935067176818848
2024-09-17,10.515342712402344
2024-09-18,10.113958358764648
2024-09-19,9.776434898376465
2024-09-20,9.519725799560547
2024-09-21,9.494933128356934
2024-09-22,9.932656288146973
2024-09-23,10.469985961914062
2024-09-24,10.620597839355469
2024-09-25,10.434694290161133
2024-09-26,10.339486122131348
2024-09-27,11.779230117797852
2024-09-28,17.44692039489746
2024-09-29,21.374385833740234
2024-09-30,18.554771423339844
2024-10-01,15.445018768310547
2024-10-02,13.943868637084961
2024-10-03,13.212691307067871
2024-10-04,12.735424041748047
2024-10-05,12.339487075805664
2024-10-06,11.947393417358398
2024-10-07,11.754576683044434
2024-10-08,11.981535911560059
2024-10-09,12.913962364196777
2024-10-10,13.822586059570312
2024-10-11,13.350449562072754
2024-10-12,12.618370056152344
2024-10-13,12.23336124420166
2024-10-14,12.685402870178223
2024-10-15,16.11925506591797
2024-10-16,22.011474609375
2024-10-17,24.373783111572266
2024-10-18,22.105459213256836
2024-10-19,19.414817810058594
2024-10-20,17.49989128112793
2024-10-21,16.180944442749023
2024-10-22,15.239346504211426
2024-10-23,14.609421730041504
2024-10-24,14.053001403808594
2024-10-25,13.536130905151367
2024-10-26,13.112245559692383
2024-10-27,12.682838439941406
2024-10-28,12.375914573669434
2024-10-29,12.232824325561523
2024-10-30,12.3102445602417
2024-10-31,13.17198371887207
2024-11-01,15.431879043579102
2024-11-02,17.115026473999023
2024-11-03,17.406818389892578
2024-11-04,17.22614288330078
2024-11-05,16.473379135131836
2024-11-06,16.10670280456543
2024-11-07,16.98444366455078
2024-11-08,18.223752975463867
2024-11-09,18.008697509765625
2024-11-10,17.2532958984375
2024-11-11,16.759511947631836
2024-11-12,17.40300750732422
2024-11-13,20.027135848999023
2024-11-14,22.160369873046875
2024-11-15,21.411334991455078
2024-11-16,19.712724685668945
2024-11-17,18.37862777709961
2024-11-18,17.508806228637695
2024-11-19,17.037952423095703
2024-11-20,17.13620376586914
2024-11-21,17.533000946044922
2024-11-22,19.18181800842285
2024-11-23,27.23444366455078
2024-11-24,38.74555969238281
2024-11-25,45.8936767578125
2024-11-26,43.61964416503906
2024-11-27,38.00680160522461
2024-11-28,36.7923469543457
2024-11-29,44.067237854003906
2024-11-30,55.944732666015625
2024-12-01,59.53388214111328
2024-12-02,53.36112594604492
2024-12-03,46.26081085205078
2024-12-04,41.094085693359375
2024-12-05,37.78971481323242
2024-12-06,36.60844039916992
2024-12-07,36.78987121582031
2024-12-08,35.87639617919922
2024-12-09,35.47309875488281
2024-12-10,38.448394775390625
2024-12-11,47.62053298950195
2024-12-12,108.12033081054688
2024-12-13,298.21600341796875
2024-12-14,420.46673583984375
2024-12-15,336.9171447753906
2024-12-16,230.3391876220703
2024-12-17,169.57789611816406
2024-12-18,147.70147705078125
2024-12-19,155.26553344726562
2024-12-20,175.21279907226562
2024-12-21,174.8037872314453
2024-12-22,152.07606506347656
2024-12-23,127.28079223632812
2024-12-24,108.82392120361328
2024-12-25,97.33193969726562
2024-12-26,90.40103912353516
2024-12-27,83.56838989257812
2024-12-28,76.84981536865234
2024-12-29,72.4015121459961
2024-12-30,76.5570297241211
2024-12-31,111.83908081054688
2025-01-01,195.60342407226562
2025-01-02,269.4672546386719
2025-01-03,288.2293701171875
2025-01-04,259.6622314453125
2025-01-05,210.40283203125
2025-01-06,169.1167755126953
2025-01-07,139.93154907226562
2025-01-08,119.91387176513672
2025-01-09,105.74144744873047
2025-01-10,95.20699310302734
2025-01-11,87.69686889648438
2025-01-12,82.06511688232422
2025-01-13,77.3365478515625
2025-01-14,73.16136169433594
2025-01-15,68.88261413574219
2025-01-16,64.73539733886719
2025-01-17,61.11078643798828
2025-01-18,58.428611755371094
2025-01-19,57.07359313964844
2025-01-20,56.76811599731445
2025-01-21,55.32786560058594
2025-01-22,52.30663299560547
2025-01-23,49.59864044189453
2025-01-24,47.90180969238281
2025-01-25,46.47095489501953
2025-01-26,44.94527816772461
2025-01-27,43.7762336730957
2025-01-28,42.873374938964844
2025-01-29,41.95747375488281
2025-01-30,41.04094314575195
2025-01-31,40.262428283691406
2025-02-01,40.022796630859375
2025-02-02,39.55364227294922
2025-02-03,38.635047912597656
2025-02-04,38.74235153198242
2025-02-05,39.2321891784668
2025-02-06,38.64746856689453
2025-02-07,38.1257438659668
2025-02-08,38.17353820800781
2025-02-09,37.8005256652832
2025-02-10,37.4628791809082
2025-02-11,37.1848258972168
2025-02-12,36.543548583984375
2025-02-13,36.1259651184082
2025-02-14,37.3489990234375
2025-02-15,39.18841552734375
2025-02-16,39.226131439208984
2025-02-17,39.19618225097656
2025-02-18,39.56875228881836
2025-02-19,39.31028747558594
2025-02-20,39.048866271972656
2025-02-21,38.80186462402344
2025-02-22,38.37904739379883
2025-02-23,38.15972900390625
2025-02-24,38.00297546386719
2025-02-25,38.73881912231445
2025-02-26,42.73020935058594
2025-02-27,53.521907806396484
2025-02-28,73.7825698852539
2025-03-01,97.68133544921875
2025-03-02,112.21987915039062
2025-03-03,113.79458618164062
2025-03-04,105.946533203125
2025-03-05,100.39236450195312
2025-03-06,135.00714111328125
2025-03-07,263.2106018066406
2025-03-08,399.434326171875
2025-03-09,416.1454162597656
2025-03-10,355.14410400390625
2025-03-11,307.359130859375
2025-03-12,306.99664306640625
2025-03-13,341.64886474609375
2025-03-14,353.3735046386719
2025-03-15,330.4399108886719
2025-03-16,320.4134521484375
2025-03-17,386.53448486328125
2025-03-18,708.4500732421875
2025-03-19,1089.90234375
2025-03-20,1039.68994140625
2025-03-21,776.1614379882812
2025-03-22,613.5985107421875
2025-03-23,530.2484130859375
2025-03-24,453.6121826171875
2025-03-25,384.16265869140625
2025-03-26,333.39276123046875
2025-03-27,297.6202087402344
2025-03-28,266.727783203125
2025-03-29,244.62332153320312
2025-03-30,252.18075561523438
2025-03-31,281.2156677246094
2025-04-01,296.5072937011719
2025-04-02,325.56573486328125
2025-04-03,343.0196533203125
2025-04-04,350.76611328125
2025-04-05,397.7381591796875
2025-04-06,432.61810302734375
2025-04-07,430.6958312988281
2025-04-08,410.8027038574219
2025-04-09,368.61004638671875
2025-04-10,316.590087890625
2025-04-11,272.1519470214844
2025-04-12,247.76841735839844
2025-04-13,249.8873291015625
2025-04-14,264.67486572265625
2025-04-15,273.991943359375
2025-04-16,276.9258728027344
2025-04-17,275.82623291015625
2025-04-18,261.63970947265625
2025-04-19,233.9296112060547
2025-04-20,211.252685546875
2025-04-21,210.57095336914062
2025-04-22,216.63177490234375
2025-04-23,201.99156188964844
2025-04-24,183.101318359375
2025-04-25,170.25942993164062
2025-04-26,172.45138549804688
2025-04-27,241.26358032226562
2025-04-28,382.887939453125
2025-04-29,444.59320068359375
2025-04-30,383.2484436035156
2025-05-01,310.432373046875
2025-05-02,260.4913330078125
2025-05-03,221.09397888183594
2025-05-04,205.51080322265625
2025-05-05,226.9923553466797
2025-05-06,328.3915710449219
2025-05-07,460.545166015625
2025-05-08,480.9932861328125
2025-05-09,441.017333984375
2025-05-10,522.3753051757812
2025-05-11,834.1103515625
2025-05-12,1009.163818359375
2025-05-13,844.2083740234375
2025-05-14,609.9688110351562
2025-05-15,448.0264892578125
2025-05-16,349.98004150390625
2025-05-17,292.65545654296875
2025-05-18,273.98992919921875
2025-05-19,285.5238342285156
2025-05-20,287.1625671386719
2025-05-21,263.0152282714844
2025-05-22,235.14646911621094
2025-05-23,247.96678161621094
2025-05-24,349.5581359863281
2025-05-25,452.13983154296875
2025-05-26,442.5025939941406
2025-05-27,368.22198486328125
2025-05-28,296.27484130859375
2025-05-29,243.61268615722656
2025-05-30,207.24143981933594
2025-05-31,190.22836303710938
2025-06-01,229.45712280273438
2025-06-02,323.97491455078125
2025-06-03,365.0664978027344
2025-06-04,313.6827087402344
2025-06-05,247.02845764160156
2025-06-06,204.7707977294922
2025-06-07,215.32144165039062
2025-06-08,327.8169250488281
2025-06-09,458.5094299316406
2025-06-10,442.62872314453125
2025-06-11,347.87042236328125
2025-06-12,277.7353515625
2025-06-13,230.15960693359375
2025-06-14,190.91888427734375
2025-06-15,162.9854736328125
2025-06-16,145.3703155517578
2025-06-17,131.7031707763672
2025-06-18,120.89662170410156
2025-06-19,114.8888931274414
2025-06-20,110.08260345458984
2025-06-21,103.98107147216797
2025-06-22,96.71041870117188
2025-06-23,90.20042419433594
2025-06-24,87.2542953491211
2025-06-25,82.68998718261719
2025-06-26,74.19178009033203
2025-06-27,66.06764221191406
2025-06-28,59.797401428222656
2025-06-29,55.06958770751953
2025-06-30,51.49237060546875
2025-07-01,48.290611267089844
2025-07-02,45.33217239379883
2025-07-03,44.05198669433594
2025-07-04,44.349178314208984
2025-07-05,43.86048126220703
2025-07-06,41.62397384643555
2025-07-07,38.06563949584961
2025-07-08,34.86104202270508
2025-07-09,32.439937591552734
2025-07-10,31.158143997192383
2025-07-11,31.642948150634766
2025-07-12,32.364871978759766
2025-07-13,32.0534553527832
2025-07-14,31.014284133911133
2025-07-15,30.335521697998047
2025-07-16,31.012237548828125
2025-07-17,31.3349609375
2025-07-18,29.943037033081055
2025-07-19,28.763118743896484
2025-07-20,27.46318244934082
2025-07-21,25.55398178100586
2025-07-22,24.846622467041016
2025-07-23,24.288801193237305
2025-07-24,22.27487564086914
2025-07-25,20.198091506958008
2025-07-26,19.06302261352539
2025-07-27,19.24380111694336
2025-07-28,20.169599533081055
2025-07-29,20.89213752746582
2025-07-30,20.41382598876953
2025-07-31,18.939594268798828
2025-08-01,19.460813522338867
2025-08-02,23.625526428222656
2025-08-03,26.621585845947266
2025-08-04,24.606800079345703
2025-08-05,21.22372817993164
2025-08-06,18.739444732666016
2025-08-07,17.226980209350586
2025-08-08,16.342824935913086
2025-08-09,15.534066200256348
2025-08-10,14.75985336303711
2025-08-11,14.03350830078125
2025-08-12,13.224618911743164
2025-08-13,12.414100646972656
2025-08-14,11.908677101135254
2025-08-15,11.832476615905762
2025-08-16,11.534390449523926
2025-08-17,10.845354080200195
2025-08-18,10.301498413085938
2025-08-19,10.004538536071777
2025-08-20,9.780717849731445
2025-08-21,9.838058471679688
2025-08-22,10.079567909240723
2025-08-23,9.90841293334961
2025-08-24,9.375155448913574
2025-08-25,8.942129135131836
2025-08-26,8.721656799316406
2025-08-27,8.701481819152832
2025-08-28,8.74606704711914
2025-08-29,8.616259574890137
2025-08-30,8.52490520477295
2025-08-31,8.613248825073242
2025-09-01,8.673635482788086
2025-09-02,8.403949737548828
2025-09-03,8.023634910583496
2025-09-04,7.759915828704834
2025-09-05,7.624748229980469
2025-09-06,7.919692039489746
2025-09-07,9.53271484375
2025-09-08,12.826509475708008
2025-09-09,15.323724746704102
2025-09-10,14.772223472595215
2025-09-11,12.643199920654297
2025-09-12,10.957934379577637
2025-09-13,9.900351524353027
2025-09-14,9.183655738830566
2025-09-15,8.7395601272583
2025-09-16,8.42602825164795
2025-09-17,8.066125869750977
2025-09-18,7.724329948425293
2025-09-19,7.520023345947266
2025-09-20,7.366555213928223
2025-09-21,7.198260307312012
2025-09-22,6.996937274932861
2025-09-23,6.829417705535889
2025-09-24,6.769055366516113
2025-09-25,7.605003356933594
2025-09-26,13.870162010192871
2025-09-27,27.923627853393555
2025-09-28,36.744911193847656
2025-09-29,30.410648345947266
2025-09-30,21.871923446655273
2025-10-01,16.8281192779541
2025-10-02,14.151297569274902
2025-10-03,12.656020164489746
2025-10-04,11.76025390625
2025-10-05,11.167165756225586
2025-10-06,10.716306686401367
2025-10-07,10.327817916870117
2025-10-08,10.272575378417969
2025-10-09,13.336210250854492
2025-10-10,22.804792404174805
2025-10-11,26.010892868041992
2025-10-12,21.154476165771484
2025-10-13,17.59710693359375
2025-10-14,17.960186004638672
2025-10-15,20.899274826049805
2025-10-16,22.546964645385742
2025-10-17,21.10580062866211
2025-10-18,18.638864517211914
2025-10-19,16.690319061279297
2025-10-20,16.19097900390625
2025-10-21,23.06948471069336
2025-10-22,46.54055404663086
2025-10-23,72.34597778320312
2025-10-24,86.92857360839844
2025-10-25,80.85209655761719
2025-10-26,60.62030029296875
2025-10-27,46.01477813720703
2025-10-28,37.81900405883789
2025-10-29,32.633026123046875
2025-10-30,29.21194076538086
2025-10-31,28.239412307739258
2025-11-01,36.81062316894531
2025-11-02,57.916412353515625
2025-11-03,68.58721923828125
2025-11-04,59.84873580932617
2025-11-05,51.11656188964844
2025-11-06,48.90229797363281
2025-11-07,49.71528244018555
2025-11-08,51.325496673583984
2025-11-09,50.44020462036133
2025-11-10,51.80260467529297
2025-11-11,63.33300018310547
2025-11-12,87.6690673828125
2025-11-13,102.83198547363281
2025-11-14,94.60406494140625
2025-11-15,81.32540130615234
2025-11-16,72.84214782714844
2025-11-17,71.97435760498047
2025-11-18,76.06233215332031
2025-11-19,74.96440887451172
2025-11-20,69.53788757324219
2025-11-21,63.775001525878906
2025-11-22,59.03045654296875
2025-11-23,56.00730514526367
2025-11-24,54.29874801635742
2025-11-25,52.00699996948242
2025-11-26,50.115177154541016
2025-11-27,52.613380432128906
2025-11-28,64.00291442871094
2025-11-29,75.76337432861328
2025-11-30,72.53445434570312
2025-12-01,64.70026397705078
2025-12-02,60.21613311767578
2025-12-03,58.688690185546875
2025-12-04,57.58495330810547
2025-12-05,55.75904083251953
2025-12-06,52.64761734008789
2025-12-07,50.00048828125
2025-12-08,48.29328918457031
2025-12-09,46.251953125
2025-12-10,43.9679069519043
2025-12-11,42.964454650878906
2025-12-12,43.154537200927734
2025-12-13,42.55067443847656
2025-12-14,41.39183044433594
2025-12-15,40.38822937011719
2025-12-16,39.285316467285156
2025-12-17,38.46719741821289
2025-12-18,38.316444396972656
2025-12-19,40.49900817871094
2025-12-20,54.987060546875
2025-12-21,90.7129135131836
2025-12-22,114.63211059570312
2025-12-23,105.08061981201172
2025-12-24,89.6043930053711
2025-12-25,80.26008605957031
2025-12-26,74.24779510498047
2025-12-27,67.86710357666016
2025-12-28,62.469234466552734
2025-12-29,62.92626953125
2025-12-30,81.0999755859375
2025-12-31,105.76901245117188