Date,Flow
1980-01-01,10.201491355895996
1980-01-02,9.847243309020996
1980-01-03,9.619002342224121
1980-01-04,9.506258964538574
1980-01-05,10.178878784179688
1980-01-06,11.463064193725586
1980-01-07,11.592691421508789
1980-01-08,11.195503234863281
1980-01-09,11.269454956054688
1980-01-10,11.424402236938477
1980-01-11,13.677273750305176
1980-01-12,30.643033981323242
1980-01-13,39.58978271484375
1980-01-14,33.382694244384766
1980-01-15,35.16659164428711
1980-01-16,36.0766487121582
1980-01-17,27.170135498046875
1980-01-18,33.20014953613281
1980-01-19,60.99403762817383
1980-01-20,65.8897705078125
1980-01-21,41.852725982666016
1980-01-22,29.466875076293945
1980-01-23,32.88444519042969
1980-01-24,40.84486770629883
1980-01-25,36.043495178222656
1980-01-26,27.444664001464844
1980-01-27,22.601654052734375
1980-01-28,20.029451370239258
1980-01-29,18.16057014465332
1980-01-30,16.869028091430664
1980-01-31,16.274124145507812
1980-02-01,16.268491744995117
1980-02-02,15.658580780029297
1980-02-03,14.807117462158203
1980-02-04,14.195491790771484
1980-02-05,13.77816104888916
1980-02-06,13.246504783630371
1980-02-07,13.314990997314453
1980-02-08,13.500736236572266
1980-02-09,13.459623336791992
1980-02-10,16.78594207763672
1980-02-11,22.215120315551758
1980-02-12,22.372745513916016
1980-02-13,20.7417049407959
1980-02-14,19.39376449584961
1980-02-15,18.834714889526367
1980-02-16,18.880985260009766
1980-02-17,18.62790298461914
1980-02-18,17.123424530029297
1980-02-19,15.495950698852539
1980-02-20,14.710771560668945
1980-02-21,14.74069595336914
1980-02-22,15.642013549804688
1980-02-23,16.676189422607422
1980-02-24,16.403223037719727
1980-02-25,15.769201278686523
1980-02-26,17.124378204345703
1980-02-27,18.84081268310547
1980-02-28,17.822616577148438
1980-02-29,16.393543243408203
1980-03-01,15.282100677490234
1980-03-02,14.679306983947754
1980-03-03,15.318399429321289
1980-03-04,16.84639549255371
1980-03-05,21.379941940307617
1980-03-06,30.78765106201172
1980-03-07,34.46532440185547
1980-03-08,33.05767059326172
1980-03-09,39.017696380615234
1980-03-10,40.52359390258789
1980-03-11,32.056922912597656
1980-03-12,25.797916412353516
1980-03-13,21.928691864013672
1980-03-14,21.983692169189453
1980-03-15,23.012054443359375
1980-03-16,20.80750274658203
1980-03-17,20.02465057373047
1980-03-18,47.43560791015625
1980-03-19,70.53118896484375
1980-03-20,56.51118087768555
1980-03-21,80.00398254394531
1980-03-22,127.66433715820312
1980-03-23,92.3121337890625
1980-03-24,64.107666015625
1980-03-25,73.96536254882812
1980-03-26,76.43083190917969
1980-03-27,54.381187438964844
1980-03-28,38.82547378540039
1980-03-29,36.87896728515625
1980-03-30,44.76057434082031
1980-03-31,47.01371765136719
1980-04-01,40.48802947998047
1980-04-02,32.007320404052734
1980-04-03,26.741943359375
1980-04-04,23.611068725585938
1980-04-05,21.700986862182617
1980-04-06,19.958412170410156
1980-04-07,18.498462677001953
1980-04-08,18.108198165893555
1980-04-09,23.370607376098633
1980-04-10,37.804527282714844
1980-04-11,35.82493591308594
1980-04-12,27.827919006347656
1980-04-13,27.782258987426758
1980-04-14,36.72465515136719
1980-04-15,48.14714050292969
1980-04-16,48.33863067626953
1980-04-17,35.78908920288086
1980-04-18,27.149425506591797
1980-04-19,22.50716209411621
1980-04-20,20.03179931640625
1980-04-21,18.416988372802734
1980-04-22,17.153968811035156
1980-04-23,16.048751831054688
1980-04-24,15.077468872070312
1980-04-25,14.47365951538086
1980-04-26,14.489097595214844
1980-04-27,14.774645805358887
1980-04-28,14.946036338806152
1980-04-29,14.747227668762207
1980-04-30,14.633516311645508
1980-05-01,14.529190063476562
1980-05-02,13.536334991455078
1980-05-03,12.617444038391113
1980-05-04,11.891063690185547
1980-05-05,11.354108810424805
1980-05-06,10.858020782470703
1980-05-07,10.466644287109375
1980-05-08,10.087456703186035
1980-05-09,9.762436866760254
1980-05-10,9.551715850830078
1980-05-11,9.279425621032715
1980-05-12,9.128731727600098
1980-05-13,8.8543701171875
1980-05-14,8.87567138671875
1980-05-15,9.48304271697998
1980-05-16,9.574037551879883
1980-05-17,8.788446426391602
1980-05-18,9.063833236694336
1980-05-19,11.745789527893066
1980-05-20,16.29448127746582
1980-05-21,42.9942626953125
1980-05-22,75.37202453613281
1980-05-23,50.66248321533203
1980-05-24,30.891521453857422
1980-05-25,25.006790161132812
1980-05-26,23.18229103088379
1980-05-27,19.606706619262695
1980-05-28,15.352213859558105
1980-05-29,12.761312484741211
1980-05-30,11.269643783569336
1980-05-31,10.639177322387695
1980-06-01,10.502671241760254
1980-06-02,10.159382820129395
1980-06-03,9.522627830505371
1980-06-04,8.779616355895996
1980-06-05,7.963581085205078
1980-06-06,7.359701633453369
1980-06-07,7.198081016540527
1980-06-08,7.429959297180176
1980-06-09,7.427854537963867
1980-06-10,6.930816173553467
1980-06-11,6.533698081970215
1980-06-12,6.245731353759766
1980-06-13,5.929939270019531
1980-06-14,5.612632751464844
1980-06-15,5.399927139282227
1980-06-16,5.253840446472168
1980-06-17,5.317907333374023
1980-06-18,5.924144268035889
1980-06-19,6.693454265594482
1980-06-20,6.928985118865967
1980-06-21,6.258471488952637
1980-06-22,5.57979679107666
1980-06-23,5.1576948165893555
1980-06-24,4.821108341217041
1980-06-25,7.20158576965332
1980-06-26,51.47451400756836
1980-06-27,95.00028991699219
1980-06-28,70.88259887695312
1980-06-29,33.956417083740234
1980-06-30,19.165630340576172
1980-07-01,13.932724952697754
1980-07-02,11.165901184082031
1980-07-03,9.425145149230957
1980-07-04,8.64974308013916
1980-07-05,9.228413581848145
1980-07-06,9.423591613769531
1980-07-07,8.21648120880127
1980-07-08,7.095047950744629
1980-07-09,6.818314552307129
1980-07-10,12.40407943725586
1980-07-11,18.65185546875
1980-07-12,16.525238037109375
1980-07-13,14.721529960632324
1980-07-14,17.44386100769043
1980-07-15,15.908868789672852
1980-07-16,11.242875099182129
1980-07-17,9.194411277770996
1980-07-18,10.13253402709961
1980-07-19,11.33174991607666
1980-07-20,10.254945755004883
1980-07-21,8.102426528930664
1980-07-22,6.681998252868652
1980-07-23,7.012181282043457
1980-07-24,10.40530776977539
1980-07-25,12.08223819732666
1980-07-26,9.44377326965332
1980-07-27,7.301397800445557
1980-07-28,6.149642467498779
1980-07-29,5.94911003112793
1980-07-30,6.269669532775879
1980-07-31,5.8519511222839355
1980-08-01,5.4403977394104
1980-08-02,5.930154323577881
1980-08-03,6.455871105194092
1980-08-04,5.777429580688477
1980-08-05,5.029328346252441
1980-08-06,4.576259136199951
1980-08-07,4.280220031738281
1980-08-08,4.002030849456787
1980-08-09,3.7625527381896973
1980-08-10,3.6517674922943115
1980-08-11,3.620022773742676
1980-08-12,3.4995741844177246
1980-08-13,3.3665692806243896
1980-08-14,3.270521402359009
1980-08-15,3.230283260345459
1980-08-16,3.2387325763702393
1980-08-17,3.2058708667755127
1980-08-18,3.1227548122406006
1980-08-19,3.162306308746338
1980-08-20,3.497097969055176
1980-08-21,3.803248882293701
1980-08-22,4.033473968505859
1980-08-23,4.71135139465332
1980-08-24,4.920257091522217
1980-08-25,4.41166353225708
1980-08-26,3.9508180618286133
1980-08-27,3.5425267219543457
1980-08-28,3.226418972015381
1980-08-29,2.987269163131714
1980-08-30,2.8079569339752197
1980-08-31,2.6885733604431152
1980-09-01,2.6081299781799316
1980-09-02,2.542074680328369
1980-09-03,2.6205155849456787
1980-09-04,3.558885335922241
1980-09-05,4.760049819946289
1980-09-06,4.854413986206055
1980-09-07,4.167567729949951
1980-09-08,3.59462571144104
1980-09-09,3.2429306507110596
1980-09-10,3.0299673080444336
1980-09-11,2.9237303733825684
1980-09-12,2.823371171951294
1980-09-13,2.6786563396453857
1980-09-14,2.5494508743286133
1980-09-15,2.4703667163848877
1980-09-16,2.4269864559173584
1980-09-17,2.5123538970947266
1980-09-18,2.6497063636779785
1980-09-19,2.7409145832061768
1980-09-20,2.7446951866149902
1980-09-21,2.775400161743164
1980-09-22,2.754305362701416
1980-09-23,2.615062713623047
1980-09-24,2.5224900245666504
1980-09-25,2.8581361770629883
1980-09-26,4.096923828125
1980-09-27,5.093210220336914
1980-09-28,4.310856342315674
1980-09-29,3.693477153778076
1980-09-30,3.928661584854126
1980-10-01,6.321983337402344
1980-10-02,10.078617095947266
1980-10-03,9.717988967895508
1980-10-04,7.201019287109375
1980-10-05,5.591184139251709
1980-10-06,4.760194301605225
1980-10-07,4.356757164001465
1980-10-08,3.969813108444214
1980-10-09,3.6634702682495117
1980-10-10,3.4079911708831787
1980-10-11,3.213895797729492
1980-10-12,3.0865087509155273
1980-10-13,2.9803786277770996
1980-10-14,2.918473720550537
1980-10-15,2.8814563751220703
1980-10-16,2.8615503311157227
1980-10-17,2.8563265800476074
1980-10-18,2.837625741958618
1980-10-19,3.817478656768799
1980-10-20,6.115606307983398
1980-10-21,7.022797107696533
1980-10-22,5.654800891876221
1980-10-23,4.607241153717041
1980-10-24,4.034299373626709
1980-10-25,3.9794535636901855
1980-10-26,4.802480697631836
1980-10-27,5.537030220031738
1980-10-28,5.095449924468994
1980-10-29,4.782264232635498
1980-10-30,5.605003356933594
1980-10-31,8.138805389404297
1980-11-01,9.576438903808594
1980-11-02,7.82948112487793
1980-11-03,6.322413444519043
1980-11-04,5.933650493621826
1980-11-05,7.285742282867432
1980-11-06,8.606804847717285
1980-11-07,7.44337272644043
1980-11-08,6.3085432052612305
1980-11-09,5.598670959472656
1980-11-10,5.180944442749023
1980-11-11,4.817349433898926
1980-11-12,4.617228984832764
1980-11-13,4.545284271240234
1980-11-14,4.513876914978027
1980-11-15,4.431265830993652
1980-11-16,4.602199554443359
1980-11-17,5.116036891937256
1980-11-18,6.364351272583008
1980-11-19,8.640754699707031
1980-11-20,9.209120750427246
1980-11-21,7.813159465789795
1980-11-22,6.775821685791016
1980-11-23,6.201598644256592
1980-11-24,7.214888572692871
1980-11-25,13.333989143371582
1980-11-26,17.31184959411621
1980-11-27,13.632920265197754
1980-11-28,12.30221939086914
1980-11-29,12.601012229919434
1980-11-30,10.82487678527832
1980-12-01,9.12532901763916
1980-12-02,8.089046478271484
1980-12-03,7.374057292938232
1980-12-04,6.8525238037109375
1980-12-05,6.521932601928711
1980-12-06,6.3404741287231445
1980-12-07,6.254319667816162
1980-12-08,6.125598430633545
1980-12-09,5.984031677246094
1980-12-10,7.00352144241333
1980-12-11,10.535506248474121
1980-12-12,11.593889236450195
1980-12-13,9.685970306396484
1980-12-14,8.293488502502441
1980-12-15,7.472675800323486
1980-12-16,6.980942249298096
1980-12-17,6.742321014404297
1980-12-18,6.632755279541016
1980-12-19,6.428323745727539
1980-12-20,6.183766841888428
1980-12-21,6.017819881439209
1980-12-22,5.861292839050293
1980-12-23,5.752583026885986
1980-12-24,5.794715881347656
1980-12-25,5.815011501312256
1980-12-26,5.67512845993042
1980-12-27,5.491689682006836
1980-12-28,5.808839797973633
1980-12-29,6.763096809387207
1980-12-30,7.994673728942871
1980-12-31,8.184017181396484
1981-01-01,7.8069939613342285
1981-01-02,7.376891613006592
1981-01-03,6.9093804359436035
1981-01-04,6.5933637619018555
1981-01-05,6.299777507781982
1981-01-06,6.036684989929199
1981-01-07,6.030242919921875
1981-01-08,6.165379047393799
1981-01-09,6.08378267288208
1981-01-10,5.86635684967041
1981-01-11,5.675940036773682
1981-01-12,5.479556560516357
1981-01-13,5.330439567565918
1981-01-14,5.2734785079956055
1981-01-15,5.319958686828613
1981-01-16,5.340337753295898
1981-01-17,5.221336364746094
1981-01-18,5.142823696136475
1981-01-19,5.130548000335693
1981-01-20,5.161940097808838
1981-01-21,5.449178695678711
1981-01-22,6.737092018127441
1981-01-23,7.864274978637695
1981-01-24,7.37464714050293
1981-01-25,6.788373947143555
1981-01-26,6.463196754455566
1981-01-27,6.287447929382324
1981-01-28,6.172867298126221
1981-01-29,6.06691837310791
1981-01-30,5.958354949951172
1981-01-31,6.170108318328857
1981-02-01,6.510623931884766
1981-02-02,7.881331443786621
1981-02-03,11.320514678955078
1981-02-04,11.8623046875
1981-02-05,10.058600425720215
1981-02-06,8.874592781066895
1981-02-07,8.268218040466309
1981-02-08,8.393644332885742
1981-02-09,9.660334587097168
1981-02-10,10.25601577758789
1981-02-11,34.6165657043457
1981-02-12,75.21543884277344
1981-02-13,70.80791473388672
1981-02-14,41.17642593383789
1981-02-15,25.9998779296875
1981-02-16,19.200042724609375
1981-02-17,15.842964172363281
1981-02-18,14.028846740722656
1981-02-19,14.5730619430542
1981-02-20,23.719989776611328
1981-02-21,32.648258209228516
1981-02-22,27.27359390258789
1981-02-23,20.56016731262207
1981-02-24,17.736600875854492
1981-02-25,15.853545188903809
1981-02-26,13.584383010864258
1981-02-27,12.005498886108398
1981-02-28,10.853687286376953
1981-03-01,10.207871437072754
1981-03-02,9.760924339294434
1981-03-03,9.346724510192871
1981-03-04,9.016033172607422
1981-03-05,12.909537315368652
1981-03-06,19.887454986572266
1981-03-07,20.30321502685547
1981-03-08,16.24544334411621
1981-03-09,13.282235145568848
1981-03-10,11.532288551330566
1981-03-11,10.482564926147461
1981-03-12,9.845880508422852
1981-03-13,9.307260513305664
1981-03-14,8.902359008789062
1981-03-15,8.573281288146973
1981-03-16,8.328315734863281
1981-03-17,8.458517074584961
1981-03-18,8.413362503051758
1981-03-19,8.292474746704102
1981-03-20,8.21109390258789
1981-03-21,8.010417938232422
1981-03-22,7.806656360626221
1981-03-23,14.784285545349121
1981-03-24,29.228273391723633
1981-03-25,30.369592666625977
1981-03-26,21.935317993164062
1981-03-27,16.390512466430664
1981-03-28,13.587648391723633
1981-03-29,11.853843688964844
1981-03-30,12.348936080932617
1981-03-31,17.99477767944336
1981-04-01,22.350919723510742
1981-04-02,20.212059020996094
1981-04-03,17.944133758544922
1981-04-04,14.666830062866211
1981-04-05,12.879190444946289
1981-04-06,13.56563949584961
1981-04-07,13.969722747802734
1981-04-08,12.191788673400879
1981-04-09,11.318426132202148
1981-04-10,12.039949417114258
1981-04-11,12.418035507202148
1981-04-12,11.121248245239258
1981-04-13,9.904749870300293
1981-04-14,9.120100975036621
1981-04-15,8.587742805480957
1981-04-16,8.192541122436523
1981-04-17,7.754265308380127
1981-04-18,7.596981048583984
1981-04-19,7.37104606628418
1981-04-20,7.380198955535889
1981-04-21,8.152397155761719
1981-04-22,8.461443901062012
1981-04-23,7.771373271942139
1981-04-24,7.430673599243164
1981-04-25,7.436051368713379
1981-04-26,7.194618225097656
1981-04-27,6.6732940673828125
1981-04-28,6.258523464202881
1981-04-29,5.9311065673828125
1981-04-30,5.698254585266113
1981-05-01,5.5496826171875
1981-05-02,5.373166084289551
1981-05-03,5.109154224395752
1981-05-04,4.910935401916504
1981-05-05,4.790343284606934
1981-05-06,4.629012107849121
1981-05-07,4.645613193511963
1981-05-08,5.12648868560791
1981-05-09,5.410369396209717
1981-05-10,5.130232810974121
1981-05-11,5.0865397453308105
1981-05-12,5.35516881942749
1981-05-13,5.348357200622559
1981-05-14,4.939450263977051
1981-05-15,4.5593719482421875
1981-05-16,4.281332492828369
1981-05-17,4.077303409576416
1981-05-18,3.9231443405151367
1981-05-19,3.929901599884033
1981-05-20,5.273982048034668
1981-05-21,9.530635833740234
1981-05-22,12.05885124206543
1981-05-23,9.451441764831543
1981-05-24,7.039732933044434
1981-05-25,5.701074600219727
1981-05-26,4.967178821563721
1981-05-27,4.585680961608887
1981-05-28,5.012237548828125
1981-05-29,6.306633949279785
1981-05-30,6.475281715393066
1981-05-31,5.544920921325684
1981-06-01,5.245152473449707
1981-06-02,7.332043170928955
1981-06-03,9.660615921020508
1981-06-04,9.03048038482666
1981-06-05,7.105910301208496
1981-06-06,6.205008506774902
1981-06-07,6.925350189208984
1981-06-08,7.789501667022705
1981-06-09,6.688660144805908
1981-06-10,5.5508131980896
1981-06-11,4.8753275871276855
1981-06-12,4.673697471618652
1981-06-13,4.736478805541992
1981-06-14,4.744304180145264
1981-06-15,4.437689304351807
1981-06-16,3.8799383640289307
1981-06-17,3.3779244422912598
1981-06-18,3.3547463417053223
1981-06-19,4.262418746948242
1981-06-20,4.939725399017334
1981-06-21,4.550868511199951
1981-06-22,3.9128544330596924
1981-06-23,3.4117367267608643
1981-06-24,3.017756938934326
1981-06-25,2.727932929992676
1981-06-26,2.595881938934326
1981-06-27,2.553291082382202
1981-06-28,2.455665111541748
1981-06-29,2.2846672534942627
1981-06-30,2.132715940475464
1981-07-01,2.0462422370910645
1981-07-02,2.1641743183135986
1981-07-03,3.695551872253418
1981-07-04,39.00470733642578
1981-07-05,51.06489562988281
1981-07-06,32.06927490234375
1981-07-07,17.247257232666016
1981-07-08,11.328930854797363
1981-07-09,7.747931480407715
1981-07-10,5.569610595703125
1981-07-11,4.413780212402344
1981-07-12,3.8789093494415283
1981-07-13,3.6620264053344727
1981-07-14,3.5398943424224854
1981-07-15,3.418816328048706
1981-07-16,3.4900732040405273
1981-07-17,4.256178379058838
1981-07-18,4.873693466186523
1981-07-19,4.310619831085205
1981-07-20,4.015636444091797
1981-07-21,4.511196136474609
1981-07-22,4.848299980163574
1981-07-23,4.136027812957764
1981-07-24,3.688342571258545
1981-07-25,4.866559982299805
1981-07-26,7.837906360626221
1981-07-27,8.219841957092285
1981-07-28,6.708871841430664
1981-07-29,7.668564796447754
1981-07-30,10.171703338623047
1981-07-31,8.601179122924805
1981-08-01,6.019932746887207
1981-08-02,4.455440521240234
1981-08-03,3.782461643218994
1981-08-04,3.6391029357910156
1981-08-05,3.500561237335205
1981-08-06,3.3180503845214844
1981-08-07,3.4837517738342285
1981-08-08,3.7599780559539795
1981-08-09,3.870539903640747
1981-08-10,3.985046625137329
1981-08-11,3.8394935131073
1981-08-12,7.370388984680176
1981-08-13,11.311623573303223
1981-08-14,9.543599128723145
1981-08-15,6.168610572814941
1981-08-16,4.494931221008301
1981-08-17,3.7479441165924072
1981-08-18,3.347982406616211
1981-08-19,3.479602336883545
1981-08-20,4.858239650726318
1981-08-21,5.403234958648682
1981-08-22,4.532275199890137
1981-08-23,3.7275004386901855
1981-08-24,3.2471718788146973
1981-08-25,2.92134165763855
1981-08-26,2.650999069213867
1981-08-27,2.411687135696411
1981-08-28,2.243738889694214
1981-08-29,2.1202285289764404
1981-08-30,2.1060853004455566
1981-08-31,2.337628126144409
1981-09-01,2.6951184272766113
1981-09-02,2.920435667037964
1981-09-03,3.0446341037750244
1981-09-04,3.1945552825927734
1981-09-05,3.54356050491333
1981-09-06,4.9380292892456055
1981-09-07,10.834041595458984
1981-09-08,20.919204711914062
1981-09-09,22.184179306030273
1981-09-10,14.390259742736816
1981-09-11,8.744030952453613
1981-09-12,6.052241325378418
1981-09-13,4.674111843109131
1981-09-14,3.881235122680664
1981-09-15,3.452807664871216
1981-09-16,3.784723997116089
1981-09-17,5.527564525604248
1981-09-18,6.873040676116943
1981-09-19,6.003228187561035
1981-09-20,4.7947492599487305
1981-09-21,3.9885542392730713
1981-09-22,3.4809389114379883
1981-09-23,3.146202802658081
1981-09-24,2.914548873901367
1981-09-25,2.7360658645629883
1981-09-26,2.597031831741333
1981-09-27,2.510220766067505
1981-09-28,2.404510736465454
1981-09-29,2.2837274074554443
1981-09-30,2.1965537071228027
1981-10-01,2.1631338596343994
1981-10-02,2.174320697784424
1981-10-03,2.301344156265259
1981-10-04,2.4332892894744873
1981-10-05,2.3778340816497803
1981-10-06,2.2828619480133057
1981-10-07,2.1961920261383057
1981-10-08,2.1575937271118164
1981-10-09,2.119997501373291
1981-10-10,2.1203787326812744
1981-10-11,2.16192626953125
1981-10-12,2.220475673675537
1981-10-13,2.2284939289093018
1981-10-14,2.1539924144744873
1981-10-15,2.0780789852142334
1981-10-16,2.02885103225708
1981-10-17,1.9865392446517944
1981-10-18,1.952545166015625
1981-10-19,2.019212245941162
1981-10-20,2.1078763008117676
1981-10-21,2.0902814865112305
1981-10-22,2.056928873062134
1981-10-23,2.0727436542510986
1981-10-24,2.233360767364502
1981-10-25,2.618441581726074
1981-10-26,4.480985164642334
1981-10-27,28.33696746826172
1981-10-28,46.12477111816406
1981-10-29,33.50743865966797
1981-10-30,16.610822677612305
1981-10-31,9.681294441223145
1981-11-01,6.982608795166016
1981-11-02,5.820681095123291
1981-11-03,5.119997978210449
1981-11-04,4.64243221282959
1981-11-05,4.317086696624756
1981-11-06,4.226735591888428
1981-11-07,4.320424556732178
1981-11-08,4.268490791320801
1981-11-09,4.106031894683838
1981-11-10,3.914731502532959
1981-11-11,3.738116979598999
1981-11-12,3.611006736755371
1981-11-13,3.4919607639312744
1981-11-14,3.4350521564483643
1981-11-15,3.4420056343078613
1981-11-16,3.441162347793579
1981-11-17,3.367621898651123
1981-11-18,3.307080030441284
1981-11-19,3.297799587249756
1981-11-20,3.3110227584838867
1981-11-21,3.21785044670105
1981-11-22,3.1428351402282715
1981-11-23,3.151289224624634
1981-11-24,3.238429307937622
1981-11-25,3.673523426055908
1981-11-26,4.286668300628662
1981-11-27,4.241264343261719
1981-11-28,4.005373001098633
1981-11-29,3.8581321239471436
1981-11-30,3.717923402786255
1981-12-01,3.633655309677124
1981-12-02,4.121318817138672
1981-12-03,5.487863540649414
1981-12-04,6.026661396026611
1981-12-05,5.804238796234131
1981-12-06,5.489323616027832
1981-12-07,5.036518096923828
1981-12-08,4.664755344390869
1981-12-09,4.308189392089844
1981-12-10,4.087214946746826
1981-12-11,3.9613919258117676
1981-12-12,3.8295469284057617
1981-12-13,3.758026599884033
1981-12-14,3.7575347423553467
1981-12-15,8.581114768981934
1981-12-16,25.183277130126953
1981-12-17,31.68109703063965
1981-12-18,21.742734909057617
1981-12-19,14.410703659057617
1981-12-20,10.715478897094727
1981-12-21,8.626945495605469
1981-12-22,7.796267509460449
1981-12-23,8.02329158782959
1981-12-24,8.50662899017334
1981-12-25,15.262703895568848
1981-12-26,29.607563018798828
1981-12-27,32.2072868347168
1981-12-28,23.270519256591797
1981-12-29,16.672054290771484
1981-12-30,13.064895629882812
1981-12-31,16.236814498901367
1982-01-01,38.867340087890625
1982-01-02,51.874542236328125
1982-01-03,45.43738555908203
1982-01-04,67.6004409790039
1982-01-05,92.49360656738281
1982-01-06,69.65754699707031
1982-01-07,39.46439743041992
1982-01-08,25.366756439208984
1982-01-09,19.146377563476562
1982-01-10,15.562219619750977
1982-01-11,13.087897300720215
1982-01-12,11.505252838134766
1982-01-13,10.642120361328125
1982-01-14,10.515174865722656
1982-01-15,11.01201343536377
1982-01-16,12.137696266174316
1982-01-17,12.767273902893066
1982-01-18,11.848630905151367
1982-01-19,11.482810020446777
1982-01-20,13.854674339294434
1982-01-21,19.642353057861328
1982-01-22,26.13512420654297
1982-01-23,30.23676109313965
1982-01-24,39.38728332519531
1982-01-25,41.998409271240234
1982-01-26,32.75220489501953
1982-01-27,24.937397003173828
1982-01-28,19.282638549804688
1982-01-29,16.65117073059082
1982-01-30,15.409589767456055
1982-01-31,14.936946868896484
1982-02-01,16.193477630615234
1982-02-02,20.23172378540039
1982-02-03,53.91975402832031
1982-02-04,101.89938354492188
1982-02-05,96.39586639404297
1982-02-06,54.43060302734375
1982-02-07,35.2619743347168
1982-02-08,25.848697662353516
1982-02-09,20.985301971435547
1982-02-10,21.145097732543945
1982-02-11,21.267250061035156
1982-02-12,18.84214973449707
1982-02-13,19.480928421020508
1982-02-14,22.712936401367188
1982-02-15,22.53713035583496
1982-02-16,21.52913475036621
1982-02-17,39.272247314453125
1982-02-18,71.4588394165039
1982-02-19,74.19490814208984
1982-02-20,51.716346740722656
1982-02-21,36.030677795410156
1982-02-22,27.29226303100586
1982-02-23,21.76580810546875
1982-02-24,18.507526397705078
1982-02-25,16.88414764404297
1982-02-26,15.610518455505371
1982-02-27,20.260419845581055
1982-02-28,34.96872329711914
1982-03-01,45.191184997558594
1982-03-02,42.197139739990234
1982-03-03,35.56868362426758
1982-03-04,29.910253524780273
1982-03-05,25.654523849487305
1982-03-06,22.402742385864258
1982-03-07,35.87230682373047
1982-03-08,61.30036544799805
1982-03-09,60.49976348876953
1982-03-10,41.29808807373047
1982-03-11,30.14350128173828
1982-03-12,24.600818634033203
1982-03-13,21.24561309814453
1982-03-14,19.222862243652344
1982-03-15,17.52370834350586
1982-03-16,17.116619110107422
1982-03-17,17.770008087158203
1982-03-18,16.94634246826172
1982-03-19,15.778534889221191
1982-03-20,15.26652717590332
1982-03-21,17.633766174316406
1982-03-22,22.833396911621094
1982-03-23,23.68689727783203
1982-03-24,19.58887481689453
1982-03-25,16.70279312133789
1982-03-26,15.205235481262207
1982-03-27,14.405233383178711
1982-03-28,13.495596885681152
1982-03-29,12.570245742797852
1982-03-30,11.827594757080078
1982-03-31,11.64171028137207
1982-04-01,11.719894409179688
1982-04-02,11.568159103393555
1982-04-03,11.35626220703125
1982-04-04,11.624307632446289
1982-04-05,11.765151977539062
1982-04-06,11.490025520324707
1982-04-07,11.40394115447998
1982-04-08,10.856929779052734
1982-04-09,11.522205352783203
1982-04-10,13.353424072265625
1982-04-11,13.585577011108398
1982-04-12,12.47994327545166
1982-04-13,11.575713157653809
1982-04-14,11.00125503540039
1982-04-15,10.540849685668945
1982-04-16,10.134797096252441
1982-04-17,9.952583312988281
1982-04-18,10.62065315246582
1982-04-19,11.233050346374512
1982-04-20,11.013340950012207
1982-04-21,11.46365737915039
1982-04-22,11.436802864074707
1982-04-23,10.488360404968262
1982-04-24,9.578056335449219
1982-04-25,8.967252731323242
1982-04-26,10.38953685760498
1982-04-27,23.448659896850586
1982-04-28,46.21279525756836
1982-04-29,45.93775177001953
1982-04-30,30.75010108947754
1982-05-01,20.742050170898438
1982-05-02,16.14521026611328
1982-05-03,14.103357315063477
1982-05-04,12.888015747070312
1982-05-05,11.533859252929688
1982-05-06,10.413434982299805
1982-05-07,9.62206745147705
1982-05-08,8.96672248840332
1982-05-09,8.640888214111328
1982-05-10,8.462434768676758
1982-05-11,7.950287818908691
1982-05-12,7.523505687713623
1982-05-13,7.221749305725098
1982-05-14,6.902282238006592
1982-05-15,6.5513014793396
1982-05-16,6.284533500671387
1982-05-17,6.485202312469482
1982-05-18,6.895524024963379
1982-05-19,7.035719394683838
1982-05-20,7.488308429718018
1982-05-21,8.54184627532959
1982-05-22,9.216107368469238
1982-05-23,9.741400718688965
1982-05-24,15.241744041442871
1982-05-25,22.732967376708984
1982-05-26,24.205486297607422
1982-05-27,22.078014373779297
1982-05-28,22.70267105102539
1982-05-29,25.98474884033203
1982-05-30,33.03990173339844
1982-05-31,34.265045166015625
1982-06-01,31.540739059448242
1982-06-02,31.13922882080078
1982-06-03,28.444459915161133
1982-06-04,32.923038482666016
1982-06-05,47.29212951660156
1982-06-06,57.48786544799805
1982-06-07,44.51899337768555
1982-06-08,26.660602569580078
1982-06-09,18.167617797851562
1982-06-10,35.392459869384766
1982-06-11,108.3720703125
1982-06-12,130.93844604492188
1982-06-13,83.85050964355469
1982-06-14,63.887046813964844
1982-06-15,57.017356872558594
1982-06-16,37.332313537597656
1982-06-17,29.765039443969727
1982-06-18,45.7293815612793
1982-06-19,59.467769622802734
1982-06-20,48.899192810058594
1982-06-21,31.44986343383789
1982-06-22,22.143028259277344
1982-06-23,17.886959075927734
1982-06-24,15.436502456665039
1982-06-25,13.07542610168457
1982-06-26,11.583574295043945
1982-06-27,10.622294425964355
1982-06-28,10.058691024780273
1982-06-29,10.732645034790039
1982-06-30,13.270977973937988
1982-07-01,13.961925506591797
1982-07-02,11.862604141235352
1982-07-03,9.892032623291016
1982-07-04,9.315211296081543
1982-07-05,10.314408302307129
1982-07-06,11.194746971130371
1982-07-07,10.289385795593262
1982-07-08,8.770036697387695
1982-07-09,8.143392562866211
1982-07-10,8.995999336242676
1982-07-11,11.013605117797852
1982-07-12,12.432037353515625
1982-07-13,13.06847095489502
1982-07-14,14.547821998596191
1982-07-15,16.8598690032959
1982-07-16,17.560688018798828
1982-07-17,15.244266510009766
1982-07-18,11.99194049835205
1982-07-19,9.78565788269043
1982-07-20,8.438536643981934
1982-07-21,7.5458221435546875
1982-07-22,6.815723419189453
1982-07-23,6.556055545806885
1982-07-24,7.338569641113281
1982-07-25,8.362739562988281
1982-07-26,8.083356857299805
1982-07-27,7.237171173095703
1982-07-28,6.601104259490967
1982-07-29,6.63691520690918
1982-07-30,7.77305793762207
1982-07-31,10.25681209564209
1982-08-01,14.407196998596191
1982-08-02,16.13787269592285
1982-08-03,12.564611434936523
1982-08-04,9.237005233764648
1982-08-05,7.549753189086914
1982-08-06,7.084149360656738
1982-08-07,6.9100165367126465
1982-08-08,6.315448760986328
1982-08-09,6.900609493255615
1982-08-10,9.134088516235352
1982-08-11,10.922327041625977
1982-08-12,13.821554183959961
1982-08-13,16.129352569580078
1982-08-14,12.898353576660156
1982-08-15,9.531652450561523
1982-08-16,7.714925765991211
1982-08-17,6.970690727233887
1982-08-18,7.571107864379883
1982-08-19,8.452088356018066
1982-08-20,7.786845684051514
1982-08-21,6.716742992401123
1982-08-22,5.848134994506836
1982-08-23,5.36564826965332
1982-08-24,5.041191101074219
1982-08-25,4.837766170501709
1982-08-26,4.7902326583862305
1982-08-27,4.709151268005371
1982-08-28,4.4686174392700195
1982-08-29,4.265044212341309
1982-08-30,4.042289733886719
1982-08-31,3.866093873977661
1982-09-01,3.8450891971588135
1982-09-02,3.9866483211517334
1982-09-03,4.092966079711914
1982-09-04,4.034769058227539
1982-09-05,3.8184309005737305
1982-09-06,3.5735208988189697
1982-09-07,3.401669979095459
1982-09-08,3.2625434398651123
1982-09-09,3.1338112354278564
1982-09-10,3.0464375019073486
1982-09-11,3.0413026809692383
1982-09-12,3.1065502166748047
1982-09-13,3.0861833095550537
1982-09-14,3.0190107822418213
1982-09-15,3.011509418487549
1982-09-16,3.0053231716156006
1982-09-17,2.897660493850708
1982-09-18,2.757805824279785
1982-09-19,2.72770357131958
1982-09-20,2.921578884124756
1982-09-21,3.223897933959961
1982-09-22,3.359001398086548
1982-09-23,3.291372299194336
1982-09-24,3.1107354164123535
1982-09-25,2.9550652503967285
1982-09-26,3.1473984718322754
1982-09-27,4.274357318878174
1982-09-28,5.4943037033081055
1982-09-29,4.74320125579834
1982-09-30,3.9553709030151367
1982-10-01,3.506998062133789
1982-10-02,3.221630096435547
1982-10-03,3.0496721267700195
1982-10-04,2.961751937866211
1982-10-05,2.8793373107910156
1982-10-06,2.8554136753082275
1982-10-07,2.8489789962768555
1982-10-08,2.903733730316162
1982-10-09,3.230050802230835
1982-10-10,3.653259754180908
1982-10-11,3.8179049491882324
1982-10-12,3.830275535583496
1982-10-13,4.541874885559082
1982-10-14,8.381290435791016
1982-10-15,12.564153671264648
1982-10-16,9.477105140686035
1982-10-17,6.676388263702393
1982-10-18,5.360594272613525
1982-10-19,4.7682905197143555
1982-10-20,4.382157325744629
1982-10-21,4.086416721343994
1982-10-22,3.9297995567321777
1982-10-23,3.7767105102539062
1982-10-24,3.6900675296783447
1982-10-25,13.886391639709473
1982-10-26,43.52363967895508
1982-10-27,54.22461700439453
1982-10-28,31.327739715576172
1982-10-29,17.758066177368164
1982-10-30,12.23488712310791
1982-10-31,9.608899116516113
1982-11-01,8.212166786193848
1982-11-02,7.3791093826293945
1982-11-03,6.864459037780762
1982-11-04,8.39248275756836
1982-11-05,15.632721900939941
1982-11-06,18.700559616088867
1982-11-07,14.086357116699219
1982-11-08,10.830400466918945
1982-11-09,9.20657730102539
1982-11-10,8.221545219421387
1982-11-11,7.562954902648926
1982-11-12,7.196280002593994
1982-11-13,8.80530071258545
1982-11-14,12.676024436950684
1982-11-15,13.735675811767578
1982-11-16,12.473725318908691
1982-11-17,11.0001859664917
1982-11-18,9.693990707397461
1982-11-19,8.916522979736328
1982-11-20,8.527942657470703
1982-11-21,8.149697303771973
1982-11-22,7.794090747833252
1982-11-23,7.560919761657715
1982-11-24,7.333145618438721
1982-11-25,7.010650634765625
1982-11-26,6.79721736907959
1982-11-27,6.679656982421875
1982-11-28,6.867536544799805
1982-11-29,8.477782249450684
1982-11-30,11.899608612060547
1982-12-01,14.02435302734375
1982-12-02,13.439667701721191
1982-12-03,12.674983978271484
1982-12-04,11.197065353393555
1982-12-05,10.063328742980957
1982-12-06,10.269953727722168
1982-12-07,12.316001892089844
1982-12-08,12.561318397521973
1982-12-09,10.826492309570312
1982-12-10,9.521737098693848
1982-12-11,9.063543319702148
1982-12-12,29.136611938476562
1982-12-13,48.85158920288086
1982-12-14,40.97901916503906
1982-12-15,26.57180404663086
1982-12-16,32.31088638305664
1982-12-17,49.08812713623047
1982-12-18,46.81584548950195
1982-12-19,31.461366653442383
1982-12-20,22.722856521606445
1982-12-21,18.72804832458496
1982-12-22,15.89140510559082
1982-12-23,13.89733600616455
1982-12-24,12.73687744140625
1982-12-25,11.947418212890625
1982-12-26,11.338937759399414
1982-12-27,10.7609281539917
1982-12-28,10.396492004394531
1982-12-29,12.109959602355957
1982-12-30,19.771455764770508
1982-12-31,26.81588363647461
1983-01-01,26.310359954833984
1983-01-02,25.010589599609375
1983-01-03,29.05992889404297
1983-01-04,32.96516418457031
1983-01-05,27.593692779541016
1983-01-06,22.20756721496582
1983-01-07,19.259212493896484
1983-01-08,16.543851852416992
1983-01-09,14.622539520263672
1983-01-10,13.380985260009766
1983-01-11,12.794173240661621
1983-01-12,12.450263977050781
1983-01-13,12.062638282775879
1983-01-14,11.511899948120117
1983-01-15,10.883694648742676
1983-01-16,10.555135726928711
1983-01-17,10.196120262145996
1983-01-18,9.802773475646973
1983-01-19,9.558367729187012
1983-01-20,9.276731491088867
1983-01-21,9.006057739257812
1983-01-22,10.45701789855957
1983-01-23,17.357254028320312
1983-01-24,26.25360107421875
1983-01-25,27.23119354248047
1983-01-26,21.59604263305664
1983-01-27,17.499338150024414
1983-01-28,15.486807823181152
1983-01-29,14.062728881835938
1983-01-30,12.860973358154297
1983-01-31,12.1630859375
1983-02-01,11.51644229888916
1983-02-02,16.29063606262207
1983-02-03,41.46126937866211
1983-02-04,59.17917251586914
1983-02-05,40.60709762573242
1983-02-06,29.050609588623047
1983-02-07,30.03011703491211
1983-02-08,32.85343933105469
1983-02-09,27.80963134765625
1983-02-10,22.864341735839844
1983-02-11,22.848100662231445
1983-02-12,26.276954650878906
1983-02-13,26.424636840820312
1983-02-14,41.85383605957031
1983-02-15,97.75200653076172
1983-02-16,126.89871215820312
1983-02-17,90.36090087890625
1983-02-18,61.904232025146484
1983-02-19,44.297080993652344
1983-02-20,33.38182067871094
1983-02-21,27.372215270996094
1983-02-22,23.403766632080078
1983-02-23,26.388574600219727
1983-02-24,37.99747085571289
1983-02-25,44.06731414794922
1983-02-26,39.0898551940918
1983-02-27,31.966537475585938
1983-02-28,25.998167037963867
1983-03-01,28.174842834472656
1983-03-02,43.092933654785156
1983-03-03,46.973243713378906
1983-03-04,35.08826446533203
1983-03-05,27.142284393310547
1983-03-06,30.97188949584961
1983-03-07,49.77836227416992
1983-03-08,59.01853561401367
1983-03-09,54.16386413574219
1983-03-10,49.40618896484375
1983-03-11,49.750301361083984
1983-03-12,47.61594772338867
1983-03-13,38.50239944458008
1983-03-14,29.744853973388672
1983-03-15,24.35649871826172
1983-03-16,21.903778076171875
1983-03-17,22.310253143310547
1983-03-18,67.44176483154297
1983-03-19,153.1147918701172
1983-03-20,153.9013671875
1983-03-21,97.20344543457031
1983-03-22,77.47113037109375
1983-03-23,59.8798713684082
1983-03-24,43.22844314575195
1983-03-25,34.949459075927734
1983-03-26,30.810428619384766
1983-03-27,34.999122619628906
1983-03-28,59.88564682006836
1983-03-29,68.81580352783203
1983-03-30,48.171661376953125
1983-03-31,37.45481491088867
1983-04-01,37.97084426879883
1983-04-02,56.44386672973633
1983-04-03,107.08578491210938
1983-04-04,130.41506958007812
1983-04-05,86.27017974853516
1983-04-06,57.22579574584961
1983-04-07,47.73468780517578
1983-04-08,44.45738220214844
1983-04-09,54.594913482666016
1983-04-10,89.95510864257812
1983-04-11,105.65245056152344
1983-04-12,71.67262268066406
1983-04-13,48.74263381958008
1983-04-14,37.55864715576172
1983-04-15,73.85134887695312
1983-04-16,147.36012268066406
1983-04-17,131.78915405273438
1983-04-18,86.6567153930664
1983-04-19,78.09745025634766
1983-04-20,66.07554626464844
1983-04-21,47.642662048339844
1983-04-22,37.220855712890625
1983-04-23,36.6234130859375
1983-04-24,65.80840301513672
1983-04-25,92.45912170410156
1983-04-26,77.44126892089844
1983-04-27,51.811275482177734
1983-04-28,38.66150665283203
1983-04-29,31.853988647460938
1983-04-30,27.806076049804688
1983-05-01,25.324024200439453
1983-05-02,23.49662971496582
1983-05-03,22.047531127929688
1983-05-04,23.69379997253418
1983-05-05,26.737558364868164
1983-05-06,25.313331604003906
1983-05-07,22.053699493408203
1983-05-08,19.97626495361328
1983-05-09,19.210453033447266
1983-05-10,18.663131713867188
1983-05-11,17.30044937133789
1983-05-12,16.331562042236328
1983-05-13,15.559721946716309
1983-05-14,15.204371452331543
1983-05-15,15.640775680541992
1983-05-16,16.890714645385742
1983-05-17,18.625587463378906
1983-05-18,18.958383560180664
1983-05-19,16.588668823242188
1983-05-20,19.107177734375
1983-05-21,30.63225555419922
1983-05-22,36.26258087158203
1983-05-23,32.24492263793945
1983-05-24,25.503578186035156
1983-05-25,20.04323959350586
1983-05-26,16.918807983398438
1983-05-27,15.450701713562012
1983-05-28,14.181334495544434
1983-05-29,13.190347671508789
1983-05-30,14.164104461669922
1983-05-31,16.333942413330078
1983-06-01,15.771669387817383
1983-06-02,13.791755676269531
1983-06-03,12.235658645629883
1983-06-04,11.593914031982422
1983-06-05,11.780232429504395
1983-06-06,11.778350830078125
1983-06-07,12.085463523864746
1983-06-08,18.13311767578125
1983-06-09,25.112070083618164
1983-06-10,21.641225814819336
1983-06-11,15.905584335327148
1983-06-12,12.625816345214844
1983-06-13,10.964876174926758
1983-06-14,10.121223449707031
1983-06-15,10.008646011352539
1983-06-16,10.55708122253418
1983-06-17,10.42646312713623
1983-06-18,9.593815803527832
1983-06-19,9.572188377380371
1983-06-20,10.490327835083008
1983-06-21,12.441324234008789
1983-06-22,14.712061882019043
1983-06-23,13.95860481262207
1983-06-24,11.766071319580078
1983-06-25,9.798195838928223
1983-06-26,8.579248428344727
1983-06-27,7.765100479125977
1983-06-28,7.39777946472168
1983-06-29,7.753115653991699
1983-06-30,9.21501636505127
1983-07-01,10.506559371948242
1983-07-02,10.787534713745117
1983-07-03,10.051730155944824
1983-07-04,8.810853958129883
1983-07-05,8.389030456542969
1983-07-06,8.730086326599121
1983-07-07,8.44297981262207
1983-07-08,7.3990068435668945
1983-07-09,6.4576191902160645
1983-07-10,5.8853044509887695
1983-07-11,5.467519283294678
1983-07-12,5.248112678527832
1983-07-13,5.080219268798828
1983-07-14,4.790426254272461
1983-07-15,4.493478298187256
1983-07-16,4.3169050216674805
1983-07-17,4.138601779937744
1983-07-18,3.9567668437957764
1983-07-19,4.027820587158203
1983-07-20,4.229016304016113
1983-07-21,4.065217971801758
1983-07-22,3.896822929382324
1983-07-23,3.9090681076049805
1983-07-24,4.170467853546143
1983-07-25,4.384181976318359
1983-07-26,4.5174784660339355
1983-07-27,4.491580486297607
1983-07-28,4.2715373039245605
1983-07-29,3.8537936210632324
1983-07-30,3.5168709754943848
1983-07-31,3.3250439167022705
1983-08-01,3.270738124847412
1983-08-02,3.451897621154785
1983-08-03,3.703436851501465
1983-08-04,3.752288818359375
1983-08-05,3.6720900535583496
1983-08-06,3.5404796600341797
1983-08-07,3.608106851577759
1983-08-08,3.695127248764038
1983-08-09,3.4928767681121826
1983-08-10,3.252326488494873
1983-08-11,3.0710947513580322
1983-08-12,3.038912296295166
1983-08-13,3.2072184085845947
1983-08-14,3.284900188446045
1983-08-15,3.045196056365967
1983-08-16,2.8044180870056152
1983-08-17,2.6607589721679688
1983-08-18,2.5536110401153564
1983-08-19,2.4387943744659424
1983-08-20,2.3250622749328613
1983-08-21,2.2254581451416016
1983-08-22,2.173325538635254
1983-08-23,2.2419610023498535
1983-08-24,2.6471197605133057
1983-08-25,3.4416306018829346
1983-08-26,3.751823663711548
1983-08-27,3.316305637359619
1983-08-28,2.9072461128234863
1983-08-29,2.657909870147705
1983-08-30,2.469616174697876
1983-08-31,2.311495542526245
1983-09-01,2.206284284591675
1983-09-02,2.2837867736816406
1983-09-03,2.5761685371398926
1983-09-04,2.722839593887329
1983-09-05,2.5575461387634277
1983-09-06,2.384723663330078
1983-09-07,2.2311043739318848
1983-09-08,2.0927345752716064
1983-09-09,1.9905422925949097
1983-09-10,1.9317175149917603
1983-09-11,1.9001975059509277
1983-09-12,1.857788324356079
1983-09-13,1.9238338470458984
1983-09-14,2.926957845687866
1983-09-15,5.394869804382324
1983-09-16,6.34687614440918
1983-09-17,4.664013862609863
1983-09-18,3.5281126499176025
1983-09-19,2.9683806896209717
1983-09-20,2.649108409881592
1983-09-21,2.6165904998779297
1983-09-22,3.095388412475586
1983-09-23,3.5666213035583496
1983-09-24,3.2068381309509277
1983-09-25,2.855398178100586
1983-09-26,2.624568462371826
1983-09-27,2.4651880264282227
1983-09-28,2.3605473041534424
1983-09-29,2.299962043762207
1983-09-30,2.3320226669311523
1983-10-01,2.6033284664154053
1983-10-02,2.8595478534698486
1983-10-03,2.7388806343078613
1983-10-04,2.565426826477051
1983-10-05,2.4245731830596924
1983-10-06,2.3928451538085938
1983-10-07,2.4028334617614746
1983-10-08,2.3227789402008057
1983-10-09,2.2458605766296387
1983-10-10,2.234055995941162
1983-10-11,2.2897520065307617
1983-10-12,2.591733694076538
1983-10-13,3.3075382709503174
1983-10-14,4.049217700958252
1983-10-15,4.303582191467285
1983-10-16,3.730982780456543
1983-10-17,3.2391343116760254
1983-10-18,2.96877384185791
1983-10-19,2.7914512157440186
1983-10-20,2.686398983001709
1983-10-21,2.8178577423095703
1983-10-22,3.450669050216675
1983-10-23,5.02861213684082
1983-10-24,10.477293968200684
1983-10-25,17.07764434814453
1983-10-26,15.775138854980469
1983-10-27,11.524917602539062
1983-10-28,7.73826789855957
1983-10-29,5.888962268829346
1983-10-30,4.874436378479004
1983-10-31,4.338089942932129
1983-11-01,4.075571060180664
1983-11-02,3.9709856510162354
1983-11-03,3.86804461479187
1983-11-04,3.8907065391540527
1983-11-05,4.132597923278809
1983-11-06,4.254762649536133
1983-11-07,4.146246910095215
1983-11-08,4.078750133514404
1983-11-09,3.9135959148406982
1983-11-10,4.77199125289917
1983-11-11,8.682997703552246
1983-11-12,11.747421264648438
1983-11-13,8.84901237487793
1983-11-14,6.759657859802246
1983-11-15,8.062674522399902
1983-11-16,19.839250564575195
1983-11-17,28.850997924804688
1983-11-18,19.37253189086914
1983-11-19,12.490314483642578
1983-11-20,10.111226081848145
1983-11-21,13.794981002807617
1983-11-22,19.15069007873535
1983-11-23,16.10228729248047
1983-11-24,14.08491039276123
1983-11-25,63.02580261230469
1983-11-26,113.50881958007812
1983-11-27,69.31736755371094
1983-11-28,35.12562561035156
1983-11-29,22.201847076416016
1983-11-30,17.828763961791992
1983-12-01,14.431028366088867
1983-12-02,12.223718643188477
1983-12-03,12.039222717285156
1983-12-04,28.64073944091797
1983-12-05,57.348628997802734
1983-12-06,63.04667663574219
1983-12-07,70.24604034423828
1983-12-08,59.322044372558594
1983-12-09,35.05085372924805
1983-12-10,23.285381317138672
1983-12-11,18.231578826904297
1983-12-12,35.38321304321289
1983-12-13,89.36842346191406
1983-12-14,100.81025695800781
1983-12-15,56.47560119628906
1983-12-16,34.49662399291992
1983-12-17,24.70302963256836
1983-12-18,19.830780029296875
1983-12-19,17.283992767333984
1983-12-20,16.016633987426758
1983-12-21,14.887304306030273
1983-12-22,19.013214111328125
1983-12-23,31.09564971923828
1983-12-24,33.48567199707031
1983-12-25,25.220684051513672
1983-12-26,19.71410369873047
1983-12-27,17.079051971435547
1983-12-28,23.864709854125977
1983-12-29,56.85682678222656
1983-12-30,73.11582946777344
1983-12-31,52.082069396972656
1984-01-01,33.26235580444336
1984-01-02,24.72123146057129
1984-01-03,21.044540405273438
1984-01-04,19.047340393066406
1984-01-05,17.933147430419922
1984-01-06,17.489486694335938
1984-01-07,16.888957977294922
1984-01-08,15.662676811218262
1984-01-09,14.511497497558594
1984-01-10,23.679676055908203
1984-01-11,77.69174194335938
1984-01-12,107.728759765625
1984-01-13,72.61087799072266
1984-01-14,45.29451370239258
1984-01-15,36.73003005981445
1984-01-16,31.500869750976562
1984-01-17,26.113624572753906
1984-01-18,26.547550201416016
1984-01-19,49.112388610839844
1984-01-20,59.76751708984375
1984-01-21,45.21830368041992
1984-01-22,33.448211669921875
1984-01-23,26.490869522094727
1984-01-24,26.64121437072754
1984-01-25,39.94390869140625
1984-01-26,48.10386276245117
1984-01-27,39.27229690551758
1984-01-28,30.56745147705078
1984-01-29,25.595352172851562
1984-01-30,22.544418334960938
1984-01-31,21.106718063354492
1984-02-01,20.124095916748047
1984-02-02,18.257368087768555
1984-02-03,17.44898796081543
1984-02-04,19.953147888183594
1984-02-05,23.28318214416504
1984-02-06,23.697662353515625
1984-02-07,22.99054718017578
1984-02-08,20.755271911621094
1984-02-09,18.21479034423828
1984-02-10,17.329904556274414
1984-02-11,17.278759002685547
1984-02-12,17.41389274597168
1984-02-13,17.099374771118164
1984-02-14,73.82490539550781
1984-02-15,152.1900634765625
1984-02-16,135.30181884765625
1984-02-17,71.90013885498047
1984-02-18,43.96977996826172
1984-02-19,31.895151138305664
1984-02-20,25.906631469726562
1984-02-21,22.47846794128418
1984-02-22,19.877500534057617
1984-02-23,40.44466018676758
1984-02-24,96.03498840332031
1984-02-25,109.14911651611328
1984-02-26,66.72491455078125
1984-02-27,56.2786750793457
1984-02-28,84.9808349609375
1984-02-29,95.76046752929688
1984-03-01,67.0701904296875
1984-03-02,45.614566802978516
1984-03-03,34.00861740112305
1984-03-04,27.854331970214844
1984-03-05,29.65631866455078
1984-03-06,79.94654846191406
1984-03-07,124.09431457519531
1984-03-08,102.84808349609375
1984-03-09,64.91422271728516
1984-03-10,44.989646911621094
1984-03-11,34.616329193115234
1984-03-12,28.695241928100586
1984-03-13,32.60210037231445
1984-03-14,50.183189392089844
1984-03-15,54.597137451171875
1984-03-16,40.799625396728516
1984-03-17,32.32039260864258
1984-03-18,27.12203598022461
1984-03-19,25.988628387451172
1984-03-20,29.312911987304688
1984-03-21,50.63317108154297
1984-03-22,67.1102294921875
1984-03-23,56.37185287475586
1984-03-24,38.91776657104492
1984-03-25,33.53277587890625
1984-03-26,44.88536834716797
1984-03-27,54.274513244628906
1984-03-28,54.564537048339844
1984-03-29,148.50961303710938
1984-03-30,209.99305725097656
1984-03-31,125.84696197509766
1984-04-01,70.43304443359375
1984-04-02,46.82521057128906
1984-04-03,36.75656509399414
1984-04-04,35.330726623535156
1984-04-05,56.279850006103516
1984-04-06,67.97489166259766
1984-04-07,51.49919128417969
1984-04-08,38.58839416503906
1984-04-09,33.75701904296875
1984-04-10,43.34150695800781
1984-04-11,59.619384765625
1984-04-12,57.59621047973633
1984-04-13,43.478118896484375
1984-04-14,35.022056579589844
1984-04-15,30.87681770324707
1984-04-16,28.590696334838867
1984-04-17,26.06962013244629
1984-04-18,23.794885635375977
1984-04-19,21.983875274658203
1984-04-20,20.470001220703125
1984-04-21,19.379802703857422
1984-04-22,18.7701416015625
1984-04-23,22.80816650390625
1984-04-24,31.165908813476562
1984-04-25,31.681076049804688
1984-04-26,25.535974502563477
1984-04-27,21.490764617919922
1984-04-28,19.49036979675293
1984-04-29,18.4898681640625
1984-04-30,17.989055633544922
1984-05-01,17.86565589904785
1984-05-02,17.331127166748047
1984-05-03,17.653549194335938
1984-05-04,20.8763370513916
1984-05-05,23.02787971496582
1984-05-06,21.515987396240234
1984-05-07,34.43796157836914
1984-05-08,62.44199752807617
1984-05-09,69.4863052368164
1984-05-10,50.30879592895508
1984-05-11,34.03397750854492
1984-05-12,25.671504974365234
1984-05-13,21.498804092407227
1984-05-14,19.124759674072266
1984-05-15,17.366832733154297
1984-05-16,15.895098686218262
1984-05-17,14.749561309814453
1984-05-18,13.853935241699219
1984-05-19,13.290163040161133
1984-05-20,12.811756134033203
1984-05-21,12.146285057067871
1984-05-22,11.541934967041016
1984-05-23,12.477080345153809
1984-05-24,16.598947525024414
1984-05-25,18.854293823242188
1984-05-26,15.655279159545898
1984-05-27,14.33277702331543
1984-05-28,19.169857025146484
1984-05-29,33.94386291503906
1984-05-30,52.14069366455078
1984-05-31,54.1496467590332
1984-06-01,37.54835510253906
1984-06-02,25.65612030029297
1984-06-03,19.612802505493164
1984-06-04,16.073246002197266
1984-06-05,13.800870895385742
1984-06-06,12.42284107208252
1984-06-07,11.626298904418945
1984-06-08,11.109783172607422
1984-06-09,10.652376174926758
1984-06-10,9.982050895690918
1984-06-11,9.282354354858398
1984-06-12,8.810894012451172
1984-06-13,8.50985050201416
1984-06-14,8.21399211883545
1984-06-15,8.139396667480469
1984-06-16,8.416446685791016
1984-06-17,9.271310806274414
1984-06-18,10.579045295715332
1984-06-19,10.352916717529297
1984-06-20,9.181204795837402
1984-06-21,8.443940162658691
1984-06-22,8.109071731567383
1984-06-23,7.798989295959473
1984-06-24,7.439425468444824
1984-06-25,7.4764404296875
1984-06-26,7.478401184082031
1984-06-27,6.906036376953125
1984-06-28,6.937727928161621
1984-06-29,8.906709671020508
1984-06-30,12.051118850708008
1984-07-01,14.172192573547363
1984-07-02,13.881393432617188
1984-07-03,11.780858993530273
1984-07-04,10.36783504486084
1984-07-05,9.444840431213379
1984-07-06,11.509695053100586
1984-07-07,15.983154296875
1984-07-08,17.542814254760742
1984-07-09,15.082188606262207
1984-07-10,11.174924850463867
1984-07-11,10.371047973632812
1984-07-12,11.592056274414062
1984-07-13,12.096929550170898
1984-07-14,14.942648887634277
1984-07-15,17.35785675048828
1984-07-16,15.596717834472656
1984-07-17,15.35044002532959
1984-07-18,30.749252319335938
1984-07-19,61.14945983886719
1984-07-20,55.42549133300781
1984-07-21,32.89659881591797
1984-07-22,25.710399627685547
1984-07-23,22.18006134033203
1984-07-24,17.52558708190918
1984-07-25,14.392936706542969
1984-07-26,16.288087844848633
1984-07-27,32.1566276550293
1984-07-28,63.98339080810547
1984-07-29,108.67261505126953
1984-07-30,132.52110290527344
1984-07-31,99.00128936767578
1984-08-01,54.419395446777344
1984-08-02,35.952999114990234
1984-08-03,28.655948638916016
1984-08-04,23.516775131225586
1984-08-05,18.93865394592285
1984-08-06,16.073862075805664
1984-08-07,14.333515167236328
1984-08-08,13.211597442626953
1984-08-09,13.092881202697754
1984-08-10,15.408967971801758
1984-08-11,23.662883758544922
1984-08-12,41.50326919555664
1984-08-13,59.078914642333984
1984-08-14,61.57109069824219
1984-08-15,49.59743118286133
1984-08-16,33.38991928100586
1984-08-17,22.800960540771484
1984-08-18,17.366125106811523
1984-08-19,14.693796157836914
1984-08-20,13.503976821899414
1984-08-21,12.47569465637207
1984-08-22,11.217643737792969
1984-08-23,10.281007766723633
1984-08-24,9.695318222045898
1984-08-25,9.275693893432617
1984-08-26,8.824121475219727
1984-08-27,8.370973587036133
1984-08-28,8.213061332702637
1984-08-29,8.621912956237793
1984-08-30,9.7604341506958
1984-08-31,11.596097946166992
1984-09-01,13.63472843170166
1984-09-02,13.418270111083984
1984-09-03,10.892921447753906
1984-09-04,9.624420166015625
1984-09-05,9.677403450012207
1984-09-06,9.500743865966797
1984-09-07,8.6509370803833
1984-09-08,7.949620723724365
1984-09-09,7.462502479553223
1984-09-10,7.168499946594238
1984-09-11,6.9753007888793945
1984-09-12,6.779928684234619
1984-09-13,6.552557468414307
1984-09-14,6.43553352355957
1984-09-15,6.303661346435547
1984-09-16,6.085309982299805
1984-09-17,5.870063781738281
1984-09-18,5.692175388336182
1984-09-19,5.582840442657471
1984-09-20,5.470680236816406
1984-09-21,5.373547554016113
1984-09-22,5.22368049621582
1984-09-23,5.021788120269775
1984-09-24,4.847055912017822
1984-09-25,4.760923385620117
1984-09-26,4.781891822814941
1984-09-27,4.817059516906738
1984-09-28,4.951353073120117
1984-09-29,4.821892261505127
1984-09-30,4.770956516265869
1984-10-01,10.238603591918945
1984-10-02,18.142343521118164
1984-10-03,17.29070472717285
1984-10-04,11.811022758483887
1984-10-05,8.828328132629395
1984-10-06,7.4655022621154785
1984-10-07,6.738383769989014
1984-10-08,6.259476184844971
1984-10-09,5.947803497314453
1984-10-10,5.703939914703369
1984-10-11,5.495841026306152
1984-10-12,5.292816162109375
1984-10-13,5.132673263549805
1984-10-14,4.989537239074707
1984-10-15,4.90841007232666
1984-10-16,4.82012939453125
1984-10-17,4.777655601501465
1984-10-18,4.949752330780029
1984-10-19,5.2029595375061035
1984-10-20,5.239063262939453
1984-10-21,4.988955497741699
1984-10-22,4.872946262359619
1984-10-23,5.004240989685059
1984-10-24,5.164223670959473
1984-10-25,5.08882999420166
1984-10-26,5.039368152618408
1984-10-27,4.96047306060791
1984-10-28,4.832296371459961
1984-10-29,4.781528472900391
1984-10-30,5.089773654937744
1984-10-31,5.419794082641602
1984-11-01,5.354313373565674
1984-11-02,5.237789630889893
1984-11-03,5.112736701965332
1984-11-04,5.079629898071289
1984-11-05,5.329409599304199
1984-11-06,5.7026543617248535
1984-11-07,5.611657619476318
1984-11-08,5.4106597900390625
1984-11-09,5.290764808654785
1984-11-10,5.205815315246582
1984-11-11,5.2900590896606445
1984-11-12,5.734012603759766
1984-11-13,6.059976577758789
1984-11-14,5.815456867218018
1984-11-15,5.626375675201416
1984-11-16,5.472591400146484
1984-11-17,5.325532913208008
1984-11-18,5.310234069824219
1984-11-19,5.434501647949219
1984-11-20,5.982250213623047
1984-11-21,6.645345211029053
1984-11-22,6.282090187072754
1984-11-23,5.876006603240967
1984-11-24,5.700912952423096
1984-11-25,5.601155757904053
1984-11-26,5.5645527839660645
1984-11-27,5.556352138519287
1984-11-28,6.452120780944824
1984-11-29,9.975871086120605
1984-11-30,12.499780654907227
1984-12-01,10.035588264465332
1984-12-02,8.206100463867188
1984-12-03,8.518370628356934
1984-12-04,10.567543029785156
1984-12-05,13.237165451049805
1984-12-06,18.369224548339844
1984-12-07,20.61367416381836
1984-12-08,16.230640411376953
1984-12-09,12.439703941345215
1984-12-10,10.563922882080078
1984-12-11,9.510446548461914
1984-12-12,8.849091529846191
1984-12-13,8.374866485595703
1984-12-14,7.996374130249023
1984-12-15,7.789004325866699
1984-12-16,7.575063705444336
1984-12-17,7.355797290802002
1984-12-18,7.238029479980469
1984-12-19,7.060957908630371
1984-12-20,6.9190239906311035
1984-12-21,7.055742263793945
1984-12-22,7.516712665557861
1984-12-23,7.8333306312561035
1984-12-24,7.694886207580566
1984-12-25,7.346982002258301
1984-12-26,6.965804576873779
1984-12-27,6.79501485824585
1984-12-28,6.680990219116211
1984-12-29,6.570516109466553
1984-12-30,6.405817031860352
1984-12-31,6.302376747131348
1985-01-01,6.2768378257751465
1985-01-02,6.358401298522949
1985-01-03,27.268714904785156
1985-01-04,85.23171997070312
1985-01-05,101.75616455078125
1985-01-06,66.77978515625
1985-01-07,37.44114685058594
1985-01-08,24.405010223388672
1985-01-09,18.542882919311523
1985-01-10,15.386518478393555
1985-01-11,13.531468391418457
1985-01-12,12.551734924316406
1985-01-13,11.612198829650879
1985-01-14,10.743159294128418
1985-01-15,10.118505477905273
1985-01-16,9.645522117614746
1985-01-17,9.434039115905762
1985-01-18,9.823968887329102
1985-01-19,10.167728424072266
1985-01-20,9.755508422851562
1985-01-21,9.23262882232666
1985-01-22,8.89413070678711
1985-01-23,8.793916702270508
1985-01-24,8.516517639160156
1985-01-25,8.347634315490723
1985-01-26,8.265321731567383
1985-01-27,8.095466613769531
1985-01-28,8.117098808288574
1985-01-29,8.66696834564209
1985-01-30,9.232648849487305
1985-01-31,10.185600280761719
1985-02-01,36.8673095703125
1985-02-02,120.10292053222656
1985-02-03,155.3640899658203
1985-02-04,100.06706237792969
1985-02-05,55.56222915649414
1985-02-06,43.304710388183594
1985-02-07,49.752132415771484
1985-02-08,47.350257873535156
1985-02-09,35.95726013183594
1985-02-10,27.423885345458984
1985-02-11,23.516448974609375
1985-02-12,36.84007263183594
1985-02-13,60.45618438720703
1985-02-14,58.699440002441406
1985-02-15,40.59298324584961
1985-02-16,29.532176971435547
1985-02-17,23.82685089111328
1985-02-18,20.692710876464844
1985-02-19,18.7701473236084
1985-02-20,17.817302703857422
1985-02-21,16.891069412231445
1985-02-22,15.663291931152344
1985-02-23,15.00271987915039
1985-02-24,14.43343448638916
1985-02-25,14.040374755859375
1985-02-26,22.491477966308594
1985-02-27,40.211368560791016
1985-02-28,41.24443817138672
1985-03-01,29.3267765045166
1985-03-02,22.30994987487793
1985-03-03,18.749141693115234
1985-03-04,16.63684844970703
1985-03-05,15.350695610046387
1985-03-06,14.423431396484375
1985-03-07,13.518451690673828
1985-03-08,12.876964569091797
1985-03-09,12.542851448059082
1985-03-10,12.181994438171387
1985-03-11,11.712409973144531
1985-03-12,11.517078399658203
1985-03-13,11.279573440551758
1985-03-14,10.869915008544922
1985-03-15,10.617246627807617
1985-03-16,10.351030349731445
1985-03-17,10.04561710357666
1985-03-18,9.905745506286621
1985-03-19,9.536300659179688
1985-03-20,9.252242088317871
1985-03-21,9.27977180480957
1985-03-22,10.942358016967773
1985-03-23,17.41611671447754
1985-03-24,23.70269775390625
1985-03-25,23.950031280517578
1985-03-26,20.904342651367188
1985-03-27,16.804447174072266
1985-03-28,14.438581466674805
1985-03-29,12.880342483520508
1985-03-30,11.814653396606445
1985-03-31,11.1095609664917
1985-04-01,10.67245101928711
1985-04-02,10.319828033447266
1985-04-03,9.881509780883789
1985-04-04,9.539406776428223
1985-04-05,9.30235767364502
1985-04-06,9.166637420654297
1985-04-07,9.274675369262695
1985-04-08,9.208351135253906
1985-04-09,8.849954605102539
1985-04-10,8.334638595581055
1985-04-11,7.924688339233398
1985-04-12,7.800528526306152
1985-04-13,7.6818695068359375
1985-04-14,7.578088760375977
1985-04-15,7.458817005157471
1985-04-16,7.43489933013916
1985-04-17,7.824212074279785
1985-04-18,8.192656517028809
1985-04-19,7.743152618408203
1985-04-20,7.262868881225586
1985-04-21,6.82547664642334
1985-04-22,6.458104610443115
1985-04-23,6.137603282928467
1985-04-24,5.906149864196777
1985-04-25,5.924961090087891
1985-04-26,6.10115385055542
1985-04-27,6.0302324295043945
1985-04-28,5.879024028778076
1985-04-29,5.807138919830322
1985-04-30,5.577009677886963
1985-05-01,5.251471042633057
1985-05-02,5.126664638519287
1985-05-03,6.273136615753174
1985-05-04,8.68808364868164
1985-05-05,9.055781364440918
1985-05-06,7.602468490600586
1985-05-07,6.492615699768066
1985-05-08,5.696195602416992
1985-05-09,5.218632698059082
1985-05-10,5.029026508331299
1985-05-11,4.992310523986816
1985-05-12,5.047404766082764
1985-05-13,5.079486846923828
1985-05-14,5.02427339553833
1985-05-15,4.836175918579102
1985-05-16,5.327893257141113
1985-05-17,8.646984100341797
1985-05-18,12.173091888427734
1985-05-19,9.925613403320312
1985-05-20,7.4982099533081055
1985-05-21,6.576552867889404
1985-05-22,6.581274032592773
1985-05-23,9.012736320495605
1985-05-24,12.645209312438965
1985-05-25,13.945414543151855
1985-05-26,12.014209747314453
1985-05-27,8.931135177612305
1985-05-28,6.9555864334106445
1985-05-29,5.856713771820068
1985-05-30,5.220504283905029
1985-05-31,4.781299591064453
1985-06-01,4.530835151672363
1985-06-02,4.297863483428955
1985-06-03,4.002397537231445
1985-06-04,3.7958996295928955
1985-06-05,4.050192356109619
1985-06-06,5.980698585510254
1985-06-07,8.98798656463623
1985-06-08,9.985366821289062
1985-06-09,10.67221736907959
1985-06-10,9.717144012451172
1985-06-11,7.3444132804870605
1985-06-12,6.618673324584961
1985-06-13,7.354720592498779
1985-06-14,7.044651031494141
1985-06-15,5.730127334594727
1985-06-16,5.140980243682861
1985-06-17,5.425992012023926
1985-06-18,5.489638805389404
1985-06-19,4.726713180541992
1985-06-20,4.146396636962891
1985-06-21,3.789473056793213
1985-06-22,3.506319046020508
1985-06-23,3.294400215148926
1985-06-24,3.1532211303710938
1985-06-25,3.038081645965576
1985-06-26,2.9168965816497803
1985-06-27,2.811898708343506
1985-06-28,2.674252510070801
1985-06-29,2.6154234409332275
1985-06-30,2.854989528656006
1985-07-01,3.690014123916626
1985-07-02,4.746963024139404
1985-07-03,4.920223236083984
1985-07-04,4.413460731506348
1985-07-05,4.049241542816162
1985-07-06,4.084812164306641
1985-07-07,4.212262153625488
1985-07-08,4.098606109619141
1985-07-09,3.6333675384521484
1985-07-10,3.2854740619659424
1985-07-11,3.4232373237609863
1985-07-12,4.055930137634277
1985-07-13,5.45382022857666
1985-07-14,7.691286563873291
1985-07-15,8.175832748413086
1985-07-16,6.865321636199951
1985-07-17,6.135862350463867
1985-07-18,5.6066765785217285
1985-07-19,4.5304694175720215
1985-07-20,3.705838680267334
1985-07-21,3.2154769897460938
1985-07-22,3.0612993240356445
1985-07-23,3.6750102043151855
1985-07-24,5.001993179321289
1985-07-25,11.3004789352417
1985-07-26,26.47679901123047
1985-07-27,36.01322937011719
1985-07-28,39.43134307861328
1985-07-29,40.95012664794922
1985-07-30,31.80422592163086
1985-07-31,21.52615737915039
1985-08-01,23.170333862304688
1985-08-02,28.87244987487793
1985-08-03,24.71973991394043
1985-08-04,15.953076362609863
1985-08-05,10.791229248046875
1985-08-06,8.167396545410156
1985-08-07,6.891143798828125
1985-08-08,6.834744930267334
1985-08-09,9.41771125793457
1985-08-10,11.143294334411621
1985-08-11,9.441834449768066
1985-08-12,7.3393988609313965
1985-08-13,6.049872875213623
1985-08-14,5.238994121551514
1985-08-15,4.666657447814941
1985-08-16,4.264449119567871
1985-08-17,5.243895530700684
1985-08-18,29.690265655517578
1985-08-19,59.54264450073242
1985-08-20,54.11088180541992
1985-08-21,42.729400634765625
1985-08-22,51.908206939697266
1985-08-23,44.81035614013672
1985-08-24,25.995769500732422
1985-08-25,20.50882911682129
1985-08-26,29.53651237487793
1985-08-27,38.28850173950195
1985-08-28,35.707725524902344
1985-08-29,26.42580795288086
1985-08-30,19.494354248046875
1985-08-31,18.847612380981445
1985-09-01,17.230846405029297
1985-09-02,13.428909301757812
1985-09-03,10.709531784057617
1985-09-04,9.05207633972168
1985-09-05,7.883254051208496
1985-09-06,7.035922050476074
1985-09-07,6.402294158935547
1985-09-08,5.969197750091553
1985-09-09,5.720080375671387
1985-09-10,5.528280258178711
1985-09-11,5.294403076171875
1985-09-12,5.173023700714111
1985-09-13,5.163917064666748
1985-09-14,4.936646461486816
1985-09-15,4.734933376312256
1985-09-16,4.543387413024902
1985-09-17,4.371435642242432
1985-09-18,4.221863746643066
1985-09-19,4.079608917236328
1985-09-20,3.946298360824585
1985-09-21,3.819218635559082
1985-09-22,3.7591724395751953
1985-09-23,3.782909870147705
1985-09-24,3.770717144012451
1985-09-25,3.730692148208618
1985-09-26,3.7244699001312256
1985-09-27,3.787402391433716
1985-09-28,3.8917131423950195
1985-09-29,3.773266315460205
1985-09-30,3.5927090644836426
1985-10-01,3.45615291595459
1985-10-02,3.5337889194488525
1985-10-03,4.957488059997559
1985-10-04,9.343015670776367
1985-10-05,12.569218635559082
1985-10-06,11.044062614440918
1985-10-07,8.045209884643555
1985-10-08,6.282839775085449
1985-10-09,5.334481239318848
1985-10-10,4.777205944061279
1985-10-11,4.43429708480835
1985-10-12,4.2329301834106445
1985-10-13,4.139944553375244
1985-10-14,3.9529178142547607
1985-10-15,3.9045047760009766
1985-10-16,4.296632766723633
1985-10-17,4.7493696212768555
1985-10-18,4.5862250328063965
1985-10-19,4.196178436279297
1985-10-20,3.904975414276123
1985-10-21,3.9244635105133057
1985-10-22,4.826566696166992
1985-10-23,6.106441020965576
1985-10-24,6.029016494750977
1985-10-25,5.363176345825195
1985-10-26,4.775307655334473
1985-10-27,4.354724884033203
1985-10-28,4.1103410720825195
1985-10-29,3.9450178146362305
1985-10-30,3.8369641304016113
1985-10-31,3.946075677871704
1985-11-01,4.5506744384765625
1985-11-02,6.539713382720947
1985-11-03,11.485604286193848
1985-11-04,30.723806381225586
1985-11-05,56.423057556152344
1985-11-06,57.05990982055664
1985-11-07,36.00909423828125
1985-11-08,21.550464630126953
1985-11-09,14.856388092041016
1985-11-10,11.789461135864258
1985-11-11,10.115850448608398
1985-11-12,9.078275680541992
1985-11-13,8.721025466918945
1985-11-14,8.92974853515625
1985-11-15,8.818714141845703
1985-11-16,8.293932914733887
1985-11-17,7.883031368255615
1985-11-18,7.697741508483887
1985-11-19,7.411015033721924
1985-11-20,7.4762187004089355
1985-11-21,52.761322021484375
1985-11-22,177.01625061035156
1985-11-23,211.2544403076172
1985-11-24,127.63118743896484
1985-11-25,60.566314697265625
1985-11-26,34.7413330078125
1985-11-27,24.862930297851562
1985-11-28,20.12984848022461
1985-11-29,19.399654388427734
1985-11-30,51.47649002075195
1985-12-01,94.214111328125
1985-12-02,88.3200454711914
1985-12-03,57.77568054199219
1985-12-04,38.197776794433594
1985-12-05,27.03388786315918
1985-12-06,21.846826553344727
1985-12-07,19.046655654907227
1985-12-08,16.986995697021484
1985-12-09,15.511067390441895
1985-12-10,14.480173110961914
1985-12-11,13.687347412109375
1985-12-12,13.274802207946777
1985-12-13,17.151273727416992
1985-12-14,29.739727020263672
1985-12-15,32.00988006591797
1985-12-16,24.451370239257812
1985-12-17,19.30127716064453
1985-12-18,16.52203369140625
1985-12-19,14.9998197555542
1985-12-20,13.971198081970215
1985-12-21,13.166060447692871
1985-12-22,12.503984451293945
1985-12-23,11.902907371520996
1985-12-24,11.548349380493164
1985-12-25,11.168365478515625
1985-12-26,10.945046424865723
1985-12-27,10.678901672363281
1985-12-28,10.367490768432617
1985-12-29,10.012805938720703
1985-12-30,9.789578437805176
1985-12-31,9.678415298461914
1986-01-01,9.856758117675781
1986-01-02,10.16163444519043
1986-01-03,10.184823989868164
1986-01-04,10.06483268737793
1986-01-05,9.784322738647461
1986-01-06,9.471675872802734
1986-01-07,9.252298355102539
1986-01-08,9.067590713500977
1986-01-09,8.929756164550781
1986-01-10,8.733634948730469
1986-01-11,8.651651382446289
1986-01-12,8.52617073059082
1986-01-13,8.46286392211914
1986-01-14,8.40058708190918
1986-01-15,8.228436470031738
1986-01-16,8.064983367919922
1986-01-17,8.028013229370117
1986-01-18,8.03857421875
1986-01-19,8.238903045654297
1986-01-20,9.311054229736328
1986-01-21,10.455479621887207
1986-01-22,10.009551048278809
1986-01-23,9.4406099319458
1986-01-24,9.028396606445312
1986-01-25,8.695204734802246
1986-01-26,9.216994285583496
1986-01-27,10.905125617980957
1986-01-28,11.491668701171875
1986-01-29,10.52333927154541
1986-01-30,10.180736541748047
1986-01-31,9.951139450073242
1986-02-01,9.64739990234375
1986-02-02,9.466045379638672
1986-02-03,9.309538841247559
1986-02-04,9.241419792175293
1986-02-05,9.216506958007812
1986-02-06,9.307392120361328
1986-02-07,11.421713829040527
1986-02-08,17.535921096801758
1986-02-09,20.158124923706055
1986-02-10,16.309368133544922
1986-02-11,14.984249114990234
1986-02-12,17.297021865844727
1986-02-13,18.317291259765625
1986-02-14,15.874011993408203
1986-02-15,14.312516212463379
1986-02-16,14.268789291381836
1986-02-17,13.999320983886719
1986-02-18,13.77101993560791
1986-02-19,14.907759666442871
1986-02-20,16.305011749267578
1986-02-21,16.190404891967773
1986-02-22,15.060202598571777
1986-02-23,13.921205520629883
1986-02-24,13.313020706176758
1986-02-25,13.229510307312012
1986-02-26,13.292133331298828
1986-02-27,13.421529769897461
1986-02-28,14.736169815063477
1986-03-01,15.001161575317383
1986-03-02,13.78736400604248
1986-03-03,12.721578598022461
1986-03-04,11.953202247619629
1986-03-05,11.24760627746582
1986-03-06,10.758045196533203
1986-03-07,10.279603958129883
1986-03-08,9.896879196166992
1986-03-09,9.702119827270508
1986-03-10,9.445207595825195
1986-03-11,9.307296752929688
1986-03-12,9.125086784362793
1986-03-13,9.559667587280273
1986-03-14,22.536720275878906
1986-03-15,50.00731658935547
1986-03-16,52.82432556152344
1986-03-17,33.966529846191406
1986-03-18,23.23491859436035
1986-03-19,19.670778274536133
1986-03-20,24.25014877319336
1986-03-21,30.017822265625
1986-03-22,26.463729858398438
1986-03-23,20.60938835144043
1986-03-24,16.77255630493164
1986-03-25,14.90452766418457
1986-03-26,13.55156135559082
1986-03-27,12.652847290039062
1986-03-28,11.92662239074707
1986-03-29,11.208612442016602
1986-03-30,10.645661354064941
1986-03-31,10.275941848754883
1986-04-01,9.92253589630127
1986-04-02,9.654239654541016
1986-04-03,9.355934143066406
1986-04-04,9.140673637390137
1986-04-05,8.871496200561523
1986-04-06,8.623172760009766
1986-04-07,8.435707092285156
1986-04-08,8.293723106384277
1986-04-09,8.19038200378418
1986-04-10,8.044827461242676
1986-04-11,7.769515037536621
1986-04-12,7.509073257446289
1986-04-13,7.2683515548706055
1986-04-14,7.0616455078125
1986-04-15,6.941047668457031
1986-04-16,6.946450233459473
1986-04-17,6.96163272857666
1986-04-18,6.850433349609375
1986-04-19,6.5942702293396
1986-04-20,6.353992462158203
1986-04-21,6.660929203033447
1986-04-22,7.585300922393799
1986-04-23,7.8461594581604
1986-04-24,7.211832523345947
1986-04-25,6.7077202796936035
1986-04-26,7.227052211761475
1986-04-27,8.275069236755371
1986-04-28,8.29904556274414
1986-04-29,7.407546043395996
1986-04-30,6.637017726898193
1986-05-01,6.074527740478516
1986-05-02,5.732977867126465
1986-05-03,5.328064918518066
1986-05-04,4.942473411560059
1986-05-05,4.756558418273926
1986-05-06,4.683368682861328
1986-05-07,4.548893451690674
1986-05-08,4.367600917816162
1986-05-09,4.200072288513184
1986-05-10,4.042769432067871
1986-05-11,3.8866934776306152
1986-05-12,3.839547634124756
1986-05-13,3.8843908309936523
1986-05-14,4.398423194885254
1986-05-15,5.1778564453125
1986-05-16,4.998965740203857
1986-05-17,4.596264839172363
1986-05-18,4.27739143371582
1986-05-19,4.168580532073975
1986-05-20,5.221891403198242
1986-05-21,8.159542083740234
1986-05-22,9.72342300415039
1986-05-23,8.070053100585938
1986-05-24,6.459917068481445
1986-05-25,5.795793533325195
1986-05-26,5.8032379150390625
1986-05-27,5.960654258728027
1986-05-28,6.402668476104736
1986-05-29,6.929998397827148
1986-05-30,6.670298099517822
1986-05-31,6.114463806152344
1986-06-01,5.600862503051758
1986-06-02,4.951866149902344
1986-06-03,4.414342880249023
1986-06-04,4.029335021972656
1986-06-05,3.7378318309783936
1986-06-06,3.5143728256225586
1986-06-07,3.28495454788208
1986-06-08,3.3482460975646973
1986-06-09,3.7646634578704834
1986-06-10,3.8723957538604736
1986-06-11,3.4489657878875732
1986-06-12,3.163890838623047
1986-06-13,3.0437092781066895
1986-06-14,2.9478931427001953
1986-06-15,2.812084913253784
1986-06-16,2.704380750656128
1986-06-17,2.6353466510772705
1986-06-18,2.5489516258239746
1986-06-19,2.420708417892456
1986-06-20,2.300281524658203
1986-06-21,2.2043333053588867
1986-06-22,2.0972962379455566
1986-06-23,2.023097515106201
1986-06-24,2.0024356842041016
1986-06-25,1.9954676628112793
1986-06-26,1.9332374334335327
1986-06-27,1.8448896408081055
1986-06-28,1.8234971761703491
1986-06-29,1.9426519870758057
1986-06-30,2.3203020095825195
1986-07-01,2.883131265640259
1986-07-02,3.3649816513061523
1986-07-03,4.074569225311279
1986-07-04,4.249752044677734
1986-07-05,3.421597480773926
1986-07-06,2.7383906841278076
1986-07-07,2.327437162399292
1986-07-08,2.0461819171905518
1986-07-09,1.8366855382919312
1986-07-10,1.7205257415771484
1986-07-11,1.7795681953430176
1986-07-12,1.9995707273483276
1986-07-13,2.0762243270874023
1986-07-14,1.9444715976715088
1986-07-15,1.7837777137756348
1986-07-16,1.7081084251403809
1986-07-17,1.7092840671539307
1986-07-18,1.6379936933517456
1986-07-19,1.5216772556304932
1986-07-20,1.400418996810913
1986-07-21,1.3178856372833252
1986-07-22,1.3472808599472046
1986-07-23,1.5928540229797363
1986-07-24,2.0111706256866455
1986-07-25,2.3104453086853027
1986-07-26,2.4814083576202393
1986-07-27,2.9441606998443604
1986-07-28,3.6459014415740967
1986-07-29,3.6069817543029785
1986-07-30,3.0663294792175293
1986-07-31,2.6579794883728027
1986-08-01,2.196038246154785
1986-08-02,1.8579630851745605
1986-08-03,1.7051502466201782
1986-08-04,1.764398455619812
1986-08-05,1.9735554456710815
1986-08-06,2.286255359649658
1986-08-07,2.6617355346679688
1986-08-08,2.6651008129119873
1986-08-09,2.4214038848876953
1986-08-10,2.1994640827178955
1986-08-11,2.1184580326080322
1986-08-12,4.058320999145508
1986-08-13,12.153573989868164
1986-08-14,17.562105178833008
1986-08-15,12.190784454345703
1986-08-16,7.000103950500488
1986-08-17,4.672679424285889
1986-08-18,4.074191093444824
1986-08-19,4.67962121963501
1986-08-20,6.346409797668457
1986-08-21,10.228520393371582
1986-08-22,12.628297805786133
1986-08-23,9.140291213989258
1986-08-24,6.701411247253418
1986-08-25,6.2338128089904785
1986-08-26,5.439459800720215
1986-08-27,4.385007858276367
1986-08-28,4.488257884979248
1986-08-29,5.819538116455078
1986-08-30,5.976232528686523
1986-08-31,4.744536399841309
1986-09-01,3.8651251792907715
1986-09-02,3.48091197013855
1986-09-03,3.566072702407837
1986-09-04,4.115557670593262
1986-09-05,5.011810302734375
1986-09-06,6.453480243682861
1986-09-07,7.243834495544434
1986-09-08,5.828126907348633
1986-09-09,4.600496292114258
1986-09-10,3.8760035037994385
1986-09-11,3.4578428268432617
1986-09-12,3.153764247894287
1986-09-13,2.915083885192871
1986-09-14,2.6894912719726562
1986-09-15,2.5011467933654785
1986-09-16,2.361093044281006
1986-09-17,2.2462594509124756
1986-09-18,2.1523826122283936
1986-09-19,2.0768003463745117
1986-09-20,2.0566346645355225
1986-09-21,2.11411714553833
1986-09-22,2.160369396209717
1986-09-23,2.0932230949401855
1986-09-24,2.013087749481201
1986-09-25,1.9343996047973633
1986-09-26,1.8586618900299072
1986-09-27,1.7849464416503906
1986-09-28,1.7479873895645142
1986-09-29,1.7430269718170166
1986-09-30,1.745274305343628
1986-10-01,1.7142046689987183
1986-10-02,1.6603128910064697
1986-10-03,1.6124398708343506
1986-10-04,1.569566011428833
1986-10-05,1.5201997756958008
1986-10-06,1.4736615419387817
1986-10-07,1.451489806175232
1986-10-08,1.4628045558929443
1986-10-09,1.5383888483047485
1986-10-10,1.691967248916626
1986-10-11,1.8560304641723633
1986-10-12,1.8858957290649414
1986-10-13,1.8570032119750977
1986-10-14,2.41510272026062
1986-10-15,4.200936317443848
1986-10-16,5.104275703430176
1986-10-17,4.039300918579102
1986-10-18,3.166571855545044
1986-10-19,2.6829349994659424
1986-10-20,2.4301207065582275
1986-10-21,2.312960147857666
1986-10-22,2.226581573486328
1986-10-23,2.1786811351776123
1986-10-24,2.099985361099243
1986-10-25,2.1430153846740723
1986-10-26,2.76552152633667
1986-10-27,4.455589771270752
1986-10-28,5.468233585357666
1986-10-29,4.517531871795654
1986-10-30,3.622459888458252
1986-10-31,3.092616319656372
1986-11-01,2.8302805423736572
1986-11-02,2.9135007858276367
1986-11-03,3.114056348800659
1986-11-04,3.1433684825897217
1986-11-05,3.0916826725006104
1986-11-06,3.347844362258911
1986-11-07,4.384659767150879
1986-11-08,6.8233723640441895
1986-11-09,9.381155967712402
1986-11-10,7.793430805206299
1986-11-11,6.03547477722168
1986-11-12,6.259045600891113
1986-11-13,10.250505447387695
1986-11-14,13.21291446685791
1986-11-15,10.576871871948242
1986-11-16,9.474153518676758
1986-11-17,9.731094360351562
1986-11-18,8.333732604980469
1986-11-19,7.494225978851318
1986-11-20,7.610918998718262
1986-11-21,10.230023384094238
1986-11-22,12.481897354125977
1986-11-23,10.181997299194336
1986-11-24,8.140925407409668
1986-11-25,7.060541152954102
1986-11-26,7.164706707000732
1986-11-27,9.923731803894043
1986-11-28,11.489171981811523
1986-11-29,9.724102973937988
1986-11-30,8.12991714477539
1986-12-01,7.068222999572754
1986-12-02,8.797151565551758
1986-12-03,18.439529418945312
1986-12-04,24.365493774414062
1986-12-05,18.924484252929688
1986-12-06,13.325414657592773
1986-12-07,10.304043769836426
1986-12-08,8.776398658752441
1986-12-09,8.094306945800781
1986-12-10,9.373641014099121
1986-12-11,20.47968864440918
1986-12-12,35.69365310668945
1986-12-13,37.496734619140625
1986-12-14,26.784975051879883
1986-12-15,18.26241683959961
1986-12-16,13.841017723083496
1986-12-17,11.648676872253418
1986-12-18,10.41368579864502
1986-12-19,9.837230682373047
1986-12-20,9.46864128112793
1986-12-21,8.816444396972656
1986-12-22,8.231060028076172
1986-12-23,7.7481865882873535
1986-12-24,16.07082176208496
1986-12-25,51.041038513183594
1986-12-26,69.67391967773438
1986-12-27,45.53315734863281
1986-12-28,28.005125045776367
1986-12-29,19.40555191040039
1986-12-30,15.135339736938477
1986-12-31,12.874274253845215
1987-01-01,15.592570304870605
1987-01-02,31.81102752685547
1987-01-03,41.22896957397461
1987-01-04,31.17214012145996
1987-01-05,22.23419761657715
1987-01-06,17.141281127929688
1987-01-07,14.335822105407715
1987-01-08,12.825077056884766
1987-01-09,11.71345329284668
1987-01-10,10.898207664489746
1987-01-11,10.849264144897461
1987-01-12,10.925333023071289
1987-01-13,10.329761505126953
1987-01-14,9.77114200592041
1987-01-15,9.489513397216797
1987-01-16,9.312703132629395
1987-01-17,9.268808364868164
1987-01-18,11.281989097595215
1987-01-19,55.884521484375
1987-01-20,107.36161804199219
1987-01-21,90.80825805664062
1987-01-22,70.60125732421875
1987-01-23,87.57363891601562
1987-01-24,78.95045471191406
1987-01-25,50.501869201660156
1987-01-26,38.910064697265625
1987-01-27,33.9215087890625
1987-01-28,28.61322021484375
1987-01-29,24.55714988708496
1987-01-30,23.542295455932617
1987-01-31,30.93802261352539
1987-02-01,38.43663787841797
1987-02-02,38.986961364746094
1987-02-03,44.54878616333008
1987-02-04,48.36040496826172
1987-02-05,38.254913330078125
1987-02-06,28.773006439208984
1987-02-07,22.981563568115234
1987-02-08,20.268604278564453
1987-02-09,18.147014617919922
1987-02-10,16.34918212890625
1987-02-11,14.84212875366211
1987-02-12,13.951959609985352
1987-02-13,13.607444763183594
1987-02-14,13.059633255004883
1987-02-15,12.663063049316406
1987-02-16,12.634391784667969
1987-02-17,15.20814037322998
1987-02-18,20.220163345336914
1987-02-19,22.963441848754883
1987-02-20,24.882633209228516
1987-02-21,26.91227149963379
1987-02-22,29.58977508544922
1987-02-23,56.022796630859375
1987-02-24,78.5113754272461
1987-02-25,62.326744079589844
1987-02-26,43.54319763183594
1987-02-27,49.56988525390625
1987-02-28,132.01161193847656
1987-03-01,271.50311279296875
1987-03-02,299.38934326171875
1987-03-03,164.68882751464844
1987-03-04,84.60395050048828
1987-03-05,51.970680236816406
1987-03-06,37.4974250793457
1987-03-07,29.623388290405273
1987-03-08,25.72541046142578
1987-03-09,24.863447189331055
1987-03-10,26.496253967285156
1987-03-11,30.075082778930664
1987-03-12,29.44573974609375
1987-03-13,25.126361846923828
1987-03-14,21.916805267333984
1987-03-15,19.832130432128906
1987-03-16,18.497602462768555
1987-03-17,17.66778564453125
1987-03-18,17.18678855895996
1987-03-19,16.797321319580078
1987-03-20,18.138195037841797
1987-03-21,19.546138763427734
1987-03-22,18.24894905090332
1987-03-23,16.74799346923828
1987-03-24,15.62868881225586
1987-03-25,14.997336387634277
1987-03-26,14.906698226928711
1987-03-27,14.94603443145752
1987-03-28,14.548781394958496
1987-03-29,14.395581245422363
1987-03-30,14.96090316772461
1987-03-31,22.540979385375977
1987-04-01,33.32829284667969
1987-04-02,28.655447006225586
1987-04-03,23.09718132019043
1987-04-04,23.67998695373535
1987-04-05,30.159543991088867
1987-04-06,30.270788192749023
1987-04-07,25.146533966064453
1987-04-08,21.16290855407715
1987-04-09,18.53863525390625
1987-04-10,16.598491668701172
1987-04-11,15.323826789855957
1987-04-12,14.624683380126953
1987-04-13,14.6146240234375
1987-04-14,14.799540519714355
1987-04-15,22.4759521484375
1987-04-16,194.48219299316406
1987-04-17,388.4737854003906
1987-04-18,263.4472961425781
1987-04-19,134.90692138671875
1987-04-20,77.9375
1987-04-21,50.872108459472656
1987-04-22,37.31489181518555
1987-04-23,29.803701400756836
1987-04-24,31.754798889160156
1987-04-25,55.64773178100586
1987-04-26,84.16058349609375
1987-04-27,75.32583618164062
1987-04-28,50.00788116455078
1987-04-29,36.19172668457031
1987-04-30,28.464458465576172
1987-05-01,24.35649299621582
1987-05-02,21.876358032226562
1987-05-03,20.294458389282227
1987-05-04,19.082504272460938
1987-05-05,17.9917049407959
1987-05-06,17.18419075012207
1987-05-07,15.95744514465332
1987-05-08,15.04947566986084
1987-05-09,14.216267585754395
1987-05-10,13.429338455200195
1987-05-11,12.877460479736328
1987-05-12,12.189501762390137
1987-05-13,11.656046867370605
1987-05-14,11.537578582763672
1987-05-15,11.575457572937012
1987-05-16,11.188962936401367
1987-05-17,10.63652229309082
1987-05-18,10.033620834350586
1987-05-19,9.66086483001709
1987-05-20,10.287996292114258
1987-05-21,11.634265899658203
1987-05-22,11.489446640014648
1987-05-23,10.272287368774414
1987-05-24,9.728153228759766
1987-05-25,9.917157173156738
1987-05-26,11.099038124084473
1987-05-27,13.875797271728516
1987-05-28,14.654743194580078
1987-05-29,12.552623748779297
1987-05-30,10.626823425292969
1987-05-31,9.384058952331543
1987-06-01,8.70080852508545
1987-06-02,8.739093780517578
1987-06-03,9.14265251159668
1987-06-04,9.000638961791992
1987-06-05,9.485631942749023
1987-06-06,9.746928215026855
1987-06-07,8.650934219360352
1987-06-08,7.687102317810059
1987-06-09,6.959349155426025
1987-06-10,6.410251617431641
1987-06-11,6.01411247253418
1987-06-12,5.640804290771484
1987-06-13,5.478062629699707
1987-06-14,5.587831497192383
1987-06-15,5.978519439697266
1987-06-16,5.93693733215332
1987-06-17,5.9055023193359375
1987-06-18,6.2700042724609375
1987-06-19,6.701866626739502
1987-06-20,6.910586357116699
1987-06-21,6.489632606506348
1987-06-22,5.924665451049805
1987-06-23,5.685154438018799
1987-06-24,5.559818267822266
1987-06-25,5.359969615936279
1987-06-26,5.332861423492432
1987-06-27,6.263368606567383
1987-06-28,7.183067798614502
1987-06-29,6.408448696136475
1987-06-30,5.469411849975586
1987-07-01,4.871819496154785
1987-07-02,5.195226192474365
1987-07-03,8.501897811889648
1987-07-04,20.750038146972656
1987-07-05,42.937171936035156
1987-07-06,49.49619674682617
1987-07-07,31.68105697631836
1987-07-08,18.744762420654297
1987-07-09,13.327507019042969
1987-07-10,10.555900573730469
1987-07-11,8.549020767211914
1987-07-12,7.582348823547363
1987-07-13,7.751295566558838
1987-07-14,8.845810890197754
1987-07-15,9.226481437683105
1987-07-16,7.716542720794678
1987-07-17,6.460629940032959
1987-07-18,5.630313873291016
1987-07-19,5.096279144287109
1987-07-20,4.723940849304199
1987-07-21,4.382820129394531
1987-07-22,4.1106977462768555
1987-07-23,3.9169068336486816
1987-07-24,3.7470216751098633
1987-07-25,3.670114755630493
1987-07-26,3.6185901165008545
1987-07-27,3.5596814155578613
1987-07-28,3.461430072784424
1987-07-29,3.336043357849121
1987-07-30,3.3054146766662598
1987-07-31,3.298156261444092
1987-08-01,3.275890350341797
1987-08-02,3.2708065509796143
1987-08-03,3.247467041015625
1987-08-04,3.238065481185913
1987-08-05,3.399301052093506
1987-08-06,3.5456666946411133
1987-08-07,3.5250601768493652
1987-08-08,4.613220691680908
1987-08-09,6.204089641571045
1987-08-10,5.200789928436279
1987-08-11,4.1978888511657715
1987-08-12,3.6077418327331543
1987-08-13,3.262869119644165
1987-08-14,2.994253158569336
1987-08-15,2.8348889350891113
1987-08-16,2.8458549976348877
1987-08-17,2.878957509994507
1987-08-18,2.7766942977905273
1987-08-19,2.677942991256714
1987-08-20,2.6934964656829834
1987-08-21,2.6905417442321777
1987-08-22,2.6583776473999023
1987-08-23,2.6304054260253906
1987-08-24,2.523604154586792
1987-08-25,2.408783435821533
1987-08-26,2.367208957672119
1987-08-27,2.430924415588379
1987-08-28,2.4919090270996094
1987-08-29,2.442516326904297
1987-08-30,2.41701078414917
1987-08-31,2.481271982192993
1987-09-01,2.671107530593872
1987-09-02,2.8520872592926025
1987-09-03,2.7188892364501953
1987-09-04,2.561760902404785
1987-09-05,2.6448159217834473
1987-09-06,3.446068525314331
1987-09-07,6.55606746673584
1987-09-08,31.26215934753418
1987-09-09,52.21207809448242
1987-09-10,33.68589782714844
1987-09-11,17.275182723999023
1987-09-12,12.017332077026367
1987-09-13,11.125904083251953
1987-09-14,10.870580673217773
1987-09-15,9.161355018615723
1987-09-16,7.014774322509766
1987-09-17,5.770888805389404
1987-09-18,5.094097137451172
1987-09-19,4.610652923583984
1987-09-20,4.46563196182251
1987-09-21,4.691856384277344
1987-09-22,4.616029262542725
1987-09-23,4.202023983001709
1987-09-24,3.8566784858703613
1987-09-25,3.621509313583374
1987-09-26,3.442261219024658
1987-09-27,3.3308329582214355
1987-09-28,3.2565665245056152
1987-09-29,3.1258468627929688
1987-09-30,3.2048308849334717
1987-10-01,3.7208590507507324
1987-10-02,4.068660259246826
1987-10-03,3.782716751098633
1987-10-04,3.536226749420166
1987-10-05,3.354936122894287
1987-10-06,3.2254929542541504
1987-10-07,3.2428455352783203
1987-10-08,3.3317768573760986
1987-10-09,3.322194814682007
1987-10-10,3.216200590133667
1987-10-11,3.1294960975646973
1987-10-12,3.09670352935791
1987-10-13,3.197890520095825
1987-10-14,3.1067988872528076
1987-10-15,3.0137906074523926
1987-10-16,2.965076446533203
1987-10-17,2.944658041000366
1987-10-18,2.8979196548461914
1987-10-19,2.8348312377929688
1987-10-20,2.8203980922698975
1987-10-21,2.7863593101501465
1987-10-22,2.783750057220459
1987-10-23,2.769256591796875
1987-10-24,2.770566940307617
1987-10-25,2.7742812633514404
1987-10-26,2.7209036350250244
1987-10-27,2.7936830520629883
1987-10-28,3.3568124771118164
1987-10-29,4.068170547485352
1987-10-30,3.85416316986084
1987-10-31,3.5504093170166016
1987-11-01,3.4153871536254883
1987-11-02,3.340980291366577
1987-11-03,3.3023593425750732
1987-11-04,3.261976480484009
1987-11-05,3.2053985595703125
1987-11-06,3.1030280590057373
1987-11-07,3.0934576988220215
1987-11-08,3.144850730895996
1987-11-09,3.1013388633728027
1987-11-10,3.3182601928710938
1987-11-11,5.167256832122803
1987-11-12,8.099347114562988
1987-11-13,7.736644744873047
1987-11-14,6.2574310302734375
1987-11-15,5.3267130851745605
1987-11-16,4.770770072937012
1987-11-17,4.476853847503662
1987-11-18,4.544274806976318
1987-11-19,4.852964401245117
1987-11-20,4.796745300292969
1987-11-21,4.611885070800781
1987-11-22,4.414653778076172
1987-11-23,4.224995136260986
1987-11-24,4.141211032867432
1987-11-25,4.055046081542969
1987-11-26,4.023147106170654
1987-11-27,7.230756759643555
1987-11-28,15.589977264404297
1987-11-29,19.9197998046875
1987-11-30,19.637939453125
1987-12-01,17.076765060424805
1987-12-02,11.901729583740234
1987-12-03,8.925618171691895
1987-12-04,7.432411193847656
1987-12-05,6.562359809875488
1987-12-06,6.052027702331543
1987-12-07,5.705975532531738
1987-12-08,5.486823558807373
1987-12-09,5.4152350425720215
1987-12-10,6.031257152557373
1987-12-11,10.045074462890625
1987-12-12,14.858352661132812
1987-12-13,12.35313606262207
1987-12-14,9.464679718017578
1987-12-15,9.291545867919922
1987-12-16,13.657878875732422
1987-12-17,15.197336196899414
1987-12-18,11.830795288085938
1987-12-19,9.445185661315918
1987-12-20,8.14488410949707
1987-12-21,7.480611801147461
1987-12-22,7.521391868591309
1987-12-23,7.751273155212402
1987-12-24,7.638365745544434
1987-12-25,7.375658988952637
1987-12-26,7.64927864074707
1987-12-27,8.81149673461914
1987-12-28,20.60293960571289
1987-12-29,40.04814147949219
1987-12-30,40.578033447265625
1987-12-31,25.87732696533203
1988-01-01,17.37826919555664
1988-01-02,15.712448120117188
1988-01-03,17.671873092651367
1988-01-04,21.203006744384766
1988-01-05,23.581005096435547
1988-01-06,20.274248123168945
1988-01-07,15.981157302856445
1988-01-08,14.025228500366211
1988-01-09,14.192137718200684
1988-01-10,13.724724769592285
1988-01-11,12.530416488647461
1988-01-12,11.542764663696289
1988-01-13,11.688556671142578
1988-01-14,12.855365753173828
1988-01-15,12.34952449798584
1988-01-16,11.169254302978516
1988-01-17,10.772157669067383
1988-01-18,12.923172950744629
1988-01-19,20.750459671020508
1988-01-20,38.05499267578125
1988-01-21,55.52532958984375
1988-01-22,51.01583480834961
1988-01-23,34.06059265136719
1988-01-24,23.752689361572266
1988-01-25,19.56374740600586
1988-01-26,20.51790428161621
1988-01-27,20.78617286682129
1988-01-28,17.361835479736328
1988-01-29,14.654069900512695
1988-01-30,13.24874496459961
1988-01-31,12.632959365844727
1988-02-01,12.21621036529541
1988-02-02,11.882863998413086
1988-02-03,12.26180648803711
1988-02-04,18.620410919189453
1988-02-05,28.198467254638672
1988-02-06,27.41065788269043
1988-02-07,21.348602294921875
1988-02-08,16.953079223632812
1988-02-09,14.470519065856934
1988-02-10,12.947668075561523
1988-02-11,12.381468772888184
1988-02-12,12.688220977783203
1988-02-13,13.19021224975586
1988-02-14,12.614585876464844
1988-02-15,11.834181785583496
1988-02-16,13.258169174194336
1988-02-17,14.998985290527344
1988-02-18,14.159730911254883
1988-02-19,13.410764694213867
1988-02-20,14.74365520477295
1988-02-21,15.684118270874023
1988-02-22,14.113947868347168
1988-02-23,12.599809646606445
1988-02-24,11.990185737609863
1988-02-25,11.857626914978027
1988-02-26,11.457054138183594
1988-02-27,10.788142204284668
1988-02-28,10.240011215209961
1988-02-29,9.79513168334961
1988-03-01,9.420027732849121
1988-03-02,9.228072166442871
1988-03-03,9.041389465332031
1988-03-04,9.14319133758545
1988-03-05,9.72336196899414
1988-03-06,10.312772750854492
1988-03-07,9.899770736694336
1988-03-08,9.37308120727539
1988-03-09,9.376835823059082
1988-03-10,11.328068733215332
1988-03-11,14.208967208862305
1988-03-12,14.3649263381958
1988-03-13,13.067180633544922
1988-03-14,12.681838035583496
1988-03-15,12.138651847839355
1988-03-16,11.172623634338379
1988-03-17,10.223124504089355
1988-03-18,9.490327835083008
1988-03-19,10.246816635131836
1988-03-20,12.558988571166992
1988-03-21,13.143831253051758
1988-03-22,11.928868293762207
1988-03-23,10.703140258789062
1988-03-24,9.959410667419434
1988-03-25,9.477575302124023
1988-03-26,9.598714828491211
1988-03-27,11.12867259979248
1988-03-28,12.376447677612305
1988-03-29,11.073530197143555
1988-03-30,10.057748794555664
1988-03-31,9.426922798156738
1988-04-01,8.940234184265137
1988-04-02,8.633528709411621
1988-04-03,8.455016136169434
1988-04-04,8.781494140625
1988-04-05,9.814957618713379
1988-04-06,10.335423469543457
1988-04-07,10.894441604614258
1988-04-08,13.353472709655762
1988-04-09,13.922300338745117
1988-04-10,11.94346809387207
1988-04-11,10.203899383544922
1988-04-12,9.56174087524414
1988-04-13,11.102267265319824
1988-04-14,12.96661376953125
1988-04-15,11.997364044189453
1988-04-16,10.603803634643555
1988-04-17,9.525129318237305
1988-04-18,8.776479721069336
1988-04-19,12.538355827331543
1988-04-20,23.01563835144043
1988-04-21,24.99018096923828
1988-04-22,18.171863555908203
1988-04-23,13.857132911682129
1988-04-24,11.711983680725098
1988-04-25,10.387943267822266
1988-04-26,9.268133163452148
1988-04-27,8.489082336425781
1988-04-28,8.07812213897705
1988-04-29,7.817098617553711
1988-04-30,7.398492813110352
1988-05-01,6.9834184646606445
1988-05-02,6.661175727844238
1988-05-03,6.456933498382568
1988-05-04,6.723201274871826
1988-05-05,9.782716751098633
1988-05-06,14.438053131103516
1988-05-07,15.571279525756836
1988-05-08,13.10715389251709
1988-05-09,10.31348991394043
1988-05-10,9.066302299499512
1988-05-11,9.030539512634277
1988-05-12,8.82120132446289
1988-05-13,7.815251350402832
1988-05-14,6.995619773864746
1988-05-15,6.52159309387207
1988-05-16,6.8001861572265625
1988-05-17,10.577848434448242
1988-05-18,16.82537269592285
1988-05-19,19.0358943939209
1988-05-20,15.127982139587402
1988-05-21,11.738913536071777
1988-05-22,9.487940788269043
1988-05-23,7.960183620452881
1988-05-24,7.434159755706787
1988-05-25,7.706434726715088
1988-05-26,8.16566276550293
1988-05-27,7.583810806274414
1988-05-28,6.620141983032227
1988-05-29,5.9635114669799805
1988-05-30,5.435828685760498
1988-05-31,5.014718532562256
1988-06-01,4.655333995819092
1988-06-02,4.357208251953125
1988-06-03,4.297953128814697
1988-06-04,4.605484962463379
1988-06-05,4.849082946777344
1988-06-06,4.549623012542725
1988-06-07,4.175726890563965
1988-06-08,3.830209493637085
1988-06-09,3.655535936355591
1988-06-10,4.316393852233887
1988-06-11,5.61060094833374
1988-06-12,5.392529010772705
1988-06-13,4.577508926391602
1988-06-14,3.9805195331573486
1988-06-15,3.585840940475464
1988-06-16,3.365041494369507
1988-06-17,3.4912772178649902
1988-06-18,4.230881690979004
1988-06-19,5.023754119873047
1988-06-20,5.111060619354248
1988-06-21,4.951189994812012
1988-06-22,4.519725799560547
1988-06-23,3.950155258178711
1988-06-24,3.5318408012390137
1988-06-25,3.4787039756774902
1988-06-26,3.548053026199341
1988-06-27,3.6009180545806885
1988-06-28,3.568108320236206
1988-06-29,3.1966192722320557
1988-06-30,2.8911495208740234
1988-07-01,2.792149782180786
1988-07-02,2.7424073219299316
1988-07-03,2.521418333053589
1988-07-04,2.3398866653442383
1988-07-05,2.244210958480835
1988-07-06,2.1757712364196777
1988-07-07,2.0754928588867188
1988-07-08,1.9716086387634277
1988-07-09,1.9583582878112793
1988-07-10,2.091728925704956
1988-07-11,2.218256711959839
1988-07-12,2.3889572620391846
1988-07-13,2.9473869800567627
1988-07-14,3.527625560760498
1988-07-15,3.153089761734009
1988-07-16,2.6540961265563965
1988-07-17,2.2938308715820312
1988-07-18,2.100581645965576
1988-07-19,2.1978025436401367
1988-07-20,2.6030497550964355
1988-07-21,2.9169039726257324
1988-07-22,3.4368252754211426
1988-07-23,5.561281204223633
1988-07-24,8.356921195983887
1988-07-25,7.953086853027344
1988-07-26,5.769581317901611
1988-07-27,4.652929306030273
1988-07-28,4.63238525390625
1988-07-29,4.987490653991699
1988-07-30,4.490918159484863
1988-07-31,3.69600510597229
1988-08-01,3.2748262882232666
1988-08-02,2.969266653060913
1988-08-03,2.5612707138061523
1988-08-04,2.287853956222534
1988-08-05,2.1858603954315186
1988-08-06,2.15415358543396
1988-08-07,2.0810980796813965
1988-08-08,1.9718397855758667
1988-08-09,1.8348451852798462
1988-08-10,1.6929547786712646
1988-08-11,1.6239776611328125
1988-08-12,1.6508183479309082
1988-08-13,1.6548587083816528
1988-08-14,1.5741090774536133
1988-08-15,1.5053224563598633
1988-08-16,1.466768741607666
1988-08-17,1.4189741611480713
1988-08-18,1.342261552810669
1988-08-19,1.250645637512207
1988-08-20,1.2409409284591675
1988-08-21,1.4553699493408203
1988-08-22,1.8330544233322144
1988-08-23,1.9690738916397095
1988-08-24,1.831100583076477
1988-08-25,1.697221040725708
1988-08-26,1.5830634832382202
1988-08-27,1.4414396286010742
1988-08-28,1.3779668807983398
1988-08-29,2.321871757507324
1988-08-30,4.9979567527771
1988-08-31,6.209516525268555
1988-09-01,5.013143539428711
1988-09-02,3.579108953475952
1988-09-03,2.685249090194702
1988-09-04,2.394543170928955
1988-09-05,3.721949338912964
1988-09-06,5.474640846252441
1988-09-07,5.00739860534668
1988-09-08,3.7796807289123535
1988-09-09,3.4122087955474854
1988-09-10,5.821596145629883
1988-09-11,9.36623764038086
1988-09-12,8.21688461303711
1988-09-13,5.596332550048828
1988-09-14,4.0763092041015625
1988-09-15,3.391871929168701
1988-09-16,3.033358335494995
1988-09-17,2.969866991043091
1988-09-18,3.725670099258423
1988-09-19,4.645174503326416
1988-09-20,4.209130764007568
1988-09-21,3.5158607959747314
1988-09-22,2.967505931854248
1988-09-23,2.5700626373291016
1988-09-24,2.424211025238037
1988-09-25,2.593874216079712
1988-09-26,2.9007699489593506
1988-09-27,2.846864700317383
1988-09-28,2.5725998878479004
1988-09-29,2.332026481628418
1988-09-30,2.194159507751465
1988-10-01,2.1381068229675293
1988-10-02,2.1291332244873047
1988-10-03,3.031284809112549
1988-10-04,11.271312713623047
1988-10-05,21.945453643798828
1988-10-06,18.387929916381836
1988-10-07,10.846906661987305
1988-10-08,6.987723350524902
1988-10-09,5.2587103843688965
1988-10-10,4.393393516540527
1988-10-11,3.8530895709991455
1988-10-12,3.4769463539123535
1988-10-13,3.24990177154541
1988-10-14,3.0980098247528076
1988-10-15,2.979018211364746
1988-10-16,2.889914035797119
1988-10-17,2.7732961177825928
1988-10-18,2.6674768924713135
1988-10-19,2.668818712234497
1988-10-20,2.898505926132202
1988-10-21,3.4364373683929443
1988-10-22,4.709654808044434
1988-10-23,5.915766716003418
1988-10-24,5.246825695037842
1988-10-25,4.417254447937012
1988-10-26,3.830348491668701
1988-10-27,3.4538075923919678
1988-10-28,3.2317416667938232
1988-10-29,3.088273286819458
1988-10-30,2.944918632507324
1988-10-31,2.884833812713623
1988-11-01,8.012199401855469
1988-11-02,16.393695831298828
1988-11-03,16.44999122619629
1988-11-04,11.154512405395508
1988-11-05,8.243819236755371
1988-11-06,7.790584564208984
1988-11-07,7.605424880981445
1988-11-08,6.5700201988220215
1988-11-09,5.757065296173096
1988-11-10,5.15297269821167
1988-11-11,4.850492477416992
1988-11-12,4.689101219177246
1988-11-13,4.479567527770996
1988-11-14,4.380892276763916
1988-11-15,4.325160980224609
1988-11-16,4.202179908752441
1988-11-17,4.542369842529297
1988-11-18,6.123243808746338
1988-11-19,7.194828033447266
1988-11-20,6.510861396789551
1988-11-21,6.161243915557861
1988-11-22,5.8672709465026855
1988-11-23,5.320964813232422
1988-11-24,4.96597146987915
1988-11-25,4.76491641998291
1988-11-26,4.629934310913086
1988-11-27,4.621189117431641
1988-11-28,10.8368558883667
1988-11-29,27.64691925048828
1988-11-30,27.365863800048828
1988-12-01,17.292518615722656
1988-12-02,11.515973091125488
1988-12-03,8.909221649169922
1988-12-04,7.524254322052002
1988-12-05,6.646261215209961
1988-12-06,6.161579132080078
1988-12-07,5.861804008483887
1988-12-08,5.62956428527832
1988-12-09,5.555091381072998
1988-12-10,6.016171932220459
1988-12-11,6.464468955993652
1988-12-12,6.073755264282227
1988-12-13,5.700299263000488
1988-12-14,5.454078674316406
1988-12-15,5.2549238204956055
1988-12-16,5.092791557312012
1988-12-17,4.9801459312438965
1988-12-18,4.876021385192871
1988-12-19,4.7469072341918945
1988-12-20,4.664801597595215
1988-12-21,4.6052632331848145
1988-12-22,4.659915924072266
1988-12-23,4.766088008880615
1988-12-24,4.7850494384765625
1988-12-25,4.847234725952148
1988-12-26,4.886446475982666
1988-12-27,4.79369592666626
1988-12-28,4.679169178009033
1988-12-29,4.619509696960449
1988-12-30,4.742499828338623
1988-12-31,4.998696804046631
1989-01-01,7.990284442901611
1989-01-02,14.981499671936035
1989-01-03,17.25718879699707
1989-01-04,13.264544486999512
1989-01-05,10.126409530639648
1989-01-06,8.663986206054688
1989-01-07,8.784757614135742
1989-01-08,9.226319313049316
1989-01-09,9.100679397583008
1989-01-10,9.298779487609863
1989-01-11,9.7130765914917
1989-01-12,9.879037857055664
1989-01-13,12.18748950958252
1989-01-14,15.842658042907715
1989-01-15,15.451168060302734
1989-01-16,13.910696029663086
1989-01-17,12.901642799377441
1989-01-18,10.930625915527344
1989-01-19,9.528288841247559
1989-01-20,8.633923530578613
1989-01-21,7.96495246887207
1989-01-22,7.46608304977417
1989-01-23,7.028319358825684
1989-01-24,6.743987083435059
1989-01-25,6.5463409423828125
1989-01-26,6.405956745147705
1989-01-27,6.324738025665283
1989-01-28,6.2853288650512695
1989-01-29,6.1578497886657715
1989-01-30,6.048822402954102
1989-01-31,6.074038028717041
1989-02-01,6.039004802703857
1989-02-02,5.852050304412842
1989-02-03,5.659199237823486
1989-02-04,5.476969242095947
1989-02-05,5.62583065032959
1989-02-06,6.784051418304443
1989-02-07,8.928617477416992
1989-02-08,11.053696632385254
1989-02-09,11.37691593170166
1989-02-10,9.802597045898438
1989-02-11,8.400800704956055
1989-02-12,7.526982307434082
1989-02-13,7.035303592681885
1989-02-14,6.743010520935059
1989-02-15,6.5065999031066895
1989-02-16,6.161257743835449
1989-02-17,6.709530830383301
1989-02-18,10.139433860778809
1989-02-19,15.587576866149902
1989-02-20,17.189393997192383
1989-02-21,49.418373107910156
1989-02-22,111.58826446533203
1989-02-23,129.2887420654297
1989-02-24,92.04998779296875
1989-02-25,58.9263916015625
1989-02-26,38.87204360961914
1989-02-27,35.672550201416016
1989-02-28,94.41162109375
1989-03-01,143.58242797851562
1989-03-02,103.1337890625
1989-03-03,61.63626480102539
1989-03-04,46.127227783203125
1989-03-05,39.52442169189453
1989-03-06,53.573394775390625
1989-03-07,96.78953552246094
1989-03-08,102.99787902832031
1989-03-09,68.81037139892578
1989-03-10,46.29301452636719
1989-03-11,34.443138122558594
1989-03-12,27.554887771606445
1989-03-13,23.448402404785156
1989-03-14,21.454498291015625
1989-03-15,22.878719329833984
1989-03-16,26.841266632080078
1989-03-17,27.463623046875
1989-03-18,23.780105590820312
1989-03-19,22.048120498657227
1989-03-20,21.14459991455078
1989-03-21,20.608139038085938
1989-03-22,24.270891189575195
1989-03-23,48.539554595947266
1989-03-24,150.35569763183594
1989-03-25,195.81228637695312
1989-03-26,121.23080444335938
1989-03-27,66.92292785644531
1989-03-28,42.59184646606445
1989-03-29,31.523765563964844
1989-03-30,32.18294143676758
1989-03-31,40.98854446411133
1989-04-01,39.75096893310547
1989-04-02,30.05572509765625
1989-04-03,23.913524627685547
1989-04-04,20.988059997558594
1989-04-05,22.045475006103516
1989-04-06,29.419170379638672
1989-04-07,44.04298400878906
1989-04-08,58.20412826538086
1989-04-09,61.3988151550293
1989-04-10,48.86427688598633
1989-04-11,35.02217102050781
1989-04-12,27.593414306640625
1989-04-13,22.852405548095703
1989-04-14,19.913436889648438
1989-04-15,20.652170181274414
1989-04-16,27.988239288330078
1989-04-17,31.701213836669922
1989-04-18,25.794281005859375
1989-04-19,21.04368782043457
1989-04-20,18.3134765625
1989-04-21,16.49428939819336
1989-04-22,14.922937393188477
1989-04-23,13.848103523254395
1989-04-24,13.028124809265137
1989-04-25,12.333045959472656
1989-04-26,11.872636795043945
1989-04-27,12.16158676147461
1989-04-28,13.837296485900879
1989-04-29,15.566544532775879
1989-04-30,18.186866760253906
1989-05-01,24.191001892089844
1989-05-02,78.02737426757812
1989-05-03,160.79446411132812
1989-05-04,108.06682586669922
1989-05-05,59.547176361083984
1989-05-06,68.99809265136719
1989-05-07,117.78932189941406
1989-05-08,93.11788940429688
1989-05-09,58.13273239135742
1989-05-10,48.74856185913086
1989-05-11,52.86128616333008
1989-05-12,43.84975051879883
1989-05-13,33.20473098754883
1989-05-14,25.557781219482422
1989-05-15,22.826414108276367
1989-05-16,24.462478637695312
1989-05-17,24.507675170898438
1989-05-18,20.45145606994629
1989-05-19,17.471763610839844
1989-05-20,15.669005393981934
1989-05-21,14.6447172164917
1989-05-22,13.62269115447998
1989-05-23,14.705550193786621
1989-05-24,21.784822463989258
1989-05-25,24.50336456298828
1989-05-26,18.11032485961914
1989-05-27,14.070306777954102
1989-05-28,11.92386531829834
1989-05-29,10.63266372680664
1989-05-30,9.735435485839844
1989-05-31,9.150491714477539
1989-06-01,8.589459419250488
1989-06-02,8.211786270141602
1989-06-03,8.470115661621094
1989-06-04,9.184708595275879
1989-06-05,9.914926528930664
1989-06-06,13.575380325317383
1989-06-07,18.992013931274414
1989-06-08,22.83280372619629
1989-06-09,31.356531143188477
1989-06-10,49.390357971191406
1989-06-11,47.33271408081055
1989-06-12,29.848876953125
1989-06-13,27.613147735595703
1989-06-14,28.71235466003418
1989-06-15,23.3938045501709
1989-06-16,22.14419174194336
1989-06-17,28.288576126098633
1989-06-18,29.565261840820312
1989-06-19,21.674705505371094
1989-06-20,16.171875
1989-06-21,16.150867462158203
1989-06-22,20.167993545532227
1989-06-23,23.220945358276367
1989-06-24,26.608049392700195
1989-06-25,32.48752212524414
1989-06-26,30.23843765258789
1989-06-27,20.973583221435547
1989-06-28,15.762720108032227
1989-06-29,13.355841636657715
1989-06-30,11.79960823059082
1989-07-01,10.337278366088867
1989-07-02,9.040955543518066
1989-07-03,8.22653865814209
1989-07-04,7.986037731170654
1989-07-05,9.6171875
1989-07-06,14.681010246276855
1989-07-07,19.17388153076172
1989-07-08,18.406993865966797
1989-07-09,15.096710205078125
1989-07-10,11.703653335571289
1989-07-11,9.597261428833008
1989-07-12,8.350362777709961
1989-07-13,8.328157424926758
1989-07-14,9.621244430541992
1989-07-15,9.994380950927734
1989-07-16,10.621569633483887
1989-07-17,18.890853881835938
1989-07-18,25.297101974487305
1989-07-19,20.611143112182617
1989-07-20,15.306465148925781
1989-07-21,13.658980369567871
1989-07-22,12.965511322021484
1989-07-23,11.840096473693848
1989-07-24,10.602386474609375
1989-07-25,9.398996353149414
1989-07-26,9.052221298217773
1989-07-27,10.880864143371582
1989-07-28,15.343437194824219
1989-07-29,16.585092544555664
1989-07-30,12.549907684326172
1989-07-31,11.517951011657715
1989-08-01,15.187739372253418
1989-08-02,17.5790958404541
1989-08-03,14.927725791931152
1989-08-04,11.549448013305664
1989-08-05,9.167154312133789
1989-08-06,7.793792724609375
1989-08-07,7.086087226867676
1989-08-08,6.636757850646973
1989-08-09,6.206914901733398
1989-08-10,5.786256313323975
1989-08-11,5.464565753936768
1989-08-12,5.249114036560059
1989-08-13,5.108193874359131
1989-08-14,5.081968307495117
1989-08-15,5.498913764953613
1989-08-16,6.230432510375977
1989-08-17,7.00397253036499
1989-08-18,13.641860961914062
1989-08-19,27.523244857788086
1989-08-20,28.416210174560547
1989-08-21,19.098989486694336
1989-08-22,12.567484855651855
1989-08-23,9.72132682800293
1989-08-24,8.991898536682129
1989-08-25,9.398629188537598
1989-08-26,10.13041877746582
1989-08-27,11.882543563842773
1989-08-28,13.912724494934082
1989-08-29,12.719890594482422
1989-08-30,10.743334770202637
1989-08-31,10.187981605529785
1989-09-01,9.266481399536133
1989-09-02,7.6169939041137695
1989-09-03,6.583710670471191
1989-09-04,6.011490345001221
1989-09-05,5.649374008178711
1989-09-06,5.527335166931152
1989-09-07,5.537073612213135
1989-09-08,5.361083030700684
1989-09-09,5.128774166107178
1989-09-10,4.859030246734619
1989-09-11,4.6099419593811035
1989-09-12,4.408514022827148
1989-09-13,4.360202789306641
1989-09-14,4.388923645019531
1989-09-15,4.31733512878418
1989-09-16,4.543780326843262
1989-09-17,6.051469802856445
1989-09-18,7.665135383605957
1989-09-19,6.58924674987793
1989-09-20,5.731916427612305
1989-09-21,5.655991077423096
1989-09-22,6.626188278198242
1989-09-23,9.24423599243164
1989-09-24,11.676769256591797
1989-09-25,9.995834350585938
1989-09-26,17.497596740722656
1989-09-27,36.36705780029297
1989-09-28,32.221588134765625
1989-09-29,19.349079132080078
1989-09-30,13.51848030090332
1989-10-01,32.38825988769531
1989-10-02,141.0380859375
1989-10-03,244.5493927001953
1989-10-04,166.580078125
1989-10-05,74.73139953613281
1989-10-06,38.5587272644043
1989-10-07,25.662193298339844
1989-10-08,19.64485740661621
1989-10-09,16.429502487182617
1989-10-10,14.363133430480957
1989-10-11,12.893552780151367
1989-10-12,11.756393432617188
1989-10-13,10.93938159942627
1989-10-14,10.30487060546875
1989-10-15,9.790390014648438
1989-10-16,9.381303787231445
1989-10-17,8.9718599319458
1989-10-18,9.458559036254883
1989-10-19,15.055733680725098
1989-10-20,27.4278564453125
1989-10-21,29.85942840576172
1989-10-22,21.54677963256836
1989-10-23,16.060487747192383
1989-10-24,13.286784172058105
1989-10-25,11.69784164428711
1989-10-26,10.655323028564453
1989-10-27,9.925479888916016
1989-10-28,9.369874954223633
1989-10-29,8.90970230102539
1989-10-30,8.597412109375
1989-10-31,8.420953750610352
1989-11-01,8.20222282409668
1989-11-02,8.344747543334961
1989-11-03,9.328716278076172
1989-11-04,10.0609712600708
1989-11-05,9.551590919494629
1989-11-06,8.893080711364746
1989-11-07,8.542923927307129
1989-11-08,8.435657501220703
1989-11-09,9.627103805541992
1989-11-10,13.047204971313477
1989-11-11,14.360570907592773
1989-11-12,12.270609855651855
1989-11-13,10.630739212036133
1989-11-14,9.654895782470703
1989-11-15,9.263137817382812
1989-11-16,13.334710121154785
1989-11-17,25.048416137695312
1989-11-18,25.55748176574707
1989-11-19,19.003393173217773
1989-11-20,14.792728424072266
1989-11-21,12.617712020874023
1989-11-22,11.255351066589355
1989-11-23,15.08170223236084
1989-11-24,24.27983856201172
1989-11-25,24.999839782714844
1989-11-26,20.723825454711914
1989-11-27,17.713712692260742
1989-11-28,16.09387969970703
1989-11-29,15.127363204956055
1989-11-30,13.619460105895996
1989-12-01,12.278300285339355
1989-12-02,11.421656608581543
1989-12-03,10.843413352966309
1989-12-04,10.326395988464355
1989-12-05,9.880758285522461
1989-12-06,9.55522346496582
1989-12-07,9.270536422729492
1989-12-08,14.492862701416016
1989-12-09,28.52891731262207
1989-12-10,34.79338455200195
1989-12-11,31.048246383666992
1989-12-12,33.23259353637695
1989-12-13,61.734375
1989-12-14,82.23506164550781
1989-12-15,62.55632019042969
1989-12-16,42.61348342895508
1989-12-17,31.536697387695312
1989-12-18,24.712112426757812
1989-12-19,20.81870460510254
1989-12-20,18.774826049804688
1989-12-21,17.841472625732422
1989-12-22,16.42937469482422
1989-12-23,14.877799987792969
1989-12-24,13.74793815612793
1989-12-25,13.179521560668945
1989-12-26,12.601003646850586
1989-12-27,12.240964889526367
1989-12-28,12.00572395324707
1989-12-29,12.013973236083984
1989-12-30,12.343814849853516
1989-12-31,15.503791809082031
1990-01-01,35.72919464111328
1990-01-02,62.67729568481445
1990-01-03,48.54492950439453
1990-01-04,33.4735107421875
1990-01-05,27.597026824951172
1990-01-06,26.895545959472656
1990-01-07,27.94505500793457
1990-01-08,38.8911018371582
1990-01-09,63.82837677001953
1990-01-10,66.08938598632812
1990-01-11,42.999977111816406
1990-01-12,29.96063995361328
1990-01-13,24.037349700927734
1990-01-14,20.445098876953125
1990-01-15,18.096948623657227
1990-01-16,16.805362701416016
1990-01-17,15.766321182250977
1990-01-18,15.109261512756348
1990-01-19,14.582255363464355
1990-01-20,14.028182983398438
1990-01-21,15.939984321594238
1990-01-22,22.978805541992188
1990-01-23,25.790084838867188
1990-01-24,22.119701385498047
1990-01-25,26.753129959106445
1990-01-26,73.38922119140625
1990-01-27,101.83609008789062
1990-01-28,69.051513671875
1990-01-29,42.534393310546875
1990-01-30,32.59607696533203
1990-01-31,30.870826721191406
1990-02-01,27.918781280517578
1990-02-02,23.427099227905273
1990-02-03,20.758886337280273
1990-02-04,22.449100494384766
1990-02-05,29.993274688720703
1990-02-06,31.000991821289062
1990-02-07,24.82192611694336
1990-02-08,21.060394287109375
1990-02-09,18.734905242919922
1990-02-10,26.808895111083984
1990-02-11,47.32228469848633
1990-02-12,50.713497161865234
1990-02-13,37.314327239990234
1990-02-14,28.475831985473633
1990-02-15,23.24736213684082
1990-02-16,24.426437377929688
1990-02-17,37.142616271972656
1990-02-18,43.714149475097656
1990-02-19,39.79805374145508
1990-02-20,49.79429626464844
1990-02-21,50.59264373779297
1990-02-22,37.547603607177734
1990-02-23,37.92242431640625
1990-02-24,41.6694450378418
1990-02-25,35.66167068481445
1990-02-26,28.726112365722656
1990-02-27,24.058460235595703
1990-02-28,20.769283294677734
1990-03-01,18.967235565185547
1990-03-02,17.911893844604492
1990-03-03,20.576889038085938
1990-03-04,29.24056625366211
1990-03-05,31.527767181396484
1990-03-06,25.579187393188477
1990-03-07,21.670635223388672
1990-03-08,19.354856491088867
1990-03-09,17.745920181274414
1990-03-10,16.694927215576172
1990-03-11,15.787845611572266
1990-03-12,15.090230941772461
1990-03-13,14.499754905700684
1990-03-14,14.024369239807129
1990-03-15,13.635963439941406
1990-03-16,13.748857498168945
1990-03-17,17.062559127807617
1990-03-18,25.487655639648438
1990-03-19,29.00400161743164
1990-03-20,24.476661682128906
1990-03-21,22.100696563720703
1990-03-22,19.34433364868164
1990-03-23,17.131378173828125
1990-03-24,15.71859359741211
1990-03-25,14.845426559448242
1990-03-26,14.141509056091309
1990-03-27,13.645188331604004
1990-03-28,13.108298301696777
1990-03-29,15.064794540405273
1990-03-30,23.096393585205078
1990-03-31,30.944204330444336
1990-04-01,35.537044525146484
1990-04-02,35.28501892089844
1990-04-03,34.388729095458984
1990-04-04,31.647741317749023
1990-04-05,25.214689254760742
1990-04-06,20.603225708007812
1990-04-07,21.08116912841797
1990-04-08,23.293245315551758
1990-04-09,21.233800888061523
1990-04-10,18.6049861907959
1990-04-11,17.361129760742188
1990-04-12,17.221710205078125
1990-04-13,16.446491241455078
1990-04-14,15.063895225524902
1990-04-15,17.220457077026367
1990-04-16,26.29840850830078
1990-04-17,31.320636749267578
1990-04-18,24.909374237060547
1990-04-19,19.862442016601562
1990-04-20,16.665618896484375
1990-04-21,15.22219181060791
1990-04-22,14.846753120422363
1990-04-23,14.435559272766113
1990-04-24,13.315349578857422
1990-04-25,12.395684242248535
1990-04-26,11.612133979797363
1990-04-27,10.931897163391113
1990-04-28,10.38575553894043
1990-04-29,10.32559585571289
1990-04-30,11.675383567810059
1990-05-01,15.376816749572754
1990-05-02,18.53902244567871
1990-05-03,20.14182472229004
1990-05-04,31.200469970703125
1990-05-05,55.35763168334961
1990-05-06,66.83289337158203
1990-05-07,51.63831329345703
1990-05-08,33.91823196411133
1990-05-09,24.371278762817383
1990-05-10,24.331315994262695
1990-05-11,36.161617279052734
1990-05-12,39.65678024291992
1990-05-13,28.00254249572754
1990-05-14,21.86423683166504
1990-05-15,18.631595611572266
1990-05-16,15.697366714477539
1990-05-17,13.763202667236328
1990-05-18,12.571077346801758
1990-05-19,11.76573371887207
1990-05-20,10.793608665466309
1990-05-21,10.181970596313477
1990-05-22,11.681896209716797
1990-05-23,19.8922119140625
1990-05-24,27.76818084716797
1990-05-25,20.85919761657715
1990-05-26,15.6273193359375
1990-05-27,13.885435104370117
1990-05-28,18.410465240478516
1990-05-29,58.34772872924805
1990-05-30,112.14647674560547
1990-05-31,86.05582427978516
1990-06-01,45.81224060058594
1990-06-02,27.705833435058594
1990-06-03,20.279375076293945
1990-06-04,16.793899536132812
1990-06-05,14.719463348388672
1990-06-06,13.106315612792969
1990-06-07,11.872767448425293
1990-06-08,11.116304397583008
1990-06-09,11.023323059082031
1990-06-10,11.234134674072266
1990-06-11,10.904932975769043
1990-06-12,10.052919387817383
1990-06-13,9.041290283203125
1990-06-14,8.306541442871094
1990-06-15,7.85112190246582
1990-06-16,7.474473476409912
1990-06-17,7.264712333679199
1990-06-18,7.013320446014404
1990-06-19,7.018117904663086
1990-06-20,7.002105236053467
1990-06-21,6.534480094909668
1990-06-22,6.254225254058838
1990-06-23,6.255322456359863
1990-06-24,6.420466423034668
1990-06-25,6.300894737243652
1990-06-26,5.901484966278076
1990-06-27,5.613382816314697
1990-06-28,5.485990524291992
1990-06-29,5.279045104980469
1990-06-30,5.063448905944824
1990-07-01,5.026702404022217
1990-07-02,5.1096649169921875
1990-07-03,4.953227996826172
1990-07-04,4.588141441345215
1990-07-05,4.307361125946045
1990-07-06,4.059398651123047
1990-07-07,3.8496456146240234
1990-07-08,3.735724449157715
1990-07-09,3.677426338195801
1990-07-10,3.7787537574768066
1990-07-11,4.077467441558838
1990-07-12,4.64170503616333
1990-07-13,5.431000709533691
1990-07-14,6.8237433433532715
1990-07-15,9.598348617553711
1990-07-16,11.219212532043457
1990-07-17,9.274805068969727
1990-07-18,7.218306541442871
1990-07-19,6.366604328155518
1990-07-20,6.09244441986084
1990-07-21,5.691144943237305
1990-07-22,5.185116291046143
1990-07-23,4.784459590911865
1990-07-24,4.3797125816345215
1990-07-25,4.003007888793945
1990-07-26,3.7185745239257812
1990-07-27,3.497385025024414
1990-07-28,3.307269811630249
1990-07-29,3.167962074279785
1990-07-30,3.0934605598449707
1990-07-31,3.0702054500579834
1990-08-01,3.0288524627685547
1990-08-02,2.8771169185638428
1990-08-03,2.7630083560943604
1990-08-04,2.733196258544922
1990-08-05,2.720668315887451
1990-08-06,2.8032243251800537
1990-08-07,3.413351535797119
1990-08-08,4.2002854347229
1990-08-09,3.98445200920105
1990-08-10,3.931119680404663
1990-08-11,4.187386512756348
1990-08-12,3.9441003799438477
1990-08-13,3.5048437118530273
1990-08-14,3.2323122024536133
1990-08-15,3.1949820518493652
1990-08-16,3.5730745792388916
1990-08-17,4.7825517654418945
1990-08-18,5.761987686157227
1990-08-19,4.889937400817871
1990-08-20,4.057278156280518
1990-08-21,3.7377774715423584
1990-08-22,4.051490306854248
1990-08-23,6.568957805633545
1990-08-24,10.743680000305176
1990-08-25,10.634544372558594
1990-08-26,8.06986141204834
1990-08-27,6.357802391052246
1990-08-28,5.213943004608154
1990-08-29,4.345236778259277
1990-08-30,3.8123879432678223
1990-08-31,3.522891044616699
1990-09-01,3.2657034397125244
1990-09-02,3.031132698059082
1990-09-03,2.874518871307373
1990-09-04,2.7384889125823975
1990-09-05,2.6453371047973633
1990-09-06,2.5608484745025635
1990-09-07,2.483276605606079
1990-09-08,2.413360834121704
1990-09-09,2.436692237854004
1990-09-10,2.709923267364502
1990-09-11,3.1180901527404785
1990-09-12,3.294936418533325
1990-09-13,3.5511398315429688
1990-09-14,4.192000389099121
1990-09-15,4.88886833190918
1990-09-16,4.615936279296875
1990-09-17,3.832836389541626
1990-09-18,3.3059463500976562
1990-09-19,2.990156888961792
1990-09-20,2.857973098754883
1990-09-21,2.7812371253967285
1990-09-22,2.789114236831665
1990-09-23,2.778273344039917
1990-09-24,2.7342092990875244
1990-09-25,2.6507010459899902
1990-09-26,2.5727665424346924
1990-09-27,2.4921274185180664
1990-09-28,2.389080286026001
1990-09-29,2.316486120223999
1990-09-30,2.286367654800415
1990-10-01,2.301098108291626
1990-10-02,2.31965970993042
1990-10-03,2.289344310760498
1990-10-04,2.2989044189453125
1990-10-05,2.4489006996154785
1990-10-06,2.5870251655578613
1990-10-07,2.5278313159942627
1990-10-08,2.474689483642578
1990-10-09,2.4172987937927246
1990-10-10,2.4081923961639404
1990-10-11,9.841466903686523
1990-10-12,44.17717742919922
1990-10-13,81.72917938232422
1990-10-14,65.17718505859375
1990-10-15,41.319034576416016
1990-10-16,21.89691925048828
1990-10-17,13.174104690551758
1990-10-18,10.359031677246094
1990-10-19,12.079925537109375
1990-10-20,14.525559425354004
1990-10-21,11.57228946685791
1990-10-22,9.504127502441406
1990-10-23,48.45431900024414
1990-10-24,142.59576416015625
1990-10-25,123.95128631591797
1990-10-26,69.18858337402344
1990-10-27,48.628684997558594
1990-10-28,32.051239013671875
1990-10-29,21.829219818115234
1990-10-30,16.6203670501709
1990-10-31,13.723516464233398
1990-11-01,12.160530090332031
1990-11-02,11.05787181854248
1990-11-03,10.22217845916748
1990-11-04,9.556848526000977
1990-11-05,9.055644989013672
1990-11-06,8.63441276550293
1990-11-07,8.300612449645996
1990-11-08,7.997491836547852
1990-11-09,7.851493835449219
1990-11-10,16.24252700805664
1990-11-11,40.849830627441406
1990-11-12,45.09524154663086
1990-11-13,28.818374633789062
1990-11-14,19.216777801513672
1990-11-15,14.862947463989258
1990-11-16,12.757085800170898
1990-11-17,11.46629810333252
1990-11-18,10.61928939819336
1990-11-19,10.009969711303711
1990-11-20,9.513025283813477
1990-11-21,9.128561019897461
1990-11-22,8.844099044799805
1990-11-23,8.588878631591797
1990-11-24,8.334112167358398
1990-11-25,8.109712600708008
1990-11-26,7.941092014312744
1990-11-27,7.817048072814941
1990-11-28,7.689103603363037
1990-11-29,8.418221473693848
1990-11-30,10.237335205078125
1990-12-01,10.42056941986084
1990-12-02,9.721975326538086
1990-12-03,12.288482666015625
1990-12-04,32.728363037109375
1990-12-05,58.074119567871094
1990-12-06,41.18634796142578
1990-12-07,25.4552059173584
1990-12-08,19.605205535888672
1990-12-09,18.73806381225586
1990-12-10,17.193424224853516
1990-12-11,14.73299503326416
1990-12-12,13.020537376403809
1990-12-13,11.955340385437012
1990-12-14,11.170207977294922
1990-12-15,10.619609832763672
1990-12-16,10.383476257324219
1990-12-17,10.217489242553711
1990-12-18,9.98798942565918
1990-12-19,10.301302909851074
1990-12-20,11.849027633666992
1990-12-21,13.611809730529785
1990-12-22,15.56844425201416
1990-12-23,17.09265899658203
1990-12-24,19.271574020385742
1990-12-25,22.984357833862305
1990-12-26,19.776580810546875
1990-12-27,15.984235763549805
1990-12-28,14.629630088806152
1990-12-29,16.377681732177734
1990-12-30,19.158117294311523
1990-12-31,24.25609016418457
1991-01-01,27.27960205078125
1991-01-02,23.559906005859375
1991-01-03,18.774972915649414
1991-01-04,17.68663215637207
1991-01-05,17.51410484313965
1991-01-06,15.871382713317871
1991-01-07,19.579273223876953
1991-01-08,41.31969451904297
1991-01-09,60.15122604370117
1991-01-10,54.525657653808594
1991-01-11,82.44246673583984
1991-01-12,145.7051544189453
1991-01-13,145.2227783203125
1991-01-14,84.41826629638672
1991-01-15,48.06644058227539
1991-01-16,38.72590637207031
1991-01-17,46.641456604003906
1991-01-18,47.684207916259766
1991-01-19,35.108924865722656
1991-01-20,35.507293701171875
1991-01-21,44.348236083984375
1991-01-22,42.41625213623047
1991-01-23,32.41148376464844
1991-01-24,25.449113845825195
1991-01-25,22.149303436279297
1991-01-26,20.071264266967773
1991-01-27,18.205692291259766
1991-01-28,16.990291595458984
1991-01-29,16.25847053527832
1991-01-30,16.7855281829834
1991-01-31,21.898685455322266
1991-02-01,26.251911163330078
1991-02-02,21.746261596679688
1991-02-03,18.478282928466797
1991-02-04,16.60527801513672
1991-02-05,15.497356414794922
1991-02-06,15.114740371704102
1991-02-07,16.589189529418945
1991-02-08,18.897193908691406
1991-02-09,18.852497100830078
1991-02-10,17.05998992919922
1991-02-11,15.624267578125
1991-02-12,14.587292671203613
1991-02-13,13.900527954101562
1991-02-14,14.486068725585938
1991-02-15,16.207979202270508
1991-02-16,16.487916946411133
1991-02-17,15.291417121887207
1991-02-18,15.35813045501709
1991-02-19,18.911693572998047
1991-02-20,22.401721954345703
1991-02-21,21.694658279418945
1991-02-22,19.559507369995117
1991-02-23,17.507081985473633
1991-02-24,16.321956634521484
1991-02-25,15.27336311340332
1991-02-26,15.128833770751953
1991-02-27,16.967388153076172
1991-02-28,17.65367889404297
1991-03-01,15.991373062133789
1991-03-02,18.178869247436523
1991-03-03,39.63966369628906
1991-03-04,104.62579345703125
1991-03-05,131.21710205078125
1991-03-06,82.50553131103516
1991-03-07,50.353851318359375
1991-03-08,36.14836502075195
1991-03-09,29.399812698364258
1991-03-10,25.832487106323242
1991-03-11,22.71677017211914
1991-03-12,20.07852554321289
1991-03-13,19.479171752929688
1991-03-14,23.928253173828125
1991-03-15,28.61890411376953
1991-03-16,26.372726440429688
1991-03-17,22.037776947021484
1991-03-18,23.940868377685547
1991-03-19,32.34819793701172
1991-03-20,33.22917175292969
1991-03-21,26.237953186035156
1991-03-22,21.882524490356445
1991-03-23,21.206274032592773
1991-03-24,23.912487030029297
1991-03-25,24.238338470458984
1991-03-26,20.459672927856445
1991-03-27,18.1535587310791
1991-03-28,17.140602111816406
1991-03-29,49.14392852783203
1991-03-30,212.47994995117188
1991-03-31,323.9397888183594
1991-04-01,166.17185974121094
1991-04-02,80.82979583740234
1991-04-03,49.04062271118164
1991-04-04,35.69773864746094
1991-04-05,29.274356842041016
1991-04-06,26.311073303222656
1991-04-07,24.313329696655273
1991-04-08,21.912086486816406
1991-04-09,20.210948944091797
1991-04-10,19.15243911743164
1991-04-11,18.433773040771484
1991-04-12,17.286056518554688
1991-04-13,16.480165481567383
1991-04-14,16.890268325805664
1991-04-15,19.129772186279297
1991-04-16,26.699758529663086
1991-04-17,33.89683532714844
1991-04-18,27.094261169433594
1991-04-19,21.450037002563477
1991-04-20,22.796749114990234
1991-04-21,36.063751220703125
1991-04-22,47.26020050048828
1991-04-23,42.86890411376953
1991-04-24,31.390600204467773
1991-04-25,24.48482894897461
1991-04-26,20.50168800354004
1991-04-27,18.32244300842285
1991-04-28,17.10108184814453
1991-04-29,17.472293853759766
1991-04-30,25.453195571899414
1991-05-01,36.885643005371094
1991-05-02,35.33763885498047
1991-05-03,26.33041000366211
1991-05-04,20.246383666992188
1991-05-05,17.259151458740234
1991-05-06,17.24985122680664
1991-05-07,20.02658462524414
1991-05-08,20.074613571166992
1991-05-09,16.915102005004883
1991-05-10,14.88049602508545
1991-05-11,13.870113372802734
1991-05-12,13.250801086425781
1991-05-13,12.5733642578125
1991-05-14,11.934091567993164
1991-05-15,11.602489471435547
1991-05-16,11.288878440856934
1991-05-17,10.687714576721191
1991-05-18,10.35319709777832
1991-05-19,11.000825881958008
1991-05-20,18.17636489868164
1991-05-21,36.1649169921875
1991-05-22,42.19542694091797
1991-05-23,30.218917846679688
1991-05-24,21.1651611328125
1991-05-25,16.50344467163086
1991-05-26,13.79145622253418
1991-05-27,12.17721939086914
1991-05-28,11.754351615905762
1991-05-29,12.467630386352539
1991-05-30,12.470524787902832
1991-05-31,11.073953628540039
1991-06-01,10.147438049316406
1991-06-02,10.427154541015625
1991-06-03,11.732047080993652
1991-06-04,12.354142189025879
1991-06-05,10.865293502807617
1991-06-06,9.392128944396973
1991-06-07,8.45572280883789
1991-06-08,7.900746822357178
1991-06-09,7.497862815856934
1991-06-10,7.187769889831543
1991-06-11,6.864778518676758
1991-06-12,6.536384105682373
1991-06-13,6.343593597412109
1991-06-14,6.208727836608887
1991-06-15,5.989224910736084
1991-06-16,5.958640098571777
1991-06-17,6.264256477355957
1991-06-18,6.968306541442871
1991-06-19,9.544601440429688
1991-06-20,14.030107498168945
1991-06-21,15.43132209777832
1991-06-22,13.257583618164062
1991-06-23,11.593019485473633
1991-06-24,9.94235610961914
1991-06-25,8.38615608215332
1991-06-26,7.22203254699707
1991-06-27,6.442722320556641
1991-06-28,5.9866533279418945
1991-06-29,5.599841117858887
1991-06-30,5.277006149291992
1991-07-01,5.136109352111816
1991-07-02,5.125598907470703
1991-07-03,6.870684623718262
1991-07-04,10.502299308776855
1991-07-05,12.993102073669434
1991-07-06,12.523125648498535
1991-07-07,10.944204330444336
1991-07-08,8.456058502197266
1991-07-09,6.9461565017700195
1991-07-10,6.272593021392822
1991-07-11,6.463315963745117
1991-07-12,7.152874946594238
1991-07-13,7.944852352142334
1991-07-14,7.878236770629883
1991-07-15,6.790138244628906
1991-07-16,5.7145490646362305
1991-07-17,5.127013206481934
1991-07-18,5.078588962554932
1991-07-19,5.335382461547852
1991-07-20,5.57501745223999
1991-07-21,5.779841899871826
1991-07-22,5.603537559509277
1991-07-23,5.0198073387146
1991-07-24,4.454565525054932
1991-07-25,4.238870620727539
1991-07-26,5.075550556182861
1991-07-27,7.335423469543457
1991-07-28,9.549054145812988
1991-07-29,9.821932792663574
1991-07-30,8.82116985321045
1991-07-31,9.285510063171387
1991-08-01,9.995773315429688
1991-08-02,9.115652084350586
1991-08-03,8.217537879943848
1991-08-04,7.4795308113098145
1991-08-05,6.695809364318848
1991-08-06,5.918469429016113
1991-08-07,5.462947368621826
1991-08-08,6.013972759246826
1991-08-09,8.002057075500488
1991-08-10,9.93947982788086
1991-08-11,9.428555488586426
1991-08-12,7.527588367462158
1991-08-13,6.689700603485107
1991-08-14,7.440299034118652
1991-08-15,11.845685958862305
1991-08-16,13.89614200592041
1991-08-17,10.65936279296875
1991-08-18,7.6783576011657715
1991-08-19,6.1074090003967285
1991-08-20,5.251140594482422
1991-08-21,4.80217170715332
1991-08-22,4.516867637634277
1991-08-23,4.2796196937561035
1991-08-24,4.070845603942871
1991-08-25,3.919994354248047
1991-08-26,3.9713573455810547
1991-08-27,4.220486164093018
1991-08-28,4.799404144287109
1991-08-29,5.651566505432129
1991-08-30,5.699779510498047
1991-08-31,5.023720741271973
1991-09-01,4.377035140991211
1991-09-02,4.000676155090332
1991-09-03,3.7568230628967285
1991-09-04,3.5590012073516846
1991-09-05,3.408212423324585
1991-09-06,3.327408790588379
1991-09-07,3.418779134750366
1991-09-08,3.716611862182617
1991-09-09,3.9025635719299316
1991-09-10,3.6033475399017334
1991-09-11,3.3356125354766846
1991-09-12,3.180142402648926
1991-09-13,3.0263009071350098
1991-09-14,2.9521267414093018
1991-09-15,2.998105049133301
1991-09-16,3.026054859161377
1991-09-17,2.9199185371398926
1991-09-18,2.810912609100342
1991-09-19,2.9213099479675293
1991-09-20,4.448960781097412
1991-09-21,7.01774263381958
1991-09-22,6.761404991149902
1991-09-23,5.202541351318359
1991-09-24,4.531120777130127
1991-09-25,8.519314765930176
1991-09-26,14.136749267578125
1991-09-27,12.819110870361328
1991-09-28,8.164591789245605
1991-09-29,5.878134727478027
1991-09-30,4.837013244628906
1991-10-01,4.21484375
1991-10-02,3.8600587844848633
1991-10-03,3.988645076751709
1991-10-04,4.428190231323242
1991-10-05,4.496672630310059
1991-10-06,5.197631359100342
1991-10-07,6.7993364334106445
1991-10-08,6.6081929206848145
1991-10-09,5.441408634185791
1991-10-10,4.689772129058838
1991-10-11,4.256839275360107
1991-10-12,3.945161819458008
1991-10-13,3.7146778106689453
1991-10-14,3.5713460445404053
1991-10-15,3.549762010574341
1991-10-16,3.8582119941711426
1991-10-17,4.566868305206299
1991-10-18,4.965719699859619
1991-10-19,4.780399322509766
1991-10-20,4.299614906311035
1991-10-21,3.948557138442993
1991-10-22,3.76381254196167
1991-10-23,3.65621280670166
1991-10-24,3.5965077877044678
1991-10-25,3.5503125190734863
1991-10-26,3.496697425842285
1991-10-27,3.4583888053894043
1991-10-28,3.396064281463623
1991-10-29,3.301018714904785
1991-10-30,3.2138876914978027
1991-10-31,3.1930510997772217
1991-11-01,3.195162773132324
1991-11-02,3.2591075897216797
1991-11-03,3.2676022052764893
1991-11-04,3.3164467811584473
1991-11-05,3.3083367347717285
1991-11-06,3.369187593460083
1991-11-07,3.415465831756592
1991-11-08,3.412485122680664
1991-11-09,3.509066581726074
1991-11-10,4.564457893371582
1991-11-11,7.816409111022949
1991-11-12,10.151329040527344
1991-11-13,8.238415718078613
1991-11-14,6.575604438781738
1991-11-15,5.789376258850098
1991-11-16,5.314395904541016
1991-11-17,4.963640213012695
1991-11-18,4.644702911376953
1991-11-19,4.536404609680176
1991-11-20,4.464450359344482
1991-11-21,4.371260166168213
1991-11-22,4.349575042724609
1991-11-23,4.613803863525391
1991-11-24,4.831271648406982
1991-11-25,4.546376705169678
1991-11-26,4.339548587799072
1991-11-27,4.239586353302002
1991-11-28,4.1949286460876465
1991-11-29,4.21481990814209
1991-11-30,4.227139949798584
1991-12-01,4.33013916015625
1991-12-02,5.315730094909668
1991-12-03,7.174410820007324
1991-12-04,9.380663871765137
1991-12-05,10.515198707580566
1991-12-06,8.408367156982422
1991-12-07,6.911373138427734
1991-12-08,6.170404434204102
1991-12-09,5.74481201171875
1991-12-10,5.637828826904297
1991-12-11,6.209320545196533
1991-12-12,6.547440528869629
1991-12-13,6.086938381195068
1991-12-14,5.671846866607666
1991-12-15,5.554014682769775
1991-12-16,5.528363227844238
1991-12-17,5.25235652923584
1991-12-18,5.0666680335998535
1991-12-19,4.848168849945068
1991-12-20,4.789504051208496
1991-12-21,4.715459823608398
1991-12-22,4.657710552215576
1991-12-23,4.713054656982422
1991-12-24,5.032159805297852
1991-12-25,5.407497882843018
1991-12-26,5.313409805297852
1991-12-27,5.17022705078125
1991-12-28,5.744924068450928
1991-12-29,14.240516662597656
1991-12-30,26.707691192626953
1991-12-31,24.49910545349121
1992-01-01,15.779339790344238
1992-01-02,11.226426124572754
1992-01-03,14.968896865844727
1992-01-04,88.52206420898438
1992-01-05,154.07264709472656
1992-01-06,112.76502227783203
1992-01-07,55.075279235839844
1992-01-08,30.421300888061523
1992-01-09,20.74721908569336
1992-01-10,16.63092041015625
1992-01-11,14.302465438842773
1992-01-12,12.588373184204102
1992-01-13,11.532232284545898
1992-01-14,11.592103958129883
1992-01-15,12.198395729064941
1992-01-16,11.817991256713867
1992-01-17,10.768327713012695
1992-01-18,9.783260345458984
1992-01-19,9.176772117614746
1992-01-20,8.761645317077637
1992-01-21,8.44681167602539
1992-01-22,8.237486839294434
1992-01-23,10.168734550476074
1992-01-24,19.238473892211914
1992-01-25,25.7052001953125
1992-01-26,20.14116859436035
1992-01-27,15.465167999267578
1992-01-28,13.113912582397461
1992-01-29,12.071266174316406
1992-01-30,11.379010200500488
1992-01-31,10.604962348937988
1992-02-01,9.924627304077148
1992-02-02,9.300795555114746
1992-02-03,8.881421089172363
1992-02-04,8.597768783569336
1992-02-05,8.395252227783203
1992-02-06,8.134916305541992
1992-02-07,7.911235809326172
1992-02-08,7.759566307067871
1992-02-09,7.636826515197754
1992-02-10,7.482505798339844
1992-02-11,7.340723991394043
1992-02-12,7.23640251159668
1992-02-13,7.213253021240234
1992-02-14,7.247711181640625
1992-02-15,8.938738822937012
1992-02-16,17.347705841064453
1992-02-17,24.219558715820312
1992-02-18,21.06124496459961
1992-02-19,19.058143615722656
1992-02-20,17.970197677612305
1992-02-21,15.523369789123535
1992-02-22,12.921195030212402
1992-02-23,12.255305290222168
1992-02-24,15.581753730773926
1992-02-25,21.71295928955078
1992-02-26,54.878395080566406
1992-02-27,89.62660217285156
1992-02-28,71.61790466308594
1992-02-29,41.14802551269531
1992-03-01,26.429466247558594
1992-03-02,19.839237213134766
1992-03-03,16.84085464477539
1992-03-04,14.865646362304688
1992-03-05,13.508440017700195
1992-03-06,14.030384063720703
1992-03-07,30.680734634399414
1992-03-08,47.19103240966797
1992-03-09,40.16087341308594
1992-03-10,30.83116912841797
1992-03-11,36.176185607910156
1992-03-12,39.25323486328125
1992-03-13,29.847164154052734
1992-03-14,22.83237648010254
1992-03-15,18.53168487548828
1992-03-16,16.207122802734375
1992-03-17,14.591082572937012
1992-03-18,13.404071807861328
1992-03-19,13.425451278686523
1992-03-20,14.250528335571289
1992-03-21,14.24636459350586
1992-03-22,13.086583137512207
1992-03-23,12.832741737365723
1992-03-24,13.011499404907227
1992-03-25,12.43526840209961
1992-03-26,13.595817565917969
1992-03-27,20.074777603149414
1992-03-28,24.21918487548828
1992-03-29,19.980972290039062
1992-03-30,16.422595977783203
1992-03-31,14.483543395996094
1992-04-01,13.235234260559082
1992-04-02,12.165868759155273
1992-04-03,11.530447006225586
1992-04-04,10.987499237060547
1992-04-05,10.953064918518066
1992-04-06,10.970111846923828
1992-04-07,10.472648620605469
1992-04-08,10.113195419311523
1992-04-09,9.749584197998047
1992-04-10,9.411345481872559
1992-04-11,9.109491348266602
1992-04-12,8.958356857299805
1992-04-13,9.126862525939941
1992-04-14,9.241265296936035
1992-04-15,8.70500373840332
1992-04-16,8.340803146362305
1992-04-17,8.244301795959473
1992-04-18,8.245805740356445
1992-04-19,8.068553924560547
1992-04-20,7.746764659881592
1992-04-21,17.001108169555664
1992-04-22,76.11123657226562
1992-04-23,111.70619201660156
1992-04-24,60.94768524169922
1992-04-25,32.74253845214844
1992-04-26,22.072452545166016
1992-04-27,17.299449920654297
1992-04-28,14.909177780151367
1992-04-29,13.806546211242676
1992-04-30,12.794534683227539
1992-05-01,11.789041519165039
1992-05-02,11.069619178771973
1992-05-03,10.363641738891602
1992-05-04,9.499002456665039
1992-05-05,8.861556053161621
1992-05-06,8.892935752868652
1992-05-07,9.921929359436035
1992-05-08,14.800554275512695
1992-05-09,23.150358200073242
1992-05-10,23.386857986450195
1992-05-11,18.030574798583984
1992-05-12,13.786785125732422
1992-05-13,11.351791381835938
1992-05-14,10.158493041992188
1992-05-15,9.854268074035645
1992-05-16,10.035268783569336
1992-05-17,9.987610816955566
1992-05-18,9.805638313293457
1992-05-19,10.341880798339844
1992-05-20,10.091922760009766
1992-05-21,9.091890335083008
1992-05-22,8.158421516418457
1992-05-23,7.512972354888916
1992-05-24,7.039690971374512
1992-05-25,6.563451766967773
1992-05-26,6.296492099761963
1992-05-27,6.475693702697754
1992-05-28,6.819133758544922
1992-05-29,7.6276445388793945
1992-05-30,10.525538444519043
1992-05-31,14.93112564086914
1992-06-01,15.726286888122559
1992-06-02,12.242487907409668
1992-06-03,9.521445274353027
1992-06-04,9.615208625793457
1992-06-05,15.759291648864746
1992-06-06,22.150785446166992
1992-06-07,17.05756378173828
1992-06-08,12.264137268066406
1992-06-09,13.525520324707031
1992-06-10,25.214136123657227
1992-06-11,31.727039337158203
1992-06-12,23.044788360595703
1992-06-13,16.660968780517578
1992-06-14,13.464884757995605
1992-06-15,13.93171501159668
1992-06-16,22.92544174194336
1992-06-17,31.407590866088867
1992-06-18,27.359561920166016
1992-06-19,18.534244537353516
1992-06-20,13.85046100616455
1992-06-21,11.47547721862793
1992-06-22,10.615701675415039
1992-06-23,10.132048606872559
1992-06-24,9.09791374206543
1992-06-25,9.18824577331543
1992-06-26,10.008533477783203
1992-06-27,10.69691276550293
1992-06-28,10.356513023376465
1992-06-29,8.80088996887207
1992-06-30,7.489585876464844
1992-07-01,6.717499732971191
1992-07-02,6.550395488739014
1992-07-03,7.094008922576904
1992-07-04,8.417081832885742
1992-07-05,9.490121841430664
1992-07-06,8.500665664672852
1992-07-07,7.905282497406006
1992-07-08,7.4883503913879395
1992-07-09,6.427697658538818
1992-07-10,5.650384426116943
1992-07-11,5.1056294441223145
1992-07-12,4.6986165046691895
1992-07-13,4.3335185050964355
1992-07-14,4.004467010498047
1992-07-15,3.750905990600586
1992-07-16,3.584054946899414
1992-07-17,3.485670804977417
1992-07-18,3.4304566383361816
1992-07-19,3.4225058555603027
1992-07-20,3.3988802433013916
1992-07-21,3.2718329429626465
1992-07-22,3.3131299018859863
1992-07-23,5.6160688400268555
1992-07-24,12.188952445983887
1992-07-25,15.213366508483887
1992-07-26,11.29161262512207
1992-07-27,7.862401962280273
1992-07-28,6.70100212097168
1992-07-29,6.379147529602051
1992-07-30,5.58253288269043
1992-07-31,4.822357654571533
1992-08-01,4.57537841796875
1992-08-02,4.371617317199707
1992-08-03,3.962642192840576
1992-08-04,3.7069435119628906
1992-08-05,3.496466636657715
1992-08-06,3.3953423500061035
1992-08-07,3.535550355911255
1992-08-08,3.6136040687561035
1992-08-09,3.4438230991363525
1992-08-10,3.265744924545288
1992-08-11,3.0907669067382812
1992-08-12,2.9987974166870117
1992-08-13,3.3516910076141357
1992-08-14,7.989433288574219
1992-08-15,21.496665954589844
1992-08-16,25.99136734008789
1992-08-17,19.503633499145508
1992-08-18,14.320584297180176
1992-08-19,12.653404235839844
1992-08-20,10.03182315826416
1992-08-21,8.006098747253418
1992-08-22,6.816471576690674
1992-08-23,5.9408721923828125
1992-08-24,5.268365859985352
1992-08-25,4.78335428237915
1992-08-26,4.556136131286621
1992-08-27,4.755275726318359
1992-08-28,5.204419136047363
1992-08-29,5.402143955230713
1992-08-30,5.1408867835998535
1992-08-31,4.549770832061768
1992-09-01,4.076998233795166
1992-09-02,3.7432122230529785
1992-09-03,3.5915415287017822
1992-09-04,3.8228750228881836
1992-09-05,4.497300624847412
1992-09-06,5.3861470222473145
1992-09-07,5.922431945800781
1992-09-08,5.587662696838379
1992-09-09,4.961557388305664
1992-09-10,4.4433274269104
1992-09-11,4.148421287536621
1992-09-12,4.272136688232422
1992-09-13,4.359279155731201
1992-09-14,3.965506076812744
1992-09-15,3.603506088256836
1992-09-16,3.376781463623047
1992-09-17,3.210541248321533
1992-09-18,3.0674753189086914
1992-09-19,3.0090928077697754
1992-09-20,3.2025482654571533
1992-09-21,3.645603656768799
1992-09-22,3.825681447982788
1992-09-23,3.6946988105773926
1992-09-24,3.792877435684204
1992-09-25,3.893383741378784
1992-09-26,3.908060073852539
1992-09-27,4.0820817947387695
1992-09-28,4.348501682281494
1992-09-29,4.828360557556152
1992-09-30,4.986474990844727
1992-10-01,4.382110118865967
1992-10-02,3.851961851119995
1992-10-03,3.55680513381958
1992-10-04,4.22603702545166
1992-10-05,12.079055786132812
1992-10-06,19.621841430664062
1992-10-07,16.093399047851562
1992-10-08,10.611626625061035
1992-10-09,8.306784629821777
1992-10-10,8.55575180053711
1992-10-11,8.777093887329102
1992-10-12,7.331005573272705
1992-10-13,6.095751762390137
1992-10-14,5.365434646606445
1992-10-15,4.90997314453125
1992-10-16,4.510454177856445
1992-10-17,4.226659774780273
1992-10-18,4.060068130493164
1992-10-19,3.9613029956817627
1992-10-20,3.8808655738830566
1992-10-21,3.816413402557373
1992-10-22,3.747429609298706
1992-10-23,3.605835437774658
1992-10-24,3.5579147338867188
1992-10-25,3.513875961303711
1992-10-26,3.421394109725952
1992-10-27,3.391927719116211
1992-10-28,3.357058048248291
1992-10-29,3.4838173389434814
1992-10-30,3.6112258434295654
1992-10-31,4.977253437042236
1992-11-01,9.109151840209961
1992-11-02,12.584444046020508
1992-11-03,18.61168098449707
1992-11-04,36.87020492553711
1992-11-05,48.52574920654297
1992-11-06,48.179283142089844
1992-11-07,34.11732482910156
1992-11-08,20.93048667907715
1992-11-09,14.491743087768555
1992-11-10,11.377641677856445
1992-11-11,9.7421293258667
1992-11-12,10.025832176208496
1992-11-13,17.121644973754883
1992-11-14,26.474456787109375
1992-11-15,21.867525100708008
1992-11-16,15.797487258911133
1992-11-17,12.412238121032715
1992-11-18,10.561309814453125
1992-11-19,9.513547897338867
1992-11-20,8.718436241149902
1992-11-21,8.581676483154297
1992-11-22,10.777421951293945
1992-11-23,23.76766014099121
1992-11-24,42.74760055541992
1992-11-25,42.44248962402344
1992-11-26,38.2906494140625
1992-11-27,45.6659049987793
1992-11-28,45.01189041137695
1992-11-29,30.750099182128906
1992-11-30,22.033533096313477
1992-12-01,17.390762329101562
1992-12-02,15.036898612976074
1992-12-03,13.329798698425293
1992-12-04,12.027649879455566
1992-12-05,11.15795612335205
1992-12-06,10.526222229003906
1992-12-07,10.120999336242676
1992-12-08,9.674012184143066
1992-12-09,9.263996124267578
1992-12-10,12.729628562927246
1992-12-11,28.31146240234375
1992-12-12,37.40084457397461
1992-12-13,27.86817169189453
1992-12-14,19.94055938720703
1992-12-15,15.816337585449219
1992-12-16,13.585697174072266
1992-12-17,13.6751127243042
1992-12-18,18.093948364257812
1992-12-19,21.638132095336914
1992-12-20,19.515953063964844
1992-12-21,23.70541000366211
1992-12-22,27.591440200805664
1992-12-23,22.297531127929688
1992-12-24,19.072547912597656
1992-12-25,17.52910614013672
1992-12-26,15.389233589172363
1992-12-27,13.822486877441406
1992-12-28,15.483922004699707
1992-12-29,23.975116729736328
1992-12-30,29.76177978515625
1992-12-31,26.132596969604492
1993-01-01,20.70237922668457
1993-01-02,17.152076721191406
1993-01-03,14.917692184448242
1993-01-04,13.447214126586914
1993-01-05,18.681621551513672
1993-01-06,34.59335708618164
1993-01-07,38.912384033203125
1993-01-08,45.28703308105469
1993-01-09,88.5552749633789
1993-01-10,118.01995849609375
1993-01-11,91.05329895019531
1993-01-12,64.47274780273438
1993-01-13,55.51338195800781
1993-01-14,49.4193115234375
1993-01-15,38.406986236572266
1993-01-16,29.539142608642578
1993-01-17,25.521827697753906
1993-01-18,22.65378189086914
1993-01-19,20.159868240356445
1993-01-20,18.5239315032959
1993-01-21,19.2822322845459
1993-01-22,34.579505920410156
1993-01-23,49.233638763427734
1993-01-24,43.47588348388672
1993-01-25,40.12146759033203
1993-01-26,37.843902587890625
1993-01-27,29.386524200439453
1993-01-28,23.205997467041016
1993-01-29,19.879878997802734
1993-01-30,17.924222946166992
1993-01-31,16.46411895751953
1993-02-01,15.598081588745117
1993-02-02,14.983356475830078
1993-02-03,14.262967109680176
1993-02-04,13.477699279785156
1993-02-05,13.058272361755371
1993-02-06,12.615866661071777
1993-02-07,12.278989791870117
1993-02-08,12.057497024536133
1993-02-09,11.971471786499023
1993-02-10,11.868393898010254
1993-02-11,11.494779586791992
1993-02-12,13.894302368164062
1993-02-13,23.33037757873535
1993-02-14,28.60993003845215
1993-02-15,22.790971755981445
1993-02-16,20.503549575805664
1993-02-17,26.29766082763672
1993-02-18,29.61556625366211
1993-02-19,24.537817001342773
1993-02-20,20.34134292602539
1993-02-21,20.948333740234375
1993-02-22,30.145435333251953
1993-02-23,34.706871032714844
1993-02-24,27.680198669433594
1993-02-25,22.512714385986328
1993-02-26,19.875885009765625
1993-02-27,20.264129638671875
1993-02-28,22.268810272216797
1993-03-01,22.01301383972168
1993-03-02,20.86280059814453
1993-03-03,21.96624755859375
1993-03-04,148.5422821044922
1993-03-05,269.09356689453125
1993-03-06,198.05189514160156
1993-03-07,98.55172729492188
1993-03-08,55.757652282714844
1993-03-09,39.51377487182617
1993-03-10,30.96263313293457
1993-03-11,26.047569274902344
1993-03-12,23.16594696044922
1993-03-13,66.1981430053711
1993-03-14,123.03721618652344
1993-03-15,109.3028793334961
1993-03-16,70.14176177978516
1993-03-17,60.296730041503906
1993-03-18,74.70362854003906
1993-03-19,79.30072784423828
1993-03-20,58.916648864746094
1993-03-21,43.78418731689453
1993-03-22,36.54635238647461
1993-03-23,33.19468688964844
1993-03-24,44.64049530029297
1993-03-25,74.54267883300781
1993-03-26,77.98490905761719
1993-03-27,101.20982360839844
1993-03-28,155.07826232910156
1993-03-29,145.84832763671875
1993-03-30,89.36361694335938
1993-03-31,57.13148498535156
1993-04-01,49.376914978027344
1993-04-02,58.656158447265625
1993-04-03,54.3649787902832
1993-04-04,41.56909942626953
1993-04-05,42.30046844482422
1993-04-06,79.97109985351562
1993-04-07,105.82462310791016
1993-04-08,78.8479995727539
1993-04-09,52.77630615234375
1993-04-10,62.924530029296875
1993-04-11,91.12368774414062
1993-04-12,82.64598083496094
1993-04-13,55.83372497558594
1993-04-14,40.82987976074219
1993-04-15,33.5316162109375
1993-04-16,66.8880615234375
1993-04-17,136.42453002929688
1993-04-18,119.4682846069336
1993-04-19,69.61541748046875
1993-04-20,46.58379364013672
1993-04-21,37.08596420288086
1993-04-22,34.360225677490234
1993-04-23,32.39689636230469
1993-04-24,28.187911987304688
1993-04-25,25.229894638061523
1993-04-26,24.11379623413086
1993-04-27,26.013614654541016
1993-04-28,26.52950668334961
1993-04-29,22.9121036529541
1993-04-30,20.79681396484375
1993-05-01,19.436065673828125
1993-05-02,18.36309242248535
1993-05-03,17.396364212036133
1993-05-04,16.999073028564453
1993-05-05,18.832061767578125
1993-05-06,21.979564666748047
1993-05-07,21.49425506591797
1993-05-08,18.54345703125
1993-05-09,16.749191284179688
1993-05-10,16.561519622802734
1993-05-11,16.55352210998535
1993-05-12,15.607067108154297
1993-05-13,15.041596412658691
1993-05-14,16.497087478637695
1993-05-15,19.022323608398438
1993-05-16,18.131736755371094
1993-05-17,15.424209594726562
1993-05-18,13.681253433227539
1993-05-19,14.43139934539795
1993-05-20,17.018917083740234
1993-05-21,17.28617286682129
1993-05-22,14.813962936401367
1993-05-23,13.108030319213867
1993-05-24,12.120391845703125
1993-05-25,11.346933364868164
1993-05-26,10.915700912475586
1993-05-27,11.125042915344238
1993-05-28,11.048925399780273
1993-05-29,10.490053176879883
1993-05-30,10.31883716583252
1993-05-31,10.640226364135742
1993-06-01,12.238845825195312
1993-06-02,12.956658363342285
1993-06-03,11.557659149169922
1993-06-04,10.503190040588379
1993-06-05,10.767410278320312
1993-06-06,11.114933967590332
1993-06-07,10.181529998779297
1993-06-08,9.136394500732422
1993-06-09,8.509270668029785
1993-06-10,7.977309703826904
1993-06-11,7.496639728546143
1993-06-12,7.341368675231934
1993-06-13,7.806992530822754
1993-06-14,10.22947883605957
1993-06-15,11.874038696289062
1993-06-16,9.625795364379883
1993-06-17,8.02967643737793
1993-06-18,7.17644739151001
1993-06-19,6.724654674530029
1993-06-20,6.375168800354004
1993-06-21,5.9654927253723145
1993-06-22,5.71126651763916
1993-06-23,5.628353118896484
1993-06-24,5.370673656463623
1993-06-25,5.075091361999512
1993-06-26,4.827552318572998
1993-06-27,4.674638271331787
1993-06-28,4.723565578460693
1993-06-29,4.804843425750732
1993-06-30,5.039058685302734
1993-07-01,5.331779479980469
1993-07-02,6.740659713745117
1993-07-03,14.643329620361328
1993-07-04,19.36552619934082
1993-07-05,15.434549331665039
1993-07-06,12.135702133178711
1993-07-07,10.384511947631836
1993-07-08,8.858095169067383
1993-07-09,7.2554121017456055
1993-07-10,6.201475143432617
1993-07-11,5.6760969161987305
1993-07-12,5.468316078186035
1993-07-13,5.682451248168945
1993-07-14,6.062812328338623
1993-07-15,6.056971549987793
1993-07-16,5.738304615020752
1993-07-17,5.408304214477539
1993-07-18,4.916927337646484
1993-07-19,4.795229911804199
1993-07-20,6.97415828704834
1993-07-21,9.31829833984375
1993-07-22,8.302934646606445
1993-07-23,6.235789775848389
1993-07-24,5.353841781616211
1993-07-25,5.803904056549072
1993-07-26,8.408949851989746
1993-07-27,11.145691871643066
1993-07-28,11.170018196105957
1993-07-29,9.220596313476562
1993-07-30,6.912375450134277
1993-07-31,5.47072696685791
1993-08-01,4.692348003387451
1993-08-02,4.291275978088379
1993-08-03,4.211871147155762
1993-08-04,5.105033874511719
1993-08-05,6.5151495933532715
1993-08-06,6.881048202514648
1993-08-07,6.518069744110107
1993-08-08,6.041891574859619
1993-08-09,5.219133377075195
1993-08-10,4.549115180969238
1993-08-11,4.07131290435791
1993-08-12,3.781571388244629
1993-08-13,4.018011569976807
1993-08-14,5.322206497192383
1993-08-15,6.478940010070801
1993-08-16,5.626710891723633
1993-08-17,4.74328088760376
1993-08-18,4.359890460968018
1993-08-19,4.135157108306885
1993-08-20,3.86124587059021
1993-08-21,3.6942479610443115
1993-08-22,3.678941488265991
1993-08-23,3.589855194091797
1993-08-24,3.3755435943603516
1993-08-25,3.189903736114502
1993-08-26,3.226240634918213
1993-08-27,3.7027111053466797
1993-08-28,4.187378883361816
1993-08-29,3.871654987335205
1993-08-30,3.3927621841430664
1993-08-31,3.0904054641723633
1993-09-01,2.8903615474700928
1993-09-02,2.7695391178131104
1993-09-03,2.8582162857055664
1993-09-04,3.2026872634887695
1993-09-05,4.073533058166504
1993-09-06,4.878220558166504
1993-09-07,4.577587127685547
1993-09-08,4.116215705871582
1993-09-09,3.9877049922943115
1993-09-10,3.8010153770446777
1993-09-11,3.436091899871826
1993-09-12,3.1115975379943848
1993-09-13,2.9268670082092285
1993-09-14,2.8154919147491455
1993-09-15,2.726534128189087
1993-09-16,2.764648199081421
1993-09-17,3.4513657093048096
1993-09-18,5.611863136291504
1993-09-19,8.244540214538574
1993-09-20,7.434626579284668
1993-09-21,5.434241771697998
1993-09-22,4.651734828948975
1993-09-23,4.282629489898682
1993-09-24,3.7993602752685547
1993-09-25,3.486273765563965
1993-09-26,3.4501078128814697
1993-09-27,3.4425547122955322
1993-09-28,3.347987651824951
1993-09-29,3.2463057041168213
1993-09-30,3.0682570934295654
1993-10-01,2.926669120788574
1993-10-02,2.796862840652466
1993-10-03,2.721991539001465
1993-10-04,2.657221794128418
1993-10-05,2.598595142364502
1993-10-06,2.5339157581329346
1993-10-07,2.516984701156616
1993-10-08,2.53017258644104
1993-10-09,2.5352275371551514
1993-10-10,2.5385916233062744
1993-10-11,2.6029324531555176
1993-10-12,2.688405990600586
1993-10-13,2.8298158645629883
1993-10-14,2.896559715270996
1993-10-15,2.8220865726470947
1993-10-16,2.755995273590088
1993-10-17,2.706007242202759
1993-10-18,2.6881844997406006
1993-10-19,2.6391515731811523
1993-10-20,2.5801334381103516
1993-10-21,2.593104839324951
1993-10-22,2.859083652496338
1993-10-23,3.151899814605713
1993-10-24,3.032850980758667
1993-10-25,2.885059356689453
1993-10-26,2.8095200061798096
1993-10-27,2.7915291786193848
1993-10-28,2.792766809463501
1993-10-29,2.772099018096924
1993-10-30,3.2024102210998535
1993-10-31,4.984978199005127
1993-11-01,6.839363098144531
1993-11-02,6.023759841918945
1993-11-03,4.9397292137146
1993-11-04,4.3360443115234375
1993-11-05,4.22281551361084
1993-11-06,4.978822708129883
1993-11-07,6.477944850921631
1993-11-08,6.572793960571289
1993-11-09,5.623323917388916
1993-11-10,4.924440860748291
1993-11-11,4.539096832275391
1993-11-12,4.363678932189941
1993-11-13,4.218127727508545
1993-11-14,4.128445625305176
1993-11-15,4.047618865966797
1993-11-16,3.9434313774108887
1993-11-17,3.9006948471069336
1993-11-18,3.880479335784912
1993-11-19,3.8541464805603027
1993-11-20,3.8466835021972656
1993-11-21,3.8528103828430176
1993-11-22,3.8344082832336426
1993-11-23,3.8391170501708984
1993-11-24,3.8072667121887207
1993-11-25,3.759066581726074
1993-11-26,3.6075992584228516
1993-11-27,4.639428615570068
1993-11-28,22.52455711364746
1993-11-29,35.59864044189453
1993-11-30,23.620698928833008
1993-12-01,13.49052619934082
1993-12-02,9.36435604095459
1993-12-03,7.603837966918945
1993-12-04,6.826707363128662
1993-12-05,13.587764739990234
1993-12-06,33.937068939208984
1993-12-07,32.75364303588867
1993-12-08,19.892751693725586
1993-12-09,13.119783401489258
1993-12-10,10.296682357788086
1993-12-11,9.478564262390137
1993-12-12,9.511978149414062
1993-12-13,8.547192573547363
1993-12-14,7.700516700744629
1993-12-15,8.985289573669434
1993-12-16,16.75627899169922
1993-12-17,22.11495018005371
1993-12-18,17.06964111328125
1993-12-19,13.591135025024414
1993-12-20,12.105899810791016
1993-12-21,16.200410842895508
1993-12-22,26.21915626525879
1993-12-23,26.824995040893555
1993-12-24,22.395822525024414
1993-12-25,18.396203994750977
1993-12-26,14.809244155883789
1993-12-27,12.535599708557129
1993-12-28,11.225790023803711
1993-12-29,10.9714994430542
1993-12-30,11.664626121520996
1993-12-31,11.744278907775879
1994-01-01,11.285205841064453
1994-01-02,12.560837745666504
1994-01-03,15.325544357299805
1994-01-04,19.496355056762695
1994-01-05,26.841020584106445
1994-01-06,27.470592498779297
1994-01-07,21.120445251464844
1994-01-08,18.792762756347656
1994-01-09,20.967023849487305
1994-01-10,20.298336029052734
1994-01-11,16.523174285888672
1994-01-12,19.20313262939453
1994-01-13,33.69694137573242
1994-01-14,39.29461669921875
1994-01-15,30.09364128112793
1994-01-16,21.903364181518555
1994-01-17,17.26775360107422
1994-01-18,23.341806411743164
1994-01-19,29.563085556030273
1994-01-20,22.936725616455078
1994-01-21,18.59760856628418
1994-01-22,16.799957275390625
1994-01-23,15.882147789001465
1994-01-24,16.085853576660156
1994-01-25,16.765026092529297
1994-01-26,17.20290756225586
1994-01-27,16.832773208618164
1994-01-28,31.706737518310547
1994-01-29,61.776634216308594
1994-01-30,58.37526321411133
1994-01-31,36.64164733886719
1994-02-01,26.532339096069336
1994-02-02,21.024831771850586
1994-02-03,17.83027458190918
1994-02-04,15.545370101928711
1994-02-05,14.508929252624512
1994-02-06,14.837767601013184
1994-02-07,14.666154861450195
1994-02-08,13.59799575805664
1994-02-09,13.607471466064453
1994-02-10,18.491117477416992
1994-02-11,33.071250915527344
1994-02-12,43.078182220458984
1994-02-13,40.92221450805664
1994-02-14,37.15367889404297
1994-02-15,34.35664367675781
1994-02-16,30.84032440185547
1994-02-17,26.491788864135742
1994-02-18,22.227609634399414
1994-02-19,19.5048885345459
1994-02-20,17.836807250976562
1994-02-21,16.641624450683594
1994-02-22,15.698822021484375
1994-02-23,16.786251068115234
1994-02-24,62.01667022705078
1994-02-25,107.43263244628906
1994-02-26,72.85771179199219
1994-02-27,44.075042724609375
1994-02-28,30.755830764770508
1994-03-01,24.718494415283203
1994-03-02,80.71846771240234
1994-03-03,185.5641632080078
1994-03-04,190.7041778564453
1994-03-05,107.9869613647461
1994-03-06,64.47763061523438
1994-03-07,44.623470306396484
1994-03-08,34.730960845947266
1994-03-09,28.951148986816406
1994-03-10,38.13075256347656
1994-03-11,62.163639068603516
1994-03-12,57.699920654296875
1994-03-13,39.839332580566406
1994-03-14,30.386083602905273
1994-03-15,25.76163101196289
1994-03-16,22.77358627319336
1994-03-17,20.71278190612793
1994-03-18,19.06993865966797
1994-03-19,17.89369773864746
1994-03-20,16.955537796020508
1994-03-21,16.313261032104492
1994-03-22,17.383731842041016
1994-03-23,18.627033233642578
1994-03-24,17.54168701171875
1994-03-25,19.061491012573242
1994-03-26,25.009096145629883
1994-03-27,33.97453308105469
1994-03-28,85.1199951171875
1994-03-29,190.75588989257812
1994-03-30,212.15478515625
1994-03-31,120.58589172363281
1994-04-01,71.58256530761719
1994-04-02,48.39029312133789
1994-04-03,36.454044342041016
1994-04-04,30.202484130859375
1994-04-05,26.11917495727539
1994-04-06,23.52980613708496
1994-04-07,22.774456024169922
1994-04-08,21.91105842590332
1994-04-09,19.82959747314453
1994-04-10,18.50135612487793
1994-04-11,17.718088150024414
1994-04-12,17.29979133605957
1994-04-13,18.25687026977539
1994-04-14,20.631061553955078
1994-04-15,21.803300857543945
1994-04-16,36.74689483642578
1994-04-17,48.33338928222656
1994-04-18,38.7166748046875
1994-04-19,27.143861770629883
1994-04-20,21.55497932434082
1994-04-21,18.445837020874023
1994-04-22,16.497344970703125
1994-04-23,15.149725914001465
1994-04-24,14.15402603149414
1994-04-25,13.340902328491211
1994-04-26,12.712507247924805
1994-04-27,12.418444633483887
1994-04-28,12.70755386352539
1994-04-29,12.885632514953613
1994-04-30,12.52136516571045
1994-05-01,12.24790096282959
1994-05-02,11.712562561035156
1994-05-03,11.11526870727539
1994-05-04,11.930896759033203
1994-05-05,15.799612045288086
1994-05-06,18.467676162719727
1994-05-07,15.64095401763916
1994-05-08,13.460308074951172
1994-05-09,12.899703979492188
1994-05-10,12.106966018676758
1994-05-11,10.952995300292969
1994-05-12,10.16778564453125
1994-05-13,9.473583221435547
1994-05-14,8.826604843139648
1994-05-15,8.472515106201172
1994-05-16,8.503894805908203
1994-05-17,8.802817344665527
1994-05-18,8.627764701843262
1994-05-19,8.040389060974121
1994-05-20,7.699747562408447
1994-05-21,7.436271667480469
1994-05-22,7.17630672454834
1994-05-23,6.944460391998291
1994-05-24,6.63201904296875
1994-05-25,6.291112422943115
1994-05-26,6.296926021575928
1994-05-27,7.365399360656738
1994-05-28,8.65874195098877
1994-05-29,8.120259284973145
1994-05-30,7.184541702270508
1994-05-31,6.556210517883301
1994-06-01,6.046571731567383
1994-06-02,5.684473514556885
1994-06-03,5.296165943145752
1994-06-04,5.019778251647949
1994-06-05,4.9097161293029785
1994-06-06,5.01339054107666
1994-06-07,5.116827964782715
1994-06-08,5.317227363586426
1994-06-09,5.781829833984375
1994-06-10,6.138821125030518
1994-06-11,6.61314058303833
1994-06-12,7.883406639099121
1994-06-13,7.809327125549316
1994-06-14,6.688675403594971
1994-06-15,5.819283485412598
1994-06-16,5.396756172180176
1994-06-17,5.655056953430176
1994-06-18,6.488027572631836
1994-06-19,6.482719898223877
1994-06-20,5.686982154846191
1994-06-21,5.141387462615967
1994-06-22,5.172306060791016
1994-06-23,5.632966041564941
1994-06-24,6.182018756866455
1994-06-25,6.665814399719238
1994-06-26,5.8969573974609375
1994-06-27,5.355049133300781
1994-06-28,5.808757305145264
1994-06-29,6.485917091369629
1994-06-30,7.178307056427002
1994-07-01,9.976945877075195
1994-07-02,11.070621490478516
1994-07-03,9.145402908325195
1994-07-04,7.16203498840332
1994-07-05,6.418006896972656
1994-07-06,6.043183326721191
1994-07-07,5.3721022605896
1994-07-08,4.769101142883301
1994-07-09,4.346817970275879
1994-07-10,4.082392692565918
1994-07-11,4.040319442749023
1994-07-12,4.11057710647583
1994-07-13,4.1331586837768555
1994-07-14,4.161847114562988
1994-07-15,4.083674907684326
1994-07-16,3.934117555618286
1994-07-17,3.8167314529418945
1994-07-18,3.9441494941711426
1994-07-19,4.330938339233398
1994-07-20,4.901632308959961
1994-07-21,6.234049320220947
1994-07-22,9.465749740600586
1994-07-23,13.119059562683105
1994-07-24,13.37690258026123
1994-07-25,11.266829490661621
1994-07-26,9.423420906066895
1994-07-27,9.396489143371582
1994-07-28,15.397311210632324
1994-07-29,28.012298583984375
1994-07-30,36.739234924316406
1994-07-31,30.658735275268555
1994-08-01,21.585620880126953
1994-08-02,18.492652893066406
1994-08-03,17.142122268676758
1994-08-04,14.2548828125
1994-08-05,11.728697776794434
1994-08-06,10.41229248046875
1994-08-07,9.398283004760742
1994-08-08,7.783465385437012
1994-08-09,6.579415798187256
1994-08-10,5.794748783111572
1994-08-11,5.228168964385986
1994-08-12,4.821025848388672
1994-08-13,4.61149263381958
1994-08-14,4.516458034515381
1994-08-15,5.047785758972168
1994-08-16,9.534098625183105
1994-08-17,18.109352111816406
1994-08-18,22.060562133789062
1994-08-19,18.360807418823242
1994-08-20,14.44127368927002
1994-08-21,12.99728012084961
1994-08-22,11.183063507080078
1994-08-23,9.73493480682373
1994-08-24,7.915403842926025
1994-08-25,6.641024589538574
1994-08-26,5.897392749786377
1994-08-27,5.54128885269165
1994-08-28,5.49363374710083
1994-08-29,5.574275016784668
1994-08-30,6.563314437866211
1994-08-31,7.523236274719238
1994-09-01,6.9981913566589355
1994-09-02,8.070423126220703
1994-09-03,12.740824699401855
1994-09-04,14.538703918457031
1994-09-05,10.742268562316895
1994-09-06,8.052590370178223
1994-09-07,6.742772102355957
1994-09-08,5.905270099639893
1994-09-09,5.273663520812988
1994-09-10,4.8810133934021
1994-09-11,4.570195198059082
1994-09-12,4.292595386505127
1994-09-13,4.07424783706665
1994-09-14,3.915255069732666
1994-09-15,3.7793519496917725
1994-09-16,3.6246652603149414
1994-09-17,3.5181992053985596
1994-09-18,3.599963665008545
1994-09-19,3.8044025897979736
1994-09-20,3.814689874649048
1994-09-21,3.6807572841644287
1994-09-22,3.613663911819458
1994-09-23,3.565984010696411
1994-09-24,3.531825065612793
1994-09-25,3.8411173820495605
1994-09-26,4.776172161102295
1994-09-27,5.439798355102539
1994-09-28,4.925868034362793
1994-09-29,4.280270576477051
1994-09-30,3.8833141326904297
1994-10-01,3.6082751750946045
1994-10-02,3.4495725631713867
1994-10-03,3.386662721633911
1994-10-04,3.391585350036621
1994-10-05,3.316342830657959
1994-10-06,3.2387802600860596
1994-10-07,3.1814188957214355
1994-10-08,3.1283652782440186
1994-10-09,3.089129686355591
1994-10-10,3.137416362762451
1994-10-11,3.2978930473327637
1994-10-12,3.425778865814209
1994-10-13,3.3986525535583496
1994-10-14,3.626035451889038
1994-10-15,4.225067615509033
1994-10-16,4.520456314086914
1994-10-17,4.173047065734863
1994-10-18,3.834357500076294
1994-10-19,3.6217734813690186
1994-10-20,3.549213409423828
1994-10-21,3.6163389682769775
1994-10-22,3.6398305892944336
1994-10-23,3.7009522914886475
1994-10-24,4.201033115386963
1994-10-25,4.543329238891602
1994-10-26,4.195109844207764
1994-10-27,3.899348258972168
1994-10-28,3.721642255783081
1994-10-29,3.5832974910736084
1994-10-30,3.532679319381714
1994-10-31,3.5242223739624023
1994-11-01,3.611332893371582
1994-11-02,3.760979413986206
1994-11-03,3.8333733081817627
1994-11-04,3.8511853218078613
1994-11-05,3.746567964553833
1994-11-06,3.6627156734466553
1994-11-07,3.668959856033325
1994-11-08,3.705695152282715
1994-11-09,3.699321746826172
1994-11-10,3.7172465324401855
1994-11-11,4.0207366943359375
1994-11-12,4.434751033782959
1994-11-13,4.328004360198975
1994-11-14,4.234618663787842
1994-11-15,4.143644332885742
1994-11-16,4.0537109375
1994-11-17,3.940103054046631
1994-11-18,3.853977680206299
1994-11-19,3.8615951538085938
1994-11-20,3.798971176147461
1994-11-21,4.155485153198242
1994-11-22,6.207695960998535
1994-11-23,8.29107666015625
1994-11-24,6.687745094299316
1994-11-25,5.4979329109191895
1994-11-26,4.910825252532959
1994-11-27,4.698409557342529
1994-11-28,5.488903999328613
1994-11-29,7.328752517700195
1994-11-30,7.87205171585083
1994-12-01,7.539730548858643
1994-12-02,6.671207904815674
1994-12-03,6.033735275268555
1994-12-04,5.673279762268066
1994-12-05,5.766352653503418
1994-12-06,6.633070945739746
1994-12-07,6.853548049926758
1994-12-08,6.200943946838379
1994-12-09,5.6662278175354
1994-12-10,5.386022567749023
1994-12-11,5.506765365600586
1994-12-12,6.362831115722656
1994-12-13,6.78760290145874
1994-12-14,6.304650783538818
1994-12-15,6.157548427581787
1994-12-16,6.189443111419678
1994-12-17,5.90308952331543
1994-12-18,5.773655414581299
1994-12-19,5.696396350860596
1994-12-20,5.466836452484131
1994-12-21,5.332004070281982
1994-12-22,5.193363666534424
1994-12-23,5.418730735778809
1994-12-24,6.769936561584473
1994-12-25,7.949733734130859
1994-12-26,7.12448263168335
1994-12-27,6.391719818115234
1994-12-28,6.003915309906006
1994-12-29,5.738591194152832
1994-12-30,5.480434894561768
1994-12-31,5.309162139892578
1995-01-01,5.4420881271362305
1995-01-02,5.924184799194336
1995-01-03,5.920432090759277
1995-01-04,5.602540016174316
1995-01-05,5.363975524902344
1995-01-06,5.225584030151367
1995-01-07,10.165375709533691
1995-01-08,22.71260643005371
1995-01-09,24.980329513549805
1995-01-10,17.16727638244629
1995-01-11,12.245010375976562
1995-01-12,10.120686531066895
1995-01-13,9.330634117126465
1995-01-14,8.93912124633789
1995-01-15,38.059940338134766
1995-01-16,114.08592224121094
1995-01-17,124.38761901855469
1995-01-18,61.036556243896484
1995-01-19,31.419660568237305
1995-01-20,22.64706039428711
1995-01-21,22.0429744720459
1995-01-22,20.37005043029785
1995-01-23,16.630401611328125
1995-01-24,14.122074127197266
1995-01-25,12.611050605773926
1995-01-26,11.38129711151123
1995-01-27,10.571873664855957
1995-01-28,11.195738792419434
1995-01-29,15.455517768859863
1995-01-30,18.904821395874023
1995-01-31,17.819583892822266
1995-02-01,15.956522941589355
1995-02-02,14.372440338134766
1995-02-03,13.41897964477539
1995-02-04,13.13755989074707
1995-02-05,13.259162902832031
1995-02-06,12.77199649810791
1995-02-07,11.55258560180664
1995-02-08,10.751728057861328
1995-02-09,10.305492401123047
1995-02-10,9.716901779174805
1995-02-11,9.427495956420898
1995-02-12,9.41252326965332
1995-02-13,9.347043991088867
1995-02-14,8.946493148803711
1995-02-15,9.332895278930664
1995-02-16,34.84687423706055
1995-02-17,98.73432922363281
1995-02-18,118.84556579589844
1995-02-19,83.73595428466797
1995-02-20,54.310604095458984
1995-02-21,36.329322814941406
1995-02-22,26.632863998413086
1995-02-23,21.050636291503906
1995-02-24,17.743141174316406
1995-02-25,15.60582447052002
1995-02-26,14.129831314086914
1995-02-27,13.125471115112305
1995-02-28,15.271842002868652
1995-03-01,42.7061882019043
1995-03-02,75.55240631103516
1995-03-03,63.166194915771484
1995-03-04,40.426231384277344
1995-03-05,31.316295623779297
1995-03-06,27.812149047851562
1995-03-07,26.73355484008789
1995-03-08,40.1969108581543
1995-03-09,72.70292663574219
1995-03-10,77.8277587890625
1995-03-11,50.12928009033203
1995-03-12,34.16164779663086
1995-03-13,26.227943420410156
1995-03-14,21.7791748046875
1995-03-15,19.01581573486328
1995-03-16,17.29102897644043
1995-03-17,16.209857940673828
1995-03-18,15.200464248657227
1995-03-19,14.224973678588867
1995-03-20,13.399333000183105
1995-03-21,13.568166732788086
1995-03-22,14.350903511047363
1995-03-23,14.156984329223633
1995-03-24,13.26781177520752
1995-03-25,12.441183090209961
1995-03-26,11.680156707763672
1995-03-27,11.211397171020508
1995-03-28,11.165864944458008
1995-03-29,11.052518844604492
1995-03-30,10.627504348754883
1995-03-31,10.250179290771484
1995-04-01,9.899151802062988
1995-04-02,9.583237648010254
1995-04-03,9.39616584777832
1995-04-04,9.175535202026367
1995-04-05,9.012960433959961
1995-04-06,8.754692077636719
1995-04-07,8.563165664672852
1995-04-08,8.390533447265625
1995-04-09,8.209040641784668
1995-04-10,7.971302509307861
1995-04-11,7.696439743041992
1995-04-12,7.668230056762695
1995-04-13,8.44795036315918
1995-04-14,9.29019832611084
1995-04-15,8.926800727844238
1995-04-16,8.261903762817383
1995-04-17,7.850986480712891
1995-04-18,7.529781341552734
1995-04-19,7.258955478668213
1995-04-20,6.9934821128845215
1995-04-21,6.725796699523926
1995-04-22,6.588757038116455
1995-04-23,6.533648490905762
1995-04-24,6.813935279846191
1995-04-25,7.617061138153076
1995-04-26,7.811555862426758
1995-04-27,7.174505233764648
1995-04-28,6.693325996398926
1995-04-29,6.332371234893799
1995-04-30,6.020832538604736
1995-05-01,5.931288719177246
1995-05-02,7.141587257385254
1995-05-03,11.303620338439941
1995-05-04,13.865467071533203
1995-05-05,11.227607727050781
1995-05-06,9.062993049621582
1995-05-07,7.724891185760498
1995-05-08,6.835506916046143
1995-05-09,6.250327110290527
1995-05-10,6.743429183959961
1995-05-11,9.182903289794922
1995-05-12,10.405418395996094
1995-05-13,9.068724632263184
1995-05-14,9.525688171386719
1995-05-15,11.786022186279297
1995-05-16,12.197339057922363
1995-05-17,10.196517944335938
1995-05-18,8.316049575805664
1995-05-19,7.559826850891113
1995-05-20,8.099038124084473
1995-05-21,8.352455139160156
1995-05-22,7.098657608032227
1995-05-23,6.136130332946777
1995-05-24,5.504188060760498
1995-05-25,5.06920051574707
1995-05-26,4.855021953582764
1995-05-27,5.262299537658691
1995-05-28,6.627593040466309
1995-05-29,8.207124710083008
1995-05-30,8.531095504760742
1995-05-31,7.230791091918945
1995-06-01,6.010824203491211
1995-06-02,7.326280117034912
1995-06-03,17.568347930908203
1995-06-04,23.41619110107422
1995-06-05,16.669536590576172
1995-06-06,13.085553169250488
1995-06-07,18.640369415283203
1995-06-08,22.114242553710938
1995-06-09,15.506877899169922
1995-06-10,12.131749153137207
1995-06-11,12.566305160522461
1995-06-12,18.333887100219727
1995-06-13,29.15578842163086
1995-06-14,29.43231964111328
1995-06-15,18.741525650024414
1995-06-16,12.581136703491211
1995-06-17,9.837821006774902
1995-06-18,8.384661674499512
1995-06-19,7.869443893432617
1995-06-20,9.754222869873047
1995-06-21,12.597692489624023
1995-06-22,15.629375457763672
1995-06-23,36.54117965698242
1995-06-24,63.001399993896484
1995-06-25,64.11583709716797
1995-06-26,53.13258743286133
1995-06-27,46.78739547729492
1995-06-28,60.90740203857422
1995-06-29,194.45498657226562
1995-06-30,259.1088562011719
1995-07-01,185.36351013183594
1995-07-02,104.77174377441406
1995-07-03,63.62504959106445
1995-07-04,40.84446334838867
1995-07-05,31.424800872802734
1995-07-06,29.740768432617188
1995-07-07,39.878501892089844
1995-07-08,45.40994644165039
1995-07-09,34.85881423950195
1995-07-10,23.721986770629883
1995-07-11,18.947132110595703
1995-07-12,16.784931182861328
1995-07-13,14.398391723632812
1995-07-14,12.231311798095703
1995-07-15,10.670894622802734
1995-07-16,10.101175308227539
1995-07-17,11.226909637451172
1995-07-18,12.72828483581543
1995-07-19,12.156956672668457
1995-07-20,10.386727333068848
1995-07-21,9.071048736572266
1995-07-22,9.108575820922852
1995-07-23,9.753582954406738
1995-07-24,9.31665325164795
1995-07-25,8.919845581054688
1995-07-26,9.901626586914062
1995-07-27,11.25107192993164
1995-07-28,11.445161819458008
1995-07-29,10.862671852111816
1995-07-30,10.264732360839844
1995-07-31,11.509574890136719
1995-08-01,12.108166694641113
1995-08-02,10.707612991333008
1995-08-03,8.738941192626953
1995-08-04,7.393400192260742
1995-08-05,6.510243892669678
1995-08-06,5.856864929199219
1995-08-07,5.381555557250977
1995-08-08,5.043105125427246
1995-08-09,4.785254001617432
1995-08-10,4.673519611358643
1995-08-11,4.609561920166016
1995-08-12,4.468901634216309
1995-08-13,4.275078773498535
1995-08-14,4.035791397094727
1995-08-15,3.8107948303222656
1995-08-16,3.621718406677246
1995-08-17,3.453990936279297
1995-08-18,3.278231143951416
1995-08-19,3.188079833984375
1995-08-20,3.182464122772217
1995-08-21,3.1090550422668457
1995-08-22,3.0081703662872314
1995-08-23,2.9117252826690674
1995-08-24,2.8161661624908447
1995-08-25,2.778028726577759
1995-08-26,2.8317365646362305
1995-08-27,5.956427574157715
1995-08-28,32.79531478881836
1995-08-29,49.120384216308594
1995-08-30,29.541898727416992
1995-08-31,15.233180046081543
1995-09-01,10.42630386352539
1995-09-02,10.139415740966797
1995-09-03,10.281351089477539
1995-09-04,8.211106300354004
1995-09-05,6.609700679779053
1995-09-06,5.716912269592285
1995-09-07,5.171174049377441
1995-09-08,4.7887678146362305
1995-09-09,4.472847938537598
1995-09-10,4.23878288269043
1995-09-11,4.113125324249268
1995-09-12,4.082657337188721
1995-09-13,4.030684947967529
1995-09-14,3.8742432594299316
1995-09-15,3.745584011077881
1995-09-16,3.873991012573242
1995-09-17,4.78038215637207
1995-09-18,6.428249359130859
1995-09-19,6.266946792602539
1995-09-20,5.285735607147217
1995-09-21,4.639330863952637
1995-09-22,4.687237739562988
1995-09-23,5.769590854644775
1995-09-24,7.032978534698486
1995-09-25,6.842367172241211
1995-09-26,6.130663871765137
1995-09-27,5.671818733215332
1995-09-28,5.2505717277526855
1995-09-29,4.754157066345215
1995-09-30,4.395995140075684
1995-10-01,4.186989784240723
1995-10-02,4.040843486785889
1995-10-03,3.884674310684204
1995-10-04,5.406544208526611
1995-10-05,28.945331573486328
1995-10-06,63.77618408203125
1995-10-07,54.75906753540039
1995-10-08,29.107872009277344
1995-10-09,16.880874633789062
1995-10-10,11.851482391357422
1995-10-11,9.509820938110352
1995-10-12,8.110893249511719
1995-10-13,7.288043975830078
1995-10-14,7.22054386138916
1995-10-15,9.436893463134766
1995-10-16,13.309480667114258
1995-10-17,12.446194648742676
1995-10-18,9.948492050170898
1995-10-19,8.32155990600586
1995-10-20,10.832033157348633
1995-10-21,41.91991424560547
1995-10-22,52.78923797607422
1995-10-23,34.62449645996094
1995-10-24,21.166534423828125
1995-10-25,14.886189460754395
1995-10-26,11.698074340820312
1995-10-27,10.16746711730957
1995-10-28,24.881345748901367
1995-10-29,47.16362762451172
1995-10-30,41.12413787841797
1995-10-31,25.429319381713867
1995-11-01,18.933874130249023
1995-11-02,18.601499557495117
1995-11-03,20.325942993164062
1995-11-04,21.00252914428711
1995-11-05,19.275083541870117
1995-11-06,15.99140739440918
1995-11-07,27.340085983276367
1995-11-08,59.43632125854492
1995-11-09,61.84168243408203
1995-11-10,38.02116012573242
1995-11-11,35.3614501953125
1995-11-12,64.48860168457031
1995-11-13,74.88742065429688
1995-11-14,48.7004280090332
1995-11-15,33.75551986694336
1995-11-16,26.69072914123535
1995-11-17,21.502117156982422
1995-11-18,18.188884735107422
1995-11-19,16.14023208618164
1995-11-20,14.728954315185547
1995-11-21,13.730266571044922
1995-11-22,12.955697059631348
1995-11-23,12.367085456848145
1995-11-24,11.998112678527832
1995-11-25,12.505958557128906
1995-11-26,12.92445182800293
1995-11-27,12.422334671020508
1995-11-28,11.75996208190918
1995-11-29,11.752222061157227
1995-11-30,12.901374816894531
1995-12-01,13.196733474731445
1995-12-02,12.207515716552734
1995-12-03,11.382070541381836
1995-12-04,10.91930103302002
1995-12-05,10.714213371276855
1995-12-06,10.574594497680664
1995-12-07,10.866945266723633
1995-12-08,11.970691680908203
1995-12-09,16.98378562927246
1995-12-10,24.538677215576172
1995-12-11,24.192493438720703
1995-12-12,18.806793212890625
1995-12-13,15.544276237487793
1995-12-14,14.132224082946777
1995-12-15,13.306371688842773
1995-12-16,12.702341079711914
1995-12-17,12.41553783416748
1995-12-18,12.009025573730469
1995-12-19,14.05840015411377
1995-12-20,22.713123321533203
1995-12-21,27.496326446533203
1995-12-22,22.396141052246094
1995-12-23,18.267892837524414
1995-12-24,15.899677276611328
1995-12-25,14.226020812988281
1995-12-26,13.059209823608398
1995-12-27,12.191307067871094
1995-12-28,11.457691192626953
1995-12-29,10.924150466918945
1995-12-30,10.488624572753906
1995-12-31,10.281086921691895
1996-01-01,10.476649284362793
1996-01-02,11.597465515136719
1996-01-03,13.870866775512695
1996-01-04,15.380717277526855
1996-01-05,14.579841613769531
1996-01-06,13.276105880737305
1996-01-07,13.519564628601074
1996-01-08,14.903963088989258
1996-01-09,15.242640495300293
1996-01-10,15.25770092010498
1996-01-11,15.057868957519531
1996-01-12,14.658628463745117
1996-01-13,15.918237686157227
1996-01-14,19.091205596923828
1996-01-15,26.127090454101562
1996-01-16,36.25643539428711
1996-01-17,38.51749038696289
1996-01-18,34.975765228271484
1996-01-19,52.155513763427734
1996-01-20,81.261962890625
1996-01-21,69.60535430908203
1996-01-22,43.9653434753418
1996-01-23,30.985675811767578
1996-01-24,30.359848022460938
1996-01-25,39.673851013183594
1996-01-26,40.759033203125
1996-01-27,52.611122131347656
1996-01-28,86.71275329589844
1996-01-29,81.94220733642578
1996-01-30,52.581241607666016
1996-01-31,37.994869232177734
1996-02-01,33.12990188598633
1996-02-02,29.30508804321289
1996-02-03,28.05994415283203
1996-02-04,26.954668045043945
1996-02-05,23.86399269104004
1996-02-06,22.55385398864746
1996-02-07,22.823530197143555
1996-02-08,27.753068923950195
1996-02-09,48.377540588378906
1996-02-10,72.7155532836914
1996-02-11,78.60560607910156
1996-02-12,67.10047149658203
1996-02-13,51.42719650268555
1996-02-14,38.62854766845703
1996-02-15,31.004840850830078
1996-02-16,43.743141174316406
1996-02-17,59.22586441040039
1996-02-18,52.271602630615234
1996-02-19,38.09867858886719
1996-02-20,39.417537689208984
1996-02-21,57.25782012939453
1996-02-22,58.19964599609375
1996-02-23,42.674930572509766
1996-02-24,33.00538635253906
1996-02-25,27.703826904296875
1996-02-26,24.00680160522461
1996-02-27,21.505563735961914
1996-02-28,19.88498878479004
1996-02-29,18.86862564086914
1996-03-01,17.774137496948242
1996-03-02,16.717002868652344
1996-03-03,16.026641845703125
1996-03-04,15.295611381530762
1996-03-05,14.696805953979492
1996-03-06,16.805397033691406
1996-03-07,42.4124641418457
1996-03-08,83.64044952392578
1996-03-09,80.4708251953125
1996-03-10,54.60800552368164
1996-03-11,39.03047180175781
1996-03-12,30.29022789001465
1996-03-13,25.050212860107422
1996-03-14,21.851369857788086
1996-03-15,20.615070343017578
1996-03-16,19.86628532409668
1996-03-17,19.811811447143555
1996-03-18,24.021095275878906
1996-03-19,51.29233932495117
1996-03-20,73.84281158447266
1996-03-21,63.121089935302734
1996-03-22,42.99005889892578
1996-03-23,31.64421844482422
1996-03-24,25.291908264160156
1996-03-25,21.958276748657227
1996-03-26,20.50138282775879
1996-03-27,19.229873657226562
1996-03-28,23.333850860595703
1996-03-29,41.084442138671875
1996-03-30,49.54918670654297
1996-03-31,37.47811508178711
1996-04-01,33.06700134277344
1996-04-02,39.722991943359375
1996-04-03,41.25582504272461
1996-04-04,32.27195739746094
1996-04-05,26.41277313232422
1996-04-06,22.795324325561523
1996-04-07,21.04632568359375
1996-04-08,20.212730407714844
1996-04-09,23.144535064697266
1996-04-10,27.85840606689453
1996-04-11,26.615131378173828
1996-04-12,23.051342010498047
1996-04-13,20.385326385498047
1996-04-14,18.925277709960938
1996-04-15,18.478694915771484
1996-04-16,19.45046615600586
1996-04-17,20.22407341003418
1996-04-18,18.4876708984375
1996-04-19,16.851608276367188
1996-04-20,16.25190544128418
1996-04-21,16.303621292114258
1996-04-22,16.304515838623047
1996-04-23,15.473258972167969
1996-04-24,14.506972312927246
1996-04-25,13.617513656616211
1996-04-26,13.44831371307373
1996-04-27,14.504085540771484
1996-04-28,14.750141143798828
1996-04-29,13.643842697143555
1996-04-30,21.839101791381836
1996-05-01,38.57579803466797
1996-05-02,38.637996673583984
1996-05-03,27.16658592224121
1996-05-04,20.554685592651367
1996-05-05,17.0874080657959
1996-05-06,16.951370239257812
1996-05-07,25.120479583740234
1996-05-08,39.165626525878906
1996-05-09,40.86896896362305
1996-05-10,28.693355560302734
1996-05-11,20.959741592407227
1996-05-12,17.865554809570312
1996-05-13,16.252880096435547
1996-05-14,14.439533233642578
1996-05-15,13.790199279785156
1996-05-16,22.48738670349121
1996-05-17,44.13299560546875
1996-05-18,48.34565734863281
1996-05-19,34.62792205810547
1996-05-20,23.274700164794922
1996-05-21,17.538162231445312
1996-05-22,14.449885368347168
1996-05-23,12.536995887756348
1996-05-24,11.586797714233398
1996-05-25,12.479352951049805
1996-05-26,14.609962463378906
1996-05-27,17.047304153442383
1996-05-28,28.162527084350586
1996-05-29,42.386962890625
1996-05-30,39.26662063598633
1996-05-31,27.48471450805664
1996-06-01,19.327377319335938
1996-06-02,15.149984359741211
1996-06-03,12.740711212158203
1996-06-04,11.416236877441406
1996-06-05,11.390922546386719
1996-06-06,11.846563339233398
1996-06-07,11.418108940124512
1996-06-08,10.491118431091309
1996-06-09,11.352218627929688
1996-06-10,15.291358947753906
1996-06-11,18.272308349609375
1996-06-12,16.116296768188477
1996-06-13,14.636127471923828
1996-06-14,13.653584480285645
1996-06-15,11.830324172973633
1996-06-16,10.552421569824219
1996-06-17,10.172553062438965
1996-06-18,9.688716888427734
1996-06-19,8.74415397644043
1996-06-20,8.038249969482422
1996-06-21,7.7505269050598145
1996-06-22,7.380087375640869
1996-06-23,6.856405735015869
1996-06-24,6.508220672607422
1996-06-25,6.571969985961914
1996-06-26,6.742431163787842
1996-06-27,6.423383712768555
1996-06-28,5.78461217880249
1996-06-29,5.350234031677246
1996-06-30,5.047571659088135
1996-07-01,4.830439567565918
1996-07-02,4.756216049194336
1996-07-03,5.058152675628662
1996-07-04,5.336001873016357
1996-07-05,4.986744403839111
1996-07-06,4.619836807250977
1996-07-07,4.45787239074707
1996-07-08,4.483978271484375
1996-07-09,5.060752868652344
1996-07-10,5.675105094909668
1996-07-11,5.2346978187561035
1996-07-12,4.945754051208496
1996-07-13,6.075244903564453
1996-07-14,7.945736408233643
1996-07-15,8.266593933105469
1996-07-16,8.299230575561523
1996-07-17,8.36379623413086
1996-07-18,7.010229587554932
1996-07-19,6.023513317108154
1996-07-20,5.4458909034729
1996-07-21,4.901982307434082
1996-07-22,4.425212860107422
1996-07-23,4.182565212249756
1996-07-24,4.396770477294922
1996-07-25,6.606098175048828
1996-07-26,13.563880920410156
1996-07-27,17.601282119750977
1996-07-28,12.664155006408691
1996-07-29,9.83973217010498
1996-07-30,9.903082847595215
1996-07-31,9.780506134033203
1996-08-01,12.584755897521973
1996-08-02,20.773025512695312
1996-08-03,21.72095489501953
1996-08-04,16.163219451904297
1996-08-05,12.416781425476074
1996-08-06,9.807035446166992
1996-08-07,23.134418487548828
1996-08-08,50.700599670410156
1996-08-09,49.28647994995117
1996-08-10,29.21283721923828
1996-08-11,19.93985939025879
1996-08-12,15.175677299499512
1996-08-13,17.91691780090332
1996-08-14,23.099184036254883
1996-08-15,19.254100799560547
1996-08-16,13.562211990356445
1996-08-17,10.520943641662598
1996-08-18,9.184191703796387
1996-08-19,8.546306610107422
1996-08-20,7.808548450469971
1996-08-21,7.034876823425293
1996-08-22,6.5496826171875
1996-08-23,6.357151985168457
1996-08-24,6.381380558013916
1996-08-25,7.354917526245117
1996-08-26,8.859411239624023
1996-08-27,8.99404239654541
1996-08-28,10.230045318603516
1996-08-29,11.945789337158203
1996-08-30,11.481581687927246
1996-08-31,9.230775833129883
1996-09-01,7.645447731018066
1996-09-02,6.6650004386901855
1996-09-03,10.240825653076172
1996-09-04,39.575096130371094
1996-09-05,97.81317901611328
1996-09-06,298.31927490234375
1996-09-07,463.7598571777344
1996-09-08,333.60821533203125
1996-09-09,135.9018096923828
1996-09-10,64.08802795410156
1996-09-11,52.50138473510742
1996-09-12,68.78546142578125
1996-09-13,70.46454620361328
1996-09-14,46.869300842285156
1996-09-15,31.66083335876465
1996-09-16,24.897375106811523
1996-09-17,25.732105255126953
1996-09-18,28.729469299316406
1996-09-19,25.063562393188477
1996-09-20,20.044099807739258
1996-09-21,16.931373596191406
1996-09-22,15.435712814331055
1996-09-23,14.842279434204102
1996-09-24,13.980974197387695
1996-09-25,12.789908409118652
1996-09-26,12.549708366394043
1996-09-27,13.340693473815918
1996-09-28,13.324566841125488
1996-09-29,14.114836692810059
1996-09-30,18.369625091552734
1996-10-01,23.966121673583984
1996-10-02,33.438350677490234
1996-10-03,37.79645538330078
1996-10-04,31.542640686035156
1996-10-05,22.966585159301758
1996-10-06,17.91739273071289
1996-10-07,15.384593963623047
1996-10-08,50.53775405883789
1996-10-09,133.41058349609375
1996-10-10,150.43331909179688
1996-10-11,84.22377014160156
1996-10-12,47.44456481933594
1996-10-13,31.947555541992188
1996-10-14,24.777647018432617
1996-10-15,20.711132049560547
1996-10-16,18.107742309570312
1996-10-17,16.358713150024414
1996-10-18,16.479759216308594
1996-10-19,22.605506896972656
1996-10-20,25.88481903076172
1996-10-21,21.912607192993164
1996-10-22,18.166885375976562
1996-10-23,15.90907096862793
1996-10-24,14.579591751098633
1996-10-25,13.535581588745117
1996-10-26,12.810442924499512
1996-10-27,12.359421730041504
1996-10-28,11.875622749328613
1996-10-29,11.405841827392578
1996-10-30,10.955036163330078
1996-10-31,10.544902801513672
1996-11-01,10.153606414794922
1996-11-02,11.940248489379883
1996-11-03,16.946697235107422
1996-11-04,18.94489097595215
1996-11-05,15.892313957214355
1996-11-06,14.121484756469727
1996-11-07,13.12801456451416
1996-11-08,15.63262939453125
1996-11-09,24.93730926513672
1996-11-10,27.487712860107422
1996-11-11,21.295934677124023
1996-11-12,17.5031795501709
1996-11-13,15.24953842163086
1996-11-14,13.825414657592773
1996-11-15,13.110519409179688
1996-11-16,12.624993324279785
1996-11-17,12.005876541137695
1996-11-18,11.779008865356445
1996-11-19,12.710384368896484
1996-11-20,13.710217475891113
1996-11-21,13.65811538696289
1996-11-22,15.177313804626465
1996-11-23,17.060815811157227
1996-11-24,15.892033576965332
1996-11-25,14.399410247802734
1996-11-26,16.704769134521484
1996-11-27,24.257015228271484
1996-11-28,25.297245025634766
1996-11-29,19.903507232666016
1996-11-30,17.14206886291504
1996-12-01,46.840782165527344
1996-12-02,118.50152587890625
1996-12-03,122.50032806396484
1996-12-04,66.55595397949219
1996-12-05,40.42852783203125
1996-12-06,39.17805480957031
1996-12-07,56.38931655883789
1996-12-08,68.38475799560547
1996-12-09,60.71580505371094
1996-12-10,41.54161071777344
1996-12-11,30.55529022216797
1996-12-12,25.474523544311523
1996-12-13,24.718351364135742
1996-12-14,28.606584548950195
1996-12-15,29.061458587646484
1996-12-16,24.228727340698242
1996-12-17,20.948793411254883
1996-12-18,19.892671585083008
1996-12-19,21.946075439453125
1996-12-20,26.3660888671875
1996-12-21,26.302783966064453
1996-12-22,22.130783081054688
1996-12-23,19.907634735107422
1996-12-24,19.866865158081055
1996-12-25,22.72914695739746
1996-12-26,24.141033172607422
1996-12-27,22.10437774658203
1996-12-28,21.805261611938477
1996-12-29,21.0400390625
1996-12-30,19.347942352294922
1996-12-31,18.139789581298828
1997-01-01,17.36650848388672
1997-01-02,16.872358322143555
1997-01-03,16.343238830566406
1997-01-04,15.554596900939941
1997-01-05,15.515932083129883
1997-01-06,17.071693420410156
1997-01-07,17.788476943969727
1997-01-08,16.267934799194336
1997-01-09,21.44394302368164
1997-01-10,44.231990814208984
1997-01-11,61.56504440307617
1997-01-12,50.747074127197266
1997-01-13,37.84362030029297
1997-01-14,29.422073364257812
1997-01-15,24.380151748657227
1997-01-16,30.598169326782227
1997-01-17,43.42356872558594
1997-01-18,40.71583938598633
1997-01-19,30.706584930419922
1997-01-20,24.925575256347656
1997-01-21,22.76742172241211
1997-01-22,22.428184509277344
1997-01-23,23.017438888549805
1997-01-24,24.13027572631836
1997-01-25,28.060462951660156
1997-01-26,31.765222549438477
1997-01-27,28.335437774658203
1997-01-28,27.019447326660156
1997-01-29,34.14989471435547
1997-01-30,36.45590591430664
1997-01-31,30.321025848388672
1997-02-01,25.925912857055664
1997-02-02,22.79969024658203
1997-02-03,20.446916580200195
1997-02-04,18.895896911621094
1997-02-05,18.974538803100586
1997-02-06,19.93778419494629
1997-02-07,19.26783561706543
1997-02-08,21.08522605895996
1997-02-09,31.74512481689453
1997-02-10,37.09130096435547
1997-02-11,30.369190216064453
1997-02-12,25.8353328704834
1997-02-13,23.245010375976562
1997-02-14,37.505550384521484
1997-02-15,107.89164733886719
1997-02-16,157.5037078857422
1997-02-17,104.22003173828125
1997-02-18,63.47150802612305
1997-02-19,43.444034576416016
1997-02-20,34.27203369140625
1997-02-21,29.235034942626953
1997-02-22,28.050907135009766
1997-02-23,30.665586471557617
1997-02-24,28.500272750854492
1997-02-25,24.04300308227539
1997-02-26,21.54627227783203
1997-02-27,20.69154930114746
1997-02-28,24.32009506225586
1997-03-01,45.48579406738281
1997-03-02,71.00369262695312
1997-03-03,63.776432037353516
1997-03-04,64.3612289428711
1997-03-05,60.99910354614258
1997-03-06,48.21206283569336
1997-03-07,47.108642578125
1997-03-08,40.358489990234375
1997-03-09,32.107643127441406
1997-03-10,27.11726188659668
1997-03-11,24.083208084106445
1997-03-12,21.625411987304688
1997-03-13,20.204599380493164
1997-03-14,21.652774810791016
1997-03-15,28.83318519592285
1997-03-16,31.551143646240234
1997-03-17,25.649925231933594
1997-03-18,21.76606559753418
1997-03-19,27.05096435546875
1997-03-20,50.91679382324219
1997-03-21,61.68982696533203
1997-03-22,42.96192169189453
1997-03-23,31.420793533325195
1997-03-24,25.726905822753906
1997-03-25,22.472352981567383
1997-03-26,23.045183181762695
1997-03-27,27.708152770996094
1997-03-28,27.135852813720703
1997-03-29,23.750835418701172
1997-03-30,21.194793701171875
1997-03-31,19.667407989501953
1997-04-01,18.88465118408203
1997-04-02,17.775602340698242
1997-04-03,16.764324188232422
1997-04-04,16.073192596435547
1997-04-05,15.571211814880371
1997-04-06,16.17339515686035
1997-04-07,19.852266311645508
1997-04-08,21.834339141845703
1997-04-09,18.72892951965332
1997-04-10,16.536426544189453
1997-04-11,15.04395866394043
1997-04-12,15.4494047164917
1997-04-13,20.704771041870117
1997-04-14,25.005592346191406
1997-04-15,20.8826847076416
1997-04-16,17.43516731262207
1997-04-17,15.830016136169434
1997-04-18,14.954423904418945
1997-04-19,14.151533126831055
1997-04-20,13.644403457641602
1997-04-21,13.338906288146973
1997-04-22,15.047347068786621
1997-04-23,30.098556518554688
1997-04-24,59.787940979003906
1997-04-25,65.08445739746094
1997-04-26,43.74837875366211
1997-04-27,30.683006286621094
1997-04-28,47.948795318603516
1997-04-29,156.0553436279297
1997-04-30,200.3690643310547
1997-05-01,117.3990478515625
1997-05-02,66.266357421875
1997-05-03,46.73198699951172
1997-05-04,42.758384704589844
1997-05-05,39.55434799194336
1997-05-06,31.734941482543945
1997-05-07,26.440303802490234
1997-05-08,22.99464225769043
1997-05-09,20.981704711914062
1997-05-10,20.165224075317383
1997-05-11,19.22010612487793
1997-05-12,17.71142578125
1997-05-13,16.742504119873047
1997-05-14,15.942477226257324
1997-05-15,15.207634925842285
1997-05-16,14.415505409240723
1997-05-17,13.511699676513672
1997-05-18,12.936844825744629
1997-05-19,12.562789916992188
1997-05-20,11.95771312713623
1997-05-21,11.387419700622559
1997-05-22,10.9569730758667
1997-05-23,10.408309936523438
1997-05-24,10.07859992980957
1997-05-25,9.90365982055664
1997-05-26,10.478148460388184
1997-05-27,12.187633514404297
1997-05-28,12.681050300598145
1997-05-29,11.437312126159668
1997-05-30,10.288446426391602
1997-05-31,9.621127128601074
1997-06-01,9.681947708129883
1997-06-02,12.138855934143066
1997-06-03,18.537683486938477
1997-06-04,25.096240997314453
1997-06-05,24.256778717041016
1997-06-06,18.18675422668457
1997-06-07,15.660172462463379
1997-06-08,14.470006942749023
1997-06-09,12.529875755310059
1997-06-10,11.127334594726562
1997-06-11,10.22201156616211
1997-06-12,9.680742263793945
1997-06-13,10.583656311035156
1997-06-14,12.830321311950684
1997-06-15,14.368942260742188
1997-06-16,13.706442832946777
1997-06-17,11.466059684753418
1997-06-18,10.372136116027832
1997-06-19,10.36828899383545
1997-06-20,9.98686408996582
1997-06-21,9.036953926086426
1997-06-22,8.510479927062988
1997-06-23,8.003416061401367
1997-06-24,7.422170639038086
1997-06-25,6.927887916564941
1997-06-26,6.795689105987549
1997-06-27,7.051884174346924
1997-06-28,7.33106803894043
1997-06-29,7.150759696960449
1997-06-30,6.519802093505859
1997-07-01,6.419467926025391
1997-07-02,7.372254371643066
1997-07-03,8.007250785827637
1997-07-04,7.546472549438477
1997-07-05,6.755596160888672
1997-07-06,6.216924667358398
1997-07-07,5.994223594665527
1997-07-08,5.716207981109619
1997-07-09,5.406711578369141
1997-07-10,5.209220886230469
1997-07-11,5.082256317138672
1997-07-12,4.920073509216309
1997-07-13,4.6714301109313965
1997-07-14,4.434516906738281
1997-07-15,4.290249347686768
1997-07-16,4.596547603607178
1997-07-17,6.06806755065918
1997-07-18,7.558882713317871
1997-07-19,7.20198917388916
1997-07-20,6.144781589508057
1997-07-21,5.625462532043457
1997-07-22,5.890124320983887
1997-07-23,9.04307746887207
1997-07-24,16.61911964416504
1997-07-25,22.688602447509766
1997-07-26,18.627214431762695
1997-07-27,12.252357482910156
1997-07-28,9.420629501342773
1997-07-29,9.134984970092773
1997-07-30,9.4848051071167
1997-07-31,8.863640785217285
1997-08-01,7.754269599914551
1997-08-02,6.467329502105713
1997-08-03,5.653993606567383
1997-08-04,5.235076427459717
1997-08-05,5.374289512634277
1997-08-06,5.751397132873535
1997-08-07,5.48002815246582
1997-08-08,5.195584297180176
1997-08-09,4.95702600479126
1997-08-10,4.634437561035156
1997-08-11,4.448626518249512
1997-08-12,4.303601264953613
1997-08-13,4.108093738555908
1997-08-14,3.993056297302246
1997-08-15,3.908036231994629
1997-08-16,3.787254810333252
1997-08-17,3.63143253326416
1997-08-18,3.4551658630371094
1997-08-19,3.2917466163635254
1997-08-20,3.7191550731658936
1997-08-21,5.227514266967773
1997-08-22,6.160768508911133
1997-08-23,5.12945556640625
1997-08-24,4.232246398925781
1997-08-25,3.792116641998291
1997-08-26,3.6702232360839844
1997-08-27,3.6484932899475098
1997-08-28,3.506772756576538
1997-08-29,3.3402578830718994
1997-08-30,3.1856186389923096
1997-08-31,3.052513599395752
1997-09-01,2.9788472652435303
1997-09-02,3.087496519088745
1997-09-03,3.367109537124634
1997-09-04,3.4886796474456787
1997-09-05,3.3874077796936035
1997-09-06,3.142768144607544
1997-09-07,2.9824187755584717
1997-09-08,2.8627238273620605
1997-09-09,2.890230417251587
1997-09-10,4.5451860427856445
1997-09-11,7.971126079559326
1997-09-12,9.0818452835083
1997-09-13,7.118151664733887
1997-09-14,5.39412260055542
1997-09-15,4.570345878601074
1997-09-16,4.394996166229248
1997-09-17,4.225764274597168
1997-09-18,3.829768657684326
1997-09-19,3.647658348083496
1997-09-20,3.556678295135498
1997-09-21,3.3695452213287354
1997-09-22,3.186081886291504
1997-09-23,3.0824761390686035
1997-09-24,3.3779354095458984
1997-09-25,4.8622002601623535
1997-09-26,6.55185604095459
1997-09-27,5.774653434753418
1997-09-28,4.750995635986328
1997-09-29,4.413613319396973
1997-09-30,4.314947128295898
1997-10-01,3.931029796600342
1997-10-02,3.559351921081543
1997-10-03,3.365372657775879
1997-10-04,3.2310550212860107
1997-10-05,3.1220898628234863
1997-10-06,3.0236663818359375
1997-10-07,2.9200997352600098
1997-10-08,2.8443686962127686
1997-10-09,2.78839111328125
1997-10-10,2.758404016494751
1997-10-11,2.7753453254699707
1997-10-12,2.798555612564087
1997-10-13,2.7920851707458496
1997-10-14,2.782823085784912
1997-10-15,2.8955230712890625
1997-10-16,3.264969825744629
1997-10-17,3.526432514190674
1997-10-18,3.825861930847168
1997-10-19,5.613224029541016
1997-10-20,9.133487701416016
1997-10-21,9.945088386535645
1997-10-22,7.378218650817871
1997-10-23,5.690030574798584
1997-10-24,4.868952751159668
1997-10-25,4.544387340545654
1997-10-26,4.960097789764404
1997-10-27,10.277239799499512
1997-10-28,20.32115364074707
1997-10-29,17.40814208984375
1997-10-30,11.27503776550293
1997-10-31,8.145084381103516
1997-11-01,7.017393589019775
1997-11-02,7.595564842224121
1997-11-03,9.02214241027832
1997-11-04,8.709358215332031
1997-11-05,7.457784175872803
1997-11-06,6.588892459869385
1997-11-07,6.25493860244751
1997-11-08,6.3255743980407715
1997-11-09,6.259640216827393
1997-11-10,5.955843925476074
1997-11-11,5.6685309410095215
1997-11-12,5.456680774688721
1997-11-13,5.622441291809082
1997-11-14,8.313825607299805
1997-11-15,12.934988975524902
1997-11-16,13.357563018798828
1997-11-17,10.670376777648926
1997-11-18,8.79090690612793
1997-11-19,7.684789180755615
1997-11-20,7.058245658874512
1997-11-21,7.46142053604126
1997-11-22,16.96984100341797
1997-11-23,25.191059112548828
1997-11-24,21.191463470458984
1997-11-25,14.503405570983887
1997-11-26,11.09732723236084
1997-11-27,9.392488479614258
1997-11-28,8.409124374389648
1997-11-29,7.902772426605225
1997-11-30,7.954221725463867
1997-12-01,9.927265167236328
1997-12-02,11.76374340057373
1997-12-03,10.8635835647583
1997-12-04,9.633177757263184
1997-12-05,9.123708724975586
1997-12-06,8.924322128295898
1997-12-07,8.394194602966309
1997-12-08,7.819524765014648
1997-12-09,7.415858268737793
1997-12-10,7.397940158843994
1997-12-11,8.252334594726562
1997-12-12,8.973226547241211
1997-12-13,8.464937210083008
1997-12-14,7.95153284072876
1997-12-15,7.530224800109863
1997-12-16,7.25354528427124
1997-12-17,7.044424533843994
1997-12-18,6.916708469390869
1997-12-19,6.790140151977539
1997-12-20,6.731308460235596
1997-12-21,6.653252124786377
1997-12-22,7.085081577301025
1997-12-23,9.410654067993164
1997-12-24,12.2025146484375
1997-12-25,16.084381103515625
1997-12-26,19.904191970825195
1997-12-27,20.838584899902344
1997-12-28,26.35137367248535
1997-12-29,27.731008529663086
1997-12-30,24.23040199279785
1997-12-31,22.533546447753906
1998-01-01,18.90222930908203
1998-01-02,15.62269401550293
1998-01-03,13.90937614440918
1998-01-04,13.199820518493652
1998-01-05,12.428023338317871
1998-01-06,12.256586074829102
1998-01-07,17.75316619873047
1998-01-08,40.452117919921875
1998-01-09,64.68360137939453
1998-01-10,57.66812515258789
1998-01-11,35.055015563964844
1998-01-12,23.568729400634766
1998-01-13,18.913272857666016
1998-01-14,17.091699600219727
1998-01-15,21.825912475585938
1998-01-16,71.02125549316406
1998-01-17,104.78411865234375
1998-01-18,79.1203842163086
1998-01-19,56.53737258911133
1998-01-20,54.471710205078125
1998-01-21,47.160316467285156
1998-01-22,33.691749572753906
1998-01-23,51.802223205566406
1998-01-24,95.039794921875
1998-01-25,100.66353607177734
1998-01-26,67.17031860351562
1998-01-27,59.84264373779297
1998-01-28,111.60440063476562
1998-01-29,140.8090362548828
1998-01-30,93.17979431152344
1998-01-31,55.161834716796875
1998-02-01,37.84803771972656
1998-02-02,28.96621322631836
1998-02-03,24.9306697845459
1998-02-04,69.82540893554688
1998-02-05,155.63973999023438
1998-02-06,158.32510375976562
1998-02-07,98.4540023803711
1998-02-08,61.208431243896484
1998-02-09,43.430938720703125
1998-02-10,33.41796112060547
1998-02-11,29.686988830566406
1998-02-12,32.72107696533203
1998-02-13,33.94319534301758
1998-02-14,28.72406005859375
1998-02-15,24.976879119873047
1998-02-16,25.90685272216797
1998-02-17,133.02061462402344
1998-02-18,237.98388671875
1998-02-19,177.76710510253906
1998-02-20,91.45966339111328
1998-02-21,54.7198371887207
1998-02-22,39.110679626464844
1998-02-23,37.123878479003906
1998-02-24,51.363399505615234
1998-02-25,56.84919357299805
1998-02-26,41.63447570800781
1998-02-27,31.776592254638672
1998-02-28,27.860000610351562
1998-03-01,26.105266571044922
1998-03-02,24.57910919189453
1998-03-03,23.830711364746094
1998-03-04,23.064485549926758
1998-03-05,21.482145309448242
1998-03-06,19.909868240356445
1998-03-07,18.742969512939453
1998-03-08,25.445310592651367
1998-03-09,117.13862609863281
1998-03-10,171.0425567626953
1998-03-11,105.95472717285156
1998-03-12,64.28240966796875
1998-03-13,44.773719787597656
1998-03-14,34.310546875
1998-03-15,28.5123233795166
1998-03-16,25.047632217407227
1998-03-17,22.927824020385742
1998-03-18,24.036779403686523
1998-03-19,119.1043472290039
1998-03-20,190.56724548339844
1998-03-21,171.664794921875
1998-03-22,126.57147216796875
1998-03-23,81.45452117919922
1998-03-24,53.04595947265625
1998-03-25,39.60875701904297
1998-03-26,32.715797424316406
1998-03-27,28.297012329101562
1998-03-28,25.42284393310547
1998-03-29,23.243066787719727
1998-03-30,21.463520050048828
1998-03-31,20.129878997802734
1998-04-01,19.472047805786133
1998-04-02,19.726369857788086
1998-04-03,19.6322078704834
1998-04-04,20.26146125793457
1998-04-05,23.294700622558594
1998-04-06,24.018348693847656
1998-04-07,20.892040252685547
1998-04-08,19.024105072021484
1998-04-09,23.213138580322266
1998-04-10,34.8783073425293
1998-04-11,36.95627975463867
1998-04-12,28.148771286010742
1998-04-13,22.598587036132812
1998-04-14,20.055885314941406
1998-04-15,19.202617645263672
1998-04-16,18.578441619873047
1998-04-17,32.6981201171875
1998-04-18,72.69784545898438
1998-04-19,100.55270385742188
1998-04-20,101.48413848876953
1998-04-21,87.6402587890625
1998-04-22,57.18445587158203
1998-04-23,41.52442169189453
1998-04-24,34.010406494140625
1998-04-25,28.641084671020508
1998-04-26,24.839702606201172
1998-04-27,22.161701202392578
1998-04-28,20.577241897583008
1998-04-29,19.59508514404297
1998-04-30,18.689414978027344
1998-05-01,19.411685943603516
1998-05-02,24.240585327148438
1998-05-03,28.14785385131836
1998-05-04,24.852540969848633
1998-05-05,23.081661224365234
1998-05-06,21.748193740844727
1998-05-07,19.760101318359375
1998-05-08,29.341922760009766
1998-05-09,56.125064849853516
1998-05-10,55.12295913696289
1998-05-11,49.317073822021484
1998-05-12,51.875553131103516
1998-05-13,42.00566482543945
1998-05-14,31.02763557434082
1998-05-15,24.461942672729492
1998-05-16,20.847597122192383
1998-05-17,19.17386817932129
1998-05-18,19.27155876159668
1998-05-19,19.128591537475586
1998-05-20,16.964256286621094
1998-05-21,15.688785552978516
1998-05-22,14.95598030090332
1998-05-23,14.070954322814941
1998-05-24,14.667206764221191
1998-05-25,17.85098648071289
1998-05-26,20.80099868774414
1998-05-27,21.12293243408203
1998-05-28,21.75970458984375
1998-05-29,21.492755889892578
1998-05-30,18.139768600463867
1998-05-31,16.10617446899414
1998-06-01,15.285394668579102
1998-06-02,14.866063117980957
1998-06-03,15.482934951782227
1998-06-04,15.525196075439453
1998-06-05,15.998490333557129
1998-06-06,18.78262710571289
1998-06-07,19.933231353759766
1998-06-08,16.963001251220703
1998-06-09,14.107745170593262
1998-06-10,13.296338081359863
1998-06-11,14.349772453308105
1998-06-12,15.545804977416992
1998-06-13,15.043157577514648
1998-06-14,13.116951942443848
1998-06-15,11.852638244628906
1998-06-16,11.974374771118164
1998-06-17,12.48367691040039
1998-06-18,11.58566665649414
1998-06-19,10.35477066040039
1998-06-20,9.626741409301758
1998-06-21,9.303534507751465
1998-06-22,8.522713661193848
1998-06-23,8.115023612976074
1998-06-24,7.859452247619629
1998-06-25,7.470235824584961
1998-06-26,7.016234397888184
1998-06-27,6.709985256195068
1998-06-28,6.587924003601074
1998-06-29,6.519937038421631
1998-06-30,6.5352888107299805
1998-07-01,6.757381916046143
1998-07-02,6.990618705749512
1998-07-03,6.581831932067871
1998-07-04,6.0710225105285645
1998-07-05,5.6732258796691895
1998-07-06,5.392167568206787
1998-07-07,5.147873878479004
1998-07-08,4.933696269989014
1998-07-09,4.9005231857299805
1998-07-10,4.914575576782227
1998-07-11,4.735774993896484
1998-07-12,4.566469669342041
1998-07-13,4.448436737060547
1998-07-14,4.329327583312988
1998-07-15,4.1492838859558105
1998-07-16,4.073002338409424
1998-07-17,4.464454174041748
1998-07-18,5.170605182647705
1998-07-19,4.929471969604492
1998-07-20,4.426875591278076
1998-07-21,4.119588375091553
1998-07-22,3.9689793586730957
1998-07-23,3.9029200077056885
1998-07-24,3.9595701694488525
1998-07-25,4.060188293457031
1998-07-26,4.257809638977051
1998-07-27,4.975673198699951
1998-07-28,5.697941303253174
1998-07-29,5.79501485824585
1998-07-30,5.119535446166992
1998-07-31,4.4825520515441895
1998-08-01,4.388388633728027
1998-08-02,4.423165321350098
1998-08-03,4.025491237640381
1998-08-04,3.6829442977905273
1998-08-05,3.4586563110351562
1998-08-06,3.283203125
1998-08-07,3.134610176086426
1998-08-08,3.2014989852905273
1998-08-09,4.461386680603027
1998-08-10,7.577576637268066
1998-08-11,9.321375846862793
1998-08-12,8.458316802978516
1998-08-13,6.2430877685546875
1998-08-14,4.836405277252197
1998-08-15,4.150106906890869
1998-08-16,3.9020228385925293
1998-08-17,4.462910175323486
1998-08-18,5.314485549926758
1998-08-19,5.049223899841309
1998-08-20,4.296523571014404
1998-08-21,3.7874398231506348
1998-08-22,3.469109535217285
1998-08-23,3.250922918319702
1998-08-24,3.059075117111206
1998-08-25,2.9152350425720215
1998-08-26,2.817288398742676
1998-08-27,2.798736095428467
1998-08-28,2.8283352851867676
1998-08-29,2.789649486541748
1998-08-30,2.641049861907959
1998-08-31,2.49672269821167
1998-09-01,2.4002981185913086
1998-09-02,2.327303886413574
1998-09-03,2.4188883304595947
1998-09-04,6.258027076721191
1998-09-05,10.56301498413086
1998-09-06,9.188455581665039
1998-09-07,6.10020112991333
1998-09-08,4.878350257873535
1998-09-09,5.113600730895996
1998-09-10,5.135208606719971
1998-09-11,4.300629615783691
1998-09-12,3.6852118968963623
1998-09-13,3.342348337173462
1998-09-14,3.0736703872680664
1998-09-15,2.8584930896759033
1998-09-16,2.694331169128418
1998-09-17,2.5721118450164795
1998-09-18,2.477304458618164
1998-09-19,2.4380526542663574
1998-09-20,2.428163528442383
1998-09-21,2.4484713077545166
1998-09-22,2.6258201599121094
1998-09-23,2.8637869358062744
1998-09-24,2.800844669342041
1998-09-25,2.6196796894073486
1998-09-26,2.50281023979187
1998-09-27,2.4197237491607666
1998-09-28,2.3283636569976807
1998-09-29,2.2402894496917725
1998-09-30,2.2138781547546387
1998-10-01,2.2517359256744385
1998-10-02,2.2823262214660645
1998-10-03,2.244595527648926
1998-10-04,2.2390332221984863
1998-10-05,2.3989758491516113
1998-10-06,2.636427640914917
1998-10-07,2.7093007564544678
1998-10-08,2.9135994911193848
1998-10-09,3.699514389038086
1998-10-10,4.336736679077148
1998-10-11,3.796027183532715
1998-10-12,3.264150619506836
1998-10-13,2.979712963104248
1998-10-14,2.8175742626190186
1998-10-15,2.6979808807373047
1998-10-16,2.607773780822754
1998-10-17,2.5508406162261963
1998-10-18,2.5127108097076416
1998-10-19,2.4724247455596924
1998-10-20,2.4830784797668457
1998-10-21,2.4723446369171143
1998-10-22,2.462881088256836
1998-10-23,2.421689510345459
1998-10-24,2.3951480388641357
1998-10-25,2.4459195137023926
1998-10-26,2.488673686981201
1998-10-27,2.5031516551971436
1998-10-28,2.4667115211486816
1998-10-29,2.4133949279785156
1998-10-30,2.38885498046875
1998-10-31,2.4238157272338867
1998-11-01,2.415961503982544
1998-11-02,2.4955549240112305
1998-11-03,2.6399049758911133
1998-11-04,2.89119815826416
1998-11-05,3.2037100791931152
1998-11-06,3.1888387203216553
1998-11-07,3.0726799964904785
1998-11-08,3.0600924491882324
1998-11-09,3.0858356952667236
1998-11-10,3.0506374835968018
1998-11-11,3.1194961071014404
1998-11-12,3.416867971420288
1998-11-13,3.6871538162231445
1998-11-14,3.5928335189819336
1998-11-15,3.5480008125305176
1998-11-16,3.656585693359375
1998-11-17,3.7694215774536133
1998-11-18,3.775437831878662
1998-11-19,3.6490015983581543
1998-11-20,3.595853805541992
1998-11-21,3.493335723876953
1998-11-22,3.4463419914245605
1998-11-23,3.4287912845611572
1998-11-24,3.4045908451080322
1998-11-25,3.319239854812622
1998-11-26,3.399704694747925
1998-11-27,3.58005428314209
1998-11-28,3.7686619758605957
1998-11-29,3.7332096099853516
1998-11-30,3.6305322647094727
1998-12-01,3.5222747325897217
1998-12-02,3.415574550628662
1998-12-03,3.4146883487701416
1998-12-04,3.373979091644287
1998-12-05,3.387632131576538
1998-12-06,3.407466411590576
1998-12-07,3.374232292175293
1998-12-08,3.306443691253662
1998-12-09,3.736447334289551
1998-12-10,5.006077289581299
1998-12-11,5.452994346618652
1998-12-12,4.740322113037109
1998-12-13,6.948604106903076
1998-12-14,14.567302703857422
1998-12-15,17.480113983154297
1998-12-16,12.628213882446289
1998-12-17,11.137566566467285
1998-12-18,10.1262788772583
1998-12-19,8.192729949951172
1998-12-20,6.943861484527588
1998-12-21,6.336771011352539
1998-12-22,6.010238170623779
1998-12-23,5.814403533935547
1998-12-24,6.634305477142334
1998-12-25,8.693927764892578
1998-12-26,9.885160446166992
1998-12-27,9.235103607177734
1998-12-28,8.572542190551758
1998-12-29,8.1792573928833
1998-12-30,7.940241813659668
1998-12-31,7.597324371337891
1999-01-01,6.92460823059082
1999-01-02,6.349900245666504
1999-01-03,19.42667007446289
1999-01-04,44.55790328979492
1999-01-05,43.65757751464844
1999-01-06,26.987438201904297
1999-01-07,17.497514724731445
1999-01-08,13.407247543334961
1999-01-09,11.81941032409668
1999-01-10,11.46390151977539
1999-01-11,10.353690147399902
1999-01-12,9.096668243408203
1999-01-13,8.348397254943848
1999-01-14,7.87367057800293
1999-01-15,10.298510551452637
1999-01-16,15.712947845458984
1999-01-17,16.217267990112305
1999-01-18,14.180956840515137
1999-01-19,16.849668502807617
1999-01-20,18.51344108581543
1999-01-21,14.654699325561523
1999-01-22,11.692703247070312
1999-01-23,10.518568992614746
1999-01-24,43.774940490722656
1999-01-25,91.32722473144531
1999-01-26,79.49080657958984
1999-01-27,41.65351104736328
1999-01-28,24.538312911987305
1999-01-29,17.711441040039062
1999-01-30,14.337947845458984
1999-01-31,12.327754020690918
1999-02-01,11.940848350524902
1999-02-02,15.379644393920898
1999-02-03,19.649215698242188
1999-02-04,18.67864418029785
1999-02-05,15.448431015014648
1999-02-06,13.003900527954102
1999-02-07,11.573444366455078
1999-02-08,10.744644165039062
1999-02-09,10.162422180175781
1999-02-10,9.53257942199707
1999-02-11,9.056533813476562
1999-02-12,8.963626861572266
1999-02-13,9.418595314025879
1999-02-14,9.613679885864258
1999-02-15,9.003390312194824
1999-02-16,8.436138153076172
1999-02-17,8.158068656921387
1999-02-18,8.730363845825195
1999-02-19,12.068855285644531
1999-02-20,16.0704288482666
1999-02-21,15.537022590637207
1999-02-22,13.297487258911133
1999-02-23,11.594712257385254
1999-02-24,10.451037406921387
1999-02-25,9.782835006713867
1999-02-26,9.25070571899414
1999-02-27,8.785309791564941
1999-02-28,8.691842079162598
1999-03-01,9.503072738647461
1999-03-02,10.115779876708984
1999-03-03,9.867650985717773
1999-03-04,10.616035461425781
1999-03-05,11.304400444030762
1999-03-06,10.43062973022461
1999-03-07,9.742631912231445
1999-03-08,9.247428894042969
1999-03-09,8.822145462036133
1999-03-10,8.835630416870117
1999-03-11,9.114982604980469
1999-03-12,8.768430709838867
1999-03-13,8.37736701965332
1999-03-14,9.495087623596191
1999-03-15,23.44887924194336
1999-03-16,37.58882141113281
1999-03-17,31.599924087524414
1999-03-18,21.904916763305664
1999-03-19,16.610061645507812
1999-03-20,13.70391845703125
1999-03-21,14.265003204345703
1999-03-22,21.13585090637207
1999-03-23,24.034534454345703
1999-03-24,18.96403694152832
1999-03-25,15.61815071105957
1999-03-26,14.000100135803223
1999-03-27,13.03245735168457
1999-03-28,11.783300399780273
1999-03-29,10.777731895446777
1999-03-30,10.128805160522461
1999-03-31,9.596639633178711
1999-04-01,10.783842086791992
1999-04-02,16.826766967773438
1999-04-03,19.638469696044922
1999-04-04,16.07784652709961
1999-04-05,13.325916290283203
1999-04-06,11.62686824798584
1999-04-07,10.424192428588867
1999-04-08,9.579972267150879
1999-04-09,9.047469139099121
1999-04-10,8.657833099365234
1999-04-11,8.634984016418457
1999-04-12,9.428354263305664
1999-04-13,9.800886154174805
1999-04-14,8.961788177490234
1999-04-15,8.346567153930664
1999-04-16,8.556717872619629
1999-04-17,9.054034233093262
1999-04-18,8.584342956542969
1999-04-19,7.952463150024414
1999-04-20,7.488409042358398
1999-04-21,7.186263084411621
1999-04-22,6.85099458694458
1999-04-23,6.558048248291016
1999-04-24,6.296571731567383
1999-04-25,6.0813398361206055
1999-04-26,5.871685028076172
1999-04-27,5.8539276123046875
1999-04-28,7.130924701690674
1999-04-29,17.80813980102539
1999-04-30,50.96715545654297
1999-05-01,70.46927642822266
1999-05-02,52.70882034301758
1999-05-03,31.712919235229492
1999-05-04,20.38355827331543
1999-05-05,14.921370506286621
1999-05-06,12.25874137878418
1999-05-07,10.729595184326172
1999-05-08,10.191486358642578
1999-05-09,10.46837043762207
1999-05-10,10.068440437316895
1999-05-11,8.859642028808594
1999-05-12,7.800793170928955
1999-05-13,7.2201247215271
1999-05-14,11.79336166381836
1999-05-15,28.072843551635742
1999-05-16,35.5350227355957
1999-05-17,23.89434814453125
1999-05-18,15.529790878295898
1999-05-19,11.548147201538086
1999-05-20,9.715173721313477
1999-05-21,8.5354642868042
1999-05-22,7.676290512084961
1999-05-23,7.204761505126953
1999-05-24,6.801802158355713
1999-05-25,6.372656345367432
1999-05-26,6.003300666809082
1999-05-27,5.769669532775879
1999-05-28,5.558020114898682
1999-05-29,5.240538597106934
1999-05-30,4.951130390167236
1999-05-31,4.690535545349121
1999-06-01,4.449069499969482
1999-06-02,4.208964824676514
1999-06-03,3.978602886199951
1999-06-04,3.753235340118408
1999-06-05,3.5611371994018555
1999-06-06,3.393822431564331
1999-06-07,3.252361297607422
1999-06-08,3.1254119873046875
1999-06-09,2.990039110183716
1999-06-10,2.855232000350952
1999-06-11,2.7524399757385254
1999-06-12,2.728708028793335
1999-06-13,2.7354962825775146
1999-06-14,2.6419003009796143
1999-06-15,2.6381940841674805
1999-06-16,3.040358781814575
1999-06-17,4.302196979522705
1999-06-18,5.412973880767822
1999-06-19,5.0311689376831055
1999-06-20,4.233475685119629
1999-06-21,4.010923862457275
1999-06-22,4.162485599517822
1999-06-23,4.034226894378662
1999-06-24,3.6120853424072266
1999-06-25,3.210493803024292
1999-06-26,3.0867080688476562
1999-06-27,3.1328649520874023
1999-06-28,3.1925442218780518
1999-06-29,3.2639565467834473
1999-06-30,3.2112393379211426
1999-07-01,3.6304380893707275
1999-07-02,6.018458366394043
1999-07-03,8.425865173339844
1999-07-04,6.978052616119385
1999-07-05,5.137696266174316
1999-07-06,4.044408321380615
1999-07-07,3.566680431365967
1999-07-08,3.8462188243865967
1999-07-09,4.461353302001953
1999-07-10,4.071988582611084
1999-07-11,3.677946090698242
1999-07-12,3.9977684020996094
1999-07-13,5.150496006011963
1999-07-14,6.5102643966674805
1999-07-15,7.0182204246521
1999-07-16,6.590977191925049
1999-07-17,5.379265785217285
1999-07-18,4.396458148956299
1999-07-19,3.8688912391662598
1999-07-20,3.441112518310547
1999-07-21,3.121760606765747
1999-07-22,3.1244754791259766
1999-07-23,3.834959030151367
1999-07-24,4.816251754760742
1999-07-25,4.835363864898682
1999-07-26,4.573876857757568
1999-07-27,3.8370425701141357
1999-07-28,3.203380823135376
1999-07-29,2.9774246215820312
1999-07-30,3.287808895111084
1999-07-31,3.7889506816864014
1999-08-01,3.4901297092437744
1999-08-02,3.0185084342956543
1999-08-03,2.6841914653778076
1999-08-04,2.422029972076416
1999-08-05,2.191179037094116
1999-08-06,2.016228199005127
1999-08-07,1.8892539739608765
1999-08-08,1.791580080986023
1999-08-09,1.7355644702911377
1999-08-10,1.7456072568893433
1999-08-11,1.7579383850097656
1999-08-12,1.6916875839233398
1999-08-13,1.6004841327667236
1999-08-14,1.6007747650146484
1999-08-15,2.116373062133789
1999-08-16,3.29403018951416
1999-08-17,3.5065572261810303
1999-08-18,2.8447365760803223
1999-08-19,2.3025875091552734
1999-08-20,2.081983804702759
1999-08-21,2.3576819896698
1999-08-22,2.7564518451690674
1999-08-23,2.492063045501709
1999-08-24,2.1509785652160645
1999-08-25,2.066594123840332
1999-08-26,2.562642812728882
1999-08-27,4.361084938049316
1999-08-28,6.21270751953125
1999-08-29,5.744762420654297
1999-08-30,4.206514358520508
1999-08-31,3.2884087562561035
1999-09-01,2.7150020599365234
1999-09-02,2.357703447341919
1999-09-03,2.114473819732666
1999-09-04,1.974256157875061
1999-09-05,6.403125286102295
1999-09-06,35.032833099365234
1999-09-07,48.91826248168945
1999-09-08,29.51465606689453
1999-09-09,14.689099311828613
1999-09-10,9.307300567626953
1999-09-11,7.450562000274658
1999-09-12,5.9800944328308105
1999-09-13,4.831552982330322
1999-09-14,4.084775447845459
1999-09-15,4.932024955749512
1999-09-16,104.91085815429688
1999-09-17,137.7126007080078
1999-09-18,68.8005599975586
1999-09-19,30.199459075927734
1999-09-20,16.459186553955078
1999-09-21,12.081366539001465
1999-09-22,12.288711547851562
1999-09-23,12.363224029541016
1999-09-24,9.8910551071167
1999-09-25,7.988534450531006
1999-09-26,6.795925617218018
1999-09-27,7.184162139892578
1999-09-28,24.428895950317383
1999-09-29,64.2015380859375
1999-09-30,88.81511688232422
1999-10-01,81.02182006835938
1999-10-02,43.691165924072266
1999-10-03,24.2036075592041
1999-10-04,16.488544464111328
1999-10-05,13.721611022949219
1999-10-06,12.327352523803711
1999-10-07,10.557621002197266
1999-10-08,9.26760482788086
1999-10-09,8.378847122192383
1999-10-10,8.205904960632324
1999-10-11,11.20652961730957
1999-10-12,17.181570053100586
1999-10-13,18.600093841552734
1999-10-14,17.537626266479492
1999-10-15,16.24451446533203
1999-10-16,12.94406509399414
1999-10-17,12.888128280639648
1999-10-18,21.094642639160156
1999-10-19,26.347957611083984
1999-10-20,22.73220443725586
1999-10-21,29.44582748413086
1999-10-22,29.24774932861328
1999-10-23,21.06884765625
1999-10-24,15.945632934570312
1999-10-25,12.981111526489258
1999-10-26,11.174223899841309
1999-10-27,10.02475643157959
1999-10-28,9.181099891662598
1999-10-29,8.566099166870117
1999-10-30,8.106136322021484
1999-10-31,7.741099834442139
1999-11-01,7.528919219970703
1999-11-02,8.522575378417969
1999-11-03,11.504570007324219
1999-11-04,12.522008895874023
1999-11-05,10.83212661743164
1999-11-06,9.539463996887207
1999-11-07,8.7144136428833
1999-11-08,8.085245132446289
1999-11-09,7.7155046463012695
1999-11-10,7.442829132080078
1999-11-11,7.15500020980835
1999-11-12,7.0413923263549805
1999-11-13,6.984309673309326
1999-11-14,6.825989723205566
1999-11-15,6.620827674865723
1999-11-16,6.365156173706055
1999-11-17,6.209377765655518
1999-11-18,6.160430431365967
1999-11-19,6.122734546661377
1999-11-20,6.098372459411621
1999-11-21,6.037097454071045
1999-11-22,6.119601726531982
1999-11-23,6.381576061248779
1999-11-24,6.5490570068359375
1999-11-25,6.444685935974121
1999-11-26,7.2982707023620605
1999-11-27,11.799206733703613
1999-11-28,15.319798469543457
1999-11-29,12.584592819213867
1999-11-30,10.120317459106445
1999-12-01,8.796079635620117
1999-12-02,8.096790313720703
1999-12-03,7.618139743804932
1999-12-04,7.310434341430664
1999-12-05,7.065547466278076
1999-12-06,7.076825141906738
1999-12-07,7.562865257263184
1999-12-08,7.975778102874756
1999-12-09,7.603608131408691
1999-12-10,7.452628135681152
1999-12-11,7.796436309814453
1999-12-12,7.9561028480529785
1999-12-13,7.6252641677856445
1999-12-14,10.11105728149414
1999-12-15,17.802858352661133
1999-12-16,20.515892028808594
1999-12-17,15.693748474121094
1999-12-18,12.258453369140625
1999-12-19,10.52698040008545
1999-12-20,9.789850234985352
1999-12-21,10.553850173950195
1999-12-22,13.838630676269531
1999-12-23,15.849859237670898
1999-12-24,13.95116901397705
1999-12-25,12.154939651489258
1999-12-26,10.897336959838867
1999-12-27,9.880749702453613
1999-12-28,9.211408615112305
1999-12-29,8.699179649353027
1999-12-30,8.349735260009766
1999-12-31,8.105011940002441
2000-01-01,7.9281158447265625
2000-01-02,7.773105621337891
2000-01-03,7.611948013305664
2000-01-04,7.934943199157715
2000-01-05,10.446962356567383
2000-01-06,13.287670135498047
2000-01-07,11.98965835571289
2000-01-08,10.494489669799805
2000-01-09,10.163759231567383
2000-01-10,24.219314575195312
2000-01-11,46.983314514160156
2000-01-12,43.97097396850586
2000-01-13,27.717506408691406
2000-01-14,19.28632926940918
2000-01-15,15.243673324584961
2000-01-16,12.98824691772461
2000-01-17,11.544831275939941
2000-01-18,10.601007461547852
2000-01-19,10.341849327087402
2000-01-20,11.386757850646973
2000-01-21,12.655083656311035
2000-01-22,12.175946235656738
2000-01-23,11.203110694885254
2000-01-24,11.505607604980469
2000-01-25,14.149433135986328
2000-01-26,17.546241760253906
2000-01-27,16.9633731842041
2000-01-28,14.256390571594238
2000-01-29,12.45321273803711
2000-01-30,13.395174980163574
2000-01-31,17.84698486328125
2000-02-01,20.47610855102539
2000-02-02,19.43636131286621
2000-02-03,18.627735137939453
2000-02-04,19.43586540222168
2000-02-05,21.968679428100586
2000-02-06,23.74811553955078
2000-02-07,25.185029983520508
2000-02-08,27.644418716430664
2000-02-09,27.248714447021484
2000-02-10,24.118511199951172
2000-02-11,22.308956146240234
2000-02-12,29.521459579467773
2000-02-13,42.75682830810547
2000-02-14,49.96759796142578
2000-02-15,50.99846267700195
2000-02-16,45.06038284301758
2000-02-17,33.08884048461914
2000-02-18,27.66961669921875
2000-02-19,30.218032836914062
2000-02-20,29.999975204467773
2000-02-21,24.07569694519043
2000-02-22,19.667591094970703
2000-02-23,16.995399475097656
2000-02-24,15.566556930541992
2000-02-25,14.518487930297852
2000-02-26,13.637029647827148
2000-02-27,12.983192443847656
2000-02-28,13.189277648925781
2000-02-29,13.872913360595703
2000-03-01,13.489272117614746
2000-03-02,12.681318283081055
2000-03-03,11.95883560180664
2000-03-04,11.361551284790039
2000-03-05,11.034961700439453
2000-03-06,10.720125198364258
2000-03-07,10.333023071289062
2000-03-08,9.95257568359375
2000-03-09,9.76101303100586
2000-03-10,9.530624389648438
2000-03-11,9.307008743286133
2000-03-12,9.759710311889648
2000-03-13,10.64274787902832
2000-03-14,10.47337532043457
2000-03-15,9.804974555969238
2000-03-16,10.93724250793457
2000-03-17,37.65058898925781
2000-03-18,48.36856460571289
2000-03-19,33.65152359008789
2000-03-20,25.318378448486328
2000-03-21,34.442649841308594
2000-03-22,46.246280670166016
2000-03-23,38.797088623046875
2000-03-24,27.527873992919922
2000-03-25,21.004785537719727
2000-03-26,17.819557189941406
2000-03-27,16.788915634155273
2000-03-28,18.85812759399414
2000-03-29,20.145801544189453
2000-03-30,17.66961097717285
2000-03-31,15.875722885131836
2000-04-01,14.663224220275879
2000-04-02,13.499058723449707
2000-04-03,15.071304321289062
2000-04-04,21.819072723388672
2000-04-05,26.554893493652344
2000-04-06,21.919658660888672
2000-04-07,17.30651092529297
2000-04-08,17.845134735107422
2000-04-09,24.723665237426758
2000-04-10,26.72161102294922
2000-04-11,20.958166122436523
2000-04-12,17.028181076049805
2000-04-13,15.963422775268555
2000-04-14,19.130218505859375
2000-04-15,25.66812515258789
2000-04-16,36.03553009033203
2000-04-17,38.10758972167969
2000-04-18,35.0378303527832
2000-04-19,37.97711944580078
2000-04-20,35.90058135986328
2000-04-21,27.10355567932129
2000-04-22,21.297866821289062
2000-04-23,17.725910186767578
2000-04-24,15.52588176727295
2000-04-25,15.493630409240723
2000-04-26,19.87685203552246
2000-04-27,25.667259216308594
2000-04-28,31.308712005615234
2000-04-29,40.80033874511719
2000-04-30,40.02119827270508
2000-05-01,29.446945190429688
2000-05-02,22.466777801513672
2000-05-03,18.62322998046875
2000-05-04,16.264148712158203
2000-05-05,14.367280006408691
2000-05-06,12.988253593444824
2000-05-07,11.977270126342773
2000-05-08,11.15175724029541
2000-05-09,10.342668533325195
2000-05-10,9.649200439453125
2000-05-11,9.093084335327148
2000-05-12,8.655620574951172
2000-05-13,8.288034439086914
2000-05-14,7.957484722137451
2000-05-15,7.843245983123779
2000-05-16,7.61960506439209
2000-05-17,7.140017509460449
2000-05-18,6.9234299659729
2000-05-19,6.715792655944824
2000-05-20,6.411748886108398
2000-05-21,6.514194011688232
2000-05-22,7.958568096160889
2000-05-23,9.633784294128418
2000-05-24,9.268440246582031
2000-05-25,8.486228942871094
2000-05-26,8.38682746887207
2000-05-27,8.142074584960938
2000-05-28,7.634681224822998
2000-05-29,7.8149237632751465
2000-05-30,8.01134967803955
2000-05-31,7.463281631469727
2000-06-01,6.501519203186035
2000-06-02,5.895952224731445
2000-06-03,5.588517189025879
2000-06-04,5.72786283493042
2000-06-05,6.47304630279541
2000-06-06,8.43579387664795
2000-06-07,11.119575500488281
2000-06-08,9.460433006286621
2000-06-09,7.324978351593018
2000-06-10,6.132630825042725
2000-06-11,5.371160507202148
2000-06-12,4.828902721405029
2000-06-13,4.417044162750244
2000-06-14,4.224094867706299
2000-06-15,5.137704372406006
2000-06-16,9.575310707092285
2000-06-17,14.015908241271973
2000-06-18,11.997809410095215
2000-06-19,9.715088844299316
2000-06-20,11.400925636291504
2000-06-21,11.839624404907227
2000-06-22,9.415552139282227
2000-06-23,7.615325450897217
2000-06-24,6.517393589019775
2000-06-25,5.514476776123047
2000-06-26,4.995021343231201
2000-06-27,5.015764236450195
2000-06-28,6.132325172424316
2000-06-29,8.720502853393555
2000-06-30,10.740306854248047
2000-07-01,9.702327728271484
2000-07-02,7.155060768127441
2000-07-03,5.657314777374268
2000-07-04,4.81398868560791
2000-07-05,4.41068696975708
2000-07-06,4.424676418304443
2000-07-07,4.4543914794921875
2000-07-08,4.182109355926514
2000-07-09,3.8740620613098145
2000-07-10,3.664591073989868
2000-07-11,3.4606845378875732
2000-07-12,3.3879241943359375
2000-07-13,3.917633295059204
2000-07-14,4.97681999206543
2000-07-15,5.576630115509033
2000-07-16,5.356849193572998
2000-07-17,4.845722675323486
2000-07-18,4.233849048614502
2000-07-19,3.7088520526885986
2000-07-20,3.3308520317077637
2000-07-21,3.131134510040283
2000-07-22,3.03144907951355
2000-07-23,3.4764115810394287
2000-07-24,5.605888843536377
2000-07-25,8.482194900512695
2000-07-26,9.479135513305664
2000-07-27,8.372991561889648
2000-07-28,6.806424140930176
2000-07-29,5.825916767120361
2000-07-30,5.679719924926758
2000-07-31,5.680562973022461
2000-08-01,6.21502161026001
2000-08-02,8.099514961242676
2000-08-03,9.738225936889648
2000-08-04,10.325363159179688
2000-08-05,10.212589263916016
2000-08-06,8.965595245361328
2000-08-07,7.06224250793457
2000-08-08,5.945728302001953
2000-08-09,5.376232147216797
2000-08-10,5.885544776916504
2000-08-11,8.249995231628418
2000-08-12,8.542951583862305
2000-08-13,6.8244404792785645
2000-08-14,5.578691005706787
2000-08-15,4.741947650909424
2000-08-16,4.161241054534912
2000-08-17,3.76328706741333
2000-08-18,3.796797275543213
2000-08-19,4.2847418785095215
2000-08-20,4.300452709197998
2000-08-21,3.8231327533721924
2000-08-22,3.456134796142578
2000-08-23,3.1764440536499023
2000-08-24,2.9553065299987793
2000-08-25,2.8143787384033203
2000-08-26,2.7959280014038086
2000-08-27,3.4296326637268066
2000-08-28,8.013275146484375
2000-08-29,11.327552795410156
2000-08-30,9.931302070617676
2000-08-31,7.815944671630859
2000-09-01,8.166297912597656
2000-09-02,11.221054077148438
2000-09-03,17.009170532226562
2000-09-04,22.595989227294922
2000-09-05,22.01839256286621
2000-09-06,16.457582473754883
2000-09-07,11.305658340454102
2000-09-08,8.209856033325195
2000-09-09,6.494572639465332
2000-09-10,5.552663803100586
2000-09-11,4.9077677726745605
2000-09-12,4.424289703369141
2000-09-13,4.043790817260742
2000-09-14,3.908689022064209
2000-09-15,4.73838996887207
2000-09-16,7.884395599365234
2000-09-17,8.192092895507812
2000-09-18,6.481017589569092
2000-09-19,6.473236560821533
2000-09-20,8.840497016906738
2000-09-21,9.381509780883789
2000-09-22,8.098066329956055
2000-09-23,10.19540786743164
2000-09-24,16.672283172607422
2000-09-25,18.9290771484375
2000-09-26,22.039161682128906
2000-09-27,24.803651809692383
2000-09-28,19.8699951171875
2000-09-29,13.357458114624023
2000-09-30,9.747753143310547
2000-10-01,7.851981163024902
2000-10-02,6.732901573181152
2000-10-03,5.988170146942139
2000-10-04,5.439685344696045
2000-10-05,5.001039981842041
2000-10-06,4.665475845336914
2000-10-07,4.412854194641113
2000-10-08,4.275020122528076
2000-10-09,4.202434062957764
2000-10-10,4.086888790130615
2000-10-11,3.9399573802948
2000-10-12,3.824387788772583
2000-10-13,3.7547528743743896
2000-10-14,3.7533960342407227
2000-10-15,3.7083780765533447
2000-10-16,3.663745403289795
2000-10-17,3.5847408771514893
2000-10-18,3.481841564178467
2000-10-19,3.395595073699951
2000-10-20,3.3397879600524902
2000-10-21,3.3254377841949463
2000-10-22,3.255580425262451
2000-10-23,3.1618008613586426
2000-10-24,3.0993564128875732
2000-10-25,3.1063497066497803
2000-10-26,3.1210715770721436
2000-10-27,3.0949175357818604
2000-10-28,3.0558063983917236
2000-10-29,2.985565423965454
2000-10-30,2.936924457550049
2000-10-31,2.928994655609131
2000-11-01,2.9907350540161133
2000-11-02,3.1709773540496826
2000-11-03,3.3033788204193115
2000-11-04,3.347259521484375
2000-11-05,3.265111207962036
2000-11-06,3.274883270263672
2000-11-07,3.3240468502044678
2000-11-08,3.3668055534362793
2000-11-09,3.4452719688415527
2000-11-10,3.7351222038269043
2000-11-11,4.0748796463012695
2000-11-12,3.9523394107818604
2000-11-13,3.7977242469787598
2000-11-14,3.795071840286255
2000-11-15,4.061995506286621
2000-11-16,4.2825822830200195
2000-11-17,4.225309371948242
2000-11-18,4.145012855529785
2000-11-19,4.130064010620117
2000-11-20,4.212564945220947
2000-11-21,4.387685298919678
2000-11-22,4.276569366455078
2000-11-23,4.113141059875488
2000-11-24,3.9920237064361572
2000-11-25,4.184177398681641
2000-11-26,5.365386009216309
2000-11-27,6.870739459991455
2000-11-28,6.542669773101807
2000-11-29,5.76556921005249
2000-11-30,5.26596212387085
2000-12-01,4.962029457092285
2000-12-02,4.743127822875977
2000-12-03,4.606734752655029
2000-12-04,4.579628944396973
2000-12-05,4.478451728820801
2000-12-06,4.359185218811035
2000-12-07,4.25132942199707
2000-12-08,4.179479122161865
2000-12-09,4.174648284912109
2000-12-10,4.111720085144043
2000-12-11,4.156515121459961
2000-12-12,4.290598392486572
2000-12-13,4.283885478973389
2000-12-14,4.309812545776367
2000-12-15,4.590433597564697
2000-12-16,4.9656171798706055
2000-12-17,9.251392364501953
2000-12-18,14.919672966003418
2000-12-19,13.783719062805176
2000-12-20,10.517298698425293
2000-12-21,9.161913871765137
2000-12-22,7.911452293395996
2000-12-23,7.087968349456787
2000-12-24,6.4777116775512695
2000-12-25,6.028093338012695
2000-12-26,5.670448303222656
2000-12-27,5.377777576446533
2000-12-28,5.216359615325928
2000-12-29,5.042560577392578
2000-12-30,4.898582458496094
2000-12-31,4.804569244384766
2001-01-01,4.6777753829956055
2001-01-02,4.525080680847168
2001-01-03,4.4338507652282715
2001-01-04,4.389588356018066
2001-01-05,4.376026153564453
2001-01-06,4.375309944152832
2001-01-07,4.381174087524414
2001-01-08,4.536703109741211
2001-01-09,5.0193772315979
2001-01-10,5.498158931732178
2001-01-11,5.406763076782227
2001-01-12,5.2714128494262695
2001-01-13,5.228605270385742
2001-01-14,5.1847052574157715
2001-01-15,5.108019828796387
2001-01-16,5.063718318939209
2001-01-17,4.978062629699707
2001-01-18,5.175027847290039
2001-01-19,6.923328399658203
2001-01-20,19.71741485595703
2001-01-21,41.1182861328125
2001-01-22,40.74141311645508
2001-01-23,24.740402221679688
2001-01-24,16.07730484008789
2001-01-25,12.132356643676758
2001-01-26,10.025845527648926
2001-01-27,8.840265274047852
2001-01-28,8.0274658203125
2001-01-29,7.450400352478027
2001-01-30,7.44212532043457
2001-01-31,8.246224403381348
2001-02-01,8.635602951049805
2001-02-02,7.935034275054932
2001-02-03,7.320573806762695
2001-02-04,6.8662285804748535
2001-02-05,6.604286193847656
2001-02-06,6.50408935546875
2001-02-07,6.338201999664307
2001-02-08,6.163942337036133
2001-02-09,6.0286545753479
2001-02-10,5.965777397155762
2001-02-11,6.000123500823975
2001-02-12,5.979989528656006
2001-02-13,6.236497402191162
2001-02-14,7.06732177734375
2001-02-15,8.00654411315918
2001-02-16,9.078810691833496
2001-02-17,27.513816833496094
2001-02-18,45.1423225402832
2001-02-19,38.05927276611328
2001-02-20,24.350196838378906
2001-02-21,16.903518676757812
2001-02-22,13.172990798950195
2001-02-23,11.99102783203125
2001-02-24,12.280303001403809
2001-02-25,11.447850227355957
2001-02-26,11.698864936828613
2001-02-27,12.03674030303955
2001-02-28,10.705371856689453
2001-03-01,9.59389877319336
2001-03-02,8.768661499023438
2001-03-03,8.457833290100098
2001-03-04,10.340299606323242
2001-03-05,18.426876068115234
2001-03-06,22.319339752197266
2001-03-07,18.485633850097656
2001-03-08,14.637652397155762
2001-03-09,12.214252471923828
2001-03-10,10.705707550048828
2001-03-11,9.606325149536133
2001-03-12,8.87690544128418
2001-03-13,8.76286506652832
2001-03-14,9.399358749389648
2001-03-15,11.308499336242676
2001-03-16,16.92978858947754
2001-03-17,20.67902946472168
2001-03-18,17.26779556274414
2001-03-19,13.729657173156738
2001-03-20,12.277027130126953
2001-03-21,35.69059371948242
2001-03-22,75.15570068359375
2001-03-23,72.88162231445312
2001-03-24,43.16575622558594
2001-03-25,26.847103118896484
2001-03-26,19.842397689819336
2001-03-27,16.22361183166504
2001-03-28,13.699029922485352
2001-03-29,17.28448486328125
2001-03-30,53.88719940185547
2001-03-31,81.23250579833984
2001-04-01,86.7515640258789
2001-04-02,98.35671997070312
2001-04-03,82.029052734375
2001-04-04,52.959510803222656
2001-04-05,36.95841979980469
2001-04-06,27.259201049804688
2001-04-07,21.93583106994629
2001-04-08,18.585567474365234
2001-04-09,16.337448120117188
2001-04-10,14.671313285827637
2001-04-11,13.29419994354248
2001-04-12,12.286194801330566
2001-04-13,11.780475616455078
2001-04-14,11.644172668457031
2001-04-15,11.461108207702637
2001-04-16,10.871633529663086
2001-04-17,10.326299667358398
2001-04-18,10.064408302307129
2001-04-19,9.703963279724121
2001-04-20,9.10183048248291
2001-04-21,8.740791320800781
2001-04-22,8.409549713134766
2001-04-23,8.006608963012695
2001-04-24,7.633633613586426
2001-04-25,8.155752182006836
2001-04-26,10.419716835021973
2001-04-27,11.684271812438965
2001-04-28,10.190421104431152
2001-04-29,8.961681365966797
2001-04-30,8.108964920043945
2001-05-01,7.548657417297363
2001-05-02,7.1416544914245605
2001-05-03,6.762887001037598
2001-05-04,6.414783954620361
2001-05-05,6.087883949279785
2001-05-06,5.773674488067627
2001-05-07,5.511025905609131
2001-05-08,5.281742572784424
2001-05-09,5.045651912689209
2001-05-10,4.930790424346924
2001-05-11,4.883294582366943
2001-05-12,4.9086809158325195
2001-05-13,4.955487251281738
2001-05-14,4.826991558074951
2001-05-15,4.506368637084961
2001-05-16,5.63067626953125
2001-05-17,9.725870132446289
2001-05-18,13.13620662689209
2001-05-19,11.932594299316406
2001-05-20,9.160731315612793
2001-05-21,7.9946794509887695
2001-05-22,8.732336044311523
2001-05-23,9.579936981201172
2001-05-24,8.977580070495605
2001-05-25,7.574632167816162
2001-05-26,9.621252059936523
2001-05-27,15.315404891967773
2001-05-28,15.815489768981934
2001-05-29,12.034896850585938
2001-05-30,9.653746604919434
2001-05-31,7.815174102783203
2001-06-01,8.034832000732422
2001-06-02,12.678022384643555
2001-06-03,14.94847583770752
2001-06-04,11.787649154663086
2001-06-05,8.77188777923584
2001-06-06,8.025227546691895
2001-06-07,9.47092342376709
2001-06-08,10.218855857849121
2001-06-09,8.464926719665527
2001-06-10,6.898168563842773
2001-06-11,5.798612594604492
2001-06-12,5.075039863586426
2001-06-13,4.811767101287842
2001-06-14,5.151063919067383
2001-06-15,5.6270856857299805
2001-06-16,5.46543025970459
2001-06-17,5.04017448425293
2001-06-18,4.518215179443359
2001-06-19,3.957185745239258
2001-06-20,3.5545883178710938
2001-06-21,3.284529685974121
2001-06-22,3.219763994216919
2001-06-23,3.5911917686462402
2001-06-24,4.194047927856445
2001-06-25,4.29013729095459
2001-06-26,4.024460792541504
2001-06-27,3.920583486557007
2001-06-28,3.9440200328826904
2001-06-29,3.7547149658203125
2001-06-30,3.3826425075531006
2001-07-01,3.096942901611328
2001-07-02,2.9453933238983154
2001-07-03,2.886547565460205
2001-07-04,2.9337821006774902
2001-07-05,3.6653923988342285
2001-07-06,4.8494038581848145
2001-07-07,4.8724775314331055
2001-07-08,4.242028713226318
2001-07-09,4.627583026885986
2001-07-10,5.224308967590332
2001-07-11,4.6248369216918945
2001-07-12,3.865689277648926
2001-07-13,3.3466782569885254
2001-07-14,2.9684677124023438
2001-07-15,2.751938581466675
2001-07-16,2.4944562911987305
2001-07-17,2.2941665649414062
2001-07-18,2.211245059967041
2001-07-19,2.2249679565429688
2001-07-20,2.2176880836486816
2001-07-21,2.1147472858428955
2001-07-22,1.985915184020996
2001-07-23,1.8510916233062744
2001-07-24,1.8214575052261353
2001-07-25,1.9113781452178955
2001-07-26,2.2295923233032227
2001-07-27,4.18015718460083
2001-07-28,6.720335960388184
2001-07-29,7.552792072296143
2001-07-30,8.400186538696289
2001-07-31,8.379659652709961
2001-08-01,6.158404350280762
2001-08-02,4.723744869232178
2001-08-03,3.9939324855804443
2001-08-04,3.3919200897216797
2001-08-05,3.028787612915039
2001-08-06,2.750885009765625
2001-08-07,2.450287342071533
2001-08-08,2.2129902839660645
2001-08-09,2.015199899673462
2001-08-10,1.8801980018615723
2001-08-11,1.9775506258010864
2001-08-12,2.8164238929748535
2001-08-13,4.286880970001221
2001-08-14,4.9151082038879395
2001-08-15,4.650074481964111
2001-08-16,3.7257373332977295
2001-08-17,3.0016846656799316
2001-08-18,2.731353998184204
2001-08-19,3.2004480361938477
2001-08-20,3.9894285202026367
2001-08-21,3.9132184982299805
2001-08-22,3.2354440689086914
2001-08-23,2.6678824424743652
2001-08-24,2.412233591079712
2001-08-25,2.506038188934326
2001-08-26,2.5721051692962646
2001-08-27,2.3400583267211914
2001-08-28,2.1674816608428955
2001-08-29,2.0892493724823
2001-08-30,2.125519037246704
2001-08-31,2.1894655227661133
2001-09-01,2.2740490436553955
2001-09-02,2.540444850921631
2001-09-03,2.7726705074310303
2001-09-04,2.7625949382781982
2001-09-05,2.7999095916748047
2001-09-06,2.6375222206115723
2001-09-07,2.339810371398926
2001-09-08,2.108506202697754
2001-09-09,1.9467668533325195
2001-09-10,1.8978933095932007
2001-09-11,2.030673027038574
2001-09-12,2.1195530891418457
2001-09-13,1.9909366369247437
2001-09-14,1.833087682723999
2001-09-15,1.7473175525665283
2001-09-16,1.6871349811553955
2001-09-17,1.609793782234192
2001-09-18,1.5529944896697998
2001-09-19,1.5271737575531006
2001-09-20,1.545811653137207
2001-09-21,1.889846682548523
2001-09-22,2.3765087127685547
2001-09-23,2.399339437484741
2001-09-24,2.425548553466797
2001-09-25,3.3747012615203857
2001-09-26,4.420350074768066
2001-09-27,3.848086357116699
2001-09-28,3.0618813037872314
2001-09-29,2.5702831745147705
2001-09-30,2.273045539855957
2001-10-01,2.084089994430542
2001-10-02,1.9543955326080322
2001-10-03,1.8544695377349854
2001-10-04,1.7682958841323853
2001-10-05,1.6940360069274902
2001-10-06,1.6794307231903076
2001-10-07,1.7782405614852905
2001-10-08,1.85629141330719
2001-10-09,1.828203797340393
2001-10-10,1.7925409078598022
2001-10-11,1.7967615127563477
2001-10-12,1.7612959146499634
2001-10-13,1.720921277999878
2001-10-14,1.7678418159484863
2001-10-15,2.0592684745788574
2001-10-16,2.350482702255249
2001-10-17,2.2485973834991455
2001-10-18,2.0748653411865234
2001-10-19,1.9535915851593018
2001-10-20,1.8842641115188599
2001-10-21,1.8380260467529297
2001-10-22,1.8124526739120483
2001-10-23,1.7728289365768433
2001-10-24,1.7634201049804688
2001-10-25,1.6989288330078125
2001-10-26,1.6379340887069702
2001-10-27,1.6025645732879639
2001-10-28,1.5865978002548218
2001-10-29,1.5862618684768677
2001-10-30,1.6027493476867676
2001-10-31,1.6175376176834106
2001-11-01,1.661919116973877
2001-11-02,1.7549247741699219
2001-11-03,1.7658355236053467
2001-11-04,1.7607922554016113
2001-11-05,1.7413831949234009
2001-11-06,1.7346476316452026
2001-11-07,1.7741165161132812
2001-11-08,1.8631216287612915
2001-11-09,1.9012807607650757
2001-11-10,1.8455606698989868
2001-11-11,1.8645968437194824
2001-11-12,1.8303625583648682
2001-11-13,1.846724271774292
2001-11-14,1.9146957397460938
2001-11-15,1.995041847229004
2001-11-16,2.0267765522003174
2001-11-17,2.051915407180786
2001-11-18,2.0151281356811523
2001-11-19,2.024599075317383
2001-11-20,2.0276565551757812
2001-11-21,1.9988572597503662
2001-11-22,2.0134947299957275
2001-11-23,2.0561516284942627
2001-11-24,2.1204898357391357
2001-11-25,2.2282257080078125
2001-11-26,2.4229016304016113
2001-11-27,2.5252573490142822
2001-11-28,2.5181946754455566
2001-11-29,2.422070026397705
2001-11-30,2.347898006439209
2001-12-01,2.3369038105010986
2001-12-02,2.402005195617676
2001-12-03,2.364997148513794
2001-12-04,2.392012119293213
2001-12-05,2.443098306655884
2001-12-06,2.426363945007324
2001-12-07,2.360163688659668
2001-12-08,2.3318285942077637
2001-12-09,2.3321144580841064
2001-12-10,2.3442726135253906
2001-12-11,3.232332706451416
2001-12-12,5.663155555725098
2001-12-13,6.647316932678223
2001-12-14,5.613114356994629
2001-12-15,4.608160018920898
2001-12-16,3.991266965866089
2001-12-17,3.576573610305786
2001-12-18,3.7623982429504395
2001-12-19,5.044066905975342
2001-12-20,5.706439018249512
2001-12-21,4.711771011352539
2001-12-22,4.020674705505371
2001-12-23,3.674520254135132
2001-12-24,3.6369378566741943
2001-12-25,3.9893124103546143
2001-12-26,4.135897636413574
2001-12-27,3.794240713119507
2001-12-28,3.5352284908294678
2001-12-29,3.3949761390686035
2001-12-30,3.2877819538116455
2001-12-31,3.140446186065674
2002-01-01,2.9737730026245117
2002-01-02,2.905479907989502
2002-01-03,3.3572511672973633
2002-01-04,3.9425625801086426
2002-01-05,4.369534492492676
2002-01-06,4.832624912261963
2002-01-07,7.5791425704956055
2002-01-08,9.862013816833496
2002-01-09,9.075952529907227
2002-01-10,8.620994567871094
2002-01-11,8.706201553344727
2002-01-12,7.894566059112549
2002-01-13,6.965925693511963
2002-01-14,6.433534145355225
2002-01-15,5.914746284484863
2002-01-16,5.384974956512451
2002-01-17,4.993500232696533
2002-01-18,4.816511631011963
2002-01-19,11.575754165649414
2002-01-20,35.46286392211914
2002-01-21,41.315406799316406
2002-01-22,29.04696273803711
2002-01-23,25.273576736450195
2002-01-24,34.386695861816406
2002-01-25,38.03935241699219
2002-01-26,30.25868797302246
2002-01-27,21.784486770629883
2002-01-28,15.508238792419434
2002-01-29,12.081680297851562
2002-01-30,10.103670120239258
2002-01-31,8.809412956237793
2002-02-01,7.896076202392578
2002-02-02,7.23105525970459
2002-02-03,6.716739177703857
2002-02-04,6.309284210205078
2002-02-05,5.997832775115967
2002-02-06,5.721702575683594
2002-02-07,7.751924514770508
2002-02-08,15.091094970703125
2002-02-09,19.16726303100586
2002-02-10,15.55468463897705
2002-02-11,12.380805015563965
2002-02-12,10.654419898986816
2002-02-13,9.05966567993164
2002-02-14,7.9941816329956055
2002-02-15,7.251150131225586
2002-02-16,6.721493244171143
2002-02-17,6.36080265045166
2002-02-18,6.054792404174805
2002-02-19,5.809995651245117
2002-02-20,5.631787300109863
2002-02-21,5.549282073974609
2002-02-22,5.441135883331299
2002-02-23,5.259853363037109
2002-02-24,5.078976154327393
2002-02-25,4.938687801361084
2002-02-26,4.857028484344482
2002-02-27,4.797270774841309
2002-02-28,4.726868629455566
2002-03-01,4.668337345123291
2002-03-02,5.031177520751953
2002-03-03,9.614455223083496
2002-03-04,16.61132049560547
2002-03-05,16.318714141845703
2002-03-06,12.335989952087402
2002-03-07,9.635740280151367
2002-03-08,8.125627517700195
2002-03-09,7.3447747230529785
2002-03-10,7.600182056427002
2002-03-11,7.733757495880127
2002-03-12,7.246823310852051
2002-03-13,7.627458095550537
2002-03-14,9.825181007385254
2002-03-15,11.095857620239258
2002-03-16,9.758275032043457
2002-03-17,8.535635948181152
2002-03-18,10.497328758239746
2002-03-19,15.729509353637695
2002-03-20,16.828405380249023
2002-03-21,16.410263061523438
2002-03-22,18.35012435913086
2002-03-23,16.976287841796875
2002-03-24,13.215323448181152
2002-03-25,10.754817962646484
2002-03-26,9.891776084899902
2002-03-27,13.430564880371094
2002-03-28,16.05158805847168
2002-03-29,13.808487892150879
2002-03-30,11.273640632629395
2002-03-31,10.434558868408203
2002-04-01,12.015625
2002-04-02,13.313613891601562
2002-04-03,11.485791206359863
2002-04-04,9.791827201843262
2002-04-05,8.569990158081055
2002-04-06,7.636932373046875
2002-04-07,7.057633876800537
2002-04-08,6.627339839935303
2002-04-09,6.354547500610352
2002-04-10,6.474823951721191
2002-04-11,6.878273010253906
2002-04-12,6.858176231384277
2002-04-13,6.516495704650879
2002-04-14,6.285552978515625
2002-04-15,6.030117511749268
2002-04-16,5.73262357711792
2002-04-17,5.373441696166992
2002-04-18,5.046875953674316
2002-04-19,4.887846946716309
2002-04-20,4.925151824951172
2002-04-21,4.950027942657471
2002-04-22,4.744225978851318
2002-04-23,4.540509223937988
2002-04-24,4.328281879425049
2002-04-25,4.18056058883667
2002-04-26,4.184291839599609
2002-04-27,4.138158321380615
2002-04-28,3.983133554458618
2002-04-29,3.8677141666412354
2002-04-30,3.6858787536621094
2002-05-01,3.507565975189209
2002-05-02,3.5704221725463867
2002-05-03,3.937305212020874
2002-05-04,4.860532283782959
2002-05-05,6.143831729888916
2002-05-06,6.515791893005371
2002-05-07,5.6299824714660645
2002-05-08,4.901076316833496
2002-05-09,4.729713439941406
2002-05-10,4.874303340911865
2002-05-11,4.656652450561523
2002-05-12,4.187097549438477
2002-05-13,3.925811290740967
2002-05-14,4.157505989074707
2002-05-15,4.71604585647583
2002-05-16,4.526451110839844
2002-05-17,3.9414942264556885
2002-05-18,3.5477285385131836
2002-05-19,3.6063146591186523
2002-05-20,3.6818666458129883
2002-05-21,3.338228225708008
2002-05-22,3.065406322479248
2002-05-23,2.8768601417541504
2002-05-24,2.711111307144165
2002-05-25,2.620889663696289
2002-05-26,2.495864152908325
2002-05-27,2.354898691177368
2002-05-28,2.219374656677246
2002-05-29,2.1057052612304688
2002-05-30,2.0010595321655273
2002-05-31,1.9799389839172363
2002-06-01,2.0843658447265625
2002-06-02,2.1996965408325195
2002-06-03,2.2837533950805664
2002-06-04,2.1370527744293213
2002-06-05,1.9671417474746704
2002-06-06,1.907039999961853
2002-06-07,2.0898690223693848
2002-06-08,2.4902069568634033
2002-06-09,2.4105660915374756
2002-06-10,2.061917304992676
2002-06-11,1.815147876739502
2002-06-12,1.6464247703552246
2002-06-13,1.5124852657318115
2002-06-14,1.4520671367645264
2002-06-15,1.4978671073913574
2002-06-16,1.567826509475708
2002-06-17,1.488590955734253
2002-06-18,1.3767473697662354
2002-06-19,1.3183537721633911
2002-06-20,1.2683027982711792
2002-06-21,1.199404239654541
2002-06-22,1.1234385967254639
2002-06-23,1.0555872917175293
2002-06-24,1.0140494108200073
2002-06-25,0.9852507710456848
2002-06-26,0.9868231415748596
2002-06-27,1.2554187774658203
2002-06-28,2.006065845489502
2002-06-29,2.3927299976348877
2002-06-30,2.1110281944274902
2002-07-01,1.7176575660705566
2002-07-02,1.4907983541488647
2002-07-03,1.445123553276062
2002-07-04,1.6002085208892822
2002-07-05,1.8555384874343872
2002-07-06,1.8838541507720947
2002-07-07,1.680840015411377
2002-07-08,1.415045142173767
2002-07-09,1.2195459604263306
2002-07-10,1.0906270742416382
2002-07-11,1.0605071783065796
2002-07-12,1.2127599716186523
2002-07-13,1.3571507930755615
2002-07-14,1.3300620317459106
2002-07-15,1.3706133365631104
2002-07-16,1.4371798038482666
2002-07-17,1.3167928457260132
2002-07-18,1.1351953744888306
2002-07-19,1.0350511074066162
2002-07-20,0.9921966791152954
2002-07-21,0.9546000361442566
2002-07-22,0.9315273761749268
2002-07-23,0.9546870589256287
2002-07-24,1.0890557765960693
2002-07-25,1.3979321718215942
2002-07-26,2.1118879318237305
2002-07-27,3.4380316734313965
2002-07-28,4.135723114013672
2002-07-29,3.417999744415283
2002-07-30,2.452324151992798
2002-07-31,1.8203258514404297
2002-08-01,1.4393830299377441
2002-08-02,1.2444669008255005
2002-08-03,1.2040858268737793
2002-08-04,1.1696727275848389
2002-08-05,1.0561535358428955
2002-08-06,0.9387569427490234
2002-08-07,0.8684024810791016
2002-08-08,0.8195561170578003
2002-08-09,0.7677677273750305
2002-08-10,0.7254070043563843
2002-08-11,0.6962379813194275
2002-08-12,0.6619417667388916
2002-08-13,0.6276551485061646
2002-08-14,0.602320671081543
2002-08-15,0.6065502762794495
2002-08-16,0.6568214893341064
2002-08-17,0.7806774377822876
2002-08-18,0.9554210901260376
2002-08-19,1.046027421951294
2002-08-20,1.0036709308624268
2002-08-21,0.9058113694190979
2002-08-22,0.8529188632965088
2002-08-23,0.8579407334327698
2002-08-24,0.8321805000305176
2002-08-25,0.8054137229919434
2002-08-26,0.8140468001365662
2002-08-27,0.9000118374824524
2002-08-28,1.1129575967788696
2002-08-29,1.3663544654846191
2002-08-30,1.6022417545318604
2002-08-31,2.550204277038574
2002-09-01,13.313065528869629
2002-09-02,20.49675178527832
2002-09-03,13.901632308959961
2002-09-04,6.972148418426514
2002-09-05,4.161751747131348
2002-09-06,2.9281299114227295
2002-09-07,2.223311424255371
2002-09-08,1.8055088520050049
2002-09-09,1.5532536506652832
2002-09-10,1.3923039436340332
2002-09-11,1.2786190509796143
2002-09-12,1.1898210048675537
2002-09-13,1.1129881143569946
2002-09-14,1.0741428136825562
2002-09-15,1.220442533493042
2002-09-16,1.8456857204437256
2002-09-17,2.694533109664917
2002-09-18,2.9090378284454346
2002-09-19,3.5199337005615234
2002-09-20,4.396840572357178
2002-09-21,3.751736640930176
2002-09-22,2.8710689544677734
2002-09-23,2.341024875640869
2002-09-24,2.0640816688537598
2002-09-25,1.8867534399032593
2002-09-26,1.9159756898880005
2002-09-27,2.7246341705322266
2002-09-28,4.177192211151123
2002-09-29,4.046599864959717
2002-09-30,3.1811251640319824
2002-10-01,2.5262558460235596
2002-10-02,2.151804208755493
2002-10-03,1.9137934446334839
2002-10-04,1.7364411354064941
2002-10-05,1.611676573753357
2002-10-06,1.5106054544448853
2002-10-07,1.4162675142288208
2002-10-08,1.365476369857788
2002-10-09,1.3876172304153442
2002-10-10,1.4370115995407104
2002-10-11,16.19451141357422
2002-10-12,59.45872497558594
2002-10-13,62.58428192138672
2002-10-14,36.373897552490234
2002-10-15,21.28999900817871
2002-10-16,23.08404541015625
2002-10-17,38.05570983886719
2002-10-18,36.36683654785156
2002-10-19,20.915061950683594
2002-10-20,12.641497611999512
2002-10-21,9.111087799072266
2002-10-22,8.512182235717773
2002-10-23,9.21320915222168
2002-10-24,8.602933883666992
2002-10-25,7.304312705993652
2002-10-26,6.729072570800781
2002-10-27,6.91928243637085
2002-10-28,8.913877487182617
2002-10-29,26.886280059814453
2002-10-30,45.89248275756836
2002-10-31,45.23829650878906
2002-11-01,31.62483024597168
2002-11-02,19.87939453125
2002-11-03,13.736287117004395
2002-11-04,10.741467475891113
2002-11-05,10.404162406921387
2002-11-06,19.95140838623047
2002-11-07,29.82477569580078
2002-11-08,26.001710891723633
2002-11-09,18.07929229736328
2002-11-10,13.428506851196289
2002-11-11,11.357633590698242
2002-11-12,34.089134216308594
2002-11-13,89.0897216796875
2002-11-14,92.49179077148438
2002-11-15,49.76091003417969
2002-11-16,37.94892883300781
2002-11-17,91.35946655273438
2002-11-18,129.75587463378906
2002-11-19,95.08819580078125
2002-11-20,50.45396041870117
2002-11-21,30.481773376464844
2002-11-22,22.365474700927734
2002-11-23,17.979209899902344
2002-11-24,15.174772262573242
2002-11-25,13.364723205566406
2002-11-26,12.156221389770508
2002-11-27,11.193641662597656
2002-11-28,10.476016998291016
2002-11-29,9.846380233764648
2002-11-30,9.207608222961426
2002-12-01,8.697450637817383
2002-12-02,8.395293235778809
2002-12-03,8.117855072021484
2002-12-04,7.980167388916016
2002-12-05,11.209102630615234
2002-12-06,17.13042449951172
2002-12-07,18.68286895751953
2002-12-08,18.35551643371582
2002-12-09,20.288692474365234
2002-12-10,20.76083755493164
2002-12-11,22.363874435424805
2002-12-12,33.9094352722168
2002-12-13,62.74898910522461
2002-12-14,100.12741088867188
2002-12-15,99.62093353271484
2002-12-16,59.95090103149414
2002-12-17,37.166473388671875
2002-12-18,26.302505493164062
2002-12-19,20.651134490966797
2002-12-20,24.867216110229492
2002-12-21,35.08466720581055
2002-12-22,34.28810501098633
2002-12-23,25.84326934814453
2002-12-24,28.1495361328125
2002-12-25,65.35643768310547
2002-12-26,85.48316192626953
2002-12-27,60.923194885253906
2002-12-28,38.91429138183594
2002-12-29,27.932268142700195
2002-12-30,22.113550186157227
2002-12-31,18.87371826171875
2003-01-01,23.597929000854492
2003-01-02,40.23735427856445
2003-01-03,46.06220626831055
2003-01-04,38.204437255859375
2003-01-05,32.875694274902344
2003-01-06,25.572032928466797
2003-01-07,20.859006881713867
2003-01-08,17.911449432373047
2003-01-09,15.719869613647461
2003-01-10,14.310629844665527
2003-01-11,13.405289649963379
2003-01-12,12.825138092041016
2003-01-13,12.215330123901367
2003-01-14,11.54680061340332
2003-01-15,11.102838516235352
2003-01-16,10.85324478149414
2003-01-17,10.647883415222168
2003-01-18,10.5579833984375
2003-01-19,10.193485260009766
2003-01-20,9.910731315612793
2003-01-21,9.610641479492188
2003-01-22,9.4719877243042
2003-01-23,9.573165893554688
2003-01-24,9.665894508361816
2003-01-25,9.40521240234375
2003-01-26,9.138407707214355
2003-01-27,9.084145545959473
2003-01-28,8.906452178955078
2003-01-29,8.960338592529297
2003-01-30,15.523798942565918
2003-01-31,30.439556121826172
2003-02-01,34.976959228515625
2003-02-02,27.868694305419922
2003-02-03,21.545005798339844
2003-02-04,18.460445404052734
2003-02-05,18.684391021728516
2003-02-06,18.575422286987305
2003-02-07,24.795373916625977
2003-02-08,36.87401580810547
2003-02-09,35.959129333496094
2003-02-10,29.05051612854004
2003-02-11,27.76271629333496
2003-02-12,26.8497314453125
2003-02-13,22.560087203979492
2003-02-14,19.22186279296875
2003-02-15,18.80099105834961
2003-02-16,25.4952392578125
2003-02-17,35.366973876953125
2003-02-18,37.44255828857422
2003-02-19,34.927024841308594
2003-02-20,34.36978530883789
2003-02-21,32.52933883666992
2003-02-22,45.3371696472168
2003-02-23,95.0090560913086
2003-02-24,125.03431701660156
2003-02-25,78.07223510742188
2003-02-26,47.30113220214844
2003-02-27,38.64506912231445
2003-02-28,49.85594940185547
2003-03-01,62.732933044433594
2003-03-02,79.05097961425781
2003-03-03,92.08358001708984
2003-03-04,76.50996398925781
2003-03-05,51.63578414916992
2003-03-06,57.19767761230469
2003-03-07,80.93209838867188
2003-03-08,76.69961547851562
2003-03-09,53.43619918823242
2003-03-10,39.22800827026367
2003-03-11,30.65777587890625
2003-03-12,25.32712173461914
2003-03-13,22.364439010620117
2003-03-14,22.38674545288086
2003-03-15,23.012935638427734
2003-03-16,42.96497344970703
2003-03-17,75.44725799560547
2003-03-18,72.68682098388672
2003-03-19,50.28410720825195
2003-03-20,121.94019317626953
2003-03-21,263.79144287109375
2003-03-22,255.23480224609375
2003-03-23,129.12075805664062
2003-03-24,69.74634552001953
2003-03-25,46.42232894897461
2003-03-26,35.68088150024414
2003-03-27,30.087915420532227
2003-03-28,26.384174346923828
2003-03-29,23.603342056274414
2003-03-30,34.100799560546875
2003-03-31,56.945011138916016
2003-04-01,58.0489387512207
2003-04-02,40.56381607055664
2003-04-03,30.424602508544922
2003-04-04,25.053382873535156
2003-04-05,22.35137176513672
2003-04-06,21.14019775390625
2003-04-07,46.339229583740234
2003-04-08,101.00443267822266
2003-04-09,146.96192932128906
2003-04-10,283.1240539550781
2003-04-11,393.69708251953125
2003-04-12,292.9776916503906
2003-04-13,152.59182739257812
2003-04-14,81.82254028320312
2003-04-15,53.88288879394531
2003-04-16,41.096073150634766
2003-04-17,33.861534118652344
2003-04-18,29.644824981689453
2003-04-19,28.549362182617188
2003-04-20,29.36350440979004
2003-04-21,27.164182662963867
2003-04-22,24.709415435791016
2003-04-23,22.850831985473633
2003-04-24,21.06878089904785
2003-04-25,19.62975311279297
2003-04-26,20.72231101989746
2003-04-27,24.343351364135742
2003-04-28,24.935508728027344
2003-04-29,21.708955764770508
2003-04-30,20.175100326538086
2003-05-01,20.710067749023438
2003-05-02,21.760616302490234
2003-05-03,21.665163040161133
2003-05-04,20.635276794433594
2003-05-05,20.487247467041016
2003-05-06,22.323877334594727
2003-05-07,24.706165313720703
2003-05-08,24.080352783203125
2003-05-09,20.474092483520508
2003-05-10,17.559307098388672
2003-05-11,15.795927047729492
2003-05-12,14.663900375366211
2003-05-13,13.655903816223145
2003-05-14,12.6025972366333
2003-05-15,13.123775482177734
2003-05-16,16.65584945678711
2003-05-17,18.864728927612305
2003-05-18,18.58940887451172
2003-05-19,23.522212982177734
2003-05-20,30.647891998291016
2003-05-21,29.564470291137695
2003-05-22,50.68285369873047
2003-05-23,113.04747009277344
2003-05-24,132.4818572998047
2003-05-25,99.46562194824219
2003-05-26,123.94151306152344
2003-05-27,147.65403747558594
2003-05-28,113.65531158447266
2003-05-29,74.26934814453125
2003-05-30,51.72799301147461
2003-05-31,41.07972717285156
2003-06-01,36.93388748168945
2003-06-02,33.22175598144531
2003-06-03,28.079452514648438
2003-06-04,39.930999755859375
2003-06-05,61.85413360595703
2003-06-06,56.33168411254883
2003-06-07,69.02767944335938
2003-06-08,149.22833251953125
2003-06-09,169.65234375
2003-06-10,101.66865539550781
2003-06-11,60.496192932128906
2003-06-12,50.17673110961914
2003-06-13,51.658180236816406
2003-06-14,44.615909576416016
2003-06-15,36.05098342895508
2003-06-16,47.25142288208008
2003-06-17,69.25962829589844
2003-06-18,75.99895477294922
2003-06-19,64.61224365234375
2003-06-20,51.5472526550293
2003-06-21,41.76625061035156
2003-06-22,31.65914535522461
2003-06-23,24.981170654296875
2003-06-24,21.061931610107422
2003-06-25,18.426013946533203
2003-06-26,16.559839248657227
2003-06-27,15.222331047058105
2003-06-28,14.641246795654297
2003-06-29,14.532251358032227
2003-06-30,14.394264221191406
2003-07-01,14.12602710723877
2003-07-02,25.674575805664062
2003-07-03,53.88667678833008
2003-07-04,62.867881774902344
2003-07-05,40.59086608886719
2003-07-06,27.190574645996094
2003-07-07,23.272584915161133
2003-07-08,23.71425437927246
2003-07-09,22.114768981933594
2003-07-10,20.07646369934082
2003-07-11,18.47345542907715
2003-07-12,16.753578186035156
2003-07-13,17.950939178466797
2003-07-14,37.09130859375
2003-07-15,46.84419631958008
2003-07-16,35.51152038574219
2003-07-17,25.053651809692383
2003-07-18,19.829797744750977
2003-07-19,16.949989318847656
2003-07-20,15.974241256713867
2003-07-21,14.865036010742188
2003-07-22,14.828072547912598
2003-07-23,19.859228134155273
2003-07-24,25.358474731445312
2003-07-25,22.496957778930664
2003-07-26,17.30992889404297
2003-07-27,14.140748023986816
2003-07-28,12.396947860717773
2003-07-29,11.652074813842773
2003-07-30,15.447172164916992
2003-07-31,27.240345001220703
2003-08-01,31.84143829345703
2003-08-02,29.887052536010742
2003-08-03,32.089290618896484
2003-08-04,45.944725036621094
2003-08-05,69.43853759765625
2003-08-06,77.87678527832031
2003-08-07,68.43179321289062
2003-08-08,53.294883728027344
2003-08-09,59.26506042480469
2003-08-10,108.7203598022461
2003-08-11,125.66116333007812
2003-08-12,100.4003677368164
2003-08-13,73.744140625
2003-08-14,57.727394104003906
2003-08-15,48.828548431396484
2003-08-16,40.742820739746094
2003-08-17,35.3798828125
2003-08-18,37.29304504394531
2003-08-19,38.630859375
2003-08-20,32.49498748779297
2003-08-21,24.91568374633789
2003-08-22,20.72796630859375
2003-08-23,19.743148803710938
2003-08-24,21.4129695892334
2003-08-25,22.622426986694336
2003-08-26,20.268375396728516
2003-08-27,16.56239891052246
2003-08-28,14.191861152648926
2003-08-29,12.979183197021484
2003-08-30,13.1962890625
2003-08-31,16.887744903564453
2003-09-01,22.636337280273438
2003-09-02,23.208961486816406
2003-09-03,17.899600982666016
2003-09-04,22.9425048828125
2003-09-05,43.567935943603516
2003-09-06,47.90707015991211
2003-09-07,29.835756301879883
2003-09-08,20.91489601135254
2003-09-09,17.32708168029785
2003-09-10,15.046087265014648
2003-09-11,13.256778717041016
2003-09-12,12.018389701843262
2003-09-13,11.296873092651367
2003-09-14,10.839696884155273
2003-09-15,10.486766815185547
2003-09-16,10.138409614562988
2003-09-17,9.678783416748047
2003-09-18,12.452201843261719
2003-09-19,28.67232322692871
2003-09-20,41.58112716674805
2003-09-21,30.29646110534668
2003-09-22,21.027835845947266
2003-09-23,36.04299545288086
2003-09-24,77.87953186035156
2003-09-25,70.37892150878906
2003-09-26,41.16868591308594
2003-09-27,26.156837463378906
2003-09-28,19.890708923339844
2003-09-29,17.106754302978516
2003-09-30,15.342412948608398
2003-10-01,13.852396011352539
2003-10-02,12.89891242980957
2003-10-03,12.168046951293945
2003-10-04,11.5635404586792
2003-10-05,11.035717010498047
2003-10-06,10.593948364257812
2003-10-07,10.19436264038086
2003-10-08,9.962742805480957
2003-10-09,10.167827606201172
2003-10-10,10.967681884765625
2003-10-11,11.740216255187988
2003-10-12,11.76812744140625
2003-10-13,11.264965057373047
2003-10-14,10.599396705627441
2003-10-15,10.572893142700195
2003-10-16,10.799056053161621
2003-10-17,10.365476608276367
2003-10-18,9.79085922241211
2003-10-19,9.3457670211792
2003-10-20,8.921109199523926
2003-10-21,8.585600852966309
2003-10-22,8.394448280334473
2003-10-23,8.3270263671875
2003-10-24,8.184324264526367
2003-10-25,7.970304012298584
2003-10-26,7.945123672485352
2003-10-27,8.325483322143555
2003-10-28,9.721601486206055
2003-10-29,14.957987785339355
2003-10-30,19.797164916992188
2003-10-31,18.350664138793945
2003-11-01,14.365718841552734
2003-11-02,12.09486198425293
2003-11-03,10.88720417022705
2003-11-04,10.183330535888672
2003-11-05,9.791259765625
2003-11-06,9.58194637298584
2003-11-07,10.297639846801758
2003-11-08,11.28053092956543
2003-11-09,11.004162788391113
2003-11-10,10.258275032043457
2003-11-11,9.725143432617188
2003-11-12,9.416219711303711
2003-11-13,8.971128463745117
2003-11-14,8.678948402404785
2003-11-15,8.442277908325195
2003-11-16,8.484392166137695
2003-11-17,8.546935081481934
2003-11-18,8.410820007324219
2003-11-19,9.074519157409668
2003-11-20,12.57615852355957
2003-11-21,15.785476684570312
2003-11-22,13.556021690368652
2003-11-23,11.553145408630371
2003-11-24,10.464714050292969
2003-11-25,10.040029525756836
2003-11-26,9.885322570800781
2003-11-27,9.535652160644531
2003-11-28,10.23248291015625
2003-11-29,12.879436492919922
2003-11-30,14.035682678222656
2003-12-01,12.218939781188965
2003-12-02,10.741842269897461
2003-12-03,9.952461242675781
2003-12-04,9.742799758911133
2003-12-05,10.764933586120605
2003-12-06,13.259562492370605
2003-12-07,14.269667625427246
2003-12-08,12.997132301330566
2003-12-09,11.772662162780762
2003-12-10,13.535567283630371
2003-12-11,24.905359268188477
2003-12-12,33.88834762573242
2003-12-13,26.862960815429688
2003-12-14,27.075786590576172
2003-12-15,42.169822692871094
2003-12-16,46.78814697265625
2003-12-17,37.38542175292969
2003-12-18,35.30479049682617
2003-12-19,32.37443542480469
2003-12-20,25.598461151123047
2003-12-21,21.254825592041016
2003-12-22,19.64519691467285
2003-12-23,19.299991607666016
2003-12-24,18.159177780151367
2003-12-25,17.13641929626465
2003-12-26,15.899639129638672
2003-12-27,14.48012924194336
2003-12-28,13.558145523071289
2003-12-29,13.059537887573242
2003-12-30,12.758514404296875
2003-12-31,12.479392051696777
2004-01-01,12.123556137084961
2004-01-02,11.805201530456543
2004-01-03,11.590583801269531
2004-01-04,11.388233184814453
2004-01-05,11.498252868652344
2004-01-06,12.806665420532227
2004-01-07,14.072115898132324
2004-01-08,13.04861068725586
2004-01-09,12.333322525024414
2004-01-10,12.641677856445312
2004-01-11,12.638334274291992
2004-01-12,12.13978385925293
2004-01-13,12.156877517700195
2004-01-14,11.920845031738281
2004-01-15,11.440189361572266
2004-01-16,10.946044921875
2004-01-17,10.614740371704102
2004-01-18,10.712457656860352
2004-01-19,12.015202522277832
2004-01-20,12.84742546081543
2004-01-21,12.01643180847168
2004-01-22,11.17356014251709
2004-01-23,10.639505386352539
2004-01-24,10.274652481079102
2004-01-25,12.53621768951416
2004-01-26,16.525075912475586
2004-01-27,17.85750961303711
2004-01-28,17.14745330810547
2004-01-29,16.616722106933594
2004-01-30,17.6382999420166
2004-01-31,18.366600036621094
2004-02-01,17.02391815185547
2004-02-02,15.215703964233398
2004-02-03,19.396873474121094
2004-02-04,31.85077476501465
2004-02-05,35.03009033203125
2004-02-06,31.655574798583984
2004-02-07,55.709014892578125
2004-02-08,75.60856628417969
2004-02-09,53.136688232421875
2004-02-10,35.79938888549805
2004-02-11,27.437454223632812
2004-02-12,23.3126277923584
2004-02-13,23.159358978271484
2004-02-14,23.032115936279297
2004-02-15,22.05280876159668
2004-02-16,26.493581771850586
2004-02-17,28.035221099853516
2004-02-18,24.46432113647461
2004-02-19,22.94381332397461
2004-02-20,22.02496910095215
2004-02-21,20.54242515563965
2004-02-22,18.66920280456543
2004-02-23,16.98316192626953
2004-02-24,15.708023071289062
2004-02-25,14.849360466003418
2004-02-26,14.398810386657715
2004-02-27,18.45232582092285
2004-02-28,24.82867431640625
2004-02-29,24.057621002197266
2004-03-01,20.44539451599121
2004-03-02,18.432659149169922
2004-03-03,17.557415008544922
2004-03-04,16.866622924804688
2004-03-05,15.696382522583008
2004-03-06,15.570557594299316
2004-03-07,16.98659324645996
2004-03-08,17.31049346923828
2004-03-09,15.749443054199219
2004-03-10,14.579333305358887
2004-03-11,13.687138557434082
2004-03-12,12.833072662353516
2004-03-13,12.438340187072754
2004-03-14,12.003934860229492
2004-03-15,11.870888710021973
2004-03-16,13.994590759277344
2004-03-17,20.074844360351562
2004-03-18,23.727989196777344
2004-03-19,21.169464111328125
2004-03-20,18.507522583007812
2004-03-21,16.068029403686523
2004-03-22,14.695987701416016
2004-03-23,13.551708221435547
2004-03-24,12.603096008300781
2004-03-25,11.968341827392578
2004-03-26,11.596874237060547
2004-03-27,11.292126655578613
2004-03-28,11.098115921020508
2004-03-29,10.836260795593262
2004-03-30,10.547379493713379
2004-03-31,11.42563533782959
2004-04-01,15.136055946350098
2004-04-02,17.54941177368164
2004-04-03,16.20392608642578
2004-04-04,14.126739501953125
2004-04-05,12.620281219482422
2004-04-06,11.480201721191406
2004-04-07,10.80140209197998
2004-04-08,10.448118209838867
2004-04-09,10.131357192993164
2004-04-10,9.802349090576172
2004-04-11,9.62307357788086
2004-04-12,14.39067268371582
2004-04-13,35.29347229003906
2004-04-14,54.5533332824707
2004-04-15,45.907928466796875
2004-04-16,31.454387664794922
2004-04-17,22.3967342376709
2004-04-18,17.85161018371582
2004-04-19,15.25740909576416
2004-04-20,13.557683944702148
2004-04-21,12.387681007385254
2004-04-22,11.657408714294434
2004-04-23,11.089713096618652
2004-04-24,10.560792922973633
2004-04-25,10.139633178710938
2004-04-26,10.278077125549316
2004-04-27,11.346030235290527
2004-04-28,11.852243423461914
2004-04-29,10.565450668334961
2004-04-30,9.704291343688965
2004-05-01,9.36742877960205
2004-05-02,10.765657424926758
2004-05-03,17.713468551635742
2004-05-04,25.04509735107422
2004-05-05,23.337783813476562
2004-05-06,17.12770652770996
2004-05-07,13.68095874786377
2004-05-08,11.537971496582031
2004-05-09,10.103466987609863
2004-05-10,9.503800392150879
2004-05-11,9.329598426818848
2004-05-12,8.786796569824219
2004-05-13,8.159524917602539
2004-05-14,7.743217468261719
2004-05-15,7.3408331871032715
2004-05-16,6.960666656494141
2004-05-17,6.858222007751465
2004-05-18,7.10014533996582
2004-05-19,7.410330295562744
2004-05-20,7.680632591247559
2004-05-21,7.679271697998047
2004-05-22,7.376136779785156
2004-05-23,7.1573486328125
2004-05-24,7.065552711486816
2004-05-25,6.835097789764404
2004-05-26,6.26426887512207
2004-05-27,5.8608174324035645
2004-05-28,5.960346221923828
2004-05-29,5.939085483551025
2004-05-30,5.707894325256348
2004-05-31,5.9700026512146
2004-06-01,6.1858110427856445
2004-06-02,5.718625068664551
2004-06-03,5.164102554321289
2004-06-04,6.153496742248535
2004-06-05,10.493866920471191
2004-06-06,13.158834457397461
2004-06-07,9.79039192199707
2004-06-08,10.76272201538086
2004-06-09,14.679914474487305
2004-06-10,13.329116821289062
2004-06-11,9.731831550598145
2004-06-12,7.80120325088501
2004-06-13,6.755168437957764
2004-06-14,6.099337577819824
2004-06-15,6.1396589279174805
2004-06-16,8.013484001159668
2004-06-17,10.864017486572266
2004-06-18,10.068756103515625
2004-06-19,7.884413242340088
2004-06-20,6.913937568664551
2004-06-21,6.168537139892578
2004-06-22,5.4075541496276855
2004-06-23,5.716207981109619
2004-06-24,7.373166084289551
2004-06-25,8.867167472839355
2004-06-26,9.918030738830566
2004-06-27,10.894055366516113
2004-06-28,10.042759895324707
2004-06-29,8.657772064208984
2004-06-30,7.844486236572266
2004-07-01,7.0416717529296875
2004-07-02,6.7190446853637695
2004-07-03,7.208852767944336
2004-07-04,8.67389965057373
2004-07-05,9.745278358459473
2004-07-06,9.043537139892578
2004-07-07,7.367330074310303
2004-07-08,7.084144592285156
2004-07-09,8.064786911010742
2004-07-10,7.575684070587158
2004-07-11,6.706625461578369
2004-07-12,6.624307155609131
2004-07-13,6.4154276847839355
2004-07-14,5.949644565582275
2004-07-15,5.263033866882324
2004-07-16,4.685888290405273
2004-07-17,4.33218240737915
2004-07-18,5.1912665367126465
2004-07-19,8.287952423095703
2004-07-20,9.657665252685547
2004-07-21,7.620368957519531
2004-07-22,6.109603404998779
2004-07-23,5.685670375823975
2004-07-24,5.840303897857666
2004-07-25,5.59197998046875
2004-07-26,5.284647464752197
2004-07-27,6.242223262786865
2004-07-28,8.923969268798828
2004-07-29,15.880910873413086
2004-07-30,20.618228912353516
2004-07-31,16.571090698242188
2004-08-01,10.728371620178223
2004-08-02,8.268497467041016
2004-08-03,8.115196228027344
2004-08-04,8.100229263305664
2004-08-05,6.932204246520996
2004-08-06,5.916984558105469
2004-08-07,5.313632965087891
2004-08-08,4.702200889587402
2004-08-09,4.233400821685791
2004-08-10,3.9054105281829834
2004-08-11,3.769988775253296
2004-08-12,4.451998233795166
2004-08-13,6.480013370513916
2004-08-14,11.308634757995605
2004-08-15,19.216890335083008
2004-08-16,19.312999725341797
2004-08-17,13.174642562866211
2004-08-18,10.219061851501465
2004-08-19,9.209559440612793
2004-08-20,7.718058109283447
2004-08-21,6.813938617706299
2004-08-22,7.796612739562988
2004-08-23,7.667101860046387
2004-08-24,6.226431846618652
2004-08-25,5.142536163330078
2004-08-26,4.438917636871338
2004-08-27,3.983126640319824
2004-08-28,3.6900665760040283
2004-08-29,3.544210433959961
2004-08-30,14.306640625
2004-08-31,34.29705047607422
2004-09-01,27.80951499938965
2004-09-02,14.544803619384766
2004-09-03,9.069751739501953
2004-09-04,6.657893657684326
2004-09-05,5.521650791168213
2004-09-06,5.440784931182861
2004-09-07,9.011011123657227
2004-09-08,32.24183654785156
2004-09-09,58.04822540283203
2004-09-10,52.51509475708008
2004-09-11,27.55465316772461
2004-09-12,15.675171852111816
2004-09-13,10.96160888671875
2004-09-14,8.980450630187988
2004-09-15,8.293747901916504
2004-09-16,7.839546203613281
2004-09-17,10.979089736938477
2004-09-18,24.028411865234375
2004-09-19,31.14910125732422
2004-09-20,23.37207794189453
2004-09-21,15.305887222290039
2004-09-22,11.105472564697266
2004-09-23,9.008508682250977
2004-09-24,7.63920259475708
2004-09-25,6.7639570236206055
2004-09-26,6.1237897872924805
2004-09-27,6.0043745040893555
2004-09-28,13.319396018981934
2004-09-29,36.490535736083984
2004-09-30,43.84064865112305
2004-10-01,27.079437255859375
2004-10-02,18.927919387817383
2004-10-03,16.481931686401367
2004-10-04,14.27878189086914
2004-10-05,11.816919326782227
2004-10-06,10.103582382202148
2004-10-07,8.981651306152344
2004-10-08,8.049047470092773
2004-10-09,7.4372148513793945
2004-10-10,7.004073143005371
2004-10-11,6.642031669616699
2004-10-12,6.391596794128418
2004-10-13,6.65842342376709
2004-10-14,7.789119243621826
2004-10-15,8.863072395324707
2004-10-16,8.692609786987305
2004-10-17,7.930362224578857
2004-10-18,7.177545070648193
2004-10-19,7.059966087341309
2004-10-20,7.7711005210876465
2004-10-21,8.364338874816895
2004-10-22,8.014908790588379
2004-10-23,7.48503303527832
2004-10-24,7.0995683670043945
2004-10-25,7.018431186676025
2004-10-26,7.018199920654297
2004-10-27,6.832057952880859
2004-10-28,6.6509552001953125
2004-10-29,6.6209306716918945
2004-10-30,6.572232246398926
2004-10-31,6.3935956954956055
2004-11-01,6.122628211975098
2004-11-02,5.923515796661377
2004-11-03,5.77656888961792
2004-11-04,6.568737983703613
2004-11-05,10.05184268951416
2004-11-06,13.444463729858398
2004-11-07,11.388665199279785
2004-11-08,9.303576469421387
2004-11-09,8.022804260253906
2004-11-10,7.363000869750977
2004-11-11,6.99651575088501
2004-11-12,13.7136812210083
2004-11-13,35.967227935791016
2004-11-14,41.058441162109375
2004-11-15,26.628217697143555
2004-11-16,17.764888763427734
2004-11-17,13.870500564575195
2004-11-18,11.860983848571777
2004-11-19,10.640716552734375
2004-11-20,9.887235641479492
2004-11-21,9.420207977294922
2004-11-22,8.981648445129395
2004-11-23,9.998620986938477
2004-11-24,20.164276123046875
2004-11-25,37.715576171875
2004-11-26,39.945465087890625
2004-11-27,28.205947875976562
2004-11-28,24.20964241027832
2004-11-29,27.60374641418457
2004-11-30,25.82081413269043
2004-12-01,20.477880477905273
2004-12-02,17.992366790771484
2004-12-03,16.268861770629883
2004-12-04,14.20388412475586
2004-12-05,12.754871368408203
2004-12-06,11.854972839355469
2004-12-07,11.458211898803711
2004-12-08,11.72896671295166
2004-12-09,12.359807014465332
2004-12-10,50.234291076660156
2004-12-11,99.53907012939453
2004-12-12,91.29727172851562
2004-12-13,52.34523010253906
2004-12-14,32.133079528808594
2004-12-15,23.450029373168945
2004-12-16,18.932973861694336
2004-12-17,16.083221435546875
2004-12-18,14.490091323852539
2004-12-19,13.411802291870117
2004-12-20,12.923269271850586
2004-12-21,12.439815521240234
2004-12-22,11.76384162902832
2004-12-23,12.387144088745117
2004-12-24,15.861900329589844
2004-12-25,18.146650314331055
2004-12-26,16.009361267089844
2004-12-27,14.052918434143066
2004-12-28,12.747079849243164
2004-12-29,11.822417259216309
2004-12-30,11.278337478637695
2004-12-31,10.943807601928711
2005-01-01,10.625715255737305
2005-01-02,10.352927207946777
2005-01-03,10.13705062866211
2005-01-04,9.891690254211426
2005-01-05,9.699488639831543
2005-01-06,9.589960098266602
2005-01-07,9.417152404785156
2005-01-08,9.298032760620117
2005-01-09,9.256056785583496
2005-01-10,9.206594467163086
2005-01-11,9.033697128295898
2005-01-12,8.867593765258789
2005-01-13,8.795795440673828
2005-01-14,32.1859245300293
2005-01-15,71.82665252685547
2005-01-16,70.25648498535156
2005-01-17,42.260536193847656
2005-01-18,28.317398071289062
2005-01-19,21.323673248291016
2005-01-20,17.42717170715332
2005-01-21,15.478498458862305
2005-01-22,14.584907531738281
2005-01-23,13.943178176879883
2005-01-24,13.360055923461914
2005-01-25,12.920520782470703
2005-01-26,13.090864181518555
2005-01-27,13.462116241455078
2005-01-28,13.314966201782227
2005-01-29,12.479158401489258
2005-01-30,12.424171447753906
2005-01-31,14.434550285339355
2005-02-01,15.883490562438965
2005-02-02,14.8895902633667
2005-02-03,15.215457916259766
2005-02-04,20.790132522583008
2005-02-05,25.250524520874023
2005-02-06,21.859018325805664
2005-02-07,18.074520111083984
2005-02-08,15.697365760803223
2005-02-09,14.508002281188965
2005-02-10,14.048585891723633
2005-02-11,13.749431610107422
2005-02-12,13.007739067077637
2005-02-13,12.0888032913208
2005-02-14,12.51793098449707
2005-02-15,15.337272644042969
2005-02-16,16.738067626953125
2005-02-17,15.12509536743164
2005-02-18,13.61190128326416
2005-02-19,12.530187606811523
2005-02-20,11.731922149658203
2005-02-21,11.5381498336792
2005-02-22,11.906245231628418
2005-02-23,12.308060646057129
2005-02-24,12.834446907043457
2005-02-25,16.614574432373047
2005-02-26,19.275211334228516
2005-02-27,16.675655364990234
2005-02-28,21.265317916870117
2005-03-01,39.957767486572266
2005-03-02,48.283203125
2005-03-03,36.11577606201172
2005-03-04,26.558008193969727
2005-03-05,21.165292739868164
2005-03-06,18.654781341552734
2005-03-07,16.695955276489258
2005-03-08,19.12857437133789
2005-03-09,25.217761993408203
2005-03-10,25.19164276123047
2005-03-11,21.343008041381836
2005-03-12,19.02246856689453
2005-03-13,17.10416030883789
2005-03-14,15.763031959533691
2005-03-15,15.382915496826172
2005-03-16,16.077417373657227
2005-03-17,25.100162506103516
2005-03-18,37.56378936767578
2005-03-19,35.96672821044922
2005-03-20,28.219043731689453
2005-03-21,22.8158016204834
2005-03-22,19.417877197265625
2005-03-23,21.103836059570312
2005-03-24,33.322227478027344
2005-03-25,40.59528732299805
2005-03-26,31.481842041015625
2005-03-27,24.430856704711914
2005-03-28,53.787879943847656
2005-03-29,104.75125122070312
2005-03-30,97.79762268066406
2005-03-31,58.441802978515625
2005-04-01,38.48516845703125
2005-04-02,31.18650245666504
2005-04-03,29.762496948242188
2005-04-04,27.520532608032227
2005-04-05,23.037322998046875
2005-04-06,19.97567367553711
2005-04-07,18.46662712097168
2005-04-08,25.870983123779297
2005-04-09,35.98353576660156
2005-04-10,32.742576599121094
2005-04-11,24.634498596191406
2005-04-12,20.208545684814453
2005-04-13,18.761865615844727
2005-04-14,19.939542770385742
2005-04-15,19.93543815612793
2005-04-16,17.624980926513672
2005-04-17,15.650177001953125
2005-04-18,14.355222702026367
2005-04-19,13.541460037231445
2005-04-20,12.866985321044922
2005-04-21,12.2990083694458
2005-04-22,11.799863815307617
2005-04-23,11.564399719238281
2005-04-24,11.608724594116211
2005-04-25,11.333416938781738
2005-04-26,10.77341365814209
2005-04-27,10.388459205627441
2005-04-28,10.034250259399414
2005-04-29,9.89810848236084
2005-04-30,10.685173034667969
2005-05-01,14.07558822631836
2005-05-02,16.81563949584961
2005-05-03,15.47762393951416
2005-05-04,13.130197525024414
2005-05-05,11.543155670166016
2005-05-06,11.185375213623047
2005-05-07,12.14019775390625
2005-05-08,12.424999237060547
2005-05-09,11.225008964538574
2005-05-10,10.102558135986328
2005-05-11,9.288199424743652
2005-05-12,8.85537052154541
2005-05-13,8.79674243927002
2005-05-14,8.816177368164062
2005-05-15,8.507107734680176
2005-05-16,8.326103210449219
2005-05-17,8.283329963684082
2005-05-18,7.801572799682617
2005-05-19,7.5707550048828125
2005-05-20,8.230721473693848
2005-05-21,10.354076385498047
2005-05-22,11.295027732849121
2005-05-23,9.684399604797363
2005-05-24,8.481308937072754
2005-05-25,7.896451473236084
2005-05-26,7.370028495788574
2005-05-27,6.857504367828369
2005-05-28,6.346473693847656
2005-05-29,5.981018543243408
2005-05-30,5.7315263748168945
2005-05-31,5.503500938415527
2005-06-01,5.4105329513549805
2005-06-02,6.171197891235352
2005-06-03,9.302848815917969
2005-06-04,13.252613067626953
2005-06-05,12.700860977172852
2005-06-06,10.2601957321167
2005-06-07,8.853995323181152
2005-06-08,10.448689460754395
2005-06-09,14.305327415466309
2005-06-10,16.810977935791016
2005-06-11,15.799503326416016
2005-06-12,12.074457168579102
2005-06-13,9.113643646240234
2005-06-14,7.714591026306152
2005-06-15,6.908918857574463
2005-06-16,6.1437249183654785
2005-06-17,5.465203285217285
2005-06-18,4.98944091796875
2005-06-19,4.6595916748046875
2005-06-20,4.504732608795166
2005-06-21,4.40144157409668
2005-06-22,4.319665908813477
2005-06-23,4.181151866912842
2005-06-24,3.972855567932129
2005-06-25,3.76452374458313
2005-06-26,3.586808443069458
2005-06-27,3.511462450027466
2005-06-28,3.701338529586792
2005-06-29,4.337980270385742
2005-06-30,5.111698627471924
2005-07-01,4.912679672241211
2005-07-02,4.342698097229004
2005-07-03,3.923340320587158
2005-07-04,3.955246686935425
2005-07-05,4.689471244812012
2005-07-06,5.327900409698486
2005-07-07,5.637387275695801
2005-07-08,9.125951766967773
2005-07-09,13.41480541229248
2005-07-10,10.385936737060547
2005-07-11,6.884800434112549
2005-07-12,5.216538906097412
2005-07-13,4.673614025115967
2005-07-14,4.9414215087890625
2005-07-15,5.652673721313477
2005-07-16,5.837990760803223
2005-07-17,5.314774990081787
2005-07-18,4.603906631469727
2005-07-19,4.075255870819092
2005-07-20,3.8198297023773193
2005-07-21,3.802920341491699
2005-07-22,3.9479222297668457
2005-07-23,4.060859680175781
2005-07-24,3.97658109664917
2005-07-25,3.5596439838409424
2005-07-26,3.1482696533203125
2005-07-27,2.842031955718994
2005-07-28,2.717668056488037
2005-07-29,3.611710548400879
2005-07-30,6.947264671325684
2005-07-31,10.893941879272461
2005-08-01,10.797639846801758
2005-08-02,8.597204208374023
2005-08-03,6.25931978225708
2005-08-04,4.765348434448242
2005-08-05,3.954500913619995
2005-08-06,3.495086431503296
2005-08-07,3.3913583755493164
2005-08-08,3.4321770668029785
2005-08-09,4.019294261932373
2005-08-10,6.252838611602783
2005-08-11,8.378926277160645
2005-08-12,7.015691757202148
2005-08-13,5.138225078582764
2005-08-14,4.131031513214111
2005-08-15,3.8100271224975586
2005-08-16,3.638561725616455
2005-08-17,3.5366692543029785
2005-08-18,3.6632609367370605
2005-08-19,3.801051616668701
2005-08-20,3.8603901863098145
2005-08-21,4.118102073669434
2005-08-22,4.156916618347168
2005-08-23,3.706627368927002
2005-08-24,3.5010194778442383
2005-08-25,3.380211591720581
2005-08-26,3.0517890453338623
2005-08-27,2.7583506107330322
2005-08-28,2.5794153213500977
2005-08-29,2.473141670227051
2005-08-30,2.3831756114959717
2005-08-31,2.342574119567871
2005-09-01,2.2786145210266113
2005-09-02,2.1675171852111816
2005-09-03,2.0646164417266846
2005-09-04,1.9689713716506958
2005-09-05,1.896942138671875
2005-09-06,1.8516991138458252
2005-09-07,1.8002160787582397
2005-09-08,1.7497023344039917
2005-09-09,1.7104281187057495
2005-09-10,1.679742693901062
2005-09-11,1.6409574747085571
2005-09-12,1.6038169860839844
2005-09-13,1.5821969509124756
2005-09-14,1.5847326517105103
2005-09-15,1.5975658893585205
2005-09-16,1.59237539768219
2005-09-17,1.5903129577636719
2005-09-18,1.592454195022583
2005-09-19,1.5511479377746582
2005-09-20,1.529755711555481
2005-09-21,1.6054837703704834
2005-09-22,1.7114348411560059
2005-09-23,1.720398187637329
2005-09-24,1.6434333324432373
2005-09-25,1.5626494884490967
2005-09-26,1.5581092834472656
2005-09-27,1.5972013473510742
2005-09-28,1.641244888305664
2005-09-29,1.6046302318572998
2005-09-30,1.5607534646987915
2005-10-01,1.5803030729293823
2005-10-02,1.5755258798599243
2005-10-03,1.530457615852356
2005-10-04,1.4791913032531738
2005-10-05,1.4558647871017456
2005-10-06,1.5060396194458008
2005-10-07,1.9131581783294678
2005-10-08,3.39447021484375
2005-10-09,5.581351280212402
2005-10-10,5.92247200012207
2005-10-11,4.778748989105225
2005-10-12,4.327793121337891
2005-10-13,4.053155899047852
2005-10-14,3.4462890625
2005-10-15,2.926067352294922
2005-10-16,2.5733799934387207
2005-10-17,2.3345487117767334
2005-10-18,2.203902244567871
2005-10-19,2.143791913986206
2005-10-20,2.0535755157470703
2005-10-21,1.9663190841674805
2005-10-22,1.964465618133545
2005-10-23,2.128965139389038
2005-10-24,2.2770965099334717
2005-10-25,2.2233240604400635
2005-10-26,2.126706600189209
2005-10-27,2.046501398086548
2005-10-28,2.018078565597534
2005-10-29,1.9868508577346802
2005-10-30,1.9828321933746338
2005-10-31,2.024291753768921
2005-11-01,2.036655902862549
2005-11-02,2.061333656311035
2005-11-03,2.065311908721924
2005-11-04,2.1248300075531006
2005-11-05,2.1198153495788574
2005-11-06,2.099740505218506
2005-11-07,2.091388702392578
2005-11-08,2.072786569595337
2005-11-09,2.1024394035339355
2005-11-10,2.127455472946167
2005-11-11,2.221085548400879
2005-11-12,2.3459126949310303
2005-11-13,2.3869619369506836
2005-11-14,2.352940559387207
2005-11-15,2.298598289489746
2005-11-16,2.317019462585449
2005-11-17,2.4509496688842773
2005-11-18,2.6385858058929443
2005-11-19,2.6754868030548096
2005-11-20,2.632641077041626
2005-11-21,2.951444625854492
2005-11-22,6.771411895751953
2005-11-23,11.787888526916504
2005-11-24,9.695352554321289
2005-11-25,6.7040181159973145
2005-11-26,5.097194671630859
2005-11-27,4.407350063323975
2005-11-28,4.59715461730957
2005-11-29,7.071127891540527
2005-11-30,13.22826862335205
2005-12-01,15.60666275024414
2005-12-02,10.323455810546875
2005-12-03,7.147932529449463
2005-12-04,5.822683811187744
2005-12-05,13.785674095153809
2005-12-06,37.16343307495117
2005-12-07,42.5025749206543
2005-12-08,25.28037452697754
2005-12-09,17.53500747680664
2005-12-10,16.93874740600586
2005-12-11,15.529629707336426
2005-12-12,12.402888298034668
2005-12-13,10.185859680175781
2005-12-14,8.675508499145508
2005-12-15,11.243764877319336
2005-12-16,32.27912139892578
2005-12-17,41.27422332763672
2005-12-18,29.49676513671875
2005-12-19,19.84358787536621
2005-12-20,14.487255096435547
2005-12-21,11.555800437927246
2005-12-22,9.797857284545898
2005-12-23,8.705015182495117
2005-12-24,8.095726013183594
2005-12-25,7.866994380950928
2005-12-26,8.596741676330566
2005-12-27,9.51746654510498
2005-12-28,8.845897674560547
2005-12-29,8.485857009887695
2005-12-30,8.699294090270996
2005-12-31,8.60180377960205
2006-01-01,8.087859153747559
2006-01-02,8.084303855895996
2006-01-03,11.07375431060791
2006-01-04,15.623258590698242
2006-01-05,14.474161148071289
2006-01-06,12.381481170654297
2006-01-07,11.6298828125
2006-01-08,10.608907699584961
2006-01-09,9.397586822509766
2006-01-10,8.565057754516602
2006-01-11,8.284587860107422
2006-01-12,9.293950080871582
2006-01-13,10.802226066589355
2006-01-14,11.075075149536133
2006-01-15,12.185537338256836
2006-01-16,11.641729354858398
2006-01-17,10.087661743164062
2006-01-18,10.699200630187988
2006-01-19,13.59926986694336
2006-01-20,13.919516563415527
2006-01-21,12.101158142089844
2006-01-22,11.629364967346191
2006-01-23,11.861746788024902
2006-01-24,12.605968475341797
2006-01-25,12.851366996765137
2006-01-26,11.156367301940918
2006-01-27,9.752082824707031
2006-01-28,8.826597213745117
2006-01-29,8.270869255065918
2006-01-30,8.01736831665039
2006-01-31,8.130484580993652
2006-02-01,8.045004844665527
2006-02-02,7.811755180358887
2006-02-03,7.732975482940674
2006-02-04,8.445860862731934
2006-02-05,9.880830764770508
2006-02-06,10.170377731323242
2006-02-07,9.167007446289062
2006-02-08,8.390191078186035
2006-02-09,7.8926286697387695
2006-02-10,7.591801643371582
2006-02-11,7.6126813888549805
2006-02-12,9.506717681884766
2006-02-13,11.83781909942627
2006-02-14,11.06634521484375
2006-02-15,9.89425277709961
2006-02-16,9.07502269744873
2006-02-17,8.432848930358887
2006-02-18,7.988696575164795
2006-02-19,7.997193336486816
2006-02-20,8.051804542541504
2006-02-21,7.7008233070373535
2006-02-22,7.438129901885986
2006-02-23,8.039257049560547
2006-02-24,9.775188446044922
2006-02-25,10.440592765808105
2006-02-26,9.479419708251953
2006-02-27,8.560020446777344
2006-02-28,7.926014423370361
2006-03-01,7.501493453979492
2006-03-02,7.197472095489502
2006-03-03,6.9318389892578125
2006-03-04,6.7005181312561035
2006-03-05,6.507579803466797
2006-03-06,6.369012832641602
2006-03-07,6.428394317626953
2006-03-08,6.492441177368164
2006-03-09,6.3746867179870605
2006-03-10,6.2708001136779785
2006-03-11,6.183576583862305
2006-03-12,6.182683944702148
2006-03-13,6.133371829986572
2006-03-14,5.93874454498291
2006-03-15,5.802451133728027
2006-03-16,5.664943695068359
2006-03-17,5.4879679679870605
2006-03-18,5.3423871994018555
2006-03-19,5.239343643188477
2006-03-20,5.217471599578857
2006-03-21,5.596913814544678
2006-03-22,7.006651401519775
2006-03-23,8.327654838562012
2006-03-24,7.733558654785156
2006-03-25,7.111754894256592
2006-03-26,6.872627258300781
2006-03-27,6.604099750518799
2006-03-28,6.273707866668701
2006-03-29,6.06296443939209
2006-03-30,5.861591815948486
2006-03-31,5.675829887390137
2006-04-01,5.557799816131592
2006-04-02,5.4271159172058105
2006-04-03,5.445438385009766
2006-04-04,5.9448652267456055
2006-04-05,6.315549373626709
2006-04-06,5.873427391052246
2006-04-07,5.460669994354248
2006-04-08,5.352179527282715
2006-04-09,5.688642501831055
2006-04-10,5.921295166015625
2006-04-11,5.468402862548828
2006-04-12,5.1424407958984375
2006-04-13,4.934643268585205
2006-04-14,4.758840084075928
2006-04-15,4.611746788024902
2006-04-16,4.4739155769348145
2006-04-17,4.381175994873047
2006-04-18,4.622066974639893
2006-04-19,4.795100688934326
2006-04-20,4.531348705291748
2006-04-21,4.286228656768799
2006-04-22,6.899266242980957
2006-04-23,12.804855346679688
2006-04-24,12.71558666229248
2006-04-25,9.028909683227539
2006-04-26,7.670285701751709
2006-04-27,11.13386344909668
2006-04-28,15.85725212097168
2006-04-29,14.511754989624023
2006-04-30,10.472977638244629
2006-05-01,8.024914741516113
2006-05-02,6.744747161865234
2006-05-03,5.879037380218506
2006-05-04,5.2541656494140625
2006-05-05,4.8239641189575195
2006-05-06,4.616203784942627
2006-05-07,5.032991409301758
2006-05-08,6.628188133239746
2006-05-09,8.317449569702148
2006-05-10,7.5944437980651855
2006-05-11,6.286403179168701
2006-05-12,5.463846206665039
2006-05-13,5.041505336761475
2006-05-14,5.376453399658203
2006-05-15,7.418460369110107
2006-05-16,9.012341499328613
2006-05-17,7.909275531768799
2006-05-18,6.631823539733887
2006-05-19,5.987765312194824
2006-05-20,5.5419721603393555
2006-05-21,5.149379730224609
2006-05-22,4.724430084228516
2006-05-23,4.25600004196167
2006-05-24,3.892425060272217
2006-05-25,3.60690975189209
2006-05-26,3.444997787475586
2006-05-27,3.3576765060424805
2006-05-28,3.2409214973449707
2006-05-29,3.0250184535980225
2006-05-30,2.8366856575012207
2006-05-31,2.6839303970336914
2006-06-01,2.640742301940918
2006-06-02,3.0114190578460693
2006-06-03,4.079264163970947
2006-06-04,5.059989929199219
2006-06-05,4.844900131225586
2006-06-06,4.115635395050049
2006-06-07,3.5476865768432617
2006-06-08,3.213940143585205
2006-06-09,3.1273248195648193
2006-06-10,3.044677734375
2006-06-11,3.107898473739624
2006-06-12,4.694093704223633
2006-06-13,7.065702438354492
2006-06-14,12.844855308532715
2006-06-15,25.464725494384766
2006-06-16,26.491422653198242
2006-06-17,14.78701114654541
2006-06-18,8.723670959472656
2006-06-19,6.042205810546875
2006-06-20,4.689728736877441
2006-06-21,3.910426139831543
2006-06-22,3.4075589179992676
2006-06-23,3.5615627765655518
2006-06-24,6.141633033752441
2006-06-25,11.136615753173828
2006-06-26,15.63086223602295
2006-06-27,23.435976028442383
2006-06-28,39.20557403564453
2006-06-29,38.33163833618164
2006-06-30,22.78858184814453
2006-07-01,12.984326362609863
2006-07-02,8.597100257873535
2006-07-03,6.541806221008301
2006-07-04,5.571592807769775
2006-07-05,6.381197452545166
2006-07-06,18.563087463378906
2006-07-07,36.47144317626953
2006-07-08,31.73670768737793
2006-07-09,17.54090690612793
2006-07-10,10.648259162902832
2006-07-11,7.628545761108398
2006-07-12,6.095584392547607
2006-07-13,5.657649040222168
2006-07-14,6.361341953277588
2006-07-15,7.465085983276367
2006-07-16,7.511106014251709
2006-07-17,6.358160972595215
2006-07-18,5.062655925750732
2006-07-19,4.337695121765137
2006-07-20,4.150177478790283
2006-07-21,4.352084159851074
2006-07-22,4.695153713226318
2006-07-23,7.940698623657227
2006-07-24,15.034045219421387
2006-07-25,17.602787017822266
2006-07-26,13.6835298538208
2006-07-27,10.942392349243164
2006-07-28,8.664158821105957
2006-07-29,6.983080863952637
2006-07-30,6.61136531829834
2006-07-31,6.6229329109191895
2006-08-01,5.470820426940918
2006-08-02,4.467302322387695
2006-08-03,3.821439743041992
2006-08-04,3.427680492401123
2006-08-05,3.1724042892456055
2006-08-06,2.9948999881744385
2006-08-07,3.116715669631958
2006-08-08,3.384737968444824
2006-08-09,3.2813496589660645
2006-08-10,3.0646681785583496
2006-08-11,3.0128331184387207
2006-08-12,3.4369218349456787
2006-08-13,4.081655025482178
2006-08-14,3.9331133365631104
2006-08-15,3.4262161254882812
2006-08-16,3.296072483062744
2006-08-17,3.858825206756592
2006-08-18,4.1605987548828125
2006-08-19,3.511935234069824
2006-08-20,2.9651293754577637
2006-08-21,2.662566661834717
2006-08-22,2.524325132369995
2006-08-23,2.5836310386657715
2006-08-24,2.616563320159912
2006-08-25,2.4668049812316895
2006-08-26,2.272677183151245
2006-08-27,2.0892140865325928
2006-08-28,1.931957721710205
2006-08-29,1.8344810009002686
2006-08-30,1.977466344833374
2006-08-31,3.229867935180664
2006-09-01,6.711066246032715
2006-09-02,10.97294807434082
2006-09-03,11.005593299865723
2006-09-04,7.673748970031738
2006-09-05,5.99213171005249
2006-09-06,6.501530647277832
2006-09-07,7.86672306060791
2006-09-08,7.226481914520264
2006-09-09,6.018153667449951
2006-09-10,5.069872856140137
2006-09-11,4.301382541656494
2006-09-12,3.759255886077881
2006-09-13,4.132244110107422
2006-09-14,11.141424179077148
2006-09-15,30.047821044921875
2006-09-16,28.933975219726562
2006-09-17,16.91546058654785
2006-09-18,10.097860336303711
2006-09-19,7.449616432189941
2006-09-20,6.807437419891357
2006-09-21,6.458622455596924
2006-09-22,5.559532165527344
2006-09-23,4.874169826507568
2006-09-24,4.439604759216309
2006-09-25,4.4409308433532715
2006-09-26,4.770840167999268
2006-09-27,4.65061092376709
2006-09-28,4.308559894561768
2006-09-29,4.42735481262207
2006-09-30,4.720314979553223
2006-10-01,4.430321216583252
2006-10-02,4.046494483947754
2006-10-03,3.6967711448669434
2006-10-04,3.434828758239746
2006-10-05,3.2501771450042725
2006-10-06,3.865386962890625
2006-10-07,6.511569023132324
2006-10-08,8.753137588500977
2006-10-09,8.511765480041504
2006-10-10,7.213999271392822
2006-10-11,5.779712677001953
2006-10-12,4.947289943695068
2006-10-13,4.651802062988281
2006-10-14,4.4289631843566895
2006-10-15,4.110036849975586
2006-10-16,3.853466749191284
2006-10-17,4.285946846008301
2006-10-18,7.702670097351074
2006-10-19,12.210476875305176
2006-10-20,10.632299423217773
2006-10-21,8.777860641479492
2006-10-22,7.738142490386963
2006-10-23,7.0516252517700195
2006-10-24,6.660766124725342
2006-10-25,5.952548980712891
2006-10-26,5.378659248352051
2006-10-27,5.334381103515625
2006-10-28,8.051937103271484
2006-10-29,13.139920234680176
2006-10-30,13.164496421813965
2006-10-31,10.275928497314453
2006-11-01,8.144147872924805
2006-11-02,6.9762163162231445
2006-11-03,6.3205084800720215
2006-11-04,5.889883518218994
2006-11-05,5.56311559677124
2006-11-06,5.291410446166992
2006-11-07,6.060180187225342
2006-11-08,11.754939079284668
2006-11-09,20.295839309692383
2006-11-10,19.832733154296875
2006-11-11,14.60049057006836
2006-11-12,14.543817520141602
2006-11-13,21.868778228759766
2006-11-14,23.227842330932617
2006-11-15,16.798828125
2006-11-16,25.5191593170166
2006-11-17,53.703575134277344
2006-11-18,57.6737060546875
2006-11-19,35.02256393432617
2006-11-20,21.811206817626953
2006-11-21,17.757144927978516
2006-11-22,70.46833038330078
2006-11-23,148.3881072998047
2006-11-24,144.61016845703125
2006-11-25,75.60211944580078
2006-11-26,40.281471252441406
2006-11-27,26.695127487182617
2006-11-28,20.654922485351562
2006-11-29,17.41388702392578
2006-11-30,15.381728172302246
2006-12-01,14.780370712280273
2006-12-02,15.473983764648438
2006-12-03,14.986459732055664
2006-12-04,13.373348236083984
2006-12-05,12.186554908752441
2006-12-06,11.226053237915039
2006-12-07,10.563409805297852
2006-12-08,10.138578414916992
2006-12-09,9.769187927246094
2006-12-10,9.24975299835205
2006-12-11,8.968339920043945
2006-12-12,8.721755027770996
2006-12-13,8.547201156616211
2006-12-14,8.544290542602539
2006-12-15,8.585472106933594
2006-12-16,8.405874252319336
2006-12-17,8.225984573364258
2006-12-18,8.071413040161133
2006-12-19,7.926847457885742
2006-12-20,7.736828804016113
2006-12-21,7.552257061004639
2006-12-22,10.071224212646484
2006-12-23,21.158611297607422
2006-12-24,28.4989013671875
2006-12-25,31.06023406982422
2006-12-26,50.8531494140625
2006-12-27,57.0543327331543
2006-12-28,38.236602783203125
2006-12-29,25.171100616455078
2006-12-30,19.078420639038086
2006-12-31,16.10115623474121
2007-01-01,22.969478607177734
2007-01-02,54.6166877746582
2007-01-03,63.621334075927734
2007-01-04,40.039939880371094
2007-01-05,27.023670196533203
2007-01-06,26.032001495361328
2007-01-07,34.32914352416992
2007-01-08,60.45159912109375
2007-01-09,78.5751953125
2007-01-10,60.97459411621094
2007-01-11,38.93315887451172
2007-01-12,27.19850730895996
2007-01-13,21.67676544189453
2007-01-14,18.724807739257812
2007-01-15,16.75625991821289
2007-01-16,15.327969551086426
2007-01-17,14.496847152709961
2007-01-18,13.872669219970703
2007-01-19,13.374785423278809
2007-01-20,13.229398727416992
2007-01-21,12.863580703735352
2007-01-22,14.704690933227539
2007-01-23,18.890806198120117
2007-01-24,19.85283088684082
2007-01-25,17.382883071899414
2007-01-26,15.30156135559082
2007-01-27,13.813090324401855
2007-01-28,12.760804176330566
2007-01-29,12.182683944702148
2007-01-30,11.726371765136719
2007-01-31,11.134011268615723
2007-02-01,10.811853408813477
2007-02-02,11.01960563659668
2007-02-03,11.508617401123047
2007-02-04,11.425128936767578
2007-02-05,11.014284133911133
2007-02-06,10.67255687713623
2007-02-07,10.25640869140625
2007-02-08,9.884893417358398
2007-02-09,9.611589431762695
2007-02-10,9.420008659362793
2007-02-11,9.171858787536621
2007-02-12,8.966297149658203
2007-02-13,10.171876907348633
2007-02-14,31.556713104248047
2007-02-15,50.65205764770508
2007-02-16,42.606666564941406
2007-02-17,29.88768196105957
2007-02-18,22.61911964416504
2007-02-19,18.830646514892578
2007-02-20,16.46578025817871
2007-02-21,15.293492317199707
2007-02-22,14.590144157409668
2007-02-23,13.70568561553955
2007-02-24,12.631220817565918
2007-02-25,13.621844291687012
2007-02-26,19.49378776550293
2007-02-27,22.88280487060547
2007-02-28,19.470191955566406
2007-03-01,16.93169403076172
2007-03-02,41.97259521484375
2007-03-03,75.01296997070312
2007-03-04,65.49061584472656
2007-03-05,40.59608459472656
2007-03-06,27.48308563232422
2007-03-07,21.45334815979004
2007-03-08,18.00153160095215
2007-03-09,16.032936096191406
2007-03-10,14.604610443115234
2007-03-11,13.616188049316406
2007-03-12,13.009561538696289
2007-03-13,12.294129371643066
2007-03-14,11.712881088256836
2007-03-15,11.303323745727539
2007-03-16,20.843584060668945
2007-03-17,51.68212890625
2007-03-18,62.50027847290039
2007-03-19,40.91883850097656
2007-03-20,27.198949813842773
2007-03-21,21.116580963134766
2007-03-22,17.944419860839844
2007-03-23,15.776031494140625
2007-03-24,14.26921272277832
2007-03-25,13.120796203613281
2007-03-26,12.259759902954102
2007-03-27,11.649676322937012
2007-03-28,11.198949813842773
2007-03-29,11.295372009277344
2007-03-30,12.682657241821289
2007-03-31,13.62939739227295
2007-04-01,12.636012077331543
2007-04-02,11.987930297851562
2007-04-03,11.377630233764648
2007-04-04,10.68735122680664
2007-04-05,10.141854286193848
2007-04-06,9.649164199829102
2007-04-07,9.275303840637207
2007-04-08,9.09862232208252
2007-04-09,8.744396209716797
2007-04-10,8.369315147399902
2007-04-11,8.49411392211914
2007-04-12,15.26949405670166
2007-04-13,25.156585693359375
2007-04-14,23.271081924438477
2007-04-15,44.03403854370117
2007-04-16,108.9173583984375
2007-04-17,114.2314224243164
2007-04-18,63.87321472167969
2007-04-19,37.95889663696289
2007-04-20,26.66230010986328
2007-04-21,20.994062423706055
2007-04-22,17.550338745117188
2007-04-23,15.343118667602539
2007-04-24,13.791105270385742
2007-04-25,12.627349853515625
2007-04-26,11.708088874816895
2007-04-27,11.105159759521484
2007-04-28,11.036064147949219
2007-04-29,10.838022232055664
2007-04-30,10.07955551147461
2007-05-01,9.387073516845703
2007-05-02,8.848875999450684
2007-05-03,8.29288387298584
2007-05-04,7.924186706542969
2007-05-05,7.915591239929199
2007-05-06,8.153900146484375
2007-05-07,8.268348693847656
2007-05-08,7.801023960113525
2007-05-09,7.562045097351074
2007-05-10,7.594564437866211
2007-05-11,7.555794715881348
2007-05-12,7.334691047668457
2007-05-13,7.362622261047363
2007-05-14,7.37972354888916
2007-05-15,6.87220573425293
2007-05-16,6.448345184326172
2007-05-17,6.205634593963623
2007-05-18,6.220270156860352
2007-05-19,6.132473945617676
2007-05-20,5.778073310852051
2007-05-21,5.459097862243652
2007-05-22,5.163005352020264
2007-05-23,4.897501468658447
2007-05-24,4.723372936248779
2007-05-25,4.576207637786865
2007-05-26,4.396013259887695
2007-05-27,4.182114124298096
2007-05-28,3.9825446605682373
2007-05-29,3.7852160930633545
2007-05-30,3.632901906967163
2007-05-31,3.510113000869751
2007-06-01,3.4415245056152344
2007-06-02,3.387794256210327
2007-06-03,3.925180673599243
2007-06-04,6.449118137359619
2007-06-05,8.875646591186523
2007-06-06,7.412358283996582
2007-06-07,6.1347503662109375
2007-06-08,5.294921875
2007-06-09,4.557082176208496
2007-06-10,4.07248592376709
2007-06-11,3.886528968811035
2007-06-12,4.236159801483154
2007-06-13,4.751216411590576
2007-06-14,4.65740966796875
2007-06-15,4.383300304412842
2007-06-16,4.115593910217285
2007-06-17,3.982313394546509
2007-06-18,3.849073886871338
2007-06-19,3.5627079010009766
2007-06-20,3.359376907348633
2007-06-21,3.3834147453308105
2007-06-22,3.436814785003662
2007-06-23,3.293975353240967
2007-06-24,3.12674617767334
2007-06-25,2.9536681175231934
2007-06-26,3.0681800842285156
2007-06-27,3.385003089904785
2007-06-28,3.4924721717834473
2007-06-29,3.437899351119995
2007-06-30,3.3872151374816895
2007-07-01,3.4336118698120117
2007-07-02,3.3229639530181885
2007-07-03,2.9108543395996094
2007-07-04,2.6351702213287354
2007-07-05,2.53037166595459
2007-07-06,2.566115140914917
2007-07-07,2.7305374145507812
2007-07-08,2.778477907180786
2007-07-09,2.563018798828125
2007-07-10,2.550485849380493
2007-07-11,3.057570219039917
2007-07-12,3.671154499053955
2007-07-13,3.4662065505981445
2007-07-14,2.902010679244995
2007-07-15,2.5767805576324463
2007-07-16,2.381267547607422
2007-07-17,2.3895347118377686
2007-07-18,2.902101993560791
2007-07-19,3.6464450359344482
2007-07-20,3.540851354598999
2007-07-21,3.10166597366333
2007-07-22,2.740180015563965
2007-07-23,2.431270122528076
2007-07-24,2.412659168243408
2007-07-25,2.669766902923584
2007-07-26,3.005817174911499
2007-07-27,3.1301145553588867
2007-07-28,2.904265880584717
2007-07-29,2.721184015274048
2007-07-30,2.9751572608947754
2007-07-31,4.248805046081543
2007-08-01,4.8306427001953125
2007-08-02,3.6760494709014893
2007-08-03,2.796088695526123
2007-08-04,2.431920051574707
2007-08-05,2.277451992034912
2007-08-06,2.0795648097991943
2007-08-07,1.9089899063110352
2007-08-08,1.7573447227478027
2007-08-09,1.6236330270767212
2007-08-10,1.5108354091644287
2007-08-11,1.4481345415115356
2007-08-12,1.4285101890563965
2007-08-13,1.3931419849395752
2007-08-14,1.3426989316940308
2007-08-15,1.2809126377105713
2007-08-16,1.2271463871002197
2007-08-17,1.1995413303375244
2007-08-18,1.211159348487854
2007-08-19,1.2031724452972412
2007-08-20,1.1511881351470947
2007-08-21,1.1217373609542847
2007-08-22,1.1737433671951294
2007-08-23,1.3025171756744385
2007-08-24,1.3292239904403687
2007-08-25,1.2975282669067383
2007-08-26,1.2493525743484497
2007-08-27,1.210492730140686
2007-08-28,1.186539888381958
2007-08-29,1.1603840589523315
2007-08-30,1.1575713157653809
2007-08-31,1.2364743947982788
2007-09-01,1.2997528314590454
2007-09-02,1.2718174457550049
2007-09-03,1.2014135122299194
2007-09-04,1.1246981620788574
2007-09-05,1.0609177350997925
2007-09-06,1.0131796598434448
2007-09-07,0.97186279296875
2007-09-08,0.9385878443717957
2007-09-09,0.911540150642395
2007-09-10,0.8873909711837769
2007-09-11,0.8748741149902344
2007-09-12,0.8697115182876587
2007-09-13,0.855820894241333
2007-09-14,0.9289847016334534
2007-09-15,1.3232700824737549
2007-09-16,1.826809048652649
2007-09-17,1.6700947284698486
2007-09-18,1.3985803127288818
2007-09-19,1.2529834508895874
2007-09-20,1.188011884689331
2007-09-21,1.170163869857788
2007-09-22,1.1586103439331055
2007-09-23,1.1291199922561646
2007-09-24,1.0717674493789673
2007-09-25,1.00080144405365
2007-09-26,0.9603540897369385
2007-09-27,0.9285000562667847
2007-09-28,0.8948339819908142
2007-09-29,0.8600798845291138
2007-09-30,0.8384846448898315
2007-10-01,0.8320242762565613
2007-10-02,0.8278429508209229
2007-10-03,0.841804027557373
2007-10-04,0.8605324625968933
2007-10-05,0.8766498565673828
2007-10-06,0.8922093510627747
2007-10-07,0.8903973698616028
2007-10-08,0.8707396388053894
2007-10-09,0.8598110675811768
2007-10-10,0.8561803698539734
2007-10-11,0.8399054408073425
2007-10-12,0.8285921812057495
2007-10-13,0.8197073936462402
2007-10-14,0.8203461766242981
2007-10-15,0.8264591693878174
2007-10-16,0.8472433090209961
2007-10-17,0.8643638491630554
2007-10-18,0.8930922746658325
2007-10-19,0.9429571628570557
2007-10-20,1.1686763763427734
2007-10-21,1.4652173519134521
2007-10-22,1.4382747411727905
2007-10-23,1.3412349224090576
2007-10-24,1.4374886751174927
2007-10-25,2.5518369674682617
2007-10-26,11.131871223449707
2007-10-27,29.433034896850586
2007-10-28,26.502368927001953
2007-10-29,12.589435577392578
2007-10-30,6.526143550872803
2007-10-31,4.453700542449951
2007-11-01,3.6212759017944336
2007-11-02,3.1944825649261475
2007-11-03,2.873624324798584
2007-11-04,2.6822776794433594
2007-11-05,2.553389310836792
2007-11-06,2.4596939086914062
2007-11-07,2.3864986896514893
2007-11-08,2.347548484802246
2007-11-09,2.3292479515075684
2007-11-10,2.290670156478882
2007-11-11,2.273118019104004
2007-11-12,2.2796828746795654
2007-11-13,2.2655789852142334
2007-11-14,2.265136957168579
2007-11-15,2.349210262298584
2007-11-16,2.761810064315796
2007-11-17,3.1755056381225586
2007-11-18,3.090085029602051
2007-11-19,2.8872623443603516
2007-11-20,2.7147397994995117
2007-11-21,2.628814220428467
2007-11-22,2.5656042098999023
2007-11-23,2.5601744651794434
2007-11-24,2.6079416275024414
2007-11-25,2.5809173583984375
2007-11-26,2.5461432933807373
2007-11-27,2.5969343185424805
2007-11-28,2.7060046195983887
2007-11-29,2.7297167778015137
2007-11-30,2.694146156311035
2007-12-01,2.6064388751983643
2007-12-02,2.5866994857788086
2007-12-03,2.560694932937622
2007-12-04,2.5132570266723633
2007-12-05,2.4676833152770996
2007-12-06,2.4874298572540283
2007-12-07,2.4726994037628174
2007-12-08,2.4892239570617676
2007-12-09,2.52553129196167
2007-12-10,2.5167694091796875
2007-12-11,2.4831600189208984
2007-12-12,2.4669880867004395
2007-12-13,2.42366361618042
2007-12-14,2.417546510696411
2007-12-15,2.4327287673950195
2007-12-16,3.2055063247680664
2007-12-17,4.893856525421143
2007-12-18,5.352307319641113
2007-12-19,4.624006748199463
2007-12-20,4.092742919921875
2007-12-21,3.798518657684326
2007-12-22,3.7279813289642334
2007-12-23,3.8864893913269043
2007-12-24,4.220204830169678
2007-12-25,4.6731767654418945
2007-12-26,4.460515975952148
2007-12-27,4.8674421310424805
2007-12-28,5.4932756423950195
2007-12-29,5.921909809112549
2007-12-30,9.891988754272461
2007-12-31,21.923362731933594
2008-01-01,28.23250389099121
2008-01-02,19.780227661132812
2008-01-03,12.476394653320312
2008-01-04,8.85808277130127
2008-01-05,6.999120712280273
2008-01-06,6.032095909118652
2008-01-07,5.492048740386963
2008-01-08,5.14331579208374
2008-01-09,4.868300914764404
2008-01-10,4.659729957580566
2008-01-11,4.754117965698242
2008-01-12,5.135138511657715
2008-01-13,5.233304500579834
2008-01-14,4.878705978393555
2008-01-15,4.552689552307129
2008-01-16,4.351067543029785
2008-01-17,4.412206649780273
2008-01-18,5.79757833480835
2008-01-19,7.913643836975098
2008-01-20,8.552370071411133
2008-01-21,8.072306632995605
2008-01-22,6.961325168609619
2008-01-23,6.473313331604004
2008-01-24,6.318681716918945
2008-01-25,5.9567437171936035
2008-01-26,5.539672374725342
2008-01-27,5.192625045776367
2008-01-28,4.970948219299316
2008-01-29,4.825033664703369
2008-01-30,5.0009684562683105
2008-01-31,5.358030319213867
2008-02-01,8.674907684326172
2008-02-02,18.889862060546875
2008-02-03,23.64447021484375
2008-02-04,17.209806442260742
2008-02-05,13.966644287109375
2008-02-06,13.359516143798828
2008-02-07,11.477916717529297
2008-02-08,9.533254623413086
2008-02-09,8.060356140136719
2008-02-10,7.083220481872559
2008-02-11,6.40679931640625
2008-02-12,6.023609161376953
2008-02-13,6.602914810180664
2008-02-14,9.41270637512207
2008-02-15,11.703125
2008-02-16,10.778337478637695
2008-02-17,9.234284400939941
2008-02-18,8.236919403076172
2008-02-19,7.7965312004089355
2008-02-20,7.267541885375977
2008-02-21,6.659182548522949
2008-02-22,6.2600603103637695
2008-02-23,6.208649635314941
2008-02-24,6.362798690795898
2008-02-25,6.413541793823242
2008-02-26,6.741903305053711
2008-02-27,8.275747299194336
2008-02-28,9.462509155273438
2008-02-29,8.578218460083008
2008-03-01,7.506386756896973
2008-03-02,6.786920547485352
2008-03-03,6.299652576446533
2008-03-04,6.682361125946045
2008-03-05,20.507816314697266
2008-03-06,33.59615707397461
2008-03-07,30.279573440551758
2008-03-08,32.503902435302734
2008-03-09,35.187164306640625
2008-03-10,25.695720672607422
2008-03-11,17.688785552978516
2008-03-12,13.560632705688477
2008-03-13,11.255285263061523
2008-03-14,9.854933738708496
2008-03-15,10.0607328414917
2008-03-16,12.805142402648926
2008-03-17,14.842936515808105
2008-03-18,13.255487442016602
2008-03-19,11.533687591552734
2008-03-20,12.218755722045898
2008-03-21,13.096176147460938
2008-03-22,11.52904987335205
2008-03-23,9.938888549804688
2008-03-24,9.039329528808594
2008-03-25,8.860367774963379
2008-03-26,8.556724548339844
2008-03-27,7.989584922790527
2008-03-28,7.470536231994629
2008-03-29,7.192431449890137
2008-03-30,7.862760066986084
2008-03-31,10.778640747070312
2008-04-01,19.205350875854492
2008-04-02,25.759376525878906
2008-04-03,23.933349609375
2008-04-04,23.215810775756836
2008-04-05,42.80831527709961
2008-04-06,82.48216247558594
2008-04-07,93.39157104492188
2008-04-08,60.520904541015625
2008-04-09,35.90348815917969
2008-04-10,23.913976669311523
2008-04-11,18.122224807739258
2008-04-12,15.047607421875
2008-04-13,13.521995544433594
2008-04-14,12.47048568725586
2008-04-15,11.34326171875
2008-04-16,10.356391906738281
2008-04-17,9.467053413391113
2008-04-18,8.944219589233398
2008-04-19,8.576093673706055
2008-04-20,9.17719841003418
2008-04-21,12.314444541931152
2008-04-22,15.589764595031738
2008-04-23,14.693915367126465
2008-04-24,12.427990913391113
2008-04-25,10.504217147827148
2008-04-26,9.29847240447998
2008-04-27,9.106348037719727
2008-04-28,17.932641983032227
2008-04-29,38.16993713378906
2008-04-30,41.539161682128906
2008-05-01,27.327552795410156
2008-05-02,18.827594757080078
2008-05-03,14.407855033874512
2008-05-04,11.882904052734375
2008-05-05,10.389917373657227
2008-05-06,9.289525985717773
2008-05-07,8.425360679626465
2008-05-08,7.812402725219727
2008-05-09,8.976117134094238
2008-05-10,14.543319702148438
2008-05-11,16.349409103393555
2008-05-12,14.50266170501709
2008-05-13,14.033193588256836
2008-05-14,11.682337760925293
2008-05-15,9.730354309082031
2008-05-16,9.050643920898438
2008-05-17,9.364176750183105
2008-05-18,9.300463676452637
2008-05-19,9.003522872924805
2008-05-20,8.900785446166992
2008-05-21,8.339393615722656
2008-05-22,7.656047821044922
2008-05-23,6.839838027954102
2008-05-24,6.249173164367676
2008-05-25,5.986754894256592
2008-05-26,5.702433109283447
2008-05-27,5.380599021911621
2008-05-28,5.233456611633301
2008-05-29,5.4204511642456055
2008-05-30,5.459271430969238
2008-05-31,5.200193881988525
2008-06-01,5.459052085876465
2008-06-02,5.749166488647461
2008-06-03,5.268036365509033
2008-06-04,4.733618259429932
2008-06-05,4.310450077056885
2008-06-06,3.8694653511047363
2008-06-07,3.521824836730957
2008-06-08,3.2214033603668213
2008-06-09,2.981884479522705
2008-06-10,2.8003435134887695
2008-06-11,2.6465036869049072
2008-06-12,2.5404255390167236
2008-06-13,2.5891060829162598
2008-06-14,2.7202250957489014
2008-06-15,2.7264366149902344
2008-06-16,2.7401907444000244
2008-06-17,2.647710084915161
2008-06-18,2.454789638519287
2008-06-19,2.2731056213378906
2008-06-20,2.148737668991089
2008-06-21,2.06837797164917
2008-06-22,2.2071471214294434
2008-06-23,3.6411938667297363
2008-06-24,5.436723232269287
2008-06-25,5.4313883781433105
2008-06-26,4.158846855163574
2008-06-27,3.3307297229766846
2008-06-28,2.9727492332458496
2008-06-29,2.854158639907837
2008-06-30,3.917224645614624
2008-07-01,5.8667097091674805
2008-07-02,6.107378005981445
2008-07-03,4.663046360015869
2008-07-04,3.6262638568878174
2008-07-05,3.892209768295288
2008-07-06,6.392251491546631
2008-07-07,8.59487533569336
2008-07-08,8.16954231262207
2008-07-09,6.815506458282471
2008-07-10,6.888334274291992
2008-07-11,6.974260330200195
2008-07-12,5.694629669189453
2008-07-13,4.388143062591553
2008-07-14,3.7852582931518555
2008-07-15,3.7056572437286377
2008-07-16,3.534247398376465
2008-07-17,3.0489859580993652
2008-07-18,2.6165003776550293
2008-07-19,2.3026840686798096
2008-07-20,2.126035213470459
2008-07-21,2.0233075618743896
2008-07-22,1.9175950288772583
2008-07-23,1.9716929197311401
2008-07-24,2.3864123821258545
2008-07-25,2.7617599964141846
2008-07-26,2.5507469177246094
2008-07-27,2.317469596862793
2008-07-28,2.1763534545898438
2008-07-29,2.008985757827759
2008-07-30,1.858250617980957
2008-07-31,1.9204916954040527
2008-08-01,2.382638454437256
2008-08-02,2.849513292312622
2008-08-03,2.77708101272583
2008-08-04,2.509800910949707
2008-08-05,2.095097064971924
2008-08-06,1.7974036931991577
2008-08-07,1.6251842975616455
2008-08-08,1.5042332410812378
2008-08-09,1.4056181907653809
2008-08-10,1.342067003250122
2008-08-11,1.360896348953247
2008-08-12,1.3614461421966553
2008-08-13,1.3208180665969849
2008-08-14,1.3857011795043945
2008-08-15,1.5281726121902466
2008-08-16,1.5272043943405151
2008-08-17,1.4500635862350464
2008-08-18,1.365315318107605
2008-08-19,1.2839363813400269
2008-08-20,1.2050598859786987
2008-08-21,1.1569743156433105
2008-08-22,1.141042947769165
2008-08-23,1.113099455833435
2008-08-24,1.0581518411636353
2008-08-25,1.0312411785125732
2008-08-26,1.1319825649261475
2008-08-27,10.07844066619873
2008-08-28,47.38453674316406
2008-08-29,67.57347106933594
2008-08-30,38.65917205810547
2008-08-31,18.757320404052734
2008-09-01,11.43603515625
2008-09-02,7.756046295166016
2008-09-03,5.60181999206543
2008-09-04,4.432129859924316
2008-09-05,4.170722484588623
2008-09-06,30.832189559936523
2008-09-07,48.278953552246094
2008-09-08,35.7891731262207
2008-09-09,17.32653045654297
2008-09-10,10.362560272216797
2008-09-11,8.869573593139648
2008-09-12,8.288379669189453
2008-09-13,7.1238179206848145
2008-09-14,5.827092170715332
2008-09-15,4.836737632751465
2008-09-16,5.948304176330566
2008-09-17,12.31563949584961
2008-09-18,15.31759262084961
2008-09-19,11.024431228637695
2008-09-20,7.612212657928467
2008-09-21,5.771407127380371
2008-09-22,4.765698432922363
2008-09-23,4.147958278656006
2008-09-24,3.727694034576416
2008-09-25,3.490765333175659
2008-09-26,4.8243408203125
2008-09-27,10.597770690917969
2008-09-28,16.50131607055664
2008-09-29,15.936105728149414
2008-09-30,11.196551322937012
2008-10-01,8.7454833984375
2008-10-02,8.677080154418945
2008-10-03,8.013191223144531
2008-10-04,6.551215171813965
2008-10-05,5.497836112976074
2008-10-06,4.799549579620361
2008-10-07,4.3458333015441895
2008-10-08,4.077075481414795
2008-10-09,3.936143398284912
2008-10-10,3.937357187271118
2008-10-11,3.872757911682129
2008-10-12,3.6766109466552734
2008-10-13,3.451225757598877
2008-10-14,3.2699270248413086
2008-10-15,3.179490089416504
2008-10-16,3.060699462890625
2008-10-17,3.012666702270508
2008-10-18,3.3525631427764893
2008-10-19,3.7901976108551025
2008-10-20,3.8127522468566895
2008-10-21,3.5735955238342285
2008-10-22,3.3467671871185303
2008-10-23,3.1898200511932373
2008-10-24,3.116554021835327
2008-10-25,3.2836501598358154
2008-10-26,4.019981861114502
2008-10-27,4.841463088989258
2008-10-28,4.5583295822143555
2008-10-29,4.059056758880615
2008-10-30,3.706921100616455
2008-10-31,3.497979164123535
2008-11-01,3.4140515327453613
2008-11-02,3.401137351989746
2008-11-03,3.298854351043701
2008-11-04,3.364553689956665
2008-11-05,4.092403888702393
2008-11-06,5.190618991851807
2008-11-07,5.342383861541748
2008-11-08,4.814942836761475
2008-11-09,4.350300312042236
2008-11-10,4.094759464263916
2008-11-11,3.8961706161499023
2008-11-12,3.7691409587860107
2008-11-13,3.7785115242004395
2008-11-14,4.6141743659973145
2008-11-15,7.45756196975708
2008-11-16,12.126203536987305
2008-11-17,13.459270477294922
2008-11-18,10.018043518066406
2008-11-19,7.576660633087158
2008-11-20,6.359180927276611
2008-11-21,5.64915657043457
2008-11-22,5.365833759307861
2008-11-23,5.136667251586914
2008-11-24,4.876112937927246
2008-11-25,4.948468208312988
2008-11-26,5.307197570800781
2008-11-27,5.4385199546813965
2008-11-28,5.240420818328857
2008-11-29,5.052368640899658
2008-11-30,7.537125110626221
2008-12-01,17.838607788085938
2008-12-02,23.747085571289062
2008-12-03,18.077659606933594
2008-12-04,12.69445514678955
2008-12-05,9.907001495361328
2008-12-06,8.399385452270508
2008-12-07,7.487884521484375
2008-12-08,6.876282215118408
2008-12-09,6.408105850219727
2008-12-10,6.206031799316406
2008-12-11,20.236907958984375
2008-12-12,77.90592193603516
2008-12-13,96.03509521484375
2008-12-14,54.464027404785156
2008-12-15,29.755247116088867
2008-12-16,19.61642837524414
2008-12-17,15.998309135437012
2008-12-18,15.479715347290039
2008-12-19,14.408546447753906
2008-12-20,13.779481887817383
2008-12-21,20.18764305114746
2008-12-22,26.899677276611328
2008-12-23,24.911205291748047
2008-12-24,19.048301696777344
2008-12-25,17.52332878112793
2008-12-26,18.837135314941406
2008-12-27,18.200115203857422
2008-12-28,15.73049259185791
2008-12-29,13.969465255737305
2008-12-30,12.607377052307129
2008-12-31,11.268919944763184
2009-01-01,10.23814868927002
2009-01-02,9.636141777038574
2009-01-03,9.394818305969238
2009-01-04,9.564270973205566
2009-01-05,10.689665794372559
2009-01-06,23.06733512878418
2009-01-07,74.1423110961914
2009-01-08,100.2279052734375
2009-01-09,65.60994720458984
2009-01-10,37.70427703857422
2009-01-11,24.839561462402344
2009-01-12,18.987667083740234
2009-01-13,15.714750289916992
2009-01-14,13.63237476348877
2009-01-15,12.358488082885742
2009-01-16,11.407261848449707
2009-01-17,10.425249099731445
2009-01-18,9.705758094787598
2009-01-19,9.342240333557129
2009-01-20,8.982439994812012
2009-01-21,8.813872337341309
2009-01-22,8.534626007080078
2009-01-23,8.227766036987305
2009-01-24,8.045111656188965
2009-01-25,7.859738349914551
2009-01-26,7.637860298156738
2009-01-27,7.616832733154297
2009-01-28,9.755258560180664
2009-01-29,14.540409088134766
2009-01-30,16.460376739501953
2009-01-31,14.091548919677734
2009-02-01,12.097359657287598
2009-02-02,10.817631721496582
2009-02-03,10.585871696472168
2009-02-04,11.30845832824707
2009-02-05,11.298452377319336
2009-02-06,10.313531875610352
2009-02-07,9.508917808532715
2009-02-08,9.197943687438965
2009-02-09,8.954809188842773
2009-02-10,8.635330200195312
2009-02-11,8.351454734802246
2009-02-12,8.168439865112305
2009-02-13,8.075289726257324
2009-02-14,7.900887966156006
2009-02-15,7.655130386352539
2009-02-16,7.452282428741455
2009-02-17,7.387399196624756
2009-02-18,7.976194381713867
2009-02-19,10.406248092651367
2009-02-20,12.350440979003906
2009-02-21,11.444844245910645
2009-02-22,10.18721866607666
2009-02-23,9.415563583374023
2009-02-24,8.951207160949707
2009-02-25,8.509574890136719
2009-02-26,8.079463005065918
2009-02-27,7.890222549438477
2009-02-28,8.129328727722168
2009-03-01,17.17556381225586
2009-03-02,43.08686065673828
2009-03-03,55.30675506591797
2009-03-04,39.46697235107422
2009-03-05,32.488040924072266
2009-03-06,31.74605369567871
2009-03-07,32.05534362792969
2009-03-08,29.773353576660156
2009-03-09,25.262556076049805
2009-03-10,20.688304901123047
2009-03-11,17.127901077270508
2009-03-12,14.730432510375977
2009-03-13,12.999312400817871
2009-03-14,14.88815975189209
2009-03-15,38.80571746826172
2009-03-16,70.68207550048828
2009-03-17,77.02417755126953
2009-03-18,58.78202438354492
2009-03-19,39.00156784057617
2009-03-20,28.594104766845703
2009-03-21,22.841495513916016
2009-03-22,18.50151252746582
2009-03-23,15.765311241149902
2009-03-24,14.325603485107422
2009-03-25,13.11887264251709
2009-03-26,13.069518089294434
2009-03-27,17.273977279663086
2009-03-28,28.315608978271484
2009-03-29,46.267295837402344
2009-03-30,50.81406784057617
2009-03-31,37.46657180786133
2009-04-01,26.513851165771484
2009-04-02,22.097400665283203
2009-04-03,23.442516326904297
2009-04-04,26.280216217041016
2009-04-05,23.863801956176758
2009-04-06,20.168148040771484
2009-04-07,19.204849243164062
2009-04-08,18.36893081665039
2009-04-09,16.273601531982422
2009-04-10,15.472126960754395
2009-04-11,18.460559844970703
2009-04-12,25.55780792236328
2009-04-13,25.325557708740234
2009-04-14,20.947561264038086
2009-04-15,20.282325744628906
2009-04-16,20.786062240600586
2009-04-17,18.104782104492188
2009-04-18,15.44577407836914
2009-04-19,13.795909881591797
2009-04-20,13.491632461547852
2009-04-21,14.873799324035645
2009-04-22,15.738847732543945
2009-04-23,14.133895874023438
2009-04-24,12.528806686401367
2009-04-25,11.434619903564453
2009-04-26,10.59019660949707
2009-04-27,9.799415588378906
2009-04-28,9.114542961120605
2009-04-29,8.553703308105469
2009-04-30,8.114654541015625
2009-05-01,7.890069961547852
2009-05-02,7.713057041168213
2009-05-03,7.474085330963135
2009-05-04,7.330016136169434
2009-05-05,9.089832305908203
2009-05-06,18.96359634399414
2009-05-07,31.566354751586914
2009-05-08,26.57514762878418
2009-05-09,19.54871368408203
2009-05-10,16.87350082397461
2009-05-11,14.912306785583496
2009-05-12,13.552809715270996
2009-05-13,13.009668350219727
2009-05-14,11.114945411682129
2009-05-15,9.861322402954102
2009-05-16,9.557233810424805
2009-05-17,9.667323112487793
2009-05-18,9.686583518981934
2009-05-19,10.069876670837402
2009-05-20,9.276442527770996
2009-05-21,8.310880661010742
2009-05-22,7.501603603363037
2009-05-23,6.893780708312988
2009-05-24,6.438962936401367
2009-05-25,6.209124565124512
2009-05-26,6.377935886383057
2009-05-27,6.939136981964111
2009-05-28,7.266854286193848
2009-05-29,7.638950347900391
2009-05-30,8.360530853271484
2009-05-31,8.146074295043945
2009-06-01,7.3142266273498535
2009-06-02,6.578893184661865
2009-06-03,6.361490249633789
2009-06-04,9.663617134094238
2009-06-05,38.19908142089844
2009-06-06,71.08726501464844
2009-06-07,65.83374786376953
2009-06-08,35.90024185180664
2009-06-09,21.011005401611328
2009-06-10,16.520931243896484
2009-06-11,17.936704635620117
2009-06-12,19.58823013305664
2009-06-13,18.369304656982422
2009-06-14,14.700614929199219
2009-06-15,12.371604919433594
2009-06-16,16.54338264465332
2009-06-17,31.140613555908203
2009-06-18,37.92482376098633
2009-06-19,28.286636352539062
2009-06-20,18.941131591796875
2009-06-21,13.598183631896973
2009-06-22,10.519792556762695
2009-06-23,8.656545639038086
2009-06-24,7.441369533538818
2009-06-25,6.604197025299072
2009-06-26,6.075145721435547
2009-06-27,5.843485355377197
2009-06-28,5.863367557525635
2009-06-29,5.657352447509766
2009-06-30,5.191444396972656
2009-07-01,4.741911888122559
2009-07-02,4.398626804351807
2009-07-03,4.11851692199707
2009-07-04,3.9219281673431396
2009-07-05,3.845515727996826
2009-07-06,3.9298360347747803
2009-07-07,4.023097991943359
2009-07-08,3.876983642578125
2009-07-09,3.5844929218292236
2009-07-10,3.384972333908081
2009-07-11,3.29636812210083
2009-07-12,3.2995781898498535
2009-07-13,3.4079055786132812
2009-07-14,3.5902419090270996
2009-07-15,3.55507230758667
2009-07-16,3.2460460662841797
2009-07-17,3.0442276000976562
2009-07-18,2.9687654972076416
2009-07-19,2.903672695159912
2009-07-20,2.784547805786133
2009-07-21,2.8137521743774414
2009-07-22,2.864285469055176
2009-07-23,2.7610628604888916
2009-07-24,2.681527614593506
2009-07-25,2.615077495574951
2009-07-26,2.4631309509277344
2009-07-27,2.3597519397735596
2009-07-28,2.5133278369903564
2009-07-29,2.8963723182678223
2009-07-30,3.148315906524658
2009-07-31,3.297602653503418
2009-08-01,3.309131145477295
2009-08-02,3.2116823196411133
2009-08-03,3.222020149230957
2009-08-04,3.215482473373413
2009-08-05,2.9066267013549805
2009-08-06,2.7136754989624023
2009-08-07,2.7864513397216797
2009-08-08,2.7458395957946777
2009-08-09,2.5002593994140625
2009-08-10,2.2637953758239746
2009-08-11,2.1029458045959473
2009-08-12,2.0676963329315186
2009-08-13,2.1365466117858887
2009-08-14,2.134277582168579
2009-08-15,2.0128183364868164
2009-08-16,1.8981105089187622
2009-08-17,1.8457629680633545
2009-08-18,1.83089017868042
2009-08-19,1.7881964445114136
2009-08-20,1.7601356506347656
2009-08-21,1.8573498725891113
2009-08-22,2.121157646179199
2009-08-23,2.7272682189941406
2009-08-24,3.2805421352386475
2009-08-25,2.9587693214416504
2009-08-26,2.5144495964050293
2009-08-27,2.189481496810913
2009-08-28,2.024465322494507
2009-08-29,2.107893466949463
2009-08-30,2.343539237976074
2009-08-31,2.414625644683838
2009-09-01,2.5343079566955566
2009-09-02,2.7184700965881348
2009-09-03,2.474215507507324
2009-09-04,2.174633264541626
2009-09-05,1.9679263830184937
2009-09-06,1.8186976909637451
2009-09-07,1.718717098236084
2009-09-08,1.6732838153839111
2009-09-09,1.6420650482177734
2009-09-10,1.623969316482544
2009-09-11,1.6046372652053833
2009-09-12,1.5521749258041382
2009-09-13,1.485327959060669
2009-09-14,1.42343008518219
2009-09-15,1.3752915859222412
2009-09-16,1.3756707906723022
2009-09-17,1.5596131086349487
2009-09-18,2.0419745445251465
2009-09-19,2.5523111820220947
2009-09-20,2.5011258125305176
2009-09-21,2.248264789581299
2009-09-22,2.11133074760437
2009-09-23,2.4243524074554443
2009-09-24,3.2173988819122314
2009-09-25,3.509204864501953
2009-09-26,3.220700263977051
2009-09-27,4.109905242919922
2009-09-28,7.241199970245361
2009-09-29,8.365968704223633
2009-09-30,6.342742919921875
2009-10-01,4.453876495361328
2009-10-02,3.449993848800659
2009-10-03,2.9418351650238037
2009-10-04,2.608027935028076
2009-10-05,2.421210289001465
2009-10-06,2.449596405029297
2009-10-07,2.5641674995422363
2009-10-08,2.517299175262451
2009-10-09,2.3695077896118164
2009-10-10,2.298187017440796
2009-10-11,2.445112705230713
2009-10-12,2.750446081161499
2009-10-13,2.997394561767578
2009-10-14,3.2567942142486572
2009-10-15,3.334538221359253
2009-10-16,3.510740041732788
2009-10-17,3.4585909843444824
2009-10-18,3.1947686672210693
2009-10-19,2.943317174911499
2009-10-20,2.741201877593994
2009-10-21,2.628744602203369
2009-10-22,2.5359983444213867
2009-10-23,2.4414165019989014
2009-10-24,2.4151644706726074
2009-10-25,2.5794711112976074
2009-10-26,2.7938849925994873
2009-10-27,2.9613354206085205
2009-10-28,4.930069923400879
2009-10-29,8.784079551696777
2009-10-30,8.866273880004883
2009-10-31,6.522909641265869
2009-11-01,8.770255088806152
2009-11-02,21.070077896118164
2009-11-03,28.248584747314453
2009-11-04,17.57252311706543
2009-11-05,10.59320068359375
2009-11-06,7.613155841827393
2009-11-07,6.2117085456848145
2009-11-08,5.505809783935547
2009-11-09,5.104597091674805
2009-11-10,5.291391372680664
2009-11-11,44.91815948486328
2009-11-12,174.40325927734375
2009-11-13,260.1189270019531
2009-11-14,177.94398498535156
2009-11-15,85.59922790527344
2009-11-16,42.5236930847168
2009-11-17,26.83182716369629
2009-11-18,20.205400466918945
2009-11-19,17.166255950927734
2009-11-20,16.27385902404785
2009-11-21,15.339669227600098
2009-11-22,13.576944351196289
2009-11-23,18.66278076171875
2009-11-24,37.53372573852539
2009-11-25,44.03169250488281
2009-11-26,32.51296615600586
2009-11-27,26.03512191772461
2009-11-28,23.510772705078125
2009-11-29,20.44306182861328
2009-11-30,17.135334014892578
2009-12-01,15.313959121704102
2009-12-02,20.937355041503906
2009-12-03,60.41846466064453
2009-12-04,73.61688232421875
2009-12-05,51.707916259765625
2009-12-06,41.59130859375
2009-12-07,35.74459457397461
2009-12-08,28.886655807495117
2009-12-09,60.137779235839844
2009-12-10,93.27284240722656
2009-12-11,81.3560562133789
2009-12-12,48.98938751220703
2009-12-13,35.809043884277344
2009-12-14,41.261322021484375
2009-12-15,44.35747528076172
2009-12-16,34.18048095703125
2009-12-17,26.278226852416992
2009-12-18,21.663890838623047
2009-12-19,22.292491912841797
2009-12-20,30.250844955444336
2009-12-21,33.03568649291992
2009-12-22,28.579627990722656
2009-12-23,23.914817810058594
2009-12-24,21.163169860839844
2009-12-25,43.69831848144531
2009-12-26,99.6810531616211
2009-12-27,110.01454162597656
2009-12-28,65.52666473388672
2009-12-29,41.823516845703125
2009-12-30,30.470947265625
2009-12-31,24.53980827331543
2010-01-01,22.76544189453125
2010-01-02,22.352285385131836
2010-01-03,20.197162628173828
2010-01-04,18.04507064819336
2010-01-05,16.38177490234375
2010-01-06,15.134268760681152
2010-01-07,14.150527954101562
2010-01-08,13.431267738342285
2010-01-09,13.097797393798828
2010-01-10,12.593201637268066
2010-01-11,11.982918739318848
2010-01-12,11.49825668334961
2010-01-13,11.198369979858398
2010-01-14,10.910358428955078
2010-01-15,10.759720802307129
2010-01-16,10.779850959777832
2010-01-17,19.150428771972656
2010-01-18,46.086265563964844
2010-01-19,57.25591278076172
2010-01-20,39.52804946899414
2010-01-21,29.71502113342285
2010-01-22,32.64686965942383
2010-01-23,39.892494201660156
2010-01-24,36.10276412963867
2010-01-25,74.50867462158203
2010-01-26,162.02601623535156
2010-01-27,135.79086303710938
2010-01-28,73.89336395263672
2010-01-29,44.044891357421875
2010-01-30,32.920475006103516
2010-01-31,30.280553817749023
2010-02-01,30.15114974975586
2010-02-02,28.591135025024414
2010-02-03,34.83086395263672
2010-02-04,43.12105941772461
2010-02-05,66.69695281982422
2010-02-06,137.5692596435547
2010-02-07,163.6589813232422
2010-02-08,107.2591781616211
2010-02-09,69.34510040283203
2010-02-10,52.52721405029297
2010-02-11,44.31953811645508
2010-02-12,36.17539596557617
2010-02-13,30.951221466064453
2010-02-14,28.43712615966797
2010-02-15,27.018829345703125
2010-02-16,27.239974975585938
2010-02-17,26.37008285522461
2010-02-18,23.512714385986328
2010-02-19,21.47304344177246
2010-02-20,20.269073486328125
2010-02-21,19.047780990600586
2010-02-22,19.087047576904297
2010-02-23,22.318693161010742
2010-02-24,24.85104751586914
2010-02-25,26.085487365722656
2010-02-26,25.854799270629883
2010-02-27,22.49905014038086
2010-02-28,20.044536590576172
2010-03-01,18.47466468811035
2010-03-02,17.72642707824707
2010-03-03,19.804859161376953
2010-03-04,22.30766487121582
2010-03-05,21.284442901611328
2010-03-06,19.2146053314209
2010-03-07,17.4969425201416
2010-03-08,16.31612205505371
2010-03-09,15.650213241577148
2010-03-10,15.167743682861328
2010-03-11,15.37729263305664
2010-03-12,16.08717155456543
2010-03-13,24.95497703552246
2010-03-14,44.25493240356445
2010-03-15,50.4239616394043
2010-03-16,38.96384811401367
2010-03-17,28.66184425354004
2010-03-18,23.189529418945312
2010-03-19,20.23949432373047
2010-03-20,18.291383743286133
2010-03-21,17.011634826660156
2010-03-22,16.350875854492188
2010-03-23,15.945974349975586
2010-03-24,15.425893783569336
2010-03-25,14.67997932434082
2010-03-26,14.476531028747559
2010-03-27,14.760717391967773
2010-03-28,16.017253875732422
2010-03-29,49.42228698730469
2010-03-30,126.02873229980469
2010-03-31,102.62577056884766
2010-04-01,58.185325622558594
2010-04-02,37.559043884277344
2010-04-03,28.48786735534668
2010-04-04,23.391626358032227
2010-04-05,20.35578155517578
2010-04-06,18.474613189697266
2010-04-07,17.23688507080078
2010-04-08,16.359668731689453
2010-04-09,18.17428970336914
2010-04-10,25.71483612060547
2010-04-11,23.673933029174805
2010-04-12,19.28493881225586
2010-04-13,16.741426467895508
2010-04-14,15.211691856384277
2010-04-15,14.199426651000977
2010-04-16,13.449853897094727
2010-04-17,12.826313972473145
2010-04-18,12.158025741577148
2010-04-19,11.543153762817383
2010-04-20,11.07225227355957
2010-04-21,11.20471477508545
2010-04-22,11.876349449157715
2010-04-23,12.000380516052246
2010-04-24,11.373197555541992
2010-04-25,11.255106925964355
2010-04-26,11.865900993347168
2010-04-27,12.197761535644531
2010-04-28,11.219423294067383
2010-04-29,10.269121170043945
2010-04-30,9.598435401916504
2010-05-01,9.203437805175781
2010-05-02,8.8320951461792
2010-05-03,8.439080238342285
2010-05-04,8.1878023147583
2010-05-05,8.141878128051758
2010-05-06,7.841053485870361
2010-05-07,7.596208095550537
2010-05-08,7.316654682159424
2010-05-09,6.889157295227051
2010-05-10,6.45191764831543
2010-05-11,6.215002536773682
2010-05-12,6.244930744171143
2010-05-13,6.234854221343994
2010-05-14,6.065359592437744
2010-05-15,6.027159690856934
2010-05-16,6.9338836669921875
2010-05-17,23.913755416870117
2010-05-18,54.8966064453125
2010-05-19,56.1259765625
2010-05-20,34.10421371459961
2010-05-21,21.44219207763672
2010-05-22,15.559554100036621
2010-05-23,14.438878059387207
2010-05-24,15.447074890136719
2010-05-25,15.047248840332031
2010-05-26,13.24714183807373
2010-05-27,11.345357894897461
2010-05-28,10.029623031616211
2010-05-29,13.744521141052246
2010-05-30,22.227909088134766
2010-05-31,23.19194221496582
2010-06-01,17.70737075805664
2010-06-02,16.969173431396484
2010-06-03,16.9580020904541
2010-06-04,14.778553009033203
2010-06-05,11.82125473022461
2010-06-06,9.806432723999023
2010-06-07,8.632009506225586
2010-06-08,7.906478404998779
2010-06-09,7.1919450759887695
2010-06-10,6.664778709411621
2010-06-11,6.32542085647583
2010-06-12,6.104576110839844
2010-06-13,6.988228797912598
2010-06-14,9.327421188354492
2010-06-15,10.766538619995117
2010-06-16,11.162092208862305
2010-06-17,13.854217529296875
2010-06-18,15.062756538391113
2010-06-19,11.421651840209961
2010-06-20,8.540213584899902
2010-06-21,6.973986625671387
2010-06-22,5.995114326477051
2010-06-23,5.384822368621826
2010-06-24,5.076157569885254
2010-06-25,4.899287223815918
2010-06-26,4.593842029571533
2010-06-27,4.360208511352539
2010-06-28,4.076344966888428
2010-06-29,3.868133068084717
2010-06-30,3.751798152923584
2010-07-01,3.6693732738494873
2010-07-02,3.4978365898132324
2010-07-03,3.2928357124328613
2010-07-04,3.1362805366516113
2010-07-05,3.0248095989227295
2010-07-06,2.9013900756835938
2010-07-07,2.7773208618164062
2010-07-08,2.676973819732666
2010-07-09,2.7218658924102783
2010-07-10,3.0189311504364014
2010-07-11,3.3739073276519775
2010-07-12,3.3707146644592285
2010-07-13,3.3479485511779785
2010-07-14,5.445460796356201
2010-07-15,10.892805099487305
2010-07-16,11.20959186553955
2010-07-17,8.881977081298828
2010-07-18,12.271458625793457
2010-07-19,16.895017623901367
2010-07-20,13.174205780029297
2010-07-21,9.928821563720703
2010-07-22,8.051346778869629
2010-07-23,6.258218765258789
2010-07-24,5.013911247253418
2010-07-25,4.259415626525879
2010-07-26,3.7556304931640625
2010-07-27,4.205792427062988
2010-07-28,6.2711005210876465
2010-07-29,6.980587482452393
2010-07-30,5.786995887756348
2010-07-31,4.841753959655762
2010-08-01,4.404366970062256
2010-08-02,4.454748630523682
2010-08-03,4.378579616546631
2010-08-04,3.9737579822540283
2010-08-05,3.919419288635254
2010-08-06,4.796718120574951
2010-08-07,5.460585594177246
2010-08-08,4.708620071411133
2010-08-09,3.866396188735962
2010-08-10,3.4927289485931396
2010-08-11,3.6170144081115723
2010-08-12,4.3292388916015625
2010-08-13,6.2462544441223145
2010-08-14,7.434216499328613
2010-08-15,5.689079284667969
2010-08-16,4.477628231048584
2010-08-17,4.026027679443359
2010-08-18,5.234798908233643
2010-08-19,8.064724922180176
2010-08-20,9.743865013122559
2010-08-21,8.534713745117188
2010-08-22,6.192598819732666
2010-08-23,4.722871780395508
2010-08-24,4.080739498138428
2010-08-25,3.8554420471191406
2010-08-26,3.6699700355529785
2010-08-27,3.3605055809020996
2010-08-28,3.0548858642578125
2010-08-29,2.8177781105041504
2010-08-30,2.6396729946136475
2010-08-31,2.5088255405426025
2010-09-01,2.3745133876800537
2010-09-02,2.2460522651672363
2010-09-03,2.1652653217315674
2010-09-04,2.1086246967315674
2010-09-05,2.042342185974121
2010-09-06,1.9761556386947632
2010-09-07,1.938517451286316
2010-09-08,1.901739239692688
2010-09-09,1.8883116245269775
2010-09-10,1.877151608467102
2010-09-11,1.8381288051605225
2010-09-12,1.862098217010498
2010-09-13,1.9134527444839478
2010-09-14,1.8870928287506104
2010-09-15,1.827882170677185
2010-09-16,1.7633984088897705
2010-09-17,1.7054388523101807
2010-09-18,1.6463590860366821
2010-09-19,1.6087498664855957
2010-09-20,1.586320161819458
2010-09-21,1.557112693786621
2010-09-22,1.5274773836135864
2010-09-23,1.526648759841919
2010-09-24,1.5750799179077148
2010-09-25,1.6244840621948242
2010-09-26,1.6549348831176758
2010-09-27,2.16593599319458
2010-09-28,3.503695249557495
2010-09-29,5.312282562255859
2010-09-30,28.835248947143555
2010-10-01,71.61140441894531
2010-10-02,63.05439758300781
2010-10-03,28.927459716796875
2010-10-04,14.117290496826172
2010-10-05,9.112434387207031
2010-10-06,6.946027755737305
2010-10-07,5.767953395843506
2010-10-08,5.013148784637451
2010-10-09,4.465116500854492
2010-10-10,4.138633728027344
2010-10-11,3.8558740615844727
2010-10-12,3.619737148284912
2010-10-13,3.467573642730713
2010-10-14,3.8246586322784424
2010-10-15,4.825033187866211
2010-10-16,5.246648788452148
2010-10-17,4.693479061126709
2010-10-18,4.201583385467529
2010-10-19,3.8569118976593018
2010-10-20,3.6092658042907715
2010-10-21,3.641681671142578
2010-10-22,3.631706953048706
2010-10-23,3.4748616218566895
2010-10-24,3.3646650314331055
2010-10-25,3.262667417526245
2010-10-26,3.5663323402404785
2010-10-27,6.668280601501465
2010-10-28,19.668725967407227
2010-10-29,31.805110931396484
2010-10-30,20.527175903320312
2010-10-31,11.715238571166992
2010-11-01,8.098211288452148
2010-11-02,6.581484794616699
2010-11-03,5.8042707443237305
2010-11-04,5.640682697296143
2010-11-05,6.611603736877441
2010-11-06,7.6868743896484375
2010-11-07,6.95034646987915
2010-11-08,6.213604927062988
2010-11-09,5.746403694152832
2010-11-10,5.36313533782959
2010-11-11,5.101123809814453
2010-11-12,4.897214889526367
2010-11-13,4.798216819763184
2010-11-14,4.747703552246094
2010-11-15,4.679293632507324
2010-11-16,4.670008182525635
2010-11-17,4.908304214477539
2010-11-18,5.191938877105713
2010-11-19,5.08220100402832
2010-11-20,4.878205299377441
2010-11-21,4.773490905761719
2010-11-22,4.678350448608398
2010-11-23,4.567876815795898
2010-11-24,4.45042610168457
2010-11-25,4.3871259689331055
2010-11-26,4.422146797180176
2010-11-27,4.461304187774658
2010-11-28,4.480278491973877
2010-11-29,4.463306427001953
2010-11-30,4.489437103271484
2010-12-01,6.494801044464111
2010-12-02,11.834402084350586
2010-12-03,13.1982421875
2010-12-04,10.313934326171875
2010-12-05,8.699542999267578
2010-12-06,8.369542121887207
2010-12-07,7.685062408447266
2010-12-08,6.947078704833984
2010-12-09,6.392155647277832
2010-12-10,5.986774444580078
2010-12-11,5.7620530128479
2010-12-12,5.7612199783325195
2010-12-13,6.431199073791504
2010-12-14,7.153375148773193
2010-12-15,6.727128982543945
2010-12-16,6.419645309448242
2010-12-17,7.255496025085449
2010-12-18,8.412805557250977
2010-12-19,8.262594223022461
2010-12-20,7.772402286529541
2010-12-21,7.235491752624512
2010-12-22,6.805901050567627
2010-12-23,6.5721940994262695
2010-12-24,6.2519450187683105
2010-12-25,6.054081916809082
2010-12-26,6.358283042907715
2010-12-27,7.3287553787231445
2010-12-28,7.51817512512207
2010-12-29,7.295623779296875
2010-12-30,7.141026973724365
2010-12-31,7.024559020996094
2011-01-01,7.062517166137695
2011-01-02,7.675962448120117
2011-01-03,8.943717956542969
2011-01-04,9.114349365234375
2011-01-05,8.21438980102539
2011-01-06,7.598301887512207
2011-01-07,7.397449016571045
2011-01-08,7.2279181480407715
2011-01-09,6.989505767822266
2011-01-10,6.672783851623535
2011-01-11,6.436482906341553
2011-01-12,6.490936279296875
2011-01-13,6.657388687133789
2011-01-14,6.566147804260254
2011-01-15,6.406372547149658
2011-01-16,6.3644490242004395
2011-01-17,6.34415340423584
2011-01-18,6.3640241622924805
2011-01-19,6.607280731201172
2011-01-20,6.802276611328125
2011-01-21,6.610673427581787
2011-01-22,6.351154804229736
2011-01-23,6.129682540893555
2011-01-24,5.953393936157227
2011-01-25,5.8341898918151855
2011-01-26,6.204135417938232
2011-01-27,8.326360702514648
2011-01-28,10.476698875427246
2011-01-29,9.654694557189941
2011-01-30,8.563375473022461
2011-01-31,7.860618591308594
2011-02-01,7.386918544769287
2011-02-02,7.295256614685059
2011-02-03,7.873150825500488
2011-02-04,8.265486717224121
2011-02-05,9.556174278259277
2011-02-06,13.385254859924316
2011-02-07,14.439179420471191
2011-02-08,12.20294189453125
2011-02-09,10.454912185668945
2011-02-10,9.298490524291992
2011-02-11,8.530135154724121
2011-02-12,7.902495384216309
2011-02-13,7.535970211029053
2011-02-14,7.214864730834961
2011-02-15,6.999497413635254
2011-02-16,6.7967329025268555
2011-02-17,6.627481937408447
2011-02-18,6.497698783874512
2011-02-19,6.33123254776001
2011-02-20,6.14973783493042
2011-02-21,6.003348350524902
2011-02-22,5.865295886993408
2011-02-23,5.7694783210754395
2011-02-24,5.740046501159668
2011-02-25,6.629372596740723
2011-02-26,8.944119453430176
2011-02-27,9.800325393676758
2011-02-28,9.55272388458252
2011-03-01,15.085613250732422
2011-03-02,21.708372116088867
2011-03-03,18.950660705566406
2011-03-04,14.211217880249023
2011-03-05,11.24272346496582
2011-03-06,13.79145336151123
2011-03-07,28.98577117919922
2011-03-08,37.67491912841797
2011-03-09,26.25417709350586
2011-03-10,21.975908279418945
2011-03-11,28.56137466430664
2011-03-12,30.133970260620117
2011-03-13,22.447751998901367
2011-03-14,16.892929077148438
2011-03-15,13.997234344482422
2011-03-16,14.072968482971191
2011-03-17,15.885887145996094
2011-03-18,15.299444198608398
2011-03-19,13.109713554382324
2011-03-20,11.318754196166992
2011-03-21,10.139549255371094
2011-03-22,9.357397079467773
2011-03-23,8.902286529541016
2011-03-24,13.125782012939453
2011-03-25,21.00611114501953
2011-03-26,20.602588653564453
2011-03-27,19.330116271972656
2011-03-28,23.072872161865234
2011-03-29,24.078018188476562
2011-03-30,27.361209869384766
2011-03-31,39.822906494140625
2011-04-01,43.147743225097656
2011-04-02,32.24335479736328
2011-04-03,23.309951782226562
2011-04-04,17.930421829223633
2011-04-05,16.46430015563965
2011-04-06,18.176616668701172
2011-04-07,18.011585235595703
2011-04-08,15.215109825134277
2011-04-09,16.603240966796875
2011-04-10,27.2288875579834
2011-04-11,32.846580505371094
2011-04-12,26.214431762695312
2011-04-13,19.63089370727539
2011-04-14,15.83920955657959
2011-04-15,13.364557266235352
2011-04-16,14.381721496582031
2011-04-17,22.83844757080078
2011-04-18,28.794923782348633
2011-04-19,22.05613136291504
2011-04-20,16.59885025024414
2011-04-21,13.565242767333984
2011-04-22,12.295815467834473
2011-04-23,12.89362621307373
2011-04-24,13.6378173828125
2011-04-25,12.240446090698242
2011-04-26,10.850826263427734
2011-04-27,10.117969512939453
2011-04-28,9.706560134887695
2011-04-29,9.619100570678711
2011-04-30,9.354656219482422
2011-05-01,8.53540325164795
2011-05-02,7.815779209136963
2011-05-03,7.282916069030762
2011-05-04,9.810583114624023
2011-05-05,15.681990623474121
2011-05-06,16.977529525756836
2011-05-07,13.391707420349121
2011-05-08,11.092798233032227
2011-05-09,10.143486022949219
2011-05-10,9.393989562988281
2011-05-11,8.405256271362305
2011-05-12,7.731856346130371
2011-05-13,7.398924350738525
2011-05-14,7.41663122177124
2011-05-15,7.905259132385254
2011-05-16,8.803868293762207
2011-05-17,10.004759788513184
2011-05-18,11.184999465942383
2011-05-19,11.066176414489746
2011-05-20,9.372961044311523
2011-05-21,7.906047821044922
2011-05-22,6.969864845275879
2011-05-23,6.5807294845581055
2011-05-24,7.03641939163208
2011-05-25,7.6383056640625
2011-05-26,7.4372382164001465
2011-05-27,6.999081134796143
2011-05-28,6.592839241027832
2011-05-29,6.965229511260986
2011-05-30,6.495055198669434
2011-05-31,5.698558330535889
2011-06-01,5.006968975067139
2011-06-02,4.500227928161621
2011-06-03,4.110475063323975
2011-06-04,3.7607996463775635
2011-06-05,3.499950408935547
2011-06-06,3.2954440116882324
2011-06-07,3.1505606174468994
2011-06-08,3.0467240810394287
2011-06-09,2.9897007942199707
2011-06-10,3.2405169010162354
2011-06-11,4.112181186676025
2011-06-12,5.304299354553223
2011-06-13,6.327198028564453
2011-06-14,5.818925380706787
2011-06-15,4.687516212463379
2011-06-16,3.850289821624756
2011-06-17,3.3749070167541504
2011-06-18,3.1299962997436523
2011-06-19,2.982978343963623
2011-06-20,2.896543025970459
2011-06-21,2.7640600204467773
2011-06-22,2.7098612785339355
2011-06-23,2.9173271656036377
2011-06-24,2.9933459758758545
2011-06-25,2.7863378524780273
2011-06-26,2.5209743976593018
2011-06-27,2.3112406730651855
2011-06-28,2.767697334289551
2011-06-29,9.269136428833008
2011-06-30,15.999244689941406
2011-07-01,12.929126739501953
2011-07-02,7.791694641113281
2011-07-03,5.136506080627441
2011-07-04,4.106254577636719
2011-07-05,4.15932559967041
2011-07-06,4.745895862579346
2011-07-07,5.14357852935791
2011-07-08,5.55338716506958
2011-07-09,6.9505615234375
2011-07-10,10.492170333862305
2011-07-11,10.484318733215332
2011-07-12,7.195518493652344
2011-07-13,5.023340225219727
2011-07-14,3.9987473487854004
2011-07-15,3.4039111137390137
2011-07-16,2.902111768722534
2011-07-17,2.6056432723999023
2011-07-18,2.444025754928589
2011-07-19,2.2883121967315674
2011-07-20,2.173482656478882
2011-07-21,2.086848020553589
2011-07-22,1.9481580257415771
2011-07-23,1.8283406496047974
2011-07-24,1.8670132160186768
2011-07-25,2.1885581016540527
2011-07-26,2.5527164936065674
2011-07-27,2.5764901638031006
2011-07-28,2.258392572402954
2011-07-29,1.9369168281555176
2011-07-30,1.727005124092102
2011-07-31,1.6300053596496582
2011-08-01,1.6581385135650635
2011-08-02,1.6670112609863281
2011-08-03,1.5546376705169678
2011-08-04,1.4555044174194336
2011-08-05,1.3907731771469116
2011-08-06,1.3825550079345703
2011-08-07,1.454513669013977
2011-08-08,1.5065476894378662
2011-08-09,1.4429905414581299
2011-08-10,1.343153953552246
2011-08-11,1.2570199966430664
2011-08-12,1.215667963027954
2011-08-13,1.3327689170837402
2011-08-14,1.6543079614639282
2011-08-15,2.112196922302246
2011-08-16,2.316417694091797
2011-08-17,2.048720598220825
2011-08-18,1.7180083990097046
2011-08-19,1.4978158473968506
2011-08-20,1.3597002029418945
2011-08-21,1.2879096269607544
2011-08-22,1.2741422653198242
2011-08-23,1.2279183864593506
2011-08-24,1.1438905000686646
2011-08-25,1.0884127616882324
2011-08-26,1.0554072856903076
2011-08-27,1.060601830482483
2011-08-28,1.078115701675415
2011-08-29,1.047189474105835
2011-08-30,1.073440670967102
2011-08-31,1.1205555200576782
2011-09-01,1.1071542501449585
2011-09-02,1.0888278484344482
2011-09-03,1.096640706062317
2011-09-04,1.092280387878418
2011-09-05,1.066540002822876
2011-09-06,1.62285315990448
2011-09-07,4.690546035766602
2011-09-08,7.728360176086426
2011-09-09,5.450908660888672
2011-09-10,3.494405746459961
2011-09-11,2.5540966987609863
2011-09-12,2.0740807056427
2011-09-13,1.794219732284546
2011-09-14,1.6057400703430176
2011-09-15,1.4865918159484863
2011-09-16,1.434990644454956
2011-09-17,1.4751315116882324
2011-09-18,1.4585905075073242
2011-09-19,1.4416583776474
2011-09-20,1.4330432415008545
2011-09-21,1.5700756311416626
2011-09-22,1.9924049377441406
2011-09-23,4.217164993286133
2011-09-24,13.646560668945312
2011-09-25,23.503921508789062
2011-09-26,16.555437088012695
2011-09-27,9.434596061706543
2011-09-28,7.138706207275391
2011-09-29,7.100686550140381
2011-09-30,6.061234951019287
2011-10-01,4.563477039337158
2011-10-02,3.6431665420532227
2011-10-03,3.1380510330200195
2011-10-04,2.8370542526245117
2011-10-05,2.589996576309204
2011-10-06,2.397453546524048
2011-10-07,2.263178825378418
2011-10-08,2.1608290672302246
2011-10-09,2.0751891136169434
2011-10-10,2.031975030899048
2011-10-11,2.142245054244995
2011-10-12,3.6748223304748535
2011-10-13,9.958429336547852
2011-10-14,14.926595687866211
2011-10-15,11.743634223937988
2011-10-16,7.891873359680176
2011-10-17,5.60910701751709
2011-10-18,4.383106708526611
2011-10-19,4.540241241455078
2011-10-20,7.237848281860352
2011-10-21,8.995675086975098
2011-10-22,7.097424507141113
2011-10-23,5.406118869781494
2011-10-24,4.488844394683838
2011-10-25,3.9520769119262695
2011-10-26,3.557434558868408
2011-10-27,3.2988975048065186
2011-10-28,3.1556713581085205
2011-10-29,4.046077728271484
2011-10-30,6.313701629638672
2011-10-31,7.214130401611328
2011-11-01,6.086873531341553
2011-11-02,5.117824077606201
2011-11-03,4.539458274841309
2011-11-04,12.196685791015625
2011-11-05,37.22676086425781
2011-11-06,45.552879333496094
2011-11-07,27.447208404541016
2011-11-08,15.979042053222656
2011-11-09,11.09613037109375
2011-11-10,8.8392915725708
2011-11-11,7.625114917755127
2011-11-12,6.866943359375
2011-11-13,6.3374481201171875
2011-11-14,5.901641368865967
2011-11-15,5.583507061004639
2011-11-16,5.767219543457031
2011-11-17,18.252412796020508
2011-11-18,50.43333435058594
2011-11-19,52.93667984008789
2011-11-20,31.40696144104004
2011-11-21,19.226924896240234
2011-11-22,13.922383308410645
2011-11-23,11.462870597839355
2011-11-24,10.53836727142334
2011-11-25,9.935220718383789
2011-11-26,8.933375358581543
2011-11-27,8.104129791259766
2011-11-28,7.489295482635498
2011-11-29,23.198097229003906
2011-11-30,59.05678176879883
2011-12-01,64.38211059570312
2011-12-02,38.161014556884766
2011-12-03,22.95138931274414
2011-12-04,16.43557357788086
2011-12-05,13.18881607055664
2011-12-06,11.34121322631836
2011-12-07,11.08398723602295
2011-12-08,14.941242218017578
2011-12-09,19.787002563476562
2011-12-10,16.722854614257812
2011-12-11,13.526165008544922
2011-12-12,11.620462417602539
2011-12-13,10.324028968811035
2011-12-14,9.532114028930664
2011-12-15,8.981937408447266
2011-12-16,8.64801025390625
2011-12-17,10.161624908447266
2011-12-18,13.607453346252441
2011-12-19,14.205284118652344
2011-12-20,12.369483947753906
2011-12-21,13.651537895202637
2011-12-22,23.33309555053711
2011-12-23,30.2047119140625
2011-12-24,26.87932014465332
2011-12-25,21.1207275390625
2011-12-26,16.257787704467773
2011-12-27,15.079374313354492
2011-12-28,20.307621002197266
2011-12-29,23.431285858154297
2011-12-30,18.807310104370117
2011-12-31,15.144949913024902
2012-01-01,13.019844055175781
2012-01-02,11.843328475952148
2012-01-03,11.187032699584961
2012-01-04,10.507410049438477
2012-01-05,9.706050872802734
2012-01-06,9.14017105102539
2012-01-07,8.773931503295898
2012-01-08,8.539705276489258
2012-01-09,8.390012741088867
2012-01-10,8.528287887573242
2012-01-11,10.35431957244873
2012-01-12,20.394453048706055
2012-01-13,33.155879974365234
2012-01-14,28.17402458190918
2012-01-15,20.22334098815918
2012-01-16,15.563112258911133
2012-01-17,13.053827285766602
2012-01-18,11.802900314331055
2012-01-19,11.147031784057617
2012-01-20,10.426138877868652
2012-01-21,10.259847640991211
2012-01-22,11.939260482788086
2012-01-23,13.895601272583008
2012-01-24,13.364054679870605
2012-01-25,12.584798812866211
2012-01-26,11.44899845123291
2012-01-27,10.890979766845703
2012-01-28,10.726984977722168
2012-01-29,10.241642951965332
2012-01-30,9.639657974243164
2012-01-31,9.111435890197754
2012-02-01,8.795954704284668
2012-02-02,8.691484451293945
2012-02-03,8.686811447143555
2012-02-04,8.557628631591797
2012-02-05,8.57693099975586
2012-02-06,9.267126083374023
2012-02-07,9.778388977050781
2012-02-08,9.227991104125977
2012-02-09,8.688875198364258
2012-02-10,8.29493236541748
2012-02-11,8.025973320007324
2012-02-12,7.813446044921875
2012-02-13,7.583010196685791
2012-02-14,7.369718551635742
2012-02-15,7.225198745727539
2012-02-16,7.176943778991699
2012-02-17,7.536539077758789
2012-02-18,7.792694568634033
2012-02-19,7.938564300537109
2012-02-20,10.538508415222168
2012-02-21,13.970699310302734
2012-02-22,12.96613597869873
2012-02-23,11.976659774780273
2012-02-24,13.910329818725586
2012-02-25,17.17612648010254
2012-02-26,16.511470794677734
2012-02-27,13.585379600524902
2012-02-28,12.198770523071289
2012-02-29,11.376080513000488
2012-03-01,10.966216087341309
2012-03-02,10.818792343139648
2012-03-03,12.806517601013184
2012-03-04,17.724924087524414
2012-03-05,18.22941017150879
2012-03-06,14.781667709350586
2012-03-07,12.229944229125977
2012-03-08,10.768048286437988
2012-03-09,10.104838371276855
2012-03-10,10.040227890014648
2012-03-11,9.727448463439941
2012-03-12,9.075116157531738
2012-03-13,8.663568496704102
2012-03-14,8.332703590393066
2012-03-15,7.96152400970459
2012-03-16,7.69414758682251
2012-03-17,8.069636344909668
2012-03-18,9.777924537658691
2012-03-19,11.25361442565918
2012-03-20,11.299275398254395
2012-03-21,13.155627250671387
2012-03-22,16.750106811523438
2012-03-23,16.317928314208984
2012-03-24,19.787511825561523
2012-03-25,65.91583251953125
2012-03-26,99.79676818847656
2012-03-27,73.77185821533203
2012-03-28,41.43824005126953
2012-03-29,25.972047805786133
2012-03-30,19.049345016479492
2012-03-31,15.777765274047852
2012-04-01,14.748878479003906
2012-04-02,13.835933685302734
2012-04-03,12.301243782043457
2012-04-04,11.508503913879395
2012-04-05,12.537216186523438
2012-04-06,13.96097183227539
2012-04-07,13.115371704101562
2012-04-08,11.525266647338867
2012-04-09,10.291414260864258
2012-04-10,9.436699867248535
2012-04-11,8.777307510375977
2012-04-12,8.261853218078613
2012-04-13,7.808264255523682
2012-04-14,7.433218002319336
2012-04-15,7.187707901000977
2012-04-16,6.917679786682129
2012-04-17,6.572869777679443
2012-04-18,6.382786750793457
2012-04-19,6.7587809562683105
2012-04-20,7.183975696563721
2012-04-21,6.819883823394775
2012-04-22,7.2881669998168945
2012-04-23,10.416508674621582
2012-04-24,13.631808280944824
2012-04-25,12.584498405456543
2012-04-26,11.467131614685059
2012-04-27,12.438423156738281
2012-04-28,12.251505851745605
2012-04-29,10.122413635253906
2012-04-30,8.623733520507812
2012-05-01,7.7543792724609375
2012-05-02,7.159596920013428
2012-05-03,6.5792999267578125
2012-05-04,5.998963832855225
2012-05-05,6.071316242218018
2012-05-06,8.191610336303711
2012-05-07,9.616801261901855
2012-05-08,8.38720417022705
2012-05-09,8.097733497619629
2012-05-10,12.191465377807617
2012-05-11,15.729239463806152
2012-05-12,12.099098205566406
2012-05-13,9.120859146118164
2012-05-14,9.431843757629395
2012-05-15,17.966320037841797
2012-05-16,29.505399703979492
2012-05-17,25.96559715270996
2012-05-18,17.98491668701172
2012-05-19,12.670711517333984
2012-05-20,9.65928840637207
2012-05-21,8.025140762329102
2012-05-22,7.10051155090332
2012-05-23,7.960082530975342
2012-05-24,10.81545639038086
2012-05-25,11.558613777160645
2012-05-26,9.517788887023926
2012-05-27,7.644075393676758
2012-05-28,6.3317413330078125
2012-05-29,5.648273468017578
2012-05-30,5.523935794830322
2012-05-31,5.549926280975342
2012-06-01,5.910665035247803
2012-06-02,7.574330806732178
2012-06-03,8.27745246887207
2012-06-04,7.043642997741699
2012-06-05,5.923332214355469
2012-06-06,5.616261959075928
2012-06-07,5.947298526763916
2012-06-08,5.983563423156738
2012-06-09,5.343644142150879
2012-06-10,4.708445072174072
2012-06-11,4.464923858642578
2012-06-12,4.860071659088135
2012-06-13,5.494654178619385
2012-06-14,5.798031330108643
2012-06-15,5.417230129241943
2012-06-16,4.64399528503418
2012-06-17,4.051100730895996
2012-06-18,3.616830825805664
2012-06-19,3.4216036796569824
2012-06-20,3.311504602432251
2012-06-21,3.1620984077453613
2012-06-22,3.1857998371124268
2012-06-23,3.8592591285705566
2012-06-24,4.8581013679504395
2012-06-25,4.427369117736816
2012-06-26,3.755540370941162
2012-06-27,3.286569118499756
2012-06-28,2.931861400604248
2012-06-29,2.68630313873291
2012-06-30,2.488783359527588
2012-07-01,2.375931978225708
2012-07-02,2.3358747959136963
2012-07-03,2.3792104721069336
2012-07-04,2.3912291526794434
2012-07-05,2.256521224975586
2012-07-06,2.163567304611206
2012-07-07,2.099841833114624
2012-07-08,1.9767037630081177
2012-07-09,1.9330825805664062
2012-07-10,2.6898698806762695
2012-07-11,7.127033233642578
2012-07-12,10.0513277053833
2012-07-13,8.109641075134277
2012-07-14,5.890593528747559
2012-07-15,5.698617458343506
2012-07-16,5.828348636627197
2012-07-17,5.009594440460205
2012-07-18,4.18742036819458
2012-07-19,3.710655689239502
2012-07-20,3.9522476196289062
2012-07-21,5.706855773925781
2012-07-22,8.277731895446777
2012-07-23,9.915836334228516
2012-07-24,8.849540710449219
2012-07-25,6.482728004455566
2012-07-26,4.754249572753906
2012-07-27,3.817739486694336
2012-07-28,3.3779282569885254
2012-07-29,3.3740346431732178
2012-07-30,3.270475149154663
2012-07-31,2.945857286453247
2012-08-01,2.680250644683838
2012-08-02,2.480084180831909
2012-08-03,2.2755258083343506
2012-08-04,2.157534122467041
2012-08-05,2.148975372314453
2012-08-06,2.137528419494629
2012-08-07,2.3927927017211914
2012-08-08,3.746157646179199
2012-08-09,5.80040168762207
2012-08-10,6.470136642456055
2012-08-11,8.825471878051758
2012-08-12,14.133057594299316
2012-08-13,14.171398162841797
2012-08-14,9.71081829071045
2012-08-15,6.3440117835998535
2012-08-16,4.606871604919434
2012-08-17,3.70353364944458
2012-08-18,3.1504528522491455
2012-08-19,3.7418017387390137
2012-08-20,7.730907440185547
2012-08-21,12.308100700378418
2012-08-22,9.945042610168457
2012-08-23,8.270490646362305
2012-08-24,8.435461044311523
2012-08-25,7.177342891693115
2012-08-26,5.439720153808594
2012-08-27,4.3138017654418945
2012-08-28,3.6074564456939697
2012-08-29,3.3865435123443604
2012-08-30,4.104522228240967
2012-08-31,4.881742477416992
2012-09-01,4.185487270355225
2012-09-02,3.504295825958252
2012-09-03,9.076957702636719
2012-09-04,18.0345516204834
2012-09-05,18.023983001708984
2012-09-06,12.913501739501953
2012-09-07,9.628172874450684
2012-09-08,7.968557834625244
2012-09-09,7.28492546081543
2012-09-10,6.315591812133789
2012-09-11,4.99415397644043
2012-09-12,4.091686725616455
2012-09-13,3.550184726715088
2012-09-14,3.2083120346069336
2012-09-15,2.9762611389160156
2012-09-16,3.1344499588012695
2012-09-17,4.162858963012695
2012-09-18,7.463120937347412
2012-09-19,15.787962913513184
2012-09-20,16.925424575805664
2012-09-21,11.119461059570312
2012-09-22,7.374668121337891
2012-09-23,5.662619590759277
2012-09-24,4.8188066482543945
2012-09-25,4.193624019622803
2012-09-26,3.744640827178955
2012-09-27,3.4193248748779297
2012-09-28,3.3012747764587402
2012-09-29,5.052276611328125
2012-09-30,8.654457092285156
2012-10-01,9.554595947265625
2012-10-02,8.602248191833496
2012-10-03,8.62592601776123
2012-10-04,7.941877365112305
2012-10-05,6.43062162399292
2012-10-06,5.239725112915039
2012-10-07,4.980983257293701
2012-10-08,6.22411584854126
2012-10-09,7.811546325683594
2012-10-10,7.80368709564209
2012-10-11,6.653451919555664
2012-10-12,5.5720319747924805
2012-10-13,4.834738254547119
2012-10-14,4.38137674331665
2012-10-15,4.366966247558594
2012-10-16,5.148423194885254
2012-10-17,5.875709056854248
2012-10-18,5.362074375152588
2012-10-19,4.995601177215576
2012-10-20,5.3726277351379395
2012-10-21,5.6372270584106445
2012-10-22,5.1022186279296875
2012-10-23,4.60811710357666
2012-10-24,4.225595951080322
2012-10-25,3.933244228363037
2012-10-26,3.7233009338378906
2012-10-27,3.5576839447021484
2012-10-28,3.454026222229004
2012-10-29,3.3943169116973877
2012-10-30,3.4970381259918213
2012-10-31,3.627609968185425
2012-11-01,3.635741710662842
2012-11-02,3.609675884246826
2012-11-03,3.5867512226104736
2012-11-04,3.4998574256896973
2012-11-05,3.435586929321289
2012-11-06,3.390183448791504
2012-11-07,3.367776870727539
2012-11-08,3.3682897090911865
2012-11-09,3.3690502643585205
2012-11-10,3.3967106342315674
2012-11-11,3.4318490028381348
2012-11-12,3.3951942920684814
2012-11-13,3.390967607498169
2012-11-14,3.591578960418701
2012-11-15,3.7788474559783936
2012-11-16,3.793537139892578
2012-11-17,3.739868640899658
2012-11-18,3.6320571899414062
2012-11-19,3.5408358573913574
2012-11-20,3.4708662033081055
2012-11-21,3.466158390045166
2012-11-22,3.4622409343719482
2012-11-23,3.4605236053466797
2012-11-24,3.4455955028533936
2012-11-25,3.365790367126465
2012-11-26,3.350205183029175
2012-11-27,3.3647429943084717
2012-11-28,3.4178812503814697
2012-11-29,3.5086047649383545
2012-11-30,3.5209317207336426
2012-12-01,3.5159809589385986
2012-12-02,3.539677143096924
2012-12-03,3.524677038192749
2012-12-04,3.5025336742401123
2012-12-05,3.4972290992736816
2012-12-06,3.476438522338867
2012-12-07,3.4601333141326904
2012-12-08,3.5761075019836426
2012-12-09,3.785529613494873
2012-12-10,3.8087692260742188
2012-12-11,3.809218406677246
2012-12-12,3.781694173812866
2012-12-13,3.691391944885254
2012-12-14,3.673604965209961
2012-12-15,3.709146022796631
2012-12-16,3.7041568756103516
2012-12-17,4.017561912536621
2012-12-18,4.9695940017700195
2012-12-19,5.638185977935791
2012-12-20,5.319037437438965
2012-12-21,5.339215278625488
2012-12-22,6.202259063720703
2012-12-23,6.3666887283325195
2012-12-24,5.7946882247924805
2012-12-25,5.755506992340088
2012-12-26,9.061326026916504
2012-12-27,20.827774047851562
2012-12-28,26.944488525390625
2012-12-29,18.29727554321289
2012-12-30,13.281664848327637
2012-12-31,10.837217330932617
2013-01-01,8.988046646118164
2013-01-02,9.07295036315918
2013-01-03,10.554689407348633
2013-01-04,10.595911026000977
2013-01-05,9.449116706848145
2013-01-06,8.2402982711792
2013-01-07,7.494513034820557
2013-01-08,6.977250576019287
2013-01-09,6.597005367279053
2013-01-10,6.302738189697266
2013-01-11,6.126107692718506
2013-01-12,6.326843738555908
2013-01-13,6.5589919090271
2013-01-14,6.93897819519043
2013-01-15,11.422505378723145
2013-01-16,22.059240341186523
2013-01-17,49.915000915527344
2013-01-18,124.02259826660156
2013-01-19,146.00155639648438
2013-01-20,78.08386993408203
2013-01-21,41.18318557739258
2013-01-22,25.976516723632812
2013-01-23,19.32439422607422
2013-01-24,15.84661865234375
2013-01-25,13.526107788085938
2013-01-26,11.915611267089844
2013-01-27,11.294914245605469
2013-01-28,10.68539810180664
2013-01-29,10.543285369873047
2013-01-30,10.380753517150879
2013-01-31,14.88507080078125
2013-02-01,25.51653480529785
2013-02-02,25.20125961303711
2013-02-03,19.33300018310547
2013-02-04,15.278838157653809
2013-02-05,12.878634452819824
2013-02-06,11.420550346374512
2013-02-07,10.593799591064453
2013-02-08,17.0782470703125
2013-02-09,32.447547912597656
2013-02-10,34.56143569946289
2013-02-11,24.96661376953125
2013-02-12,21.071186065673828
2013-02-13,20.681156158447266
2013-02-14,20.57598876953125
2013-02-15,19.99049949645996
2013-02-16,17.30641746520996
2013-02-17,17.00368309020996
2013-02-18,15.90938949584961
2013-02-19,14.478816986083984
2013-02-20,15.87203598022461
2013-02-21,16.05425453186035
2013-02-22,14.535688400268555
2013-02-23,16.374059677124023
2013-02-24,21.086509704589844
2013-02-25,21.16316032409668
2013-02-26,23.9777774810791
2013-02-27,42.36494827270508
2013-02-28,49.255619049072266
2013-03-01,33.82271957397461
2013-03-02,23.669342041015625
2013-03-03,18.67120933532715
2013-03-04,15.928497314453125
2013-03-05,14.07215404510498
2013-03-06,14.771608352661133
2013-03-07,18.3498477935791
2013-03-08,18.938692092895508
2013-03-09,16.500581741333008
2013-03-10,14.279071807861328
2013-03-11,12.94749641418457
2013-03-12,16.550596237182617
2013-03-13,26.766124725341797
2013-03-14,29.378482818603516
2013-03-15,22.79275131225586
2013-03-16,17.781349182128906
2013-03-17,15.067194938659668
2013-03-18,13.680009841918945
2013-03-19,13.972418785095215
2013-03-20,14.276985168457031
2013-03-21,13.286385536193848
2013-03-22,12.214219093322754
2013-03-23,11.36191463470459
2013-03-24,12.765833854675293
2013-03-25,21.31821060180664
2013-03-26,28.06770133972168
2013-03-27,23.4462947845459
2013-03-28,18.65365219116211
2013-03-29,15.46759033203125
2013-03-30,13.486614227294922
2013-03-31,13.470158576965332
2013-04-01,17.088029861450195
2013-04-02,19.42416763305664
2013-04-03,17.078636169433594
2013-04-04,15.70278263092041
2013-04-05,20.99269676208496
2013-04-06,28.766138076782227
2013-04-07,27.535511016845703
2013-04-08,21.523876190185547
2013-04-09,17.37417221069336
2013-04-10,14.734026908874512
2013-04-11,12.972637176513672
2013-04-12,12.959141731262207
2013-04-13,15.782062530517578
2013-04-14,17.135149002075195
2013-04-15,14.72897720336914
2013-04-16,13.330711364746094
2013-04-17,12.499834060668945
2013-04-18,11.401165008544922
2013-04-19,10.7820463180542
2013-04-20,12.401248931884766
2013-04-21,13.946849822998047
2013-04-22,12.576614379882812
2013-04-23,11.050562858581543
2013-04-24,10.050644874572754
2013-04-25,9.348311424255371
2013-04-26,8.672255516052246
2013-04-27,8.100190162658691
2013-04-28,8.166621208190918
2013-04-29,15.187349319458008
2013-04-30,30.58856773376465
2013-05-01,32.331050872802734
2013-05-02,22.645870208740234
2013-05-03,16.523448944091797
2013-05-04,13.202619552612305
2013-05-05,11.236250877380371
2013-05-06,12.215527534484863
2013-05-07,23.002700805664062
2013-05-08,38.932289123535156
2013-05-09,40.09387969970703
2013-05-10,32.31686019897461
2013-05-11,22.972190856933594
2013-05-12,17.680837631225586
2013-05-13,15.225859642028809
2013-05-14,12.939105033874512
2013-05-15,11.278711318969727
2013-05-16,10.060444831848145
2013-05-17,8.969720840454102
2013-05-18,8.475395202636719
2013-05-19,12.056181907653809
2013-05-20,18.678096771240234
2013-05-21,21.002376556396484
2013-05-22,18.386314392089844
2013-05-23,16.659618377685547
2013-05-24,19.34740447998047
2013-05-25,19.09899139404297
2013-05-26,14.604155540466309
2013-05-27,11.42174243927002
2013-05-28,9.63366985321045
2013-05-29,8.484587669372559
2013-05-30,7.568464279174805
2013-05-31,6.831210613250732
2013-06-01,6.2478790283203125
2013-06-02,5.83899450302124
2013-06-03,7.032849311828613
2013-06-04,10.78286075592041
2013-06-05,11.79018783569336
2013-06-06,9.958990097045898
2013-06-07,14.673518180847168
2013-06-08,29.64358139038086
2013-06-09,35.34925842285156
2013-06-10,38.783966064453125
2013-06-11,50.609336853027344
2013-06-12,46.54362487792969
2013-06-13,29.838979721069336
2013-06-14,21.29096221923828
2013-06-15,16.50626564025879
2013-06-16,12.522383689880371
2013-06-17,10.278521537780762
2013-06-18,10.123682022094727
2013-06-19,12.71718978881836
2013-06-20,13.810224533081055
2013-06-21,11.024971961975098
2013-06-22,8.861795425415039
2013-06-23,7.653923988342285
2013-06-24,7.238661289215088
2013-06-25,7.203953266143799
2013-06-26,8.509522438049316
2013-06-27,10.827449798583984
2013-06-28,11.221700668334961
2013-06-29,11.076343536376953
2013-06-30,12.699190139770508
2013-07-01,15.503828048706055
2013-07-02,17.327106475830078
2013-07-03,25.27411460876465
2013-07-04,34.89317321777344
2013-07-05,32.3851432800293
2013-07-06,25.527416229248047
2013-07-07,22.240856170654297
2013-07-08,27.492237091064453
2013-07-09,39.623443603515625
2013-07-10,39.56005859375
2013-07-11,44.44601058959961
2013-07-12,63.43155288696289
2013-07-13,60.1319580078125
2013-07-14,42.09759521484375
2013-07-15,31.90544891357422
2013-07-16,24.972017288208008
2013-07-17,18.008405685424805
2013-07-18,13.446999549865723
2013-07-19,11.3861083984375
2013-07-20,10.144843101501465
2013-07-21,9.599773406982422
2013-07-22,11.101877212524414
2013-07-23,12.612282752990723
2013-07-24,10.836952209472656
2013-07-25,9.324580192565918
2013-07-26,8.984380722045898
2013-07-27,9.261067390441895
2013-07-28,11.848910331726074
2013-07-29,15.232879638671875
2013-07-30,13.366674423217773
2013-07-31,10.39928150177002
2013-08-01,10.77553653717041
2013-08-02,15.059331893920898
2013-08-03,17.349824905395508
2013-08-04,14.96558952331543
2013-08-05,11.44194221496582
2013-08-06,9.372663497924805
2013-08-07,9.693866729736328
2013-08-08,9.747885704040527
2013-08-09,8.318582534790039
2013-08-10,7.7616400718688965
2013-08-11,8.876913070678711
2013-08-12,9.774080276489258
2013-08-13,9.53219985961914
2013-08-14,10.261260986328125
2013-08-15,10.10069465637207
2013-08-16,8.16504192352295
2013-08-17,7.153199672698975
2013-08-18,10.510465621948242
2013-08-19,24.124149322509766
2013-08-20,33.88928985595703
2013-08-21,29.898883819580078
2013-08-22,25.146282196044922
2013-08-23,20.60118865966797
2013-08-24,15.266022682189941
2013-08-25,12.06567668914795
2013-08-26,9.714582443237305
2013-08-27,8.239521026611328
2013-08-28,7.242472171783447
2013-08-29,6.496951103210449
2013-08-30,5.970182418823242
2013-08-31,5.494945049285889
2013-09-01,6.3380208015441895
2013-09-02,9.932748794555664
2013-09-03,11.696316719055176
2013-09-04,9.71729850769043
2013-09-05,7.688669204711914
2013-09-06,6.4155073165893555
2013-09-07,5.583487033843994
2013-09-08,5.0578083992004395
2013-09-09,4.732647895812988
2013-09-10,4.465733051300049
2013-09-11,4.235818862915039
2013-09-12,4.056562423706055
2013-09-13,4.063971519470215
2013-09-14,4.131857872009277
2013-09-15,3.9718856811523438
2013-09-16,3.782714605331421
2013-09-17,3.602260112762451
2013-09-18,3.442617177963257
2013-09-19,3.324709177017212
2013-09-20,3.384880781173706
2013-09-21,3.690204381942749
2013-09-22,4.467667579650879
2013-09-23,5.42151403427124
2013-09-24,5.3648834228515625
2013-09-25,4.720499515533447
2013-09-26,4.28009557723999
2013-09-27,3.9609735012054443
2013-09-28,3.6873440742492676
2013-09-29,3.4918434619903564
2013-09-30,3.384591579437256
2013-10-01,3.342200756072998
2013-10-02,3.248885154724121
2013-10-03,3.169408082962036
2013-10-04,3.135716676712036
2013-10-05,3.0456783771514893
2013-10-06,2.9536595344543457
2013-10-07,3.095175266265869
2013-10-08,3.816257953643799
2013-10-09,4.553068161010742
2013-10-10,4.512219429016113
2013-10-11,4.636638164520264
2013-10-12,4.685612678527832
2013-10-13,4.494740009307861
2013-10-14,4.3903961181640625
2013-10-15,4.289807319641113
2013-10-16,4.069361686706543
2013-10-17,3.8736586570739746
2013-10-18,3.793073892593384
2013-10-19,3.766162633895874
2013-10-20,3.7453722953796387
2013-10-21,3.6799473762512207
2013-10-22,3.564829111099243
2013-10-23,3.4958581924438477
2013-10-24,3.4184539318084717
2013-10-25,3.3236336708068848
2013-10-26,3.237987995147705
2013-10-27,3.1946046352386475
2013-10-28,3.178833484649658
2013-10-29,3.2498509883880615
2013-10-30,3.2894811630249023
2013-10-31,3.30812406539917
2013-11-01,3.3718342781066895
2013-11-02,3.7366065979003906
2013-11-03,4.05314302444458
2013-11-04,3.8932340145111084
2013-11-05,3.757737159729004
2013-11-06,3.7424159049987793
2013-11-07,3.657977342605591
2013-11-08,3.607856035232544
2013-11-09,3.5751638412475586
2013-11-10,3.5792908668518066
2013-11-11,3.56330943107605
2013-11-12,3.5080416202545166
2013-11-13,3.5312438011169434
2013-11-14,3.629268169403076
2013-11-15,3.6495513916015625
2013-11-16,3.665480613708496
2013-11-17,3.711897373199463
2013-11-18,3.8790998458862305
2013-11-19,4.016398906707764
2013-11-20,3.980642318725586
2013-11-21,3.858325242996216
2013-11-22,3.853343963623047
2013-11-23,3.8420116901397705
2013-11-24,3.764012336730957
2013-11-25,3.6805198192596436
2013-11-26,4.076035976409912
2013-11-27,11.285037994384766
2013-11-28,27.05929946899414
2013-11-29,25.513593673706055
2013-11-30,15.63080883026123
2013-12-01,10.541375160217285
2013-12-02,8.427253723144531
2013-12-03,7.352168560028076
2013-12-04,6.702080726623535
2013-12-05,6.446442127227783
2013-12-06,6.351078987121582
2013-12-07,6.773861885070801
2013-12-08,8.848409652709961
2013-12-09,11.425662994384766
2013-12-10,16.164260864257812
2013-12-11,21.300073623657227
2013-12-12,19.16965103149414
2013-12-13,13.998340606689453
2013-12-14,12.780495643615723
2013-12-15,18.259254455566406
2013-12-16,21.930662155151367
2013-12-17,17.147994995117188
2013-12-18,13.052888870239258
2013-12-19,10.801631927490234
2013-12-20,9.520212173461914
2013-12-21,8.655807495117188
2013-12-22,8.225160598754883
2013-12-23,18.175434112548828
2013-12-24,53.842140197753906
2013-12-25,65.68680572509766
2013-12-26,39.41188430786133
2013-12-27,23.141237258911133
2013-12-28,16.591825485229492
2013-12-29,25.99557876586914
2013-12-30,50.6945686340332
2013-12-31,52.877708435058594
2014-01-01,33.9668083190918
2014-01-02,23.0489501953125
2014-01-03,20.313430786132812
2014-01-04,19.70322036743164
2014-01-05,17.198579788208008
2014-01-06,20.109172821044922
2014-01-07,25.19266128540039
2014-01-08,21.570762634277344
2014-01-09,17.08821678161621
2014-01-10,16.28045654296875
2014-01-11,64.75414276123047
2014-01-12,146.5162353515625
2014-01-13,138.822265625
2014-01-14,75.53498077392578
2014-01-15,50.24755096435547
2014-01-16,40.09003829956055
2014-01-17,30.598852157592773
2014-01-18,23.833860397338867
2014-01-19,19.849748611450195
2014-01-20,17.217872619628906
2014-01-21,15.569605827331543
2014-01-22,14.8975248336792
2014-01-23,14.442644119262695
2014-01-24,13.472393035888672
2014-01-25,12.599691390991211
2014-01-26,11.810379028320312
2014-01-27,11.209280014038086
2014-01-28,10.894152641296387
2014-01-29,10.784034729003906
2014-01-30,10.662286758422852
2014-01-31,10.227953910827637
2014-02-01,10.089332580566406
2014-02-02,10.007494926452637
2014-02-03,10.368639945983887
2014-02-04,11.973730087280273
2014-02-05,14.870115280151367
2014-02-06,17.54777717590332
2014-02-07,17.279706954956055
2014-02-08,14.656310081481934
2014-02-09,13.000414848327637
2014-02-10,12.037419319152832
2014-02-11,11.442960739135742
2014-02-12,11.0814208984375
2014-02-13,14.500829696655273
2014-02-14,26.8897762298584
2014-02-15,38.84291076660156
2014-02-16,39.91686248779297
2014-02-17,34.08682632446289
2014-02-18,27.028745651245117
2014-02-19,23.60516357421875
2014-02-20,24.050045013427734
2014-02-21,26.27526092529297
2014-02-22,29.47332763671875
2014-02-23,28.117155075073242
2014-02-24,22.441356658935547
2014-02-25,18.58597183227539
2014-02-26,16.04878044128418
2014-02-27,14.489458084106445
2014-02-28,13.479455947875977
2014-03-01,12.708194732666016
2014-03-02,11.881555557250977
2014-03-03,11.861441612243652
2014-03-04,13.92170524597168
2014-03-05,16.01284408569336
2014-03-06,14.8609037399292
2014-03-07,38.946407318115234
2014-03-08,95.0204086303711
2014-03-09,102.63441467285156
2014-03-10,66.61477661132812
2014-03-11,43.29625701904297
2014-03-12,33.237709045410156
2014-03-13,30.4322452545166
2014-03-14,27.599864959716797
2014-03-15,22.656356811523438
2014-03-16,20.445545196533203
2014-03-17,23.1771240234375
2014-03-18,31.557147979736328
2014-03-19,37.691856384277344
2014-03-20,36.71567916870117
2014-03-21,30.608753204345703
2014-03-22,24.65862274169922
2014-03-23,21.507946014404297
2014-03-24,20.67820167541504
2014-03-25,19.993024826049805
2014-03-26,18.809635162353516
2014-03-27,18.069482803344727
2014-03-28,16.35819435119629
2014-03-29,15.946340560913086
2014-03-30,16.78020477294922
2014-03-31,17.142499923706055
2014-04-01,15.676368713378906
2014-04-02,14.475912094116211
2014-04-03,13.701325416564941
2014-04-04,12.95895767211914
2014-04-05,12.316041946411133
2014-04-06,11.760188102722168
2014-04-07,18.6234130859375
2014-04-08,42.65761184692383
2014-04-09,55.20634078979492
2014-04-10,39.06671142578125
2014-04-11,27.08883285522461
2014-04-12,20.932775497436523
2014-04-13,17.512500762939453
2014-04-14,15.463276863098145
2014-04-15,20.416044235229492
2014-04-16,44.04855728149414
2014-04-17,55.60249710083008
2014-04-18,38.25226974487305
2014-04-19,29.142841339111328
2014-04-20,31.024707794189453
2014-04-21,31.024948120117188
2014-04-22,24.459850311279297
2014-04-23,20.143646240234375
2014-04-24,17.387073516845703
2014-04-25,17.197917938232422
2014-04-26,19.177459716796875
2014-04-27,18.096160888671875
2014-04-28,15.456460952758789
2014-04-29,14.019857406616211
2014-04-30,15.886181831359863
2014-05-01,20.82473373413086
2014-05-02,21.858327865600586
2014-05-03,17.719100952148438
2014-05-04,14.795467376708984
2014-05-05,13.012255668640137
2014-05-06,11.720479011535645
2014-05-07,10.879165649414062
2014-05-08,10.160367965698242
2014-05-09,9.674551963806152
2014-05-10,9.734369277954102
2014-05-11,10.556585311889648
2014-05-12,10.891427993774414
2014-05-13,9.855300903320312
2014-05-14,8.923431396484375
2014-05-15,14.364898681640625
2014-05-16,59.93296432495117
2014-05-17,79.95773315429688
2014-05-18,44.788143157958984
2014-05-19,26.06441879272461
2014-05-20,18.086933135986328
2014-05-21,14.422090530395508
2014-05-22,12.101120948791504
2014-05-23,10.48574447631836
2014-05-24,9.47262954711914
2014-05-25,8.725897789001465
2014-05-26,8.130768775939941
2014-05-27,8.075203895568848
2014-05-28,8.541149139404297
2014-05-29,8.539938926696777
2014-05-30,7.903470039367676
2014-05-31,7.6363019943237305
2014-06-01,7.5376996994018555
2014-06-02,7.121616840362549
2014-06-03,6.628833770751953
2014-06-04,6.406250953674316
2014-06-05,6.341915130615234
2014-06-06,6.16607141494751
2014-06-07,5.825462341308594
2014-06-08,5.406073570251465
2014-06-09,5.184277534484863
2014-06-10,5.244165420532227
2014-06-11,5.642282485961914
2014-06-12,6.968387126922607
2014-06-13,9.430522918701172
2014-06-14,10.21328353881836
2014-06-15,8.385226249694824
2014-06-16,6.694514751434326
2014-06-17,5.71882963180542
2014-06-18,5.246247291564941
2014-06-19,4.946403980255127
2014-06-20,4.81741189956665
2014-06-21,4.958460807800293
2014-06-22,5.051287651062012
2014-06-23,4.855435848236084
2014-06-24,4.433902740478516
2014-06-25,4.157805919647217
2014-06-26,4.082884311676025
2014-06-27,4.061334609985352
2014-06-28,4.038045883178711
2014-06-29,3.9667162895202637
2014-06-30,3.7662041187286377
2014-07-01,3.535168170928955
2014-07-02,3.30694317817688
2014-07-03,3.1383423805236816
2014-07-04,3.065134048461914
2014-07-05,3.067789316177368
2014-07-06,2.9606332778930664
2014-07-07,2.7956039905548096
2014-07-08,2.652660608291626
2014-07-09,2.503610134124756
2014-07-10,2.5039210319519043
2014-07-11,2.785898447036743
2014-07-12,2.9612772464752197
2014-07-13,2.778517961502075
2014-07-14,2.5261781215667725
2014-07-15,2.478863477706909
2014-07-16,3.145989179611206
2014-07-17,4.461160182952881
2014-07-18,4.427538871765137
2014-07-19,3.646588087081909
2014-07-20,3.2574360370635986
2014-07-21,3.3703255653381348
2014-07-22,3.795153856277466
2014-07-23,3.8799538612365723
2014-07-24,3.77370548248291
2014-07-25,4.288151264190674
2014-07-26,4.499105453491211
2014-07-27,3.9115688800811768
2014-07-28,3.5724945068359375
2014-07-29,3.4187960624694824
2014-07-30,3.116074800491333
2014-07-31,2.886702299118042
2014-08-01,3.243945598602295
2014-08-02,5.031067848205566
2014-08-03,6.62217903137207
2014-08-04,5.453271865844727
2014-08-05,4.172473430633545
2014-08-06,3.4171133041381836
2014-08-07,2.9912283420562744
2014-08-08,2.7624664306640625
2014-08-09,2.8643453121185303
2014-08-10,3.4232337474823
2014-08-11,4.1491217613220215
2014-08-12,5.963501930236816
2014-08-13,8.910764694213867
2014-08-14,8.45541763305664
2014-08-15,5.995147705078125
2014-08-16,4.461716651916504
2014-08-17,3.763810396194458
2014-08-18,3.4824917316436768
2014-08-19,3.8432371616363525
2014-08-20,4.255952835083008
2014-08-21,3.908220052719116
2014-08-22,3.353346109390259
2014-08-23,3.0244319438934326
2014-08-24,2.9985339641571045
2014-08-25,2.968876361846924
2014-08-26,2.7725725173950195
2014-08-27,2.5625603199005127
2014-08-28,2.401043176651001
2014-08-29,2.2393245697021484
2014-08-30,2.1098263263702393
2014-08-31,2.016374349594116
2014-09-01,1.9277760982513428
2014-09-02,1.8595761060714722
2014-09-03,1.8217055797576904
2014-09-04,1.9798413515090942
2014-09-05,2.5351619720458984
2014-09-06,3.237622022628784
2014-09-07,3.441110610961914
2014-09-08,3.2906653881073
2014-09-09,3.795905590057373
2014-09-10,4.316512584686279
2014-09-11,3.760108709335327
2014-09-12,3.291685104370117
2014-09-13,3.299551486968994
2014-09-14,3.4573631286621094
2014-09-15,3.311394214630127
2014-09-16,3.0143215656280518
2014-09-17,2.9260244369506836
2014-09-18,2.9000258445739746
2014-09-19,2.75685977935791
2014-09-20,2.6050901412963867
2014-09-21,2.450381278991699
2014-09-22,2.3095335960388184
2014-09-23,2.199416160583496
2014-09-24,2.2367210388183594
2014-09-25,2.4835898876190186
2014-09-26,2.7069783210754395
2014-09-27,2.6639838218688965
2014-09-28,2.489708662033081
2014-09-29,2.380032539367676
2014-09-30,2.449765682220459
2014-10-01,2.4806385040283203
2014-10-02,2.374048948287964
2014-10-03,2.3026130199432373
2014-10-04,2.26157283782959
2014-10-05,2.252223014831543
2014-10-06,2.187344551086426
2014-10-07,2.108283519744873
2014-10-08,2.055300712585449
2014-10-09,1.9952019453048706
2014-10-10,2.0385994911193848
2014-10-11,2.5824735164642334
2014-10-12,3.3397607803344727
2014-10-13,3.5704829692840576
2014-10-14,3.6520771980285645
2014-10-15,5.712735176086426
2014-10-16,9.191376686096191
2014-10-17,9.248190879821777
2014-10-18,6.551972389221191
2014-10-19,4.788358211517334
2014-10-20,3.8833272457122803
2014-10-21,3.3947393894195557
2014-10-22,3.088402509689331
2014-10-23,2.8619537353515625
2014-10-24,2.697347640991211
2014-10-25,2.6007001399993896
2014-10-26,2.5156631469726562
2014-10-27,2.439777374267578
2014-10-28,2.42463755607605
2014-10-29,2.372001886367798
2014-10-30,2.3019070625305176
2014-10-31,2.2825355529785156
2014-11-01,2.512497663497925
2014-11-02,3.505793571472168
2014-11-03,4.438562393188477
2014-11-04,4.151825904846191
2014-11-05,3.6631767749786377
2014-11-06,3.4139320850372314
2014-11-07,3.4879021644592285
2014-11-08,3.6031389236450195
2014-11-09,3.448960542678833
2014-11-10,3.302145481109619
2014-11-11,3.2425737380981445
2014-11-12,3.1710240840911865
2014-11-13,3.07271671295166
2014-11-14,3.0384793281555176
2014-11-15,2.97790789604187
2014-11-16,2.972794532775879
2014-11-17,3.247798442840576
2014-11-18,4.189201831817627
2014-11-19,4.911913871765137
2014-11-20,4.494001388549805
2014-11-21,4.006845474243164
2014-11-22,3.7352259159088135
2014-11-23,3.624718189239502
2014-11-24,4.087368011474609
2014-11-25,5.554332256317139
2014-11-26,9.04215145111084
2014-11-27,18.036773681640625
2014-11-28,22.131437301635742
2014-11-29,15.643548011779785
2014-11-30,10.449321746826172
2014-12-01,7.981077194213867
2014-12-02,6.675581932067871
2014-12-03,5.898970603942871
2014-12-04,5.413538932800293
2014-12-05,5.073119163513184
2014-12-06,4.87231969833374
2014-12-07,4.92800760269165
2014-12-08,5.041236877441406
2014-12-09,5.304224967956543
2014-12-10,6.363872528076172
2014-12-11,6.776876449584961
2014-12-12,6.149500846862793
2014-12-13,5.607603549957275
2014-12-14,5.262042045593262
2014-12-15,4.998798847198486
2014-12-16,4.884541034698486
2014-12-17,4.9326066970825195
2014-12-18,4.951996803283691
2014-12-19,4.769965171813965
2014-12-20,4.617083549499512
2014-12-21,4.522574424743652
2014-12-22,4.507987976074219
2014-12-23,4.806595802307129
2014-12-24,8.422008514404297
2014-12-25,20.81775665283203
2014-12-26,25.82345962524414
2014-12-27,17.375383377075195
2014-12-28,11.968615531921387
2014-12-29,10.249466896057129
2014-12-30,12.366874694824219
2014-12-31,14.475889205932617
2015-01-01,12.448566436767578
2015-01-02,10.126949310302734
2015-01-03,9.040817260742188
2015-01-04,9.936506271362305
2015-01-05,12.270212173461914
2015-01-06,12.569369316101074
2015-01-07,10.536686897277832
2015-01-08,8.920697212219238
2015-01-09,7.898979187011719
2015-01-10,7.281703472137451
2015-01-11,6.794419288635254
2015-01-12,7.91853141784668
2015-01-13,13.059574127197266
2015-01-14,16.231788635253906
2015-01-15,14.213288307189941
2015-01-16,11.525135040283203
2015-01-17,9.954858779907227
2015-01-18,9.118865966796875
2015-01-19,8.959863662719727
2015-01-20,8.62495231628418
2015-01-21,8.019081115722656
2015-01-22,7.487105369567871
2015-01-23,7.489006519317627
2015-01-24,12.386575698852539
2015-01-25,21.03729248046875
2015-01-26,21.15664291381836
2015-01-27,16.65132713317871
2015-01-28,13.265856742858887
2015-01-29,10.968159675598145
2015-01-30,9.596282005310059
2015-01-31,8.7625150680542
2015-02-01,8.145118713378906
2015-02-02,8.716113090515137
2015-02-03,11.25275993347168
2015-02-04,12.349542617797852
2015-02-05,10.95544147491455
2015-02-06,9.640998840332031
2015-02-07,8.71996021270752
2015-02-08,8.076196670532227
2015-02-09,7.933632850646973
2015-02-10,11.53338623046875
2015-02-11,18.146631240844727
2015-02-12,18.471548080444336
2015-02-13,14.650012016296387
2015-02-14,11.983363151550293
2015-02-15,10.10948371887207
2015-02-16,9.003886222839355
2015-02-17,8.6802396774292
2015-02-18,9.268321990966797
2015-02-19,9.396674156188965
2015-02-20,8.66517448425293
2015-02-21,8.173016548156738
2015-02-22,9.4517822265625
2015-02-23,14.392472267150879
2015-02-24,18.622535705566406
2015-02-25,17.443408966064453
2015-02-26,24.443500518798828
2015-02-27,33.235050201416016
2015-02-28,32.87406539916992
2015-03-01,26.13184928894043
2015-03-02,25.153772354125977
2015-03-03,27.736873626708984
2015-03-04,28.895597457885742
2015-03-05,45.15614318847656
2015-03-06,69.50639343261719
2015-03-07,67.4703598022461
2015-03-08,43.12484359741211
2015-03-09,30.275724411010742
2015-03-10,23.585311889648438
2015-03-11,19.565004348754883
2015-03-12,17.514019012451172
2015-03-13,16.145709991455078
2015-03-14,14.964578628540039
2015-03-15,16.64931869506836
2015-03-16,17.595447540283203
2015-03-17,15.290910720825195
2015-03-18,13.279317855834961
2015-03-19,12.412981986999512
2015-03-20,15.751666069030762
2015-03-21,21.058162689208984
2015-03-22,20.765586853027344
2015-03-23,17.229167938232422
2015-03-24,14.534029960632324
2015-03-25,12.631037712097168
2015-03-26,12.041457176208496
2015-03-27,14.204448699951172
2015-03-28,18.405492782592773
2015-03-29,18.56584358215332
2015-03-30,15.31430435180664
2015-03-31,13.24019718170166
2015-04-01,11.803082466125488
2015-04-02,10.730428695678711
2015-04-03,9.988448143005371
2015-04-04,9.49976921081543
2015-04-05,9.07628345489502
2015-04-06,8.561028480529785
2015-04-07,8.216344833374023
2015-04-08,8.062540054321289
2015-04-09,8.186966896057129
2015-04-10,8.779947280883789
2015-04-11,9.168045043945312
2015-04-12,8.59406852722168
2015-04-13,7.817793846130371
2015-04-14,7.426793098449707
2015-04-15,8.201578140258789
2015-04-16,11.220584869384766
2015-04-17,14.733985900878906
2015-04-18,14.774213790893555
2015-04-19,13.398285865783691
2015-04-20,20.840044021606445
2015-04-21,30.62334442138672
2015-04-22,26.534988403320312
2015-04-23,18.666799545288086
2015-04-24,14.059823036193848
2015-04-25,11.520303726196289
2015-04-26,10.726318359375
2015-04-27,10.93315315246582
2015-04-28,10.489035606384277
2015-04-29,9.461150169372559
2015-04-30,8.761463165283203
2015-05-01,13.478135108947754
2015-05-02,22.89036750793457
2015-05-03,23.89030647277832
2015-05-04,17.694074630737305
2015-05-05,13.331267356872559
2015-05-06,10.754958152770996
2015-05-07,9.147445678710938
2015-05-08,8.118156433105469
2015-05-09,7.459683895111084
2015-05-10,7.129819393157959
2015-05-11,6.994956016540527
2015-05-12,6.775510787963867
2015-05-13,6.467879772186279
2015-05-14,6.0707478523254395
2015-05-15,5.517473220825195
2015-05-16,5.186521530151367
2015-05-17,4.954387664794922
2015-05-18,4.697421073913574
2015-05-19,4.749014377593994
2015-05-20,5.000057697296143
2015-05-21,5.1354899406433105
2015-05-22,6.033045768737793
2015-05-23,6.7863922119140625
2015-05-24,5.843934059143066
2015-05-25,5.0579047203063965
2015-05-26,4.53970193862915
2015-05-27,4.129331111907959
2015-05-28,3.8864383697509766
2015-05-29,3.7348599433898926
2015-05-30,3.6367318630218506
2015-05-31,3.5388565063476562
2015-06-01,3.75783109664917
2015-06-02,5.28514289855957
2015-06-03,7.538571834564209
2015-06-04,9.102685928344727
2015-06-05,8.636570930480957
2015-06-06,6.906346321105957
2015-06-07,5.535004138946533
2015-06-08,4.599348545074463
2015-06-09,4.686192035675049
2015-06-10,5.866962909698486
2015-06-11,6.021946430206299
2015-06-12,4.981081008911133
2015-06-13,4.1464457511901855
2015-06-14,3.6780457496643066
2015-06-15,3.3182263374328613
2015-06-16,3.008673906326294
2015-06-17,2.7585365772247314
2015-06-18,2.6013598442077637
2015-06-19,2.6303369998931885
2015-06-20,2.893282413482666
2015-06-21,3.2297346591949463
2015-06-22,3.1609504222869873
2015-06-23,2.848987340927124
2015-06-24,2.5552563667297363
2015-06-25,2.355361223220825
2015-06-26,2.5061285495758057
2015-06-27,3.141075849533081
2015-06-28,3.9203197956085205
2015-06-29,4.0324530601501465
2015-06-30,3.410526752471924
2015-07-01,3.1128227710723877
2015-07-02,3.0142505168914795
2015-07-03,3.177835464477539
2015-07-04,3.779719114303589
2015-07-05,4.448473930358887
2015-07-06,5.0119524002075195
2015-07-07,5.569205284118652
2015-07-08,5.236644268035889
2015-07-09,4.2469964027404785
2015-07-10,3.375722646713257
2015-07-11,2.754037618637085
2015-07-12,2.3395068645477295
2015-07-13,2.222118854522705
2015-07-14,2.7796356678009033
2015-07-15,3.773179054260254
2015-07-16,4.004861354827881
2015-07-17,3.2803187370300293
2015-07-18,2.645723342895508
2015-07-19,2.5796241760253906
2015-07-20,2.9113221168518066
2015-07-21,3.0768837928771973
2015-07-22,2.9935483932495117
2015-07-23,2.879401922225952
2015-07-24,2.9333643913269043
2015-07-25,2.8858160972595215
2015-07-26,2.4678051471710205
2015-07-27,2.097411632537842
2015-07-28,2.004601001739502
2015-07-29,2.327789783477783
2015-07-30,2.757741928100586
2015-07-31,2.95371413230896
2015-08-01,2.8858606815338135
2015-08-02,2.464447021484375
2015-08-03,2.0633981227874756
2015-08-04,1.7849053144454956
2015-08-05,1.5991740226745605
2015-08-06,1.5508424043655396
2015-08-07,2.1714746952056885
2015-08-08,4.810152530670166
2015-08-09,6.693610668182373
2015-08-10,4.9862213134765625
2015-08-11,3.957796096801758
2015-08-12,4.56826114654541
2015-08-13,4.948910713195801
2015-08-14,3.8636600971221924
2015-08-15,2.9329681396484375
2015-08-16,2.400130033493042
2015-08-17,2.0905213356018066
2015-08-18,1.9462859630584717
2015-08-19,2.1970295906066895
2015-08-20,3.2942352294921875
2015-08-21,4.264326095581055
2015-08-22,3.7488653659820557
2015-08-23,2.8789901733398438
2015-08-24,2.3205060958862305
2015-08-25,2.0337791442871094
2015-08-26,1.8417158126831055
2015-08-27,1.6743998527526855
2015-08-28,1.539397954940796
2015-08-29,1.4590821266174316
2015-08-30,1.4228874444961548
2015-08-31,1.4922218322753906
2015-09-01,1.6821668148040771
2015-09-02,1.7318918704986572
2015-09-03,1.6102182865142822
2015-09-04,1.5051980018615723
2015-09-05,1.4691998958587646
2015-09-06,1.4448647499084473
2015-09-07,1.38676118850708
2015-09-08,1.33015775680542
2015-09-09,1.3093310594558716
2015-09-10,1.3545631170272827
2015-09-11,1.523419737815857
2015-09-12,1.7083431482315063
2015-09-13,1.8024780750274658
2015-09-14,1.7874833345413208
2015-09-15,1.6350175142288208
2015-09-16,1.497642993927002
2015-09-17,1.3908021450042725
2015-09-18,1.3203654289245605
2015-09-19,1.2636592388153076
2015-09-20,1.2118852138519287
2015-09-21,1.1830286979675293
2015-09-22,1.249361515045166
2015-09-23,1.3145923614501953
2015-09-24,1.2878341674804688
2015-09-25,1.8273462057113647
2015-09-26,5.291862487792969
2015-09-27,11.13854694366455
2015-09-28,13.87211799621582
2015-09-29,17.944435119628906
2015-09-30,33.0050163269043
2015-10-01,38.657894134521484
2015-10-02,23.837541580200195
2015-10-03,70.48863983154297
2015-10-04,129.4423370361328
2015-10-05,97.31529235839844
2015-10-06,52.57194900512695
2015-10-07,26.943458557128906
2015-10-08,16.46798324584961
2015-10-09,11.90369701385498
2015-10-10,9.554208755493164
2015-10-11,8.416717529296875
2015-10-12,7.732985496520996
2015-10-13,6.886486053466797
2015-10-14,6.178476333618164
2015-10-15,5.64895486831665
2015-10-16,5.283074378967285
2015-10-17,4.999772071838379
2015-10-18,4.733105659484863
2015-10-19,4.5389814376831055
2015-10-20,4.353849411010742
2015-10-21,4.23227596282959
2015-10-22,4.121671199798584
2015-10-23,3.992358446121216
2015-10-24,3.8263463973999023
2015-10-25,3.7242069244384766
2015-10-26,3.646413803100586
2015-10-27,3.7754721641540527
2015-10-28,6.777661323547363
2015-10-29,16.5071964263916
2015-10-30,21.292333602905273
2015-10-31,15.206875801086426
2015-11-01,10.732477188110352
2015-11-02,19.677810668945312
2015-11-03,48.98692321777344
2015-11-04,60.17629623413086
2015-11-05,40.11286544799805
2015-11-06,25.92314338684082
2015-11-07,18.825193405151367
2015-11-08,16.316211700439453
2015-11-09,26.6016788482666
2015-11-10,65.2948989868164
2015-11-11,86.61204528808594
2015-11-12,58.21568298339844
2015-11-13,33.70441818237305
2015-11-14,22.19619369506836
2015-11-15,16.804296493530273
2015-11-16,13.852644920349121
2015-11-17,12.215543746948242
2015-11-18,11.171217918395996
2015-11-19,20.25971031188965
2015-11-20,54.856807708740234
2015-11-21,65.82859802246094
2015-11-22,40.267032623291016
2015-11-23,25.70498275756836
2015-11-24,18.896312713623047
2015-11-25,15.212617874145508
2015-11-26,13.25219440460205
2015-11-27,12.036664962768555
2015-11-28,11.166266441345215
2015-11-29,10.508056640625
2015-11-30,13.787528991699219
2015-12-01,33.4737548828125
2015-12-02,54.45966720581055
2015-12-03,56.459564208984375
2015-12-04,46.91850662231445
2015-12-05,31.29413604736328
2015-12-06,22.371837615966797
2015-12-07,17.88357925415039
2015-12-08,15.521108627319336
2015-12-09,14.185062408447266
2015-12-10,13.158063888549805
2015-12-11,12.316354751586914
2015-12-12,11.619491577148438
2015-12-13,11.026686668395996
2015-12-14,10.580241203308105
2015-12-15,10.461660385131836
2015-12-16,10.304306983947754
2015-12-17,16.565099716186523
2015-12-18,41.5567512512207
2015-12-19,50.38990020751953
2015-12-20,33.669700622558594
2015-12-21,22.881929397583008
2015-12-22,41.38974380493164
2015-12-23,114.09398651123047
2015-12-24,177.69180297851562
2015-12-25,192.74075317382812
2015-12-26,146.83778381347656
2015-12-27,86.55310821533203
2015-12-28,53.46000671386719
2015-12-29,46.92707061767578
2015-12-30,80.07164001464844
2015-12-31,120.71437072753906
2016-01-01,113.063720703125
2016-01-02,72.60330200195312
2016-01-03,45.78657150268555
2016-01-04,32.967044830322266
2016-01-05,26.926427841186523
2016-01-06,23.453292846679688
2016-01-07,20.22280502319336
2016-01-08,18.25887680053711
2016-01-09,17.13395881652832
2016-01-10,17.52698516845703
2016-01-11,19.210704803466797
2016-01-12,19.48016357421875
2016-01-13,17.573999404907227
2016-01-14,16.096134185791016
2016-01-15,15.49364948272705
2016-01-16,19.126955032348633
2016-01-17,25.967018127441406
2016-01-18,26.82455825805664
2016-01-19,23.233911514282227
2016-01-20,19.860004425048828
2016-01-21,17.5604190826416
2016-01-22,16.43675994873047
2016-01-23,16.938663482666016
2016-01-24,18.628002166748047
2016-01-25,19.50082015991211
2016-01-26,21.285974502563477
2016-01-27,23.875137329101562
2016-01-28,25.35870361328125
2016-01-29,23.662036895751953
2016-01-30,21.37820816040039
2016-01-31,19.295331954956055
2016-02-01,18.23764991760254
2016-02-02,17.596702575683594
2016-02-03,20.211105346679688
2016-02-04,36.947757720947266
2016-02-05,53.27253723144531
2016-02-06,42.07093811035156
2016-02-07,29.761899948120117
2016-02-08,23.56420135498047
2016-02-09,20.26633071899414
2016-02-10,18.60402488708496
2016-02-11,17.212053298950195
2016-02-12,15.91306209564209
2016-02-13,15.023513793945312
2016-02-14,14.361726760864258
2016-02-15,13.603755950927734
2016-02-16,32.47917175292969
2016-02-17,73.23332977294922
2016-02-18,78.82990264892578
2016-02-19,54.923072814941406
2016-02-20,37.97945022583008
2016-02-21,29.31949806213379
2016-02-22,24.863019943237305
2016-02-23,26.275978088378906
2016-02-24,63.23906707763672
2016-02-25,108.25568389892578
2016-02-26,88.09461975097656
2016-02-27,53.5278205871582
2016-02-28,35.749202728271484
2016-02-29,27.656980514526367
2016-03-01,23.616283416748047
2016-03-02,21.299808502197266
2016-03-03,20.208881378173828
2016-03-04,19.07277488708496
2016-03-05,18.005111694335938
2016-03-06,17.008630752563477
2016-03-07,16.14450454711914
2016-03-08,15.376201629638672
2016-03-09,14.825925827026367
2016-03-10,14.300604820251465
2016-03-11,13.766162872314453
2016-03-12,13.27318000793457
2016-03-13,13.052067756652832
2016-03-14,13.770219802856445
2016-03-15,15.191534996032715
2016-03-16,15.7979097366333
2016-03-17,15.024792671203613
2016-03-18,13.70689868927002
2016-03-19,12.814923286437988
2016-03-20,12.36512279510498
2016-03-21,12.245397567749023
2016-03-22,11.974002838134766
2016-03-23,11.530736923217773
2016-03-24,11.207475662231445
2016-03-25,10.882362365722656
2016-03-26,10.655099868774414
2016-03-27,12.238015174865723
2016-03-28,31.448604583740234
2016-03-29,50.249900817871094
2016-03-30,39.041465759277344
2016-03-31,26.50328826904297
2016-04-01,20.75269317626953
2016-04-02,18.773845672607422
2016-04-03,17.877857208251953
2016-04-04,15.981223106384277
2016-04-05,14.348941802978516
2016-04-06,13.203896522521973
2016-04-07,12.857939720153809
2016-04-08,13.852463722229004
2016-04-09,14.061662673950195
2016-04-10,12.918964385986328
2016-04-11,11.90478515625
2016-04-12,11.565320014953613
2016-04-13,11.69782829284668
2016-04-14,11.499652862548828
2016-04-15,10.831995964050293
2016-04-16,10.318650245666504
2016-04-17,9.872198104858398
2016-04-18,9.53420352935791
2016-04-19,9.339471817016602
2016-04-20,9.097123146057129
2016-04-21,8.746235847473145
2016-04-22,8.774353981018066
2016-04-23,10.061408996582031
2016-04-24,11.175868034362793
2016-04-25,10.237967491149902
2016-04-26,9.324383735656738
2016-04-27,8.757055282592773
2016-04-28,10.030694007873535
2016-04-29,14.59664249420166
2016-04-30,16.4449462890625
2016-05-01,13.598034858703613
2016-05-02,13.668996810913086
2016-05-03,27.281692504882812
2016-05-04,60.071144104003906
2016-05-05,64.24315643310547
2016-05-06,63.882118225097656
2016-05-07,77.76882934570312
2016-05-08,58.921295166015625
2016-05-09,36.87023162841797
2016-05-10,25.019330978393555
2016-05-11,19.309364318847656
2016-05-12,16.253814697265625
2016-05-13,17.820358276367188
2016-05-14,22.819040298461914
2016-05-15,22.324195861816406
2016-05-16,17.508352279663086
2016-05-17,15.180365562438965
2016-05-18,17.34434700012207
2016-05-19,19.536983489990234
2016-05-20,17.501712799072266
2016-05-21,20.184242248535156
2016-05-22,38.657493591308594
2016-05-23,51.353515625
2016-05-24,37.062068939208984
2016-05-25,25.076828002929688
2016-05-26,18.507568359375
2016-05-27,14.842704772949219
2016-05-28,12.752971649169922
2016-05-29,11.51957893371582
2016-05-30,11.123157501220703
2016-05-31,10.945269584655762
2016-06-01,9.98978328704834
2016-06-02,9.209007263183594
2016-06-03,9.267662048339844
2016-06-04,10.035999298095703
2016-06-05,12.921781539916992
2016-06-06,20.207054138183594
2016-06-07,24.774099349975586
2016-06-08,20.221755981445312
2016-06-09,14.843744277954102
2016-06-10,11.39572525024414
2016-06-11,9.60108757019043
2016-06-12,8.49464225769043
2016-06-13,7.64227294921875
2016-06-14,6.942447185516357
2016-06-15,6.595739841461182
2016-06-16,7.113141059875488
2016-06-17,7.96473503112793
2016-06-18,7.641964435577393
2016-06-19,7.037958145141602
2016-06-20,6.268603801727295
2016-06-21,5.72796106338501
2016-06-22,5.336362361907959
2016-06-23,5.109073638916016
2016-06-24,6.415251731872559
2016-06-25,10.741204261779785
2016-06-26,13.579041481018066
2016-06-27,10.701971054077148
2016-06-28,8.48790454864502
2016-06-29,8.937070846557617
2016-06-30,9.778950691223145
2016-07-01,9.514470100402832
2016-07-02,9.278997421264648
2016-07-03,12.558146476745605
2016-07-04,25.02706527709961
2016-07-05,38.870689392089844
2016-07-06,35.260948181152344
2016-07-07,24.437002182006836
2016-07-08,17.907339096069336
2016-07-09,15.057975769042969
2016-07-10,13.689918518066406
2016-07-11,11.96347427368164
2016-07-12,9.71124267578125
2016-07-13,8.518355369567871
2016-07-14,7.796183109283447
2016-07-15,7.40967321395874
2016-07-16,7.671199798583984
2016-07-17,8.129973411560059
2016-07-18,8.159215927124023
2016-07-19,7.430915355682373
2016-07-20,6.456228733062744
2016-07-21,5.732785224914551
2016-07-22,5.169377326965332
2016-07-23,4.760603904724121
2016-07-24,4.432149410247803
2016-07-25,4.128808975219727
2016-07-26,3.884368658065796
2016-07-27,3.9224636554718018
2016-07-28,4.441702365875244
2016-07-29,4.845656394958496
2016-07-30,4.515334606170654
2016-07-31,4.112338066101074
2016-08-01,5.097599506378174
2016-08-02,7.513937950134277
2016-08-03,9.860496520996094
2016-08-04,11.592260360717773
2016-08-05,12.715829849243164
2016-08-06,13.814332962036133
2016-08-07,17.081161499023438
2016-08-08,19.919818878173828
2016-08-09,20.767364501953125
2016-08-10,18.611591339111328
2016-08-11,15.414139747619629
2016-08-12,11.256726264953613
2016-08-13,8.34168815612793
2016-08-14,6.620615482330322
2016-08-15,5.645260334014893
2016-08-16,5.1650471687316895
2016-08-17,4.961203575134277
2016-08-18,4.98610782623291
2016-08-19,5.109879016876221
2016-08-20,4.85518217086792
2016-08-21,4.951303958892822
2016-08-22,5.455621242523193
2016-08-23,5.580132484436035
2016-08-24,4.8289031982421875
2016-08-25,4.2527265548706055
2016-08-26,3.8860394954681396
2016-08-27,3.652904987335205
2016-08-28,3.747321128845215
2016-08-29,3.9618124961853027
2016-08-30,3.7146358489990234
2016-08-31,3.3790605068206787
2016-09-01,3.2274014949798584
2016-09-02,3.399216651916504
2016-09-03,3.7053775787353516
2016-09-04,3.6672394275665283
2016-09-05,3.388741970062256
2016-09-06,3.147644281387329
2016-09-07,2.969308376312256
2016-09-08,2.8121471405029297
2016-09-09,2.6870076656341553
2016-09-10,2.578333854675293
2016-09-11,2.498537540435791
2016-09-12,2.4299092292785645
2016-09-13,2.3763182163238525
2016-09-14,2.315540075302124
2016-09-15,2.248677968978882
2016-09-16,2.1965718269348145
2016-09-17,2.1851158142089844
2016-09-18,2.1698529720306396
2016-09-19,3.0977210998535156
2016-09-20,4.9471940994262695
2016-09-21,5.35445499420166
2016-09-22,4.638943672180176
2016-09-23,4.446926116943359
2016-09-24,4.124680995941162
2016-09-25,3.581132173538208
2016-09-26,3.248073101043701
2016-09-27,3.5481021404266357
2016-09-28,6.8495049476623535
2016-09-29,30.760494232177734
2016-09-30,43.356990814208984
2016-10-01,30.14986801147461
2016-10-02,15.367302894592285
2016-10-03,9.006471633911133
2016-10-04,6.51520299911499
2016-10-05,5.348176956176758
2016-10-06,4.7256083488464355
2016-10-07,4.715081214904785
2016-10-08,67.303955078125
2016-10-09,207.2318115234375
2016-10-10,195.4280242919922
2016-10-11,77.33531951904297
2016-10-12,34.831607818603516
2016-10-13,20.870176315307617
2016-10-14,15.19116497039795
2016-10-15,12.240607261657715
2016-10-16,10.589298248291016
2016-10-17,9.480382919311523
2016-10-18,8.580558776855469
2016-10-19,7.833365440368652
2016-10-20,7.252619743347168
2016-10-21,6.825840950012207
2016-10-22,6.519847393035889
2016-10-23,6.204267501831055
2016-10-24,5.907534122467041
2016-10-25,5.657596588134766
2016-10-26,5.421610355377197
2016-10-27,5.302881717681885
2016-10-28,5.207159519195557
2016-10-29,5.069156646728516
2016-10-30,5.009469985961914
2016-10-31,4.881061553955078
2016-11-01,4.828827857971191
2016-11-02,4.9383392333984375
2016-11-03,4.920356273651123
2016-11-04,4.818743705749512
2016-11-05,4.705470085144043
2016-11-06,4.6710896492004395
2016-11-07,4.638293743133545
2016-11-08,4.621589660644531
2016-11-09,4.654484748840332
2016-11-10,4.55495548248291
2016-11-11,4.508706092834473
2016-11-12,4.456380844116211
2016-11-13,4.446568489074707
2016-11-14,4.542889595031738
2016-11-15,4.669911861419678
2016-11-16,4.751577854156494
2016-11-17,4.741307735443115
2016-11-18,4.7309794425964355
2016-11-19,4.749264240264893
2016-11-20,4.664392471313477
2016-11-21,4.509434223175049
2016-11-22,4.489080429077148
2016-11-23,4.53281307220459
2016-11-24,4.570104122161865
2016-11-25,4.668542861938477
2016-11-26,4.806399822235107
2016-11-27,4.6749773025512695
2016-11-28,4.644966125488281
2016-11-29,4.6747846603393555
2016-11-30,5.003602981567383
2016-12-01,5.975590705871582
2016-12-02,6.8629889488220215
2016-12-03,6.740950584411621
2016-12-04,6.1010003089904785
2016-12-05,6.290335655212402
2016-12-06,7.89530611038208
2016-12-07,11.4258394241333
2016-12-08,13.663865089416504
2016-12-09,10.697493553161621
2016-12-10,8.645916938781738
2016-12-11,7.550969123840332
2016-12-12,6.931435585021973
2016-12-13,6.69281005859375
2016-12-14,6.542327880859375
2016-12-15,6.1667256355285645
2016-12-16,5.932416915893555
2016-12-17,5.771450996398926
2016-12-18,5.7022013664245605
2016-12-19,5.729433536529541
2016-12-20,5.950840473175049
2016-12-21,5.9360857009887695
2016-12-22,5.815286636352539
2016-12-23,5.678834915161133
2016-12-24,5.568237781524658
2016-12-25,5.647161483764648
2016-12-26,5.764471054077148
2016-12-27,5.735557556152344
2016-12-28,5.687980651855469
2016-12-29,5.712359428405762
2016-12-30,5.8945441246032715
2016-12-31,5.899565696716309
2017-01-01,5.724094390869141
2017-01-02,8.213154792785645
2017-01-03,23.435054779052734
2017-01-04,38.23016357421875
2017-01-05,32.28053283691406
2017-01-06,20.356128692626953
2017-01-07,15.331596374511719
2017-01-08,13.973910331726074
2017-01-09,12.3416748046875
2017-01-10,11.033281326293945
2017-01-11,11.106706619262695
2017-01-12,12.957662582397461
2017-01-13,14.979924201965332
2017-01-14,14.449735641479492
2017-01-15,12.7977294921875
2017-01-16,11.441935539245605
2017-01-17,10.520956039428711
2017-01-18,10.277873039245605
2017-01-19,9.9847412109375
2017-01-20,9.64097785949707
2017-01-21,10.993968963623047
2017-01-22,14.97249698638916
2017-01-23,32.497047424316406
2017-01-24,62.17347717285156
2017-01-25,57.82579040527344
2017-01-26,34.978179931640625
2017-01-27,22.967544555664062
2017-01-28,17.23316192626953
2017-01-29,14.267925262451172
2017-01-30,12.489599227905273
2017-01-31,11.345541000366211
2017-02-01,10.538324356079102
2017-02-02,9.97956657409668
2017-02-03,9.541728019714355
2017-02-04,9.279988288879395
2017-02-05,9.005764961242676
2017-02-06,8.712318420410156
2017-02-07,8.490108489990234
2017-02-08,8.365407943725586
2017-02-09,9.032539367675781
2017-02-10,10.264937400817871
2017-02-11,10.350442886352539
2017-02-12,9.524921417236328
2017-02-13,8.809347152709961
2017-02-14,8.28083324432373
2017-02-15,8.107311248779297
2017-02-16,8.503807067871094
2017-02-17,8.678653717041016
2017-02-18,8.200447082519531
2017-02-19,7.841261863708496
2017-02-20,7.554098606109619
2017-02-21,7.281726837158203
2017-02-22,7.172011852264404
2017-02-23,7.180057525634766
2017-02-24,7.22774076461792
2017-02-25,7.087510108947754
2017-02-26,6.970020294189453
2017-02-27,6.82414436340332
2017-02-28,6.660963535308838
2017-03-01,6.870084762573242
2017-03-02,9.548467636108398
2017-03-03,12.727277755737305
2017-03-04,11.748342514038086
2017-03-05,9.929333686828613
2017-03-06,8.828584671020508
2017-03-07,8.13172721862793
2017-03-08,7.690239906311035
2017-03-09,7.378401756286621
2017-03-10,7.082176685333252
2017-03-11,6.891828536987305
2017-03-12,6.588988304138184
2017-03-13,6.370079040527344
2017-03-14,7.2650275230407715
2017-03-15,9.301623344421387
2017-03-16,9.562128067016602
2017-03-17,8.744473457336426
2017-03-18,8.426032066345215
2017-03-19,8.781625747680664
2017-03-20,8.732494354248047
2017-03-21,8.113460540771484
2017-03-22,7.676154136657715
2017-03-23,7.306338787078857
2017-03-24,6.910835266113281
2017-03-25,6.649047374725342
2017-03-26,6.487712383270264
2017-03-27,6.427328109741211
2017-03-28,6.597503662109375
2017-03-29,7.253547191619873
2017-03-30,7.636566638946533
2017-03-31,8.40549373626709
2017-04-01,11.90303897857666
2017-04-02,13.501619338989258
2017-04-03,11.615604400634766
2017-04-04,13.714025497436523
2017-04-05,17.737428665161133
2017-04-06,20.10873031616211
2017-04-07,21.43364143371582
2017-04-08,18.26938819885254
2017-04-09,13.892618179321289
2017-04-10,11.170683860778809
2017-04-11,9.62576675415039
2017-04-12,8.558317184448242
2017-04-13,7.7408881187438965
2017-04-14,7.210908889770508
2017-04-15,6.895641326904297
2017-04-16,6.663243770599365
2017-04-17,6.351066589355469
2017-04-18,6.0727996826171875
2017-04-19,5.998431205749512
2017-04-20,6.049651622772217
2017-04-21,6.134038925170898
2017-04-22,6.439217567443848
2017-04-23,10.765925407409668
2017-04-24,55.88908004760742
2017-04-25,216.32469177246094
2017-04-26,288.1556396484375
2017-04-27,179.01498413085938
2017-04-28,81.8204116821289
2017-04-29,45.02778625488281
2017-04-30,30.979442596435547
2017-05-01,23.37656593322754
2017-05-02,20.943988800048828
2017-05-03,19.89628791809082
2017-05-04,16.68329620361328
2017-05-05,20.6202335357666
2017-05-06,32.59275436401367
2017-05-07,33.73576354980469
2017-05-08,25.015825271606445
2017-05-09,18.763626098632812
2017-05-10,16.40079116821289
2017-05-11,16.22528076171875
2017-05-12,15.319172859191895
2017-05-13,15.014781951904297
2017-05-14,15.473969459533691
2017-05-15,14.603650093078613
2017-05-16,12.415254592895508
2017-05-17,10.752118110656738
2017-05-18,9.574081420898438
2017-05-19,9.05339527130127
2017-05-20,9.331451416015625
2017-05-21,9.535082817077637
2017-05-22,10.2890043258667
2017-05-23,21.218181610107422
2017-05-24,62.899078369140625
2017-05-25,114.60039520263672
2017-05-26,104.66338348388672
2017-05-27,63.51664352416992
2017-05-28,38.32401657104492
2017-05-29,30.335561752319336
2017-05-30,26.626970291137695
2017-05-31,21.20340347290039
2017-06-01,17.831195831298828
2017-06-02,15.327961921691895
2017-06-03,13.007796287536621
2017-06-04,11.330033302307129
2017-06-05,11.5850830078125
2017-06-06,15.876704216003418
2017-06-07,18.85285186767578
2017-06-08,15.454748153686523
2017-06-09,12.223305702209473
2017-06-10,10.369956016540527
2017-06-11,9.111629486083984
2017-06-12,8.132116317749023
2017-06-13,7.700674057006836
2017-06-14,8.843631744384766
2017-06-15,10.668611526489258
2017-06-16,11.33838176727295
2017-06-17,16.781539916992188
2017-06-18,29.533742904663086
2017-06-19,43.5979118347168
2017-06-20,97.63636779785156
2017-06-21,139.47438049316406
2017-06-22,104.0291748046875
2017-06-23,59.604393005371094
2017-06-24,45.10773468017578
2017-06-25,45.9556999206543
2017-06-26,37.357364654541016
2017-06-27,24.9658260345459
2017-06-28,18.037166595458984
2017-06-29,14.15032958984375
2017-06-30,12.6332426071167
2017-07-01,12.930028915405273
2017-07-02,12.613618850708008
2017-07-03,11.003124237060547
2017-07-04,9.572887420654297
2017-07-05,9.266661643981934
2017-07-06,10.341423034667969
2017-07-07,10.898608207702637
2017-07-08,10.221643447875977
2017-07-09,9.955656051635742
2017-07-10,9.559150695800781
2017-07-11,8.371720314025879
2017-07-12,7.266193866729736
2017-07-13,6.656002521514893
2017-07-14,6.591772079467773
2017-07-15,6.536651134490967
2017-07-16,6.102327823638916
2017-07-17,5.610974311828613
2017-07-18,5.382888317108154
2017-07-19,5.481861114501953
2017-07-20,5.632231712341309
2017-07-21,5.43821907043457
2017-07-22,4.934867858886719
2017-07-23,4.623399257659912
2017-07-24,4.656540393829346
2017-07-25,4.750234603881836
2017-07-26,4.399172782897949
2017-07-27,4.032336711883545
2017-07-28,3.961488962173462
2017-07-29,4.175071716308594
2017-07-30,4.34155797958374
2017-07-31,4.112497329711914
2017-08-01,3.7544732093811035
2017-08-02,3.496349334716797
2017-08-03,3.338046073913574
2017-08-04,3.25120210647583
2017-08-05,3.216832160949707
2017-08-06,3.2019152641296387
2017-08-07,3.276602029800415
2017-08-08,4.159176826477051
2017-08-09,5.719398498535156
2017-08-10,5.916749954223633
2017-08-11,4.860860824584961
2017-08-12,4.43927526473999
2017-08-13,5.131323337554932
2017-08-14,6.224926948547363
2017-08-15,6.772854804992676
2017-08-16,7.54536247253418
2017-08-17,8.140314102172852
2017-08-18,7.273162841796875
2017-08-19,5.810962677001953
2017-08-20,4.903303146362305
2017-08-21,4.288032054901123
2017-08-22,3.856226682662964
2017-08-23,3.5918822288513184
2017-08-24,3.3519322872161865
2017-08-25,3.2269139289855957
2017-08-26,3.1148018836975098
2017-08-27,2.982592821121216
2017-08-28,2.857412338256836
2017-08-29,2.9680628776550293
2017-08-30,3.5460307598114014
2017-08-31,4.011251449584961
2017-09-01,3.963812828063965
2017-09-02,5.207854270935059
2017-09-03,7.594382286071777
2017-09-04,7.256961822509766
2017-09-05,5.519036293029785
2017-09-06,4.744646072387695
2017-09-07,5.627392768859863
2017-09-08,6.687006950378418
2017-09-09,5.557650089263916
2017-09-10,4.586410045623779
2017-09-11,4.057814121246338
2017-09-12,4.148140907287598
2017-09-13,5.18023681640625
2017-09-14,6.114994049072266
2017-09-15,5.493547439575195
2017-09-16,4.808111667633057
2017-09-17,4.2323455810546875
2017-09-18,3.774648904800415
2017-09-19,3.441824436187744
2017-09-20,3.21098256111145
2017-09-21,3.051586389541626
2017-09-22,2.9400687217712402
2017-09-23,2.8379547595977783
2017-09-24,2.712700128555298
2017-09-25,2.6030678749084473
2017-09-26,2.535630464553833
2017-09-27,2.493955612182617
2017-09-28,2.416760206222534
2017-09-29,2.3257577419281006
2017-09-30,2.2732954025268555
2017-10-01,2.2340822219848633
2017-10-02,2.206526756286621
2017-10-03,2.1895105838775635
2017-10-04,2.1721622943878174
2017-10-05,2.165661334991455
2017-10-06,2.1616599559783936
2017-10-07,2.1698129177093506
2017-10-08,2.353527545928955
2017-10-09,2.6823718547821045
2017-10-10,3.1315183639526367
2017-10-11,3.503516435623169
2017-10-12,3.432481288909912
2017-10-13,3.245028018951416
2017-10-14,3.190225601196289
2017-10-15,3.1038899421691895
2017-10-16,2.932830333709717
2017-10-17,2.886404514312744
2017-10-18,2.896395683288574
2017-10-19,2.795081853866577
2017-10-20,2.70998215675354
2017-10-21,2.648287773132324
2017-10-22,2.5978333950042725
2017-10-23,2.6322848796844482
2017-10-24,3.829350471496582
2017-10-25,6.544935703277588
2017-10-26,6.635706424713135
2017-10-27,5.206306457519531
2017-10-28,4.245238780975342
2017-10-29,3.7693119049072266
2017-10-30,3.61822772026062
2017-10-31,3.515166759490967
2017-11-01,3.3943965435028076
2017-11-02,3.333115816116333
2017-11-03,3.2129578590393066
2017-11-04,3.1761088371276855
2017-11-05,3.2905986309051514
2017-11-06,3.430927276611328
2017-11-07,3.366830825805664
2017-11-08,3.404636859893799
2017-11-09,3.721755027770996
2017-11-10,4.394119739532471
2017-11-11,4.778550148010254
2017-11-12,4.462538719177246
2017-11-13,4.431934833526611
2017-11-14,5.120066165924072
2017-11-15,5.6031341552734375
2017-11-16,5.144582748413086
2017-11-17,4.663801193237305
2017-11-18,4.378288269042969
2017-11-19,4.235222816467285
2017-11-20,4.06855583190918
2017-11-21,4.0160393714904785
2017-11-22,3.9976966381073
2017-11-23,3.894352436065674
2017-11-24,3.8647513389587402
2017-11-25,3.8749876022338867
2017-11-26,3.819215774536133
2017-11-27,3.7479465007781982
2017-11-28,3.7723286151885986
2017-11-29,3.7635533809661865
2017-11-30,3.744415283203125
2017-12-01,3.725865364074707
2017-12-02,3.6747584342956543
2017-12-03,3.721273422241211
2017-12-04,3.759793281555176
2017-12-05,3.7586183547973633
2017-12-06,3.807573080062866
2017-12-07,4.039427757263184
2017-12-08,4.361128807067871
2017-12-09,5.129038333892822
2017-12-10,6.471771240234375
2017-12-11,6.983172416687012
2017-12-12,6.486891269683838
2017-12-13,5.8375654220581055
2017-12-14,5.327271461486816
2017-12-15,4.908473968505859
2017-12-16,4.6848530769348145
2017-12-17,4.577295303344727
2017-12-18,4.54609489440918
2017-12-19,4.506036758422852
2017-12-20,4.586373329162598
2017-12-21,5.084751129150391
2017-12-22,5.749897480010986
2017-12-23,5.506842613220215
2017-12-24,5.224742412567139
2017-12-25,5.134192943572998
2017-12-26,4.91635274887085
2017-12-27,4.632798194885254
2017-12-28,4.476715564727783
2017-12-29,4.390386581420898
2017-12-30,4.280343055725098
2017-12-31,4.192666053771973
2018-01-01,4.089640140533447
2018-01-02,3.956716299057007
2018-01-03,3.8793089389801025
2018-01-04,3.784562826156616
2018-01-05,3.690044641494751
2018-01-06,3.5902364253997803
2018-01-07,3.4883103370666504
2018-01-08,3.461120128631592
2018-01-09,3.596813201904297
2018-01-10,3.7048325538635254
2018-01-11,3.723853588104248
2018-01-12,4.146076679229736
2018-01-13,7.873549461364746
2018-01-14,14.731569290161133
2018-01-15,13.252025604248047
2018-01-16,9.818299293518066
2018-01-17,8.362264633178711
2018-01-18,9.60926342010498
2018-01-19,11.25676155090332
2018-01-20,10.360981941223145
2018-01-21,9.718125343322754
2018-01-22,9.247733116149902
2018-01-23,9.649845123291016
2018-01-24,11.8089599609375
2018-01-25,12.349749565124512
2018-01-26,10.160589218139648
2018-01-27,8.530655860900879
2018-01-28,8.881336212158203
2018-01-29,19.05425262451172
2018-01-30,35.797325134277344
2018-01-31,35.348087310791016
2018-02-01,23.3275203704834
2018-02-02,16.43570899963379
2018-02-03,13.524827003479004
2018-02-04,15.539620399475098
2018-02-05,27.40471076965332
2018-02-06,33.24832534790039
2018-02-07,27.331979751586914
2018-02-08,35.184539794921875
2018-02-09,43.13801574707031
2018-02-10,29.977720260620117
2018-02-11,23.295166015625
2018-02-12,23.74989128112793
2018-02-13,23.459514617919922
2018-02-14,19.611637115478516
2018-02-15,16.20098304748535
2018-02-16,13.992292404174805
2018-02-17,12.562173843383789
2018-02-18,11.801248550415039
2018-02-19,11.508010864257812
2018-02-20,11.080666542053223
2018-02-21,10.76187801361084
2018-02-22,10.110608100891113
2018-02-23,9.504544258117676
2018-02-24,9.038335800170898
2018-02-25,8.678448677062988
2018-02-26,8.466879844665527
2018-02-27,8.508764266967773
2018-02-28,8.545711517333984
2018-03-01,9.218778610229492
2018-03-02,12.518364906311035
2018-03-03,14.137076377868652
2018-03-04,12.100295066833496
2018-03-05,10.362760543823242
2018-03-06,10.060157775878906
2018-03-07,13.823177337646484
2018-03-08,17.5996036529541
2018-03-09,15.747323989868164
2018-03-10,13.17734146118164
2018-03-11,11.6423921585083
2018-03-12,16.460065841674805
2018-03-13,30.64205551147461
2018-03-14,34.97453308105469
2018-03-15,25.892292022705078
2018-03-16,18.82357406616211
2018-03-17,15.214384078979492
2018-03-18,13.53415298461914
2018-03-19,13.545088768005371
2018-03-20,16.33045768737793
2018-03-21,29.212575912475586
2018-03-22,41.33549118041992
2018-03-23,34.559425354003906
2018-03-24,24.97806739807129
2018-03-25,30.863386154174805
2018-03-26,45.16914749145508
2018-03-27,39.395774841308594
2018-03-28,28.020675659179688
2018-03-29,21.62625503540039
2018-03-30,17.960346221923828
2018-03-31,15.622365951538086
2018-04-01,13.81452751159668
2018-04-02,12.47796630859375
2018-04-03,11.597090721130371
2018-04-04,11.000441551208496
2018-04-05,10.612786293029785
2018-04-06,10.168583869934082
2018-04-07,10.867985725402832
2018-04-08,16.402568817138672
2018-04-09,20.906070709228516
2018-04-10,17.571916580200195
2018-04-11,14.493888854980469
2018-04-12,12.488752365112305
2018-04-13,11.277883529663086
2018-04-14,10.315780639648438
2018-04-15,10.52396297454834
2018-04-16,24.39280891418457
2018-04-17,42.134464263916016
2018-04-18,36.719970703125
2018-04-19,24.554401397705078
2018-04-20,17.94014549255371
2018-04-21,14.376623153686523
2018-04-22,12.257845878601074
2018-04-23,11.6275634765625
2018-04-24,21.86860466003418
2018-04-25,60.582794189453125
2018-04-26,87.2553939819336
2018-04-27,71.50273895263672
2018-04-28,57.165069580078125
2018-04-29,45.03430938720703
2018-04-30,30.85578727722168
2018-05-01,22.61893081665039
2018-05-02,18.441967010498047
2018-05-03,15.786392211914062
2018-05-04,13.807676315307617
2018-05-05,12.261913299560547
2018-05-06,11.453385353088379
2018-05-07,11.5487642288208
2018-05-08,11.128730773925781
2018-05-09,10.08889389038086
2018-05-10,9.429177284240723
2018-05-11,9.176698684692383
2018-05-12,8.920947074890137
2018-05-13,8.472190856933594
2018-05-14,7.897157669067383
2018-05-15,7.271360874176025
2018-05-16,7.799381256103516
2018-05-17,11.261902809143066
2018-05-18,29.21364974975586
2018-05-19,58.505043029785156
2018-05-20,62.98648452758789
2018-05-21,41.057090759277344
2018-05-22,25.300031661987305
2018-05-23,18.098371505737305
2018-05-24,14.129629135131836
2018-05-25,11.644709587097168
2018-05-26,10.391240119934082
2018-05-27,11.59473991394043
2018-05-28,13.90454387664795
2018-05-29,14.1221923828125
2018-05-30,14.11887264251709
2018-05-31,13.081255912780762
2018-06-01,11.638713836669922
2018-06-02,11.115335464477539
2018-06-03,11.66750717163086
2018-06-04,11.444368362426758
2018-06-05,10.046510696411133
2018-06-06,8.5947904586792
2018-06-07,7.497406482696533
2018-06-08,6.68297004699707
2018-06-09,6.093232154846191
2018-06-10,6.026009559631348
2018-06-11,7.495847225189209
2018-06-12,8.91457462310791
2018-06-13,8.47110366821289
2018-06-14,7.195096015930176
2018-06-15,6.298620700836182
2018-06-16,5.625382423400879
2018-06-17,5.05782413482666
2018-06-18,4.662867069244385
2018-06-19,4.3471198081970215
2018-06-20,4.081106185913086
2018-06-21,3.9454784393310547
2018-06-22,4.1661906242370605
2018-06-23,4.7471771240234375
2018-06-24,5.136241912841797
2018-06-25,4.603386402130127
2018-06-26,4.478607177734375
2018-06-27,5.178092956542969
2018-06-28,5.321605682373047
2018-06-29,4.548234939575195
2018-06-30,3.8897833824157715
2018-07-01,3.4534099102020264
2018-07-02,3.125251293182373
2018-07-03,2.8863401412963867
2018-07-04,2.7432022094726562
2018-07-05,2.6684563159942627
2018-07-06,2.856344223022461
2018-07-07,3.5934507846832275
2018-07-08,4.340030670166016
2018-07-09,4.014148712158203
2018-07-10,3.353508949279785
2018-07-11,2.9350838661193848
2018-07-12,2.6847658157348633
2018-07-13,2.5150556564331055
2018-07-14,2.3657243251800537
2018-07-15,2.217738151550293
2018-07-16,2.1104869842529297
2018-07-17,2.1007862091064453
2018-07-18,2.1544198989868164
2018-07-19,2.0934946537017822
2018-07-20,1.9551749229431152
2018-07-21,1.8488261699676514
2018-07-22,2.282071828842163
2018-07-23,4.168381214141846
2018-07-24,7.115757942199707
2018-07-25,8.530033111572266
2018-07-26,10.277986526489258
2018-07-27,10.101743698120117
2018-07-28,6.765135765075684
2018-07-29,4.589898109436035
2018-07-30,3.8325815200805664
2018-07-31,4.722242832183838
2018-08-01,10.465373992919922
2018-08-02,35.69111251831055
2018-08-03,94.06617736816406
2018-08-04,110.0933837890625
2018-08-05,69.98239135742188
2018-08-06,32.49152755737305
2018-08-07,17.610788345336914
2018-08-08,17.357784271240234
2018-08-09,24.496353149414062
2018-08-10,23.95299530029297
2018-08-11,16.62824821472168
2018-08-12,14.150310516357422
2018-08-13,15.477434158325195
2018-08-14,16.057477951049805
2018-08-15,13.85336971282959
2018-08-16,10.624869346618652
2018-08-17,8.214101791381836
2018-08-18,6.905300140380859
2018-08-19,7.050644874572754
2018-08-20,10.504507064819336
2018-08-21,15.693836212158203
2018-08-22,17.211055755615234
2018-08-23,14.798693656921387
2018-08-24,11.124236106872559
2018-08-25,8.34292984008789
2018-08-26,6.7770185470581055
2018-08-27,5.8606438636779785
2018-08-28,5.285916805267334
2018-08-29,5.31196928024292
2018-08-30,5.597714900970459
2018-08-31,6.125455379486084
2018-09-01,8.119979858398438
2018-09-02,10.178570747375488
2018-09-03,9.919052124023438
2018-09-04,8.03336238861084
2018-09-05,6.615386009216309
2018-09-06,5.645117282867432
2018-09-07,4.914999008178711
2018-09-08,4.53839635848999
2018-09-09,4.801900386810303
2018-09-10,6.04880952835083
2018-09-11,7.255308628082275
2018-09-12,7.74821662902832
2018-09-13,8.32197380065918
2018-09-14,8.081269264221191
2018-09-15,11.120874404907227
2018-09-16,50.65293884277344
2018-09-17,267.6894226074219
2018-09-18,406.3371887207031
2018-09-19,234.79437255859375
2018-09-20,99.01838684082031
2018-09-21,48.486690521240234
2018-09-22,30.352928161621094
2018-09-23,22.206008911132812
2018-09-24,18.030101776123047
2018-09-25,15.489677429199219
2018-09-26,13.765804290771484
2018-09-27,12.918468475341797
2018-09-28,13.029892921447754
2018-09-29,13.363531112670898
2018-09-30,12.63034725189209
2018-10-01,11.336080551147461
2018-10-02,10.22010612487793
2018-10-03,9.441267967224121
2018-10-04,8.83491325378418
2018-10-05,8.291722297668457
2018-10-06,8.216315269470215
2018-10-07,8.744322776794434
2018-10-08,8.628910064697266
2018-10-09,8.13311767578125
2018-10-10,8.123133659362793
2018-10-11,50.0930061340332
2018-10-12,170.28805541992188
2018-10-13,223.9844970703125
2018-10-14,106.03690338134766
2018-10-15,51.04358673095703
2018-10-16,32.21652603149414
2018-10-17,24.636764526367188
2018-10-18,20.81594467163086
2018-10-19,18.00634002685547
2018-10-20,15.831756591796875
2018-10-21,14.578766822814941
2018-10-22,13.596452713012695
2018-10-23,12.571146965026855
2018-10-24,11.73363208770752
2018-10-25,11.122642517089844
2018-10-26,20.26528549194336
2018-10-27,60.645328521728516
2018-10-28,84.97930145263672
2018-10-29,59.6915283203125
2018-10-30,37.07339096069336
2018-10-31,25.803659439086914
2018-11-01,20.38726806640625
2018-11-02,17.897659301757812
2018-11-03,18.106876373291016
2018-11-04,18.648235321044922
2018-11-05,32.182979583740234
2018-11-06,61.3682746887207
2018-11-07,64.28584289550781
2018-11-08,45.74359130859375
2018-11-09,32.980690002441406
2018-11-10,34.57367706298828
2018-11-11,38.374229431152344
2018-11-12,58.71455383300781
2018-11-13,183.4860076904297
2018-11-14,260.26861572265625
2018-11-15,224.02322387695312
2018-11-16,212.32322692871094
2018-11-17,164.230712890625
2018-11-18,88.9784164428711
2018-11-19,53.445465087890625
2018-11-20,39.01982879638672
2018-11-21,31.535417556762695
2018-11-22,26.779346466064453
2018-11-23,23.8037109375
2018-11-24,29.569042205810547
2018-11-25,48.00228500366211
2018-11-26,50.55793762207031
2018-11-27,37.02328872680664
2018-11-28,29.11471939086914
2018-11-29,24.546072006225586
2018-11-30,21.39859390258789
2018-12-01,20.392763137817383
2018-12-02,21.286849975585938
2018-12-03,23.08316421508789
2018-12-04,22.882780075073242
2018-12-05,20.5595760345459
2018-12-06,18.745445251464844
2018-12-07,17.417646408081055
2018-12-08,16.376026153564453
2018-12-09,28.53584861755371
2018-12-10,75.17864990234375
2018-12-11,103.07926940917969
2018-12-12,74.2125015258789
2018-12-13,49.52023696899414
2018-12-14,44.12871170043945
2018-12-15,68.08917236328125
2018-12-16,94.74899291992188
2018-12-17,83.05406188964844
2018-12-18,55.33967590332031
2018-12-19,39.12004852294922
2018-12-20,41.479888916015625
2018-12-21,113.1982192993164
2018-12-22,166.23809814453125
2018-12-23,113.01632690429688
2018-12-24,65.56399536132812
2018-12-25,45.06855773925781
2018-12-26,34.53971862792969
2018-12-27,29.085763931274414
2018-12-28,42.49921417236328
2018-12-29,97.197998046875
2018-12-30,115.89875030517578
2018-12-31,74.60755920410156
2019-01-01,53.63648223876953
2019-01-02,45.69757843017578
2019-01-03,42.32087326049805
2019-01-04,52.9970588684082
2019-01-05,68.00007629394531
2019-01-06,63.30854415893555
2019-01-07,46.23846435546875
2019-01-08,35.816650390625
2019-01-09,29.98888397216797
2019-01-10,26.51766014099121
2019-01-11,24.19371223449707
2019-01-12,22.28490447998047
2019-01-13,26.68576431274414
2019-01-14,40.169254302978516
2019-01-15,44.86235809326172
2019-01-16,37.52266311645508
2019-01-17,31.715612411499023
2019-01-18,28.897117614746094
2019-01-19,27.35845375061035
2019-01-20,39.129638671875
2019-01-21,51.57789611816406
2019-01-22,43.34701919555664
2019-01-23,33.24738311767578
2019-01-24,52.35382080078125
2019-01-25,89.84508514404297
2019-01-26,83.68014526367188
2019-01-27,54.499229431152344
2019-01-28,39.702735900878906
2019-01-29,33.11762237548828
2019-01-30,30.773412704467773
2019-01-31,28.650829315185547
2019-02-01,25.45326805114746
2019-02-02,22.915760040283203
2019-02-03,21.239599227905273
2019-02-04,20.258316040039062
2019-02-05,19.429058074951172
2019-02-06,18.930971145629883
2019-02-07,18.547691345214844
2019-02-08,18.206363677978516
2019-02-09,17.727169036865234
2019-02-10,16.95041275024414
2019-02-11,16.406219482421875
2019-02-12,17.520034790039062
2019-02-13,23.594083786010742
2019-02-14,28.288057327270508
2019-02-15,25.301084518432617
2019-02-16,24.37606430053711
2019-02-17,30.76917266845703
2019-02-18,71.32577514648438
2019-02-19,98.77240753173828
2019-02-20,82.42943572998047
2019-02-21,81.4417724609375
2019-02-22,110.1884765625
2019-02-23,208.51553344726562
2019-02-24,305.5686340332031
2019-02-25,237.71998596191406
2019-02-26,125.92349243164062
2019-02-27,70.8155517578125
2019-02-28,50.97336959838867
2019-03-01,46.31387710571289
2019-03-02,60.90631866455078
2019-03-03,69.06459045410156
2019-03-04,71.49636840820312
2019-03-05,75.6712646484375
2019-03-06,60.55341339111328
2019-03-07,47.1390380859375
2019-03-08,37.9233283996582
2019-03-09,33.63480758666992
2019-03-10,31.945215225219727
2019-03-11,32.31608963012695
2019-03-12,31.695209503173828
2019-03-13,28.044116973876953
2019-03-14,25.235496520996094
2019-03-15,24.574527740478516
2019-03-16,26.047924041748047
2019-03-17,26.71453857421875
2019-03-18,24.154666900634766
2019-03-19,22.11268424987793
2019-03-20,20.7691593170166
2019-03-21,37.52120590209961
2019-03-22,66.6884765625
2019-03-23,65.0324935913086
2019-03-24,43.901275634765625
2019-03-25,32.9443244934082
2019-03-26,29.507978439331055
2019-03-27,27.47450828552246
2019-03-28,24.578262329101562
2019-03-29,22.29312515258789
2019-03-30,21.23876190185547
2019-03-31,20.417770385742188
2019-04-01,19.593326568603516
2019-04-02,18.777780532836914
2019-04-03,18.4594669342041
2019-04-04,17.976472854614258
2019-04-05,19.43566131591797
2019-04-06,26.791826248168945
2019-04-07,31.866840362548828
2019-04-08,29.90721321105957
2019-04-09,37.774166107177734
2019-04-10,45.06011962890625
2019-04-11,39.14232635498047
2019-04-12,47.24267578125
2019-04-13,142.89564514160156
2019-04-14,184.5389862060547
2019-04-15,140.97877502441406
2019-04-16,86.02015686035156
2019-04-17,53.078189849853516
2019-04-18,38.31621551513672
2019-04-19,48.22732162475586
2019-04-20,72.4676513671875
2019-04-21,64.46322631835938
2019-04-22,43.350467681884766
2019-04-23,32.55424499511719
2019-04-24,26.87759017944336
2019-04-25,23.603225708007812
2019-04-26,22.97663116455078
2019-04-27,23.249902725219727
2019-04-28,21.493045806884766
2019-04-29,19.4638729095459
2019-04-30,18.07650375366211
2019-05-01,16.928897857666016
2019-05-02,15.96287727355957
2019-05-03,15.04367446899414
2019-05-04,14.471139907836914
2019-05-05,15.106534957885742
2019-05-06,16.92766761779785
2019-05-07,17.209848403930664
2019-05-08,15.25361156463623
2019-05-09,13.919442176818848
2019-05-10,13.013336181640625
2019-05-11,12.466304779052734
2019-05-12,13.069587707519531
2019-05-13,15.304912567138672
2019-05-14,17.033008575439453
2019-05-15,15.70514965057373
2019-05-16,13.672929763793945
2019-05-17,12.435685157775879
2019-05-18,11.614877700805664
2019-05-19,10.893171310424805
2019-05-20,10.212142944335938
2019-05-21,9.633031845092773
2019-05-22,9.130356788635254
2019-05-23,8.866914749145508
2019-05-24,9.166059494018555
2019-05-25,9.363790512084961
2019-05-26,8.78195858001709
2019-05-27,8.38204288482666
2019-05-28,8.003633499145508
2019-05-29,7.562354564666748
2019-05-30,7.277282238006592
2019-05-31,7.309768199920654
2019-06-01,7.803414821624756
2019-06-02,8.26622200012207
2019-06-03,7.7955098152160645
2019-06-04,7.248578071594238
2019-06-05,6.848875045776367
2019-06-06,6.959484577178955
2019-06-07,8.012484550476074
2019-06-08,19.57172393798828
2019-06-09,54.86332702636719
2019-06-10,77.55494689941406
2019-06-11,59.95835876464844
2019-06-12,39.54113006591797
2019-06-13,36.34379959106445
2019-06-14,54.37003707885742
2019-06-15,47.09562301635742
2019-06-16,28.590181350708008
2019-06-17,19.335010528564453
2019-06-18,16.274009704589844
2019-06-19,23.718835830688477
2019-06-20,40.82210922241211
2019-06-21,43.30454635620117
2019-06-22,32.53497314453125
2019-06-23,22.04545021057129
2019-06-24,17.792858123779297
2019-06-25,14.88366413116455
2019-06-26,12.622671127319336
2019-06-27,11.25561809539795
2019-06-28,10.091999053955078
2019-06-29,9.26481819152832
2019-06-30,8.794401168823242
2019-07-01,8.44267749786377
2019-07-02,7.984377861022949
2019-07-03,7.573856353759766
2019-07-04,7.429698467254639
2019-07-05,7.51727819442749
2019-07-06,7.896452903747559
2019-07-07,8.895052909851074
2019-07-08,10.959009170532227
2019-07-09,12.229619026184082
2019-07-10,10.87332534790039
2019-07-11,9.103363990783691
2019-07-12,8.116382598876953
2019-07-13,7.669909477233887
2019-07-14,7.1351704597473145
2019-07-15,6.562826633453369
2019-07-16,6.11160945892334
2019-07-17,5.7960309982299805
2019-07-18,5.625070095062256
2019-07-19,5.502686977386475
2019-07-20,5.447906494140625
2019-07-21,5.294569969177246
2019-07-22,5.161964416503906
2019-07-23,8.183423042297363
2019-07-24,18.769853591918945
2019-07-25,24.037817001342773
2019-07-26,15.549745559692383
2019-07-27,10.413719177246094
2019-07-28,8.224367141723633
2019-07-29,7.065680980682373
2019-07-30,6.327277183532715
2019-07-31,5.866795539855957
2019-08-01,6.136819839477539
2019-08-02,8.388104438781738
2019-08-03,11.771814346313477
2019-08-04,11.833945274353027
2019-08-05,9.575265884399414
2019-08-06,8.335901260375977
2019-08-07,8.153535842895508
2019-08-08,8.503715515136719
2019-08-09,7.991837978363037
2019-08-10,6.797585487365723
2019-08-11,5.906187057495117
2019-08-12,5.406513214111328
2019-08-13,5.307475566864014
2019-08-14,5.787723541259766
2019-08-15,6.228816986083984
2019-08-16,6.152729034423828
2019-08-17,6.342313766479492
2019-08-18,7.0582780838012695
2019-08-19,7.108372688293457
2019-08-20,6.628531455993652
2019-08-21,6.86324405670166
2019-08-22,7.179101467132568
2019-08-23,7.780724048614502
2019-08-24,9.045605659484863
2019-08-25,14.018484115600586
2019-08-26,17.101364135742188
2019-08-27,11.754948616027832
2019-08-28,8.45962142944336
2019-08-29,7.073791980743408
2019-08-30,6.249966144561768
2019-08-31,5.616703033447266
2019-09-01,5.1443281173706055
2019-09-02,4.759937286376953
2019-09-03,4.490530967712402
2019-09-04,4.278265476226807
2019-09-05,4.107171058654785
2019-09-06,4.0686259269714355
2019-09-07,4.0313286781311035
2019-09-08,3.886763334274292
2019-09-09,3.735157012939453
2019-09-10,3.611602544784546
2019-09-11,3.560668706893921
2019-09-12,3.4950435161590576
2019-09-13,3.4349730014801025
2019-09-14,3.499734401702881
2019-09-15,3.5859336853027344
2019-09-16,3.4821934700012207
2019-09-17,3.3421998023986816
2019-09-18,3.2292871475219727
2019-09-19,3.2345480918884277
2019-09-20,3.161738634109497
2019-09-21,3.0894968509674072
2019-09-22,3.074888229370117
2019-09-23,3.011319875717163
2019-09-24,2.914975881576538
2019-09-25,2.8223254680633545
2019-09-26,2.7944259643554688
2019-09-27,2.7688798904418945
2019-09-28,2.758633613586426
2019-09-29,2.9834654331207275
2019-09-30,3.2905571460723877
2019-10-01,3.282517194747925
2019-10-02,3.1706008911132812
2019-10-03,2.9758200645446777
2019-10-04,2.7953689098358154
2019-10-05,2.741333484649658
2019-10-06,2.89612078666687
2019-10-07,2.916309118270874
2019-10-08,2.8403403759002686
2019-10-09,2.8099076747894287
2019-10-10,2.7329132556915283
2019-10-11,2.6500892639160156
2019-10-12,2.637876510620117
2019-10-13,2.7306511402130127
2019-10-14,2.9552416801452637
2019-10-15,3.12973952293396
2019-10-16,3.1949613094329834
2019-10-17,3.929309844970703
2019-10-18,4.638357162475586
2019-10-19,4.09121036529541
2019-10-20,4.961745738983154
2019-10-21,9.39303207397461
2019-10-22,12.248013496398926
2019-10-23,10.440912246704102
2019-10-24,9.552412033081055
2019-10-25,7.232913970947266
2019-10-26,5.857754707336426
2019-10-27,5.1276116371154785
2019-10-28,4.999752998352051
2019-10-29,5.0178937911987305
2019-10-30,4.8833746910095215
2019-10-31,8.044624328613281
2019-11-01,21.929277420043945
2019-11-02,29.137592315673828
2019-11-03,18.621421813964844
2019-11-04,11.627391815185547
2019-11-05,8.850608825683594
2019-11-06,7.542046546936035
2019-11-07,6.621651649475098
2019-11-08,6.269400596618652
2019-11-09,6.2378950119018555
2019-11-10,6.182282447814941
2019-11-11,5.935544013977051
2019-11-12,5.946578025817871
2019-11-13,7.0346503257751465
2019-11-14,8.136987686157227
2019-11-15,7.433630466461182
2019-11-16,6.7644853591918945
2019-11-17,6.23820161819458
2019-11-18,5.956114768981934
2019-11-19,6.243520736694336
2019-11-20,6.66096305847168
2019-11-21,6.389697551727295
2019-11-22,6.1296281814575195
2019-11-23,6.5870561599731445
2019-11-24,10.763697624206543
2019-11-25,16.895694732666016
2019-11-26,15.060725212097168
2019-11-27,11.731500625610352
2019-11-28,10.605692863464355
2019-11-29,10.341212272644043
2019-11-30,9.573103904724121
2019-12-01,16.469213485717773
2019-12-02,37.60491943359375
2019-12-03,41.172367095947266
2019-12-04,25.861263275146484
2019-12-05,16.895315170288086
2019-12-06,13.050092697143555
2019-12-07,11.192370414733887
2019-12-08,9.923343658447266
2019-12-09,9.242165565490723
2019-12-10,9.001412391662598
2019-12-11,10.36115550994873
2019-12-12,12.562105178833008
2019-12-13,15.326972007751465
2019-12-14,32.31066131591797
2019-12-15,52.96411895751953
2019-12-16,43.94367599487305
2019-12-17,29.03986930847168
2019-12-18,26.871795654296875
2019-12-19,26.942489624023438
2019-12-20,20.689983367919922
2019-12-21,16.33485984802246
2019-12-22,14.16938304901123
2019-12-23,13.109054565429688
2019-12-24,13.411844253540039
2019-12-25,13.927082061767578
2019-12-26,12.851819038391113
2019-12-27,11.848207473754883
2019-12-28,11.184638023376465
2019-12-29,10.798538208007812
2019-12-30,11.559000015258789
2019-12-31,12.823559761047363
2020-01-01,12.384296417236328
2020-01-02,11.363183975219727
2020-01-03,15.154278755187988
2020-01-04,45.01211166381836
2020-01-05,64.27560424804688
2020-01-06,47.58208465576172
2020-01-07,30.19161605834961
2020-01-08,23.8129940032959
2020-01-09,20.726089477539062
2020-01-10,17.358417510986328
2020-01-11,15.287800788879395
2020-01-12,16.916072845458984
2020-01-13,26.82925796508789
2020-01-14,42.22954559326172
2020-01-15,53.547096252441406
2020-01-16,48.172637939453125
2020-01-17,32.98796844482422
2020-01-18,23.96905517578125
2020-01-19,19.97846221923828
2020-01-20,18.165067672729492
2020-01-21,16.781700134277344
2020-01-22,15.318214416503906
2020-01-23,14.056790351867676
2020-01-24,13.513879776000977
2020-01-25,39.03916931152344
2020-01-26,71.57810974121094
2020-01-27,61.029502868652344
2020-01-28,38.532798767089844
2020-01-29,27.245990753173828
2020-01-30,21.594863891601562
2020-01-31,18.851409912109375
2020-02-01,19.440223693847656
2020-02-02,21.441617965698242
2020-02-03,20.284523010253906
2020-02-04,17.902620315551758
2020-02-05,16.666685104370117
2020-02-06,59.53609085083008
2020-02-07,301.9584655761719
2020-02-08,406.7834777832031
2020-02-09,181.03228759765625
2020-02-10,83.07882690429688
2020-02-11,61.50468063354492
2020-02-12,80.23637390136719
2020-02-13,101.69312286376953
2020-02-14,108.36954498291016
2020-02-15,90.31754302978516
2020-02-16,58.40199661254883
2020-02-17,40.44544982910156
2020-02-18,32.12662124633789
2020-02-19,29.08950424194336
2020-02-20,30.1534481048584
2020-02-21,31.596389770507812
2020-02-22,29.786170959472656
2020-02-23,25.578155517578125
2020-02-24,23.387662887573242
2020-02-25,25.346805572509766
2020-02-26,33.128971099853516
2020-02-27,35.6547737121582
2020-02-28,29.431169509887695
2020-02-29,24.805816650390625
2020-03-01,21.92414093017578
2020-03-02,19.960529327392578
2020-03-03,19.395841598510742
2020-03-04,19.448034286499023
2020-03-05,19.33985710144043
2020-03-06,18.32668685913086
2020-03-07,17.42702865600586
2020-03-08,16.405284881591797
2020-03-09,15.640922546386719
2020-03-10,15.412887573242188
2020-03-11,15.145781517028809
2020-03-12,14.799653053283691
2020-03-13,14.53799819946289
2020-03-14,14.659966468811035
2020-03-15,14.638195037841797
2020-03-16,14.021027565002441
2020-03-17,13.601966857910156
2020-03-18,13.476863861083984
2020-03-19,13.35311222076416
2020-03-20,13.298728942871094
2020-03-21,13.753984451293945
2020-03-22,14.810270309448242
2020-03-23,15.946130752563477
2020-03-24,19.528488159179688
2020-03-25,40.398521423339844
2020-03-26,64.05976104736328
2020-03-27,58.49380111694336
2020-03-28,37.584373474121094
2020-03-29,26.587100982666016
2020-03-30,21.357887268066406
2020-03-31,18.461414337158203
2020-04-01,17.17690658569336
2020-04-02,16.706552505493164
2020-04-03,15.642267227172852
2020-04-04,14.594114303588867
2020-04-05,13.776121139526367
2020-04-06,13.224936485290527
2020-04-07,12.880289077758789
2020-04-08,12.613914489746094
2020-04-09,12.518533706665039
2020-04-10,12.90245532989502
2020-04-11,12.699877738952637
2020-04-12,11.926095008850098
2020-04-13,21.72478485107422
2020-04-14,35.700050354003906
2020-04-15,32.05693054199219
2020-04-16,22.23025894165039
2020-04-17,17.217561721801758
2020-04-18,15.332368850708008
2020-04-19,14.98044490814209
2020-04-20,15.551146507263184
2020-04-21,18.06230926513672
2020-04-22,18.496145248413086
2020-04-23,15.927606582641602
2020-04-24,14.656737327575684
2020-04-25,14.524652481079102
2020-04-26,14.714666366577148
2020-04-27,15.232499122619629
2020-04-28,14.472501754760742
2020-04-29,12.819228172302246
2020-04-30,28.040512084960938
2020-05-01,63.60628128051758
2020-05-02,67.08882141113281
2020-05-03,42.14567565917969
2020-05-04,27.552690505981445
2020-05-05,20.295175552368164
2020-05-06,16.88271713256836
2020-05-07,15.826701164245605
2020-05-08,14.490743637084961
2020-05-09,13.375558853149414
2020-05-10,12.538406372070312
2020-05-11,11.729016304016113
2020-05-12,11.100580215454102
2020-05-13,10.50957202911377
2020-05-14,10.162973403930664
2020-05-15,9.827740669250488
2020-05-16,9.36053466796875
2020-05-17,8.852599143981934
2020-05-18,8.393359184265137
2020-05-19,10.444206237792969
2020-05-20,38.03656768798828
2020-05-21,134.02005004882812
2020-05-22,230.6963653564453
2020-05-23,219.43521118164062
2020-05-24,124.60904693603516
2020-05-25,76.43985748291016
2020-05-26,72.06733703613281
2020-05-27,69.29966735839844
2020-05-28,67.67791748046875
2020-05-29,85.4576416015625
2020-05-30,75.67264556884766
2020-05-31,52.61355209350586
2020-06-01,36.73634338378906
2020-06-02,27.39419937133789
2020-06-03,22.01412010192871
2020-06-04,18.779842376708984
2020-06-05,16.488515853881836
2020-06-06,15.873650550842285
2020-06-07,17.17783546447754
2020-06-08,17.086902618408203
2020-06-09,14.606816291809082
2020-06-10,13.08363151550293
2020-06-11,13.451308250427246
2020-06-12,16.282695770263672
2020-06-13,16.623153686523438
2020-06-14,13.727209091186523
2020-06-15,12.381353378295898
2020-06-16,15.885696411132812
2020-06-17,27.82567596435547
2020-06-18,38.98604202270508
2020-06-19,38.40766143798828
2020-06-20,32.5036506652832
2020-06-21,28.250595092773438
2020-06-22,22.334957122802734
2020-06-23,17.292539596557617
2020-06-24,14.291056632995605
2020-06-25,12.606266975402832
2020-06-26,11.439047813415527
2020-06-27,10.651503562927246
2020-06-28,9.874048233032227
2020-06-29,9.5941162109375
2020-06-30,9.736384391784668
2020-07-01,9.636619567871094
2020-07-02,9.246781349182129
2020-07-03,8.775655746459961
2020-07-04,8.237875938415527
2020-07-05,7.749541759490967
2020-07-06,7.544865131378174
2020-07-07,7.437016010284424
2020-07-08,7.385306358337402
2020-07-09,7.8364715576171875
2020-07-10,8.24802017211914
2020-07-11,8.421163558959961
2020-07-12,8.750638008117676
2020-07-13,8.327327728271484
2020-07-14,7.308814525604248
2020-07-15,6.591120719909668
2020-07-16,6.173382759094238
2020-07-17,6.23154354095459
2020-07-18,7.177849292755127
2020-07-19,8.384279251098633
2020-07-20,8.212678909301758
2020-07-21,7.073225021362305
2020-07-22,6.249699592590332
2020-07-23,6.285862922668457
2020-07-24,9.347631454467773
2020-07-25,14.560847282409668
2020-07-26,13.88880729675293
2020-07-27,10.28759479522705
2020-07-28,7.9236016273498535
2020-07-29,7.029022216796875
2020-07-30,7.046134948730469
2020-07-31,7.304155349731445
2020-08-01,7.008537292480469
2020-08-02,6.66201114654541
2020-08-03,6.712149143218994
2020-08-04,14.522313117980957
2020-08-05,19.017362594604492
2020-08-06,17.86642837524414
2020-08-07,21.80135154724121
2020-08-08,27.418655395507812
2020-08-09,23.539308547973633
2020-08-10,16.650043487548828
2020-08-11,12.30976676940918
2020-08-12,10.179536819458008
2020-08-13,8.706378936767578
2020-08-14,9.5130033493042
2020-08-15,16.563888549804688
2020-08-16,31.287839889526367
2020-08-17,39.222434997558594
2020-08-18,30.782865524291992
2020-08-19,21.029382705688477
2020-08-20,14.652090072631836
2020-08-21,12.069738388061523
2020-08-22,13.140772819519043
2020-08-23,14.816170692443848
2020-08-24,13.198344230651855
2020-08-25,10.53165340423584
2020-08-26,8.9102201461792
2020-08-27,7.802393436431885
2020-08-28,7.0493950843811035
2020-08-29,6.568757057189941
2020-08-30,6.241413116455078
2020-08-31,6.816054344177246
2020-09-01,10.925890922546387
2020-09-02,16.551868438720703
2020-09-03,14.39295482635498
2020-09-04,10.532096862792969
2020-09-05,8.179060935974121
2020-09-06,6.890942573547363
2020-09-07,6.102878093719482
2020-09-08,5.644656658172607
2020-09-09,5.447566032409668
2020-09-10,5.578559875488281
2020-09-11,6.033107757568359
2020-09-12,6.682289123535156
2020-09-13,6.983304023742676
2020-09-14,6.541473865509033
2020-09-15,5.891024589538574
2020-09-16,5.4538798332214355
2020-09-17,6.706604480743408
2020-09-18,25.035537719726562
2020-09-19,42.21335220336914
2020-09-20,29.612483978271484
2020-09-21,17.406753540039062
2020-09-22,12.010053634643555
2020-09-23,9.51987075805664
2020-09-24,8.341253280639648
2020-09-25,10.821072578430176
2020-09-26,21.947107315063477
2020-09-27,28.360666275024414
2020-09-28,20.688735961914062
2020-09-29,15.55710220336914
2020-09-30,20.607295989990234
2020-10-01,25.344310760498047
2020-10-02,20.387685775756836
2020-10-03,14.969648361206055
2020-10-04,11.869974136352539
2020-10-05,10.190914154052734
2020-10-06,9.153520584106445
2020-10-07,8.396085739135742
2020-10-08,7.830546855926514
2020-10-09,7.373506546020508
2020-10-10,7.662657260894775
2020-10-11,16.427539825439453
2020-10-12,40.273216247558594
2020-10-13,49.258949279785156
2020-10-14,35.22952651977539
2020-10-15,22.64513397216797
2020-10-16,17.452037811279297
2020-10-17,16.596412658691406
2020-10-18,15.20935344696045
2020-10-19,12.874068260192871
2020-10-20,11.322489738464355
2020-10-21,10.397037506103516
2020-10-22,9.786643981933594
2020-10-23,9.371660232543945
2020-10-24,8.928504943847656
2020-10-25,9.257568359375
2020-10-26,13.347278594970703
2020-10-27,18.207082748413086
2020-10-28,15.048931121826172
2020-10-29,14.032760620117188
2020-10-30,20.303272247314453
2020-10-31,26.23395538330078
2020-11-01,23.941940307617188
2020-11-02,24.10116958618164
2020-11-03,23.133882522583008
2020-11-04,18.21480941772461
2020-11-05,15.047989845275879
2020-11-06,13.339497566223145
2020-11-07,12.316184997558594
2020-11-08,11.64757251739502
2020-11-09,11.044549942016602
2020-11-10,10.542314529418945
2020-11-11,11.797966003417969
2020-11-12,98.56779479980469
2020-11-13,260.3526916503906
2020-11-14,233.0389404296875
2020-11-15,105.79092407226562
2020-11-16,53.70050811767578
2020-11-17,35.16230010986328
2020-11-18,26.747928619384766
2020-11-19,22.193485260009766
2020-11-20,19.451623916625977
2020-11-21,17.78363609313965
2020-11-22,16.552289962768555
2020-11-23,15.652942657470703
2020-11-24,14.910791397094727
2020-11-25,14.309303283691406
2020-11-26,14.001712799072266
2020-11-27,14.215229988098145
2020-11-28,14.582893371582031
2020-11-29,13.792120933532715
2020-11-30,30.52080535888672
2020-12-01,71.69876098632812
2020-12-02,76.58122253417969
2020-12-03,46.213218688964844
2020-12-04,30.687789916992188
2020-12-05,32.52416229248047
2020-12-06,44.66907501220703
2020-12-07,42.29573059082031
2020-12-08,32.432044982910156
2020-12-09,26.09766387939453
2020-12-10,22.027711868286133
2020-12-11,19.487632751464844
2020-12-12,18.01333999633789
2020-12-13,17.030494689941406
2020-12-14,35.13356018066406
2020-12-15,75.19185638427734
2020-12-16,89.74014282226562
2020-12-17,83.14472961425781
2020-12-18,73.08202362060547
2020-12-19,51.410316467285156
2020-12-20,39.68260192871094
2020-12-21,41.06214904785156
2020-12-22,40.093109130859375
2020-12-23,31.988542556762695
2020-12-24,31.291736602783203
2020-12-25,67.78018951416016
2020-12-26,91.35464477539062
2020-12-27,62.441253662109375
2020-12-28,41.13494110107422
2020-12-29,31.69396209716797
2020-12-30,26.703693389892578
2020-12-31,23.778860092163086
2021-01-01,22.243207931518555
2021-01-02,27.1788387298584
2021-01-03,43.729244232177734
2021-01-04,54.30586242675781
2021-01-05,46.407440185546875
2021-01-06,33.88838577270508
2021-01-07,27.41669464111328
2021-01-08,25.50159454345703
2021-01-09,28.335308074951172
2021-01-10,28.990184783935547
2021-01-11,24.976806640625
2021-01-12,22.52069664001465
2021-01-13,20.91138458251953
2021-01-14,19.488962173461914
2021-01-15,18.815399169921875
2021-01-16,18.738611221313477
2021-01-17,18.439970016479492
2021-01-18,17.402694702148438
2021-01-19,16.578773498535156
2021-01-20,16.002370834350586
2021-01-21,15.463794708251953
2021-01-22,15.17037582397461
2021-01-23,14.979510307312012
2021-01-24,14.621647834777832
2021-01-25,15.487590789794922
2021-01-26,25.231468200683594
2021-01-27,39.913360595703125
2021-01-28,49.749183654785156
2021-01-29,50.709720611572266
2021-01-30,40.77670669555664
2021-01-31,34.4224739074707
2021-02-01,40.21030807495117
2021-02-02,42.915550231933594
2021-02-03,34.84639358520508
2021-02-04,28.09480857849121
2021-02-05,24.298486709594727
2021-02-06,22.35279083251953
2021-02-07,28.099275588989258
2021-02-08,38.35491180419922
2021-02-09,37.17170715332031
2021-02-10,29.953840255737305
2021-02-11,30.726499557495117
2021-02-12,45.70072937011719
2021-02-13,67.68357849121094
2021-02-14,87.564208984375
2021-02-15,98.73243713378906
2021-02-16,115.56343078613281
2021-02-17,141.28497314453125
2021-02-18,117.93380737304688
2021-02-19,108.81586456298828
2021-02-20,115.2822265625
2021-02-21,88.43415832519531
2021-02-22,63.55440902709961
2021-02-23,58.52384567260742
2021-02-24,54.89278793334961
2021-02-25,44.18341064453125
2021-02-26,39.15135955810547
2021-02-27,45.42866897583008
2021-02-28,53.01365661621094
2021-03-01,55.29683303833008
2021-03-02,66.10603332519531
2021-03-03,63.7828254699707
2021-03-04,45.53820037841797
2021-03-05,36.376075744628906
2021-03-06,31.202377319335938
2021-03-07,27.831071853637695
2021-03-08,25.113201141357422
2021-03-09,23.033748626708984
2021-03-10,21.98066520690918
2021-03-11,21.21584129333496
2021-03-12,20.570228576660156
2021-03-13,20.011472702026367
2021-03-14,19.386802673339844
2021-03-15,18.837799072265625
2021-03-16,19.272275924682617
2021-03-17,21.24727439880371
2021-03-18,27.825363159179688
2021-03-19,51.322998046875
2021-03-20,73.94538879394531
2021-03-21,55.762332916259766
2021-03-22,38.65193557739258
2021-03-23,30.242334365844727
2021-03-24,26.061452865600586
2021-03-25,24.96387481689453
2021-03-26,39.03089141845703
2021-03-27,73.6042251586914
2021-03-28,90.25880432128906
2021-03-29,84.32489776611328
2021-03-30,63.56952667236328
2021-03-31,48.26681900024414
2021-04-01,54.980323791503906
2021-04-02,58.008262634277344
2021-04-03,42.995845794677734
2021-04-04,33.32988739013672
2021-04-05,28.405208587646484
2021-04-06,25.393512725830078
2021-04-07,23.33021354675293
2021-04-08,21.74129867553711
2021-04-09,20.768001556396484
2021-04-10,21.605730056762695
2021-04-11,25.712940216064453
2021-04-12,28.544158935546875
2021-04-13,25.232223510742188
2021-04-14,21.866588592529297
2021-04-15,20.324691772460938
2021-04-16,19.699329376220703
2021-04-17,18.552867889404297
2021-04-18,17.515409469604492
2021-04-19,16.783771514892578
2021-04-20,16.16689109802246
2021-04-21,15.458370208740234
2021-04-22,14.8984375
2021-04-23,14.293423652648926
2021-04-24,14.863277435302734
2021-04-25,19.385427474975586
2021-04-26,23.103683471679688
2021-04-27,19.601289749145508
2021-04-28,16.88874053955078
2021-04-29,15.35995101928711
2021-04-30,20.178447723388672
2021-05-01,29.774660110473633
2021-05-02,27.593435287475586
2021-05-03,22.723432540893555
2021-05-04,25.89439582824707
2021-05-05,29.11781120300293
2021-05-06,24.081104278564453
2021-05-07,20.071674346923828
2021-05-08,19.21963882446289
2021-05-09,18.002792358398438
2021-05-10,17.145898818969727
2021-05-11,17.83952522277832
2021-05-12,18.026470184326172
2021-05-13,18.394784927368164
2021-05-14,17.87773323059082
2021-05-15,15.559938430786133
2021-05-16,14.082874298095703
2021-05-17,13.121012687683105
2021-05-18,12.465600967407227
2021-05-19,11.931184768676758
2021-05-20,11.351978302001953
2021-05-21,10.725712776184082
2021-05-22,10.167189598083496
2021-05-23,9.793889999389648
2021-05-24,9.47311019897461
2021-05-25,9.164051055908203
2021-05-26,9.061064720153809
2021-05-27,8.942522048950195
2021-05-28,8.539322853088379
2021-05-29,8.509040832519531
2021-05-30,9.308088302612305
2021-05-31,9.958657264709473
2021-06-01,9.296189308166504
2021-06-02,8.65223503112793
2021-06-03,8.7807035446167
2021-06-04,9.989816665649414
2021-06-05,10.885629653930664
2021-06-06,10.261553764343262
2021-06-07,9.039789199829102
2021-06-08,8.677155494689941
2021-06-09,9.04593276977539
2021-06-10,9.721735000610352
2021-06-11,12.173309326171875
2021-06-12,16.17255973815918
2021-06-13,17.416296005249023
2021-06-14,15.518295288085938
2021-06-15,12.72727108001709
2021-06-16,11.132075309753418
2021-06-17,9.358328819274902
2021-06-18,8.147642135620117
2021-06-19,7.459683418273926
2021-06-20,7.114168167114258
2021-06-21,7.16229772567749
2021-06-22,7.693893909454346
2021-06-23,8.32715892791748
2021-06-24,8.615569114685059
2021-06-25,7.646982192993164
2021-06-26,6.828250885009766
2021-06-27,6.3707404136657715
2021-06-28,6.069723129272461
2021-06-29,5.811288356781006
2021-06-30,5.514713287353516
2021-07-01,5.300205230712891
2021-07-02,7.126762866973877
2021-07-03,14.201288223266602
2021-07-04,17.86455535888672
2021-07-05,12.28206729888916
2021-07-06,8.830575942993164
2021-07-07,7.287792682647705
2021-07-08,7.250050067901611
2021-07-09,10.45493221282959
2021-07-10,13.155689239501953
2021-07-11,10.56130599975586
2021-07-12,8.142756462097168
2021-07-13,6.941144943237305
2021-07-14,6.404412269592285
2021-07-15,6.390218734741211
2021-07-16,6.348535537719727
2021-07-17,6.146466255187988
2021-07-18,6.989082336425781
2021-07-19,10.419456481933594
2021-07-20,15.110387802124023
2021-07-21,14.880697250366211
2021-07-22,10.77464485168457
2021-07-23,8.122562408447266
2021-07-24,6.6725077629089355
2021-07-25,5.981535911560059
2021-07-26,5.696290016174316
2021-07-27,5.687577247619629
2021-07-28,5.830012321472168
2021-07-29,5.6716461181640625
2021-07-30,5.2683000564575195
2021-07-31,4.777450084686279
2021-08-01,4.506359577178955
2021-08-02,4.5478668212890625
2021-08-03,4.668767929077148
2021-08-04,4.706390380859375
2021-08-05,4.7151384353637695
2021-08-06,4.448195457458496
2021-08-07,4.644966125488281
2021-08-08,5.846472263336182
2021-08-09,6.5303521156311035
2021-08-10,5.611560821533203
2021-08-11,4.915674209594727
2021-08-12,4.631412506103516
2021-08-13,4.487429141998291
2021-08-14,4.477516174316406
2021-08-15,5.369379043579102
2021-08-16,7.839725017547607
2021-08-17,10.413385391235352
2021-08-18,11.823368072509766
2021-08-19,11.029603004455566
2021-08-20,8.93618106842041
2021-08-21,7.294985294342041
2021-08-22,6.423742294311523
2021-08-23,5.7045745849609375
2021-08-24,5.1278557777404785
2021-08-25,4.641396522521973
2021-08-26,4.314011573791504
2021-08-27,4.1808576583862305
2021-08-28,4.047943115234375
2021-08-29,3.7826437950134277
2021-08-30,3.561955451965332
2021-08-31,3.4212124347686768
2021-09-01,3.439750909805298
2021-09-02,3.818653106689453
2021-09-03,4.147517204284668
2021-09-04,3.8451144695281982
2021-09-05,3.532165765762329
2021-09-06,3.3629963397979736
2021-09-07,3.2500741481781006
2021-09-08,3.349813461303711
2021-09-09,4.022141456604004
2021-09-10,4.978541851043701
2021-09-11,4.890450477600098
2021-09-12,4.227600574493408
2021-09-13,3.7652227878570557
2021-09-14,3.437520980834961
2021-09-15,3.2202253341674805
2021-09-16,3.189094305038452
2021-09-17,3.402204990386963
2021-09-18,3.5047106742858887
2021-09-19,3.3956315517425537
2021-09-20,3.27260684967041
2021-09-21,3.4972338676452637
2021-09-22,5.6890974044799805
2021-09-23,10.447580337524414
2021-09-24,11.427574157714844
2021-09-25,8.313117027282715
2021-09-26,6.025203704833984
2021-09-27,4.906610012054443
2021-09-28,4.312032222747803
2021-09-29,3.920302629470825
2021-09-30,3.6697869300842285
2021-10-01,3.502047538757324
2021-10-02,3.399810791015625
2021-10-03,3.3206663131713867
2021-10-04,3.2671499252319336
2021-10-05,3.326267719268799
2021-10-06,3.466296672821045
2021-10-07,3.6369788646698
2021-10-08,3.880438804626465
2021-10-09,4.946221351623535
2021-10-10,7.5182623863220215
2021-10-11,8.557951927185059
2021-10-12,6.820380210876465
2021-10-13,5.554389953613281
2021-10-14,4.817616939544678
2021-10-15,4.352877616882324
2021-10-16,4.037547588348389
2021-10-17,3.83010196685791
2021-10-18,3.7048044204711914
2021-10-19,3.578315258026123
2021-10-20,3.4781370162963867
2021-10-21,3.4002561569213867
2021-10-22,3.3232169151306152
2021-10-23,3.301025390625
2021-10-24,3.2887535095214844
2021-10-25,3.268568992614746
2021-10-26,3.447545289993286
2021-10-27,3.7071902751922607
2021-10-28,3.6631672382354736
2021-10-29,3.7366116046905518
2021-10-30,4.086030960083008
2021-10-31,4.235619068145752
2021-11-01,4.018722057342529
2021-11-02,3.8873181343078613
2021-11-03,3.7817695140838623
2021-11-04,3.77544903755188
2021-11-05,3.998333215713501
2021-11-06,4.221806049346924
2021-11-07,4.1156005859375
2021-11-08,4.016691207885742
2021-11-09,4.04028844833374
2021-11-10,4.060654163360596
2021-11-11,3.9723477363586426
2021-11-12,3.94461989402771
2021-11-13,4.01712703704834
2021-11-14,4.0883989334106445
2021-11-15,4.013158321380615
2021-11-16,3.9484426975250244
2021-11-17,4.004874229431152
2021-11-18,3.9960081577301025
2021-11-19,3.9312305450439453
2021-11-20,3.8863463401794434
2021-11-21,3.9411752223968506
2021-11-22,4.338224411010742
2021-11-23,5.286839485168457
2021-11-24,5.961684703826904
2021-11-25,5.510693550109863
2021-11-26,5.066507816314697
2021-11-27,4.849717140197754
2021-11-28,4.735996246337891
2021-11-29,4.5775346755981445
2021-11-30,4.467729568481445
2021-12-01,4.467810153961182
2021-12-02,4.425317764282227
2021-12-03,4.348702430725098
2021-12-04,4.333332538604736
2021-12-05,4.350368499755859
2021-12-06,4.278907299041748
2021-12-07,4.224773406982422
2021-12-08,4.229826927185059
2021-12-09,4.375859260559082
2021-12-10,4.523384094238281
2021-12-11,4.5409345626831055
2021-12-12,5.03363037109375
2021-12-13,6.343242168426514
2021-12-14,6.699133396148682
2021-12-15,6.039178848266602
2021-12-16,5.571906089782715
2021-12-17,5.306560516357422
2021-12-18,5.095257759094238
2021-12-19,5.795930862426758
2021-12-20,7.783207893371582
2021-12-21,8.527271270751953
2021-12-22,7.374613285064697
2021-12-23,6.5915727615356445
2021-12-24,6.070845127105713
2021-12-25,5.69101619720459
2021-12-26,5.387760162353516
2021-12-27,5.195625305175781
2021-12-28,5.135220050811768
2021-12-29,5.049894332885742
2021-12-30,5.081231594085693
2021-12-31,5.529837608337402
2022-01-01,5.83665132522583
2022-01-02,7.3930277824401855
2022-01-03,72.22998046875
2022-01-04,135.92735290527344
2022-01-05,83.19084167480469
2022-01-06,39.06089401245117
2022-01-07,22.352569580078125
2022-01-08,15.970548629760742
2022-01-09,12.985774993896484
2022-01-10,13.088874816894531
2022-01-11,14.375480651855469
2022-01-12,13.190601348876953
2022-01-13,11.307172775268555
2022-01-14,10.139801979064941
2022-01-15,9.37503719329834
2022-01-16,11.790760040283203
2022-01-17,21.28472900390625
2022-01-18,27.039033889770508
2022-01-19,23.149173736572266
2022-01-20,22.608930587768555
2022-01-21,29.621118545532227
2022-01-22,31.931241989135742
2022-01-23,25.098670959472656
2022-01-24,19.981060028076172
2022-01-25,17.77265739440918
2022-01-26,16.384857177734375
2022-01-27,14.763954162597656
2022-01-28,13.018399238586426
2022-01-29,12.118814468383789
2022-01-30,11.682958602905273
2022-01-31,11.098526954650879
2022-02-01,10.531415939331055
2022-02-02,10.139932632446289
2022-02-03,11.110004425048828
2022-02-04,22.718097686767578
2022-02-05,46.6363525390625
2022-02-06,48.115333557128906
2022-02-07,32.891883850097656
2022-02-08,28.14632225036621
2022-02-09,28.353404998779297
2022-02-10,23.42317771911621
2022-02-11,19.34894561767578
2022-02-12,16.80742073059082
2022-02-13,15.319905281066895
2022-02-14,14.391031265258789
2022-02-15,13.604098320007324
2022-02-16,12.590934753417969
2022-02-17,11.994719505310059
2022-02-18,12.391160011291504
2022-02-19,14.025667190551758
2022-02-20,14.165593147277832
2022-02-21,12.756345748901367
2022-02-22,11.802672386169434
2022-02-23,13.355123519897461
2022-02-24,21.438440322875977
2022-02-25,29.911968231201172
2022-02-26,28.501388549804688
2022-02-27,23.595582962036133
2022-02-28,23.885540008544922
2022-03-01,23.81194305419922
2022-03-02,19.819591522216797
2022-03-03,16.815448760986328
2022-03-04,14.933586120605469
2022-03-05,13.677345275878906
2022-03-06,12.728118896484375
2022-03-07,11.979948043823242
2022-03-08,11.889058113098145
2022-03-09,27.267868041992188
2022-03-10,58.88245391845703
2022-03-11,61.75469970703125
2022-03-12,56.02328109741211
2022-03-13,68.62142944335938
2022-03-14,60.29236602783203
2022-03-15,39.384010314941406
2022-03-16,36.05389404296875
2022-03-17,96.56727600097656
2022-03-18,139.32872009277344
2022-03-19,101.42706298828125
2022-03-20,58.11261749267578
2022-03-21,37.23920440673828
2022-03-22,27.6883487701416
2022-03-23,27.446617126464844
2022-03-24,38.547271728515625
2022-03-25,44.31501770019531
2022-03-26,35.009498596191406
2022-03-27,26.762889862060547
2022-03-28,21.88057518005371
2022-03-29,18.95470428466797
2022-03-30,17.08443832397461
2022-03-31,20.48653221130371
2022-04-01,32.04253387451172
2022-04-02,35.16038513183594
2022-04-03,26.850099563598633
2022-04-04,21.424182891845703
2022-04-05,21.07634735107422
2022-04-06,28.48424530029297
2022-04-07,33.570579528808594
2022-04-08,30.49493408203125
2022-04-09,26.072410583496094
2022-04-10,21.54966163635254
2022-04-11,18.48577880859375
2022-04-12,16.56165313720703
2022-04-13,15.402911186218262
2022-04-14,14.507330894470215
2022-04-15,13.766115188598633
2022-04-16,13.068550109863281
2022-04-17,12.668618202209473
2022-04-18,20.938631057739258
2022-04-19,44.9608154296875
2022-04-20,51.29495620727539
2022-04-21,34.226173400878906
2022-04-22,24.488561630249023
2022-04-23,19.54476547241211
2022-04-24,16.69143295288086
2022-04-25,14.787410736083984
2022-04-26,13.663702011108398
2022-04-27,13.265034675598145
2022-04-28,12.617491722106934
2022-04-29,11.765253067016602
2022-04-30,11.239009857177734
2022-05-01,11.447904586791992
2022-05-02,12.574947357177734
2022-05-03,13.15947151184082
2022-05-04,12.191030502319336
2022-05-05,11.068632125854492
2022-05-06,10.4192533493042
2022-05-07,11.74701976776123
2022-05-08,14.979875564575195
2022-05-09,15.186768531799316
2022-05-10,12.881579399108887
2022-05-11,11.138014793395996
2022-05-12,10.044050216674805
2022-05-13,9.26466178894043
2022-05-14,9.156750679016113
2022-05-15,9.727580070495605
2022-05-16,10.082777976989746
2022-05-17,9.622293472290039
2022-05-18,8.90401840209961
2022-05-19,8.119038581848145
2022-05-20,7.696566104888916
2022-05-21,7.8720526695251465
2022-05-22,8.501932144165039
2022-05-23,9.36303997039795
2022-05-24,12.790444374084473
2022-05-25,18.248918533325195
2022-05-26,17.913490295410156
2022-05-27,15.822530746459961
2022-05-28,18.548118591308594
2022-05-29,18.505460739135742
2022-05-30,13.801791191101074
2022-05-31,10.785102844238281
2022-06-01,9.113341331481934
2022-06-02,7.998675346374512
2022-06-03,7.473097801208496
2022-06-04,7.243537425994873
2022-06-05,6.871150493621826
2022-06-06,6.371077060699463
2022-06-07,5.961986064910889
2022-06-08,5.681684494018555
2022-06-09,5.614450454711914
2022-06-10,5.50797700881958
2022-06-11,5.206695556640625
2022-06-12,4.970948219299316
2022-06-13,4.861286640167236
2022-06-14,4.760735511779785
2022-06-15,4.795087814331055
2022-06-16,5.9785356521606445
2022-06-17,9.621671676635742
2022-06-18,12.970624923706055
2022-06-19,10.668373107910156
2022-06-20,7.7143235206604
2022-06-21,6.204198837280273
2022-06-22,5.497345924377441
2022-06-23,5.046787261962891
2022-06-24,4.6967949867248535
2022-06-25,4.405928611755371
2022-06-26,4.122392177581787
2022-06-27,4.040095806121826
2022-06-28,4.194084644317627
2022-06-29,4.260228633880615
2022-06-30,3.9586129188537598
2022-07-01,3.725407600402832
2022-07-02,3.533843517303467
2022-07-03,3.4963769912719727
2022-07-04,3.6745963096618652
2022-07-05,3.851660966873169
2022-07-06,4.031562328338623
2022-07-07,4.372873306274414
2022-07-08,4.602457523345947
2022-07-09,4.942050933837891
2022-07-10,5.56132698059082
2022-07-11,6.046632766723633
2022-07-12,5.686679840087891
2022-07-13,5.026096820831299
2022-07-14,5.157572269439697
2022-07-15,5.336876392364502
2022-07-16,4.798173427581787
2022-07-17,4.680078506469727
2022-07-18,4.686091899871826
2022-07-19,4.228459358215332
2022-07-20,3.832212448120117
2022-07-21,3.694584846496582
2022-07-22,3.8703105449676514
2022-07-23,3.9211339950561523
2022-07-24,3.53645920753479
2022-07-25,3.303548812866211
2022-07-26,3.5182344913482666
2022-07-27,4.2047624588012695
2022-07-28,4.604580879211426
2022-07-29,4.403389930725098
2022-07-30,4.2036051750183105
2022-07-31,4.284314155578613
2022-08-01,4.815590858459473
2022-08-02,5.256494522094727
2022-08-03,4.689571380615234
2022-08-04,3.899517297744751
2022-08-05,3.453666925430298
2022-08-06,3.50069522857666
2022-08-07,3.9413352012634277
2022-08-08,3.999851942062378
2022-08-09,3.5522894859313965
2022-08-10,3.2730658054351807
2022-08-11,3.349740505218506
2022-08-12,3.4366648197174072
2022-08-13,3.2471861839294434
2022-08-14,2.9439496994018555
2022-08-15,2.820723056793213
2022-08-16,3.0581679344177246
2022-08-17,3.232508420944214
2022-08-18,3.0444979667663574
2022-08-19,2.800424098968506
2022-08-20,2.640380382537842
2022-08-21,2.6982529163360596
2022-08-22,3.8456482887268066
2022-08-23,6.023836135864258
2022-08-24,6.446930408477783
2022-08-25,5.018625259399414
2022-08-26,4.075372219085693
2022-08-27,3.6280524730682373
2022-08-28,3.29170560836792
2022-08-29,2.987133741378784
2022-08-30,2.7880897521972656
2022-08-31,2.7340049743652344
2022-09-01,2.701016426086426
2022-09-02,2.5151045322418213
2022-09-03,2.339583396911621
2022-09-04,2.2405290603637695
2022-09-05,2.3440370559692383
2022-09-06,2.923020839691162
2022-09-07,3.76969575881958
2022-09-08,3.865100860595703
2022-09-09,3.5128650665283203
2022-09-10,3.231234073638916
2022-09-11,3.401245594024658
2022-09-12,4.0871500968933105
2022-09-13,4.1968584060668945
2022-09-14,3.747481346130371
2022-09-15,3.23561429977417
2022-09-16,2.8661890029907227
2022-09-17,2.6092259883880615
2022-09-18,2.4408602714538574
2022-09-19,2.3310422897338867
2022-09-20,2.2261345386505127
2022-09-21,2.134355068206787
2022-09-22,2.0597386360168457
2022-09-23,2.01509952545166
2022-09-24,2.004554510116577
2022-09-25,1.9903897047042847
2022-09-26,2.004756212234497
2022-09-27,2.0138299465179443
2022-09-28,1.9750663042068481
2022-09-29,1.9509694576263428
2022-09-30,2.4420976638793945
2022-10-01,5.772127151489258
2022-10-02,11.422736167907715
2022-10-03,11.162846565246582
2022-10-04,7.864321231842041
2022-10-05,5.528853893280029
2022-10-06,4.321652412414551
2022-10-07,3.651282787322998
2022-10-08,3.2723560333251953
2022-10-09,3.0417981147766113
2022-10-10,2.881260633468628
2022-10-11,2.7573976516723633
2022-10-12,2.699435234069824
2022-10-13,2.789224147796631
2022-10-14,3.1374661922454834
2022-10-15,3.3950064182281494
2022-10-16,3.244992256164551
2022-10-17,3.437504529953003
2022-10-18,4.819331645965576
2022-10-19,5.7845306396484375
2022-10-20,4.920925140380859
2022-10-21,4.095600128173828
2022-10-22,3.6555662155151367
2022-10-23,3.398613214492798
2022-10-24,3.190737247467041
2022-10-25,3.0640108585357666
2022-10-26,2.979862689971924
2022-10-27,2.9606308937072754
2022-10-28,2.8797507286071777
2022-10-29,2.830981731414795
2022-10-30,2.8455982208251953
2022-10-31,2.915479898452759
2022-11-01,3.1064255237579346
2022-11-02,3.3633475303649902
2022-11-03,3.3807404041290283
2022-11-04,3.35432505607605
2022-11-05,3.2353882789611816
2022-11-06,3.144909381866455
2022-11-07,3.1556379795074463
2022-11-08,3.1739654541015625
2022-11-09,3.084702730178833
2022-11-10,3.0172481536865234
2022-11-11,3.5777063369750977
2022-11-12,6.127666473388672
2022-11-13,8.799327850341797
2022-11-14,7.387814044952393
2022-11-15,5.7733378410339355
2022-11-16,5.35801362991333
2022-11-17,5.68211555480957
2022-11-18,5.253637313842773
2022-11-19,4.771921157836914
2022-11-20,4.40972375869751
2022-11-21,4.2169647216796875
2022-11-22,4.131031513214111
2022-11-23,4.068427562713623
2022-11-24,4.004243850708008
2022-11-25,4.086880683898926
2022-11-26,4.5862274169921875
2022-11-27,5.661545276641846
2022-11-28,7.700689315795898
2022-11-29,9.162900924682617
2022-11-30,9.280014038085938
2022-12-01,14.085979461669922
2022-12-02,16.74667739868164
2022-12-03,12.559659957885742
2022-12-04,10.732244491577148
2022-12-05,10.221959114074707
2022-12-06,8.55958080291748
2022-12-07,7.6351776123046875
2022-12-08,7.718711853027344
2022-12-09,7.830048561096191
2022-12-10,7.435333251953125
2022-12-11,7.057462215423584
2022-12-12,6.650609016418457
2022-12-13,6.250249862670898
2022-12-14,5.9290771484375
2022-12-15,8.170511245727539
2022-12-16,18.642200469970703
2022-12-17,25.013015747070312
2022-12-18,18.009531021118164
2022-12-19,12.646730422973633
2022-12-20,9.967450141906738
2022-12-21,8.56923770904541
2022-12-22,11.51325511932373
2022-12-23,26.23382568359375
2022-12-24,34.74018096923828
2022-12-25,24.295358657836914
2022-12-26,16.86788558959961
2022-12-27,13.081377983093262
2022-12-28,11.143603324890137
2022-12-29,10.182279586791992
2022-12-30,9.610150337219238
2022-12-31,9.886056900024414
2023-01-01,12.862899780273438
2023-01-02,14.880757331848145
2023-01-03,12.855743408203125
2023-01-04,13.216869354248047
2023-01-05,22.4636287689209
2023-01-06,29.57604217529297
2023-01-07,21.931520462036133
2023-01-08,16.275531768798828
2023-01-09,15.556641578674316
2023-01-10,16.074905395507812
2023-01-11,14.19498348236084
2023-01-12,12.422090530395508
2023-01-13,14.59174919128418
2023-01-14,21.63773536682129
2023-01-15,22.473827362060547
2023-01-16,17.586179733276367
2023-01-17,14.296825408935547
2023-01-18,13.552002906799316
2023-01-19,13.180498123168945
2023-01-20,12.05219841003418
2023-01-21,11.015225410461426
2023-01-22,10.92518424987793
2023-01-23,16.211177825927734
2023-01-24,21.427371978759766
2023-01-25,24.218921661376953
2023-01-26,36.465633392333984
2023-01-27,39.979270935058594
2023-01-28,28.24970245361328
2023-01-29,20.319059371948242
2023-01-30,20.38040542602539
2023-01-31,26.49439239501953
2023-02-01,30.21944808959961
2023-02-02,30.7337589263916
2023-02-03,29.6816463470459
2023-02-04,26.262855529785156
2023-02-05,21.071880340576172
2023-02-06,17.341297149658203
2023-02-07,15.081393241882324
2023-02-08,13.575185775756836
2023-02-09,12.6572265625
2023-02-10,12.03898811340332
2023-02-11,11.632817268371582
2023-02-12,25.935436248779297
2023-02-13,69.80943298339844
2023-02-14,83.80889892578125
2023-02-15,50.98091125488281
2023-02-16,32.07687759399414
2023-02-17,30.510774612426758
2023-02-18,42.06341552734375
2023-02-19,42.153175354003906
2023-02-20,30.409847259521484
2023-02-21,23.775623321533203
2023-02-22,20.612192153930664
2023-02-23,19.253887176513672
2023-02-24,18.093473434448242
2023-02-25,16.55364418029785
2023-02-26,17.01837730407715
2023-02-27,17.539384841918945
2023-02-28,16.08808135986328
2023-03-01,15.041613578796387
2023-03-02,20.152694702148438
2023-03-03,40.261444091796875
2023-03-04,56.67888259887695
2023-03-05,51.625152587890625
2023-03-06,35.43162536621094
2023-03-07,25.41944122314453
2023-03-08,20.34093475341797
2023-03-09,17.31623649597168
2023-03-10,15.509963989257812
2023-03-11,14.864799499511719
2023-03-12,15.015567779541016
2023-03-13,16.91840362548828
2023-03-14,18.544828414916992
2023-03-15,16.549423217773438
2023-03-16,14.500335693359375
2023-03-17,13.480334281921387
2023-03-18,16.797319412231445
2023-03-19,20.557287216186523
2023-03-20,19.069869995117188
2023-03-21,16.179574966430664
2023-03-22,14.596049308776855
2023-03-23,14.659900665283203
2023-03-24,14.400018692016602
2023-03-25,13.543254852294922
2023-03-26,13.310158729553223
2023-03-27,14.582914352416992
2023-03-28,16.838623046875
2023-03-29,17.86945915222168
2023-03-30,16.963897705078125
2023-03-31,15.546868324279785
2023-04-01,16.06528091430664
2023-04-02,17.56346893310547
2023-04-03,16.722084045410156
2023-04-04,14.524198532104492
2023-04-05,12.950226783752441
2023-04-06,12.202016830444336
2023-04-07,20.15058135986328
2023-04-08,68.62535858154297
2023-04-09,116.18883514404297
2023-04-10,100.28250885009766
2023-04-11,57.83771514892578
2023-04-12,36.413673400878906
2023-04-13,26.468273162841797
2023-04-14,22.824861526489258
2023-04-15,24.519426345825195
2023-04-16,24.990772247314453
2023-04-17,21.098129272460938
2023-04-18,18.00403594970703
2023-04-19,15.592512130737305
2023-04-20,13.936749458312988
2023-04-21,12.77295970916748
2023-04-22,12.48792552947998
2023-04-23,14.000435829162598
2023-04-24,15.157964706420898
2023-04-25,13.803353309631348
2023-04-26,12.306953430175781
2023-04-27,11.756487846374512
2023-04-28,19.760725021362305
2023-04-29,37.457237243652344
2023-04-30,47.27394104003906
2023-05-01,50.15549087524414
2023-05-02,44.81672668457031
2023-05-03,30.813236236572266
2023-05-04,22.36478042602539
2023-05-05,17.72012710571289
2023-05-06,15.073600769042969
2023-05-07,13.484784126281738
2023-05-08,12.332653045654297
2023-05-09,11.478754043579102
2023-05-10,10.77860164642334
2023-05-11,10.066872596740723
2023-05-12,9.485373497009277
2023-05-13,9.031827926635742
2023-05-14,8.710590362548828
2023-05-15,8.488344192504883
2023-05-16,8.23642635345459
2023-05-17,8.453363418579102
2023-05-18,8.78634262084961
2023-05-19,8.576216697692871
2023-05-20,7.960574150085449
2023-05-21,7.499793529510498
2023-05-22,7.218436241149902
2023-05-23,6.919332027435303
2023-05-24,6.61080265045166
2023-05-25,6.329230308532715
2023-05-26,6.071889400482178
2023-05-27,6.091876029968262
2023-05-28,6.7251811027526855
2023-05-29,8.596142768859863
2023-05-30,11.500495910644531
2023-05-31,12.408720970153809
2023-06-01,10.192094802856445
2023-06-02,8.447884559631348
2023-06-03,7.391880989074707
2023-06-04,6.871681213378906
2023-06-05,6.880842208862305
2023-06-06,6.650411128997803
2023-06-07,6.333427429199219
2023-06-08,6.622773170471191
2023-06-09,7.210561752319336
2023-06-10,6.543790340423584
2023-06-11,5.938411235809326
2023-06-12,5.705158233642578
2023-06-13,5.76875114440918
2023-06-14,5.643743991851807
2023-06-15,5.317080974578857
2023-06-16,4.9898762702941895
2023-06-17,4.7492356300354
2023-06-18,4.481602668762207
2023-06-19,4.574521064758301
2023-06-20,7.068416595458984
2023-06-21,12.880021095275879
2023-06-22,18.375274658203125
2023-06-23,21.89615249633789
2023-06-24,21.768001556396484
2023-06-25,16.68646240234375
2023-06-26,11.77011489868164
2023-06-27,9.507899284362793
2023-06-28,8.87806510925293
2023-06-29,7.963373184204102
2023-06-30,6.713115215301514
2023-07-01,6.409604072570801
2023-07-02,7.376434803009033
2023-07-03,8.073877334594727
2023-07-04,7.403626441955566
2023-07-05,6.682523727416992
2023-07-06,5.916684150695801
2023-07-07,5.57594108581543
2023-07-08,5.698931694030762
2023-07-09,8.037041664123535
2023-07-10,12.372530937194824
2023-07-11,13.418013572692871
2023-07-12,9.807088851928711
2023-07-13,7.188089847564697
2023-07-14,6.267489433288574
2023-07-15,6.459941387176514
2023-07-16,6.769235610961914
2023-07-17,6.665896415710449
2023-07-18,6.208148956298828
2023-07-19,5.248770713806152
2023-07-20,4.645325183868408
2023-07-21,4.423833847045898
2023-07-22,4.264113426208496
2023-07-23,4.021894454956055
2023-07-24,3.990723133087158
2023-07-25,4.223862171173096
2023-07-26,4.295714855194092
2023-07-27,3.902129650115967
2023-07-28,3.536776542663574
2023-07-29,3.3653194904327393
2023-07-30,3.4700448513031006
2023-07-31,3.819136381149292
2023-08-01,3.8734679222106934
2023-08-02,3.546380043029785
2023-08-03,3.304508686065674
2023-08-04,3.473325252532959
2023-08-05,3.8675360679626465
2023-08-06,3.83721661567688
2023-08-07,3.90441632270813
2023-08-08,4.305253982543945
2023-08-09,4.193159103393555
2023-08-10,3.861738443374634
2023-08-11,4.126213073730469
2023-08-12,4.432310581207275
2023-08-13,3.9315991401672363
2023-08-14,3.394819736480713
2023-08-15,3.193014621734619
2023-08-16,3.443967342376709
2023-08-17,3.600933074951172
2023-08-18,3.2520625591278076
2023-08-19,2.911439895629883
2023-08-20,2.6732425689697266
2023-08-21,2.4959089756011963
2023-08-22,2.3493335247039795
2023-08-23,2.248162269592285
2023-08-24,2.1763105392456055
2023-08-25,2.2255470752716064
2023-08-26,2.4924263954162598
2023-08-27,2.750993251800537
2023-08-28,3.202552080154419
2023-08-29,4.4457926750183105
2023-08-30,5.751084327697754
2023-08-31,6.302614212036133
2023-09-01,6.135923385620117
2023-09-02,4.947959899902344
2023-09-03,3.8674638271331787
2023-09-04,3.2405455112457275
2023-09-05,2.8354651927948
2023-09-06,2.5442121028900146
2023-09-07,2.3398056030273438
2023-09-08,2.2421834468841553
2023-09-09,2.4126927852630615
2023-09-10,2.938237428665161
2023-09-11,3.5195541381835938
2023-09-12,3.800828456878662
2023-09-13,4.186828136444092
2023-09-14,4.62686014175415
2023-09-15,4.055776119232178
2023-09-16,3.3495519161224365
2023-09-17,2.9681854248046875
2023-09-18,3.00636625289917
2023-09-19,3.0992233753204346
2023-09-20,2.860637664794922
2023-09-21,2.646190643310547
2023-09-22,2.515733480453491
2023-09-23,2.831895351409912
2023-09-24,4.114995956420898
2023-09-25,5.153337478637695
2023-09-26,4.355648994445801
2023-09-27,3.6199707984924316
2023-09-28,3.2037887573242188
2023-09-29,2.9257731437683105
2023-09-30,2.7079784870147705
2023-10-01,2.5155081748962402
2023-10-02,2.338005781173706
2023-10-03,2.217134714126587
2023-10-04,2.1302127838134766
2023-10-05,2.07753586769104
2023-10-06,2.079280376434326
2023-10-07,2.099475860595703
2023-10-08,2.114847183227539
2023-10-09,2.0928361415863037
2023-10-10,2.0509257316589355
2023-10-11,2.0185675621032715
2023-10-12,2.098592758178711
2023-10-13,2.357343912124634
2023-10-14,2.58595609664917
2023-10-15,2.798285484313965
2023-10-16,2.92781400680542
2023-10-17,2.7450203895568848
2023-10-18,2.5404129028320312
2023-10-19,2.401148557662964
2023-10-20,2.3550915718078613
2023-10-21,2.41558837890625
2023-10-22,2.454801321029663
2023-10-23,2.3444838523864746
2023-10-24,2.241544246673584
2023-10-25,2.1925745010375977
2023-10-26,2.144108533859253
2023-10-27,2.103461742401123
2023-10-28,2.0524747371673584
2023-10-29,1.9958336353302002
2023-10-30,1.9391140937805176
2023-10-31,1.9239436388015747
2023-11-01,2.036781072616577
2023-11-02,2.136941432952881
2023-11-03,2.178502321243286
2023-11-04,2.233727216720581
2023-11-05,2.2855606079101562
2023-11-06,2.2839910984039307
2023-11-07,2.281677722930908
2023-11-08,2.261747360229492
2023-11-09,2.28399920463562
2023-11-10,2.268239974975586
2023-11-11,2.318441867828369
2023-11-12,2.4327735900878906
2023-11-13,2.4685850143432617
2023-11-14,2.460405111312866
2023-11-15,2.421571731567383
2023-11-16,2.465930223464966
2023-11-17,2.522805690765381
2023-11-18,2.5059316158294678
2023-11-19,2.4705562591552734
2023-11-20,2.4768505096435547
2023-11-21,2.5669968128204346
2023-11-22,3.6048502922058105
2023-11-23,5.762457847595215
2023-11-24,6.015281677246094
2023-11-25,4.8640594482421875
2023-11-26,4.015247344970703
2023-11-27,3.600693941116333
2023-11-28,3.3498079776763916
2023-11-29,3.1779119968414307
2023-11-30,3.1114501953125
2023-12-01,3.0865061283111572
2023-12-02,3.0921621322631836
2023-12-03,3.201798677444458
2023-12-04,3.3645429611206055
2023-12-05,3.448287010192871
2023-12-06,3.339294672012329
2023-12-07,3.244781732559204
2023-12-08,3.1957664489746094
2023-12-09,3.172947883605957
2023-12-10,3.704197883605957
2023-12-11,10.277904510498047
2023-12-12,19.209774017333984
2023-12-13,14.90931510925293
2023-12-14,9.60667896270752
2023-12-15,7.032305717468262
2023-12-16,5.905980110168457
2023-12-17,10.783732414245605
2023-12-18,33.26968765258789
2023-12-19,42.780189514160156
2023-12-20,26.0858154296875
2023-12-21,15.067703247070312
2023-12-22,10.602458000183105
2023-12-23,8.564776420593262
2023-12-24,7.484740257263184
2023-12-25,6.815258026123047
2023-12-26,7.610627174377441
2023-12-27,21.70867156982422
2023-12-28,47.146934509277344
2023-12-29,46.18889236450195
2023-12-30,27.266286849975586
2023-12-31,16.789491653442383
2024-01-01,12.236324310302734
2024-01-02,9.99612808227539
2024-01-03,8.684637069702148
2024-01-04,7.942662239074707
2024-01-05,7.462292671203613
2024-01-06,7.8968424797058105
2024-01-07,11.855660438537598
2024-01-08,14.71330451965332
2024-01-09,39.720638275146484
2024-01-10,114.3041763305664
2024-01-11,130.34259033203125
2024-01-12,66.73748779296875
2024-01-13,38.01311492919922
2024-01-14,28.49291229248047
2024-01-15,22.218137741088867
2024-01-16,17.81612777709961
2024-01-17,15.56779956817627
2024-01-18,13.892900466918945
2024-01-19,12.421253204345703
2024-01-20,11.521705627441406
2024-01-21,10.721024513244629
2024-01-22,9.895545959472656
2024-01-23,9.224451065063477
2024-01-24,8.958133697509766
2024-01-25,10.290184020996094
2024-01-26,17.061279296875
2024-01-27,23.747188568115234
2024-01-28,28.37576675415039
2024-01-29,40.04460144042969
2024-01-30,39.271209716796875
2024-01-31,27.358457565307617
2024-02-01,20.727062225341797
2024-02-02,17.26482582092285
2024-02-03,14.930298805236816
2024-02-04,13.114358901977539
2024-02-05,11.864643096923828
2024-02-06,11.097668647766113
2024-02-07,10.429533004760742
2024-02-08,9.84627628326416
2024-02-09,9.517581939697266
2024-02-10,9.578645706176758
2024-02-11,11.699328422546387
2024-02-12,20.444150924682617
2024-02-13,33.216835021972656
2024-02-14,35.948734283447266
2024-02-15,27.64752960205078
2024-02-16,20.404085159301758
2024-02-17,16.558956146240234
2024-02-18,14.23640251159668
2024-02-19,12.6179838180542
2024-02-20,11.451645851135254
2024-02-21,10.673296928405762
2024-02-22,10.171293258666992
2024-02-23,10.225306510925293
2024-02-24,11.054718017578125
2024-02-25,11.38583755493164
2024-02-26,10.650938034057617
2024-02-27,10.608732223510742
2024-02-28,13.627517700195312
2024-02-29,19.148500442504883
2024-03-01,21.251346588134766
2024-03-02,28.31049346923828
2024-03-03,39.027809143066406
2024-03-04,35.94656753540039
2024-03-05,26.1617488861084
2024-03-06,22.008211135864258
2024-03-07,26.371309280395508
2024-03-08,29.35353660583496
2024-03-09,31.065988540649414
2024-03-10,48.574710845947266
2024-03-11,53.445152282714844
2024-03-12,35.95847702026367
2024-03-13,25.12506675720215
2024-03-14,19.761810302734375
2024-03-15,17.325416564941406
2024-03-16,16.783870697021484
2024-03-17,16.105724334716797
2024-03-18,14.854453086853027
2024-03-19,13.662378311157227
2024-03-20,12.663731575012207
2024-03-21,11.809770584106445
2024-03-22,11.185907363891602
2024-03-23,15.54057788848877
2024-03-24,28.59307098388672
2024-03-25,32.52264404296875
2024-03-26,24.151065826416016
2024-03-27,23.156774520874023
2024-03-28,40.588096618652344
2024-03-29,47.208736419677734
2024-03-30,34.105220794677734
2024-03-31,24.301742553710938
2024-04-01,19.183517456054688
2024-04-02,16.432161331176758
2024-04-03,16.073575973510742
2024-04-04,18.535648345947266
2024-04-05,19.483463287353516
2024-04-06,16.7607364654541
2024-04-07,14.474041938781738
2024-04-08,12.924190521240234
2024-04-09,12.30558967590332
2024-04-10,12.427728652954102
2024-04-11,12.746916770935059
2024-04-12,14.152599334716797
2024-04-13,16.091537475585938
2024-04-14,14.790547370910645
2024-04-15,12.805747985839844
2024-04-16,11.51585865020752
2024-04-17,10.778281211853027
2024-04-18,10.177422523498535
2024-04-19,9.537004470825195
2024-04-20,9.052108764648438
2024-04-21,9.0932035446167
2024-04-22,10.19697093963623
2024-04-23,11.107278823852539
2024-04-24,10.188468933105469
2024-04-25,9.450983047485352
2024-04-26,8.801165580749512
2024-04-27,8.350496292114258
2024-04-28,7.97770357131958
2024-04-29,7.571962356567383
2024-04-30,7.158863067626953
2024-05-01,6.885215759277344
2024-05-02,6.705471515655518
2024-05-03,6.38731575012207
2024-05-04,6.370577812194824
2024-05-05,10.78032398223877
2024-05-06,21.916236877441406
2024-05-07,27.68233871459961
2024-05-08,23.835939407348633
2024-05-09,20.445941925048828
2024-05-10,18.75864028930664
2024-05-11,16.73050308227539
2024-05-12,13.155715942382812
2024-05-13,10.7916259765625
2024-05-14,12.503639221191406
2024-05-15,25.806921005249023
2024-05-16,34.501102447509766
2024-05-17,26.77847671508789
2024-05-18,21.51542854309082
2024-05-19,20.192766189575195
2024-05-20,18.06766128540039
2024-05-21,14.363252639770508
2024-05-22,11.663742065429688
2024-05-23,10.06220817565918
2024-05-24,9.875347137451172
2024-05-25,10.716781616210938
2024-05-26,10.837018966674805
2024-05-27,11.526592254638672
2024-05-28,14.233627319335938
2024-05-29,14.278312683105469
2024-05-30,11.134613990783691
2024-05-31,9.068778038024902
2024-06-01,7.849203109741211
2024-06-02,7.053925037384033
2024-06-03,6.772271156311035
2024-06-04,6.982242107391357
2024-06-05,7.116623878479004
2024-06-06,6.749272346496582
2024-06-07,6.311450958251953
2024-06-08,5.875051498413086
2024-06-09,5.370831489562988
2024-06-10,5.090504169464111
2024-06-11,4.968597412109375
2024-06-12,4.743192672729492
2024-06-13,4.462296485900879
2024-06-14,4.2012224197387695
2024-06-15,3.9696621894836426
2024-06-16,3.7553517818450928
2024-06-17,3.575505256652832
2024-06-18,3.4697329998016357
2024-06-19,3.3557679653167725
2024-06-20,3.2052526473999023
2024-06-21,3.0581161975860596
2024-06-22,2.9277899265289307
2024-06-23,2.7794511318206787
2024-06-24,2.671483039855957
2024-06-25,2.571039915084839
2024-06-26,2.460446357727051
2024-06-27,2.3845467567443848
2024-06-28,2.3600378036499023
2024-06-29,2.3521599769592285
2024-06-30,2.3253166675567627
2024-07-01,2.496662139892578
2024-07-02,2.782179355621338
2024-07-03,2.6639771461486816
2024-07-04,2.4094176292419434
2024-07-05,2.272937059402466
2024-07-06,2.2670977115631104
2024-07-07,2.552828311920166
2024-07-08,3.230299234390259
2024-07-09,3.8146302700042725
2024-07-10,3.567065715789795
2024-07-11,3.04567551612854
2024-07-12,2.786609649658203
2024-07-13,3.0009875297546387
2024-07-14,3.304743528366089
2024-07-15,2.988631248474121
2024-07-16,2.618704319000244
2024-07-17,2.424466133117676
2024-07-18,2.5201830863952637
2024-07-19,3.1459388732910156
2024-07-20,4.319742202758789
2024-07-21,5.733717918395996
2024-07-22,7.015017986297607
2024-07-23,7.350625038146973
2024-07-24,7.649659633636475
2024-07-25,9.708234786987305
2024-07-26,13.387343406677246
2024-07-27,13.058945655822754
2024-07-28,8.95643138885498
2024-07-29,6.533655643463135
2024-07-30,6.281817436218262
2024-07-31,6.619174957275391
2024-08-01,5.657944679260254
2024-08-02,4.58780574798584
2024-08-03,4.488359451293945
2024-08-04,5.809872627258301
2024-08-05,6.592108726501465
2024-08-06,5.6854681968688965
2024-08-07,5.329556941986084
2024-08-08,43.40647888183594
2024-08-09,157.58399963378906
2024-08-10,205.4701385498047
2024-08-11,97.91378784179688
2024-08-12,44.300392150878906
2024-08-13,24.165828704833984
2024-08-14,16.31810188293457
2024-08-15,12.773320198059082
2024-08-16,10.474672317504883
2024-08-17,9.027605056762695
2024-08-18,8.440021514892578
2024-08-19,8.25320053100586
2024-08-20,7.848901748657227
2024-08-21,7.18879508972168
2024-08-22,6.4323649406433105
2024-08-23,5.874274253845215
2024-08-24,5.489687919616699
2024-08-25,5.124029159545898
2024-08-26,4.782768249511719
2024-08-27,4.471002101898193
2024-08-28,4.207136631011963
2024-08-29,3.97414493560791
2024-08-30,3.924680233001709
2024-08-31,4.339812755584717
2024-09-01,5.164224624633789
2024-09-02,6.5392961502075195
2024-09-03,7.66225528717041
2024-09-04,6.840535640716553
2024-09-05,5.650581359863281
2024-09-06,4.900228023529053
2024-09-07,4.413382530212402
2024-09-08,4.129938125610352
2024-09-09,3.8996288776397705
2024-09-10,3.681873321533203
2024-09-11,3.482205629348755
2024-09-12,3.3229873180389404
2024-09-13,3.2772583961486816
2024-09-14,3.3443796634674072
2024-09-15,3.3900070190429688
2024-09-16,3.7887284755706787
2024-09-17,8.349993705749512
2024-09-18,16.403379440307617
2024-09-19,17.409439086914062
2024-09-20,12.629598617553711
2024-09-21,9.529718399047852
2024-09-22,7.7340264320373535
2024-09-23,6.519441604614258
2024-09-24,5.948927879333496
2024-09-25,10.63863754272461
2024-09-26,28.25881576538086
2024-09-27,67.28497314453125
2024-09-28,100.40391540527344
2024-09-29,79.39570617675781
2024-09-30,44.349891662597656
2024-10-01,30.055072784423828
2024-10-02,23.025917053222656
2024-10-03,17.783105850219727
2024-10-04,14.244458198547363
2024-10-05,11.950087547302246
2024-10-06,10.394704818725586
2024-10-07,9.263115882873535
2024-10-08,8.347929000854492
2024-10-09,7.646903038024902
2024-10-10,7.11725378036499
2024-10-11,6.749004364013672
2024-10-12,6.379387855529785
2024-10-13,6.033297061920166
2024-10-14,5.760605812072754
2024-10-15,5.6016130447387695
2024-10-16,5.551249027252197
2024-10-17,5.545405387878418
2024-10-18,5.381000518798828
2024-10-19,5.162559986114502
2024-10-20,4.987947463989258
2024-10-21,4.876956939697266
2024-10-22,4.793719291687012
2024-10-23,4.702171325683594
2024-10-24,4.587450981140137
2024-10-25,4.476627349853516
2024-10-26,4.391343593597412
2024-10-27,4.34205436706543
2024-10-28,4.399775505065918
2024-10-29,4.411690711975098
2024-10-30,4.344008445739746
2024-10-31,4.229849815368652
2024-11-01,4.170831680297852
2024-11-02,4.178044319152832
2024-11-03,4.186967372894287
2024-11-04,4.192957401275635
2024-11-05,4.242749214172363
2024-11-06,4.261983871459961
2024-11-07,4.43550968170166
2024-11-08,5.360082626342773
2024-11-09,6.134546279907227
2024-11-10,5.714654922485352
2024-11-11,5.564060688018799
2024-11-12,5.984920024871826
2024-11-13,6.129901885986328
2024-11-14,6.40060567855835
2024-11-15,8.754264831542969
2024-11-16,10.95137882232666
2024-11-17,9.512680053710938
2024-11-18,7.894442558288574
2024-11-19,6.961822509765625
2024-11-20,6.587319374084473
2024-11-21,7.074220180511475
2024-11-22,7.708203315734863
2024-11-23,7.205398082733154
2024-11-24,6.533504962921143
2024-11-25,6.151014804840088
2024-11-26,5.906725883483887
2024-11-27,5.879520893096924
2024-11-28,5.946410655975342
2024-11-29,5.913453102111816
2024-11-30,5.872409820556641
2024-12-01,5.662938594818115
2024-12-02,5.494300842285156
2024-12-03,5.409290313720703
2024-12-04,5.3424530029296875
2024-12-05,5.21138334274292
2024-12-06,5.099376678466797
2024-12-07,5.084485054016113
2024-12-08,5.021381378173828
2024-12-09,5.108217239379883
2024-12-10,5.7056989669799805
2024-12-11,37.94173049926758
2024-12-12,111.41688537597656
2024-12-13,114.5867919921875
2024-12-14,56.65785598754883
2024-12-15,31.41387939453125
2024-12-16,21.275718688964844
2024-12-17,16.610610961914062
2024-12-18,14.372970581054688
2024-12-19,12.966043472290039
2024-12-20,11.95582389831543
2024-12-21,11.073324203491211
2024-12-22,10.313607215881348
2024-12-23,9.637807846069336
2024-12-24,9.033670425415039
2024-12-25,8.624210357666016
2024-12-26,8.30040454864502
2024-12-27,8.03734016418457
2024-12-28,8.004890441894531
2024-12-29,9.338287353515625
2024-12-30,12.942955017089844
2024-12-31,14.9015531539917
2025-01-01,13.334039688110352
2025-01-02,11.671943664550781
2025-01-03,10.374792098999023
2025-01-04,9.565185546875
2025-01-05,9.00425910949707
2025-01-06,8.837081909179688
2025-01-07,9.553730010986328
2025-01-08,10.149209976196289
2025-01-09,9.635992050170898
2025-01-10,9.024299621582031
2025-01-11,8.966153144836426
2025-01-12,9.59193229675293
2025-01-13,9.784664154052734
2025-01-14,9.535606384277344
2025-01-15,9.243646621704102
2025-01-16,8.809342384338379
2025-01-17,8.378901481628418
2025-01-18,8.188488006591797
2025-01-19,8.116337776184082
2025-01-20,8.086384773254395
2025-01-21,8.072061538696289
2025-01-22,7.857769966125488
2025-01-23,7.617120742797852
2025-01-24,7.351105690002441
2025-01-25,7.182243824005127
2025-01-26,7.075625896453857
2025-01-27,7.172029495239258
2025-01-28,7.258609771728516
2025-01-29,7.181234359741211
2025-01-30,7.107518196105957
2025-01-31,7.328490734100342
2025-02-01,20.84729766845703
2025-02-02,43.254859924316406
2025-02-03,41.653194427490234
2025-02-04,27.008438110351562
2025-02-05,18.813156127929688
2025-02-06,14.930041313171387
2025-02-07,13.348567962646484
2025-02-08,12.326653480529785
2025-02-09,11.22223949432373
2025-02-10,10.650415420532227
2025-02-11,10.853132247924805
2025-02-12,20.184675216674805
2025-02-13,53.70854568481445
2025-02-14,80.15872192382812
2025-02-15,65.20931243896484
2025-02-16,57.881324768066406
2025-02-17,64.720458984375
2025-02-18,51.61138916015625
2025-02-19,34.636695861816406
2025-02-20,26.776525497436523
2025-02-21,22.905906677246094
2025-02-22,19.035545349121094
2025-02-23,16.554027557373047
2025-02-24,15.003569602966309
2025-02-25,13.902506828308105
2025-02-26,13.164989471435547
2025-02-27,12.766679763793945
2025-02-28,13.027949333190918
2025-03-01,12.876847267150879
2025-03-02,12.223135948181152
2025-03-03,11.458597183227539
2025-03-04,10.807294845581055
2025-03-05,13.791031837463379
2025-03-06,24.110944747924805
2025-03-07,27.397769927978516
2025-03-08,21.286115646362305
2025-03-09,17.15176773071289
2025-03-10,14.841821670532227
2025-03-11,13.917573928833008
2025-03-12,13.070568084716797
2025-03-13,12.0193452835083
2025-03-14,11.307576179504395
2025-03-15,10.751737594604492
2025-03-16,14.065235137939453
2025-03-17,30.76308822631836
2025-03-18,35.834537506103516
2025-03-19,25.76628875732422
2025-03-20,19.59747886657715
2025-03-21,17.61396026611328
2025-03-22,15.758689880371094
2025-03-23,13.651966094970703
2025-03-24,12.999926567077637
2025-03-25,14.217066764831543
2025-03-26,14.547744750976562
2025-03-27,13.002735137939453
2025-03-28,11.655618667602539
2025-03-29,10.794965744018555
2025-03-30,10.165750503540039
2025-03-31,10.534971237182617
2025-04-01,13.332871437072754
2025-04-02,15.531888961791992
2025-04-03,13.562490463256836
2025-04-04,11.865411758422852
2025-04-05,10.643790245056152
2025-04-06,9.67915153503418
2025-04-07,20.779939651489258
2025-04-08,86.36934661865234
2025-04-09,108.52392578125
2025-04-10,64.9105224609375
2025-04-11,62.17912292480469
2025-04-12,72.34555053710938
2025-04-13,60.802818298339844
2025-04-14,39.92168426513672
2025-04-15,27.537580490112305
2025-04-16,21.366954803466797
2025-04-17,17.784137725830078
2025-04-18,15.359434127807617
2025-04-19,13.753690719604492
2025-04-20,12.53265380859375
2025-04-21,11.507655143737793
2025-04-22,10.805891990661621
2025-04-23,10.449383735656738
2025-04-24,10.165534973144531
2025-04-25,9.704291343688965
2025-04-26,9.421220779418945
2025-04-27,9.356253623962402
2025-04-28,8.979235649108887
2025-04-29,8.242730140686035
2025-04-30,7.738831996917725
2025-05-01,7.489724636077881
2025-05-02,7.504202842712402
2025-05-03,7.705055236816406
2025-05-04,10.381872177124023
2025-05-05,15.79769515991211
2025-05-06,15.84850025177002
2025-05-07,12.179597854614258
2025-05-08,9.860893249511719
2025-05-09,10.338486671447754
2025-05-10,13.21677017211914
2025-05-11,14.153263092041016
2025-05-12,19.674388885498047
2025-05-13,53.710243225097656
2025-05-14,83.44153594970703
2025-05-15,69.89887237548828
2025-05-16,46.63026428222656
2025-05-17,30.68330192565918
2025-05-18,25.408689498901367
2025-05-19,21.701702117919922
2025-05-20,16.547706604003906
2025-05-21,14.199621200561523
2025-05-22,14.50103759765625
2025-05-23,14.170230865478516
2025-05-24,11.750748634338379
2025-05-25,10.041339874267578
2025-05-26,8.945838928222656
2025-05-27,9.506895065307617
2025-05-28,15.64155387878418
2025-05-29,24.186626434326172
2025-05-30,31.9193115234375
2025-05-31,39.57639694213867
2025-06-01,34.77274703979492
2025-06-02,23.140470504760742
2025-06-03,16.54994010925293
2025-06-04,12.843241691589355
2025-06-05,13.291916847229004
2025-06-06,19.5938720703125
2025-06-07,25.575857162475586
2025-06-08,29.8433780670166
2025-06-09,29.835153579711914
2025-06-10,22.99338150024414
2025-06-11,20.324857711791992
2025-06-12,19.273595809936523
2025-06-13,16.844757080078125
2025-06-14,15.859809875488281
2025-06-15,16.650005340576172
2025-06-16,21.088796615600586
2025-06-17,30.059581756591797
2025-06-18,32.12744903564453
2025-06-19,24.67413330078125
2025-06-20,18.330778121948242
2025-06-21,14.749814987182617
2025-06-22,11.555717468261719
2025-06-23,9.458159446716309
2025-06-24,8.117898941040039
2025-06-25,7.270928859710693
2025-06-26,6.866873741149902
2025-06-27,6.875171661376953
2025-06-28,7.5974016189575195
2025-06-29,9.566425323486328
2025-06-30,10.766112327575684
2025-07-01,9.719905853271484
2025-07-02,12.919721603393555
2025-07-03,21.36395835876465
2025-07-04,22.095888137817383
2025-07-05,14.533355712890625
2025-07-06,14.731303215026855
2025-07-07,73.2831039428711
2025-07-08,107.62310791015625
2025-07-09,74.95440673828125
2025-07-10,69.94541931152344
2025-07-11,83.51182556152344
2025-07-12,67.11813354492188
2025-07-13,41.13479995727539
2025-07-14,30.000972747802734
2025-07-15,36.729888916015625
2025-07-16,60.06254196166992
2025-07-17,66.24514770507812
2025-07-18,51.992897033691406
2025-07-19,45.28609848022461
2025-07-20,48.146995544433594
2025-07-21,48.16214370727539
2025-07-22,43.93602752685547
2025-07-23,35.831573486328125
2025-07-24,24.602094650268555
2025-07-25,17.34312629699707
2025-07-26,13.668286323547363
2025-07-27,11.606712341308594
2025-07-28,10.47872543334961
2025-07-29,9.817062377929688
2025-07-30,9.596489906311035
2025-07-31,9.536832809448242
2025-08-01,9.412145614624023
2025-08-02,10.666382789611816
2025-08-03,12.392560005187988
2025-08-04,11.403279304504395
2025-08-05,10.79116439819336
2025-08-06,15.255276679992676
2025-08-07,22.929895401000977
2025-08-08,22.656095504760742
2025-08-09,17.54528045654297
2025-08-10,13.12901496887207
2025-08-11,11.596101760864258
2025-08-12,14.314313888549805
2025-08-13,17.714115142822266
2025-08-14,18.001052856445312
2025-08-15,16.980527877807617
2025-08-16,14.12649154663086
2025-08-17,11.381402969360352
2025-08-18,9.596475601196289
2025-08-19,8.457374572753906
2025-08-20,7.683780193328857
2025-08-21,7.101856231689453
2025-08-22,6.73476505279541
2025-08-23,6.571314334869385
2025-08-24,6.430872440338135
2025-08-25,6.217332363128662
2025-08-26,6.016571998596191
2025-08-27,5.78037166595459
2025-08-28,5.537229061126709
2025-08-29,5.319580078125
2025-08-30,5.118996620178223
2025-08-31,4.904909133911133
2025-09-01,4.720855712890625
2025-09-02,4.531472682952881
2025-09-03,4.402093887329102
2025-09-04,4.4378662109375
2025-09-05,4.675227165222168
2025-09-06,4.956474304199219
2025-09-07,5.48321533203125
2025-09-08,6.244060516357422
2025-09-09,6.089285373687744
2025-09-10,5.398868560791016
2025-09-11,4.910571575164795
2025-09-12,4.575202465057373
2025-09-13,4.328895568847656
2025-09-14,4.108561992645264
2025-09-15,3.906574010848999
2025-09-16,3.7909016609191895
2025-09-17,3.73868465423584
2025-09-18,3.736508846282959
2025-09-19,3.710176944732666
2025-09-20,3.551508903503418
2025-09-21,3.3841357231140137
2025-09-22,3.282302141189575
2025-09-23,3.204909324645996
2025-09-24,3.099879264831543
2025-09-25,3.0397469997406006
2025-09-26,3.176748275756836
2025-09-27,4.628232479095459
2025-09-28,7.857271194458008
2025-09-29,9.583755493164062
2025-09-30,11.320425033569336
2025-10-01,16.352725982666016
2025-10-02,15.989240646362305
2025-10-03,10.686972618103027
2025-10-04,7.620220184326172
2025-10-05,6.14208459854126
2025-10-06,5.356808185577393
2025-10-07,4.854953765869141
2025-10-08,4.540911674499512
2025-10-09,4.346827030181885
2025-10-10,4.18228816986084
2025-10-11,4.073481559753418
2025-10-12,4.252327919006348
2025-10-13,4.9123382568359375
2025-10-14,5.315582752227783
2025-10-15,4.901573181152344
2025-10-16,4.435803413391113
2025-10-17,4.127519607543945
2025-10-18,3.9244027137756348
2025-10-19,3.776768207550049
2025-10-20,3.686798334121704
2025-10-21,3.616572380065918
2025-10-22,3.512335777282715
2025-10-23,3.445585250854492
2025-10-24,3.3684988021850586
2025-10-25,3.2912707328796387
2025-10-26,3.2590413093566895
2025-10-27,3.622309684753418
2025-10-28,7.52789306640625
2025-10-29,13.635274887084961
2025-10-30,14.876076698303223
2025-10-31,13.75454330444336
2025-11-01,11.668123245239258
2025-11-02,9.013890266418457
2025-11-03,7.696488857269287
2025-11-04,7.399563789367676
2025-11-05,6.971791744232178
2025-11-06,6.2962965965271
2025-11-07,5.784165382385254
2025-11-08,5.707525253295898
2025-11-09,6.033026218414307
2025-11-10,6.456891059875488
2025-11-11,6.295445442199707
2025-11-12,5.9173808097839355
2025-11-13,5.535614967346191
2025-11-14,5.294943809509277
2025-11-15,5.185683727264404
2025-11-16,5.045440196990967
2025-11-17,4.852605819702148
2025-11-18,4.768454074859619
2025-11-19,4.76743745803833
2025-11-20,4.7585248947143555
2025-11-21,4.853431701660156
2025-11-22,5.038656234741211
2025-11-23,5.2383131980896
2025-11-24,5.19228982925415
2025-11-25,5.054230690002441
2025-11-26,5.008362770080566
2025-11-27,5.178774833679199
2025-11-28,5.3245134353637695
2025-11-29,5.101740837097168
2025-11-30,4.920150279998779
2025-12-01,4.82841157913208
2025-12-02,5.618509769439697
2025-12-03,8.347953796386719
2025-12-04,10.17551040649414
2025-12-05,8.971203804016113
2025-12-06,8.301558494567871
2025-12-07,8.154671669006348
2025-12-08,7.581088542938232
2025-12-09,7.6090593338012695
2025-12-10,7.819789886474609
2025-12-11,7.36668586730957
2025-12-12,6.9466552734375
2025-12-13,6.626303672790527
2025-12-14,6.418770790100098
2025-12-15,6.3055243492126465
2025-12-16,6.190937042236328
2025-12-17,6.008274078369141
2025-12-18,6.077375411987305
2025-12-19,9.121604919433594
2025-12-20,14.136495590209961
2025-12-21,14.093893051147461
2025-12-22,11.294500350952148
2025-12-23,9.3923921585083
2025-12-24,8.379852294921875
2025-12-25,7.703312873840332
2025-12-26,7.331106185913086
2025-12-27,7.087210655212402
2025-12-28,6.8006672859191895
2025-12-29,6.588849067687988
2025-12-30,6.450924873352051
2025-12-31,6.2949604988098145