Date,Flow
1980-01-01,9.5140962600708
1980-01-02,9.192535400390625
1980-01-03,8.986347198486328
1980-01-04,8.885334014892578
1980-01-05,9.48827075958252
1980-01-06,10.625110626220703
1980-01-07,10.707472801208496
1980-01-08,10.330406188964844
1980-01-09,10.351509094238281
1980-01-10,10.42575740814209
1980-01-11,12.205282211303711
1980-01-12,25.67748260498047
1980-01-13,32.915462493896484
1980-01-14,28.47760772705078
1980-01-15,30.863481521606445
1980-01-16,32.07028579711914
1980-01-17,24.27526092529297
1980-01-18,28.607784271240234
1980-01-19,51.019317626953125
1980-01-20,55.73827362060547
1980-01-21,36.30350112915039
1980-01-22,25.927322387695312
1980-01-23,28.24563980102539
1980-01-24,34.46177291870117
1980-01-25,30.68614959716797
1980-01-26,23.828922271728516
1980-01-27,19.896381378173828
1980-01-28,17.778955459594727
1980-01-29,16.19576072692871
1980-01-30,15.124296188354492
1980-01-31,14.640326499938965
1980-02-01,14.667457580566406
1980-02-02,14.130560874938965
1980-02-03,13.391573905944824
1980-02-04,12.861003875732422
1980-02-05,12.500550270080566
1980-02-06,12.023468017578125
1980-02-07,12.082173347473145
1980-02-08,12.230323791503906
1980-02-09,12.168561935424805
1980-02-10,14.903512001037598
1980-02-11,19.486862182617188
1980-02-12,19.608139038085938
1980-02-13,18.206188201904297
1980-02-14,17.043838500976562
1980-02-15,16.55826187133789
1980-02-16,16.578399658203125
1980-02-17,16.339527130126953
1980-02-18,15.083649635314941
1980-02-19,13.770801544189453
1980-02-20,13.141051292419434
1980-02-21,13.207146644592285
1980-02-22,14.002035140991211
1980-02-23,14.885643005371094
1980-02-24,14.657978057861328
1980-02-25,14.166099548339844
1980-02-26,15.255799293518066
1980-02-27,16.618764877319336
1980-02-28,15.715506553649902
1980-02-29,14.519906044006348
1980-03-01,13.604436874389648
1980-03-02,13.132224082946777
1980-03-03,13.740087509155273
1980-03-04,15.012367248535156
1980-03-05,18.599843978881836
1980-03-06,25.958227157592773
1980-03-07,28.740949630737305
1980-03-08,27.655202865600586
1980-03-09,32.45966720581055
1980-03-10,33.94544219970703
1980-03-11,27.298921585083008
1980-03-12,22.248645782470703
1980-03-13,19.09462547302246
1980-03-14,19.08871841430664
1980-03-15,19.956409454345703
1980-03-16,18.14581871032715
1980-03-17,17.535572052001953
1980-03-18,38.34352493286133
1980-03-19,56.47393798828125
1980-03-20,46.60172653198242
1980-03-21,68.19107818603516
1980-03-22,112.0007095336914
1980-03-23,81.3332748413086
1980-03-24,56.05995178222656
1980-03-25,63.862945556640625
1980-03-26,66.408203125
1980-03-27,47.6527214050293
1980-03-28,34.25275802612305
1980-03-29,32.21771240234375
1980-03-30,38.32523727416992
1980-03-31,39.88898468017578
1980-04-01,34.5769157409668
1980-04-02,27.7435302734375
1980-04-03,23.464004516601562
1980-04-04,20.88559341430664
1980-04-05,19.30975341796875
1980-04-06,17.845806121826172
1980-04-07,16.603633880615234
1980-04-08,16.33961296081543
1980-04-09,21.818965911865234
1980-04-10,35.75785827636719
1980-04-11,33.48849868774414
1980-04-12,25.770305633544922
1980-04-13,25.51480484008789
1980-04-14,33.20921325683594
1980-04-15,43.151611328125
1980-04-16,43.415870666503906
1980-04-17,32.27225112915039
1980-04-18,24.60662078857422
1980-04-19,20.47603988647461
1980-04-20,18.279098510742188
1980-04-21,16.839874267578125
1980-04-22,15.707547187805176
1980-04-23,14.709644317626953
1980-04-24,13.830694198608398
1980-04-25,13.29624080657959
1980-04-26,13.311836242675781
1980-04-27,13.545675277709961
1980-04-28,13.663647651672363
1980-04-29,13.473968505859375
1980-04-30,13.403640747070312
1980-05-01,13.336051940917969
1980-05-02,12.433699607849121
1980-05-03,11.617795944213867
1980-05-04,10.972883224487305
1980-05-05,10.494239807128906
1980-05-06,10.046494483947754
1980-05-07,9.693807601928711
1980-05-08,9.345672607421875
1980-05-09,9.044386863708496
1980-05-10,8.85140323638916
1980-05-11,8.603897094726562
1980-05-12,8.46679973602295
1980-05-13,8.20904541015625
1980-05-14,8.138384819030762
1980-05-15,8.554628372192383
1980-05-16,8.643592834472656
1980-05-17,8.021478652954102
1980-05-18,8.322588920593262
1980-05-19,10.818429946899414
1980-05-20,14.871318817138672
1980-05-21,38.074371337890625
1980-05-22,66.91156768798828
1980-05-23,45.029788970947266
1980-05-24,27.243961334228516
1980-05-25,21.793596267700195
1980-05-26,20.038419723510742
1980-05-27,16.970558166503906
1980-05-28,13.551780700683594
1980-05-29,11.451077461242676
1980-05-30,10.212183952331543
1980-05-31,9.662089347839355
1980-06-01,9.519973754882812
1980-06-02,9.207612991333008
1980-06-03,8.654404640197754
1980-06-04,8.0171480178833
1980-06-05,7.308548927307129
1980-06-06,6.787539482116699
1980-06-07,6.639299392700195
1980-06-08,6.798110008239746
1980-06-09,6.758028030395508
1980-06-10,6.338626861572266
1980-06-11,6.02542781829834
1980-06-12,5.789028644561768
1980-06-13,5.511046409606934
1980-06-14,5.226006507873535
1980-06-15,5.038630962371826
1980-06-16,4.901653289794922
1980-06-17,4.943869113922119
1980-06-18,5.445357322692871
1980-06-19,6.066409111022949
1980-06-20,6.2783331871032715
1980-06-21,5.718262195587158
1980-06-22,5.134929180145264
1980-06-23,4.771929740905762
1980-06-24,4.480146408081055
1980-06-25,6.508925437927246
1980-06-26,44.44961929321289
1980-06-27,82.99000549316406
1980-06-28,62.55564880371094
1980-06-29,30.242816925048828
1980-06-30,17.29331398010254
1980-07-01,12.74182415008545
1980-07-02,10.296943664550781
1980-07-03,8.722888946533203
1980-07-04,8.041282653808594
1980-07-05,8.6198091506958
1980-07-06,8.788846969604492
1980-07-07,7.650353908538818
1980-07-08,6.6246209144592285
1980-07-09,6.292230129241943
1980-07-10,10.563392639160156
1980-07-11,15.562586784362793
1980-07-12,14.079575538635254
1980-07-13,12.550722122192383
1980-07-14,14.562614440917969
1980-07-15,13.440878868103027
1980-07-16,9.791253089904785
1980-07-17,8.095672607421875
1980-07-18,8.819306373596191
1980-07-19,9.89387321472168
1980-07-20,9.08232307434082
1980-07-21,7.2697882652282715
1980-07-22,6.066190719604492
1980-07-23,6.3675971031188965
1980-07-24,9.30675983428955
1980-07-25,10.765116691589355
1980-07-26,8.456165313720703
1980-07-27,6.61547327041626
1980-07-28,5.640284538269043
1980-07-29,5.544953346252441
1980-07-30,5.895097732543945
1980-07-31,5.500699043273926
1980-08-01,5.095691204071045
1980-08-02,5.538081169128418
1980-08-03,6.022766590118408
1980-08-04,5.384744644165039
1980-08-05,4.69600248336792
1980-08-06,4.277810096740723
1980-08-07,4.002504825592041
1980-08-08,3.7488858699798584
1980-08-09,3.5350899696350098
1980-08-10,3.44339919090271
1980-08-11,3.422175884246826
1980-08-12,3.312037467956543
1980-08-13,3.189000368118286
1980-08-14,3.097592353820801
1980-08-15,3.0503687858581543
1980-08-16,3.047236204147339
1980-08-17,3.0148282051086426
1980-08-18,2.943192481994629
1980-08-19,2.99179744720459
1980-08-20,3.325531482696533
1980-08-21,3.6273183822631836
1980-08-22,3.873568534851074
1980-08-23,4.554096221923828
1980-08-24,4.745822906494141
1980-08-25,4.240805625915527
1980-08-26,3.796261787414551
1980-08-27,3.40272855758667
1980-08-28,3.0989108085632324
1980-08-29,2.87017822265625
1980-08-30,2.7000062465667725
1980-08-31,2.5869758129119873
1980-09-01,2.5101966857910156
1980-09-02,2.4464526176452637
1980-09-03,2.5134999752044678
1980-09-04,3.278726577758789
1980-09-05,4.263979911804199
1980-09-06,4.375412940979004
1980-09-07,3.8293285369873047
1980-09-08,3.3501510620117188
1980-09-09,3.0492773056030273
1980-09-10,2.8646605014801025
1980-09-11,2.774495840072632
1980-09-12,2.685542106628418
1980-09-13,2.553117275238037
1980-09-14,2.435299873352051
1980-09-15,2.364744186401367
1980-09-16,2.328317165374756
1980-09-17,2.4050211906433105
1980-09-18,2.5244979858398438
1980-09-19,2.607304096221924
1980-09-20,2.615187644958496
1980-09-21,2.6500658988952637
1980-09-22,2.6327672004699707
1980-09-23,2.503502607345581
1980-09-24,2.419130802154541
1980-09-25,2.746408700942993
1980-09-26,3.942850112915039
1980-09-27,4.8782172203063965
1980-09-28,4.102767467498779
1980-09-29,3.5154361724853516
1980-09-30,3.712306499481201
1980-10-01,5.895511150360107
1980-10-02,9.350278854370117
1980-10-03,8.982181549072266
1980-10-04,6.641998291015625
1980-10-05,5.173699378967285
1980-10-06,4.434985637664795
1980-10-07,4.064152240753174
1980-10-08,3.7066636085510254
1980-10-09,3.4397592544555664
1980-10-10,3.2142388820648193
1980-10-11,3.0417988300323486
1980-10-12,2.9290225505828857
1980-10-13,2.8359007835388184
1980-10-14,2.7825450897216797
1980-10-15,2.7518742084503174
1980-10-16,2.7359676361083984
1980-10-17,2.7330358028411865
1980-10-18,2.7134456634521484
1980-10-19,3.5760631561279297
1980-10-20,5.623327255249023
1980-10-21,6.450250625610352
1980-10-22,5.222245216369629
1980-10-23,4.290524959564209
1980-10-24,3.780005931854248
1980-10-25,3.736412286758423
1980-10-26,4.498393535614014
1980-10-27,5.170895099639893
1980-10-28,4.758964538574219
1980-10-29,4.471593379974365
1980-10-30,5.193731784820557
1980-10-31,7.430436611175537
1980-11-01,8.72890853881836
1980-11-02,7.1695170402526855
1980-11-03,5.838450908660889
1980-11-04,5.508358478546143
1980-11-05,6.757618427276611
1980-11-06,7.973784923553467
1980-11-07,6.894691467285156
1980-11-08,5.862802982330322
1980-11-09,5.220722675323486
1980-11-10,4.845681190490723
1980-11-11,4.516500473022461
1980-11-12,4.341733455657959
1980-11-13,4.282898426055908
1980-11-14,4.257353782653809
1980-11-15,4.181568622589111
1980-11-16,4.3394060134887695
1980-11-17,4.818103790283203
1980-11-18,5.999462604522705
1980-11-19,8.120376586914062
1980-11-20,8.60129165649414
1980-11-21,7.281261920928955
1980-11-22,6.326035499572754
1980-11-23,5.801976203918457
1980-11-24,6.653707981109619
1980-11-25,11.855501174926758
1980-11-26,15.287822723388672
1980-11-27,12.097508430480957
1980-11-28,10.972763061523438
1980-11-29,11.250528335571289
1980-11-30,9.704906463623047
1980-12-01,8.252334594726562
1980-12-02,7.364457130432129
1980-12-03,6.7472381591796875
1980-12-04,6.295823097229004
1980-12-05,6.01376485824585
1980-12-06,5.861462593078613
1980-12-07,5.790719985961914
1980-12-08,5.67740535736084
1980-12-09,5.548781394958496
1980-12-10,6.305294036865234
1980-12-11,8.95645809173584
1980-12-12,9.727865219116211
1980-12-13,8.347393035888672
1980-12-14,7.303438186645508
1980-12-15,6.679054260253906
1980-12-16,6.296992301940918
1980-12-17,6.1027679443359375
1980-12-18,6.013304710388184
1980-12-19,5.847294330596924
1980-12-20,5.64367151260376
1980-12-21,5.508235931396484
1980-12-22,5.37226676940918
1980-12-23,5.27829647064209
1980-12-24,5.316748142242432
1980-12-25,5.329646587371826
1980-12-26,5.206018447875977
1980-12-27,5.043515205383301
1980-12-28,5.296058654785156
1980-12-29,6.002111434936523
1980-12-30,6.93350887298584
1980-12-31,7.07619571685791
1981-01-01,6.826842784881592
1981-01-02,6.514515399932861
1981-01-03,6.150018692016602
1981-01-04,5.911487579345703
1981-01-05,5.678197383880615
1981-01-06,5.462818145751953
1981-01-07,5.457975387573242
1981-01-08,5.56661319732666
1981-01-09,5.4919538497924805
1981-01-10,5.3036322593688965
1981-01-11,5.141043186187744
1981-01-12,4.97529935836792
1981-01-13,4.847024917602539
1981-01-14,4.803494453430176
1981-01-15,4.8522629737854
1981-01-16,4.878116130828857
1981-01-17,4.7743401527404785
1981-01-18,4.705387115478516
1981-01-19,4.7002363204956055
1981-01-20,4.734835624694824
1981-01-21,4.978610038757324
1981-01-22,6.0696516036987305
1981-01-23,7.039792060852051
1981-01-24,6.6129560470581055
1981-01-25,6.118986129760742
1981-01-26,5.85272741317749
1981-01-27,5.708505153656006
1981-01-28,5.614320278167725
1981-01-29,5.527867317199707
1981-01-30,5.4379425048828125
1981-01-31,5.640659809112549
1981-02-01,5.962865352630615
1981-02-02,7.154013156890869
1981-02-03,10.155710220336914
1981-02-04,10.575136184692383
1981-02-05,8.990732192993164
1981-02-06,7.965102672576904
1981-02-07,7.448493957519531
1981-02-08,7.538783073425293
1981-02-09,8.584625244140625
1981-02-10,9.072386741638184
1981-02-11,28.9486083984375
1981-02-12,63.026344299316406
1981-02-13,59.835384368896484
1981-02-14,35.22425079345703
1981-02-15,22.447711944580078
1981-02-16,16.74395179748535
1981-02-17,13.919617652893066
1981-02-18,12.384535789489746
1981-02-19,12.949726104736328
1981-02-20,21.093585968017578
1981-02-21,28.85526466369629
1981-02-22,23.859996795654297
1981-02-23,18.033843994140625
1981-02-24,15.637014389038086
1981-02-25,14.04295825958252
1981-02-26,12.072471618652344
1981-02-27,10.709920883178711
1981-02-28,9.713292121887207
1981-03-01,9.165154457092285
1981-03-02,8.784482955932617
1981-03-03,8.432845115661621
1981-03-04,8.14297103881836
1981-03-05,11.332778930664062
1981-03-06,17.145183563232422
1981-03-07,17.517826080322266
1981-03-08,14.167824745178223
1981-03-09,11.695089340209961
1981-03-10,10.226295471191406
1981-03-11,9.340116500854492
1981-03-12,8.808176040649414
1981-03-13,8.347291946411133
1981-03-14,8.006353378295898
1981-03-15,7.7329936027526855
1981-03-16,7.520346641540527
1981-03-17,7.65246057510376
1981-03-18,7.615259170532227
1981-03-19,7.513921737670898
1981-03-20,7.451082229614258
1981-03-21,7.275041103363037
1981-03-22,7.094542503356934
1981-03-23,12.89604663848877
1981-03-24,24.90447998046875
1981-03-25,25.766536712646484
1981-03-26,18.840591430664062
1981-03-27,14.237756729125977
1981-03-28,11.911764144897461
1981-03-29,10.4708833694458
1981-03-30,10.943981170654297
1981-03-31,15.897634506225586
1981-04-01,19.77708625793457
1981-04-02,17.916168212890625
1981-04-03,15.954275131225586
1981-04-04,13.074328422546387
1981-04-05,11.486797332763672
1981-04-06,12.03824234008789
1981-04-07,12.371280670166016
1981-04-08,10.809528350830078
1981-04-09,10.069718360900879
1981-04-10,10.740266799926758
1981-04-11,11.103869438171387
1981-04-12,9.965332984924316
1981-04-13,8.907485961914062
1981-04-14,8.234186172485352
1981-04-15,7.771231174468994
1981-04-16,7.430010795593262
1981-04-17,7.046534061431885
1981-04-18,6.925795555114746
1981-04-19,6.733769416809082
1981-04-20,6.729414463043213
1981-04-21,7.416540145874023
1981-04-22,7.6971306800842285
1981-04-23,7.073716163635254
1981-04-24,6.794902801513672
1981-04-25,6.836401462554932
1981-04-26,6.621914386749268
1981-04-27,6.133894920349121
1981-04-28,5.749255657196045
1981-04-29,5.4491472244262695
1981-04-30,5.241711139678955
1981-05-01,5.115051746368408
1981-05-02,4.960436820983887
1981-05-03,4.72020149230957
1981-05-04,4.538162708282471
1981-05-05,4.426497459411621
1981-05-06,4.277945041656494
1981-05-07,4.27918004989624
1981-05-08,4.6919355392456055
1981-05-09,4.944488048553467
1981-05-10,4.700299263000488
1981-05-11,4.668414115905762
1981-05-12,4.922535419464111
1981-05-13,4.926581859588623
1981-05-14,4.553847312927246
1981-05-15,4.212061405181885
1981-05-16,3.9663634300231934
1981-05-17,3.7851428985595703
1981-05-18,3.6446433067321777
1981-05-19,3.6541526317596436
1981-05-20,4.903558731079102
1981-05-21,8.792468070983887
1981-05-22,11.057822227478027
1981-05-23,8.629096984863281
1981-05-24,6.447985649108887
1981-05-25,5.241359233856201
1981-05-26,4.57883358001709
1981-05-27,4.237787246704102
1981-05-28,4.677958011627197
1981-05-29,5.936302185058594
1981-05-30,6.084280014038086
1981-05-31,5.191039562225342
1981-06-01,4.851640701293945
1981-06-02,6.530412197113037
1981-06-03,8.49560546875
1981-06-04,8.005790710449219
1981-06-05,6.383817195892334
1981-06-06,5.623331069946289
1981-06-07,6.29115104675293
1981-06-08,7.085290908813477
1981-06-09,6.078709125518799
1981-06-10,5.065864086151123
1981-06-11,4.462299346923828
1981-06-12,4.259556293487549
1981-06-13,4.300105571746826
1981-06-14,4.335402488708496
1981-06-15,4.09061336517334
1981-06-16,3.5860588550567627
1981-06-17,3.1305558681488037
1981-06-18,3.0912351608276367
1981-06-19,3.839876174926758
1981-06-20,4.388021469116211
1981-06-21,4.043890953063965
1981-06-22,3.5100154876708984
1981-06-23,3.0916531085968018
1981-06-24,2.759885787963867
1981-06-25,2.512639045715332
1981-06-26,2.4071543216705322
1981-06-27,2.382023811340332
1981-06-28,2.2995028495788574
1981-06-29,2.143115282058716
1981-06-30,2.0036163330078125
1981-07-01,1.9267940521240234
1981-07-02,2.043867826461792
1981-07-03,3.356649875640869
1981-07-04,30.10508155822754
1981-07-05,38.49822235107422
1981-07-06,25.184730529785156
1981-07-07,14.348577499389648
1981-07-08,9.762418746948242
1981-07-09,6.768857955932617
1981-07-10,4.9133076667785645
1981-07-11,3.930788516998291
1981-07-12,3.4876644611358643
1981-07-13,3.324836254119873
1981-07-14,3.239644765853882
1981-07-15,3.150111198425293
1981-07-16,3.20743727684021
1981-07-17,3.810537815093994
1981-07-18,4.303955554962158
1981-07-19,3.826881170272827
1981-07-20,3.6105306148529053
1981-07-21,4.075905799865723
1981-07-22,4.40595817565918
1981-07-23,3.7774980068206787
1981-07-24,3.407736301422119
1981-07-25,4.614562511444092
1981-07-26,7.518898010253906
1981-07-27,7.832639694213867
1981-07-28,6.342459678649902
1981-07-29,7.290529251098633
1981-07-30,9.6743803024292
1981-07-31,8.105344772338867
1981-08-01,5.6554341316223145
1981-08-02,4.19013786315918
1981-08-03,3.5575919151306152
1981-08-04,3.410261869430542
1981-08-05,3.2734227180480957
1981-08-06,3.108257293701172
1981-08-07,3.265928268432617
1981-08-08,3.507894515991211
1981-08-09,3.6073670387268066
1981-08-10,3.7322165966033936
1981-08-11,3.5895168781280518
1981-08-12,6.158438682556152
1981-08-13,8.902191162109375
1981-08-14,7.541396141052246
1981-08-15,5.141602993011475
1981-08-16,3.9024782180786133
1981-08-17,3.3344550132751465
1981-08-18,3.0212483406066895
1981-08-19,3.0993666648864746
1981-08-20,4.121988773345947
1981-08-21,4.5119948387146
1981-08-22,3.8620941638946533
1981-08-23,3.257260322570801
1981-08-24,2.8884990215301514
1981-08-25,2.628169536590576
1981-08-26,2.4034786224365234
1981-08-27,2.2014641761779785
1981-08-28,2.059515953063965
1981-08-29,1.9556694030761719
1981-08-30,1.956829309463501
1981-08-31,2.1960198879241943
1981-09-01,2.5565974712371826
1981-09-02,2.7887816429138184
1981-09-03,2.9235289096832275
1981-09-04,3.0793092250823975
1981-09-05,3.430169105529785
1981-09-06,4.807562351226807
1981-09-07,9.958352088928223
1981-09-08,18.466060638427734
1981-09-09,19.510517120361328
1981-09-10,12.767038345336914
1981-09-11,7.865505695343018
1981-09-12,5.508634567260742
1981-09-13,4.290501594543457
1981-09-14,3.5851869583129883
1981-09-15,3.207573175430298
1981-09-16,3.535378932952881
1981-09-17,5.155094146728516
1981-09-18,6.376293182373047
1981-09-19,5.548033714294434
1981-09-20,4.444151401519775
1981-09-21,3.71164870262146
1981-09-22,3.251244306564331
1981-09-23,2.9482855796813965
1981-09-24,2.7387609481811523
1981-09-25,2.577411651611328
1981-09-26,2.4511380195617676
1981-09-27,2.3730711936950684
1981-09-28,2.2761383056640625
1981-09-29,2.1644670963287354
1981-09-30,2.0858378410339355
1981-10-01,2.0578742027282715
1981-10-02,2.070749044418335
1981-10-03,2.1960339546203613
1981-10-04,2.322969913482666
1981-10-05,2.2689812183380127
1981-10-06,2.1800763607025146
1981-10-07,2.099416971206665
1981-10-08,2.065075397491455
1981-10-09,2.03037691116333
1981-10-10,2.0332107543945312
1981-10-11,2.0760319232940674
1981-10-12,2.1329057216644287
1981-10-13,2.1399948596954346
1981-10-14,2.0690011978149414
1981-10-15,1.9975281953811646
1981-10-16,1.9508507251739502
1981-10-17,1.910529375076294
1981-10-18,1.8812474012374878
1981-10-19,1.9505776166915894
1981-10-20,2.0356664657592773
1981-10-21,2.016392707824707
1981-10-22,1.9849348068237305
1981-10-23,2.0026357173919678
1981-10-24,2.160935640335083
1981-10-25,2.5030460357666016
1981-10-26,4.034120082855225
1981-10-27,22.712081909179688
1981-10-28,36.80101013183594
1981-10-29,27.336626052856445
1981-10-30,13.99992561340332
1981-10-31,8.355413436889648
1981-11-01,6.141441345214844
1981-11-02,5.192458152770996
1981-11-03,4.60909366607666
1981-11-04,4.206954002380371
1981-11-05,3.9353108406066895
1981-11-06,3.8718268871307373
1981-11-07,3.969115734100342
1981-11-08,3.929287910461426
1981-11-09,3.7905943393707275
1981-11-10,3.62221097946167
1981-11-11,3.4649569988250732
1981-11-12,3.3539958000183105
1981-11-13,3.2493157386779785
1981-11-14,3.2021708488464355
1981-11-15,3.2141575813293457
1981-11-16,3.2168681621551514
1981-11-17,3.1516363620758057
1981-11-18,3.0987701416015625
1981-11-19,3.093400001525879
1981-11-20,3.1090874671936035
1981-11-21,3.023470878601074
1981-11-22,2.95388126373291
1981-11-23,2.960861921310425
1981-11-24,3.042360305786133
1981-11-25,3.451740264892578
1981-11-26,4.019512176513672
1981-11-27,3.96720290184021
1981-11-28,3.7487404346466064
1981-11-29,3.61753511428833
1981-11-30,3.4905953407287598
1981-12-01,3.414857864379883
1981-12-02,3.87742280960083
1981-12-03,5.143556594848633
1981-12-04,5.617710113525391
1981-12-05,5.408543109893799
1981-12-06,5.115364074707031
1981-12-07,4.6959662437438965
1981-12-08,4.352603912353516
1981-12-09,4.022516250610352
1981-12-10,3.8196358680725098
1981-12-11,3.7042155265808105
1981-12-12,3.5821166038513184
1981-12-13,3.515294075012207
1981-12-14,3.5166068077087402
1981-12-15,7.56893253326416
1981-12-16,21.525299072265625
1981-12-17,27.179048538208008
1981-12-18,18.874454498291016
1981-12-19,12.645978927612305
1981-12-20,9.48177719116211
1981-12-21,7.70193338394165
1981-12-22,7.000121116638184
1981-12-23,7.184790134429932
1981-12-24,7.578550338745117
1981-12-25,13.086649894714355
1981-12-26,24.984621047973633
1981-12-27,27.37461280822754
1981-12-28,20.057186126708984
1981-12-29,14.518505096435547
1981-12-30,11.482690811157227
1981-12-31,13.839279174804688
1982-01-01,31.796560287475586
1982-01-02,42.714576721191406
1982-01-03,37.72468185424805
1982-01-04,56.26512908935547
1982-01-05,78.80657958984375
1982-01-06,60.232994079589844
1982-01-07,34.38793182373047
1982-01-08,22.213233947753906
1982-01-09,16.847213745117188
1982-01-10,13.737883567810059
1982-01-11,11.597965240478516
1982-01-12,10.234147071838379
1982-01-13,9.481828689575195
1982-01-14,9.37319278717041
1982-01-15,9.81488037109375
1982-01-16,10.73695182800293
1982-01-17,11.167548179626465
1982-01-18,10.355323791503906
1982-01-19,10.080362319946289
1982-01-20,12.043896675109863
1982-01-21,16.764423370361328
1982-01-22,22.06232452392578
1982-01-23,25.403215408325195
1982-01-24,32.49272155761719
1982-01-25,34.490203857421875
1982-01-26,27.33989715576172
1982-01-27,21.120264053344727
1982-01-28,16.53478240966797
1982-01-29,14.418405532836914
1982-01-30,13.422490119934082
1982-01-31,13.070178031921387
1982-02-01,14.215681076049805
1982-02-02,17.744579315185547
1982-02-03,45.196922302246094
1982-02-04,85.70165252685547
1982-02-05,82.73326873779297
1982-02-06,47.20360565185547
1982-02-07,30.663415908813477
1982-02-08,22.61269187927246
1982-02-09,18.405418395996094
1982-02-10,18.377132415771484
1982-02-11,18.366714477539062
1982-02-12,16.326284408569336
1982-02-13,16.80023956298828
1982-02-14,19.368568420410156
1982-02-15,19.225135803222656
1982-02-16,18.505617141723633
1982-02-17,33.279029846191406
1982-02-18,60.88328170776367
1982-02-19,64.02587127685547
1982-02-20,45.03108596801758
1982-02-21,31.44839859008789
1982-02-22,23.926288604736328
1982-02-23,19.170501708984375
1982-02-24,16.356260299682617
1982-02-25,14.969552993774414
1982-02-26,13.885102272033691
1982-02-27,17.459877014160156
1982-02-28,29.10999870300293
1982-03-01,37.57494354248047
1982-03-02,35.50138854980469
1982-03-03,30.34624671936035
1982-03-04,25.864004135131836
1982-03-05,22.377864837646484
1982-03-06,19.621122360229492
1982-03-07,30.56122398376465
1982-03-08,52.074928283691406
1982-03-09,51.967124938964844
1982-03-10,35.866615295410156
1982-03-11,26.331554412841797
1982-03-12,21.589691162109375
1982-03-13,18.71522331237793
1982-03-14,16.99933624267578
1982-03-15,15.551609992980957
1982-03-16,15.207472801208496
1982-03-17,15.740386962890625
1982-03-18,14.997574806213379
1982-03-19,14.035501480102539
1982-03-20,13.631912231445312
1982-03-21,15.491218566894531
1982-03-22,19.671871185302734
1982-03-23,20.488548278808594
1982-03-24,17.155757904052734
1982-03-25,14.75723648071289
1982-03-26,13.507145881652832
1982-03-27,12.857253074645996
1982-03-28,12.087973594665527
1982-03-29,11.283798217773438
1982-03-30,10.623088836669922
1982-03-31,10.458569526672363
1982-04-01,10.525611877441406
1982-04-02,10.38785171508789
1982-04-03,10.210941314697266
1982-04-04,10.477946281433105
1982-04-05,10.635872840881348
1982-04-06,10.38011360168457
1982-04-07,10.303974151611328
1982-04-08,9.8074951171875
1982-04-09,10.315633773803711
1982-04-10,11.844904899597168
1982-04-11,12.040027618408203
1982-04-12,11.1033296585083
1982-04-13,10.340856552124023
1982-04-14,9.864521026611328
1982-04-15,9.484935760498047
1982-04-16,9.140365600585938
1982-04-17,8.967320442199707
1982-04-18,9.556367874145508
1982-04-19,10.129253387451172
1982-04-20,9.89506721496582
1982-04-21,10.163650512695312
1982-04-22,10.094491004943848
1982-04-23,9.318288803100586
1982-04-24,8.565385818481445
1982-04-25,8.052824974060059
1982-04-26,9.314828872680664
1982-04-27,20.557249069213867
1982-04-28,39.50523376464844
1982-04-29,38.68933868408203
1982-04-30,26.01645278930664
1982-05-01,17.826812744140625
1982-05-02,14.045509338378906
1982-05-03,12.366413116455078
1982-05-04,11.367558479309082
1982-05-05,10.2160062789917
1982-05-06,9.26284408569336
1982-05-07,8.590615272521973
1982-05-08,8.03972339630127
1982-05-09,7.787467002868652
1982-05-10,7.654562950134277
1982-05-11,7.199403762817383
1982-05-12,6.818421363830566
1982-05-13,6.548151016235352
1982-05-14,6.262476444244385
1982-05-15,5.949893951416016
1982-05-16,5.713226795196533
1982-05-17,5.860644340515137
1982-05-18,6.193743705749512
1982-05-19,6.319612503051758
1982-05-20,6.7509050369262695
1982-05-21,7.753939628601074
1982-05-22,8.392708778381348
1982-05-23,8.83278751373291
1982-05-24,13.17171859741211
1982-05-25,19.29851531982422
1982-05-26,20.836942672729492
1982-05-27,19.293487548828125
1982-05-28,20.239421844482422
1982-05-29,23.318817138671875
1982-05-30,29.14436912536621
1982-05-31,29.79424285888672
1982-06-01,27.830509185791016
1982-06-02,28.230087280273438
1982-06-03,25.576946258544922
1982-06-04,28.187726974487305
1982-06-05,39.92132568359375
1982-06-06,49.75502014160156
1982-06-07,39.279815673828125
1982-06-08,23.71294403076172
1982-06-09,16.25564956665039
1982-06-10,30.019912719726562
1982-06-11,88.94139099121094
1982-06-12,108.02217102050781
1982-06-13,70.56712341308594
1982-06-14,55.54060363769531
1982-06-15,50.69251251220703
1982-06-16,33.198974609375
1982-06-17,26.141345977783203
1982-06-18,38.453670501708984
1982-06-19,49.450958251953125
1982-06-20,41.27108383178711
1982-06-21,27.029159545898438
1982-06-22,19.351879119873047
1982-06-23,15.809148788452148
1982-06-24,13.730385780334473
1982-06-25,11.698131561279297
1982-06-26,10.414982795715332
1982-06-27,9.589595794677734
1982-06-28,9.131937980651855
1982-06-29,9.701805114746094
1982-06-30,11.684431076049805
1982-07-01,12.112422943115234
1982-07-02,10.371099472045898
1982-07-03,8.761301040649414
1982-07-04,8.260188102722168
1982-07-05,9.066241264343262
1982-07-06,9.846487998962402
1982-07-07,9.136340141296387
1982-07-08,7.866875648498535
1982-07-09,7.346268177032471
1982-07-10,8.059946060180664
1982-07-11,9.759889602661133
1982-07-12,10.960490226745605
1982-07-13,11.525152206420898
1982-07-14,12.959714889526367
1982-07-15,15.183938980102539
1982-07-16,15.860957145690918
1982-07-17,13.771230697631836
1982-07-18,10.862746238708496
1982-07-19,8.888582229614258
1982-07-20,7.682125568389893
1982-07-21,6.888740062713623
1982-07-22,6.239128112792969
1982-07-23,6.025823593139648
1982-07-24,6.782142162322998
1982-07-25,7.740204811096191
1982-07-26,7.471470832824707
1982-07-27,6.683431625366211
1982-07-28,6.062978267669678
1982-07-29,6.059344291687012
1982-07-30,7.083054065704346
1982-07-31,9.343717575073242
1982-08-01,13.107669830322266
1982-08-02,14.689315795898438
1982-08-03,11.47943115234375
1982-08-04,8.469704627990723
1982-08-05,6.948670387268066
1982-08-06,6.546823501586914
1982-08-07,6.404109001159668
1982-08-08,5.869589805603027
1982-08-09,6.4571614265441895
1982-08-10,8.537923812866211
1982-08-11,10.165173530578613
1982-08-12,12.84035873413086
1982-08-13,14.813944816589355
1982-08-14,11.766976356506348
1982-08-15,8.758146286010742
1982-08-16,7.13208532333374
1982-08-17,6.472221851348877
1982-08-18,7.076017379760742
1982-08-19,7.918310642242432
1982-08-20,7.277045249938965
1982-08-21,6.275184631347656
1982-08-22,5.470453262329102
1982-08-23,5.029528617858887
1982-08-24,4.73606538772583
1982-08-25,4.554701805114746
1982-08-26,4.521662712097168
1982-08-27,4.450051307678223
1982-08-28,4.221132755279541
1982-08-29,4.027315139770508
1982-08-30,3.818901777267456
1982-08-31,3.6603074073791504
1982-09-01,3.653620719909668
1982-09-02,3.795851469039917
1982-09-03,3.89351749420166
1982-09-04,3.834627389907837
1982-09-05,3.62908935546875
1982-09-06,3.399362325668335
1982-09-07,3.2399046421051025
1982-09-08,3.1100211143493652
1982-09-09,2.9904446601867676
1982-09-10,2.9117918014526367
1982-09-11,2.911912441253662
1982-09-12,2.97526478767395
1982-09-13,2.954292058944702
1982-09-14,2.8935108184814453
1982-09-15,2.8915014266967773
1982-09-16,2.8863604068756104
1982-09-17,2.781904697418213
1982-09-18,2.6485040187835693
1982-09-19,2.6180620193481445
1982-09-20,2.7953715324401855
1982-09-21,3.0674524307250977
1982-09-22,3.1819558143615723
1982-09-23,3.115565776824951
1982-09-24,2.9509923458099365
1982-09-25,2.8125193119049072
1982-09-26,3.0029263496398926
1982-09-27,4.0968523025512695
1982-09-28,5.243963718414307
1982-09-29,4.499393463134766
1982-09-30,3.755502223968506
1982-10-01,3.3368611335754395
1982-10-02,3.0717554092407227
1982-10-03,2.9141807556152344
1982-10-04,2.835172653198242
1982-10-05,2.7593085765838623
1982-10-06,2.7398927211761475
1982-10-07,2.7355031967163086
1982-10-08,2.7978763580322266
1982-10-09,3.1298234462738037
1982-10-10,3.542984962463379
1982-10-11,3.6942286491394043
1982-10-12,3.6957714557647705
1982-10-13,4.35402774810791
1982-10-14,7.926193714141846
1982-10-15,11.745622634887695
1982-10-16,8.78867244720459
1982-10-17,6.231224060058594
1982-10-18,5.037989139556885
1982-10-19,4.501837730407715
1982-10-20,4.151086330413818
1982-10-21,3.88040828704834
1982-10-22,3.7369513511657715
1982-10-23,3.5930423736572266
1982-10-24,3.5093183517456055
1982-10-25,11.663503646850586
1982-10-26,36.379329681396484
1982-10-27,46.52791213989258
1982-10-28,27.44939422607422
1982-10-29,15.818158149719238
1982-10-30,11.027006149291992
1982-10-31,8.736231803894043
1982-11-01,7.509551048278809
1982-11-02,6.776970863342285
1982-11-03,6.329916954040527
1982-11-04,7.605656623840332
1982-11-05,13.668618202209473
1982-11-06,16.383941650390625
1982-11-07,12.521712303161621
1982-11-08,9.758930206298828
1982-11-09,8.36679744720459
1982-11-10,7.513495445251465
1982-11-11,6.939826011657715
1982-11-12,6.6250715255737305
1982-11-13,8.04079818725586
1982-11-14,11.443547248840332
1982-11-15,12.312413215637207
1982-11-16,11.124042510986328
1982-11-17,9.831056594848633
1982-11-18,8.735617637634277
1982-11-19,8.09565258026123
1982-11-20,7.7856831550598145
1982-11-21,7.464228630065918
1982-11-22,7.157925128936768
1982-11-23,6.958987236022949
1982-11-24,6.756572723388672
1982-11-25,6.4702582359313965
1982-11-26,6.2850661277771
1982-11-27,6.1811089515686035
1982-11-28,6.349863052368164
1982-11-29,7.806486129760742
1982-11-30,10.973655700683594
1982-12-01,12.946884155273438
1982-12-02,12.326451301574707
1982-12-03,11.595666885375977
1982-12-04,10.2290678024292
1982-12-05,9.194475173950195
1982-12-06,9.287405014038086
1982-12-07,10.9213285446167
1982-12-08,11.120525360107422
1982-12-09,9.697604179382324
1982-12-10,8.60557746887207
1982-12-11,8.216536521911621
1982-12-12,24.000219345092773
1982-12-13,40.28135681152344
1982-12-14,34.64759063720703
1982-12-15,23.025524139404297
1982-12-16,27.68109893798828
1982-12-17,42.12816619873047
1982-12-18,40.753517150878906
1982-12-19,27.707435607910156
1982-12-20,20.098770141601562
1982-12-21,16.601842880249023
1982-12-22,14.14011287689209
1982-12-23,12.423129081726074
1982-12-24,11.434453010559082
1982-12-25,10.757821083068848
1982-12-26,10.223061561584473
1982-12-27,9.718439102172852
1982-12-28,9.411590576171875
1982-12-29,10.685539245605469
1982-12-30,16.608379364013672
1982-12-31,22.268465042114258
1983-01-01,21.836503982543945
1983-01-02,20.713687896728516
1983-01-03,23.979576110839844
1983-01-04,27.37752914428711
1983-01-05,23.387502670288086
1983-01-06,19.06356430053711
1983-01-07,16.65709114074707
1983-01-08,14.447031021118164
1983-01-09,12.869064331054688
1983-01-10,11.836069107055664
1983-01-11,11.32518196105957
1983-01-12,11.031808853149414
1983-01-13,10.731146812438965
1983-01-14,10.279573440551758
1983-01-15,9.74460220336914
1983-01-16,9.463254928588867
1983-01-17,9.15042781829834
1983-01-18,8.813813209533691
1983-01-19,8.604172706604004
1983-01-20,8.359354972839355
1983-01-21,8.121620178222656
1983-01-22,9.271720886230469
1983-01-23,14.86821174621582
1983-01-24,22.403955459594727
1983-01-25,23.521352767944336
1983-01-26,18.839214324951172
1983-01-27,15.372268676757812
1983-01-28,13.636200904846191
1983-01-29,12.385993003845215
1983-01-30,11.361353874206543
1983-01-31,10.784209251403809
1983-02-01,10.243995666503906
1983-02-02,14.280294418334961
1983-02-03,35.751258850097656
1983-02-04,51.574493408203125
1983-02-05,35.69631576538086
1983-02-06,25.50467300415039
1983-02-07,25.93255043029785
1983-02-08,28.27674674987793
1983-02-09,24.10003662109375
1983-02-10,19.965435028076172
1983-02-11,19.92108154296875
1983-02-12,22.645980834960938
1983-02-13,22.64918327331543
1983-02-14,34.842010498046875
1983-02-15,80.71187591552734
1983-02-16,106.60533142089844
1983-02-17,77.06920623779297
1983-02-18,53.55294418334961
1983-02-19,38.7213020324707
1983-02-20,29.365211486816406
1983-02-21,24.187963485717773
1983-02-22,20.752208709716797
1983-02-23,22.872934341430664
1983-02-24,32.076778411865234
1983-02-25,37.20848846435547
1983-02-26,33.189353942871094
1983-02-27,27.317752838134766
1983-02-28,22.462158203125
1983-03-01,23.934986114501953
1983-03-02,35.45256805419922
1983-03-03,38.723045349121094
1983-03-04,29.695781707763672
1983-03-05,23.36555290222168
1983-03-06,26.06673812866211
1983-03-07,40.638671875
1983-03-08,48.65580749511719
1983-03-09,45.49462890625
1983-03-10,42.077537536621094
1983-03-11,43.289859771728516
1983-03-12,42.06206512451172
1983-03-13,34.159645080566406
1983-03-14,26.4314022064209
1983-03-15,21.666439056396484
1983-03-16,19.509912490844727
1983-03-17,19.762554168701172
1983-03-18,55.969329833984375
1983-03-19,127.85710144042969
1983-03-20,131.077392578125
1983-03-21,83.9268798828125
1983-03-22,67.62970733642578
1983-03-23,52.70619201660156
1983-03-24,38.20758819580078
1983-03-25,30.872892379760742
1983-03-26,27.18479347229004
1983-03-27,30.45047378540039
1983-03-28,51.28935241699219
1983-03-29,59.31865692138672
1983-03-30,41.97334671020508
1983-03-31,32.780364990234375
1983-04-01,33.19816589355469
1983-04-02,49.17164611816406
1983-04-03,93.74363708496094
1983-04-04,115.04736328125
1983-04-05,76.07457733154297
1983-04-06,50.527469635009766
1983-04-07,41.92572784423828
1983-04-08,38.933837890625
1983-04-09,46.81421661376953
1983-04-10,77.67090606689453
1983-04-11,93.56428527832031
1983-04-12,63.918418884277344
1983-04-13,43.71178436279297
1983-04-14,33.79912567138672
1983-04-15,61.39607620239258
1983-04-16,117.70995330810547
1983-04-17,105.83094024658203
1983-04-18,71.54637145996094
1983-04-19,63.93869400024414
1983-04-20,54.61829376220703
1983-04-21,40.333595275878906
1983-04-22,32.06959915161133
1983-04-23,31.53784942626953
1983-04-24,55.07643508911133
1983-04-25,77.4227294921875
1983-04-26,65.94987487792969
1983-04-27,44.905784606933594
1983-04-28,33.88947296142578
1983-04-29,28.131938934326172
1983-04-30,24.70295524597168
1983-05-01,22.60568618774414
1983-05-02,21.046897888183594
1983-05-03,19.800540924072266
1983-05-04,21.112220764160156
1983-05-05,23.752178192138672
1983-05-06,22.59317970275879
1983-05-07,19.773900985717773
1983-05-08,18.011228561401367
1983-05-09,17.4101619720459
1983-05-10,16.94612693786621
1983-05-11,15.697856903076172
1983-05-12,14.828413963317871
1983-05-13,14.144075393676758
1983-05-14,13.843812942504883
1983-05-15,14.275899887084961
1983-05-16,15.34967041015625
1983-05-17,16.810443878173828
1983-05-18,17.156845092773438
1983-05-19,15.048951148986816
1983-05-20,16.84026336669922
1983-05-21,25.408233642578125
1983-05-22,29.412002563476562
1983-05-23,26.411272048950195
1983-05-24,21.28594970703125
1983-05-25,17.142183303833008
1983-05-26,14.731447219848633
1983-05-27,13.547493934631348
1983-05-28,12.519511222839355
1983-05-29,11.776650428771973
1983-05-30,12.638517379760742
1983-05-31,14.377279281616211
1983-06-01,13.817184448242188
1983-06-02,12.195963859558105
1983-06-03,10.916549682617188
1983-06-04,10.386704444885254
1983-06-05,10.557905197143555
1983-06-06,10.583499908447266
1983-06-07,10.864307403564453
1983-06-08,15.655046463012695
1983-06-09,21.41217803955078
1983-06-10,18.784936904907227
1983-06-11,14.038200378417969
1983-06-12,11.27291488647461
1983-06-13,9.853155136108398
1983-06-14,9.124814987182617
1983-06-15,9.05785846710205
1983-06-16,9.612895011901855
1983-06-17,9.51284122467041
1983-06-18,8.749215126037598
1983-06-19,8.727176666259766
1983-06-20,9.567262649536133
1983-06-21,11.343214988708496
1983-06-22,13.273351669311523
1983-06-23,12.420158386230469
1983-06-24,10.499283790588379
1983-06-25,8.819572448730469
1983-06-26,7.767004489898682
1983-06-27,7.059840679168701
1983-06-28,6.758067607879639
1983-06-29,7.139100074768066
1983-06-30,8.563912391662598
1983-07-01,9.809147834777832
1983-07-02,10.10079574584961
1983-07-03,9.421052932739258
1983-07-04,8.245620727539062
1983-07-05,7.862318992614746
1983-07-06,8.195934295654297
1983-07-07,7.915719985961914
1983-07-08,6.921497821807861
1983-07-09,6.038476467132568
1983-07-10,5.506888389587402
1983-07-11,5.122100353240967
1983-07-12,4.925848007202148
1983-07-13,4.772889137268066
1983-07-14,4.503293037414551
1983-07-15,4.227452754974365
1983-07-16,4.0651726722717285
1983-07-17,3.9020533561706543
1983-07-18,3.7398898601531982
1983-07-19,3.829185724258423
1983-07-20,4.033702850341797
1983-07-21,3.870096445083618
1983-07-22,3.708677053451538
1983-07-23,3.720568895339966
1983-07-24,3.9673452377319336
1983-07-25,4.168031215667725
1983-07-26,4.281198024749756
1983-07-27,4.239766597747803
1983-07-28,4.030115604400635
1983-07-29,3.641974449157715
1983-07-30,3.3330087661743164
1983-07-31,3.1602718830108643
1983-08-01,3.1207141876220703
1983-08-02,3.309525966644287
1983-08-03,3.5543746948242188
1983-08-04,3.5961334705352783
1983-08-05,3.515723705291748
1983-08-06,3.387498378753662
1983-08-07,3.452880859375
1983-08-08,3.5302186012268066
1983-08-09,3.3315024375915527
1983-08-10,3.1055076122283936
1983-08-11,2.936333417892456
1983-08-12,2.9123497009277344
1983-08-13,3.08428955078125
1983-08-14,3.1596860885620117
1983-08-15,2.9249701499938965
1983-08-16,2.694693088531494
1983-08-17,2.5583062171936035
1983-08-18,2.4568593502044678
1983-08-19,2.348829984664917
1983-08-20,2.2414121627807617
1983-08-21,2.145829200744629
1983-08-22,2.096618890762329
1983-08-23,2.166161060333252
1983-08-24,2.544163227081299
1983-08-25,3.274616003036499
1983-08-26,3.5498952865600586
1983-08-27,3.146040439605713
1983-08-28,2.7724905014038086
1983-08-29,2.542673349380493
1983-08-30,2.368386745452881
1983-08-31,2.2212581634521484
1983-09-01,2.1255648136138916
1983-09-02,2.2073702812194824
1983-09-03,2.4904797077178955
1983-09-04,2.6255767345428467
1983-09-05,2.4646894931793213
1983-09-06,2.3016228675842285
1983-09-07,2.15608286857605
1983-09-08,2.0248606204986572
1983-09-09,1.9288747310638428
1983-09-10,1.8747268915176392
1983-09-11,1.845746397972107
1983-09-12,1.8037749528884888
1983-09-13,1.8685749769210815
1983-09-14,2.7621495723724365
1983-09-15,5.0152974128723145
1983-09-16,5.936269760131836
1983-09-17,4.385382175445557
1983-09-18,3.3447840213775635
1983-09-19,2.830146312713623
1983-09-20,2.5344066619873047
1983-09-21,2.5127038955688477
1983-09-22,2.9681649208068848
1983-09-23,3.3975157737731934
1983-09-24,3.050337791442871
1983-09-25,2.7263450622558594
1983-09-26,2.5139501094818115
1983-09-27,2.3672828674316406
1983-09-28,2.2714366912841797
1983-09-29,2.2168662548065186
1983-09-30,2.2529091835021973
1983-10-01,2.523054361343384
1983-10-02,2.76242733001709
1983-10-03,2.6406664848327637
1983-10-04,2.4738104343414307
1983-10-05,2.3397104740142822
1983-10-06,2.313422679901123
1983-10-07,2.324150562286377
1983-10-08,2.2465333938598633
1983-10-09,2.1747899055480957
1983-10-10,2.1668784618377686
1983-10-11,2.224257230758667
1983-10-12,2.5251429080963135
1983-10-13,3.2291038036346436
1983-10-14,3.952836513519287
1983-10-15,4.181865215301514
1983-10-16,3.607839584350586
1983-10-17,3.1308395862579346
1983-10-18,2.8714144229888916
1983-10-19,2.7010512351989746
1983-10-20,2.601546287536621
1983-10-21,2.736361503601074
1983-10-22,3.3578643798828125
1983-10-23,4.894091606140137
1983-10-24,9.986528396606445
1983-10-25,16.061691284179688
1983-10-26,14.840265274047852
1983-10-27,10.884347915649414
1983-10-28,7.315572261810303
1983-10-29,5.588142395019531
1983-10-30,4.640613555908203
1983-10-31,4.14027214050293
1983-11-01,3.8967034816741943
1983-11-02,3.80193829536438
1983-11-03,3.7081069946289062
1983-11-04,3.737245559692383
1983-11-05,3.9713664054870605
1983-11-06,4.081521034240723
1983-11-07,3.9749655723571777
1983-11-08,3.9101221561431885
1983-11-09,3.7530012130737305
1983-11-10,4.557293891906738
1983-11-11,8.233137130737305
1983-11-12,11.062312126159668
1983-11-13,8.298824310302734
1983-11-14,6.367365837097168
1983-11-15,7.6123552322387695
1983-11-16,18.262874603271484
1983-11-17,26.276622772216797
1983-11-18,17.54344940185547
1983-11-19,11.431173324584961
1983-11-20,9.338702201843262
1983-11-21,12.545947074890137
1983-11-22,17.15350914001465
1983-11-23,14.399250030517578
1983-11-24,12.732961654663086
1983-11-25,53.10414123535156
1983-11-26,96.96504211425781
1983-11-27,60.72425079345703
1983-11-28,31.239065170288086
1983-11-29,19.897449493408203
1983-11-30,16.07822036743164
1983-12-01,13.09766674041748
1983-12-02,11.14602279663086
1983-12-03,10.955450057983398
1983-12-04,25.91022491455078
1983-12-05,52.30315399169922
1983-12-06,55.46382141113281
1983-12-07,59.14274978637695
1983-12-08,50.20124816894531
1983-12-09,30.533924102783203
1983-12-10,20.62397003173828
1983-12-11,16.319202423095703
1983-12-12,29.51844596862793
1983-12-13,72.85081481933594
1983-12-14,83.59680938720703
1983-12-15,48.394683837890625
1983-12-16,30.136871337890625
1983-12-17,21.845266342163086
1983-12-18,17.669845581054688
1983-12-19,15.455526351928711
1983-12-20,14.326414108276367
1983-12-21,13.342370986938477
1983-12-22,16.732425689697266
1983-12-23,26.756940841674805
1983-12-24,28.818016052246094
1983-12-25,21.98528289794922
1983-12-26,17.38587188720703
1983-12-27,15.193841934204102
1983-12-28,20.42880630493164
1983-12-29,46.16261672973633
1983-12-30,59.097389221191406
1983-12-31,43.007537841796875
1984-01-01,28.215227127075195
1984-01-02,21.38507080078125
1984-01-03,18.44150161743164
1984-01-04,16.826059341430664
1984-01-05,15.93423843383789
1984-01-06,15.590420722961426
1984-01-07,15.077227592468262
1984-01-08,14.016687393188477
1984-01-09,13.035856246948242
1984-01-10,20.47105598449707
1984-01-11,64.36412048339844
1984-01-12,89.76026153564453
1984-01-13,61.70557403564453
1984-01-14,39.037879943847656
1984-01-15,31.678524017333984
1984-01-16,27.191570281982422
1984-01-17,22.723373413085938
1984-01-18,22.984294891357422
1984-01-19,40.652889251708984
1984-01-20,48.92072677612305
1984-01-21,37.67826843261719
1984-01-22,28.391916275024414
1984-01-23,22.83666229248047
1984-01-24,23.00478172302246
1984-01-25,33.9515380859375
1984-01-26,40.90482711791992
1984-01-27,33.68828201293945
1984-01-28,26.524883270263672
1984-01-29,22.414766311645508
1984-01-30,19.87812042236328
1984-01-31,18.668848037719727
1984-02-01,17.814468383789062
1984-02-02,16.20209312438965
1984-02-03,15.530595779418945
1984-02-04,17.6141357421875
1984-02-05,20.219846725463867
1984-02-06,20.3633975982666
1984-02-07,19.739822387695312
1984-02-08,17.925418853759766
1984-02-09,15.91192626953125
1984-02-10,15.245004653930664
1984-02-11,15.189677238464355
1984-02-12,15.249780654907227
1984-02-13,14.970603942871094
1984-02-14,59.301116943359375
1984-02-15,122.56150817871094
1984-02-16,111.81613159179688
1984-02-17,61.29756546020508
1984-02-18,37.99078369140625
1984-02-19,27.81964874267578
1984-02-20,22.752010345458984
1984-02-21,19.85165023803711
1984-02-22,17.62928581237793
1984-02-23,33.920555114746094
1984-02-24,79.63302612304688
1984-02-25,92.27896118164062
1984-02-26,57.55474090576172
1984-02-27,47.678932189941406
1984-02-28,70.2964859008789
1984-02-29,80.52259063720703
1984-03-01,57.68996047973633
1984-03-02,39.700645446777344
1984-03-03,29.84134864807129
1984-03-04,24.570323944091797
1984-03-05,25.954925537109375
1984-03-06,65.33999633789062
1984-03-07,100.19859313964844
1984-03-08,84.48175048828125
1984-03-09,54.671043395996094
1984-03-10,38.602333068847656
1984-03-11,30.05263900756836
1984-03-12,25.118885040283203
1984-03-13,28.264892578125
1984-03-14,43.01805877685547
1984-03-15,47.079769134521484
1984-03-16,35.52098846435547
1984-03-17,28.333309173583984
1984-03-18,23.911609649658203
1984-03-19,22.822307586669922
1984-03-20,25.428075790405273
1984-03-21,42.47922897338867
1984-03-22,56.278594970703125
1984-03-23,48.17546081542969
1984-03-24,33.778297424316406
1984-03-25,29.52495574951172
1984-03-26,39.85111999511719
1984-03-27,47.864097595214844
1984-03-28,47.13478469848633
1984-03-29,123.0910415649414
1984-03-30,176.1475067138672
1984-03-31,108.01390075683594
1984-04-01,61.264442443847656
1984-04-02,41.09075927734375
1984-04-03,32.47325897216797
1984-04-04,31.217674255371094
1984-04-05,47.82375717163086
1984-04-06,56.95903778076172
1984-04-07,43.88319778442383
1984-04-08,33.46398162841797
1984-04-09,29.550203323364258
1984-04-10,37.794864654541016
1984-04-11,52.25060272216797
1984-04-12,50.919578552246094
1984-04-13,38.608394622802734
1984-04-14,31.194805145263672
1984-04-15,27.46030044555664
1984-04-16,25.274614334106445
1984-04-17,23.07794189453125
1984-04-18,21.205711364746094
1984-04-19,19.687841415405273
1984-04-20,18.39519500732422
1984-04-21,17.45770263671875
1984-04-22,16.948139190673828
1984-04-23,20.10735321044922
1984-04-24,26.77957534790039
1984-04-25,27.297008514404297
1984-04-26,22.371427536010742
1984-04-27,19.057146072387695
1984-04-28,17.39595603942871
1984-04-29,16.560823440551758
1984-04-30,16.173297882080078
1984-05-01,16.068662643432617
1984-05-02,15.562088012695312
1984-05-03,15.835037231445312
1984-05-04,18.700197219848633
1984-05-05,20.707210540771484
1984-05-06,19.22519302368164
1984-05-07,29.391572952270508
1984-05-08,52.944854736328125
1984-05-09,59.874916076660156
1984-05-10,43.930328369140625
1984-05-11,30.05453109741211
1984-05-12,22.907005310058594
1984-05-13,19.311609268188477
1984-05-14,17.24413299560547
1984-05-15,15.711568832397461
1984-05-16,14.421891212463379
1984-05-17,13.415519714355469
1984-05-18,12.624927520751953
1984-05-19,12.125032424926758
1984-05-20,11.700257301330566
1984-05-21,11.106388092041016
1984-05-22,10.572854042053223
1984-05-23,11.462433815002441
1984-05-24,15.2560453414917
1984-05-25,17.296833038330078
1984-05-26,14.31365966796875
1984-05-27,13.139962196350098
1984-05-28,17.890487670898438
1984-05-29,31.835636138916016
1984-05-30,46.41227722167969
1984-05-31,46.221012115478516
1984-06-01,32.1235237121582
1984-06-02,22.49017333984375
1984-06-03,17.480682373046875
1984-06-04,14.465932846069336
1984-06-05,12.506706237792969
1984-06-06,11.321757316589355
1984-06-07,10.633249282836914
1984-06-08,10.187700271606445
1984-06-09,9.788253784179688
1984-06-10,9.189412117004395
1984-06-11,8.562250137329102
1984-06-12,8.147661209106445
1984-06-13,7.892878532409668
1984-06-14,7.63344669342041
1984-06-15,7.582710266113281
1984-06-16,7.861276149749756
1984-06-17,8.600549697875977
1984-06-18,9.705001831054688
1984-06-19,9.449127197265625
1984-06-20,8.404833793640137
1984-06-21,7.784065246582031
1984-06-22,7.519787788391113
1984-06-23,7.260969161987305
1984-06-24,6.94331169128418
1984-06-25,6.985536575317383
1984-06-26,6.975660800933838
1984-06-27,6.439968109130859
1984-06-28,6.456907272338867
1984-06-29,8.130278587341309
1984-06-30,10.867762565612793
1984-07-01,12.910881042480469
1984-07-02,12.803963661193848
1984-07-03,10.902681350708008
1984-07-04,9.620621681213379
1984-07-05,8.81544017791748
1984-07-06,10.829018592834473
1984-07-07,14.957998275756836
1984-07-08,16.273414611816406
1984-07-09,13.971025466918945
1984-07-10,10.409540176391602
1984-07-11,9.821797370910645
1984-07-12,11.061663627624512
1984-07-13,11.492857933044434
1984-07-14,14.065727233886719
1984-07-15,16.18168830871582
1984-07-16,14.363094329833984
1984-07-17,13.798317909240723
1984-07-18,28.20528793334961
1984-07-19,56.99470520019531
1984-07-20,51.48487854003906
1984-07-21,30.356769561767578
1984-07-22,23.70181655883789
1984-07-23,20.381731033325195
1984-07-24,16.12474822998047
1984-07-25,13.291121482849121
1984-07-26,14.948001861572266
1984-07-27,29.143291473388672
1984-07-28,56.78411102294922
1984-07-29,93.90187072753906
1984-07-30,113.92031860351562
1984-07-31,85.97109985351562
1984-08-01,48.04563522338867
1984-08-02,32.18310546875
1984-08-03,25.842981338500977
1984-08-04,21.321500778198242
1984-08-05,17.27640151977539
1984-08-06,14.748282432556152
1984-08-07,13.195009231567383
1984-08-08,12.217849731445312
1984-08-09,12.209251403808594
1984-08-10,14.457887649536133
1984-08-11,22.453359603881836
1984-08-12,39.90174102783203
1984-08-13,56.90151596069336
1984-08-14,58.8846321105957
1984-08-15,47.055301666259766
1984-08-16,31.490966796875
1984-08-17,21.477439880371094
1984-08-18,16.34688377380371
1984-08-19,13.836214065551758
1984-08-20,12.730010986328125
1984-08-21,11.766584396362305
1984-08-22,10.586034774780273
1984-08-23,9.7150297164917
1984-08-24,9.174098014831543
1984-08-25,8.786968231201172
1984-08-26,8.366475105285645
1984-08-27,7.94451379776001
1984-08-28,7.792917251586914
1984-08-29,8.184715270996094
1984-08-30,9.29880428314209
1984-08-31,11.05408763885498
1984-09-01,12.955865859985352
1984-09-02,12.709178924560547
1984-09-03,10.296744346618652
1984-09-04,9.078384399414062
1984-09-05,9.058603286743164
1984-09-06,8.871123313903809
1984-09-07,8.115389823913574
1984-09-08,7.490021705627441
1984-09-09,7.054229259490967
1984-09-10,6.787888050079346
1984-09-11,6.605521202087402
1984-09-12,6.421142578125
1984-09-13,6.210508346557617
1984-09-14,6.098901748657227
1984-09-15,5.9725661277771
1984-09-16,5.774367332458496
1984-09-17,5.57927942276001
1984-09-18,5.420077800750732
1984-09-19,5.323176860809326
1984-09-20,5.220572471618652
1984-09-21,5.130917072296143
1984-09-22,4.989762306213379
1984-09-23,4.800325870513916
1984-09-24,4.63751220703125
1984-09-25,4.561117649078369
1984-09-26,4.585822582244873
1984-09-27,4.619444847106934
1984-09-28,4.742845058441162
1984-09-29,4.616914749145508
1984-09-30,4.56887674331665
1984-10-01,9.216552734375
1984-10-02,16.207067489624023
1984-10-03,15.62745189666748
1984-10-04,10.80838394165039
1984-10-05,8.173965454101562
1984-10-06,6.967899322509766
1984-10-07,6.322690010070801
1984-10-08,5.895678997039795
1984-10-09,5.618967056274414
1984-10-10,5.400345802307129
1984-10-11,5.2123870849609375
1984-10-12,5.027576446533203
1984-10-13,4.882569313049316
1984-10-14,4.753173828125
1984-10-15,4.681652069091797
1984-10-16,4.601527214050293
1984-10-17,4.568241119384766
1984-10-18,4.738069534301758
1984-10-19,4.975736141204834
1984-10-20,5.003182888031006
1984-10-21,4.764154434204102
1984-10-22,4.660925388336182
1984-10-23,4.793399810791016
1984-10-24,4.947676658630371
1984-10-25,4.876133918762207
1984-10-26,4.829958438873291
1984-10-27,4.752413749694824
1984-10-28,4.629413604736328
1984-10-29,4.593701362609863
1984-10-30,4.909364223480225
1984-10-31,5.221643447875977
1984-11-01,5.146317958831787
1984-11-02,5.029613971710205
1984-11-03,4.9097900390625
1984-11-04,4.883060932159424
1984-11-05,5.127359867095947
1984-11-06,5.47633695602417
1984-11-07,5.376951217651367
1984-11-08,5.181910991668701
1984-11-09,5.06683874130249
1984-11-10,4.986812591552734
1984-11-11,5.06626033782959
1984-11-12,5.478465557098389
1984-11-13,5.7705535888671875
1984-11-14,5.533871650695801
1984-11-15,5.361072540283203
1984-11-16,5.2198357582092285
1984-11-17,5.08468770980835
1984-11-18,5.073673248291016
1984-11-19,5.195803642272949
1984-11-20,5.730741024017334
1984-11-21,6.352849006652832
1984-11-22,5.986751079559326
1984-11-23,5.599883556365967
1984-11-24,5.435877799987793
1984-11-25,5.344551086425781
1984-11-26,5.3096771240234375
1984-11-27,5.298940658569336
1984-11-28,6.143787384033203
1984-11-29,9.436513900756836
1984-11-30,11.731423377990723
1984-12-01,9.388071060180664
1984-12-02,7.7072601318359375
1984-12-03,7.874890327453613
1984-12-04,9.54762077331543
1984-12-05,11.707437515258789
1984-12-06,15.804756164550781
1984-12-07,17.822036743164062
1984-12-08,14.309819221496582
1984-12-09,11.178119659423828
1984-12-10,9.603218078613281
1984-12-11,8.703070640563965
1984-12-12,8.136667251586914
1984-12-13,7.733648300170898
1984-12-14,7.407904148101807
1984-12-15,7.235185623168945
1984-12-16,7.049107074737549
1984-12-17,6.852573394775391
1984-12-18,6.747158050537109
1984-12-19,6.586080551147461
1984-12-20,6.463648796081543
1984-12-21,6.598805904388428
1984-12-22,7.020862579345703
1984-12-23,7.302139759063721
1984-12-24,7.173667907714844
1984-12-25,6.853174209594727
1984-12-26,6.502337455749512
1984-12-27,6.353260040283203
1984-12-28,6.252797603607178
1984-12-29,6.15155029296875
1984-12-30,5.998308181762695
1984-12-31,5.905510902404785
1985-01-01,5.886292934417725
1985-01-02,5.961274147033691
1985-01-03,23.2135009765625
1985-01-04,70.92308044433594
1985-01-05,84.89043426513672
1985-01-06,56.926029205322266
1985-01-07,32.58308410644531
1985-01-08,21.515216827392578
1985-01-09,16.498205184936523
1985-01-10,13.778077125549316
1985-01-11,12.174610137939453
1985-01-12,11.32247543334961
1985-01-13,10.50484561920166
1985-01-14,9.7494535446167
1985-01-15,9.205418586730957
1985-01-16,8.792491912841797
1985-01-17,8.612130165100098
1985-01-18,8.970685005187988
1985-01-19,9.278646469116211
1985-01-20,8.903935432434082
1985-01-21,8.455190658569336
1985-01-22,8.157514572143555
1985-01-23,8.065214157104492
1985-01-24,7.8164825439453125
1985-01-25,7.66670036315918
1985-01-26,7.595786094665527
1985-01-27,7.44637393951416
1985-01-28,7.462044715881348
1985-01-29,7.9419121742248535
1985-01-30,8.43757152557373
1985-01-31,9.184584617614746
1985-02-01,30.559051513671875
1985-02-02,97.43557739257812
1985-02-03,127.39552307128906
1985-02-04,83.89116668701172
1985-02-05,47.39946746826172
1985-02-06,36.6715202331543
1985-02-07,41.493534088134766
1985-02-08,39.769405364990234
1985-02-09,30.68159294128418
1985-02-10,23.692668914794922
1985-02-11,20.455791473388672
1985-02-12,30.71678352355957
1985-02-13,50.05736541748047
1985-02-14,49.588409423828125
1985-02-15,34.844242095947266
1985-02-16,25.620723724365234
1985-02-17,20.844289779663086
1985-02-18,18.20148468017578
1985-02-19,16.588960647583008
1985-02-20,15.805468559265137
1985-02-21,15.011859893798828
1985-02-22,13.936990737915039
1985-02-23,13.37781047821045
1985-02-24,12.89384651184082
1985-02-25,12.57693099975586
1985-02-26,19.360557556152344
1985-02-27,33.71595001220703
1985-02-28,34.76388931274414
1985-03-01,25.228748321533203
1985-03-02,19.442989349365234
1985-03-03,16.486587524414062
1985-03-04,14.736071586608887
1985-03-05,13.655017852783203
1985-03-06,12.861920356750488
1985-03-07,12.10172176361084
1985-03-08,11.562093734741211
1985-03-09,11.280562400817871
1985-03-10,10.967981338500977
1985-03-11,10.563568115234375
1985-03-12,10.40528392791748
1985-03-13,10.192030906677246
1985-03-14,9.8334321975708
1985-03-15,9.623720169067383
1985-03-16,9.39712905883789
1985-03-17,9.127711296081543
1985-03-18,9.016374588012695
1985-03-19,8.685277938842773
1985-03-20,8.426138877868652
1985-03-21,8.45691967010498
1985-03-22,9.827735900878906
1985-03-23,15.180865287780762
1985-03-24,20.30752182006836
1985-03-25,20.174287796020508
1985-03-26,17.576519012451172
1985-03-27,14.348384857177734
1985-03-28,12.513257026672363
1985-03-29,11.282085418701172
1985-03-30,10.431257247924805
1985-03-31,9.873640060424805
1985-04-01,9.536298751831055
1985-04-02,9.25911808013916
1985-04-03,8.89043140411377
1985-04-04,8.601200103759766
1985-04-05,8.395794868469238
1985-04-06,8.283658027648926
1985-04-07,8.40626335144043
1985-04-08,8.364898681640625
1985-04-09,8.049412727355957
1985-04-10,7.584986686706543
1985-04-11,7.216059684753418
1985-04-12,7.107533931732178
1985-04-13,7.006107330322266
1985-04-14,6.920773029327393
1985-04-15,6.826369285583496
1985-04-16,6.8238630294799805
1985-04-17,7.205052375793457
1985-04-18,7.552505016326904
1985-04-19,7.1165666580200195
1985-04-20,6.669021129608154
1985-04-21,6.268317222595215
1985-04-22,5.935924053192139
1985-04-23,5.647389888763428
1985-04-24,5.44511604309082
1985-04-25,5.478343963623047
1985-04-26,5.655356407165527
1985-04-27,5.594475269317627
1985-04-28,5.454371452331543
1985-04-29,5.388829231262207
1985-04-30,5.17474365234375
1985-05-01,4.8735151290893555
1985-05-02,4.765345573425293
1985-05-03,5.715956687927246
1985-05-04,7.7630791664123535
1985-05-05,8.078718185424805
1985-05-06,6.841960906982422
1985-05-07,5.895295143127441
1985-05-08,5.204766750335693
1985-05-09,4.793694496154785
1985-05-10,4.637345790863037
1985-05-11,4.613540172576904
1985-05-12,4.673212051391602
1985-05-13,4.69924783706665
1985-05-14,4.638632774353027
1985-05-15,4.464112281799316
1985-05-16,4.958479881286621
1985-05-17,8.1541748046875
1985-05-18,11.441184997558594
1985-05-19,9.226512908935547
1985-05-20,6.928606986999512
1985-05-21,6.0041327476501465
1985-05-22,5.9104108810424805
1985-05-23,7.755417346954346
1985-05-24,10.697545051574707
1985-05-25,11.959563255310059
1985-05-26,10.510971069335938
1985-05-27,7.935784816741943
1985-05-28,6.2537126541137695
1985-05-29,5.313271522521973
1985-05-30,4.763440132141113
1985-05-31,4.380827903747559
1985-06-01,4.161403179168701
1985-06-02,3.947544813156128
1985-06-03,3.6838412284851074
1985-06-04,3.5050597190856934
1985-06-05,3.7201452255249023
1985-06-06,5.242879867553711
1985-06-07,7.752501010894775
1985-06-08,8.744697570800781
1985-06-09,9.45681381225586
1985-06-10,8.717216491699219
1985-06-11,6.656802177429199
1985-06-12,6.056848049163818
1985-06-13,6.735102653503418
1985-06-14,6.432465553283691
1985-06-15,5.261236190795898
1985-06-16,4.728335857391357
1985-06-17,4.953110694885254
1985-06-18,4.998647212982178
1985-06-19,4.334013938903809
1985-06-20,3.8307275772094727
1985-06-21,3.51788330078125
1985-06-22,3.2660837173461914
1985-06-23,3.0764706134796143
1985-06-24,2.9505715370178223
1985-06-25,2.850475311279297
1985-06-26,2.744976282119751
1985-06-27,2.652435064315796
1985-06-28,2.5263547897338867
1985-06-29,2.473924160003662
1985-06-30,2.691593647003174
1985-07-01,3.4593067169189453
1985-07-02,4.431064128875732
1985-07-03,4.588912010192871
1985-07-04,4.133756637573242
1985-07-05,3.8185648918151855
1985-07-06,3.8770103454589844
1985-07-07,4.001089572906494
1985-07-08,3.8851664066314697
1985-07-09,3.4380807876586914
1985-07-10,3.1085245609283447
1985-07-11,3.2284750938415527
1985-07-12,3.796658515930176
1985-07-13,5.040592670440674
1985-07-14,6.961843490600586
1985-07-15,7.306919097900391
1985-07-16,6.167788982391357
1985-07-17,5.577138423919678
1985-07-18,5.117345333099365
1985-07-19,4.16218376159668
1985-07-20,3.4329144954681396
1985-07-21,2.996302366256714
1985-07-22,2.850367307662964
1985-07-23,3.345737934112549
1985-07-24,4.467106819152832
1985-07-25,9.87983512878418
1985-07-26,23.281522750854492
1985-07-27,31.477859497070312
1985-07-28,32.31829071044922
1985-07-29,32.19426727294922
1985-07-30,25.35490608215332
1985-07-31,17.78326416015625
1985-08-01,19.2142391204834
1985-08-02,23.810897827148438
1985-08-03,20.645105361938477
1985-08-04,13.690715789794922
1985-08-05,9.431065559387207
1985-08-06,7.241238594055176
1985-08-07,6.178130626678467
1985-08-08,6.113122463226318
1985-08-09,8.17382526397705
1985-08-10,9.537179946899414
1985-08-11,8.156109809875488
1985-08-12,6.463791847229004
1985-08-13,5.401878833770752
1985-08-14,4.721391677856445
1985-08-15,4.2352070808410645
1985-08-16,3.8871960639953613
1985-08-17,4.7010040283203125
1985-08-18,24.810047149658203
1985-08-19,50.71643829345703
1985-08-20,47.26847839355469
1985-08-21,37.45301055908203
1985-08-22,45.21648406982422
1985-08-23,39.1594123840332
1985-08-24,22.918638229370117
1985-08-25,18.021133422851562
1985-08-26,25.63587188720703
1985-08-27,33.767913818359375
1985-08-28,32.2675666809082
1985-08-29,24.08355140686035
1985-08-30,17.585214614868164
1985-08-31,16.363393783569336
1985-09-01,14.592416763305664
1985-09-02,11.512626647949219
1985-09-03,9.395989418029785
1985-09-04,8.059772491455078
1985-09-05,7.085999488830566
1985-09-06,6.367951393127441
1985-09-07,5.824100494384766
1985-09-08,5.450747489929199
1985-09-09,5.242683410644531
1985-09-10,5.087643146514893
1985-09-11,4.888271331787109
1985-09-12,4.7826128005981445
1985-09-13,4.78050422668457
1985-09-14,4.576453685760498
1985-09-15,4.398289680480957
1985-09-16,4.2282490730285645
1985-09-17,4.07435417175293
1985-09-18,3.940251111984253
1985-09-19,3.812074661254883
1985-09-20,3.691336154937744
1985-09-21,3.575993061065674
1985-09-22,3.5212326049804688
1985-09-23,3.5401668548583984
1985-09-24,3.5272579193115234
1985-09-25,3.492114543914795
1985-09-26,3.48905611038208
1985-09-27,3.546163320541382
1985-09-28,3.6357288360595703
1985-09-29,3.528435468673706
1985-09-30,3.3695812225341797
1985-10-01,3.2501182556152344
1985-10-02,3.3310461044311523
1985-10-03,4.627594470977783
1985-10-04,8.44969654083252
1985-10-05,11.185091972351074
1985-10-06,9.86196231842041
1985-10-07,7.269538879394531
1985-10-08,5.73695182800293
1985-10-09,4.9083027839660645
1985-10-10,4.420232772827148
1985-10-11,4.118837356567383
1985-10-12,3.9428069591522217
1985-10-13,3.864879608154297
1985-10-14,3.696943759918213
1985-10-15,3.6592321395874023
1985-10-16,4.034680366516113
1985-10-17,4.45685338973999
1985-10-18,4.297199249267578
1985-10-19,3.937269687652588
1985-10-20,3.672114849090576
1985-10-21,3.689061164855957
1985-10-22,4.5067057609558105
1985-10-23,5.646678924560547
1985-10-24,5.5542168617248535
1985-10-25,4.96088981628418
1985-10-26,4.438936710357666
1985-10-27,4.0663580894470215
1985-10-28,3.851478099822998
1985-10-29,3.7048072814941406
1985-10-30,3.608313798904419
1985-10-31,3.6936769485473633
1985-11-01,4.19021463394165
1985-11-02,5.950662612915039
1985-11-03,10.355830192565918
1985-11-04,25.367530822753906
1985-11-05,45.77325439453125
1985-11-06,47.84225845336914
1985-11-07,31.17969512939453
1985-11-08,18.945104598999023
1985-11-09,13.192151069641113
1985-11-10,10.546136856079102
1985-11-11,9.089357376098633
1985-11-12,8.19643783569336
1985-11-13,7.915320873260498
1985-11-14,8.137946128845215
1985-11-15,8.05221176147461
1985-11-16,7.578622817993164
1985-11-17,7.223920822143555
1985-11-18,7.074737071990967
1985-11-19,6.818387508392334
1985-11-20,6.852996826171875
1985-11-21,41.44184112548828
1985-11-22,139.27499389648438
1985-11-23,171.77505493164062
1985-11-24,108.6756820678711
1985-11-25,52.53731155395508
1985-11-26,30.37041473388672
1985-11-27,21.865175247192383
1985-11-28,17.783693313598633
1985-11-29,17.04727554321289
1985-11-30,42.51675033569336
1985-12-01,78.43045806884766
1985-12-02,75.40850830078125
1985-12-03,50.32295227050781
1985-12-04,33.585296630859375
1985-12-05,23.917701721191406
1985-12-06,19.429424285888672
1985-12-07,16.99410057067871
1985-12-08,15.191449165344238
1985-12-09,13.908852577209473
1985-12-10,13.018302917480469
1985-12-11,12.331032752990723
1985-12-12,11.978582382202148
1985-12-13,15.068547248840332
1985-12-14,25.07308578491211
1985-12-15,27.03330421447754
1985-12-16,21.179956436157227
1985-12-17,16.9837646484375
1985-12-18,14.668661117553711
1985-12-19,13.385761260986328
1985-12-20,12.516417503356934
1985-12-21,11.828096389770508
1985-12-22,11.255097389221191
1985-12-23,10.745786666870117
1985-12-24,10.450300216674805
1985-12-25,10.1217622756958
1985-12-26,9.936723709106445
1985-12-27,9.70414924621582
1985-12-28,9.433908462524414
1985-12-29,9.121541023254395
1985-12-30,8.928181648254395
1985-12-31,8.8380765914917
1986-01-01,9.007214546203613
1986-01-02,9.28425407409668
1986-01-03,9.299757957458496
1986-01-04,9.193059921264648
1986-01-05,8.944644927978516
1986-01-06,8.66207218170166
1986-01-07,8.46750545501709
1986-01-08,8.303954124450684
1986-01-09,8.183606147766113
1986-01-10,8.009477615356445
1986-01-11,7.941196441650391
1986-01-12,7.831679344177246
1986-01-13,7.778003692626953
1986-01-14,7.725222110748291
1986-01-15,7.572072982788086
1986-01-16,7.424899578094482
1986-01-17,7.392763614654541
1986-01-18,7.4017534255981445
1986-01-19,7.589657306671143
1986-01-20,8.599306106567383
1986-01-21,9.660934448242188
1986-01-22,9.222667694091797
1986-01-23,8.68964958190918
1986-01-24,8.311324119567871
1986-01-25,8.005207061767578
1986-01-26,8.419339179992676
1986-01-27,9.825460433959961
1986-01-28,10.31261157989502
1986-01-29,9.474039077758789
1986-01-30,9.199390411376953
1986-01-31,8.99876594543457
1986-02-01,8.73180866241455
1986-02-02,8.578839302062988
1986-02-03,8.445084571838379
1986-02-04,8.388455390930176
1986-02-05,8.372693061828613
1986-02-06,8.46972370147705
1986-02-07,10.449690818786621
1986-02-08,16.10799789428711
1986-02-09,18.467592239379883
1986-02-10,14.864090919494629
1986-02-11,13.578699111938477
1986-02-12,15.486161231994629
1986-02-13,16.315160751342773
1986-02-14,14.183298110961914
1986-02-15,12.829031944274902
1986-02-16,12.769059181213379
1986-02-17,12.514460563659668
1986-02-18,12.301899909973145
1986-02-19,13.291522026062012
1986-02-20,14.536619186401367
1986-02-21,14.422212600708008
1986-02-22,13.413783073425293
1986-02-23,12.440999984741211
1986-02-24,11.920151710510254
1986-02-25,11.820907592773438
1986-02-26,11.83821964263916
1986-02-27,11.915983200073242
1986-02-28,12.947638511657715
1986-03-01,13.115262031555176
1986-03-02,12.117453575134277
1986-03-03,11.259140968322754
1986-03-04,10.633960723876953
1986-03-05,10.044076919555664
1986-03-06,9.64380931854248
1986-03-07,9.241157531738281
1986-03-08,8.912069320678711
1986-03-09,8.748937606811523
1986-03-10,8.526118278503418
1986-03-11,8.408737182617188
1986-03-12,8.25003433227539
1986-03-13,8.629688262939453
1986-03-14,19.29644775390625
1986-03-15,41.941898345947266
1986-03-16,44.54017639160156
1986-03-17,29.13109588623047
1986-03-18,20.173320770263672
1986-03-19,17.219898223876953
1986-03-20,21.271703720092773
1986-03-21,26.359848022460938
1986-03-22,23.23025894165039
1986-03-23,18.180145263671875
1986-03-24,14.864021301269531
1986-03-25,13.25701904296875
1986-03-26,12.089317321777344
1986-03-27,11.317519187927246
1986-03-28,10.693643569946289
1986-03-29,10.068467140197754
1986-03-30,9.571537971496582
1986-03-31,9.247591018676758
1986-04-01,8.940374374389648
1986-04-02,8.71324348449707
1986-04-03,8.458080291748047
1986-04-04,8.283159255981445
1986-04-05,8.05270767211914
1986-04-06,7.83406400680542
1986-04-07,7.667965888977051
1986-04-08,7.546740531921387
1986-04-09,7.46694278717041
1986-04-10,7.347621917724609
1986-04-11,7.104279041290283
1986-04-12,6.872607231140137
1986-04-13,6.658529281616211
1986-04-14,6.474416255950928
1986-04-15,6.369899272918701
1986-04-16,6.386286735534668
1986-04-17,6.409801483154297
1986-04-18,6.310885906219482
1986-04-19,6.074883460998535
1986-04-20,5.854762077331543
1986-04-21,6.111693382263184
1986-04-22,6.913257598876953
1986-04-23,7.130908966064453
1986-04-24,6.562515735626221
1986-04-25,6.122597694396973
1986-04-26,6.505894660949707
1986-04-27,7.321541786193848
1986-04-28,7.3558669090271
1986-04-29,6.628383159637451
1986-04-30,5.983148574829102
1986-05-01,5.504929542541504
1986-05-02,5.216944694519043
1986-05-03,4.865150451660156
1986-05-04,4.52831506729126
1986-05-05,4.36713981628418
1986-05-06,4.305953025817871
1986-05-07,4.187318325042725
1986-05-08,4.028382301330566
1986-05-09,3.8847482204437256
1986-05-10,3.7443580627441406
1986-05-11,3.6021766662597656
1986-05-12,3.5583949089050293
1986-05-13,3.603386878967285
1986-05-14,4.121401309967041
1986-05-15,4.873959064483643
1986-05-16,4.6936492919921875
1986-05-17,4.307523727416992
1986-05-18,4.010317802429199
1986-05-19,3.919766426086426
1986-05-20,4.851346969604492
1986-05-21,7.400081157684326
1986-05-22,8.740395545959473
1986-05-23,7.285091876983643
1986-05-24,5.8887248039245605
1986-05-25,5.3210225105285645
1986-05-26,5.344923496246338
1986-05-27,5.489605903625488
1986-05-28,5.888426780700684
1986-05-29,6.346576690673828
1986-05-30,6.097463130950928
1986-05-31,5.619544982910156
1986-06-01,5.1801934242248535
1986-06-02,4.591941833496094
1986-06-03,4.102592945098877
1986-06-04,3.752964973449707
1986-06-05,3.489569664001465
1986-06-06,3.2883102893829346
1986-06-07,3.0783817768096924
1986-06-08,3.1276469230651855
1986-06-09,3.488151788711548
1986-06-10,3.576725482940674
1986-06-11,3.1993143558502197
1986-06-12,2.9552974700927734
1986-06-13,2.8619370460510254
1986-06-14,2.7860660552978516
1986-06-15,2.662449836730957
1986-06-16,2.5627238750457764
1986-06-17,2.4981424808502197
1986-06-18,2.416918992996216
1986-06-19,2.2981326580047607
1986-06-20,2.187530279159546
1986-06-21,2.097691774368286
1986-06-22,1.9986984729766846
1986-06-23,1.9309345483779907
1986-06-24,1.9126553535461426
1986-06-25,1.9064182043075562
1986-06-26,1.8478537797927856
1986-06-27,1.7664531469345093
1986-06-28,1.74946129322052
1986-06-29,1.8581147193908691
1986-06-30,2.209301471710205
1986-07-01,2.7174911499023438
1986-07-02,3.148965358734131
1986-07-03,3.8440747261047363
1986-07-04,4.026902198791504
1986-07-05,3.237943649291992
1986-07-06,2.5968313217163086
1986-07-07,2.2125589847564697
1986-07-08,1.94972562789917
1986-07-09,1.7538591623306274
1986-07-10,1.6462950706481934
1986-07-11,1.7065820693969727
1986-07-12,1.9175643920898438
1986-07-13,1.9886562824249268
1986-07-14,1.8612651824951172
1986-07-15,1.7091279029846191
1986-07-16,1.6383752822875977
1986-07-17,1.6386194229125977
1986-07-18,1.5704847574234009
1986-07-19,1.4611769914627075
1986-07-20,1.3474609851837158
1986-07-21,1.269806146621704
1986-07-22,1.2972334623336792
1986-07-23,1.5301414728164673
1986-07-24,1.9229812622070312
1986-07-25,2.2047038078308105
1986-07-26,2.3759071826934814
1986-07-27,2.8357954025268555
1986-07-28,3.5139431953430176
1986-07-29,3.4699459075927734
1986-07-30,2.953592300415039
1986-07-31,2.566258430480957
1986-08-01,2.1185789108276367
1986-08-02,1.7941749095916748
1986-08-03,1.649704933166504
1986-08-04,1.7139678001403809
1986-08-05,1.9260389804840088
1986-08-06,2.2399396896362305
1986-08-07,2.606966257095337
1986-08-08,2.5993616580963135
1986-08-09,2.3547921180725098
1986-08-10,2.133958101272583
1986-08-11,2.0553293228149414
1986-08-12,4.078487873077393
1986-08-13,12.0289945602417
1986-08-14,16.98259162902832
1986-08-15,11.587617874145508
1986-08-16,6.654125213623047
1986-08-17,4.467042446136475
1986-08-18,3.9306106567382812
1986-08-19,4.546603202819824
1986-08-20,6.1158342361450195
1986-08-21,9.694843292236328
1986-08-22,11.858964920043945
1986-08-23,8.591400146484375
1986-08-24,6.265481472015381
1986-08-25,5.710182189941406
1986-08-26,4.958383560180664
1986-08-27,4.046300411224365
1986-08-28,4.089808464050293
1986-08-29,5.137812614440918
1986-08-30,5.262148380279541
1986-08-31,4.283617973327637
1986-09-01,3.5653133392333984
1986-09-02,3.2596254348754883
1986-09-03,3.3808860778808594
1986-09-04,3.941896915435791
1986-09-05,4.809541702270508
1986-09-06,6.159102439880371
1986-09-07,6.872134208679199
1986-09-08,5.510530471801758
1986-09-09,4.363257884979248
1986-09-10,3.688955307006836
1986-09-11,3.298858165740967
1986-09-12,3.0132131576538086
1986-09-13,2.789346694946289
1986-09-14,2.5771191120147705
1986-09-15,2.400059223175049
1986-09-16,2.2694740295410156
1986-09-17,2.1616902351379395
1986-09-18,2.073678493499756
1986-09-19,2.0036635398864746
1986-09-20,1.9897260665893555
1986-09-21,2.0519802570343018
1986-09-22,2.0977656841278076
1986-09-23,2.031477928161621
1986-09-24,1.9534344673156738
1986-09-25,1.8776650428771973
1986-09-26,1.8043255805969238
1986-09-27,1.7340903282165527
1986-09-28,1.7009271383285522
1986-09-29,1.6980396509170532
1986-09-30,1.6999266147613525
1986-10-01,1.6693726778030396
1986-10-02,1.617777943611145
1986-10-03,1.5722451210021973
1986-10-04,1.5314826965332031
1986-10-05,1.484182596206665
1986-10-06,1.4398283958435059
1986-10-07,1.419517159461975
1986-10-08,1.4326835870742798
1986-10-09,1.5095916986465454
1986-10-10,1.661712646484375
1986-10-11,1.8196258544921875
1986-10-12,1.8454185724258423
1986-10-13,1.819072961807251
1986-10-14,2.410306692123413
1986-10-15,4.182963848114014
1986-10-16,5.009073734283447
1986-10-17,3.929901123046875
1986-10-18,3.0815927982330322
1986-10-19,2.6140904426574707
1986-10-20,2.3706250190734863
1986-10-21,2.256887674331665
1986-10-22,2.1735033988952637
1986-10-23,2.1265459060668945
1986-10-24,2.050769090652466
1986-10-25,2.095097780227661
1986-10-26,2.7019975185394287
1986-10-27,4.331392765045166
1986-10-28,5.272189617156982
1986-10-29,4.332119941711426
1986-10-30,3.4809322357177734
1986-10-31,2.980618953704834
1986-11-01,2.737011671066284
1986-11-02,2.8261878490448
1986-11-03,3.022017002105713
1986-11-04,3.0476293563842773
1986-11-05,2.9979774951934814
1986-11-06,3.2498254776000977
1986-11-07,4.26008415222168
1986-11-08,6.653940200805664
1986-11-09,9.073244094848633
1986-11-10,7.479386806488037
1986-11-11,5.7957329750061035
1986-11-12,5.95583438873291
1986-11-13,9.592469215393066
1986-11-14,12.302141189575195
1986-11-15,9.846356391906738
1986-11-16,8.786762237548828
1986-11-17,9.017156600952148
1986-11-18,7.753899574279785
1986-11-19,6.991067886352539
1986-11-20,7.0804595947265625
1986-11-21,9.378220558166504
1986-11-22,11.40099048614502
1986-11-23,9.365570068359375
1986-11-24,7.550373077392578
1986-11-25,6.582187175750732
1986-11-26,6.639150142669678
1986-11-27,8.916945457458496
1986-11-28,10.229957580566406
1986-11-29,8.738860130310059
1986-11-30,7.40641450881958
1986-12-01,6.501594543457031
1986-12-02,7.9331560134887695
1986-12-03,15.975131034851074
1986-12-04,21.05573272705078
1986-12-05,16.617374420166016
1986-12-06,11.915992736816406
1986-12-07,9.328100204467773
1986-12-08,8.011334419250488
1986-12-09,7.42879056930542
1986-12-10,8.532622337341309
1986-12-11,17.67032241821289
1986-12-12,30.465089797973633
1986-12-13,32.39799880981445
1986-12-14,23.474544525146484
1986-12-15,16.23334312438965
1986-12-16,12.419872283935547
1986-12-17,10.525568962097168
1986-12-18,9.455101013183594
1986-12-19,8.961196899414062
1986-12-20,8.64323616027832
1986-12-21,8.067439079284668
1986-12-22,7.5461745262146
1986-12-23,7.1162261962890625
1986-12-24,14.443296432495117
1986-12-25,44.89947509765625
1986-12-26,61.230960845947266
1986-12-27,39.99860763549805
1986-12-28,24.715579986572266
1986-12-29,17.276418685913086
1986-12-30,13.576889038085938
1986-12-31,11.616151809692383
1987-01-01,13.750654220581055
1987-01-02,26.915969848632812
1987-01-03,34.81540298461914
1987-01-04,26.739967346191406
1987-01-05,19.388471603393555
1987-01-06,15.130859375
1987-01-07,12.769113540649414
1987-01-08,11.497842788696289
1987-01-09,10.54883098602295
1987-01-10,9.848550796508789
1987-01-11,9.807844161987305
1987-01-12,9.867022514343262
1987-01-13,9.348968505859375
1987-01-14,8.871685028076172
1987-01-15,8.634025573730469
1987-01-16,8.481618881225586
1987-01-17,8.455892562866211
1987-01-18,10.17686653137207
1987-01-19,45.18370056152344
1987-01-20,86.47710418701172
1987-01-21,74.92400360107422
1987-01-22,59.007179260253906
1987-01-23,73.31648254394531
1987-01-24,67.16142272949219
1987-01-25,43.43421173095703
1987-01-26,33.59226989746094
1987-01-27,29.408130645751953
1987-01-28,24.913602828979492
1987-01-29,21.51580238342285
1987-01-30,20.597658157348633
1987-01-31,26.55943489074707
1987-02-01,32.59138870239258
1987-02-02,33.152587890625
1987-02-03,37.951622009277344
1987-02-04,41.518409729003906
1987-02-05,33.23162078857422
1987-02-06,25.21596908569336
1987-02-07,20.268571853637695
1987-02-08,17.95001983642578
1987-02-09,16.124601364135742
1987-02-10,14.578433990478516
1987-02-11,13.278496742248535
1987-02-12,12.51020622253418
1987-02-13,12.223395347595215
1987-02-14,11.747014999389648
1987-02-15,11.413384437561035
1987-02-16,11.36844539642334
1987-02-17,13.366766929626465
1987-02-18,17.470190048217773
1987-02-19,19.865102767944336
1987-02-20,21.67581558227539
1987-02-21,23.45526885986328
1987-02-22,25.541152954101562
1987-02-23,46.43522644042969
1987-02-24,64.66523742675781
1987-02-25,51.96155548095703
1987-02-26,36.75614929199219
1987-02-27,41.445674896240234
1987-02-28,109.64280700683594
1987-03-01,231.3345489501953
1987-03-02,261.6671142578125
1987-03-03,144.560546875
1987-03-04,74.2949447631836
1987-03-05,45.77386474609375
1987-03-06,33.12677764892578
1987-03-07,26.229219436645508
1987-03-08,22.81415557861328
1987-03-09,21.951351165771484
1987-03-10,23.456058502197266
1987-03-11,27.019718170166016
1987-03-12,26.572086334228516
1987-03-13,22.638944625854492
1987-03-14,19.747474670410156
1987-03-15,17.870119094848633
1987-03-16,16.680932998657227
1987-03-17,15.949322700500488
1987-03-18,15.519058227539062
1987-03-19,15.189449310302734
1987-03-20,16.449539184570312
1987-03-21,17.75156593322754
1987-03-22,16.55133628845215
1987-03-23,15.188974380493164
1987-03-24,14.180697441101074
1987-03-25,13.624420166015625
1987-03-26,13.587953567504883
1987-03-27,13.655125617980957
1987-03-28,13.293526649475098
1987-03-29,13.163261413574219
1987-03-30,13.617661476135254
1987-03-31,20.10708999633789
1987-04-01,29.643308639526367
1987-04-02,25.567760467529297
1987-04-03,20.756454467773438
1987-04-04,21.519947052001953
1987-04-05,27.486787796020508
1987-04-06,27.449296951293945
1987-04-07,22.784183502197266
1987-04-08,19.21885871887207
1987-04-09,16.877634048461914
1987-04-10,15.137367248535156
1987-04-11,13.990758895874023
1987-04-12,13.37491512298584
1987-04-13,13.402405738830566
1987-04-14,13.578971862792969
1987-04-15,20.342153549194336
1987-04-16,171.51449584960938
1987-04-17,346.3773498535156
1987-04-18,234.74380493164062
1987-04-19,119.32628631591797
1987-04-20,68.81292724609375
1987-04-21,45.221466064453125
1987-04-22,33.385009765625
1987-04-23,26.80160903930664
1987-04-24,28.61429214477539
1987-04-25,50.507877349853516
1987-04-26,76.95538330078125
1987-04-27,68.88863372802734
1987-04-28,45.6290283203125
1987-04-29,33.06741714477539
1987-04-30,26.029537200927734
1987-05-01,22.29632568359375
1987-05-02,20.047555923461914
1987-05-03,18.613513946533203
1987-05-04,17.491836547851562
1987-05-05,16.50908851623535
1987-05-06,15.802132606506348
1987-05-07,14.683976173400879
1987-05-08,13.853363037109375
1987-05-09,13.088216781616211
1987-05-10,12.368345260620117
1987-05-11,11.870342254638672
1987-05-12,11.251612663269043
1987-05-13,10.789688110351562
1987-05-14,10.717623710632324
1987-05-15,10.766223907470703
1987-05-16,10.40102767944336
1987-05-17,9.887331008911133
1987-05-18,9.333937644958496
1987-05-19,8.985006332397461
1987-05-20,9.448009490966797
1987-05-21,10.490997314453125
1987-05-22,10.334633827209473
1987-05-23,9.3405179977417
1987-05-24,8.891303062438965
1987-05-25,9.0641508102417
1987-05-26,10.311537742614746
1987-05-27,13.138948440551758
1987-05-28,13.918327331542969
1987-05-29,11.853514671325684
1987-05-30,10.004868507385254
1987-05-31,8.825565338134766
1987-06-01,8.188390731811523
1987-06-02,8.255721092224121
1987-06-03,8.656452178955078
1987-06-04,8.53431510925293
1987-06-05,9.036582946777344
1987-06-06,9.276507377624512
1987-06-07,8.207576751708984
1987-06-08,7.2886247634887695
1987-06-09,6.600668430328369
1987-06-10,6.088086128234863
1987-06-11,5.715611457824707
1987-06-12,5.367904186248779
1987-06-13,5.22453498840332
1987-06-14,5.345759868621826
1987-06-15,5.723516464233398
1987-06-16,5.674149513244629
1987-06-17,5.633053779602051
1987-06-18,5.968112468719482
1987-06-19,6.387380599975586
1987-06-20,6.589561939239502
1987-06-21,6.179755687713623
1987-06-22,5.652803421020508
1987-06-23,5.436304569244385
1987-06-24,5.315270900726318
1987-06-25,5.121560096740723
1987-06-26,5.114706516265869
1987-06-27,6.027879238128662
1987-06-28,6.871138095855713
1987-06-29,6.102878570556641
1987-06-30,5.221278190612793
1987-07-01,4.664848804473877
1987-07-02,5.069969177246094
1987-07-03,8.422638893127441
1987-07-04,20.10736846923828
1987-07-05,41.08885192871094
1987-07-06,47.060630798339844
1987-07-07,29.982250213623047
1987-07-08,17.766887664794922
1987-07-09,12.695828437805176
1987-07-10,10.071784973144531
1987-07-11,8.16070556640625
1987-07-12,7.234853744506836
1987-07-13,7.398264408111572
1987-07-14,8.490967750549316
1987-07-15,8.859951972961426
1987-07-16,7.378880500793457
1987-07-17,6.181604385375977
1987-07-18,5.39509916305542
1987-07-19,4.8917555809021
1987-07-20,4.539556503295898
1987-07-21,4.216733932495117
1987-07-22,3.9621310234069824
1987-07-23,3.7804086208343506
1987-07-24,3.6216213703155518
1987-07-25,3.5551061630249023
1987-07-26,3.508420467376709
1987-07-27,3.449972152709961
1987-07-28,3.352287769317627
1987-07-29,3.2326385974884033
1987-07-30,3.2081453800201416
1987-07-31,3.203216791152954
1987-08-01,3.182600498199463
1987-08-02,3.176396131515503
1987-08-03,3.1522786617279053
1987-08-04,3.1485517024993896
1987-08-05,3.3170721530914307
1987-08-06,3.455679416656494
1987-08-07,3.4523115158081055
1987-08-08,4.57382345199585
1987-08-09,6.114173412322998
1987-08-10,5.071955680847168
1987-08-11,4.094513893127441
1987-08-12,3.52132511138916
1987-08-13,3.18682599067688
1987-08-14,2.9258365631103516
1987-08-15,2.771860361099243
1987-08-16,2.7822468280792236
1987-08-17,2.810790777206421
1987-08-18,2.709956169128418
1987-08-19,2.6138551235198975
1987-08-20,2.625281810760498
1987-08-21,2.614316701889038
1987-08-22,2.5774850845336914
1987-08-23,2.5488393306732178
1987-08-24,2.4467642307281494
1987-08-25,2.3393642902374268
1987-08-26,2.3004255294799805
1987-08-27,2.3580527305603027
1987-08-28,2.412350654602051
1987-08-29,2.3682594299316406
1987-08-30,2.3522019386291504
1987-08-31,2.414870500564575
1987-09-01,2.5917012691497803
1987-09-02,2.757931709289551
1987-09-03,2.6293089389801025
1987-09-04,2.48280668258667
1987-09-05,2.5733094215393066
1987-09-06,3.3691487312316895
1987-09-07,6.40799617767334
1987-09-08,28.36241912841797
1987-09-09,47.35784912109375
1987-09-10,30.61145782470703
1987-09-11,15.80312728881836
1987-09-12,11.154008865356445
1987-09-13,10.423093795776367
1987-09-14,10.172950744628906
1987-09-15,8.5753173828125
1987-09-16,6.599085330963135
1987-09-17,5.459888935089111
1987-09-18,4.836019992828369
1987-09-19,4.39262056350708
1987-09-20,4.259367942810059
1987-09-21,4.4600138664245605
1987-09-22,4.3804450035095215
1987-09-23,3.9992406368255615
1987-09-24,3.6838245391845703
1987-09-25,3.4694361686706543
1987-09-26,3.3050906658172607
1987-09-27,3.203001022338867
1987-09-28,3.134932279586792
1987-09-29,3.012746810913086
1987-09-30,3.089444637298584
1987-10-01,3.5838747024536133
1987-10-02,3.9100804328918457
1987-10-03,3.6308281421661377
1987-10-04,3.398597240447998
1987-10-05,3.2273120880126953
1987-10-06,3.1084649562835693
1987-10-07,3.117729663848877
1987-10-08,3.1889917850494385
1987-10-09,3.17529034614563
1987-10-10,3.0795111656188965
1987-10-11,3.0034377574920654
1987-10-12,2.9776456356048584
1987-10-13,3.078449249267578
1987-10-14,2.9926352500915527
1987-10-15,2.906695604324341
1987-10-16,2.863701820373535
1987-10-17,2.846536636352539
1987-10-18,2.8021554946899414
1987-10-19,2.742480754852295
1987-10-20,2.729483127593994
1987-10-21,2.6983802318573
1987-10-22,2.6977968215942383
1987-10-23,2.684882640838623
1987-10-24,2.6878609657287598
1987-10-25,2.691507577896118
1987-10-26,2.6393136978149414
1987-10-27,2.709383964538574
1987-10-28,3.2563157081604004
1987-10-29,3.9248595237731934
1987-10-30,3.7006161212921143
1987-10-31,3.408641815185547
1987-11-01,3.2800230979919434
1987-11-02,3.212258815765381
1987-11-03,3.1794025897979736
1987-11-04,3.14353609085083
1987-11-05,3.091155529022217
1987-11-06,2.995039701461792
1987-11-07,2.990065813064575
1987-11-08,3.0404181480407715
1987-11-09,2.9975013732910156
1987-11-10,3.2314720153808594
1987-11-11,5.095876216888428
1987-11-12,7.903209686279297
1987-11-13,7.447569847106934
1987-11-14,5.999429702758789
1987-11-15,5.109855651855469
1987-11-16,4.580617904663086
1987-11-17,4.302032947540283
1987-11-18,4.361924171447754
1987-11-19,4.642423629760742
1987-11-20,4.582066535949707
1987-11-21,4.410182952880859
1987-11-22,4.223407745361328
1987-11-23,4.045809745788574
1987-11-24,3.968836784362793
1987-11-25,3.8890724182128906
1987-11-26,3.8606302738189697
1987-11-27,6.427423477172852
1987-11-28,13.220657348632812
1987-11-29,17.051513671875
1987-11-30,17.217151641845703
1987-12-01,15.239545822143555
1987-12-02,10.781023979187012
1987-12-03,8.182320594787598
1987-12-04,6.870647430419922
1987-12-05,6.101508140563965
1987-12-06,5.647917747497559
1987-12-07,5.338883399963379
1987-12-08,5.143820285797119
1987-12-09,5.083568572998047
1987-12-10,5.709155082702637
1987-12-11,9.608885765075684
1987-12-12,14.110995292663574
1987-12-13,11.599555969238281
1987-12-14,8.871731758117676
1987-12-15,8.545022010803223
1987-12-16,11.99522876739502
1987-12-17,13.310320854187012
1987-12-18,10.560064315795898
1987-12-19,8.573107719421387
1987-12-20,7.470266342163086
1987-12-21,6.892618656158447
1987-12-22,6.918191432952881
1987-12-23,7.1042633056640625
1987-12-24,7.010059833526611
1987-12-25,6.795093536376953
1987-12-26,7.050477027893066
1987-12-27,8.044479370117188
1987-12-28,17.53241539001465
1987-12-29,33.70198059082031
1987-12-30,34.73337173461914
1987-12-31,22.690576553344727
1988-01-01,15.443525314331055
1988-01-02,13.972898483276367
1988-01-03,15.52099323272705
1988-01-04,18.24203872680664
1988-01-05,20.338809967041016
1988-01-06,17.72882652282715
1988-01-07,14.122867584228516
1988-01-08,12.47089672088623
1988-01-09,12.632667541503906
1988-01-10,12.214927673339844
1988-01-11,11.192727088928223
1988-01-12,10.360496520996094
1988-01-13,10.483179092407227
1988-01-14,11.43603229522705
1988-01-15,10.943791389465332
1988-01-16,9.957222938537598
1988-01-17,9.639444351196289
1988-01-18,11.443278312683105
1988-01-19,17.907808303833008
1988-01-20,32.32685852050781
1988-01-21,47.58745574951172
1988-01-22,44.25596237182617
1988-01-23,29.858448028564453
1988-01-24,20.991634368896484
1988-01-25,17.272932052612305
1988-01-26,17.861488342285156
1988-01-27,18.0600643157959
1988-01-28,15.22008991241455
1988-01-29,12.967150688171387
1988-01-30,11.799333572387695
1988-01-31,11.29021167755127
1988-02-01,10.929399490356445
1988-02-02,10.663989067077637
1988-02-03,11.02177619934082
1988-02-04,16.439388275146484
1988-02-05,24.68968963623047
1988-02-06,24.05491065979004
1988-02-07,18.881103515625
1988-02-08,15.102396965026855
1988-02-09,12.968116760253906
1988-02-10,11.648927688598633
1988-02-11,11.155885696411133
1988-02-12,11.351593017578125
1988-02-13,11.691003799438477
1988-02-14,11.186492919921875
1988-02-15,10.553535461425781
1988-02-16,11.705711364746094
1988-02-17,13.089350700378418
1988-02-18,12.394036293029785
1988-02-19,11.794910430908203
1988-02-20,12.866973876953125
1988-02-21,13.651188850402832
1988-02-22,12.390352249145508
1988-02-23,11.156678199768066
1988-02-24,10.676214218139648
1988-02-25,10.592823028564453
1988-02-26,10.265419006347656
1988-02-27,9.694206237792969
1988-02-28,9.227799415588379
1988-02-29,8.849214553833008
1988-03-01,8.522839546203613
1988-03-02,8.3617525100708
1988-03-03,8.198766708374023
1988-03-04,8.290040969848633
1988-03-05,8.791308403015137
1988-03-06,9.301856994628906
1988-03-07,8.92455005645752
1988-03-08,8.461793899536133
1988-03-09,8.45117473602295
1988-03-10,10.003515243530273
1988-03-11,12.328544616699219
1988-03-12,12.463651657104492
1988-03-13,11.441625595092773
1988-03-14,11.167049407958984
1988-03-15,10.734277725219727
1988-03-16,9.934882164001465
1988-03-17,9.138121604919434
1988-03-18,8.522822380065918
1988-03-19,9.158087730407715
1988-03-20,11.104514122009277
1988-03-21,11.582698822021484
1988-03-22,10.554512023925781
1988-03-23,9.522363662719727
1988-03-24,8.899015426635742
1988-03-25,8.495550155639648
1988-03-26,8.640665054321289
1988-03-27,10.065282821655273
1988-03-28,11.217905044555664
1988-03-29,10.01777458190918
1988-03-30,9.103964805603027
1988-03-31,8.541861534118652
1988-04-01,8.11059284210205
1988-04-02,7.84274959564209
1988-04-03,7.6825127601623535
1988-04-04,7.964761257171631
1988-04-05,8.896188735961914
1988-04-06,9.38988971710205
1988-04-07,9.84866714477539
1988-04-08,11.887468338012695
1988-04-09,12.290596008300781
1988-04-10,10.593013763427734
1988-04-11,9.123054504394531
1988-04-12,8.582682609558105
1988-04-13,9.915764808654785
1988-04-14,11.502185821533203
1988-04-15,10.618833541870117
1988-04-16,9.446869850158691
1988-04-17,8.537342071533203
1988-04-18,7.897915840148926
1988-04-19,10.913986206054688
1988-04-20,19.386056900024414
1988-04-21,21.157089233398438
1988-04-22,15.707687377929688
1988-04-23,12.164937973022461
1988-04-24,10.3894624710083
1988-04-25,9.278770446777344
1988-04-26,8.319101333618164
1988-04-27,7.647444725036621
1988-04-28,7.29968786239624
1988-04-29,7.087028503417969
1988-04-30,6.722038745880127
1988-05-01,6.358266830444336
1988-05-02,6.0756378173828125
1988-05-03,5.886203765869141
1988-05-04,6.097589492797852
1988-05-05,8.692499160766602
1988-05-06,12.7446870803833
1988-05-07,13.832794189453125
1988-05-08,11.738680839538574
1988-05-09,9.277873992919922
1988-05-10,8.183865547180176
1988-05-11,8.1787109375
1988-05-12,7.994269847869873
1988-05-13,7.082855224609375
1988-05-14,6.3682098388671875
1988-05-15,5.957746982574463
1988-05-16,6.171517848968506
1988-05-17,9.231825828552246
1988-05-18,14.445966720581055
1988-05-19,16.49869728088379
1988-05-20,13.197748184204102
1988-05-21,10.310003280639648
1988-05-22,8.386489868164062
1988-05-23,7.079036235809326
1988-05-24,6.644228935241699
1988-05-25,6.988423824310303
1988-05-26,7.478288173675537
1988-05-27,6.928696155548096
1988-05-28,6.042469024658203
1988-05-29,5.449140548706055
1988-05-30,4.974605083465576
1988-05-31,4.596547603607178
1988-06-01,4.274744510650635
1988-06-02,4.005805492401123
1988-06-03,3.94443416595459
1988-06-04,4.222541809082031
1988-06-05,4.452862739562988
1988-06-06,4.181606769561768
1988-06-07,3.8457884788513184
1988-06-08,3.5370423793792725
1988-06-09,3.3837270736694336
1988-06-10,4.008493423461914
1988-06-11,5.22089958190918
1988-06-12,5.003992557525635
1988-06-13,4.244088172912598
1988-06-14,3.6947011947631836
1988-06-15,3.3334391117095947
1988-06-16,3.139991283416748
1988-06-17,3.290804147720337
1988-06-18,4.018264293670654
1988-06-19,4.761173248291016
1988-06-20,4.82744026184082
1988-06-21,4.683334827423096
1988-06-22,4.2715325355529785
1988-06-23,3.727248430252075
1988-06-24,3.3303756713867188
1988-06-25,3.28536319732666
1988-06-26,3.34794020652771
1988-06-27,3.3653557300567627
1988-06-28,3.306871175765991
1988-06-29,2.9675230979919434
1988-06-30,2.6985347270965576
1988-07-01,2.619710683822632
1988-07-02,2.5802907943725586
1988-07-03,2.3761582374572754
1988-07-04,2.21164608001709
1988-07-05,2.1286544799804688
1988-07-06,2.0677812099456787
1988-07-07,1.9745268821716309
1988-07-08,1.8777040243148804
1988-07-09,1.8724499940872192
1988-07-10,2.009507179260254
1988-07-11,2.1346869468688965
1988-07-12,2.305107831954956
1988-07-13,2.8621745109558105
1988-07-14,3.4100847244262695
1988-07-15,3.0268590450286865
1988-07-16,2.5446038246154785
1988-07-17,2.199936866760254
1988-07-18,2.0172367095947266
1988-07-19,2.122305393218994
1988-07-20,2.5262060165405273
1988-07-21,2.828306198120117
1988-07-22,3.343069314956665
1988-07-23,5.4447736740112305
1988-07-24,8.13405990600586
1988-07-25,7.661293029785156
1988-07-26,5.531419277191162
1988-07-27,4.463857650756836
1988-07-28,4.440715789794922
1988-07-29,4.757720947265625
1988-07-30,4.265704154968262
1988-07-31,3.52302885055542
1988-08-01,3.143468141555786
1988-08-02,2.856752395629883
1988-08-03,2.465237617492676
1988-08-04,2.207001209259033
1988-08-05,2.1146697998046875
1988-08-06,2.085777997970581
1988-08-07,2.0130839347839355
1988-08-08,1.9061068296432495
1988-08-09,1.7735742330551147
1988-08-10,1.6383310556411743
1988-08-11,1.5745447874069214
1988-08-12,1.6035265922546387
1988-08-13,1.6071723699569702
1988-08-14,1.5271992683410645
1988-08-15,1.4591119289398193
1988-08-16,1.4210104942321777
1988-08-17,1.3753492832183838
1988-08-18,1.3020886182785034
1988-08-19,1.2148356437683105
1988-08-20,1.2023108005523682
1988-08-21,1.3973637819290161
1988-08-22,1.7534228563308716
1988-08-23,1.8897900581359863
1988-08-24,1.7628226280212402
1988-08-25,1.6355291604995728
1988-08-26,1.5269770622253418
1988-08-27,1.3936864137649536
1988-08-28,1.3368351459503174
1988-08-29,2.2409708499908447
1988-08-30,4.808894634246826
1988-08-31,5.9489216804504395
1988-09-01,4.782768726348877
1988-09-02,3.418832540512085
1988-09-03,2.574012279510498
1988-09-04,2.295971155166626
1988-09-05,3.411442279815674
1988-09-06,4.952292442321777
1988-09-07,4.573824405670166
1988-09-08,3.504410743713379
1988-09-09,3.18839693069458
1988-09-10,5.368900775909424
1988-09-11,8.615301132202148
1988-09-12,7.5782036781311035
1988-09-13,5.198856353759766
1988-09-14,3.8226983547210693
1988-09-15,3.2104341983795166
1988-09-16,2.8881983757019043
1988-09-17,2.8409676551818848
1988-09-18,3.582204818725586
1988-09-19,4.453681468963623
1988-09-20,4.012543201446533
1988-09-21,3.348498582839966
1988-09-22,2.8298726081848145
1988-09-23,2.4563605785369873
1988-09-24,2.3175606727600098
1988-09-25,2.4721081256866455
1988-09-26,2.7543187141418457
1988-09-27,2.6997299194335938
1988-09-28,2.44610857963562
1988-09-29,2.225248336791992
1988-09-30,2.1005747318267822
1988-10-01,2.0509414672851562
1988-10-02,2.0342068672180176
1988-10-03,2.839606761932373
1988-10-04,9.743000030517578
1988-10-05,18.928783416748047
1988-10-06,16.139738082885742
1988-10-07,9.738523483276367
1988-10-08,6.3742241859436035
1988-10-09,4.850059986114502
1988-10-10,4.082939147949219
1988-10-11,3.6001667976379395
1988-10-12,3.261312246322632
1988-10-13,3.0581541061401367
1988-10-14,2.923137903213501
1988-10-15,2.8175623416900635
1988-10-16,2.7382655143737793
1988-10-17,2.631495714187622
1988-10-18,2.534257411956787
1988-10-19,2.534296751022339
1988-10-20,2.745356798171997
1988-10-21,3.2091152667999268
1988-10-22,4.301755905151367
1988-10-23,5.385578155517578
1988-10-24,4.803269863128662
1988-10-25,4.081565856933594
1988-10-26,3.565094470977783
1988-10-27,3.231285333633423
1988-10-28,3.0363998413085938
1988-10-29,2.9085679054260254
1988-10-30,2.7774577140808105
1988-10-31,2.7256410121917725
1988-11-01,6.708005428314209
1988-11-02,13.331686973571777
1988-11-03,13.622066497802734
1988-11-04,9.579877853393555
1988-11-05,7.232558250427246
1988-11-06,6.865261554718018
1988-11-07,6.731208324432373
1988-11-08,5.880692958831787
1988-11-09,5.206328868865967
1988-11-10,4.693758010864258
1988-11-11,4.4497246742248535
1988-11-12,4.329957008361816
1988-11-13,4.149447441101074
1988-11-14,4.066681861877441
1988-11-15,4.0199689865112305
1988-11-16,3.9099531173706055
1988-11-17,4.232974529266357
1988-11-18,5.709993362426758
1988-11-19,6.688953876495361
1988-11-20,6.032082557678223
1988-11-21,5.696863651275635
1988-11-22,5.4218010902404785
1988-11-23,4.926710605621338
1988-11-24,4.604735851287842
1988-11-25,4.423310279846191
1988-11-26,4.306947708129883
1988-11-27,4.320275783538818
1988-11-28,10.317646980285645
1988-11-29,25.859994888305664
1988-11-30,25.111099243164062
1988-12-01,15.781681060791016
1988-12-02,10.539094924926758
1988-12-03,8.18686294555664
1988-12-04,6.935468673706055
1988-12-05,6.142511367797852
1988-12-06,5.708829402923584
1988-12-07,5.440912246704102
1988-12-08,5.231403350830078
1988-12-09,5.163997650146484
1988-12-10,5.5890631675720215
1988-12-11,5.994331359863281
1988-12-12,5.6233625411987305
1988-12-13,5.280751705169678
1988-12-14,5.063627243041992
1988-12-15,4.884964942932129
1988-12-16,4.739250183105469
1988-12-17,4.641463279724121
1988-12-18,4.549283027648926
1988-12-19,4.4299421310424805
1988-12-20,4.3536810874938965
1988-12-21,4.299433708190918
1988-12-22,4.3543620109558105
1988-12-23,4.458868026733398
1988-12-24,4.480950832366943
1988-12-25,4.541949272155762
1988-12-26,4.580802917480469
1988-12-27,4.49523401260376
1988-12-28,4.389666557312012
1988-12-29,4.3418660163879395
1988-12-30,4.464433193206787
1988-12-31,4.679955005645752
1989-01-01,7.242419719696045
1989-01-02,13.237472534179688
1989-01-03,15.213861465454102
1989-01-04,11.79456901550293
1989-01-05,9.066071510314941
1989-01-06,7.812732219696045
1989-01-07,7.9241180419921875
1989-01-08,8.312195777893066
1989-01-09,8.222410202026367
1989-01-10,8.39801025390625
1989-01-11,8.720573425292969
1989-01-12,8.826284408569336
1989-01-13,10.67818832397461
1989-01-14,13.69717788696289
1989-01-15,13.406121253967285
1989-01-16,12.127230644226074
1989-01-17,11.274528503417969
1989-01-18,9.655591011047363
1989-01-19,8.49292278289795
1989-01-20,7.741916179656982
1989-01-21,7.176524639129639
1989-01-22,6.753795146942139
1989-01-23,6.37786865234375
1989-01-24,6.13882303237915
1989-01-25,5.974270820617676
1989-01-26,5.85585355758667
1989-01-27,5.782200813293457
1989-01-28,5.7427592277526855
1989-01-29,5.63044548034668
1989-01-30,5.535083770751953
1989-01-31,5.545999526977539
1989-02-01,5.506975173950195
1989-02-02,5.349644660949707
1989-02-03,5.18528413772583
1989-02-04,5.033468246459961
1989-02-05,5.157896041870117
1989-02-06,6.119961261749268
1989-02-07,7.900817394256592
1989-02-08,9.68857192993164
1989-02-09,10.001679420471191
1989-02-10,8.684179306030273
1989-02-11,7.504641056060791
1989-02-12,6.7662529945373535
1989-02-13,6.352521896362305
1989-02-14,6.109121322631836
1989-02-15,5.902288913726807
1989-02-16,5.600621223449707
1989-02-17,6.105812072753906
1989-02-18,9.147076606750488
1989-02-19,13.716104507446289
1989-02-20,14.846797943115234
1989-02-21,39.369850158691406
1989-02-22,87.90401458740234
1989-02-23,104.17125701904297
1989-02-24,76.28910064697266
1989-02-25,49.87162399291992
1989-02-26,33.235496520996094
1989-02-27,30.305015563964844
1989-02-28,76.84607696533203
1989-03-01,118.20382690429688
1989-03-02,87.06929016113281
1989-03-03,52.69887924194336
1989-03-04,39.34080505371094
1989-03-05,33.906612396240234
1989-03-06,45.6705207824707
1989-03-07,82.73213958740234
1989-03-08,88.67417907714844
1989-03-09,59.51300048828125
1989-03-10,40.06908416748047
1989-03-11,29.857423782348633
1989-03-12,23.94354820251465
1989-03-13,20.433696746826172
1989-03-14,18.77462387084961
1989-03-15,19.868928909301758
1989-03-16,23.063535690307617
1989-03-17,23.681964874267578
1989-03-18,20.738525390625
1989-03-19,19.55150604248047
1989-03-20,18.95394515991211
1989-03-21,18.511096954345703
1989-03-22,21.745771408081055
1989-03-23,41.07191467285156
1989-03-24,122.33807373046875
1989-03-25,161.6497344970703
1989-03-26,102.53630828857422
1989-03-27,57.43257522583008
1989-03-28,36.83652877807617
1989-03-29,27.409465789794922
1989-03-30,27.422922134399414
1989-03-31,34.03227233886719
1989-04-01,33.163597106933594
1989-04-02,25.602882385253906
1989-04-03,20.67493438720703
1989-04-04,18.235246658325195
1989-04-05,18.93909454345703
1989-04-06,24.842758178710938
1989-04-07,36.53858947753906
1989-04-08,48.14043045043945
1989-04-09,51.63896942138672
1989-04-10,41.828697204589844
1989-04-11,30.29525375366211
1989-04-12,24.021053314208984
1989-04-13,19.993770599365234
1989-04-14,17.516040802001953
1989-04-15,18.07594108581543
1989-04-16,24.265296936035156
1989-04-17,27.60248565673828
1989-04-18,22.611970901489258
1989-04-19,18.56172752380371
1989-04-20,16.231996536254883
1989-04-21,14.680731773376465
1989-04-22,13.320932388305664
1989-04-23,12.391806602478027
1989-04-24,11.68835735321045
1989-04-25,11.088502883911133
1989-04-26,10.685235023498535
1989-04-27,10.94192886352539
1989-04-28,12.518518447875977
1989-04-29,14.1297025680542
1989-04-30,16.111854553222656
1989-05-01,20.610488891601562
1989-05-02,69.68921661376953
1989-05-03,146.96640014648438
1989-05-04,98.24608612060547
1989-05-05,53.842063903808594
1989-05-06,62.98678207397461
1989-05-07,108.1878662109375
1989-05-08,84.81318664550781
1989-05-09,52.70103454589844
1989-05-10,43.85251235961914
1989-05-11,47.182830810546875
1989-05-12,38.88504409790039
1989-05-13,29.580883026123047
1989-05-14,22.91775131225586
1989-05-15,20.604610443115234
1989-05-16,22.197717666625977
1989-05-17,22.258501052856445
1989-05-18,18.569929122924805
1989-05-19,15.903087615966797
1989-05-20,14.301126480102539
1989-05-21,13.397319793701172
1989-05-22,12.481901168823242
1989-05-23,13.858159065246582
1989-05-24,21.02639389038086
1989-05-25,23.452367782592773
1989-05-26,17.09194564819336
1989-05-27,13.211204528808594
1989-05-28,11.167179107666016
1989-05-29,9.94408893585205
1989-05-30,9.100034713745117
1989-05-31,8.550104141235352
1989-06-01,8.022831916809082
1989-06-02,7.678967475891113
1989-06-03,7.961275577545166
1989-06-04,8.6549654006958
1989-06-05,9.267440795898438
1989-06-06,12.297353744506836
1989-06-07,16.76129913330078
1989-06-08,20.353464126586914
1989-06-09,28.765583038330078
1989-06-10,45.625091552734375
1989-06-11,43.471771240234375
1989-06-12,27.301490783691406
1989-06-13,25.237369537353516
1989-06-14,26.138612747192383
1989-06-15,21.4190616607666
1989-06-16,20.639705657958984
1989-06-17,26.473602294921875
1989-06-18,27.47176170349121
1989-06-19,20.03504753112793
1989-06-20,14.961413383483887
1989-06-21,14.890914916992188
1989-06-22,18.716022491455078
1989-06-23,21.776887893676758
1989-06-24,24.51238250732422
1989-06-25,29.406417846679688
1989-06-26,27.411155700683594
1989-06-27,19.156530380249023
1989-06-28,14.495281219482422
1989-06-29,12.295455932617188
1989-06-30,10.868844985961914
1989-07-01,9.559499740600586
1989-07-02,8.397500991821289
1989-07-03,7.6710734367370605
1989-07-04,7.486855506896973
1989-07-05,9.12115478515625
1989-07-06,14.014470100402832
1989-07-07,18.191020965576172
1989-07-08,17.34027099609375
1989-07-09,14.176041603088379
1989-07-10,10.993316650390625
1989-07-11,9.034363746643066
1989-07-12,7.856013298034668
1989-07-13,7.729325294494629
1989-07-14,8.766098976135254
1989-07-15,9.073634147644043
1989-07-16,9.609203338623047
1989-07-17,16.42888641357422
1989-07-18,21.69941520690918
1989-07-19,17.81157875061035
1989-07-20,13.456074714660645
1989-07-21,12.068938255310059
1989-07-22,11.454475402832031
1989-07-23,10.493409156799316
1989-07-24,9.500970840454102
1989-07-25,8.535954475402832
1989-07-26,8.329584121704102
1989-07-27,10.077802658081055
1989-07-28,14.127519607543945
1989-07-29,15.19975757598877
1989-07-30,11.538603782653809
1989-07-31,10.700193405151367
1989-08-01,14.056373596191406
1989-08-02,16.04642105102539
1989-08-03,13.507261276245117
1989-08-04,10.5009183883667
1989-08-05,8.407181739807129
1989-08-06,7.205646991729736
1989-08-07,6.601323127746582
1989-08-08,6.211421012878418
1989-08-09,5.821349143981934
1989-08-10,5.432369709014893
1989-08-11,5.1319427490234375
1989-08-12,4.93302583694458
1989-08-13,4.807508945465088
1989-08-14,4.786258220672607
1989-08-15,5.189839839935303
1989-08-16,5.88642692565918
1989-08-17,6.569272518157959
1989-08-18,11.777975082397461
1989-08-19,22.37142562866211
1989-08-20,22.849193572998047
1989-08-21,15.809528350830078
1989-08-22,10.819268226623535
1989-08-23,8.574148178100586
1989-08-24,7.955813407897949
1989-08-25,8.337462425231934
1989-08-26,9.119396209716797
1989-08-27,10.580575942993164
1989-08-28,11.971238136291504
1989-08-29,10.910676002502441
1989-08-30,9.489151954650879
1989-08-31,9.205740928649902
1989-09-01,8.45936393737793
1989-09-02,6.978723526000977
1989-09-03,6.060643196105957
1989-09-04,5.55626106262207
1989-09-05,5.234246730804443
1989-09-06,5.133383274078369
1989-09-07,5.156867980957031
1989-09-08,5.002030372619629
1989-09-09,4.792144775390625
1989-09-10,4.545947074890137
1989-09-11,4.319944858551025
1989-09-12,4.139020919799805
1989-09-13,4.103214740753174
1989-09-14,4.136847496032715
1989-09-15,4.071556091308594
1989-09-16,4.316518783569336
1989-09-17,5.831457138061523
1989-09-18,7.37532377243042
1989-09-19,6.278151512145996
1989-09-20,5.44657564163208
1989-09-21,5.369633197784424
1989-09-22,6.320573329925537
1989-09-23,8.934776306152344
1989-09-24,11.273427963256836
1989-09-25,9.552825927734375
1989-09-26,16.748462677001953
1989-09-27,34.4669189453125
1989-09-28,30.19563865661621
1989-09-29,18.082021713256836
1989-09-30,12.700095176696777
1989-10-01,30.050556182861328
1989-10-02,129.27943420410156
1989-10-03,225.52072143554688
1989-10-04,153.61648559570312
1989-10-05,68.72842407226562
1989-10-06,35.625709533691406
1989-10-07,23.825483322143555
1989-10-08,18.304431915283203
1989-10-09,15.355094909667969
1989-10-10,13.455256462097168
1989-10-11,12.103753089904785
1989-10-12,11.0551118850708
1989-10-13,10.303680419921875
1989-10-14,9.717020034790039
1989-10-15,9.239580154418945
1989-10-16,8.859992980957031
1989-10-17,8.484262466430664
1989-10-18,8.95673942565918
1989-10-19,14.1248140335083
1989-10-20,25.371509552001953
1989-10-21,27.494823455810547
1989-10-22,19.89910125732422
1989-10-23,14.931135177612305
1989-10-24,12.4127197265625
1989-10-25,10.967147827148438
1989-10-26,10.016949653625488
1989-10-27,9.35084342956543
1989-10-28,8.842628479003906
1989-10-29,8.421236038208008
1989-10-30,8.13835620880127
1989-10-31,7.9779863357543945
1989-11-01,7.7746686935424805
1989-11-02,7.876494884490967
1989-11-03,8.664485931396484
1989-11-04,9.245447158813477
1989-11-05,8.814356803894043
1989-11-06,8.260215759277344
1989-11-07,7.977079391479492
1989-11-08,7.899662017822266
1989-11-09,8.875311851501465
1989-11-10,11.784829139709473
1989-11-11,12.98531436920166
1989-11-12,11.231168746948242
1989-11-13,9.812793731689453
1989-11-14,8.962034225463867
1989-11-15,8.617895126342773
1989-11-16,12.631858825683594
1989-11-17,23.735275268554688
1989-11-18,24.02951431274414
1989-11-19,17.77701187133789
1989-11-20,13.844675064086914
1989-11-21,11.819953918457031
1989-11-22,10.557697296142578
1989-11-23,13.791215896606445
1989-11-24,21.64231300354004
1989-11-25,22.172332763671875
1989-11-26,18.577882766723633
1989-11-27,16.03762435913086
1989-11-28,14.721572875976562
1989-11-29,13.927717208862305
1989-11-30,12.566205024719238
1989-12-01,11.358505249023438
1989-12-02,10.591287612915039
1989-12-03,10.073129653930664
1989-12-04,9.605509757995605
1989-12-05,9.20230484008789
1989-12-06,8.907119750976562
1989-12-07,8.64846134185791
1989-12-08,12.919404983520508
1989-12-09,24.78632354736328
1989-12-10,30.28337860107422
1989-12-11,27.135120391845703
1989-12-12,28.95553207397461
1989-12-13,52.8790283203125
1989-12-14,70.5854721069336
1989-12-15,54.1783447265625
1989-12-16,37.418392181396484
1989-12-17,27.97214126586914
1989-12-18,22.051631927490234
1989-12-19,18.69986915588379
1989-12-20,16.927793502807617
1989-12-21,16.119258880615234
1989-12-22,14.881926536560059
1989-12-23,13.518058776855469
1989-12-24,12.530682563781738
1989-12-25,12.0326566696167
1989-12-26,11.513760566711426
1989-12-27,11.199018478393555
1989-12-28,11.00023365020752
1989-12-29,11.016411781311035
1989-12-30,11.316071510314941
1989-12-31,14.206254005432129
1990-01-01,32.60725402832031
1990-01-02,56.95021057128906
1990-01-03,43.89494323730469
1990-01-04,30.39193344116211
1990-01-05,25.209430694580078
1990-01-06,24.558759689331055
1990-01-07,25.278636932373047
1990-01-08,34.33631134033203
1990-01-09,55.31406021118164
1990-01-10,57.42166519165039
1990-01-11,37.84882736206055
1990-01-12,26.658580780029297
1990-01-13,21.554941177368164
1990-01-14,18.438278198242188
1990-01-15,16.384742736816406
1990-01-16,15.256155014038086
1990-01-17,14.339996337890625
1990-01-18,13.768655776977539
1990-01-19,13.320474624633789
1990-01-20,12.844538688659668
1990-01-21,14.454848289489746
1990-01-22,20.458328247070312
1990-01-23,22.896339416503906
1990-01-24,19.716028213500977
1990-01-25,23.77765464782715
1990-01-26,61.74738311767578
1990-01-27,85.08992767333984
1990-01-28,58.90448760986328
1990-01-29,37.0701904296875
1990-01-30,28.854351043701172
1990-01-31,27.6011962890625
1990-02-01,25.043643951416016
1990-02-02,21.082382202148438
1990-02-03,18.72837257385254
1990-02-04,20.159013748168945
1990-02-05,26.635223388671875
1990-02-06,27.563011169433594
1990-02-07,22.23542022705078
1990-02-08,19.001277923583984
1990-02-09,16.97659683227539
1990-02-10,23.322660446166992
1990-02-11,40.00973129272461
1990-02-12,43.426109313964844
1990-02-13,32.9029541015625
1990-02-14,25.458574295043945
1990-02-15,20.878543853759766
1990-02-16,21.727304458618164
1990-02-17,32.61440658569336
1990-02-18,38.614349365234375
1990-02-19,35.274105072021484
1990-02-20,44.2641716003418
1990-02-21,45.12384796142578
1990-02-22,33.548736572265625
1990-02-23,33.55220031738281
1990-02-24,36.59703063964844
1990-02-25,31.387725830078125
1990-02-26,25.52870750427246
1990-02-27,21.527843475341797
1990-02-28,18.678590774536133
1990-03-01,17.124797821044922
1990-03-02,16.227331161499023
1990-03-03,18.49956512451172
1990-03-04,25.892963409423828
1990-03-05,27.8861083984375
1990-03-06,22.790847778320312
1990-03-07,19.43701171875
1990-03-08,17.45006561279297
1990-03-09,16.05255889892578
1990-03-10,15.120566368103027
1990-03-11,14.311944961547852
1990-03-12,13.711756706237793
1990-03-13,13.202912330627441
1990-03-14,12.797011375427246
1990-03-15,12.46792221069336
1990-03-16,12.610605239868164
1990-03-17,15.66224193572998
1990-03-18,22.984758377075195
1990-03-19,25.808425903320312
1990-03-20,21.896989822387695
1990-03-21,19.99429702758789
1990-03-22,17.538516998291016
1990-03-23,15.57652759552002
1990-03-24,14.324345588684082
1990-03-25,13.567703247070312
1990-03-26,12.942173957824707
1990-03-27,12.48682975769043
1990-03-28,11.996435165405273
1990-03-29,13.483133316040039
1990-03-30,19.849950790405273
1990-03-31,25.912322998046875
1990-04-01,29.040000915527344
1990-04-02,28.770732879638672
1990-04-03,28.195369720458984
1990-04-04,25.92168617248535
1990-04-05,20.994285583496094
1990-04-06,17.609241485595703
1990-04-07,18.263259887695312
1990-04-08,20.289306640625
1990-04-09,18.61632537841797
1990-04-10,16.457530975341797
1990-04-11,15.460535049438477
1990-04-12,15.41950798034668
1990-04-13,14.784871101379395
1990-04-14,13.57390022277832
1990-04-15,15.525656700134277
1990-04-16,23.830123901367188
1990-04-17,28.468975067138672
1990-04-18,22.54813003540039
1990-04-19,17.99808120727539
1990-04-20,15.124612808227539
1990-04-21,13.846647262573242
1990-04-22,13.54607105255127
1990-04-23,13.195676803588867
1990-04-24,12.181928634643555
1990-04-25,11.353350639343262
1990-04-26,10.649194717407227
1990-04-27,10.039365768432617
1990-04-28,9.554221153259277
1990-04-29,9.52790355682373
1990-04-30,10.7863187789917
1990-05-01,14.026704788208008
1990-05-02,16.6533203125
1990-05-03,17.67745590209961
1990-05-04,26.449771881103516
1990-05-05,46.71977996826172
1990-05-06,56.89934158325195
1990-05-07,44.446754455566406
1990-05-08,29.70990753173828
1990-05-09,21.658185958862305
1990-05-10,21.782608032226562
1990-05-11,32.66242218017578
1990-05-12,35.967464447021484
1990-05-13,25.30513572692871
1990-05-14,19.701539993286133
1990-05-15,16.79522705078125
1990-05-16,14.229089736938477
1990-05-17,12.552777290344238
1990-05-18,11.520431518554688
1990-05-19,10.814142227172852
1990-05-20,9.943645477294922
1990-05-21,9.40675163269043
1990-05-22,10.90980052947998
1990-05-23,18.91005516052246
1990-05-24,26.32361602783203
1990-05-25,19.52996826171875
1990-05-26,14.616917610168457
1990-05-27,12.951417922973633
1990-05-28,17.216922760009766
1990-05-29,54.378326416015625
1990-05-30,103.43093872070312
1990-05-31,78.4865493774414
1990-06-01,41.88263702392578
1990-06-02,25.485185623168945
1990-06-03,18.755340576171875
1990-06-04,15.602002143859863
1990-06-05,13.691803932189941
1990-06-06,12.210222244262695
1990-06-07,11.091463088989258
1990-06-08,10.406013488769531
1990-06-09,10.34133529663086
1990-06-10,10.56764030456543
1990-06-11,10.277225494384766
1990-06-12,9.474832534790039
1990-06-13,8.525487899780273
1990-06-14,7.843236923217773
1990-06-15,7.418941497802734
1990-06-16,7.072330474853516
1990-06-17,6.881734371185303
1990-06-18,6.644525527954102
1990-06-19,6.654501914978027
1990-06-20,6.635978698730469
1990-06-21,6.1965532302856445
1990-06-22,5.940710067749023
1990-06-23,5.944160461425781
1990-06-24,6.105156898498535
1990-06-25,5.996781826019287
1990-06-26,5.614428520202637
1990-06-27,5.326195240020752
1990-06-28,5.18210506439209
1990-06-29,4.979765892028809
1990-06-30,4.785560131072998
1990-07-01,4.745133399963379
1990-07-02,4.807812690734863
1990-07-03,4.66053581237793
1990-07-04,4.332568645477295
1990-07-05,4.082335472106934
1990-07-06,3.8578975200653076
1990-07-07,3.667835235595703
1990-07-08,3.567544937133789
1990-07-09,3.5195844173431396
1990-07-10,3.620048999786377
1990-07-11,3.8765158653259277
1990-07-12,4.348099708557129
1990-07-13,5.060943603515625
1990-07-14,6.4805707931518555
1990-07-15,9.270661354064941
1990-07-16,10.808517456054688
1990-07-17,8.862781524658203
1990-07-18,6.869228363037109
1990-07-19,6.067949295043945
1990-07-20,5.815706253051758
1990-07-21,5.42935037612915
1990-07-22,4.948227882385254
1990-07-23,4.570827007293701
1990-07-24,4.191099643707275
1990-07-25,3.8382720947265625
1990-07-26,3.5721845626831055
1990-07-27,3.3644227981567383
1990-07-28,3.184936046600342
1990-07-29,3.0549652576446533
1990-07-30,2.9896273612976074
1990-07-31,2.9731504917144775
1990-08-01,2.934370279312134
1990-08-02,2.788100242614746
1990-08-03,2.6809959411621094
1990-08-04,2.6546695232391357
1990-08-05,2.6433987617492676
1990-08-06,2.7301249504089355
1990-08-07,3.324296474456787
1990-08-08,4.053382396697998
1990-08-09,3.818253755569458
1990-08-10,3.7591612339019775
1990-08-11,3.99102520942688
1990-08-12,3.761880874633789
1990-08-13,3.358487606048584
1990-08-14,3.108889579772949
1990-08-15,3.0718369483947754
1990-08-16,3.4316294193267822
1990-08-17,4.587621212005615
1990-08-18,5.487600326538086
1990-08-19,4.641135215759277
1990-08-20,3.872028350830078
1990-08-21,3.583103656768799
1990-08-22,3.8815126419067383
1990-08-23,6.218781471252441
1990-08-24,10.029041290283203
1990-08-25,9.85324478149414
1990-08-26,7.507168292999268
1990-08-27,5.978192329406738
1990-08-28,4.9334282875061035
1990-08-29,4.129464149475098
1990-08-30,3.6394472122192383
1990-08-31,3.3733668327331543
1990-09-01,3.1331913471221924
1990-09-02,2.914883852005005
1990-09-03,2.769388198852539
1990-09-04,2.6432266235351562
1990-09-05,2.557222366333008
1990-09-06,2.4778079986572266
1990-09-07,2.4041271209716797
1990-09-08,2.339454174041748
1990-09-09,2.370063066482544
1990-09-10,2.6437041759490967
1990-09-11,3.033937931060791
1990-09-12,3.195356845855713
1990-09-13,3.4548168182373047
1990-09-14,4.0899977684021
1990-09-15,4.748901844024658
1990-09-16,4.461001873016357
1990-09-17,3.7042582035064697
1990-09-18,3.2021961212158203
1990-09-19,2.90323543548584
1990-09-20,2.7797327041625977
1990-09-21,2.7080748081207275
1990-09-22,2.717266798019409
1990-09-23,2.70605206489563
1990-09-24,2.6638312339782715
1990-09-25,2.5834412574768066
1990-09-26,2.5082409381866455
1990-09-27,2.4296226501464844
1990-09-28,2.3292813301086426
1990-09-29,2.2594399452209473
1990-09-30,2.231907606124878
1990-10-01,2.247760772705078
1990-10-02,2.265713930130005
1990-10-03,2.2364163398742676
1990-10-04,2.2464089393615723
1990-10-05,2.392322063446045
1990-10-06,2.522641181945801
1990-10-07,2.4626331329345703
1990-10-08,2.412874460220337
1990-10-09,2.358814001083374
1990-10-10,2.3568332195281982
1990-10-11,9.847579002380371
1990-10-12,43.785987854003906
1990-10-13,79.59419250488281
1990-10-14,62.509864807128906
1990-10-15,39.28154754638672
1990-10-16,20.772708892822266
1990-10-17,12.569523811340332
1990-10-18,9.972686767578125
1990-10-19,11.731212615966797
1990-10-20,14.043684959411621
1990-10-21,11.11932373046875
1990-10-22,9.171615600585938
1990-10-23,45.719722747802734
1990-10-24,132.7080078125
1990-10-25,113.83409881591797
1990-10-26,62.91716003417969
1990-10-27,43.55509948730469
1990-10-28,28.893516540527344
1990-10-29,19.989580154418945
1990-10-30,15.414188385009766
1990-10-31,12.827871322631836
1990-11-01,11.421670913696289
1990-11-02,10.413764953613281
1990-11-03,9.648634910583496
1990-11-04,9.037940979003906
1990-11-05,8.580924987792969
1990-11-06,8.19914436340332
1990-11-07,7.896116733551025
1990-11-08,7.616094589233398
1990-11-09,7.49472188949585
1990-11-10,14.99544620513916
1990-11-11,36.72652053833008
1990-11-12,40.31194305419922
1990-11-13,26.084829330444336
1990-11-14,17.622068405151367
1990-11-15,13.760016441345215
1990-11-16,11.880607604980469
1990-11-17,10.723194122314453
1990-11-18,9.966927528381348
1990-11-19,9.415775299072266
1990-11-20,8.961858749389648
1990-11-21,8.611055374145508
1990-11-22,8.351654052734375
1990-11-23,8.117938995361328
1990-11-24,7.883379936218262
1990-11-25,7.677996635437012
1990-11-26,7.5262556076049805
1990-11-27,7.414093494415283
1990-11-28,7.293816089630127
1990-11-29,7.875791549682617
1990-11-30,9.333900451660156
1990-12-01,9.451074600219727
1990-12-02,8.88168716430664
1990-12-03,11.089276313781738
1990-12-04,29.878612518310547
1990-12-05,53.59160614013672
1990-12-06,37.77804946899414
1990-12-07,23.421344757080078
1990-12-08,17.9649715423584
1990-12-09,16.900630950927734
1990-12-10,15.443685531616211
1990-12-11,13.364513397216797
1990-12-12,11.916352272033691
1990-12-13,11.00625228881836
1990-12-14,10.325956344604492
1990-12-15,9.853160858154297
1990-12-16,9.641182899475098
1990-12-17,9.477348327636719
1990-12-18,9.274881362915039
1990-12-19,9.541657447814941
1990-12-20,10.877750396728516
1990-12-21,12.332578659057617
1990-12-22,13.902777671813965
1990-12-23,15.275191307067871
1990-12-24,17.64562225341797
1990-12-25,21.356281280517578
1990-12-26,18.329227447509766
1990-12-27,14.813304901123047
1990-12-28,13.554195404052734
1990-12-29,15.052203178405762
1990-12-30,17.337894439697266
1990-12-31,21.101877212524414
1991-01-01,23.332923889160156
1991-01-02,20.48688507080078
1991-01-03,16.65512466430664
1991-01-04,15.754647254943848
1991-01-05,15.627583503723145
1991-01-06,14.231860160827637
1991-01-07,17.208782196044922
1991-01-08,34.83971405029297
1991-01-09,50.42034912109375
1991-01-10,46.201271057128906
1991-01-11,68.40519714355469
1991-01-12,121.12604522705078
1991-01-13,123.036865234375
1991-01-14,72.88070678710938
1991-01-15,42.15513229370117
1991-01-16,33.99320983886719
1991-01-17,40.69807434082031
1991-01-18,41.86366271972656
1991-01-19,31.099838256835938
1991-01-20,30.9252872467041
1991-01-21,37.9929084777832
1991-01-22,36.58921432495117
1991-01-23,28.406320571899414
1991-01-24,22.589183807373047
1991-01-25,19.787479400634766
1991-01-26,18.000015258789062
1991-01-27,16.402225494384766
1991-01-28,15.358314514160156
1991-01-29,14.737862586975098
1991-01-30,15.114635467529297
1991-01-31,19.258926391601562
1991-02-01,22.993236541748047
1991-02-02,19.3447208404541
1991-02-03,16.61519432067871
1991-02-04,15.022087097167969
1991-02-05,14.077762603759766
1991-02-06,13.721879959106445
1991-02-07,14.897699356079102
1991-02-08,16.80478286743164
1991-02-09,16.769363403320312
1991-02-10,15.25239086151123
1991-02-11,14.067630767822266
1991-02-12,13.202197074890137
1991-02-13,12.631208419799805
1991-02-14,13.152786254882812
1991-02-15,14.654067039489746
1991-02-16,14.897687911987305
1991-02-17,13.85574722290039
1991-02-18,13.914789199829102
1991-02-19,16.941041946411133
1991-02-20,19.927814483642578
1991-02-21,19.295576095581055
1991-02-22,17.491308212280273
1991-02-23,15.76352310180664
1991-02-24,14.777162551879883
1991-02-25,13.865517616271973
1991-02-26,13.722485542297363
1991-02-27,15.330717086791992
1991-02-28,15.925775527954102
1991-03-01,14.458667755126953
1991-03-02,15.971220970153809
1991-03-03,33.588741302490234
1991-03-04,89.42494201660156
1991-03-05,113.40834045410156
1991-03-06,71.96443176269531
1991-03-07,44.35859680175781
1991-03-08,32.07096862792969
1991-03-09,26.097225189208984
1991-03-10,22.958736419677734
1991-03-11,20.30777359008789
1991-03-12,18.01971435546875
1991-03-13,17.431522369384766
1991-03-14,20.89694595336914
1991-03-15,24.65814971923828
1991-03-16,22.878942489624023
1991-03-17,19.35979652404785
1991-03-18,20.946504592895508
1991-03-19,28.03704833984375
1991-03-20,28.911399841308594
1991-03-21,23.06473159790039
1991-03-22,19.40793228149414
1991-03-23,18.84607696533203
1991-03-24,21.20461654663086
1991-03-25,21.576059341430664
1991-03-26,18.351181030273438
1991-03-27,16.36008071899414
1991-03-28,15.474883079528809
1991-03-29,43.0636100769043
1991-03-30,186.9133758544922
1991-03-31,289.3447265625
1991-04-01,147.64256286621094
1991-04-02,71.9705810546875
1991-04-03,43.89076614379883
1991-04-04,32.109981536865234
1991-04-05,26.435880661010742
1991-04-06,23.846406936645508
1991-04-07,22.082738876342773
1991-04-08,19.930526733398438
1991-04-09,18.41995620727539
1991-04-10,17.50563621520996
1991-04-11,16.915441513061523
1991-04-12,15.889787673950195
1991-04-13,15.15938949584961
1991-04-14,15.538660049438477
1991-04-15,17.731304168701172
1991-04-16,25.261211395263672
1991-04-17,32.20208740234375
1991-04-18,25.435688018798828
1991-04-19,20.070465087890625
1991-04-20,20.951234817504883
1991-04-21,31.698301315307617
1991-04-22,41.10298538208008
1991-04-23,37.88848114013672
1991-04-24,28.138214111328125
1991-04-25,22.1645450592041
1991-04-26,18.68439483642578
1991-04-27,16.783050537109375
1991-04-28,15.726144790649414
1991-04-29,16.112106323242188
1991-04-30,23.19534683227539
1991-05-01,33.38345718383789
1991-05-02,31.999507904052734
1991-05-03,23.949848175048828
1991-05-04,18.54062271118164
1991-05-05,15.911758422851562
1991-05-06,16.086225509643555
1991-05-07,18.830039978027344
1991-05-08,18.829885482788086
1991-05-09,15.808402061462402
1991-05-10,13.922159194946289
1991-05-11,13.01012134552002
1991-05-12,12.454046249389648
1991-05-13,11.819602966308594
1991-05-14,11.227133750915527
1991-05-15,10.931913375854492
1991-05-16,10.639864921569824
1991-05-17,10.079082489013672
1991-05-18,9.790172576904297
1991-05-19,10.466971397399902
1991-05-20,17.292160034179688
1991-05-21,33.97393798828125
1991-05-22,39.316951751708984
1991-05-23,28.11578369140625
1991-05-24,19.761171340942383
1991-05-25,15.469362258911133
1991-05-26,12.972829818725586
1991-05-27,11.489036560058594
1991-05-28,11.07144546508789
1991-05-29,11.668573379516602
1991-05-30,11.645574569702148
1991-05-31,10.376754760742188
1991-06-01,9.562562942504883
1991-06-02,9.832296371459961
1991-06-03,11.040857315063477
1991-06-04,11.639974594116211
1991-06-05,10.250994682312012
1991-06-06,8.888833045959473
1991-06-07,8.024847030639648
1991-06-08,7.5131402015686035
1991-06-09,7.139812469482422
1991-06-10,6.850475311279297
1991-06-11,6.547211170196533
1991-06-12,6.243111610412598
1991-06-13,6.068544387817383
1991-06-14,5.943301200866699
1991-06-15,5.738043785095215
1991-06-16,5.710156440734863
1991-06-17,5.958513259887695
1991-06-18,6.536031723022461
1991-06-19,8.597190856933594
1991-06-20,12.22185230255127
1991-06-21,13.509578704833984
1991-06-22,11.892387390136719
1991-06-23,10.61740779876709
1991-06-24,9.208745956420898
1991-06-25,7.813753604888916
1991-06-26,6.764623165130615
1991-06-27,6.065470218658447
1991-06-28,5.658817291259766
1991-06-29,5.3068366050720215
1991-06-30,5.0150909423828125
1991-07-01,4.899057865142822
1991-07-02,4.897727012634277
1991-07-03,6.228422164916992
1991-07-04,9.203495025634766
1991-07-05,11.501184463500977
1991-07-06,11.287019729614258
1991-07-07,10.007534980773926
1991-07-08,7.796919345855713
1991-07-09,6.474693775177002
1991-07-10,5.879234790802002
1991-07-11,6.018224716186523
1991-07-12,6.627426624298096
1991-07-13,7.389304161071777
1991-07-14,7.331627368927002
1991-07-15,6.320389747619629
1991-07-16,5.350741386413574
1991-07-17,4.835675239562988
1991-07-18,4.81787109375
1991-07-19,5.059519290924072
1991-07-20,5.27808952331543
1991-07-21,5.481625556945801
1991-07-22,5.314135551452637
1991-07-23,4.748236656188965
1991-07-24,4.2175703048706055
1991-07-25,4.046805381774902
1991-07-26,4.891974449157715
1991-07-27,7.05372428894043
1991-07-28,9.114140510559082
1991-07-29,9.305913925170898
1991-07-30,8.323278427124023
1991-07-31,8.75892162322998
1991-08-01,9.396452903747559
1991-08-02,8.546652793884277
1991-08-03,7.709890842437744
1991-08-04,7.002359390258789
1991-08-05,6.238153457641602
1991-08-06,5.514045238494873
1991-08-07,5.094875335693359
1991-08-08,5.60332727432251
1991-08-09,7.370035171508789
1991-08-10,8.976938247680664
1991-08-11,8.484330177307129
1991-08-12,6.8810133934021
1991-08-13,6.20722770690918
1991-08-14,6.860979080200195
1991-08-15,10.356234550476074
1991-08-16,11.897441864013672
1991-08-17,9.243936538696289
1991-08-18,6.852476119995117
1991-08-19,5.566013813018799
1991-08-20,4.847951412200928
1991-08-21,4.470049858093262
1991-08-22,4.228818893432617
1991-08-23,4.024209976196289
1991-08-24,3.840209484100342
1991-08-25,3.712705135345459
1991-08-26,3.7768688201904297
1991-08-27,4.025973796844482
1991-08-28,4.597362518310547
1991-08-29,5.423171043395996
1991-08-30,5.458341598510742
1991-08-31,4.7997283935546875
1991-09-01,4.183353424072266
1991-09-02,3.829474687576294
1991-09-03,3.600419521331787
1991-09-04,3.4157044887542725
1991-09-05,3.274332046508789
1991-09-06,3.202420711517334
1991-09-07,3.302154541015625
1991-09-08,3.605890989303589
1991-09-09,3.7870826721191406
1991-09-10,3.486837387084961
1991-09-11,3.2284183502197266
1991-09-12,3.078883647918701
1991-09-13,2.930572032928467
1991-09-14,2.8632311820983887
1991-09-15,2.9149112701416016
1991-09-16,2.9433584213256836
1991-09-17,2.837571144104004
1991-09-18,2.7329037189483643
1991-09-19,2.832857608795166
1991-09-20,4.1733012199401855
1991-09-21,6.49057149887085
1991-09-22,6.283532619476318
1991-09-23,4.875336647033691
1991-09-24,4.242842674255371
1991-09-25,7.109013080596924
1991-09-26,11.14229965209961
1991-09-27,10.300121307373047
1991-09-28,6.985832214355469
1991-09-29,5.222330093383789
1991-09-30,4.390048027038574
1991-10-01,3.8748619556427
1991-10-02,3.5799400806427
1991-10-03,3.684490919113159
1991-10-04,4.042278289794922
1991-10-05,4.1116943359375
1991-10-06,4.725903034210205
1991-10-07,6.059634685516357
1991-10-08,5.869006156921387
1991-10-09,4.913675308227539
1991-10-10,4.2986931800842285
1991-10-11,3.9407784938812256
1991-10-12,3.6759822368621826
1991-10-13,3.4782395362854004
1991-10-14,3.3571479320526123
1991-10-15,3.3506691455841064
1991-10-16,3.6235909461975098
1991-10-17,4.138871669769287
1991-10-18,4.365854263305664
1991-10-19,4.254453659057617
1991-10-20,3.9040989875793457
1991-10-21,3.634369373321533
1991-10-22,3.4941201210021973
1991-10-23,3.4136388301849365
1991-10-24,3.3738820552825928
1991-10-25,3.342217445373535
1991-10-26,3.297260284423828
1991-10-27,3.2644968032836914
1991-10-28,3.2091469764709473
1991-10-29,3.124351978302002
1991-10-30,3.0472731590270996
1991-10-31,3.0318174362182617
1991-11-01,3.034475803375244
1991-11-02,3.096924066543579
1991-11-03,3.1103646755218506
1991-11-04,3.160161018371582
1991-11-05,3.1518969535827637
1991-11-06,3.208617687225342
1991-11-07,3.2515010833740234
1991-11-08,3.251378059387207
1991-11-09,3.347015142440796
1991-11-10,4.32177734375
1991-11-11,7.32020378112793
1991-11-12,9.43535327911377
1991-11-13,7.613971710205078
1991-11-14,6.100719451904297
1991-11-15,5.394737243652344
1991-11-16,4.9660115242004395
1991-11-17,4.649226665496826
1991-11-18,4.36121940612793
1991-11-19,4.2695183753967285
1991-11-20,4.206770896911621
1991-11-21,4.122684955596924
1991-11-22,4.107783317565918
1991-11-23,4.362049579620361
1991-11-24,4.566028594970703
1991-11-25,4.294439792633057
1991-11-26,4.103542804718018
1991-11-27,4.010993003845215
1991-11-28,3.9711859226226807
1991-11-29,3.993196964263916
1991-11-30,4.004067420959473
1991-12-01,4.118806838989258
1991-12-02,5.098257064819336
1991-12-03,6.858223915100098
1991-12-04,8.864068984985352
1991-12-05,9.848995208740234
1991-12-06,7.833887100219727
1991-12-07,6.45168924331665
1991-12-08,5.774527549743652
1991-12-09,5.386181354522705
1991-12-10,5.301198482513428
1991-12-11,5.854013442993164
1991-12-12,6.167184352874756
1991-12-13,5.7258806228637695
1991-12-14,5.339377403259277
1991-12-15,5.241901397705078
1991-12-16,5.225605010986328
1991-12-17,4.964083671569824
1991-12-18,4.787773132324219
1991-12-19,4.584000110626221
1991-12-20,4.530722618103027
1991-12-21,4.459258556365967
1991-12-22,4.404535293579102
1991-12-23,4.455790042877197
1991-12-24,4.743922233581543
1991-12-25,5.070258140563965
1991-12-26,4.9701619148254395
1991-12-27,4.836244106292725
1991-12-28,5.310699462890625
1991-12-29,11.851755142211914
1991-12-30,21.522193908691406
1991-12-31,20.014060974121094
1992-01-01,13.413058280944824
1992-01-02,9.792661666870117
1992-01-03,12.372435569763184
1992-01-04,67.65919494628906
1992-01-05,118.76841735839844
1992-01-06,90.72550964355469
1992-01-07,45.84684753417969
1992-01-08,25.784011840820312
1992-01-09,17.799718856811523
1992-01-10,14.37727165222168
1992-01-11,12.426268577575684
1992-01-12,11.002278327941895
1992-01-13,10.123428344726562
1992-01-14,10.120878219604492
1992-01-15,10.618880271911621
1992-01-16,10.360464096069336
1992-01-17,9.494902610778809
1992-01-18,8.681203842163086
1992-01-19,8.172672271728516
1992-01-20,7.826578617095947
1992-01-21,7.571967124938965
1992-01-22,7.403893947601318
1992-01-23,9.04496955871582
1992-01-24,16.801706314086914
1992-01-25,22.50257110595703
1992-01-26,17.683855056762695
1992-01-27,13.650856018066406
1992-01-28,11.588384628295898
1992-01-29,10.59292984008789
1992-01-30,9.967020988464355
1992-01-31,9.356019973754883
1992-02-01,8.807554244995117
1992-02-02,8.28972339630127
1992-02-03,7.950222492218018
1992-02-04,7.724112033843994
1992-02-05,7.55787467956543
1992-02-06,7.332937240600586
1992-02-07,7.14608907699585
1992-02-08,7.021481513977051
1992-02-09,6.919561862945557
1992-02-10,6.786225318908691
1992-02-11,6.662266731262207
1992-02-12,6.563750267028809
1992-02-13,6.541951656341553
1992-02-14,6.582520008087158
1992-02-15,8.003952980041504
1992-02-16,15.037240982055664
1992-02-17,20.886892318725586
1992-02-18,18.266830444335938
1992-02-19,16.621644973754883
1992-02-20,15.658464431762695
1992-02-21,13.580195426940918
1992-02-22,11.383068084716797
1992-02-23,10.84931468963623
1992-02-24,13.837246894836426
1992-02-25,19.213844299316406
1992-02-26,45.560447692871094
1992-02-27,73.89508056640625
1992-02-28,59.864383697509766
1992-02-29,35.15414810180664
1992-03-01,22.850858688354492
1992-03-02,17.318981170654297
1992-03-03,14.777645111083984
1992-03-04,13.08721923828125
1992-03-05,11.946898460388184
1992-03-06,12.35737133026123
1992-03-07,25.715255737304688
1992-03-08,39.28168487548828
1992-03-09,33.86348342895508
1992-03-10,26.12566375732422
1992-03-11,30.195470809936523
1992-03-12,33.075592041015625
1992-03-13,25.60394859313965
1992-03-14,19.797128677368164
1992-03-15,16.187402725219727
1992-03-16,14.242286682128906
1992-03-17,12.873441696166992
1992-03-18,11.864941596984863
1992-03-19,11.876768112182617
1992-03-20,12.555811882019043
1992-03-21,12.568512916564941
1992-03-22,11.590690612792969
1992-03-23,11.350809097290039
1992-03-24,11.475889205932617
1992-03-25,10.9798583984375
1992-03-26,11.869170188903809
1992-03-27,17.132570266723633
1992-03-28,20.667404174804688
1992-03-29,17.285743713378906
1992-03-30,14.349225997924805
1992-03-31,12.744377136230469
1992-04-01,11.697014808654785
1992-04-02,10.777806282043457
1992-04-03,10.256757736206055
1992-04-04,9.795778274536133
1992-04-05,9.773200988769531
1992-04-06,9.7985258102417
1992-04-07,9.36468505859375
1992-04-08,9.060586929321289
1992-04-09,8.754903793334961
1992-04-10,8.462357521057129
1992-04-11,8.20077133178711
1992-04-12,8.078763961791992
1992-04-13,8.252141952514648
1992-04-14,8.38001537322998
1992-04-15,7.888926029205322
1992-04-16,7.561324119567871
1992-04-17,7.489025115966797
1992-04-18,7.5053391456604
1992-04-19,7.355161190032959
1992-04-20,7.074720859527588
1992-04-21,16.04124641418457
1992-04-22,70.30287170410156
1992-04-23,102.23739624023438
1992-04-24,55.00494384765625
1992-04-25,29.61004638671875
1992-04-26,20.069080352783203
1992-04-27,15.797807693481445
1992-04-28,13.63037395477295
1992-04-29,12.630538940429688
1992-04-30,11.716606140136719
1992-05-01,10.81041145324707
1992-05-02,10.172527313232422
1992-05-03,9.530363082885742
1992-05-04,8.738988876342773
1992-05-05,8.182459831237793
1992-05-06,8.267752647399902
1992-05-07,9.197101593017578
1992-05-08,13.506902694702148
1992-05-09,21.091909408569336
1992-05-10,21.347305297851562
1992-05-11,16.473140716552734
1992-05-12,12.635683059692383
1992-05-13,10.436053276062012
1992-05-14,9.358785629272461
1992-05-15,9.087554931640625
1992-05-16,9.268244743347168
1992-05-17,9.235635757446289
1992-05-18,9.09689998626709
1992-05-19,9.603214263916016
1992-05-20,9.354262351989746
1992-05-21,8.426798820495605
1992-05-22,7.561142921447754
1992-05-23,6.961514949798584
1992-05-24,6.5229949951171875
1992-05-25,6.084882736206055
1992-05-26,5.833833694458008
1992-05-27,5.992980003356934
1992-05-28,6.295915603637695
1992-05-29,7.011479377746582
1992-05-30,9.555103302001953
1992-05-31,13.420978546142578
1992-06-01,14.15659236907959
1992-06-02,11.094987869262695
1992-06-03,8.699594497680664
1992-06-04,8.802362442016602
1992-06-05,14.46347427368164
1992-06-06,20.428571701049805
1992-06-07,15.684422492980957
1992-06-08,11.293550491333008
1992-06-09,12.142782211303711
1992-06-10,21.998313903808594
1992-06-11,27.912445068359375
1992-06-12,20.559492111206055
1992-06-13,15.087512969970703
1992-06-14,12.291399002075195
1992-06-15,12.715089797973633
1992-06-16,19.943904876708984
1992-06-17,26.63236427307129
1992-06-18,23.46699333190918
1992-06-19,16.309926986694336
1992-06-20,12.367902755737305
1992-06-21,10.340259552001953
1992-06-22,9.626038551330566
1992-06-23,9.232900619506836
1992-06-24,8.306764602661133
1992-06-25,8.28236198425293
1992-06-26,8.843618392944336
1992-06-27,9.404848098754883
1992-06-28,9.192442893981934
1992-06-29,7.906826019287109
1992-06-30,6.801318168640137
1992-07-01,6.151889801025391
1992-07-02,6.041034698486328
1992-07-03,6.575223445892334
1992-07-04,7.831523895263672
1992-07-05,8.825282096862793
1992-07-06,7.853461742401123
1992-07-07,7.301624774932861
1992-07-08,6.932394981384277
1992-07-09,5.961707592010498
1992-07-10,5.255582809448242
1992-07-11,4.760742664337158
1992-07-12,4.390177249908447
1992-07-13,4.05553674697876
1992-07-14,3.756849527359009
1992-07-15,3.5274910926818848
1992-07-16,3.3801722526550293
1992-07-17,3.2994585037231445
1992-07-18,3.2558298110961914
1992-07-19,3.254474401473999
1992-07-20,3.228771686553955
1992-07-21,3.1024651527404785
1992-07-22,3.134751558303833
1992-07-23,5.137285232543945
1992-07-24,10.878758430480957
1992-07-25,13.493635177612305
1992-07-26,10.02530574798584
1992-07-27,7.083397388458252
1992-07-28,6.098173141479492
1992-07-29,5.838763236999512
1992-07-30,5.131717205047607
1992-07-31,4.46727991104126
1992-08-01,4.27402400970459
1992-08-02,4.100484848022461
1992-08-03,3.7283079624176025
1992-08-04,3.499255657196045
1992-08-05,3.3052589893341064
1992-08-06,3.211719512939453
1992-08-07,3.3436813354492188
1992-08-08,3.415191173553467
1992-08-09,3.2553040981292725
1992-08-10,3.089557647705078
1992-08-11,2.9285154342651367
1992-08-12,2.8473587036132812
1992-08-13,3.190293312072754
1992-08-14,7.555956840515137
1992-08-15,19.99073600769043
1992-08-16,23.781478881835938
1992-08-17,17.56748390197754
1992-08-18,12.628698348999023
1992-08-19,11.113312721252441
1992-08-20,8.949905395507812
1992-08-21,7.235061168670654
1992-08-22,6.225883483886719
1992-08-23,5.486257553100586
1992-08-24,4.902673721313477
1992-08-25,4.470559120178223
1992-08-26,4.255618095397949
1992-08-27,4.387391090393066
1992-08-28,4.74277400970459
1992-08-29,4.930850982666016
1992-08-30,4.736501693725586
1992-08-31,4.226097106933594
1992-09-01,3.8119449615478516
1992-09-02,3.515815496444702
1992-09-03,3.3855085372924805
1992-09-04,3.6190905570983887
1992-09-05,4.257205486297607
1992-09-06,5.068587779998779
1992-09-07,5.541811466217041
1992-09-08,5.2169413566589355
1992-09-09,4.6408233642578125
1992-09-10,4.172163486480713
1992-09-11,3.9157204627990723
1992-09-12,4.057553768157959
1992-09-13,4.149341583251953
1992-09-14,3.7703423500061035
1992-09-15,3.4302783012390137
1992-09-16,3.2198305130004883
1992-09-17,3.0655500888824463
1992-09-18,2.93153977394104
1992-09-19,2.880260705947876
1992-09-20,3.0721373558044434
1992-09-21,3.495685577392578
1992-09-22,3.6577651500701904
1992-09-23,3.5289034843444824
1992-09-24,3.6253881454467773
1992-09-25,3.723942756652832
1992-09-26,3.7457265853881836
1992-09-27,3.928250789642334
1992-09-28,4.206035614013672
1992-09-29,4.68755578994751
1992-09-30,4.829174041748047
1992-10-01,4.226305961608887
1992-10-02,3.713315010070801
1992-10-03,3.429527759552002
1992-10-04,4.008596420288086
1992-10-05,10.670145988464355
1992-10-06,17.275432586669922
1992-10-07,14.33035945892334
1992-10-08,9.610664367675781
1992-10-09,7.621408462524414
1992-10-10,7.87579345703125
1992-10-11,8.081808090209961
1992-10-12,6.780094623565674
1992-10-13,5.671751022338867
1992-10-14,5.018272876739502
1992-10-15,4.608606338500977
1992-10-16,4.241250514984131
1992-10-17,3.98280668258667
1992-10-18,3.8369638919830322
1992-10-19,3.7504043579101562
1992-10-20,3.6771881580352783
1992-10-21,3.6197152137756348
1992-10-22,3.5576276779174805
1992-10-23,3.426452875137329
1992-10-24,3.385344982147217
1992-10-25,3.3461222648620605
1992-10-26,3.2606959342956543
1992-10-27,3.235879898071289
1992-10-28,3.204627752304077
1992-10-29,3.3232970237731934
1992-10-30,3.437296152114868
1992-10-31,4.593925476074219
1992-11-01,8.229795455932617
1992-11-02,11.487645149230957
1992-11-03,17.4912052154541
1992-11-04,34.201168060302734
1992-11-05,43.72019577026367
1992-11-06,43.16836929321289
1992-11-07,30.730131149291992
1992-11-08,18.99842071533203
1992-11-09,13.253247261047363
1992-11-10,10.460103988647461
1992-11-11,8.990238189697266
1992-11-12,9.220172882080078
1992-11-13,15.556591033935547
1992-11-14,24.092018127441406
1992-11-15,19.923606872558594
1992-11-16,14.442846298217773
1992-11-17,11.397481918334961
1992-11-18,9.736112594604492
1992-11-19,8.793153762817383
1992-11-20,8.074617385864258
1992-11-21,7.929440021514893
1992-11-22,9.839200019836426
1992-11-23,21.50955581665039
1992-11-24,38.817256927490234
1992-11-25,38.50141143798828
1992-11-26,34.41910171508789
1992-11-27,40.56195831298828
1992-11-28,40.080142974853516
1992-11-29,27.49981689453125
1992-11-30,19.80853271484375
1992-12-01,15.719459533691406
1992-12-02,13.646503448486328
1992-12-03,12.130926132202148
1992-12-04,10.979802131652832
1992-12-05,10.215578079223633
1992-12-06,9.660898208618164
1992-12-07,9.313615798950195
1992-12-08,8.912886619567871
1992-12-09,8.540958404541016
1992-12-10,11.496134757995605
1992-12-11,24.711097717285156
1992-12-12,32.56717300415039
1992-12-13,24.518356323242188
1992-12-14,17.75338363647461
1992-12-15,14.209694862365723
1992-12-16,12.292174339294434
1992-12-17,12.477315902709961
1992-12-18,16.6549015045166
1992-12-19,19.916553497314453
1992-12-20,17.798254013061523
1992-12-21,21.320966720581055
1992-12-22,24.754148483276367
1992-12-23,20.072040557861328
1992-12-24,17.177978515625
1992-12-25,15.8175687789917
1992-12-26,13.951980590820312
1992-12-27,12.584175109863281
1992-12-28,13.81476879119873
1992-12-29,20.31326675415039
1992-12-30,24.71664810180664
1992-12-31,21.928852081298828
1993-01-01,17.764144897460938
1993-01-02,14.99560546875
1993-01-03,13.2141752243042
1993-01-04,12.014837265014648
1993-01-05,16.688133239746094
1993-01-06,30.79751205444336
1993-01-07,34.60355758666992
1993-01-08,38.21571350097656
1993-01-09,72.68303680419922
1993-01-10,99.06364440917969
1993-01-11,78.08573150634766
1993-01-12,55.65300750732422
1993-01-13,47.81816482543945
1993-01-14,42.593650817871094
1993-01-15,33.42491912841797
1993-01-16,25.983163833618164
1993-01-17,22.594459533691406
1993-01-18,20.141145706176758
1993-01-19,17.996028900146484
1993-01-20,16.600200653076172
1993-01-21,17.172075271606445
1993-01-22,29.38632583618164
1993-01-23,41.339996337890625
1993-01-24,36.96179962158203
1993-01-25,34.665283203125
1993-01-26,33.12297439575195
1993-01-27,25.905000686645508
1993-01-28,20.61840057373047
1993-01-29,17.757673263549805
1993-01-30,16.076128005981445
1993-01-31,14.818216323852539
1993-02-01,14.07575511932373
1993-02-02,13.552838325500488
1993-02-03,12.930208206176758
1993-02-04,12.237457275390625
1993-02-05,11.874040603637695
1993-02-06,11.48782730102539
1993-02-07,11.193687438964844
1993-02-08,11.007405281066895
1993-02-09,10.934059143066406
1993-02-10,10.845412254333496
1993-02-11,10.506401062011719
1993-02-12,12.55520248413086
1993-02-13,20.683195114135742
1993-02-14,25.361740112304688
1993-02-15,20.289112091064453
1993-02-16,18.16595458984375
1993-02-17,22.760385513305664
1993-02-18,25.601428985595703
1993-02-19,21.445985794067383
1993-02-20,17.967639923095703
1993-02-21,18.57840347290039
1993-02-22,26.714214324951172
1993-02-23,30.921283721923828
1993-02-24,24.71903419494629
1993-02-25,20.180112838745117
1993-02-26,17.86177635192871
1993-02-27,18.16436767578125
1993-02-28,19.89882469177246
1993-03-01,19.63064956665039
1993-03-02,18.621252059936523
1993-03-03,19.45519256591797
1993-03-04,123.48253631591797
1993-03-05,229.29421997070312
1993-03-06,172.7579803466797
1993-03-07,86.57156372070312
1993-03-08,49.21558380126953
1993-03-09,35.05684280395508
1993-03-10,27.58875274658203
1993-03-11,23.279211044311523
1993-03-12,20.764686584472656
1993-03-13,54.18906021118164
1993-03-14,99.52188110351562
1993-03-15,89.786865234375
1993-03-16,58.99070358276367
1993-03-17,51.42143249511719
1993-03-18,64.56686401367188
1993-03-19,69.48104858398438
1993-03-20,52.03962707519531
1993-03-21,38.8470458984375
1993-03-22,32.567848205566406
1993-03-23,29.78388786315918
1993-03-24,40.5844612121582
1993-03-25,67.68622589111328
1993-03-26,69.90830993652344
1993-03-27,87.09127807617188
1993-03-28,131.97073364257812
1993-03-29,126.00691223144531
1993-03-30,78.1925048828125
1993-03-31,50.35615921020508
1993-04-01,44.47617721557617
1993-04-02,54.16482162475586
1993-04-03,50.17780303955078
1993-04-04,38.10797882080078
1993-04-05,37.805755615234375
1993-04-06,68.85767364501953
1993-04-07,91.31910705566406
1993-04-08,68.76624298095703
1993-04-09,46.60203170776367
1993-04-10,53.824275970458984
1993-04-11,76.84876251220703
1993-04-12,70.76445007324219
1993-04-13,48.810523986816406
1993-04-14,36.14532470703125
1993-04-15,29.921485900878906
1993-04-16,58.12226867675781
1993-04-17,118.54234313964844
1993-04-18,104.2129898071289
1993-04-19,61.546390533447266
1993-04-20,41.55108642578125
1993-04-21,33.37532043457031
1993-04-22,31.223787307739258
1993-04-23,29.52724838256836
1993-04-24,25.671783447265625
1993-04-25,23.007061004638672
1993-04-26,22.07027816772461
1993-04-27,23.959745407104492
1993-04-28,24.451820373535156
1993-04-29,21.059890747070312
1993-04-30,19.102840423583984
1993-05-01,17.842025756835938
1993-05-02,16.863895416259766
1993-05-03,16.000497817993164
1993-05-04,15.667177200317383
1993-05-05,17.290088653564453
1993-05-06,20.006118774414062
1993-05-07,19.49305534362793
1993-05-08,16.899938583374023
1993-05-09,15.351924896240234
1993-05-10,15.263773918151855
1993-05-11,15.302760124206543
1993-05-12,14.440088272094727
1993-05-13,13.97275161743164
1993-05-14,15.460426330566406
1993-05-15,17.87028694152832
1993-05-16,16.951627731323242
1993-05-17,14.386216163635254
1993-05-18,12.765613555908203
1993-05-19,13.326227188110352
1993-05-20,15.45265007019043
1993-05-21,15.673090934753418
1993-05-22,13.544526100158691
1993-05-23,12.073909759521484
1993-05-24,11.211524963378906
1993-05-25,10.52670669555664
1993-05-26,10.131279945373535
1993-05-27,10.300915718078613
1993-05-28,10.223580360412598
1993-05-29,9.697877883911133
1993-05-30,9.485031127929688
1993-05-31,9.688066482543945
1993-06-01,10.93114185333252
1993-06-02,11.523565292358398
1993-06-03,10.41108226776123
1993-06-04,9.563323974609375
1993-06-05,9.800444602966309
1993-06-06,10.080427169799805
1993-06-07,9.262710571289062
1993-06-08,8.37215805053711
1993-06-09,7.8328938484191895
1993-06-10,7.3715291023254395
1993-06-11,6.9588236808776855
1993-06-12,6.855045795440674
1993-06-13,7.3787689208984375
1993-06-14,9.81733512878418
1993-06-15,11.375783920288086
1993-06-16,9.128128051757812
1993-06-17,7.601224899291992
1993-06-18,6.785667419433594
1993-06-19,6.3565263748168945
1993-06-20,6.024282932281494
1993-06-21,5.639978408813477
1993-06-22,5.407414436340332
1993-06-23,5.333662033081055
1993-06-24,5.093822956085205
1993-06-25,4.820135593414307
1993-06-26,4.591688632965088
1993-06-27,4.456459045410156
1993-06-28,4.512273788452148
1993-06-29,4.591405868530273
1993-06-30,4.820580959320068
1993-07-01,5.092154026031494
1993-07-02,6.496369361877441
1993-07-03,13.651931762695312
1993-07-04,17.611568450927734
1993-07-05,13.987385749816895
1993-07-06,11.237298965454102
1993-07-07,9.77005386352539
1993-07-08,8.36816692352295
1993-07-09,6.855795383453369
1993-07-10,5.87027645111084
1993-07-11,5.386642932891846
1993-07-12,5.210152626037598
1993-07-13,5.444242477416992
1993-07-14,5.814911842346191
1993-07-15,5.789270401000977
1993-07-16,5.471216201782227
1993-07-17,5.155684471130371
1993-07-18,4.688254356384277
1993-07-19,4.576519012451172
1993-07-20,6.3617095947265625
1993-07-21,8.226799011230469
1993-07-22,7.337369918823242
1993-07-23,5.642962455749512
1993-07-24,4.9415669441223145
1993-07-25,5.332851886749268
1993-07-26,7.439921855926514
1993-07-27,9.714911460876465
1993-07-28,9.850537300109863
1993-07-29,8.293888092041016
1993-07-30,6.301252365112305
1993-07-31,5.042858123779297
1993-08-01,4.3629279136657715
1993-08-02,4.015314102172852
1993-08-03,3.9215152263641357
1993-08-04,4.597501754760742
1993-08-05,5.710205078125
1993-08-06,6.023802757263184
1993-08-07,5.786165714263916
1993-08-08,5.4448161125183105
1993-08-09,4.757009506225586
1993-08-10,4.185113906860352
1993-08-11,3.774005174636841
1993-08-12,3.5291733741760254
1993-08-13,3.751469612121582
1993-08-14,4.950047969818115
1993-08-15,6.028027534484863
1993-08-16,5.231135368347168
1993-08-17,4.4091925621032715
1993-08-18,4.039557933807373
1993-08-19,3.8342397212982178
1993-08-20,3.5977132320404053
1993-08-21,3.457188844680786
1993-08-22,3.457728385925293
1993-08-23,3.3853724002838135
1993-08-24,3.1905336380004883
1993-08-25,3.02272629737854
1993-08-26,3.0652241706848145
1993-08-27,3.5335144996643066
1993-08-28,3.9982402324676514
1993-08-29,3.6862401962280273
1993-08-30,3.230031967163086
1993-08-31,2.944955825805664
1993-09-01,2.758112668991089
1993-09-02,2.6497480869293213
1993-09-03,2.7455508708953857
1993-09-04,3.0529136657714844
1993-09-05,3.802811861038208
1993-09-06,4.490872383117676
1993-09-07,4.21357536315918
1993-09-08,3.831838369369507
1993-09-09,3.7483649253845215
1993-09-10,3.5885205268859863
1993-09-11,3.2497270107269287
1993-09-12,2.9498047828674316
1993-09-13,2.7821478843688965
1993-09-14,2.68168044090271
1993-09-15,2.600325584411621
1993-09-16,2.641270399093628
1993-09-17,3.323073387145996
1993-09-18,5.488339424133301
1993-09-19,8.030482292175293
1993-09-20,7.1574530601501465
1993-09-21,5.205770015716553
1993-09-22,4.46579647064209
1993-09-23,4.111168384552002
1993-09-24,3.644190549850464
1993-09-25,3.3467857837677
1993-09-26,3.3152780532836914
1993-09-27,3.308171033859253
1993-09-28,3.2187304496765137
1993-09-29,3.1205556392669678
1993-09-30,2.950573682785034
1993-10-01,2.8168015480041504
1993-10-02,2.695345878601074
1993-10-03,2.6260337829589844
1993-10-04,2.565084457397461
1993-10-05,2.509654998779297
1993-10-06,2.4493467807769775
1993-10-07,2.4350333213806152
1993-10-08,2.4461307525634766
1993-10-09,2.4465863704681396
1993-10-10,2.4486496448516846
1993-10-11,2.5100605487823486
1993-10-12,2.59389328956604
1993-10-13,2.732447624206543
1993-10-14,2.7962894439697266
1993-10-15,2.7231509685516357
1993-10-16,2.660950183868408
1993-10-17,2.6152877807617188
1993-10-18,2.598145008087158
1993-10-19,2.5502288341522217
1993-10-20,2.493650197982788
1993-10-21,2.5138845443725586
1993-10-22,2.7828564643859863
1993-10-23,3.0611164569854736
1993-10-24,2.9360404014587402
1993-10-25,2.792949676513672
1993-10-26,2.7195780277252197
1993-10-27,2.6986029148101807
1993-10-28,2.6961779594421387
1993-10-29,2.6769914627075195
1993-10-30,3.070767402648926
1993-10-31,4.744820594787598
1993-11-01,6.481868267059326
1993-11-02,5.694167137145996
1993-11-03,4.686732769012451
1993-11-04,4.128962516784668
1993-11-05,4.011033058166504
1993-11-06,4.671110153198242
1993-11-07,6.0393853187561035
1993-11-08,6.13741397857666
1993-11-09,5.270219802856445
1993-11-10,4.6402482986450195
1993-11-11,4.292938232421875
1993-11-12,4.136112213134766
1993-11-13,4.005536079406738
1993-11-14,3.924315929412842
1993-11-15,3.8475332260131836
1993-11-16,3.7524945735931396
1993-11-17,3.718979835510254
1993-11-18,3.7026052474975586
1993-11-19,3.6817173957824707
1993-11-20,3.678424119949341
1993-11-21,3.6838855743408203
1993-11-22,3.6669135093688965
1993-11-23,3.6714768409729004
1993-11-24,3.6415576934814453
1993-11-25,3.5968401432037354
1993-11-26,3.454310655593872
1993-11-27,4.402264595031738
1993-11-28,18.9622859954834
1993-11-29,29.277324676513672
1993-11-30,19.710134506225586
1993-12-01,11.642324447631836
1993-12-02,8.297860145568848
1993-12-03,6.8477888107299805
1993-12-04,6.220919132232666
1993-12-05,12.605224609375
1993-12-06,31.27211570739746
1993-12-07,29.810523986816406
1993-12-08,18.03028678894043
1993-12-09,11.940864562988281
1993-12-10,9.417427062988281
1993-12-11,8.690130233764648
1993-12-12,8.73275089263916
1993-12-13,7.85205078125
1993-12-14,7.094614028930664
1993-12-15,8.180848121643066
1993-12-16,14.781975746154785
1993-12-17,19.359622955322266
1993-12-18,15.054059982299805
1993-12-19,12.145692825317383
1993-12-20,10.916601181030273
1993-12-21,14.414596557617188
1993-12-22,23.11086654663086
1993-12-23,23.64544105529785
1993-12-24,19.857036590576172
1993-12-25,16.381067276000977
1993-12-26,13.260686874389648
1993-12-27,11.277523040771484
1993-12-28,10.15066909790039
1993-12-29,9.973978042602539
1993-12-30,10.619867324829102
1993-12-31,10.677242279052734
1994-01-01,10.263057708740234
1994-01-02,11.246631622314453
1994-01-03,13.311455726623535
1994-01-04,16.62359046936035
1994-01-05,23.069353103637695
1994-01-06,23.90628433227539
1994-01-07,18.562652587890625
1994-01-08,16.579492568969727
1994-01-09,18.553749084472656
1994-01-10,18.043697357177734
1994-01-11,14.75387191772461
1994-01-12,16.872547149658203
1994-01-13,29.046913146972656
1994-01-14,33.941768646240234
1994-01-15,26.251888275146484
1994-01-16,19.250152587890625
1994-01-17,15.37258529663086
1994-01-18,20.115070343017578
1994-01-19,24.900774002075195
1994-01-20,19.574634552001953
1994-01-21,16.187467575073242
1994-01-22,14.81403636932373
1994-01-23,14.135513305664062
1994-01-24,14.395600318908691
1994-01-25,15.059661865234375
1994-01-26,15.495441436767578
1994-01-27,15.210439682006836
1994-01-28,27.059329986572266
1994-01-29,51.377220153808594
1994-01-30,48.91908264160156
1994-01-31,31.592899322509766
1994-02-01,23.23535919189453
1994-02-02,18.570087432861328
1994-02-03,15.838550567626953
1994-02-04,13.863114356994629
1994-02-05,12.940595626831055
1994-02-06,13.154062271118164
1994-02-07,12.981611251831055
1994-02-08,12.091226577758789
1994-02-09,12.033496856689453
1994-02-10,15.796487808227539
1994-02-11,27.950969696044922
1994-02-12,36.80506134033203
1994-02-13,35.306968688964844
1994-02-14,32.27598190307617
1994-02-15,30.01089096069336
1994-02-16,27.096513748168945
1994-02-17,23.40129280090332
1994-02-18,19.73212242126465
1994-02-19,17.398601531982422
1994-02-20,15.964679718017578
1994-02-21,14.92984390258789
1994-02-22,14.10308837890625
1994-02-23,15.081828117370605
1994-02-24,52.611717224121094
1994-02-25,91.62315368652344
1994-02-26,63.24232864379883
1994-02-27,38.675750732421875
1994-02-28,27.195077896118164
1994-03-01,21.928373336791992
1994-03-02,65.42646026611328
1994-03-03,151.64950561523438
1994-03-04,161.3894500732422
1994-03-05,94.00076293945312
1994-03-06,56.96671676635742
1994-03-07,39.68571090698242
1994-03-08,30.99527359008789
1994-03-09,25.93233299255371
1994-03-10,33.45111846923828
1994-03-11,54.085609436035156
1994-03-12,50.485504150390625
1994-03-13,35.18259811401367
1994-03-14,26.97113609313965
1994-03-15,22.968364715576172
1994-03-16,20.37332534790039
1994-03-17,18.60028839111328
1994-03-18,17.17510986328125
1994-03-19,16.13870620727539
1994-03-20,15.308902740478516
1994-03-21,14.750388145446777
1994-03-22,15.684738159179688
1994-03-23,16.754413604736328
1994-03-24,15.792350769042969
1994-03-25,16.741413116455078
1994-03-26,21.179262161254883
1994-03-27,28.721389770507812
1994-03-28,71.32311248779297
1994-03-29,159.98611450195312
1994-03-30,180.5076446533203
1994-03-31,103.37428283691406
1994-04-01,60.8992805480957
1994-04-02,41.25129318237305
1994-04-03,31.538284301757812
1994-04-04,26.418710708618164
1994-04-05,23.030702590942383
1994-04-06,20.85591697692871
1994-04-07,20.266769409179688
1994-04-08,19.567228317260742
1994-04-09,17.769519805908203
1994-04-10,16.63210678100586
1994-04-11,15.977632522583008
1994-04-12,15.64936637878418
1994-04-13,16.484434127807617
1994-04-14,18.53401756286621
1994-04-15,19.568111419677734
1994-04-16,30.753978729248047
1994-04-17,39.25601577758789
1994-04-18,32.03413391113281
1994-04-19,23.262605667114258
1994-04-20,18.84427261352539
1994-04-21,16.322776794433594
1994-04-22,14.71728229522705
1994-04-23,13.58565902709961
1994-04-24,12.7412691116333
1994-04-25,12.040824890136719
1994-04-26,11.504486083984375
1994-04-27,11.266236305236816
1994-04-28,11.57791805267334
1994-04-29,11.793107986450195
1994-04-30,11.489482879638672
1994-05-01,11.245817184448242
1994-05-02,10.731822967529297
1994-05-03,10.194588661193848
1994-05-04,10.970924377441406
1994-05-05,14.516704559326172
1994-05-06,16.928823471069336
1994-05-07,14.303455352783203
1994-05-08,12.329801559448242
1994-05-09,11.839142799377441
1994-05-10,11.119673728942871
1994-05-11,10.070341110229492
1994-05-12,9.36715030670166
1994-05-13,8.74105453491211
1994-05-14,8.158697128295898
1994-05-15,7.852365493774414
1994-05-16,7.887897491455078
1994-05-17,8.163154602050781
1994-05-18,8.00694465637207
1994-05-19,7.470464706420898
1994-05-20,7.166458606719971
1994-05-21,6.930525779724121
1994-05-22,6.692482948303223
1994-05-23,6.478796005249023
1994-05-24,6.189481258392334
1994-05-25,5.878139019012451
1994-05-26,5.892718315124512
1994-05-27,6.868083953857422
1994-05-28,8.040605545043945
1994-05-29,7.539510250091553
1994-05-30,6.689774036407471
1994-05-31,6.119960784912109
1994-06-01,5.6534810066223145
1994-06-02,5.322929382324219
1994-06-03,4.966140270233154
1994-06-04,4.718198776245117
1994-06-05,4.631799221038818
1994-06-06,4.746502876281738
1994-06-07,4.8519487380981445
1994-06-08,5.055972099304199
1994-06-09,5.512923717498779
1994-06-10,5.854379653930664
1994-06-11,6.284224510192871
1994-06-12,7.4206647872924805
1994-06-13,7.301883697509766
1994-06-14,6.276078701019287
1994-06-15,5.485367298126221
1994-06-16,5.109467506408691
1994-06-17,5.3785481452941895
1994-06-18,6.167830467224121
1994-06-19,6.142956256866455
1994-06-20,5.387640953063965
1994-06-21,4.8745832443237305
1994-06-22,4.907176971435547
1994-06-23,5.331247329711914
1994-06-24,5.832865238189697
1994-06-25,6.284539222717285
1994-06-26,5.563276767730713
1994-06-27,5.08505392074585
1994-06-28,5.547255516052246
1994-06-29,6.183914661407471
1994-06-30,6.882317066192627
1994-07-01,9.623825073242188
1994-07-02,10.639405250549316
1994-07-03,8.738402366638184
1994-07-04,6.821097373962402
1994-07-05,6.090313911437988
1994-07-06,5.7202558517456055
1994-07-07,5.092666149139404
1994-07-08,4.534067153930664
1994-07-09,4.143709659576416
1994-07-10,3.8948192596435547
1994-07-11,3.850539207458496
1994-07-12,3.9167070388793945
1994-07-13,3.9455132484436035
1994-07-14,3.9790127277374268
1994-07-15,3.9111135005950928
1994-07-16,3.76745867729187
1994-07-17,3.6403393745422363
1994-07-18,3.7300047874450684
1994-07-19,4.044214725494385
1994-07-20,4.554630279541016
1994-07-21,5.86414909362793
1994-07-22,8.887785911560059
1994-07-23,12.16812515258789
1994-07-24,12.368128776550293
1994-07-25,10.453245162963867
1994-07-26,8.722746849060059
1994-07-27,8.559247970581055
1994-07-28,13.495237350463867
1994-07-29,24.15544891357422
1994-07-30,31.870845794677734
1994-07-31,26.834705352783203
1994-08-01,19.286514282226562
1994-08-02,16.950456619262695
1994-08-03,15.781304359436035
1994-08-04,13.093223571777344
1994-08-05,10.829614639282227
1994-08-06,9.67255973815918
1994-08-07,8.76069450378418
1994-08-08,7.269664287567139
1994-08-09,6.16307258605957
1994-08-10,5.441104412078857
1994-08-11,4.921169757843018
1994-08-12,4.553265571594238
1994-08-13,4.361728191375732
1994-08-14,4.270325660705566
1994-08-15,4.714169502258301
1994-08-16,8.506834983825684
1994-08-17,15.866287231445312
1994-08-18,19.467283248901367
1994-08-19,16.441986083984375
1994-08-20,13.19156265258789
1994-08-21,12.03292465209961
1994-08-22,10.339977264404297
1994-08-23,9.028613090515137
1994-08-24,7.367293357849121
1994-08-25,6.2079997062683105
1994-08-26,5.537317752838135
1994-08-27,5.22481107711792
1994-08-28,5.201874732971191
1994-08-29,5.281298637390137
1994-08-30,6.066508769989014
1994-08-31,6.779367446899414
1994-09-01,6.326844215393066
1994-09-02,7.52079963684082
1994-09-03,11.968730926513672
1994-09-04,13.59694766998291
1994-09-05,10.016214370727539
1994-09-06,7.541187763214111
1994-09-07,6.338324546813965
1994-09-08,5.562620639801025
1994-09-09,4.980423927307129
1994-09-10,4.621642112731934
1994-09-11,4.334712028503418
1994-09-12,4.078622817993164
1994-09-13,3.877835512161255
1994-09-14,3.7324180603027344
1994-09-15,3.6074748039245605
1994-09-16,3.462883949279785
1994-09-17,3.3668160438537598
1994-09-18,3.4540586471557617
1994-09-19,3.6520261764526367
1994-09-20,3.6592166423797607
1994-09-21,3.533038854598999
1994-09-22,3.4725663661956787
1994-09-23,3.4290523529052734
1994-09-24,3.3974721431732178
1994-09-25,3.686917781829834
1994-09-26,4.549779891967773
1994-09-27,5.145356178283691
1994-09-28,4.6550397872924805
1994-09-29,4.0636091232299805
1994-09-30,3.7013590335845947
1994-10-01,3.449086904525757
1994-10-02,3.3054800033569336
1994-10-03,3.2520713806152344
1994-10-04,3.2609288692474365
1994-10-05,3.1907641887664795
1994-10-06,3.1189310550689697
1994-10-07,3.0654966831207275
1994-10-08,3.0158567428588867
1994-10-09,2.98136305809021
1994-10-10,3.031346321105957
1994-10-11,3.186875581741333
1994-10-12,3.3078408241271973
1994-10-13,3.282130718231201
1994-10-14,3.489351987838745
1994-10-15,4.01295280456543
1994-10-16,4.246758460998535
1994-10-17,3.926360845565796
1994-10-18,3.629472255706787
1994-10-19,3.4448394775390625
1994-10-20,3.3901848793029785
1994-10-21,3.464158773422241
1994-10-22,3.4895615577697754
1994-10-23,3.5569677352905273
1994-10-24,4.043661117553711
1994-10-25,4.360538005828857
1994-10-26,4.019983768463135
1994-10-27,3.7412757873535156
1994-10-28,3.572747230529785
1994-10-29,3.4419071674346924
1994-10-30,3.395979642868042
1994-10-31,3.389498472213745
1994-11-01,3.4723987579345703
1994-11-02,3.612452983856201
1994-11-03,3.6802563667297363
1994-11-04,3.6956512928009033
1994-11-05,3.59612774848938
1994-11-06,3.518218517303467
1994-11-07,3.525636672973633
1994-11-08,3.560938596725464
1994-11-09,3.5549864768981934
1994-11-10,3.5781025886535645
1994-11-11,3.8851003646850586
1994-11-12,4.278708457946777
1994-11-13,4.163780212402344
1994-11-14,4.070632457733154
1994-11-15,3.9813079833984375
1994-11-16,3.8959267139434814
1994-11-17,3.788076400756836
1994-11-18,3.704753875732422
1994-11-19,3.7098004817962646
1994-11-20,3.6487698554992676
1994-11-21,4.03887939453125
1994-11-22,6.1183319091796875
1994-11-23,8.082870483398438
1994-11-24,6.449241638183594
1994-11-25,5.296730041503906
1994-11-26,4.7306623458862305
1994-11-27,4.530475616455078
1994-11-28,5.299343585968018
1994-11-29,7.0125813484191895
1994-11-30,7.43719482421875
1994-12-01,7.069235324859619
1994-12-02,6.251068592071533
1994-12-03,5.679214954376221
1994-12-04,5.363002300262451
1994-12-05,5.4767746925354
1994-12-06,6.301714897155762
1994-12-07,6.4895195960998535
1994-12-08,5.868647575378418
1994-12-09,5.374720573425293
1994-12-10,5.12008810043335
1994-12-11,5.220663070678711
1994-12-12,5.996333599090576
1994-12-13,6.3868727684021
1994-12-14,5.936527252197266
1994-12-15,5.79533576965332
1994-12-16,5.82176399230957
1994-12-17,5.556556701660156
1994-12-18,5.438124179840088
1994-12-19,5.364473342895508
1994-12-20,5.152359962463379
1994-12-21,5.03061580657959
1994-12-22,4.905585289001465
1994-12-23,5.0750226974487305
1994-12-24,6.173398494720459
1994-12-25,7.176095485687256
1994-12-26,6.507021903991699
1994-12-27,5.901352882385254
1994-12-28,5.583002090454102
1994-12-29,5.360136985778809
1994-12-30,5.135281085968018
1994-12-31,4.9872612953186035
1995-01-01,5.11899471282959
1995-01-02,5.565640449523926
1995-01-03,5.553898334503174
1995-01-04,5.258317470550537
1995-01-05,5.04033088684082
1995-01-06,4.915219306945801
1995-01-07,9.254459381103516
1995-01-08,20.220216751098633
1995-01-09,22.12000274658203
1995-01-10,15.33026123046875
1995-01-11,11.052488327026367
1995-01-12,9.216672897338867
1995-01-13,8.546652793884277
1995-01-14,8.212788581848145
1995-01-15,32.91819763183594
1995-01-16,98.3340835571289
1995-01-17,107.94922637939453
1995-01-18,53.55121994018555
1995-01-19,27.832244873046875
1995-01-20,20.132976531982422
1995-01-21,19.515317916870117
1995-01-22,18.058210372924805
1995-01-23,14.832571029663086
1995-01-24,12.663557052612305
1995-01-25,11.352553367614746
1995-01-26,10.291630744934082
1995-01-27,9.591230392456055
1995-01-28,10.059621810913086
1995-01-29,13.555843353271484
1995-01-30,16.426982879638672
1995-01-31,15.546159744262695
1995-02-01,13.994731903076172
1995-02-02,12.69502067565918
1995-02-03,11.933235168457031
1995-02-04,11.704139709472656
1995-02-05,11.78563117980957
1995-02-06,11.37871265411377
1995-02-07,10.34764575958252
1995-02-08,9.673074722290039
1995-02-09,9.294635772705078
1995-02-10,8.779585838317871
1995-02-11,8.525851249694824
1995-02-12,8.492919921875
1995-02-13,8.423351287841797
1995-02-14,8.074531555175781
1995-02-15,8.373696327209473
1995-02-16,28.698930740356445
1995-02-17,80.18180847167969
1995-02-18,97.40196228027344
1995-02-19,69.73011016845703
1995-02-20,45.72774887084961
1995-02-21,31.03955078125
1995-02-22,22.95415687561035
1995-02-23,18.269287109375
1995-02-24,15.503896713256836
1995-02-25,13.720863342285156
1995-02-26,12.489940643310547
1995-02-27,11.656051635742188
1995-02-28,13.736104011535645
1995-03-01,36.57828140258789
1995-03-02,63.06876754760742
1995-03-03,52.40903854370117
1995-03-04,34.218414306640625
1995-03-05,26.75789451599121
1995-03-06,23.83415985107422
1995-03-07,22.826534271240234
1995-03-08,33.59921646118164
1995-03-09,60.637962341308594
1995-03-10,65.85714721679688
1995-03-11,43.05137634277344
1995-03-12,29.599754333496094
1995-03-13,22.89786720275879
1995-03-14,19.122394561767578
1995-03-15,16.769670486450195
1995-03-16,15.291951179504395
1995-03-17,14.361661911010742
1995-03-18,13.499452590942383
1995-03-19,12.674022674560547
1995-03-20,11.972108840942383
1995-03-21,12.09848403930664
1995-03-22,12.758610725402832
1995-03-23,12.601251602172852
1995-03-24,11.851505279541016
1995-03-25,11.14579963684082
1995-03-26,10.491994857788086
1995-03-27,10.092844009399414
1995-03-28,10.067773818969727
1995-03-29,9.967344284057617
1995-03-30,9.589042663574219
1995-03-31,9.263900756835938
1995-04-01,8.962618827819824
1995-04-02,8.68824577331543
1995-04-03,8.529375076293945
1995-04-04,8.332499504089355
1995-04-05,8.193514823913574
1995-04-06,7.969902992248535
1995-04-07,7.805605411529541
1995-04-08,7.6552205085754395
1995-04-09,7.4929633140563965
1995-04-10,7.2821855545043945
1995-04-11,7.04221248626709
1995-04-12,7.023653030395508
1995-04-13,7.697167873382568
1995-04-14,8.410698890686035
1995-04-15,8.079973220825195
1995-04-16,7.504912853240967
1995-04-17,7.153253555297852
1995-04-18,6.878006458282471
1995-04-19,6.643568992614746
1995-04-20,6.407419681549072
1995-04-21,6.169810771942139
1995-04-22,6.054407119750977
1995-04-23,6.018956184387207
1995-04-24,6.294670581817627
1995-04-25,7.041879177093506
1995-04-26,7.211668491363525
1995-04-27,6.617171287536621
1995-04-28,6.178361415863037
1995-04-29,5.850697040557861
1995-04-30,5.571523189544678
1995-05-01,5.502397537231445
1995-05-02,6.59930419921875
1995-05-03,10.41703987121582
1995-05-04,12.754804611206055
1995-05-05,10.29928207397461
1995-05-06,8.333251953125
1995-05-07,7.121365547180176
1995-05-08,6.317316055297852
1995-05-09,5.791109561920166
1995-05-10,6.274229049682617
1995-05-11,8.54698371887207
1995-05-12,9.634223937988281
1995-05-13,8.357951164245605
1995-05-14,8.63723373413086
1995-05-15,10.444048881530762
1995-05-16,10.811344146728516
1995-05-17,9.183426856994629
1995-05-18,7.579746246337891
1995-05-19,6.937037944793701
1995-05-20,7.425909042358398
1995-05-21,7.649426460266113
1995-05-22,6.5188703536987305
1995-05-23,5.659885406494141
1995-05-24,5.094529151916504
1995-05-25,4.707569122314453
1995-05-26,4.511495113372803
1995-05-27,4.850992202758789
1995-05-28,5.954831600189209
1995-05-29,7.213128089904785
1995-05-30,7.498026371002197
1995-05-31,6.43084716796875
1995-06-01,5.4209794998168945
1995-06-02,6.501272201538086
1995-06-03,15.445547103881836
1995-06-04,20.603445053100586
1995-06-05,14.784513473510742
1995-06-06,11.65399169921875
1995-06-07,16.496776580810547
1995-06-08,19.56874656677246
1995-06-09,13.755443572998047
1995-06-10,10.895515441894531
1995-06-11,11.641225814819336
1995-06-12,17.709434509277344
1995-06-13,28.270999908447266
1995-06-14,28.0543270111084
1995-06-15,17.60341453552246
1995-06-16,11.759675979614258
1995-06-17,9.190666198730469
1995-06-18,7.835284233093262
1995-06-19,7.320775985717773
1995-06-20,8.993762969970703
1995-06-21,11.55759048461914
1995-06-22,14.126635551452637
1995-06-23,31.548166275024414
1995-06-24,53.11372375488281
1995-06-25,54.1176643371582
1995-06-26,46.260955810546875
1995-06-27,41.39886474609375
1995-06-28,52.66556930541992
1995-06-29,159.33096313476562
1995-06-30,212.66412353515625
1995-07-01,156.3129119873047
1995-07-02,88.69349670410156
1995-07-03,54.00912094116211
1995-07-04,34.93593215942383
1995-07-05,27.034439086914062
1995-07-06,25.655027389526367
1995-07-07,33.88203430175781
1995-07-08,38.388755798339844
1995-07-09,29.82022476196289
1995-07-10,20.673355102539062
1995-07-11,16.640792846679688
1995-07-12,14.751649856567383
1995-07-13,12.708102226257324
1995-07-14,10.900595664978027
1995-07-15,9.586570739746094
1995-07-16,9.094260215759277
1995-07-17,10.047531127929688
1995-07-18,11.394805908203125
1995-07-19,10.951532363891602
1995-07-20,9.407790184020996
1995-07-21,8.258794784545898
1995-07-22,8.285860061645508
1995-07-23,8.822412490844727
1995-07-24,8.411419868469238
1995-07-25,8.043381690979004
1995-07-26,8.900247573852539
1995-07-27,10.141838073730469
1995-07-28,10.362119674682617
1995-07-29,9.87237548828125
1995-07-30,9.191239356994629
1995-07-31,9.889196395874023
1995-08-01,10.24629020690918
1995-08-02,9.24406909942627
1995-08-03,7.719578266143799
1995-08-04,6.62243127822876
1995-08-05,5.88391637802124
1995-08-06,5.327395439147949
1995-08-07,4.919094562530518
1995-08-08,4.629583835601807
1995-08-09,4.406493186950684
1995-08-10,4.311485290527344
1995-08-11,4.254541397094727
1995-08-12,4.1301960945129395
1995-08-13,3.9605872631073
1995-08-14,3.748650312423706
1995-08-15,3.5482585430145264
1995-08-16,3.379274368286133
1995-08-17,3.229494094848633
1995-08-18,3.0735437870025635
1995-08-19,3.000765800476074
1995-08-20,3.005859375
1995-08-21,2.940847873687744
1995-08-22,2.849623680114746
1995-08-23,2.7609853744506836
1995-08-24,2.673402786254883
1995-08-25,2.6420860290527344
1995-08-26,2.6990585327148438
1995-08-27,5.489630699157715
1995-08-28,28.015289306640625
1995-08-29,42.73391342163086
1995-08-30,26.034204483032227
1995-08-31,13.598365783691406
1995-09-01,9.417088508605957
1995-09-02,9.269057273864746
1995-09-03,9.485567092895508
1995-09-04,7.5866289138793945
1995-09-05,6.130712985992432
1995-09-06,5.323178291320801
1995-09-07,4.831298828125
1995-09-08,4.4859619140625
1995-09-09,4.198902130126953
1995-09-10,3.9893248081207275
1995-09-11,3.8817338943481445
1995-09-12,3.8633646965026855
1995-09-13,3.8192050457000732
1995-09-14,3.673976421356201
1995-09-15,3.558645248413086
1995-09-16,3.699099063873291
1995-09-17,4.626256942749023
1995-09-18,6.226303577423096
1995-09-19,6.0228166580200195
1995-09-20,5.058923721313477
1995-09-21,4.436600685119629
1995-09-22,4.477253437042236
1995-09-23,5.502989292144775
1995-09-24,6.685548782348633
1995-09-25,6.474368095397949
1995-09-26,5.790121555328369
1995-09-27,5.357973098754883
1995-09-28,4.963496208190918
1995-09-29,4.498952865600586
1995-09-30,4.167564392089844
1995-10-01,3.9763917922973633
1995-10-02,3.842824935913086
1995-10-03,3.69767165184021
1995-10-04,5.020859241485596
1995-10-05,25.533370971679688
1995-10-06,56.915279388427734
1995-10-07,49.22858428955078
1995-10-08,26.236568450927734
1995-10-09,15.31144905090332
1995-10-10,10.83986759185791
1995-10-11,8.755168914794922
1995-10-12,7.508046627044678
1995-10-13,6.7725443840026855
1995-10-14,6.736257553100586
1995-10-15,8.800052642822266
1995-10-16,12.309364318847656
1995-10-17,11.443264961242676
1995-10-18,9.182244300842285
1995-10-19,7.722140312194824
1995-10-20,9.586629867553711
1995-10-21,33.40462112426758
1995-10-22,41.719703674316406
1995-10-23,28.681621551513672
1995-10-24,18.130834579467773
1995-10-25,13.022958755493164
1995-10-26,10.384354591369629
1995-10-27,9.144031524658203
1995-10-28,21.0920467376709
1995-10-29,39.41634750366211
1995-10-30,34.568023681640625
1995-10-31,21.98464012145996
1995-11-01,16.65662384033203
1995-11-02,16.409549713134766
1995-11-03,17.75375747680664
1995-11-04,18.23314094543457
1995-11-05,16.855127334594727
1995-11-06,14.162460327148438
1995-11-07,22.63622283935547
1995-11-08,47.46759033203125
1995-11-09,50.221012115478516
1995-11-10,32.27960205078125
1995-11-11,30.51009750366211
1995-11-12,55.43016815185547
1995-11-13,64.5859375
1995-11-14,42.254966735839844
1995-11-15,29.408876419067383
1995-11-16,23.376726150512695
1995-11-17,18.982877731323242
1995-11-18,16.16053009033203
1995-11-19,14.410575866699219
1995-11-20,13.206599235534668
1995-11-21,12.355664253234863
1995-11-22,11.690320014953613
1995-11-23,11.194954872131348
1995-11-24,10.864514350891113
1995-11-25,11.223775863647461
1995-11-26,11.525805473327637
1995-11-27,11.102775573730469
1995-11-28,10.55463695526123
1995-11-29,10.57065200805664
1995-11-30,11.566716194152832
1995-12-01,11.81917953491211
1995-12-02,10.978681564331055
1995-12-03,10.281034469604492
1995-12-04,9.893867492675781
1995-12-05,9.732876777648926
1995-12-06,9.62985897064209
1995-12-07,9.860284805297852
1995-12-08,10.776324272155762
1995-12-09,14.591434478759766
1995-12-10,20.226411819458008
1995-12-11,19.950580596923828
1995-12-12,15.928447723388672
1995-12-13,13.425464630126953
1995-12-14,12.354702949523926
1995-12-15,11.729748725891113
1995-12-16,11.270242691040039
1995-12-17,11.090635299682617
1995-12-18,10.777833938598633
1995-12-19,12.38892936706543
1995-12-20,19.540218353271484
1995-12-21,23.725032806396484
1995-12-22,19.62656021118164
1995-12-23,16.174762725830078
1995-12-24,14.175405502319336
1995-12-25,12.739047050476074
1995-12-26,11.73045825958252
1995-12-27,10.975889205932617
1995-12-28,10.342016220092773
1995-12-29,9.88021183013916
1995-12-30,9.503713607788086
1995-12-31,9.335479736328125
1996-01-01,9.514941215515137
1996-01-02,10.521844863891602
1996-01-03,12.558025360107422
1996-01-04,13.896970748901367
1996-01-05,13.175219535827637
1996-01-06,12.000511169433594
1996-01-07,12.172492027282715
1996-01-08,13.367330551147461
1996-01-09,13.681761741638184
1996-01-10,13.66741943359375
1996-01-11,13.451957702636719
1996-01-12,13.125860214233398
1996-01-13,14.274667739868164
1996-01-14,16.916044235229492
1996-01-15,22.378894805908203
1996-01-16,30.100723266601562
1996-01-17,31.668750762939453
1996-01-18,29.049564361572266
1996-01-19,43.49261474609375
1996-01-20,69.12521362304688
1996-01-21,60.200355529785156
1996-01-22,38.38084411621094
1996-01-23,27.219833374023438
1996-01-24,26.713254928588867
1996-01-25,34.87275314331055
1996-01-26,35.906253814697266
1996-01-27,45.75341796875
1996-01-28,75.49622344970703
1996-01-29,71.64431762695312
1996-01-30,46.18047332763672
1996-01-31,33.297115325927734
1996-02-01,28.89570426940918
1996-02-02,25.59083366394043
1996-02-03,24.641435623168945
1996-02-04,23.718097686767578
1996-02-05,21.078493118286133
1996-02-06,20.009056091308594
1996-02-07,20.25949478149414
1996-02-08,24.286725997924805
1996-02-09,41.10581588745117
1996-02-10,61.449981689453125
1996-02-11,67.31462860107422
1996-02-12,58.363555908203125
1996-02-13,45.17216491699219
1996-02-14,34.14086151123047
1996-02-15,27.552038192749023
1996-02-16,37.039730072021484
1996-02-17,48.41954803466797
1996-02-18,42.89909744262695
1996-02-19,32.014095306396484
1996-02-20,32.716190338134766
1996-02-21,45.95261001586914
1996-02-22,46.774078369140625
1996-02-23,35.45479202270508
1996-02-24,28.036479949951172
1996-02-25,23.855758666992188
1996-02-26,20.8958683013916
1996-02-27,18.85566520690918
1996-02-28,17.53643035888672
1996-02-29,16.734970092773438
1996-03-01,15.830509185791016
1996-03-02,14.927190780639648
1996-03-03,14.338623046875
1996-03-04,13.703786849975586
1996-03-05,13.185171127319336
1996-03-06,14.80595588684082
1996-03-07,34.89909362792969
1996-03-08,67.76889038085938
1996-03-09,65.68400573730469
1996-03-10,45.6895751953125
1996-03-11,33.15995788574219
1996-03-12,26.063827514648438
1996-03-13,21.768840789794922
1996-03-14,19.12127685546875
1996-03-15,18.10881996154785
1996-03-16,17.50341033935547
1996-03-17,17.470638275146484
1996-03-18,21.097742080688477
1996-03-19,43.28605651855469
1996-03-20,61.7702751159668
1996-03-21,53.532325744628906
1996-03-22,37.12680435180664
1996-03-23,27.61603546142578
1996-03-24,22.24076271057129
1996-03-25,19.401689529418945
1996-03-26,18.17263412475586
1996-03-27,17.07807159423828
1996-03-28,20.473676681518555
1996-03-29,35.47163391113281
1996-03-30,42.884273529052734
1996-03-31,32.70501708984375
1996-04-01,28.837909698486328
1996-04-02,34.409584045410156
1996-04-03,35.9896354675293
1996-04-04,28.38809585571289
1996-04-05,23.383562088012695
1996-04-06,20.2797908782959
1996-04-07,18.761001586914062
1996-04-08,18.047344207763672
1996-04-09,20.329330444335938
1996-04-10,24.163373947143555
1996-04-11,23.145404815673828
1996-04-12,20.230913162231445
1996-04-13,18.032272338867188
1996-04-14,16.832202911376953
1996-04-15,16.467079162597656
1996-04-16,17.28067398071289
1996-04-17,17.957706451416016
1996-04-18,16.463560104370117
1996-04-19,15.062732696533203
1996-04-20,14.566413879394531
1996-04-21,14.569806098937988
1996-04-22,14.501447677612305
1996-04-23,13.786311149597168
1996-04-24,13.004706382751465
1996-04-25,12.258628845214844
1996-04-26,12.101483345031738
1996-04-27,13.014922142028809
1996-04-28,13.249618530273438
1996-04-29,12.282805442810059
1996-04-30,19.104537963867188
1996-05-01,33.32249450683594
1996-05-02,33.55267333984375
1996-05-03,23.89548110961914
1996-05-04,18.256916046142578
1996-05-05,15.289377212524414
1996-05-06,15.278097152709961
1996-05-07,22.606182098388672
1996-05-08,35.033077239990234
1996-05-09,36.56660461425781
1996-05-10,25.736568450927734
1996-05-11,18.894229888916016
1996-05-12,16.123390197753906
1996-05-13,14.675529479980469
1996-05-14,13.07175350189209
1996-05-15,12.509632110595703
1996-05-16,19.440322875976562
1996-05-17,36.557891845703125
1996-05-18,39.58154296875
1996-05-19,28.85848045349121
1996-05-20,19.94290542602539
1996-05-21,15.335094451904297
1996-05-22,12.804636001586914
1996-05-23,11.213592529296875
1996-05-24,10.459535598754883
1996-05-25,11.381132125854492
1996-05-26,13.369357109069824
1996-05-27,15.708511352539062
1996-05-28,26.013492584228516
1996-05-29,38.67571258544922
1996-05-30,35.386993408203125
1996-05-31,24.699241638183594
1996-06-01,17.45287322998047
1996-06-02,13.754903793334961
1996-06-03,11.613763809204102
1996-06-04,10.448103904724121
1996-06-05,10.44252872467041
1996-06-06,10.843345642089844
1996-06-07,10.456220626831055
1996-06-08,9.669096946716309
1996-06-09,10.617145538330078
1996-06-10,14.446587562561035
1996-06-11,17.196956634521484
1996-06-12,14.982647895812988
1996-06-13,13.336382865905762
1996-06-14,12.214910507202148
1996-06-15,10.574934005737305
1996-06-16,9.49635124206543
1996-06-17,9.172799110412598
1996-06-18,8.79263687133789
1996-06-19,8.009211540222168
1996-06-20,7.423122406005859
1996-06-21,7.2038774490356445
1996-06-22,6.877061367034912
1996-06-23,6.389362812042236
1996-06-24,6.070241928100586
1996-06-25,6.14718770980835
1996-06-26,6.318016529083252
1996-06-27,6.01589298248291
1996-06-28,5.421648025512695
1996-06-29,5.022446632385254
1996-06-30,4.745431900024414
1996-07-01,4.548798561096191
1996-07-02,4.484127044677734
1996-07-03,4.762833118438721
1996-07-04,5.0040154457092285
1996-07-05,4.66957426071167
1996-07-06,4.336437225341797
1996-07-07,4.1914544105529785
1996-07-08,4.210618019104004
1996-07-09,4.739720821380615
1996-07-10,5.313323974609375
1996-07-11,4.897917747497559
1996-07-12,4.6146392822265625
1996-07-13,5.570131778717041
1996-07-14,7.260890007019043
1996-07-15,7.5986504554748535
1996-07-16,7.607020378112793
1996-07-17,7.669551849365234
1996-07-18,6.451539993286133
1996-07-19,5.557009696960449
1996-07-20,5.0447282791137695
1996-07-21,4.570033073425293
1996-07-22,4.141563415527344
1996-07-23,3.9216392040252686
1996-07-24,4.13257360458374
1996-07-25,6.245385646820068
1996-07-26,12.844926834106445
1996-07-27,16.51395034790039
1996-07-28,11.813665390014648
1996-07-29,9.22554874420166
1996-07-30,9.274452209472656
1996-07-31,9.119686126708984
1996-08-01,11.68293571472168
1996-08-02,18.9267520904541
1996-08-03,19.46605110168457
1996-08-04,14.481161117553711
1996-08-05,11.268327713012695
1996-08-06,9.007071495056152
1996-08-07,21.06913948059082
1996-08-08,45.911293029785156
1996-08-09,44.410072326660156
1996-08-10,26.183807373046875
1996-08-11,17.96833038330078
1996-08-12,13.812142372131348
1996-08-13,16.555055618286133
1996-08-14,21.417360305786133
1996-08-15,17.774585723876953
1996-08-16,12.531783103942871
1996-08-17,9.75361442565918
1996-08-18,8.537044525146484
1996-08-19,7.961714267730713
1996-08-20,7.286664962768555
1996-08-21,6.580634117126465
1996-08-22,6.143601417541504
1996-08-23,5.969757080078125
1996-08-24,6.000959396362305
1996-08-25,6.947900295257568
1996-08-26,8.345187187194824
1996-08-27,8.38397216796875
1996-08-28,9.38668441772461
1996-08-29,10.861251831054688
1996-08-30,10.479484558105469
1996-08-31,8.491195678710938
1996-09-01,7.081541061401367
1996-09-02,6.204369068145752
1996-09-03,9.734382629394531
1996-09-04,38.037208557128906
1996-09-05,90.92332458496094
1996-09-06,250.9441375732422
1996-09-07,393.38714599609375
1996-09-08,292.34918212890625
1996-09-09,120.12884521484375
1996-09-10,56.90188980102539
1996-09-11,46.546958923339844
1996-09-12,61.10268020629883
1996-09-13,62.7122917175293
1996-09-14,41.82506561279297
1996-09-15,28.485820770263672
1996-09-16,22.5500545501709
1996-09-17,23.368148803710938
1996-09-18,26.078832626342773
1996-09-19,22.771690368652344
1996-09-20,18.310138702392578
1996-09-21,15.543949127197266
1996-09-22,14.227581977844238
1996-09-23,13.724864959716797
1996-09-24,12.952644348144531
1996-09-25,11.863134384155273
1996-09-26,11.588251113891602
1996-09-27,12.20004653930664
1996-09-28,12.176812171936035
1996-09-29,12.738882064819336
1996-09-30,16.1020565032959
1996-10-01,20.4833984375
1996-10-02,27.83943748474121
1996-10-03,31.841707229614258
1996-10-04,27.44182014465332
1996-10-05,20.387006759643555
1996-10-06,16.110132217407227
1996-10-07,13.93873119354248
1996-10-08,40.69850540161133
1996-10-09,107.0340576171875
1996-10-10,125.08937072753906
1996-10-11,72.83786010742188
1996-10-12,41.709693908691406
1996-10-13,28.413936614990234
1996-10-14,22.213972091674805
1996-10-15,18.679386138916016
1996-10-16,16.40561294555664
1996-10-17,14.880208015441895
1996-10-18,14.934500694274902
1996-10-19,19.801803588867188
1996-10-20,22.368850708007812
1996-10-21,19.13701629638672
1996-10-22,16.12194061279297
1996-10-23,14.278411865234375
1996-10-24,13.189172744750977
1996-10-25,12.311549186706543
1996-10-26,11.698168754577637
1996-10-27,11.313879013061523
1996-10-28,10.89107608795166
1996-10-29,10.484082221984863
1996-10-30,10.09225082397461
1996-10-31,9.731107711791992
1996-11-01,9.382240295410156
1996-11-02,10.871017456054688
1996-11-03,15.141864776611328
1996-11-04,16.926589965820312
1996-11-05,14.309089660644531
1996-11-06,12.78796672821045
1996-11-07,11.912805557250977
1996-11-08,13.792182922363281
1996-11-09,21.081613540649414
1996-11-10,23.306358337402344
1996-11-11,18.524459838867188
1996-11-12,15.461410522460938
1996-11-13,13.607379913330078
1996-11-14,12.42061996459961
1996-11-15,11.82298755645752
1996-11-16,11.415268898010254
1996-11-17,10.890064239501953
1996-11-18,10.697532653808594
1996-11-19,11.516654968261719
1996-11-20,12.401697158813477
1996-11-21,12.36459732055664
1996-11-22,13.691834449768066
1996-11-23,15.292162895202637
1996-11-24,14.236726760864258
1996-11-25,12.967873573303223
1996-11-26,15.101116180419922
1996-11-27,21.971858978271484
1996-11-28,22.860363006591797
1996-11-29,17.94424819946289
1996-11-30,15.492720603942871
1996-12-01,40.40996170043945
1996-12-02,101.63717651367188
1996-12-03,106.11840057373047
1996-12-04,58.63671875
1996-12-05,35.882537841796875
1996-12-06,34.856910705566406
1996-12-07,49.78606033325195
1996-12-08,59.833290100097656
1996-12-09,53.304325103759766
1996-12-10,36.76681900024414
1996-12-11,27.206626892089844
1996-12-12,22.757158279418945
1996-12-13,22.147022247314453
1996-12-14,25.79197120666504
1996-12-15,26.278371810913086
1996-12-16,21.888742446899414
1996-12-17,18.944177627563477
1996-12-18,17.9548397064209
1996-12-19,19.522947311401367
1996-12-20,23.136932373046875
1996-12-21,23.140003204345703
1996-12-22,19.659751892089844
1996-12-23,17.821529388427734
1996-12-24,17.835403442382812
1996-12-25,20.418495178222656
1996-12-26,21.680477142333984
1996-12-27,19.707996368408203
1996-12-28,19.23138427734375
1996-12-29,18.547412872314453
1996-12-30,17.21317481994629
1996-12-31,16.23571014404297
1997-01-01,15.615259170532227
1997-01-02,15.209661483764648
1997-01-03,14.750642776489258
1997-01-04,14.07184886932373
1997-01-05,14.06723403930664
1997-01-06,15.49760627746582
1997-01-07,16.181018829345703
1997-01-08,14.815258026123047
1997-01-09,19.30625343322754
1997-01-10,38.960121154785156
1997-01-11,53.301109313964844
1997-01-12,43.48332595825195
1997-01-13,32.63227844238281
1997-01-14,25.695295333862305
1997-01-15,21.511825561523438
1997-01-16,26.509187698364258
1997-01-17,37.272911071777344
1997-01-18,35.12458038330078
1997-01-19,26.83135986328125
1997-01-20,22.00908088684082
1997-01-21,20.236833572387695
1997-01-22,19.978694915771484
1997-01-23,20.519611358642578
1997-01-24,21.497840881347656
1997-01-25,24.81440544128418
1997-01-26,28.102035522460938
1997-01-27,25.189437866210938
1997-01-28,24.021705627441406
1997-01-29,30.11941146850586
1997-01-30,32.09862518310547
1997-01-31,26.724714279174805
1997-02-01,22.871273040771484
1997-02-02,20.252405166625977
1997-02-03,18.27202606201172
1997-02-04,16.95223617553711
1997-02-05,17.0810546875
1997-02-06,17.93326187133789
1997-02-07,17.2988224029541
1997-02-08,18.7711124420166
1997-02-09,27.819496154785156
1997-02-10,32.52565002441406
1997-02-11,26.88878631591797
1997-02-12,22.998380661010742
1997-02-13,20.73270034790039
1997-02-14,32.33698272705078
1997-02-15,90.10690307617188
1997-02-16,134.02117919921875
1997-02-17,90.98997497558594
1997-02-18,55.86912536621094
1997-02-19,38.49363708496094
1997-02-20,30.51903533935547
1997-02-21,26.143936157226562
1997-02-22,25.394296646118164
1997-02-23,28.11440658569336
1997-02-24,26.069795608520508
1997-02-25,21.898317337036133
1997-02-26,19.610942840576172
1997-02-27,18.799028396606445
1997-02-28,21.966869354248047
1997-03-01,40.95425796508789
1997-03-02,64.15264892578125
1997-03-03,57.62968826293945
1997-03-04,58.08939743041992
1997-03-05,55.05891036987305
1997-03-06,43.291542053222656
1997-03-07,42.24185562133789
1997-03-08,36.26819610595703
1997-03-09,28.937360763549805
1997-03-10,24.510047912597656
1997-03-11,21.817584991455078
1997-03-12,19.623748779296875
1997-03-13,18.382694244384766
1997-03-14,19.49015998840332
1997-03-15,25.457429885864258
1997-03-16,27.87051010131836
1997-03-17,22.86076545715332
1997-03-18,19.54836082458496
1997-03-19,24.207271575927734
1997-03-20,44.9819450378418
1997-03-21,54.58430862426758
1997-03-22,38.20159912109375
1997-03-23,28.116241455078125
1997-03-24,23.155902862548828
1997-03-25,20.30089569091797
1997-03-26,20.862211227416992
1997-03-27,25.118391036987305
1997-03-28,24.573148727416992
1997-03-29,21.516521453857422
1997-03-30,19.237167358398438
1997-03-31,17.861740112304688
1997-04-01,17.144508361816406
1997-04-02,16.161802291870117
1997-04-03,15.27864933013916
1997-04-04,14.672643661499023
1997-04-05,14.232606887817383
1997-04-06,14.919846534729004
1997-04-07,18.566713333129883
1997-04-08,20.4092960357666
1997-04-09,17.384719848632812
1997-04-10,15.329339981079102
1997-04-11,13.93015193939209
1997-04-12,14.251296043395996
1997-04-13,18.932537078857422
1997-04-14,22.79728126525879
1997-04-15,19.030960083007812
1997-04-16,15.952022552490234
1997-04-17,14.532477378845215
1997-04-18,13.763224601745605
1997-04-19,13.046440124511719
1997-04-20,12.599968910217285
1997-04-21,12.325667381286621
1997-04-22,13.8484468460083
1997-04-23,26.931245803833008
1997-04-24,52.96281814575195
1997-04-25,57.775634765625
1997-04-26,38.998409271240234
1997-04-27,27.56680679321289
1997-04-28,42.091156005859375
1997-04-29,133.2467498779297
1997-04-30,172.39779663085938
1997-05-01,102.25057983398438
1997-05-02,58.32167053222656
1997-05-03,41.343284606933594
1997-05-04,37.87667465209961
1997-05-05,35.323490142822266
1997-05-06,28.509496688842773
1997-05-07,23.87842559814453
1997-05-08,20.86098861694336
1997-05-09,19.109506607055664
1997-05-10,18.41691780090332
1997-05-11,17.59680938720703
1997-05-12,16.240497589111328
1997-05-13,15.366531372070312
1997-05-14,14.647415161132812
1997-05-15,13.991216659545898
1997-05-16,13.280037879943848
1997-05-17,12.465328216552734
1997-05-18,11.945850372314453
1997-05-19,11.607282638549805
1997-05-20,11.05904769897461
1997-05-21,10.549154281616211
1997-05-22,10.163156509399414
1997-05-23,9.661537170410156
1997-05-24,9.365724563598633
1997-05-25,9.219772338867188
1997-05-26,9.779928207397461
1997-05-27,11.360066413879395
1997-05-28,11.783096313476562
1997-05-29,10.621454238891602
1997-05-30,9.571781158447266
1997-05-31,8.969280242919922
1997-06-01,9.009597778320312
1997-06-02,11.138944625854492
1997-06-03,16.613525390625
1997-06-04,22.17781639099121
1997-06-05,21.43722915649414
1997-06-06,16.182024002075195
1997-06-07,14.02164077758789
1997-06-08,13.016231536865234
1997-06-09,11.366256713867188
1997-06-10,10.171307563781738
1997-06-11,9.39095687866211
1997-06-12,8.901798248291016
1997-06-13,9.555294036865234
1997-06-14,11.340594291687012
1997-06-15,12.766448974609375
1997-06-16,12.353302001953125
1997-06-17,10.424718856811523
1997-06-18,9.48336124420166
1997-06-19,9.497185707092285
1997-06-20,9.174189567565918
1997-06-21,8.320059776306152
1997-06-22,7.850624084472656
1997-06-23,7.405418395996094
1997-06-24,6.895874977111816
1997-06-25,6.463200569152832
1997-06-26,6.367129325866699
1997-06-27,6.605952262878418
1997-06-28,6.848114967346191
1997-06-29,6.677249908447266
1997-06-30,6.103168487548828
1997-07-01,5.956201076507568
1997-07-02,6.696979999542236
1997-07-03,7.245782375335693
1997-07-04,6.90393590927124
1997-07-05,6.245875358581543
1997-07-06,5.7889909744262695
1997-07-07,5.595554351806641
1997-07-08,5.342682838439941
1997-07-09,5.067139148712158
1997-07-10,4.89316987991333
1997-07-11,4.781048774719238
1997-07-12,4.634403705596924
1997-07-13,4.407279968261719
1997-07-14,4.190878391265869
1997-07-15,4.062015533447266
1997-07-16,4.35687255859375
1997-07-17,5.687049388885498
1997-07-18,7.017763614654541
1997-07-19,6.6851983070373535
1997-07-20,5.730582237243652
1997-07-21,5.273930549621582
1997-07-22,5.52439546585083
1997-07-23,8.252022743225098
1997-07-24,14.630244255065918
1997-07-25,19.856155395507812
1997-07-26,16.58106231689453
1997-07-27,11.127522468566895
1997-07-28,8.701615333557129
1997-07-29,8.55612564086914
1997-07-30,8.921874046325684
1997-07-31,8.32685375213623
1997-08-01,7.283449649810791
1997-08-02,6.077242851257324
1997-08-03,5.324437618255615
1997-08-04,4.9446001052856445
1997-08-05,5.082879066467285
1997-08-06,5.418567180633545
1997-08-07,5.145932674407959
1997-08-08,4.884629249572754
1997-08-09,4.670760154724121
1997-08-10,4.382068157196045
1997-08-11,4.214024543762207
1997-08-12,4.075473785400391
1997-08-13,3.8935489654541016
1997-08-14,3.7955610752105713
1997-08-15,3.724296808242798
1997-08-16,3.611989736557007
1997-08-17,3.465623378753662
1997-08-18,3.300891399383545
1997-08-19,3.148618221282959
1997-08-20,3.515993595123291
1997-08-21,4.867335319519043
1997-08-22,5.7030181884765625
1997-08-23,4.7626051902771
1997-08-24,3.9633846282958984
1997-08-25,3.5797462463378906
1997-08-26,3.4877610206604004
1997-08-27,3.479393482208252
1997-08-28,3.348275899887085
1997-08-29,3.1945645809173584
1997-08-30,3.0511577129364014
1997-08-31,2.92809796333313
1997-09-01,2.8645124435424805
1997-09-02,2.980388641357422
1997-09-03,3.258429527282715
1997-09-04,3.3747620582580566
1997-09-05,3.2712180614471436
1997-09-06,3.0338988304138184
1997-09-07,2.880800485610962
1997-09-08,2.7666501998901367
1997-09-09,2.7985317707061768
1997-09-10,4.247949600219727
1997-09-11,7.221500873565674
1997-09-12,8.203407287597656
1997-09-13,6.4968061447143555
1997-09-14,4.9948835372924805
1997-09-15,4.285954475402832
1997-09-16,4.161687850952148
1997-09-17,4.01422643661499
1997-09-18,3.643906593322754
1997-09-19,3.480051279067993
1997-09-20,3.3972320556640625
1997-09-21,3.2210311889648438
1997-09-22,3.0499768257141113
1997-09-23,2.9553463459014893
1997-09-24,3.2274763584136963
1997-09-25,4.622201442718506
1997-09-26,6.195691108703613
1997-09-27,5.435129165649414
1997-09-28,4.488389015197754
1997-09-29,4.187942028045654
1997-09-30,4.101657390594482
1997-10-01,3.74301815032959
1997-10-02,3.3985249996185303
1997-10-03,3.220573902130127
1997-10-04,3.097480535507202
1997-10-05,2.9972400665283203
1997-10-06,2.9060466289520264
1997-10-07,2.8103086948394775
1997-10-08,2.7406697273254395
1997-10-09,2.6892151832580566
1997-10-10,2.663703441619873
1997-10-11,2.685473680496216
1997-10-12,2.711088180541992
1997-10-13,2.7061519622802734
1997-10-14,2.6984543800354004
1997-10-15,2.805854320526123
1997-10-16,3.149658679962158
1997-10-17,3.3907289505004883
1997-10-18,3.697965383529663
1997-10-19,5.388607025146484
1997-10-20,8.629354476928711
1997-10-21,9.320712089538574
1997-10-22,6.911317348480225
1997-10-23,5.362266540527344
1997-10-24,4.6119208335876465
1997-10-25,4.324542045593262
1997-10-26,4.681939125061035
1997-10-27,9.594590187072754
1997-10-28,18.895160675048828
1997-10-29,16.12766456604004
1997-10-30,10.472824096679688
1997-10-31,7.61361837387085
1997-11-01,6.574436187744141
1997-11-02,7.034528732299805
1997-11-03,8.255711555480957
1997-11-04,7.990660667419434
1997-11-05,6.904052734375
1997-11-06,6.145438194274902
1997-11-07,5.85439920425415
1997-11-08,5.9073028564453125
1997-11-09,5.834522247314453
1997-11-10,5.564458847045898
1997-11-11,5.316979885101318
1997-11-12,5.133199691772461
1997-11-13,5.261973857879639
1997-11-14,7.497828483581543
1997-11-15,11.390056610107422
1997-11-16,11.795263290405273
1997-11-17,9.573909759521484
1997-11-18,7.989699363708496
1997-11-19,7.044874668121338
1997-11-20,6.508984088897705
1997-11-21,6.822901248931885
1997-11-22,13.992401123046875
1997-11-23,20.04156494140625
1997-11-24,17.15583038330078
1997-11-25,12.255566596984863
1997-11-26,9.670836448669434
1997-11-27,8.327503204345703
1997-11-28,7.536836624145508
1997-11-29,7.140713214874268
1997-11-30,7.197415351867676
1997-12-01,8.859230041503906
1997-12-02,10.432055473327637
1997-12-03,9.684926986694336
1997-12-04,8.667106628417969
1997-12-05,8.28144645690918
1997-12-06,8.139004707336426
1997-12-07,7.669171333312988
1997-12-08,7.15777587890625
1997-12-09,6.800976276397705
1997-12-10,6.7737321853637695
1997-12-11,7.517133712768555
1997-12-12,8.164409637451172
1997-12-13,7.710724830627441
1997-12-14,7.26335334777832
1997-12-15,6.8955254554748535
1997-12-16,6.655900955200195
1997-12-17,6.47583532333374
1997-12-18,6.367818355560303
1997-12-19,6.258995532989502
1997-12-20,6.212759017944336
1997-12-21,6.1475982666015625
1997-12-22,6.5056233406066895
1997-12-23,8.491018295288086
1997-12-24,10.905550003051758
1997-12-25,14.159140586853027
1997-12-26,17.470508575439453
1997-12-27,18.156147003173828
1997-12-28,22.640155792236328
1997-12-29,23.812591552734375
1997-12-30,20.784271240234375
1997-12-31,19.361000061035156
1998-01-01,16.40471076965332
1998-01-02,13.703988075256348
1998-01-03,12.288325309753418
1998-01-04,11.713639259338379
1998-01-05,11.076972007751465
1998-01-06,10.932636260986328
1998-01-07,15.447308540344238
1998-01-08,34.38471984863281
1998-01-09,55.698760986328125
1998-01-10,50.42340087890625
1998-01-11,30.897130966186523
1998-01-12,20.884716033935547
1998-01-13,16.83646011352539
1998-01-14,15.241874694824219
1998-01-15,19.284961700439453
1998-01-16,58.7043571472168
1998-01-17,85.96745300292969
1998-01-18,66.13446807861328
1998-01-19,47.50613784790039
1998-01-20,44.921531677246094
1998-01-21,38.708309173583984
1998-01-22,28.176639556884766
1998-01-23,42.26942443847656
1998-01-24,77.11267852783203
1998-01-25,83.40472412109375
1998-01-26,57.023780822753906
1998-01-27,51.06402587890625
1998-01-28,94.76337432861328
1998-01-29,119.88182067871094
1998-01-30,79.67182922363281
1998-01-31,47.662296295166016
1998-02-01,33.0078125
1998-02-02,25.43655776977539
1998-02-03,22.00954246520996
1998-02-04,57.47559356689453
1998-02-05,126.55244445800781
1998-02-06,130.34544372558594
1998-02-07,83.07125854492188
1998-02-08,52.453311920166016
1998-02-09,37.569053649902344
1998-02-10,29.14369010925293
1998-02-11,26.042898178100586
1998-02-12,28.80087661743164
1998-02-13,29.99161148071289
1998-02-14,25.44647789001465
1998-02-15,22.214988708496094
1998-02-16,22.957672119140625
1998-02-17,106.11978912353516
1998-02-18,191.53826904296875
1998-02-19,148.19586181640625
1998-02-20,77.92951965332031
1998-02-21,47.265769958496094
1998-02-22,34.11529541015625
1998-02-23,32.250999450683594
1998-02-24,44.35127258300781
1998-02-25,49.5198974609375
1998-02-26,36.60006332397461
1998-02-27,28.109012603759766
1998-02-28,24.75424575805664
1998-03-01,23.263099670410156
1998-03-02,21.939857482910156
1998-03-03,21.228113174438477
1998-03-04,20.508914947509766
1998-03-05,19.130857467651367
1998-03-06,17.788206100463867
1998-03-07,16.800533294677734
1998-03-08,22.144235610961914
1998-03-09,93.74109649658203
1998-03-10,138.9715576171875
1998-03-11,89.58723449707031
1998-03-12,55.2574577331543
1998-03-13,38.94883728027344
1998-03-14,30.09113883972168
1998-03-15,25.159852981567383
1998-03-16,22.229921340942383
1998-03-17,20.43578338623047
1998-03-18,21.11263656616211
1998-03-19,91.84918212890625
1998-03-20,144.11135864257812
1998-03-21,134.3583984375
1998-03-22,101.98336029052734
1998-03-23,67.51068115234375
1998-03-24,44.92862319946289
1998-03-25,34.035888671875
1998-03-26,28.38834571838379
1998-03-27,24.68710708618164
1998-03-28,22.293155670166016
1998-03-29,20.473342895507812
1998-03-30,18.974918365478516
1998-03-31,17.854228973388672
1998-04-01,17.301782608032227
1998-04-02,17.52424430847168
1998-04-03,17.476119995117188
1998-04-04,18.08425521850586
1998-04-05,20.818601608276367
1998-04-06,21.523818969726562
1998-04-07,18.739927291870117
1998-04-08,17.103445053100586
1998-04-09,20.616579055786133
1998-04-10,30.780515670776367
1998-04-11,32.74906921386719
1998-04-12,25.052085876464844
1998-04-13,20.224653244018555
1998-04-14,18.01999282836914
1998-04-15,17.300094604492188
1998-04-16,16.738927841186523
1998-04-17,28.714027404785156
1998-04-18,63.37603759765625
1998-04-19,88.47911071777344
1998-04-20,90.72614288330078
1998-04-21,78.85685729980469
1998-04-22,51.228485107421875
1998-04-23,37.157230377197266
1998-04-24,30.337726593017578
1998-04-25,25.60552215576172
1998-04-26,22.31281089782715
1998-04-27,19.989791870117188
1998-04-28,18.615596771240234
1998-04-29,17.760223388671875
1998-04-30,16.974027633666992
1998-05-01,17.792396545410156
1998-05-02,22.604331970214844
1998-05-03,26.298500061035156
1998-05-04,22.981006622314453
1998-05-05,21.21405792236328
1998-05-06,19.930356979370117
1998-05-07,18.22100067138672
1998-05-08,27.98169708251953
1998-05-09,53.327510833740234
1998-05-10,51.31855773925781
1998-05-11,45.20672607421875
1998-05-12,47.15599822998047
1998-05-13,38.03156280517578
1998-05-14,28.21462059020996
1998-05-15,22.382368087768555
1998-05-16,19.165315628051758
1998-05-17,17.71523094177246
1998-05-18,17.92275047302246
1998-05-19,17.818077087402344
1998-05-20,15.775501251220703
1998-05-21,14.610610961914062
1998-05-22,13.942455291748047
1998-05-23,13.102115631103516
1998-05-24,13.640266418457031
1998-05-25,16.46162223815918
1998-05-26,18.962116241455078
1998-05-27,19.13631248474121
1998-05-28,19.69930648803711
1998-05-29,19.510034561157227
1998-05-30,16.571374893188477
1998-05-31,14.87506103515625
1998-06-01,14.206012725830078
1998-06-02,13.763415336608887
1998-06-03,14.185134887695312
1998-06-04,14.171477317810059
1998-06-05,14.716175079345703
1998-06-06,17.310806274414062
1998-06-07,18.280193328857422
1998-06-08,15.541621208190918
1998-06-09,13.01217269897461
1998-06-10,12.36219596862793
1998-06-11,13.439157485961914
1998-06-12,14.609309196472168
1998-06-13,14.107215881347656
1998-06-14,12.264959335327148
1998-06-15,11.085824012756348
1998-06-16,11.237530708312988
1998-06-17,11.753695487976074
1998-06-18,10.913406372070312
1998-06-19,9.758710861206055
1998-06-20,9.085166931152344
1998-06-21,8.784382820129395
1998-06-22,8.05033016204834
1998-06-23,7.668387413024902
1998-06-24,7.423515319824219
1998-06-25,7.060426712036133
1998-06-26,6.642266273498535
1998-06-27,6.363965034484863
1998-06-28,6.257844924926758
1998-06-29,6.196016311645508
1998-06-30,6.209021091461182
1998-07-01,6.437117576599121
1998-07-02,6.671180248260498
1998-07-03,6.267654895782471
1998-07-04,5.773594379425049
1998-07-05,5.3983635902404785
1998-07-06,5.137301921844482
1998-07-07,4.911177635192871
1998-07-08,4.7147064208984375
1998-07-09,4.6938557624816895
1998-07-10,4.710566520690918
1998-07-11,4.541312217712402
1998-07-12,4.380472183227539
1998-07-13,4.267414569854736
1998-07-14,4.1546854972839355
1998-07-15,3.984290838241577
1998-07-16,3.918163776397705
1998-07-17,4.3094868659973145
1998-07-18,4.991528034210205
1998-07-19,4.743937015533447
1998-07-20,4.257974624633789
1998-07-21,3.96561861038208
1998-07-22,3.8259308338165283
1998-07-23,3.76552152633667
1998-07-24,3.821328639984131
1998-07-25,3.921759605407715
1998-07-26,4.139025688171387
1998-07-27,4.865652084350586
1998-07-28,5.556801795959473
1998-07-29,5.615570068359375
1998-07-30,4.943077564239502
1998-07-31,4.3339385986328125
1998-08-01,4.25781774520874
1998-08-02,4.290416240692139
1998-08-03,3.8995914459228516
1998-08-04,3.5696802139282227
1998-08-05,3.354702949523926
1998-08-06,3.186155319213867
1998-08-07,3.04475998878479
1998-08-08,3.1342456340789795
1998-08-09,4.445448875427246
1998-08-10,7.540810585021973
1998-08-11,9.171785354614258
1998-08-12,8.233785629272461
1998-08-13,6.04723596572876
1998-08-14,4.690568447113037
1998-08-15,4.030810832977295
1998-08-16,3.804142713546753
1998-08-17,4.374126434326172
1998-08-18,5.191536903381348
1998-08-19,4.90720796585083
1998-08-20,4.170834541320801
1998-08-21,3.6810507774353027
1998-08-22,3.376028060913086
1998-08-23,3.1653952598571777
1998-08-24,2.979936361312866
1998-08-25,2.8423807621002197
1998-08-26,2.747288227081299
1998-08-27,2.715453863143921
1998-08-28,2.725968599319458
1998-08-29,2.6892054080963135
1998-08-30,2.552185535430908
1998-08-31,2.4192798137664795
1998-09-01,2.3300559520721436
1998-09-02,2.2632052898406982
1998-09-03,2.3472049236297607
1998-09-04,5.397861957550049
1998-09-05,9.049821853637695
1998-09-06,8.198488235473633
1998-09-07,5.579906940460205
1998-09-08,4.498201847076416
1998-09-09,4.687106609344482
1998-09-10,4.724681854248047
1998-09-11,4.0000996589660645
1998-09-12,3.462571144104004
1998-09-13,3.1619455814361572
1998-09-14,2.921041965484619
1998-09-15,2.726520538330078
1998-09-16,2.577824354171753
1998-09-17,2.4670040607452393
1998-09-18,2.381760835647583
1998-09-19,2.349059820175171
1998-09-20,2.3421502113342285
1998-09-21,2.3652584552764893
1998-09-22,2.545132875442505
1998-09-23,2.7783432006835938
1998-09-24,2.7139577865600586
1998-09-25,2.5378260612487793
1998-09-26,2.4265365600585938
1998-09-27,2.34662127494812
1998-09-28,2.2588071823120117
1998-09-29,2.175168037414551
1998-09-30,2.1525864601135254
1998-10-01,2.1911468505859375
1998-10-02,2.2212750911712646
1998-10-03,2.1854050159454346
1998-10-04,2.1839349269866943
1998-10-05,2.3452630043029785
1998-10-06,2.5753839015960693
1998-10-07,2.642338514328003
1998-10-08,2.837583065032959
1998-10-09,3.5896713733673096
1998-10-10,4.175670623779297
1998-10-11,3.6427218914031982
1998-10-12,3.141659736633301
1998-10-13,2.8750710487365723
1998-10-14,2.723172664642334
1998-10-15,2.6116862297058105
1998-10-16,2.5281028747558594
1998-10-17,2.4758706092834473
1998-10-18,2.44040584564209
1998-10-19,2.4041500091552734
1998-10-20,2.416954278945923
1998-10-21,2.4069063663482666
1998-10-22,2.397385835647583
1998-10-23,2.356924295425415
1998-10-24,2.3330349922180176
1998-10-25,2.383772134780884
1998-10-26,2.424722671508789
1998-10-27,2.437122106552124
1998-10-28,2.4004483222961426
1998-10-29,2.348478317260742
1998-10-30,2.32608699798584
1998-10-31,2.359574556350708
1998-11-01,2.352652072906494
1998-11-02,2.431661367416382
1998-11-03,2.574009895324707
1998-11-04,2.8196024894714355
1998-11-05,3.1137115955352783
1998-11-06,3.0899033546447754
1998-11-07,2.977553129196167
1998-11-08,2.9664762020111084
1998-11-09,2.9906179904937744
1998-11-10,2.957460403442383
1998-11-11,3.0298776626586914
1998-11-12,3.3246750831604004
1998-11-13,3.5817501544952393
1998-11-14,3.4843785762786865
1998-11-15,3.4409289360046387
1998-11-16,3.543736219406128
1998-11-17,3.6500768661499023
1998-11-18,3.6491031646728516
1998-11-19,3.5240001678466797
1998-11-20,3.473801612854004
1998-11-21,3.3762006759643555
1998-11-22,3.3323376178741455
1998-11-23,3.317715644836426
1998-11-24,3.2936954498291016
1998-11-25,3.212938070297241
1998-11-26,3.29301381111145
1998-11-27,3.4684112071990967
1998-11-28,3.647787570953369
1998-11-29,3.608468532562256
1998-11-30,3.5090627670288086
1998-12-01,3.403846502304077
1998-12-02,3.301591157913208
1998-12-03,3.3018031120300293
1998-12-04,3.264101028442383
1998-12-05,3.277895450592041
1998-12-06,3.2973434925079346
1998-12-07,3.264425277709961
1998-12-08,3.199862241744995
1998-12-09,3.615809440612793
1998-12-10,4.824915409088135
1998-12-11,5.225332260131836
1998-12-12,4.538452625274658
1998-12-13,6.603042125701904
1998-12-14,13.716232299804688
1998-12-15,16.371530532836914
1998-12-16,11.681891441345215
1998-12-17,10.186868667602539
1998-12-18,9.295106887817383
1998-12-19,7.600088596343994
1998-12-20,6.4928741455078125
1998-12-21,5.953010559082031
1998-12-22,5.665306091308594
1998-12-23,5.492685794830322
1998-12-24,6.210855484008789
1998-12-25,8.04765796661377
1998-12-26,9.099735260009766
1998-12-27,8.483319282531738
1998-12-28,7.886479377746582
1998-12-29,7.534505844116211
1998-12-30,7.302364349365234
1998-12-31,6.992191791534424
1999-01-01,6.404789447784424
1999-01-02,5.89838981628418
1999-01-03,16.851377487182617
1999-01-04,38.529022216796875
1999-01-05,37.96935272216797
1999-01-06,23.79949951171875
1999-01-07,15.651177406311035
1999-01-08,12.131841659545898
1999-01-09,10.801791191101074
1999-01-10,10.53819465637207
1999-01-11,9.530200004577637
1999-01-12,8.38369083404541
1999-01-13,7.704544544219971
1999-01-14,7.278725624084473
1999-01-15,9.23275089263916
1999-01-16,13.628889083862305
1999-01-17,14.017416000366211
1999-01-18,12.521020889282227
1999-01-19,15.221517562866211
1999-01-20,16.867794036865234
1999-01-21,13.340399742126465
1999-01-22,10.668037414550781
1999-01-23,9.614590644836426
1999-01-24,36.45047378540039
1999-01-25,75.76220703125
1999-01-26,66.77848052978516
1999-01-27,35.80786895751953
1999-01-28,21.416584014892578
1999-01-29,15.636931419372559
1999-01-30,12.768903732299805
1999-01-31,11.053046226501465
1999-02-01,10.689382553100586
1999-02-02,13.574792861938477
1999-02-03,17.22452163696289
1999-02-04,16.39401626586914
1999-02-05,13.664310455322266
1999-02-06,11.586834907531738
1999-02-07,10.38278579711914
1999-02-08,9.694483757019043
1999-02-09,9.208328247070312
1999-02-10,8.659732818603516
1999-02-11,8.247915267944336
1999-02-12,8.17672061920166
1999-02-13,8.599746704101562
1999-02-14,8.784639358520508
1999-02-15,8.231151580810547
1999-02-16,7.72291374206543
1999-02-17,7.480149269104004
1999-02-18,8.02867317199707
1999-02-19,11.07541561126709
1999-02-20,14.632834434509277
1999-02-21,14.037921905517578
1999-02-22,11.98836898803711
1999-02-23,10.480493545532227
1999-02-24,9.481525421142578
1999-02-25,8.902656555175781
1999-02-26,8.437957763671875
1999-02-27,8.02407169342041
1999-02-28,7.939582347869873
1999-03-01,8.663238525390625
1999-03-02,9.195962905883789
1999-03-03,8.966207504272461
1999-03-04,9.659584999084473
1999-03-05,10.291046142578125
1999-03-06,9.490144729614258
1999-03-07,8.8753080368042
1999-03-08,8.436187744140625
1999-03-09,8.062674522399902
1999-03-10,8.08466625213623
1999-03-11,8.336874008178711
1999-03-12,8.008440017700195
1999-03-13,7.659816265106201
1999-03-14,8.62906551361084
1999-03-15,19.86843490600586
1999-03-16,30.983810424804688
1999-03-17,26.098867416381836
1999-03-18,18.522769927978516
1999-03-19,14.333731651306152
1999-03-20,11.999731063842773
1999-03-21,12.424978256225586
1999-03-22,18.023334503173828
1999-03-23,20.487205505371094
1999-03-24,16.34716796875
1999-03-25,13.618173599243164
1999-03-26,12.299530982971191
1999-03-27,11.49044132232666
1999-03-28,10.417027473449707
1999-03-29,9.568928718566895
1999-03-30,9.031901359558105
1999-03-31,8.589258193969727
1999-04-01,9.53979206085205
1999-04-02,14.43063735961914
1999-04-03,16.724639892578125
1999-04-04,13.850750923156738
1999-04-05,11.640854835510254
1999-04-06,10.259199142456055
1999-04-07,9.26563835144043
1999-04-08,8.566524505615234
1999-04-09,8.120654106140137
1999-04-10,7.783310890197754
1999-04-11,7.749418258666992
1999-04-12,8.424267768859863
1999-04-13,8.754974365234375
1999-04-14,8.036365509033203
1999-04-15,7.518993377685547
1999-04-16,7.755295753479004
1999-04-17,8.259081840515137
1999-04-18,7.837549209594727
1999-04-19,7.266273498535156
1999-04-20,6.849788188934326
1999-04-21,6.5807318687438965
1999-04-22,6.27784538269043
1999-04-23,6.011724472045898
1999-04-24,5.778244495391846
1999-04-25,5.592153072357178
1999-04-26,5.406046390533447
1999-04-27,5.400062084197998
1999-04-28,6.55219841003418
1999-04-29,15.772544860839844
1999-04-30,43.85081481933594
1999-05-01,60.573265075683594
1999-05-02,45.545406341552734
1999-05-03,27.662511825561523
1999-05-04,17.9649715423584
1999-05-05,13.27247142791748
1999-05-06,10.977010726928711
1999-05-07,9.650781631469727
1999-05-08,9.15828800201416
1999-05-09,9.359095573425293
1999-05-10,9.005146026611328
1999-05-11,7.970510482788086
1999-05-12,7.061111927032471
1999-05-13,6.563150882720947
1999-05-14,10.529924392700195
1999-05-15,24.67793083190918
1999-05-16,31.369468688964844
1999-05-17,21.175521850585938
1999-05-18,13.870573043823242
1999-05-19,10.400651931762695
1999-05-20,8.819486618041992
1999-05-21,7.7769927978515625
1999-05-22,7.012046813964844
1999-05-23,6.597451686859131
1999-05-24,6.243041038513184
1999-05-25,5.859933853149414
1999-05-26,5.531902313232422
1999-05-27,5.331307888031006
1999-05-28,5.1426310539245605
1999-05-29,4.848582744598389
1999-05-30,4.58311653137207
1999-05-31,4.345771312713623
1999-06-01,4.12721061706543
1999-06-02,3.9121670722961426
1999-06-03,3.705676555633545
1999-06-04,3.500607967376709
1999-06-05,3.326612949371338
1999-06-06,3.1759390830993652
1999-06-07,3.049124240875244
1999-06-08,2.935056447982788
1999-06-09,2.8121278285980225
1999-06-10,2.6889150142669678
1999-06-11,2.5980517864227295
1999-06-12,2.5839364528656006
1999-06-13,2.596923828125
1999-06-14,2.5101981163024902
1999-06-15,2.5103707313537598
1999-06-16,2.9013748168945312
1999-06-17,4.099060535430908
1999-06-18,5.10800838470459
1999-06-19,4.712991237640381
1999-06-20,3.973071575164795
1999-06-21,3.7886619567871094
1999-06-22,3.9538986682891846
1999-06-23,3.8320796489715576
1999-06-24,3.425325870513916
1999-06-25,3.0485477447509766
1999-06-26,2.9404428005218506
1999-06-27,2.991427421569824
1999-06-28,3.056346893310547
1999-06-29,3.131437301635742
1999-06-30,3.084029197692871
1999-07-01,3.523851156234741
1999-07-02,5.908966064453125
1999-07-03,8.211936950683594
1999-07-04,6.716838359832764
1999-07-05,4.930854320526123
1999-07-06,3.8850975036621094
1999-07-07,3.4363045692443848
1999-07-08,3.7317399978637695
1999-07-09,4.330219268798828
1999-07-10,3.936915636062622
1999-07-11,3.5697646141052246
1999-07-12,3.9167847633361816
1999-07-13,5.068564414978027
1999-07-14,6.369773864746094
1999-07-15,6.800954818725586
1999-07-16,6.3311991691589355
1999-07-17,5.152401924133301
1999-07-18,4.219223976135254
1999-07-19,3.7206337451934814
1999-07-20,3.314918041229248
1999-07-21,3.015756368637085
1999-07-22,3.0390636920928955
1999-07-23,3.759171485900879
1999-07-24,4.6714019775390625
1999-07-25,4.592229843139648
1999-07-26,4.30184268951416
1999-07-27,3.6192007064819336
1999-07-28,3.045361280441284
1999-07-29,2.8559458255767822
1999-07-30,3.1900830268859863
1999-07-31,3.6874172687530518
1999-08-01,3.386306047439575
1999-08-02,2.9266278743743896
1999-08-03,2.603672981262207
1999-08-04,2.351182222366333
1999-08-05,2.129340171813965
1999-08-06,1.9623254537582397
1999-08-07,1.84095299243927
1999-08-08,1.748197078704834
1999-08-09,1.6967787742614746
1999-08-10,1.7093197107315063
1999-08-11,1.7210521697998047
1999-08-12,1.6556594371795654
1999-08-13,1.5666062831878662
1999-08-14,1.564371109008789
1999-08-15,2.046525478363037
1999-08-16,3.1593127250671387
1999-08-17,3.35722017288208
1999-08-18,2.7268357276916504
1999-08-19,2.2171244621276855
1999-08-20,2.0145232677459717
1999-08-21,2.290210723876953
1999-08-22,2.6715874671936035
1999-08-23,2.4083807468414307
1999-08-24,2.084444999694824
1999-08-25,2.0124309062957764
1999-08-26,2.528949022293091
1999-08-27,4.302607536315918
1999-08-28,6.051461219787598
1999-08-29,5.538540840148926
1999-08-30,4.040042400360107
1999-08-31,3.1602156162261963
1999-09-01,2.6153597831726074
1999-09-02,2.2787482738494873
1999-09-03,2.0482959747314453
1999-09-04,1.9131392240524292
1999-09-05,5.806056976318359
1999-09-06,29.66596221923828
1999-09-07,41.44047164916992
1999-09-08,25.352617263793945
1999-09-09,12.93265438079834
1999-09-10,8.423274040222168
1999-09-11,6.879090309143066
1999-09-12,5.565878868103027
1999-09-13,4.51876974105835
1999-09-14,3.8356785774230957
1999-09-15,4.474546432495117
1999-09-16,82.1982650756836
1999-09-17,107.83071899414062
1999-09-18,56.782501220703125
1999-09-19,25.61151885986328
1999-09-20,14.235589981079102
1999-09-21,10.578300476074219
1999-09-22,10.807258605957031
1999-09-23,10.914885520935059
1999-09-24,8.783096313476562
1999-09-25,7.156042098999023
1999-09-26,6.133579254150391
1999-09-27,6.428646087646484
1999-09-28,19.851848602294922
1999-09-29,51.21538543701172
1999-09-30,73.71078491210938
1999-10-01,70.86801147460938
1999-10-02,38.70756912231445
1999-10-03,21.52466583251953
1999-10-04,14.736894607543945
1999-10-05,12.352400779724121
1999-10-06,11.160446166992188
1999-10-07,9.575618743896484
1999-10-08,8.4297456741333
1999-10-09,7.641355514526367
1999-10-10,7.48452615737915
1999-10-11,10.03915023803711
1999-10-12,15.250778198242188
1999-10-13,16.54374122619629
1999-10-14,15.645012855529785
1999-10-15,14.592418670654297
1999-10-16,11.710474014282227
1999-10-17,10.894615173339844
1999-10-18,15.533088684082031
1999-10-19,19.585498809814453
1999-10-20,18.392379760742188
1999-10-21,23.791425704956055
1999-10-22,23.706432342529297
1999-10-23,17.698862075805664
1999-10-24,13.736398696899414
1999-10-25,11.356968879699707
1999-10-26,9.885724067687988
1999-10-27,8.940683364868164
1999-10-28,8.236250877380371
1999-10-29,7.723090171813965
1999-10-30,7.33734130859375
1999-10-31,7.027865409851074
1999-11-01,6.8534040451049805
1999-11-02,7.684757232666016
1999-11-03,10.162931442260742
1999-11-04,11.041271209716797
1999-11-05,9.655965805053711
1999-11-06,8.578770637512207
1999-11-07,7.879764080047607
1999-11-08,7.3386664390563965
1999-11-09,7.030035972595215
1999-11-10,6.797802925109863
1999-11-11,6.548465251922607
1999-11-12,6.465283393859863
1999-11-13,6.42692756652832
1999-11-14,6.289677619934082
1999-11-15,6.107952117919922
1999-11-16,5.8780741691589355
1999-11-17,5.7408294677734375
1999-11-18,5.701730728149414
1999-11-19,5.673769474029541
1999-11-20,5.656436920166016
1999-11-21,5.602095127105713
1999-11-22,5.668264865875244
1999-11-23,5.895546913146973
1999-11-24,6.044745445251465
1999-11-25,5.949721336364746
1999-11-26,6.718039035797119
1999-11-27,10.715448379516602
1999-11-28,13.865161895751953
1999-11-29,11.381854057312012
1999-11-30,9.198759078979492
1999-12-01,8.030062675476074
1999-12-02,7.416540622711182
1999-12-03,6.995014190673828
1999-12-04,6.724987030029297
1999-12-05,6.509627342224121
1999-12-06,6.5252909660339355
1999-12-07,6.981517791748047
1999-12-08,7.371354103088379
1999-12-09,7.024584770202637
1999-12-10,6.870029449462891
1999-12-11,7.144861698150635
1999-12-12,7.281172752380371
1999-12-13,6.997213363647461
1999-12-14,9.03506851196289
1999-12-15,15.500152587890625
1999-12-16,17.994468688964844
1999-12-17,13.94278335571289
1999-12-18,10.996070861816406
1999-12-19,9.496654510498047
1999-12-20,8.847262382507324
1999-12-21,9.502492904663086
1999-12-22,12.370762825012207
1999-12-23,14.152878761291504
1999-12-24,12.478266716003418
1999-12-25,10.902580261230469
1999-12-26,9.798285484313965
1999-12-27,8.925148963928223
1999-12-28,8.348162651062012
1999-12-29,7.9026994705200195
1999-12-30,7.603009223937988
1999-12-31,7.391038417816162
2000-01-01,7.238850116729736
2000-01-02,7.105559349060059
2000-01-03,6.964548110961914
2000-01-04,7.263274669647217
2000-01-05,9.546676635742188
2000-01-06,12.108489990234375
2000-01-07,10.865449905395508
2000-01-08,9.522963523864746
2000-01-09,9.201374053955078
2000-01-10,20.326828002929688
2000-01-11,38.68486022949219
2000-01-12,36.65294647216797
2000-01-13,23.744199752807617
2000-01-14,16.787338256835938
2000-01-15,13.425246238708496
2000-01-16,11.523561477661133
2000-01-17,10.295997619628906
2000-01-18,9.496966361999512
2000-01-19,9.295230865478516
2000-01-20,10.20167064666748
2000-01-21,11.285223007202148
2000-01-22,10.864073753356934
2000-01-23,9.999886512756348
2000-01-24,10.217060089111328
2000-01-25,12.17909049987793
2000-01-26,14.771599769592285
2000-01-27,14.386648178100586
2000-01-28,12.285172462463379
2000-01-29,10.8577880859375
2000-01-30,11.59095287322998
2000-01-31,15.107221603393555
2000-02-01,17.228618621826172
2000-02-02,16.457538604736328
2000-02-03,15.882084846496582
2000-02-04,16.603092193603516
2000-02-05,18.669845581054688
2000-02-06,20.111032485961914
2000-02-07,21.30802345275879
2000-02-08,23.305736541748047
2000-02-09,22.966073989868164
2000-02-10,20.44447135925293
2000-02-11,18.9717960357666
2000-02-12,24.589847564697266
2000-02-13,35.17914962768555
2000-02-14,41.35678482055664
2000-02-15,42.6768798828125
2000-02-16,38.22144317626953
2000-02-17,28.364093780517578
2000-02-18,23.7364501953125
2000-02-19,25.611846923828125
2000-02-20,25.4382381439209
2000-02-21,20.683197021484375
2000-02-22,17.07681655883789
2000-02-23,14.8681058883667
2000-02-24,13.68475341796875
2000-02-25,12.806279182434082
2000-02-26,12.064704895019531
2000-02-27,11.519601821899414
2000-02-28,11.59416675567627
2000-02-29,12.027239799499512
2000-03-01,11.719796180725098
2000-03-02,11.11550235748291
2000-03-03,10.557334899902344
2000-03-04,10.084211349487305
2000-03-05,9.832717895507812
2000-03-06,9.571084976196289
2000-03-07,9.244855880737305
2000-03-08,8.918707847595215
2000-03-09,8.756842613220215
2000-03-10,8.559840202331543
2000-03-11,8.37162971496582
2000-03-12,8.784849166870117
2000-03-13,9.590889930725098
2000-03-14,9.442388534545898
2000-03-15,8.840841293334961
2000-03-16,9.771321296691895
2000-03-17,30.72810935974121
2000-03-18,39.291473388671875
2000-03-19,28.213775634765625
2000-03-20,21.62912940979004
2000-03-21,29.569318771362305
2000-03-22,39.93806457519531
2000-03-23,33.56303024291992
2000-03-24,23.95291519165039
2000-03-25,18.38908576965332
2000-03-26,15.670492172241211
2000-03-27,14.788366317749023
2000-03-28,16.58626365661621
2000-03-29,17.73397445678711
2000-03-30,15.616019248962402
2000-03-31,14.10035228729248
2000-04-01,13.064122200012207
2000-04-02,12.058022499084473
2000-04-03,13.640534400939941
2000-04-04,20.136526107788086
2000-04-05,24.6029109954834
2000-04-06,20.153221130371094
2000-04-07,15.836138725280762
2000-04-08,16.09673309326172
2000-04-09,21.927566528320312
2000-04-10,23.678373336791992
2000-04-11,18.64921760559082
2000-04-12,15.235610008239746
2000-04-13,14.179525375366211
2000-04-14,16.495845794677734
2000-04-15,21.39769744873047
2000-04-16,28.986007690429688
2000-04-17,30.766071319580078
2000-04-18,29.436410903930664
2000-04-19,32.49844741821289
2000-04-20,30.9725341796875
2000-04-21,23.610549926757812
2000-04-22,18.68385124206543
2000-04-23,15.641294479370117
2000-04-24,13.779833793640137
2000-04-25,13.84704875946045
2000-04-26,17.97698402404785
2000-04-27,23.202756881713867
2000-04-28,27.491886138916016
2000-04-29,35.07206726074219
2000-04-30,34.54732894897461
2000-05-01,25.74868392944336
2000-05-02,19.829137802124023
2000-05-03,16.551786422729492
2000-05-04,14.537948608398438
2000-05-05,12.89510440826416
2000-05-06,11.692535400390625
2000-05-07,10.80616569519043
2000-05-08,10.081883430480957
2000-05-09,9.372308731079102
2000-05-10,8.766271591186523
2000-05-11,8.274922370910645
2000-05-12,7.885924339294434
2000-05-13,7.5615763664245605
2000-05-14,7.277941703796387
2000-05-15,7.209818363189697
2000-05-16,7.022347450256348
2000-05-17,6.575631141662598
2000-05-18,6.380242347717285
2000-05-19,6.195066452026367
2000-05-20,5.9228973388671875
2000-05-21,6.017301559448242
2000-05-22,7.260532379150391
2000-05-23,8.706731796264648
2000-05-24,8.378764152526855
2000-05-25,7.678681373596191
2000-05-26,7.576968193054199
2000-05-27,7.375037670135498
2000-05-28,6.923068046569824
2000-05-29,7.063596248626709
2000-05-30,7.225513935089111
2000-05-31,6.74205207824707
2000-06-01,5.90665864944458
2000-06-02,5.389376640319824
2000-06-03,5.142024040222168
2000-06-04,5.285467147827148
2000-06-05,5.9696125984191895
2000-06-06,7.895985126495361
2000-06-07,10.452122688293457
2000-06-08,8.808751106262207
2000-06-09,6.809425354003906
2000-06-10,5.705310821533203
2000-06-11,5.001476287841797
2000-06-12,4.503526210784912
2000-06-13,4.125150680541992
2000-06-14,3.946617841720581
2000-06-15,4.823930263519287
2000-06-16,9.12142562866211
2000-06-17,13.14530086517334
2000-06-18,11.10432243347168
2000-06-19,8.761467933654785
2000-06-20,9.71462631225586
2000-06-21,9.736261367797852
2000-06-22,7.847385406494141
2000-06-23,6.508082866668701
2000-06-24,5.667040824890137
2000-06-25,4.894096374511719
2000-06-26,4.495528221130371
2000-06-27,4.533760070800781
2000-06-28,5.441991806030273
2000-06-29,7.446081161499023
2000-06-30,9.062570571899414
2000-07-01,8.353285789489746
2000-07-02,6.313011169433594
2000-07-03,5.067291259765625
2000-07-04,4.35502290725708
2000-07-05,4.011107921600342
2000-07-06,4.023797512054443
2000-07-07,4.041115760803223
2000-07-08,3.786647319793701
2000-07-09,3.5219221115112305
2000-07-10,3.357114791870117
2000-07-11,3.1866085529327393
2000-07-12,3.1403656005859375
2000-07-13,3.6181182861328125
2000-07-14,4.522566795349121
2000-07-15,5.035304069519043
2000-07-16,4.854377746582031
2000-07-17,4.418395519256592
2000-07-18,3.8888120651245117
2000-07-19,3.424011707305908
2000-07-20,3.089857578277588
2000-07-21,2.9162654876708984
2000-07-22,2.834505319595337
2000-07-23,3.2212202548980713
2000-07-24,4.845846652984619
2000-07-25,6.921037673950195
2000-07-26,7.652568817138672
2000-07-27,6.8675947189331055
2000-07-28,5.731616020202637
2000-07-29,5.058359622955322
2000-07-30,5.022416591644287
2000-07-31,5.029714107513428
2000-08-01,5.513794898986816
2000-08-02,7.2613420486450195
2000-08-03,8.733339309692383
2000-08-04,9.100700378417969
2000-08-05,8.839820861816406
2000-08-06,7.766050815582275
2000-08-07,6.2056403160095215
2000-08-08,5.334810733795166
2000-08-09,4.88616943359375
2000-08-10,5.24357795715332
2000-08-11,7.1098952293396
2000-08-12,7.307194709777832
2000-08-13,5.889193534851074
2000-08-14,4.857048988342285
2000-08-15,4.176656723022461
2000-08-16,3.710284471511841
2000-08-17,3.3830056190490723
2000-08-18,3.3811190128326416
2000-08-19,3.7343525886535645
2000-08-20,3.7481160163879395
2000-08-21,3.3861114978790283
2000-08-22,3.102308988571167
2000-08-23,2.874047040939331
2000-08-24,2.6909499168395996
2000-08-25,2.57659912109375
2000-08-26,2.566132068634033
2000-08-27,3.0689401626586914
2000-08-28,6.668004512786865
2000-08-29,9.322122573852539
2000-08-30,8.380528450012207
2000-08-31,6.724795341491699
2000-09-01,7.108954906463623
2000-09-02,10.032539367675781
2000-09-03,15.417115211486816
2000-09-04,19.978181838989258
2000-09-05,18.994657516479492
2000-09-06,14.218793869018555
2000-09-07,9.919134140014648
2000-09-08,7.2900190353393555
2000-09-09,5.816159248352051
2000-09-10,5.0052080154418945
2000-09-11,4.443689823150635
2000-09-12,4.022436618804932
2000-09-13,3.6898891925811768
2000-09-14,3.5770342350006104
2000-09-15,4.459223747253418
2000-09-16,7.602353096008301
2000-09-17,7.836216449737549
2000-09-18,6.123371124267578
2000-09-19,6.117035865783691
2000-09-20,8.420234680175781
2000-09-21,8.910690307617188
2000-09-22,7.644819259643555
2000-09-23,9.31501579284668
2000-09-24,14.624042510986328
2000-09-25,16.382944107055664
2000-09-26,18.623796463012695
2000-09-27,20.914470672607422
2000-09-28,17.122385025024414
2000-09-29,11.750377655029297
2000-09-30,8.692560195922852
2000-10-01,7.069347858428955
2000-10-02,6.103170871734619
2000-10-03,5.455521106719971
2000-10-04,4.978673934936523
2000-10-05,4.595802307128906
2000-10-06,4.3005218505859375
2000-10-07,4.0803728103637695
2000-10-08,3.962496280670166
2000-10-09,3.9009857177734375
2000-10-10,3.799609422683716
2000-10-11,3.669121265411377
2000-10-12,3.568557024002075
2000-10-13,3.509870767593384
2000-10-14,3.5125856399536133
2000-10-15,3.4728879928588867
2000-10-16,3.434840202331543
2000-10-17,3.3617162704467773
2000-10-18,3.266998767852783
2000-10-19,3.1892752647399902
2000-10-20,3.140165090560913
2000-10-21,3.130497932434082
2000-10-22,3.0674335956573486
2000-10-23,2.9812960624694824
2000-10-24,2.9250247478485107
2000-10-25,2.9304909706115723
2000-10-26,2.9366321563720703
2000-10-27,2.910334825515747
2000-10-28,2.878394365310669
2000-10-29,2.8147644996643066
2000-10-30,2.7729203701019287
2000-10-31,2.769831657409668
2000-11-01,2.83117413520813
2000-11-02,3.0039284229278564
2000-11-03,3.129507541656494
2000-11-04,3.1679978370666504
2000-11-05,3.090421199798584
2000-11-06,3.1025588512420654
2000-11-07,3.1505751609802246
2000-11-08,3.1914467811584473
2000-11-09,3.2711987495422363
2000-11-10,3.5610523223876953
2000-11-11,3.886647939682007
2000-11-12,3.761626720428467
2000-11-13,3.613187551498413
2000-11-14,3.6075730323791504
2000-11-15,3.849290609359741
2000-11-16,4.044802665710449
2000-11-17,3.9874141216278076
2000-11-18,3.9112730026245117
2000-11-19,3.8945138454437256
2000-11-20,3.9642293453216553
2000-11-21,4.119433403015137
2000-11-22,4.012810707092285
2000-11-23,3.86191725730896
2000-11-24,3.7520360946655273
2000-11-25,3.915843963623047
2000-11-26,4.963070392608643
2000-11-27,6.310248851776123
2000-11-28,5.99827766418457
2000-11-29,5.3147783279418945
2000-11-30,4.881621360778809
2000-12-01,4.615726470947266
2000-12-02,4.421907424926758
2000-12-03,4.302554607391357
2000-12-04,4.2788405418396
2000-12-05,4.184816837310791
2000-12-06,4.077112674713135
2000-12-07,3.9794187545776367
2000-12-08,3.913411855697632
2000-12-09,3.9120891094207764
2000-12-10,3.857083797454834
2000-12-11,3.9014341831207275
2000-12-12,4.021604061126709
2000-12-13,4.012539386749268
2000-12-14,4.0338873863220215
2000-12-15,4.26986026763916
2000-12-16,4.593554496765137
2000-12-17,7.946267127990723
2000-12-18,12.475522994995117
2000-12-19,11.661979675292969
2000-12-20,9.128303527832031
2000-12-21,8.08537483215332
2000-12-22,7.05245304107666
2000-12-23,6.366241455078125
2000-12-24,5.847606658935547
2000-12-25,5.466500759124756
2000-12-26,5.15821647644043
2000-12-27,4.902140140533447
2000-12-28,4.764663219451904
2000-12-29,4.611975193023682
2000-12-30,4.486105918884277
2000-12-31,4.405679225921631
2001-01-01,4.2942304611206055
2001-01-02,4.158292770385742
2001-01-03,4.078360080718994
2001-01-04,4.041625022888184
2001-01-05,4.034400939941406
2001-01-06,4.04278564453125
2001-01-07,4.053550720214844
2001-01-08,4.197598934173584
2001-01-09,4.637387275695801
2001-01-10,5.0700602531433105
2001-01-11,4.980434894561768
2001-01-12,4.861175537109375
2001-01-13,4.830080986022949
2001-01-14,4.793702125549316
2001-01-15,4.724058151245117
2001-01-16,4.68558406829834
2001-01-17,4.609941482543945
2001-01-18,4.784992218017578
2001-01-19,6.376886367797852
2001-01-20,17.220197677612305
2001-01-21,35.33978271484375
2001-01-22,35.10004806518555
2001-01-23,21.55695915222168
2001-01-24,14.13392448425293
2001-01-25,10.753177642822266
2001-01-26,8.938170433044434
2001-01-27,7.9231038093566895
2001-01-28,7.221590042114258
2001-01-29,6.724888801574707
2001-01-30,6.71937370300293
2001-01-31,7.432381629943848
2001-02-01,7.785367488861084
2001-02-02,7.1639723777771
2001-02-03,6.626863479614258
2001-02-04,6.228078842163086
2001-02-05,5.995591640472412
2001-02-06,5.898599147796631
2001-02-07,5.74613094329834
2001-02-08,5.5986738204956055
2001-02-09,5.486669540405273
2001-02-10,5.437163829803467
2001-02-11,5.477252006530762
2001-02-12,5.466124534606934
2001-02-13,5.687456130981445
2001-02-14,6.418126106262207
2001-02-15,7.227130889892578
2001-02-16,8.144208908081055
2001-02-17,22.76908302307129
2001-02-18,37.47201919555664
2001-02-19,32.35508346557617
2001-02-20,21.00430679321289
2001-02-21,14.721332550048828
2001-02-22,11.554356575012207
2001-02-23,10.4999418258667
2001-02-24,10.753253936767578
2001-02-25,10.054658889770508
2001-02-26,10.282186508178711
2001-02-27,10.625887870788574
2001-02-28,9.48216724395752
2001-03-01,8.52957820892334
2001-03-02,7.820322036743164
2001-03-03,7.546867370605469
2001-03-04,9.011018753051758
2001-03-05,15.303967475891113
2001-03-06,18.374652862548828
2001-03-07,15.447428703308105
2001-03-08,12.440746307373047
2001-03-09,10.513849258422852
2001-03-10,9.300394058227539
2001-03-11,8.407624244689941
2001-03-12,7.813409328460693
2001-03-13,7.757051944732666
2001-03-14,8.383479118347168
2001-03-15,10.004253387451172
2001-03-16,14.629898071289062
2001-03-17,17.83837890625
2001-03-18,15.012402534484863
2001-03-19,12.030029296875
2001-03-20,10.801815032958984
2001-03-21,29.04846954345703
2001-03-22,61.460655212402344
2001-03-23,61.166770935058594
2001-03-24,36.73979949951172
2001-03-25,23.064552307128906
2001-03-26,17.189558029174805
2001-03-27,14.142654418945312
2001-03-28,11.999370574951172
2001-03-29,14.79507827758789
2001-03-30,44.687721252441406
2001-03-31,68.20925903320312
2001-04-01,72.74954986572266
2001-04-02,82.18192291259766
2001-04-03,69.39299774169922
2001-04-04,45.34590530395508
2001-04-05,31.942434310913086
2001-04-06,23.682510375976562
2001-04-07,19.135534286499023
2001-04-08,16.272777557373047
2001-04-09,14.361936569213867
2001-04-10,12.935290336608887
2001-04-11,11.746485710144043
2001-04-12,10.881718635559082
2001-04-13,10.455301284790039
2001-04-14,10.355644226074219
2001-04-15,10.21950626373291
2001-04-16,9.71395206451416
2001-04-17,9.243003845214844
2001-04-18,9.01012897491455
2001-04-19,8.686728477478027
2001-04-20,8.156651496887207
2001-04-21,7.8450541496276855
2001-04-22,7.561827659606934
2001-04-23,7.20990514755249
2001-04-24,6.883924961090088
2001-04-25,7.371163368225098
2001-04-26,9.467344284057617
2001-04-27,10.636374473571777
2001-04-28,9.240656852722168
2001-04-29,8.119680404663086
2001-04-30,7.3530426025390625
2001-05-01,6.853839874267578
2001-05-02,6.490611553192139
2001-05-03,6.154289722442627
2001-05-04,5.843326568603516
2001-05-05,5.549967288970947
2001-05-06,5.2704362869262695
2001-05-07,5.040685176849365
2001-05-08,4.840624809265137
2001-05-09,4.63072395324707
2001-05-10,4.526429176330566
2001-05-11,4.4838666915893555
2001-05-12,4.498169898986816
2001-05-13,4.524169921875
2001-05-14,4.4047112464904785
2001-05-15,4.121127128601074
2001-05-16,5.069455146789551
2001-05-17,8.573488235473633
2001-05-18,11.545418739318848
2001-05-19,10.545112609863281
2001-05-20,8.19342041015625
2001-05-21,7.301342964172363
2001-05-22,8.08881950378418
2001-05-23,8.864519119262695
2001-05-24,8.270917892456055
2001-05-25,6.992292881011963
2001-05-26,8.875038146972656
2001-05-27,13.966334342956543
2001-05-28,14.257685661315918
2001-05-29,10.7850980758667
2001-05-30,8.658858299255371
2001-05-31,7.058575630187988
2001-06-01,7.098560810089111
2001-06-02,10.61887264251709
2001-06-03,12.40283203125
2001-06-04,10.028722763061523
2001-06-05,7.665652275085449
2001-06-06,7.181441307067871
2001-06-07,8.657000541687012
2001-06-08,9.39326286315918
2001-06-09,7.7638044357299805
2001-06-10,6.332368850708008
2001-06-11,5.328200340270996
2001-06-12,4.674173355102539
2001-06-13,4.427757263183594
2001-06-14,4.684362411499023
2001-06-15,5.031131267547607
2001-06-16,4.822287082672119
2001-06-17,4.43337869644165
2001-06-18,4.015050888061523
2001-06-19,3.566946029663086
2001-06-20,3.2349367141723633
2001-06-21,3.0104188919067383
2001-06-22,2.9675517082214355
2001-06-23,3.3217077255249023
2001-06-24,3.885098457336426
2001-06-25,3.973562717437744
2001-06-26,3.7342593669891357
2001-06-27,3.660691022872925
2001-06-28,3.7054834365844727
2001-06-29,3.533581256866455
2001-06-30,3.183068037033081
2001-07-01,2.915935754776001
2001-07-02,2.7759575843811035
2001-07-03,2.7236931324005127
2001-07-04,2.7708935737609863
2001-07-05,3.441499710083008
2001-07-06,4.516287803649902
2001-07-07,4.5222063064575195
2001-07-08,3.9459362030029297
2001-07-09,4.306631565093994
2001-07-10,4.8371710777282715
2001-07-11,4.270692825317383
2001-07-12,3.5865800380706787
2001-07-13,3.123871326446533
2001-07-14,2.78328537940979
2001-07-15,2.588186502456665
2001-07-16,2.3501973152160645
2001-07-17,2.1653459072113037
2001-07-18,2.0839900970458984
2001-07-19,2.0911545753479004
2001-07-20,2.085305690765381
2001-07-21,1.9936764240264893
2001-07-22,1.8770700693130493
2001-07-23,1.7534010410308838
2001-07-24,1.7243576049804688
2001-07-25,1.8054438829421997
2001-07-26,2.103886127471924
2001-07-27,3.764592170715332
2001-07-28,5.890297889709473
2001-07-29,6.664422035217285
2001-07-30,7.549324989318848
2001-07-31,7.585773944854736
2001-08-01,5.616508483886719
2001-08-02,4.365701198577881
2001-08-03,3.722571849822998
2001-08-04,3.17649507522583
2001-08-05,2.850036382675171
2001-08-06,2.5933403968811035
2001-08-07,2.3131909370422363
2001-08-08,2.093020439147949
2001-08-09,1.9096165895462036
2001-08-10,1.7837039232254028
2001-08-11,1.8744276762008667
2001-08-12,2.6757302284240723
2001-08-13,4.083327770233154
2001-08-14,4.686178684234619
2001-08-15,4.432584285736084
2001-08-16,3.5450334548950195
2001-08-17,2.8588385581970215
2001-08-18,2.5932669639587402
2001-08-19,2.976945400238037
2001-08-20,3.6574459075927734
2001-08-21,3.607775926589966
2001-08-22,3.014178991317749
2001-08-23,2.504948616027832
2001-08-24,2.2833251953125
2001-08-25,2.391021251678467
2001-08-26,2.4597055912017822
2001-08-27,2.235156774520874
2001-08-28,2.0694143772125244
2001-08-29,1.996288537979126
2001-08-30,2.028081178665161
2001-08-31,2.074169158935547
2001-09-01,2.1425070762634277
2001-09-02,2.3906872272491455
2001-09-03,2.608874559402466
2001-09-04,2.6048636436462402
2001-09-05,2.6436967849731445
2001-09-06,2.4922895431518555
2001-09-07,2.2170844078063965
2001-09-08,2.0055465698242188
2001-09-09,1.857283115386963
2001-09-10,1.8188610076904297
2001-09-11,1.95308256149292
2001-09-12,2.0380160808563232
2001-09-13,1.91228449344635
2001-09-14,1.7621960639953613
2001-09-15,1.6821012496948242
2001-09-16,1.6250470876693726
2001-09-17,1.551307201385498
2001-09-18,1.4979443550109863
2001-09-19,1.474635124206543
2001-09-20,1.4957760572433472
2001-09-21,1.8106216192245483
2001-09-22,2.246819019317627
2001-09-23,2.2565836906433105
2001-09-24,2.2728843688964844
2001-09-25,3.129502773284912
2001-09-26,4.08700704574585
2001-09-27,3.565700054168701
2001-09-28,2.857983112335205
2001-09-29,2.4153335094451904
2001-09-30,2.146773099899292
2001-10-01,1.9766182899475098
2001-10-02,1.8601922988891602
2001-10-03,1.769270896911621
2001-10-04,1.6902539730072021
2001-10-05,1.6221319437026978
2001-10-06,1.6110117435455322
2001-10-07,1.705923318862915
2001-10-08,1.7793704271316528
2001-10-09,1.7530186176300049
2001-10-10,1.7207187414169312
2001-10-11,1.7266826629638672
2001-10-12,1.6947174072265625
2001-10-13,1.6570631265640259
2001-10-14,1.7020893096923828
2001-10-15,1.9814187288284302
2001-10-16,2.2543108463287354
2001-10-17,2.1525444984436035
2001-10-18,1.9880597591400146
2001-10-19,1.8742880821228027
2001-10-20,1.8104170560836792
2001-10-21,1.7680408954620361
2001-10-22,1.7441660165786743
2001-10-23,1.7086951732635498
2001-10-24,1.7004486322402954
2001-10-25,1.6381018161773682
2001-10-26,1.5807257890701294
2001-10-27,1.547844648361206
2001-10-28,1.532569169998169
2001-10-29,1.5322320461273193
2001-10-30,1.5483957529067993
2001-10-31,1.563643455505371
2001-11-01,1.6078391075134277
2001-11-02,1.6977618932724
2001-11-03,1.7085949182510376
2001-11-04,1.7044938802719116
2001-11-05,1.6864532232284546
2001-11-06,1.681392788887024
2001-11-07,1.7210466861724854
2001-11-08,1.8076642751693726
2001-11-09,1.84304940700531
2001-11-10,1.7902202606201172
2001-11-11,1.8092703819274902
2001-11-12,1.776293158531189
2001-11-13,1.7925471067428589
2001-11-14,1.8584007024765015
2001-11-15,1.9343483448028564
2001-11-16,1.9645628929138184
2001-11-17,1.9883992671966553
2001-11-18,1.9529500007629395
2001-11-19,1.962058186531067
2001-11-20,1.9637110233306885
2001-11-21,1.9365737438201904
2001-11-22,1.9509985446929932
2001-11-23,1.9923850297927856
2001-11-24,2.0529892444610596
2001-11-25,2.154057502746582
2001-11-26,2.3362016677856445
2001-11-27,2.4310519695281982
2001-11-28,2.422686815261841
2001-11-29,2.331010580062866
2001-11-30,2.261971950531006
2001-12-01,2.2545132637023926
2001-12-02,2.317138671875
2001-12-03,2.2818257808685303
2001-12-04,2.30867862701416
2001-12-05,2.3561902046203613
2001-12-06,2.338438034057617
2001-12-07,2.274872303009033
2001-12-08,2.248170852661133
2001-12-09,2.2489752769470215
2001-12-10,2.264313220977783
2001-12-11,3.1186788082122803
2001-12-12,5.425043106079102
2001-12-13,6.314800262451172
2001-12-14,5.3080596923828125
2001-12-15,4.363703727722168
2001-12-16,3.7888455390930176
2001-12-17,3.403428077697754
2001-12-18,3.6026878356933594
2001-12-19,4.848301410675049
2001-12-20,5.455880641937256
2001-12-21,4.4838080406188965
2001-12-22,3.827986717224121
2001-12-23,3.502861976623535
2001-12-24,3.4728665351867676
2001-12-25,3.8115010261535645
2001-12-26,3.9450037479400635
2001-12-27,3.613003969192505
2001-12-28,3.366584062576294
2001-12-29,3.233395576477051
2001-12-30,3.132800579071045
2001-12-31,2.993530511856079
2002-01-01,2.8355090618133545
2002-01-02,2.7716376781463623
2002-01-03,3.1042680740356445
2002-01-04,3.566713809967041
2002-01-05,3.951061248779297
2002-01-06,4.322691917419434
2002-01-07,6.554059982299805
2002-01-08,8.42512035369873
2002-01-09,7.749755859375
2002-01-10,7.338067054748535
2002-01-11,7.342218399047852
2002-01-12,6.656360626220703
2002-01-13,5.939337253570557
2002-01-14,5.536118507385254
2002-01-15,5.136144638061523
2002-01-16,4.726199626922607
2002-01-17,4.424686431884766
2002-01-18,4.294527530670166
2002-01-19,9.458096504211426
2002-01-20,27.79867935180664
2002-01-21,32.469417572021484
2002-01-22,23.507335662841797
2002-01-23,20.58696746826172
2002-01-24,28.00698471069336
2002-01-25,31.51581573486328
2002-01-26,25.655574798583984
2002-01-27,18.717269897460938
2002-01-28,13.421775817871094
2002-01-29,10.502382278442383
2002-01-30,8.816512107849121
2002-01-31,7.71085786819458
2002-02-01,6.933154582977295
2002-02-02,6.373020648956299
2002-02-03,5.9488420486450195
2002-02-04,5.613609313964844
2002-02-05,5.351881980895996
2002-02-06,5.117897987365723
2002-02-07,6.760021209716797
2002-02-08,12.739727020263672
2002-02-09,16.15666389465332
2002-02-10,13.235237121582031
2002-02-11,10.640456199645996
2002-02-12,9.242061614990234
2002-02-13,7.921950817108154
2002-02-14,7.031058311462402
2002-02-15,6.408878326416016
2002-02-16,5.963422775268555
2002-02-17,5.660336971282959
2002-02-18,5.401337146759033
2002-02-19,5.197521209716797
2002-02-20,5.047817230224609
2002-02-21,4.979693412780762
2002-02-22,4.890033721923828
2002-02-23,4.736360549926758
2002-02-24,4.579060077667236
2002-02-25,4.457114219665527
2002-02-26,4.3900628089904785
2002-02-27,4.340215682983398
2002-02-28,4.280780792236328
2002-03-01,4.232189655303955
2002-03-02,4.529965877532959
2002-03-03,8.250359535217285
2002-03-04,13.841233253479004
2002-03-05,13.511011123657227
2002-03-06,10.391319274902344
2002-03-07,8.246622085571289
2002-03-08,7.042616844177246
2002-03-09,6.408527374267578
2002-03-10,6.585760593414307
2002-03-11,6.659143447875977
2002-03-12,6.27429723739624
2002-03-13,6.624997615814209
2002-03-14,8.397750854492188
2002-03-15,9.415114402770996
2002-03-16,8.366022109985352
2002-03-17,7.401196002960205
2002-03-18,9.185651779174805
2002-03-19,13.840287208557129
2002-03-20,14.803693771362305
2002-03-21,14.137109756469727
2002-03-22,15.414938926696777
2002-03-23,14.279457092285156
2002-03-24,11.28759765625
2002-03-25,9.275703430175781
2002-03-26,8.558064460754395
2002-03-27,11.199546813964844
2002-03-28,13.096918106079102
2002-03-29,11.378438949584961
2002-03-30,9.46702766418457
2002-03-31,8.848322868347168
2002-04-01,10.113123893737793
2002-04-02,11.224112510681152
2002-04-03,9.782395362854004
2002-04-04,8.410146713256836
2002-04-05,7.414388656616211
2002-04-06,6.64685583114624
2002-04-07,6.175562858581543
2002-04-08,5.82377815246582
2002-04-09,5.600042343139648
2002-04-10,5.711958885192871
2002-04-11,6.04904842376709
2002-04-12,6.021772861480713
2002-04-13,5.743460655212402
2002-04-14,5.568210601806641
2002-04-15,5.359139442443848
2002-04-16,5.10643196105957
2002-04-17,4.794643402099609
2002-04-18,4.513330936431885
2002-04-19,4.384542465209961
2002-04-20,4.437004089355469
2002-04-21,4.476335525512695
2002-04-22,4.295660495758057
2002-04-23,4.1164093017578125
2002-04-24,3.927584171295166
2002-04-25,3.7985355854034424
2002-04-26,3.8105087280273438
2002-04-27,3.77191424369812
2002-04-28,3.6293821334838867
2002-04-29,3.527283191680908
2002-04-30,3.3638110160827637
2002-05-01,3.206453323364258
2002-05-02,3.273259162902832
2002-05-03,3.631260395050049
2002-05-04,4.490009307861328
2002-05-05,5.617772102355957
2002-05-06,5.908837795257568
2002-05-07,5.104982852935791
2002-05-08,4.462182998657227
2002-05-09,4.357280254364014
2002-05-10,4.5338592529296875
2002-05-11,4.330173015594482
2002-05-12,3.8917341232299805
2002-05-13,3.6427597999572754
2002-05-14,3.8567538261413574
2002-05-15,4.381321430206299
2002-05-16,4.198591232299805
2002-05-17,3.6488871574401855
2002-05-18,3.2837154865264893
2002-05-19,3.339202642440796
2002-05-20,3.4073052406311035
2002-05-21,3.0859203338623047
2002-05-22,2.8334646224975586
2002-05-23,2.6589813232421875
2002-05-24,2.504096031188965
2002-05-25,2.420097589492798
2002-05-26,2.306715250015259
2002-05-27,2.1794607639312744
2002-05-28,2.0576584339141846
2002-05-29,1.9551246166229248
2002-05-30,1.8613579273223877
2002-05-31,1.8497995138168335
2002-06-01,1.9514713287353516
2002-06-02,2.0574193000793457
2002-06-03,2.1383109092712402
2002-06-04,2.0024657249450684
2002-06-05,1.8469957113265991
2002-06-06,1.799704909324646
2002-06-07,1.994409441947937
2002-06-08,2.386188507080078
2002-06-09,2.2987780570983887
2002-06-10,1.9590628147125244
2002-06-11,1.7225958108901978
2002-06-12,1.562056303024292
2002-06-13,1.4358890056610107
2002-06-14,1.382842779159546
2002-06-15,1.43357253074646
2002-06-16,1.5025243759155273
2002-06-17,1.4253599643707275
2002-06-18,1.3169946670532227
2002-06-19,1.2591612339019775
2002-06-20,1.2099097967147827
2002-06-21,1.1449368000030518
2002-06-22,1.0735290050506592
2002-06-23,1.0102028846740723
2002-06-24,0.971735417842865
2002-06-25,0.9452597498893738
2002-06-26,0.9495146870613098
2002-06-27,1.2218515872955322
2002-06-28,1.9553362131118774
2002-06-29,2.3082351684570312
2002-06-30,2.0175206661224365
2002-07-01,1.6396970748901367
2002-07-02,1.4264544248580933
2002-07-03,1.390317440032959
2002-07-04,1.5508432388305664
2002-07-05,1.798822045326233
2002-07-06,1.8154773712158203
2002-07-07,1.6126725673675537
2002-07-08,1.357759952545166
2002-07-09,1.1722431182861328
2002-07-10,1.0501937866210938
2002-07-11,1.023146629333496
2002-07-12,1.1745564937591553
2002-07-13,1.315902590751648
2002-07-14,1.2906162738800049
2002-07-15,1.333850383758545
2002-07-16,1.397728443145752
2002-07-17,1.277000069618225
2002-07-18,1.100842833518982
2002-07-19,1.005056381225586
2002-07-20,0.9614119529724121
2002-07-21,0.9200530648231506
2002-07-22,0.8942813277244568
2002-07-23,0.9168084859848022
2002-07-24,1.0472477674484253
2002-07-25,1.3369419574737549
2002-07-26,1.9993757009506226
2002-07-27,3.21689772605896
2002-07-28,3.839714527130127
2002-07-29,3.163743734359741
2002-07-30,2.282541275024414
2002-07-31,1.7064831256866455
2002-08-01,1.3580780029296875
2002-08-02,1.182810664176941
2002-08-03,1.1526464223861694
2002-08-04,1.1231120824813843
2002-08-05,1.0144681930541992
2002-08-06,0.9027969241142273
2002-08-07,0.8362836241722107
2002-08-08,0.7902824282646179
2002-08-09,0.7412724494934082
2002-08-10,0.7013243436813354
2002-08-11,0.673664391040802
2002-08-12,0.6411027312278748
2002-08-13,0.6085643172264099
2002-08-14,0.5845479369163513
2002-08-15,0.5886648297309875
2002-08-16,0.638430118560791
2002-08-17,0.7589540481567383
2002-08-18,0.9241023063659668
2002-08-19,1.0072270631790161
2002-08-20,0.9655694961547852
2002-08-21,0.8737379908561707
2002-08-22,0.8282745480537415
2002-08-23,0.8366951942443848
2002-08-24,0.8120318651199341
2002-08-25,0.7859516739845276
2002-08-26,0.7943719625473022
2002-08-27,0.8797051310539246
2002-08-28,1.0832087993621826
2002-08-29,1.315796971321106
2002-08-30,1.533471703529358
2002-08-31,2.35798716545105
2002-09-01,10.905086517333984
2002-09-02,16.571456909179688
2002-09-03,11.591341018676758
2002-09-04,6.053715229034424
2002-09-05,3.706468105316162
2002-09-06,2.64876127243042
2002-09-07,2.0328774452209473
2002-09-08,1.6644092798233032
2002-09-09,1.4412541389465332
2002-09-10,1.298093318939209
2002-09-11,1.197187066078186
2002-09-12,1.1190860271453857
2002-09-13,1.0508553981781006
2002-09-14,1.018028974533081
2002-09-15,1.165971040725708
2002-09-16,1.779879093170166
2002-09-17,2.5937390327453613
2002-09-18,2.7868731021881104
2002-09-19,3.3866970539093018
2002-09-20,4.2253098487854
2002-09-21,3.5749425888061523
2002-09-22,2.7306318283081055
2002-09-23,2.231318712234497
2002-09-24,1.9711090326309204
2002-09-25,1.8045135736465454
2002-09-26,1.8482184410095215
2002-09-27,2.6633691787719727
2002-09-28,4.059747695922852
2002-09-29,3.885448455810547
2002-09-30,3.0373573303222656
2002-10-01,2.4120407104492188
2002-10-02,2.056467056274414
2002-10-03,1.8305691480636597
2002-10-04,1.6631183624267578
2002-10-05,1.5457179546356201
2002-10-06,1.450862169265747
2002-10-07,1.3622251749038696
2002-10-08,1.315834879875183
2002-10-09,1.3385009765625
2002-10-10,1.3847098350524902
2002-10-11,12.964094161987305
2002-10-12,46.60283660888672
2002-10-13,48.872650146484375
2002-10-14,29.205459594726562
2002-10-15,17.46776580810547
2002-10-16,19.2249755859375
2002-10-17,32.00291061401367
2002-10-18,31.098804473876953
2002-10-19,18.227949142456055
2002-10-20,11.13066291809082
2002-10-21,8.077217102050781
2002-10-22,7.590190410614014
2002-10-23,8.260016441345215
2002-10-24,7.731870651245117
2002-10-25,6.5727152824401855
2002-10-26,6.084202289581299
2002-10-27,6.295861721038818
2002-10-28,7.895122528076172
2002-10-29,22.20165252685547
2002-10-30,37.89595031738281
2002-10-31,38.32185363769531
2002-11-01,27.398773193359375
2002-11-02,17.45295524597168
2002-11-03,12.153444290161133
2002-11-04,9.547525405883789
2002-11-05,9.211050987243652
2002-11-06,16.94148063659668
2002-11-07,25.155588150024414
2002-11-08,22.226055145263672
2002-11-09,15.72935962677002
2002-11-10,11.800698280334473
2002-11-11,10.049276351928711
2002-11-12,28.619678497314453
2002-11-13,74.22178649902344
2002-11-14,77.8965835571289
2002-11-15,42.80366516113281
2002-11-16,32.554927825927734
2002-11-17,75.5103759765625
2002-11-18,107.69357299804688
2002-11-19,80.78572082519531
2002-11-20,43.74612808227539
2002-11-21,26.664995193481445
2002-11-22,19.673320770263672
2002-11-23,15.880937576293945
2002-11-24,13.461170196533203
2002-11-25,11.894814491271973
2002-11-26,10.849722862243652
2002-11-27,10.01318359375
2002-11-28,9.39245319366455
2002-11-29,8.846467971801758
2002-11-30,8.287425994873047
2002-12-01,7.8394880294799805
2002-12-02,7.5810136795043945
2002-12-03,7.3439741134643555
2002-12-04,7.229231357574463
2002-12-05,9.848703384399414
2002-12-06,14.770528793334961
2002-12-07,16.0726318359375
2002-12-08,15.731280326843262
2002-12-09,17.167627334594727
2002-12-10,17.48016357421875
2002-12-11,18.949865341186523
2002-12-12,28.82157325744629
2002-12-13,52.40900421142578
2002-12-14,83.21049499511719
2002-12-15,84.29917907714844
2002-12-16,51.66554260253906
2002-12-17,32.27842712402344
2002-12-18,22.985740661621094
2002-12-19,18.14157485961914
2002-12-20,21.2451171875
2002-12-21,29.396427154541016
2002-12-22,29.02078628540039
2002-12-23,22.269412994384766
2002-12-24,24.013885498046875
2002-12-25,54.266258239746094
2002-12-26,71.66681671142578
2002-12-27,52.085205078125
2002-12-28,33.721580505371094
2002-12-29,24.397157669067383
2002-12-30,19.416767120361328
2002-12-31,16.64873695373535
2003-01-01,20.4693603515625
2003-01-02,34.39555740356445
2003-01-03,39.77550506591797
2003-01-04,33.653018951416016
2003-01-05,29.267189025878906
2003-01-06,22.79739761352539
2003-01-07,18.590740203857422
2003-01-08,15.985769271850586
2003-01-09,14.045642852783203
2003-01-10,12.801382064819336
2003-01-11,12.01535415649414
2003-01-12,11.514421463012695
2003-01-13,10.977803230285645
2003-01-14,10.391461372375488
2003-01-15,10.005646705627441
2003-01-16,9.792561531066895
2003-01-17,9.615266799926758
2003-01-18,9.539850234985352
2003-01-19,9.207193374633789
2003-01-20,8.960119247436523
2003-01-21,8.697782516479492
2003-01-22,8.580284118652344
2003-01-23,8.680126190185547
2003-01-24,8.77797794342041
2003-01-25,8.537933349609375
2003-01-26,8.293743133544922
2003-01-27,8.252814292907715
2003-01-28,8.096020698547363
2003-01-29,8.13874340057373
2003-01-30,13.349163055419922
2003-01-31,25.153535842895508
2003-02-01,28.80118751525879
2003-02-02,23.305465698242188
2003-02-03,18.317411422729492
2003-02-04,15.934929847717285
2003-02-05,16.39483642578125
2003-02-06,16.468542098999023
2003-02-07,21.32392692565918
2003-02-08,31.079143524169922
2003-02-09,30.40245246887207
2003-02-10,24.82656478881836
2003-02-11,23.75824737548828
2003-02-12,23.042530059814453
2003-02-13,19.55168914794922
2003-02-14,16.815673828125
2003-02-15,16.583438873291016
2003-02-16,22.143646240234375
2003-02-17,30.30129623413086
2003-02-18,32.34191131591797
2003-02-19,30.357147216796875
2003-02-20,29.973569869995117
2003-02-21,28.464977264404297
2003-02-22,39.141212463378906
2003-02-23,82.58634948730469
2003-02-24,111.35295104980469
2003-02-25,69.70310974121094
2003-02-26,42.225364685058594
2003-02-27,34.17197036743164
2003-02-28,42.340003967285156
2003-03-01,52.25708770751953
2003-03-02,65.7500991821289
2003-03-03,77.01409149169922
2003-03-04,64.91324615478516
2003-03-05,44.43633270263672
2003-03-06,47.585140228271484
2003-03-07,66.79906463623047
2003-03-08,65.2332763671875
2003-03-09,46.107887268066406
2003-03-10,34.11552429199219
2003-03-11,26.83902931213379
2003-03-12,22.282508850097656
2003-03-13,19.73531150817871
2003-03-14,19.76203155517578
2003-03-15,20.350200653076172
2003-03-16,36.217437744140625
2003-03-17,62.47666549682617
2003-03-18,60.99477767944336
2003-03-19,43.35625457763672
2003-03-20,102.54596710205078
2003-03-21,223.6998291015625
2003-03-22,220.13336181640625
2003-03-23,112.5719223022461
2003-03-24,61.214176177978516
2003-03-25,40.91443634033203
2003-03-26,31.554636001586914
2003-03-27,26.68112564086914
2003-03-28,23.444318771362305
2003-03-29,21.00760269165039
2003-03-30,29.234209060668945
2003-03-31,47.76076126098633
2003-04-01,49.23335647583008
2003-04-02,35.12800216674805
2003-04-03,26.66537857055664
2003-04-04,22.133745193481445
2003-04-05,19.85603904724121
2003-04-06,18.860755920410156
2003-04-07,38.83307647705078
2003-04-08,82.89290618896484
2003-04-09,120.08358001708984
2003-04-10,230.2775115966797
2003-04-11,327.1722717285156
2003-04-12,250.395263671875
2003-04-13,132.07650756835938
2003-04-14,71.5641098022461
2003-04-15,47.468624114990234
2003-04-16,36.38627624511719
2003-04-17,30.10296058654785
2003-04-18,26.46038055419922
2003-04-19,25.67725944519043
2003-04-20,26.612842559814453
2003-04-21,24.60445213317871
2003-04-22,22.380678176879883
2003-04-23,20.71185302734375
2003-04-24,19.12715721130371
2003-04-25,17.837005615234375
2003-04-26,18.6752986907959
2003-04-27,21.70079231262207
2003-04-28,22.24390983581543
2003-04-29,19.489009857177734
2003-04-30,18.139667510986328
2003-05-01,18.61358642578125
2003-05-02,19.748695373535156
2003-05-03,19.843809127807617
2003-05-04,18.91267204284668
2003-05-05,18.815227508544922
2003-05-06,20.561037063598633
2003-05-07,22.743877410888672
2003-05-08,22.11501693725586
2003-05-09,18.790218353271484
2003-05-10,16.135812759399414
2003-05-11,14.532411575317383
2003-05-12,13.501361846923828
2003-05-13,12.588639259338379
2003-05-14,11.634167671203613
2003-05-15,11.936027526855469
2003-05-16,14.625370979309082
2003-05-17,16.36790657043457
2003-05-18,16.35379981994629
2003-05-19,20.70913314819336
2003-05-20,26.654985427856445
2003-05-21,25.68415069580078
2003-05-22,41.937767028808594
2003-05-23,91.09691619873047
2003-05-24,107.71549224853516
2003-05-25,82.75778198242188
2003-05-26,104.02470397949219
2003-05-27,125.30210876464844
2003-05-28,98.4300765991211
2003-05-29,65.22005462646484
2003-05-30,45.999107360839844
2003-05-31,36.942501068115234
2003-06-01,33.5212287902832
2003-06-02,30.298683166503906
2003-06-03,25.74773406982422
2003-06-04,36.56481170654297
2003-06-05,55.81444549560547
2003-06-06,50.364036560058594
2003-06-07,59.24152374267578
2003-06-08,124.72998046875
2003-06-09,144.0040283203125
2003-06-10,88.35005950927734
2003-06-11,53.649559020996094
2003-06-12,44.49151611328125
2003-06-13,45.117889404296875
2003-06-14,39.00996398925781
2003-06-15,31.92325210571289
2003-06-16,41.37932586669922
2003-06-17,60.24858093261719
2003-06-18,66.53913879394531
2003-06-19,56.93055725097656
2003-06-20,45.533058166503906
2003-06-21,37.0265998840332
2003-06-22,28.26075553894043
2003-06-23,22.484054565429688
2003-06-24,19.06697654724121
2003-06-25,16.752288818359375
2003-06-26,15.109678268432617
2003-06-27,13.921914100646973
2003-06-28,13.393070220947266
2003-06-29,13.294215202331543
2003-06-30,13.169134140014648
2003-07-01,12.885649681091309
2003-07-02,22.038402557373047
2003-07-03,45.64692687988281
2003-07-04,54.525848388671875
2003-07-05,35.93019104003906
2003-07-06,24.39985466003418
2003-07-07,21.22834014892578
2003-07-08,21.933265686035156
2003-07-09,20.430526733398438
2003-07-10,18.48330307006836
2003-07-11,16.990447998046875
2003-07-12,15.407133102416992
2003-07-13,16.29051399230957
2003-07-14,31.04131317138672
2003-07-15,38.00970458984375
2003-07-16,29.296571731567383
2003-07-17,21.487268447875977
2003-07-18,17.42174530029297
2003-07-19,15.125752449035645
2003-07-20,14.393473625183105
2003-07-21,13.464489936828613
2003-07-22,13.47301959991455
2003-07-23,17.87952995300293
2003-07-24,22.570968627929688
2003-07-25,19.97800064086914
2003-07-26,15.555571556091309
2003-07-27,12.82646369934082
2003-07-28,11.323790550231934
2003-07-29,10.696041107177734
2003-07-30,14.362943649291992
2003-07-31,25.5992488861084
2003-08-01,29.52794647216797
2003-08-02,27.06521987915039
2003-08-03,28.91952133178711
2003-08-04,41.774051666259766
2003-08-05,61.360965728759766
2003-08-06,66.58126831054688
2003-08-07,58.31513214111328
2003-08-08,45.75596237182617
2003-08-09,50.50007629394531
2003-08-10,90.05438232421875
2003-08-11,105.0223159790039
2003-08-12,88.1863784790039
2003-08-13,66.71609497070312
2003-08-14,52.218135833740234
2003-08-15,44.314735412597656
2003-08-16,37.25128173828125
2003-08-17,32.480255126953125
2003-08-18,34.66484069824219
2003-08-19,36.1279182434082
2003-08-20,30.244552612304688
2003-08-21,23.120349884033203
2003-08-22,19.23038673400879
2003-08-23,18.396692276000977
2003-08-24,20.08109474182129
2003-08-25,21.16805648803711
2003-08-26,18.885852813720703
2003-08-27,15.424137115478516
2003-08-28,13.233657836914062
2003-08-29,12.139225006103516
2003-08-30,12.426712036132812
2003-08-31,15.778696060180664
2003-09-01,20.74319839477539
2003-09-02,21.184478759765625
2003-09-03,16.466550827026367
2003-09-04,21.351667404174805
2003-09-05,40.550907135009766
2003-09-06,44.36465835571289
2003-09-07,27.537992477416992
2003-09-08,19.354835510253906
2003-09-09,16.03253746032715
2003-09-10,13.934429168701172
2003-09-11,12.315196990966797
2003-09-12,11.199041366577148
2003-09-13,10.54626750946045
2003-09-14,10.130463600158691
2003-09-15,9.803034782409668
2003-09-16,9.471199989318848
2003-09-17,9.043647766113281
2003-09-18,11.381437301635742
2003-09-19,25.304811477661133
2003-09-20,36.8433837890625
2003-09-21,27.195058822631836
2003-09-22,19.132658004760742
2003-09-23,33.99507141113281
2003-09-24,73.23665618896484
2003-09-25,65.6035385131836
2003-09-26,38.185203552246094
2003-09-27,24.317989349365234
2003-09-28,18.549724578857422
2003-09-29,16.005117416381836
2003-09-30,14.384309768676758
2003-10-01,12.999373435974121
2003-10-02,12.115428924560547
2003-10-03,11.436606407165527
2003-10-04,10.878515243530273
2003-10-05,10.392385482788086
2003-10-06,9.984363555908203
2003-10-07,9.615933418273926
2003-10-08,9.402410507202148
2003-10-09,9.586040496826172
2003-10-10,10.329400062561035
2003-10-11,11.04555892944336
2003-10-12,11.047462463378906
2003-10-13,10.573966979980469
2003-10-14,9.966458320617676
2003-10-15,9.92867660522461
2003-10-16,10.105026245117188
2003-10-17,9.69466781616211
2003-10-18,9.175657272338867
2003-10-19,8.767253875732422
2003-10-20,8.379515647888184
2003-10-21,8.07994556427002
2003-10-22,7.914693355560303
2003-10-23,7.85772180557251
2003-10-24,7.724833965301514
2003-10-25,7.525876522064209
2003-10-26,7.504382610321045
2003-10-27,7.870462417602539
2003-10-28,9.17317008972168
2003-10-29,13.378540992736816
2003-10-30,17.122526168823242
2003-10-31,16.081100463867188
2003-11-01,12.870685577392578
2003-11-02,10.990823745727539
2003-11-03,9.974162101745605
2003-11-04,9.378028869628906
2003-11-05,9.051831245422363
2003-11-06,8.897976875305176
2003-11-07,9.617521286010742
2003-11-08,10.524429321289062
2003-11-09,10.215583801269531
2003-11-10,9.512816429138184
2003-11-11,9.036069869995117
2003-11-12,8.760844230651855
2003-11-13,8.35481071472168
2003-11-14,8.097123146057129
2003-11-15,7.891683101654053
2003-11-16,7.938723564147949
2003-11-17,7.993434906005859
2003-11-18,7.868748664855957
2003-11-19,8.438161849975586
2003-11-20,11.451432228088379
2003-11-21,14.31086254119873
2003-11-22,12.349159240722656
2003-11-23,10.596649169921875
2003-11-24,9.643952369689941
2003-11-25,9.268247604370117
2003-11-26,9.118622779846191
2003-11-27,8.800628662109375
2003-11-28,9.408489227294922
2003-11-29,11.715107917785645
2003-11-30,12.740263938903809
2003-12-01,11.142213821411133
2003-12-02,9.849720001220703
2003-12-03,9.163599014282227
2003-12-04,8.99780559539795
2003-12-05,9.96609115600586
2003-12-06,12.24978256225586
2003-12-07,13.132098197937012
2003-12-08,11.948410034179688
2003-12-09,10.841222763061523
2003-12-10,12.370930671691895
2003-12-11,22.240089416503906
2003-12-12,30.139869689941406
2003-12-13,24.05389404296875
2003-12-14,24.007707595825195
2003-12-15,36.14572525024414
2003-12-16,39.97953796386719
2003-12-17,32.36829376220703
2003-12-18,30.69347381591797
2003-12-19,28.31329917907715
2003-12-20,22.62894058227539
2003-12-21,18.91199493408203
2003-12-22,17.308591842651367
2003-12-23,16.729772567749023
2003-12-24,15.726118087768555
2003-12-25,14.965938568115234
2003-12-26,14.002737998962402
2003-12-27,12.873821258544922
2003-12-28,12.13309097290039
2003-12-29,11.740620613098145
2003-12-30,11.508201599121094
2003-12-31,11.295093536376953
2004-01-01,11.005289077758789
2004-01-02,10.734682083129883
2004-01-03,10.553011894226074
2004-01-04,10.37590217590332
2004-01-05,10.465585708618164
2004-01-06,11.610440254211426
2004-01-07,12.739523887634277
2004-01-08,11.831022262573242
2004-01-09,11.150449752807617
2004-01-10,11.343339920043945
2004-01-11,11.319021224975586
2004-01-12,10.888440132141113
2004-01-13,10.878710746765137
2004-01-14,10.652223587036133
2004-01-15,10.250503540039062
2004-01-16,9.84512710571289
2004-01-17,9.588125228881836
2004-01-18,9.657758712768555
2004-01-19,10.684601783752441
2004-01-20,11.35964584350586
2004-01-21,10.691132545471191
2004-01-22,10.010750770568848
2004-01-23,9.581807136535645
2004-01-24,9.287773132324219
2004-01-25,10.993310928344727
2004-01-26,13.993938446044922
2004-01-27,15.097501754760742
2004-01-28,14.644824981689453
2004-01-29,14.213298797607422
2004-01-30,14.944189071655273
2004-01-31,15.415891647338867
2004-02-01,14.368849754333496
2004-02-02,12.997230529785156
2004-02-03,16.4880313873291
2004-02-04,26.819883346557617
2004-02-05,29.616641998291016
2004-02-06,27.317302703857422
2004-02-07,47.8896484375
2004-02-08,64.56715393066406
2004-02-09,45.8282585144043
2004-02-10,31.158000946044922
2004-02-11,23.98880386352539
2004-02-12,20.402099609375
2004-02-13,20.1531925201416
2004-02-14,20.044343948364258
2004-02-15,19.330116271972656
2004-02-16,23.070621490478516
2004-02-17,24.31740951538086
2004-02-18,21.239059448242188
2004-02-19,19.810321807861328
2004-02-20,18.936756134033203
2004-02-21,17.698177337646484
2004-02-22,16.192075729370117
2004-02-23,14.869366645812988
2004-02-24,13.85127067565918
2004-02-25,13.155016899108887
2004-02-26,12.773500442504883
2004-02-27,15.838050842285156
2004-02-28,20.6790771484375
2004-02-29,20.054523468017578
2004-03-01,17.391357421875
2004-03-02,15.87968921661377
2004-03-03,15.244367599487305
2004-03-04,14.73166275024414
2004-03-05,13.789409637451172
2004-03-06,13.705568313598633
2004-03-07,14.892145156860352
2004-03-08,15.199188232421875
2004-03-09,13.907635688781738
2004-03-10,12.921957015991211
2004-03-11,12.1697998046875
2004-03-12,11.442235946655273
2004-03-13,11.123558044433594
2004-03-14,10.759733200073242
2004-03-15,10.632866859436035
2004-03-16,12.283914566040039
2004-03-17,17.224367141723633
2004-03-18,20.37240982055664
2004-03-19,18.251909255981445
2004-03-20,16.046283721923828
2004-03-21,14.04321002960205
2004-03-22,12.937665939331055
2004-03-23,11.995424270629883
2004-03-24,11.197551727294922
2004-03-25,10.659505844116211
2004-03-26,10.353425979614258
2004-03-27,10.098301887512207
2004-03-28,9.944245338439941
2004-03-29,9.729480743408203
2004-03-30,9.492696762084961
2004-03-31,10.210869789123535
2004-04-01,13.12869644165039
2004-04-02,14.929408073425293
2004-04-03,13.837215423583984
2004-04-04,12.221761703491211
2004-04-05,11.043639183044434
2004-04-06,10.136280059814453
2004-04-07,9.594874382019043
2004-04-08,9.316079139709473
2004-04-09,9.061110496520996
2004-04-10,8.789868354797363
2004-04-11,8.645209312438965
2004-04-12,12.717864036560059
2004-04-13,30.673065185546875
2004-04-14,47.60475540161133
2004-04-15,40.175437927246094
2004-04-16,27.62005615234375
2004-04-17,19.80674934387207
2004-04-18,15.86839485168457
2004-04-19,13.613990783691406
2004-04-20,12.137771606445312
2004-04-21,11.12666130065918
2004-04-22,10.498897552490234
2004-04-23,10.010151863098145
2004-04-24,9.558267593383789
2004-04-25,9.202411651611328
2004-04-26,9.34349536895752
2004-04-27,10.321319580078125
2004-04-28,10.78868293762207
2004-04-29,9.607978820800781
2004-04-30,8.835906028747559
2004-05-01,8.532325744628906
2004-05-02,9.700437545776367
2004-05-03,15.287610054016113
2004-05-04,20.922449111938477
2004-05-05,19.530982971191406
2004-05-06,14.6947603225708
2004-05-07,11.957281112670898
2004-05-08,10.208052635192871
2004-05-09,9.022833824157715
2004-05-10,8.56241512298584
2004-05-11,8.461690902709961
2004-05-12,7.989475250244141
2004-05-13,7.443527698516846
2004-05-14,7.086978435516357
2004-05-15,6.734957218170166
2004-05-16,6.404574871063232
2004-05-17,6.333826065063477
2004-05-18,6.576123237609863
2004-05-19,6.852699279785156
2004-05-20,7.093753814697266
2004-05-21,7.101581573486328
2004-05-22,6.831438064575195
2004-05-23,6.639430046081543
2004-05-24,6.565554141998291
2004-05-25,6.3497161865234375
2004-05-26,5.814124584197998
2004-05-27,5.459476470947266
2004-05-28,5.5872907638549805
2004-05-29,5.574793338775635
2004-05-30,5.327942848205566
2004-05-31,5.5284104347229
2004-06-01,5.7115159034729
2004-06-02,5.294321060180664
2004-06-03,4.800402641296387
2004-06-04,5.66184139251709
2004-06-05,9.537466049194336
2004-06-06,11.927217483520508
2004-06-07,8.903666496276855
2004-06-08,9.289053916931152
2004-06-09,11.940189361572266
2004-06-10,10.804368019104004
2004-06-11,8.21522331237793
2004-06-12,6.781251907348633
2004-06-13,5.962023735046387
2004-06-14,5.45936393737793
2004-06-15,5.62436580657959
2004-06-16,7.589044570922852
2004-06-17,10.354822158813477
2004-06-18,9.49675464630127
2004-06-19,7.376072883605957
2004-06-20,6.452353000640869
2004-06-21,5.7458319664001465
2004-06-22,5.043384075164795
2004-06-23,5.31154727935791
2004-06-24,6.790030002593994
2004-06-25,8.093942642211914
2004-06-26,8.898314476013184
2004-06-27,9.612785339355469
2004-06-28,8.836134910583496
2004-06-29,7.670170783996582
2004-06-30,7.006485939025879
2004-07-01,6.34927225112915
2004-07-02,6.083248138427734
2004-07-03,6.4596686363220215
2004-07-04,7.7075090408325195
2004-07-05,8.663473129272461
2004-07-06,8.048880577087402
2004-07-07,6.593284606933594
2004-07-08,6.219168186187744
2004-07-09,6.810000896453857
2004-07-10,6.3644843101501465
2004-07-11,5.818358421325684
2004-07-12,5.92146635055542
2004-07-13,5.821306228637695
2004-07-14,5.442069053649902
2004-07-15,4.832188129425049
2004-07-16,4.312653064727783
2004-07-17,3.993818759918213
2004-07-18,4.821329116821289
2004-07-19,7.784322261810303
2004-07-20,9.051420211791992
2004-07-21,7.065899848937988
2004-07-22,5.622051239013672
2004-07-23,5.149587631225586
2004-07-24,5.20856237411499
2004-07-25,4.969237327575684
2004-07-26,4.685506820678711
2004-07-27,5.424910545349121
2004-07-28,7.71923828125
2004-07-29,13.432882308959961
2004-07-30,16.966899871826172
2004-07-31,13.633359909057617
2004-08-01,9.093616485595703
2004-08-02,7.186174392700195
2004-08-03,7.194011211395264
2004-08-04,7.290033340454102
2004-08-05,6.268933296203613
2004-08-06,5.346012115478516
2004-08-07,4.8057146072387695
2004-08-08,4.270138263702393
2004-08-09,3.8592441082000732
2004-08-10,3.575723171234131
2004-08-11,3.478700637817383
2004-08-12,4.166634559631348
2004-08-13,6.051095962524414
2004-08-14,9.74983024597168
2004-08-15,15.448493957519531
2004-08-16,15.454076766967773
2004-08-17,10.96010684967041
2004-08-18,8.875177383422852
2004-08-19,8.228490829467773
2004-08-20,6.961304664611816
2004-08-21,6.080939292907715
2004-08-22,6.697538375854492
2004-08-23,6.4755120277404785
2004-08-24,5.345163345336914
2004-08-25,4.502166271209717
2004-08-26,3.939972400665283
2004-08-27,3.5713696479797363
2004-08-28,3.333468437194824
2004-08-29,3.2175073623657227
2004-08-30,11.060022354125977
2004-08-31,25.015151977539062
2004-09-01,19.551189422607422
2004-09-02,10.855999946594238
2004-09-03,7.134795188903809
2004-09-04,5.4532599449157715
2004-09-05,4.643070697784424
2004-09-06,4.598855972290039
2004-09-07,7.314101219177246
2004-09-08,25.90227699279785
2004-09-09,48.20338821411133
2004-09-10,44.967613220214844
2004-09-11,23.711328506469727
2004-09-12,13.5481595993042
2004-09-13,9.546550750732422
2004-09-14,7.851711273193359
2004-09-15,7.237321853637695
2004-09-16,6.855489730834961
2004-09-17,9.432229995727539
2004-09-18,20.265140533447266
2004-09-19,26.5048770904541
2004-09-20,20.152202606201172
2004-09-21,13.356767654418945
2004-09-22,9.778432846069336
2004-09-23,7.984529495239258
2004-09-24,6.801219940185547
2004-09-25,6.0505571365356445
2004-09-26,5.49776554107666
2004-09-27,5.390292644500732
2004-09-28,11.978477478027344
2004-09-29,33.192779541015625
2004-09-30,40.04125213623047
2004-10-01,24.57237434387207
2004-10-02,16.88399314880371
2004-10-03,14.44112777709961
2004-10-04,12.528419494628906
2004-10-05,10.470837593078613
2004-10-06,9.031810760498047
2004-10-07,8.08647632598877
2004-10-08,7.280542850494385
2004-10-09,6.7530975341796875
2004-10-10,6.377758502960205
2004-10-11,6.061934947967529
2004-10-12,5.845837116241455
2004-10-13,6.054357051849365
2004-10-14,6.977053165435791
2004-10-15,7.895485877990723
2004-10-16,7.770834922790527
2004-10-17,7.131608963012695
2004-10-18,6.5001420974731445
2004-10-19,6.454754829406738
2004-10-20,7.178778171539307
2004-10-21,7.736289978027344
2004-10-22,7.391537666320801
2004-10-23,6.901081085205078
2004-10-24,6.5444769859313965
2004-10-25,6.465245723724365
2004-10-26,6.4643049240112305
2004-10-27,6.294333457946777
2004-10-28,6.130462646484375
2004-10-29,6.109760761260986
2004-10-30,6.070899963378906
2004-10-31,5.908976078033447
2004-11-01,5.6598219871521
2004-11-02,5.480841636657715
2004-11-03,5.352483749389648
2004-11-04,6.102949619293213
2004-11-05,9.391777038574219
2004-11-06,12.563742637634277
2004-11-07,10.57986831665039
2004-11-08,8.635757446289062
2004-11-09,7.4487080574035645
2004-11-10,6.839495658874512
2004-11-11,6.501941680908203
2004-11-12,11.930315017700195
2004-11-13,29.937658309936523
2004-11-14,34.34297561645508
2004-11-15,22.855859756469727
2004-11-16,15.548062324523926
2004-11-17,12.293998718261719
2004-11-18,10.594285011291504
2004-11-19,9.558674812316895
2004-11-20,8.918577194213867
2004-11-21,8.519508361816406
2004-11-22,8.145225524902344
2004-11-23,9.017101287841797
2004-11-24,17.771926879882812
2004-11-25,33.16599655151367
2004-11-26,35.303287506103516
2004-11-27,25.03639030456543
2004-11-28,21.177379608154297
2004-11-29,23.51806640625
2004-11-30,22.01927375793457
2004-12-01,17.79375648498535
2004-12-02,15.844206809997559
2004-12-03,14.45939826965332
2004-12-04,12.693599700927734
2004-12-05,11.449326515197754
2004-12-06,10.675389289855957
2004-12-07,10.339323043823242
2004-12-08,10.576726913452148
2004-12-09,11.14579963684082
2004-12-10,41.40414810180664
2004-12-11,82.71100616455078
2004-12-12,78.23309326171875
2004-12-13,45.93437957763672
2004-12-14,28.414623260498047
2004-12-15,20.847640991210938
2004-12-16,16.895153045654297
2004-12-17,14.40291690826416
2004-12-18,13.012786865234375
2004-12-19,12.073526382446289
2004-12-20,11.655354499816895
2004-12-21,11.2340087890625
2004-12-22,10.644787788391113
2004-12-23,11.16118049621582
2004-12-24,14.180343627929688
2004-12-25,16.227676391601562
2004-12-26,14.344247817993164
2004-12-27,12.63625717163086
2004-12-28,11.488456726074219
2004-12-29,10.683930397033691
2004-12-30,10.217074394226074
2004-12-31,9.927438735961914
2005-01-01,9.647064208984375
2005-01-02,9.410364151000977
2005-01-03,9.219922065734863
2005-01-04,8.997902870178223
2005-01-05,8.827106475830078
2005-01-06,8.735103607177734
2005-01-07,8.584554672241211
2005-01-08,8.487000465393066
2005-01-09,8.452621459960938
2005-01-10,8.410541534423828
2005-01-11,8.258986473083496
2005-01-12,8.11235237121582
2005-01-13,8.030966758728027
2005-01-14,26.25628089904785
2005-01-15,58.05814743041992
2005-01-16,58.036773681640625
2005-01-17,36.099605560302734
2005-01-18,24.535938262939453
2005-01-19,18.654582977294922
2005-01-20,15.368228912353516
2005-01-21,13.698589324951172
2005-01-22,12.933629035949707
2005-01-23,12.397011756896973
2005-01-24,11.925724029541016
2005-01-25,11.593305587768555
2005-01-26,11.78602409362793
2005-01-27,12.130742073059082
2005-01-28,11.996460914611816
2005-01-29,11.246709823608398
2005-01-30,11.184785842895508
2005-01-31,12.96864128112793
2005-02-01,14.267474174499512
2005-02-02,13.375978469848633
2005-02-03,13.625375747680664
2005-02-04,18.368398666381836
2005-02-05,22.230484008789062
2005-02-06,19.301025390625
2005-02-07,16.03596305847168
2005-02-08,13.988960266113281
2005-02-09,12.97500991821289
2005-02-10,12.596893310546875
2005-02-11,12.367300033569336
2005-02-12,11.732257843017578
2005-02-13,10.91667366027832
2005-02-14,11.287925720214844
2005-02-15,13.75133228302002
2005-02-16,14.97823429107666
2005-02-17,13.565223693847656
2005-02-18,12.250967025756836
2005-02-19,11.298562049865723
2005-02-20,10.595592498779297
2005-02-21,10.460638999938965
2005-02-22,10.855035781860352
2005-02-23,11.255001068115234
2005-02-24,11.639656066894531
2005-02-25,14.799062728881836
2005-02-26,17.100730895996094
2005-02-27,14.827869415283203
2005-02-28,18.587059020996094
2005-03-01,34.319541931152344
2005-03-02,41.62873077392578
2005-03-03,31.476991653442383
2005-03-04,23.369461059570312
2005-03-05,18.74246597290039
2005-03-06,16.566017150878906
2005-03-07,14.842244148254395
2005-03-08,16.4838809967041
2005-03-09,21.189697265625
2005-03-10,21.321876525878906
2005-03-11,18.29314422607422
2005-03-12,16.3753662109375
2005-03-13,14.799698829650879
2005-03-14,13.760377883911133
2005-03-15,13.511245727539062
2005-03-16,14.10210132598877
2005-03-17,21.18624496459961
2005-03-18,31.16522216796875
2005-03-19,30.081518173217773
2005-03-20,23.981979370117188
2005-03-21,19.635845184326172
2005-03-22,16.880706787109375
2005-03-23,18.24498748779297
2005-03-24,28.432397842407227
2005-03-25,34.72245407104492
2005-03-26,27.07163429260254
2005-03-27,21.1876163482666
2005-03-28,44.56501770019531
2005-03-29,87.16181945800781
2005-03-30,82.78129577636719
2005-03-31,50.051597595214844
2005-04-01,33.30312728881836
2005-04-02,27.169288635253906
2005-04-03,26.055286407470703
2005-04-04,24.232654571533203
2005-04-05,20.380474090576172
2005-04-06,17.727909088134766
2005-04-07,16.42989730834961
2005-04-08,22.192707061767578
2005-04-09,29.943632125854492
2005-04-10,27.339982986450195
2005-04-11,21.083097457885742
2005-04-12,17.570049285888672
2005-04-13,16.414813995361328
2005-04-14,17.37666130065918
2005-04-15,17.390005111694336
2005-04-16,15.48824691772461
2005-04-17,13.85431957244873
2005-04-18,12.761817932128906
2005-04-19,12.071784973144531
2005-04-20,11.499185562133789
2005-04-21,11.019020080566406
2005-04-22,10.601730346679688
2005-04-23,10.427705764770508
2005-04-24,10.499217987060547
2005-04-25,10.265088081359863
2005-04-26,9.766180038452148
2005-04-27,9.42888069152832
2005-04-28,9.118232727050781
2005-04-29,8.995379447937012
2005-04-30,9.710926055908203
2005-05-01,12.610219955444336
2005-05-02,14.932965278625488
2005-05-03,13.797067642211914
2005-05-04,11.786895751953125
2005-05-05,10.418951034545898
2005-05-06,10.086569786071777
2005-05-07,10.849906921386719
2005-05-08,11.060032844543457
2005-05-09,10.046945571899414
2005-05-10,9.095227241516113
2005-05-11,8.40121078491211
2005-05-12,8.048442840576172
2005-05-13,8.024993896484375
2005-05-14,8.052376747131348
2005-05-15,7.771121978759766
2005-05-16,7.622077941894531
2005-05-17,7.5908002853393555
2005-05-18,7.153331756591797
2005-05-19,6.9366583824157715
2005-05-20,7.474283695220947
2005-05-21,9.28216552734375
2005-05-22,10.099081039428711
2005-05-23,8.702506065368652
2005-05-24,7.6857428550720215
2005-05-25,7.1989426612854
2005-05-26,6.736210346221924
2005-05-27,6.280853271484375
2005-05-28,5.8237433433532715
2005-05-29,5.499946117401123
2005-05-30,5.2835588455200195
2005-05-31,5.08064603805542
2005-06-01,4.995790481567383
2005-06-02,5.690471649169922
2005-06-03,8.60162353515625
2005-06-04,12.276080131530762
2005-06-05,11.73401927947998
2005-06-06,9.463982582092285
2005-06-07,8.128874778747559
2005-06-08,9.530592918395996
2005-06-09,13.134627342224121
2005-06-10,15.625263214111328
2005-06-11,14.754585266113281
2005-06-12,11.251710891723633
2005-06-13,8.488550186157227
2005-06-14,7.193223476409912
2005-06-15,6.445429801940918
2005-06-16,5.739578723907471
2005-06-17,5.114580154418945
2005-06-18,4.674956321716309
2005-06-19,4.37103271484375
2005-06-20,4.233043670654297
2005-06-21,4.1419830322265625
2005-06-22,4.0672831535339355
2005-06-23,3.935020685195923
2005-06-24,3.7388837337493896
2005-06-25,3.5468337535858154
2005-06-26,3.3826749324798584
2005-06-27,3.309001922607422
2005-06-28,3.4740052223205566
2005-06-29,4.058921813964844
2005-06-30,4.779383659362793
2005-07-01,4.587277412414551
2005-07-02,4.065685749053955
2005-07-03,3.6858091354370117
2005-07-04,3.7294673919677734
2005-07-05,4.4433770179748535
2005-07-06,5.046459197998047
2005-07-07,5.403828144073486
2005-07-08,8.95930004119873
2005-07-09,13.022689819335938
2005-07-10,9.923515319824219
2005-07-11,6.550799369812012
2005-07-12,4.968785762786865
2005-07-13,4.448393821716309
2005-07-14,4.697473526000977
2005-07-15,5.3859686851501465
2005-07-16,5.57589054107666
2005-07-17,5.075888633728027
2005-07-18,4.396230697631836
2005-07-19,3.895402193069458
2005-07-20,3.654819965362549
2005-07-21,3.640063762664795
2005-07-22,3.762986660003662
2005-07-23,3.831925630569458
2005-07-24,3.7296066284179688
2005-07-25,3.3447561264038086
2005-07-26,2.973414897918701
2005-07-27,2.6942601203918457
2005-07-28,2.5820460319519043
2005-07-29,3.388298511505127
2005-07-30,6.472726821899414
2005-07-31,10.170090675354004
2005-08-01,10.066490173339844
2005-08-02,8.018596649169922
2005-08-03,5.858360290527344
2005-08-04,4.480327129364014
2005-08-05,3.736083507537842
2005-08-06,3.3149149417877197
2005-08-07,3.209453582763672
2005-08-08,3.222050428390503
2005-08-09,3.753803014755249
2005-08-10,5.879953384399414
2005-08-11,7.918385028839111
2005-08-12,6.605062484741211
2005-08-13,4.839757919311523
2005-08-14,3.8916873931884766
2005-08-15,3.5788919925689697
2005-08-16,3.411147117614746
2005-08-17,3.3085312843322754
2005-08-18,3.422572135925293
2005-08-19,3.557986259460449
2005-08-20,3.6232872009277344
2005-08-21,3.8760221004486084
2005-08-22,3.9177842140197754
2005-08-23,3.495443344116211
2005-08-24,3.3155646324157715
2005-08-25,3.2090272903442383
2005-08-26,2.900175094604492
2005-08-27,2.627277374267578
2005-08-28,2.463371753692627
2005-08-29,2.3659839630126953
2005-08-30,2.283688545227051
2005-08-31,2.247838258743286
2005-09-01,2.1896185874938965
2005-09-02,2.085859775543213
2005-09-03,1.9884746074676514
2005-09-04,1.8979954719543457
2005-09-05,1.830788493156433
2005-09-06,1.7887746095657349
2005-09-07,1.7402613162994385
2005-09-08,1.692857027053833
2005-09-09,1.6561534404754639
2005-09-10,1.6271175146102905
2005-09-11,1.5902997255325317
2005-09-12,1.5555506944656372
2005-09-13,1.5358073711395264
2005-09-14,1.538482904434204
2005-09-15,1.5504661798477173
2005-09-16,1.545223593711853
2005-09-17,1.5444601774215698
2005-09-18,1.5466868877410889
2005-09-19,1.5062364339828491
2005-09-20,1.4839792251586914
2005-09-21,1.5507447719573975
2005-09-22,1.6450668573379517
2005-09-23,1.6526684761047363
2005-09-24,1.5820266008377075
2005-09-25,1.5082480907440186
2005-09-26,1.50722336769104
2005-09-27,1.548593282699585
2005-09-28,1.5931183099746704
2005-09-29,1.5578521490097046
2005-09-30,1.5170658826828003
2005-10-01,1.5369768142700195
2005-10-02,1.5309491157531738
2005-10-03,1.4873695373535156
2005-10-04,1.4385044574737549
2005-10-05,1.4170726537704468
2005-10-06,1.4709762334823608
2005-10-07,1.8687288761138916
2005-10-08,3.291837692260742
2005-10-09,5.358623027801514
2005-10-10,5.643484592437744
2005-10-11,4.541788101196289
2005-10-12,4.1286139488220215
2005-10-13,3.874682903289795
2005-10-14,3.2955777645111084
2005-10-15,2.8040974140167236
2005-10-16,2.4718048572540283
2005-10-17,2.24812912940979
2005-10-18,2.1268537044525146
2005-10-19,2.071305274963379
2005-10-20,1.9856226444244385
2005-10-21,1.9037410020828247
2005-10-22,1.905912160873413
2005-10-23,2.0685338973999023
2005-10-24,2.2105748653411865
2005-10-25,2.15535831451416
2005-10-26,2.060910940170288
2005-10-27,1.9838720560073853
2005-10-28,1.9574973583221436
2005-10-29,1.9280519485473633
2005-10-30,1.9255998134613037
2005-10-31,1.9657423496246338
2005-11-01,1.976401925086975
2005-11-02,1.9998613595962524
2005-11-03,2.005540370941162
2005-11-04,2.0630943775177
2005-11-05,2.0579676628112793
2005-11-06,2.039074420928955
2005-11-07,2.0311131477355957
2005-11-08,2.0124645233154297
2005-11-09,2.0407471656799316
2005-11-10,2.0662360191345215
2005-11-11,2.158348560333252
2005-11-12,2.278278350830078
2005-11-13,2.3149993419647217
2005-11-14,2.281106948852539
2005-11-15,2.230017900466919
2005-11-16,2.252178192138672
2005-11-17,2.3858158588409424
2005-11-18,2.565147638320923
2005-11-19,2.5944700241088867
2005-11-20,2.5503268241882324
2005-11-21,2.8498435020446777
2005-11-22,6.25982141494751
2005-11-23,10.822601318359375
2005-11-24,8.941608428955078
2005-11-25,6.2363080978393555
2005-11-26,4.782345771789551
2005-11-27,4.153858184814453
2005-11-28,4.321002006530762
2005-11-29,6.572117328643799
2005-11-30,12.107949256896973
2005-12-01,14.251708984375
2005-12-02,9.464099884033203
2005-12-03,6.611968040466309
2005-12-04,5.424890995025635
2005-12-05,11.844034194946289
2005-12-06,31.101375579833984
2005-12-07,35.990638732910156
2005-12-08,21.961997985839844
2005-12-09,15.403487205505371
2005-12-10,14.902444839477539
2005-12-11,13.75044059753418
2005-12-12,11.073006629943848
2005-12-13,9.166598320007324
2005-12-14,7.853109836578369
2005-12-15,9.729941368103027
2005-12-16,26.232637405395508
2005-12-17,33.618011474609375
2005-12-18,24.832355499267578
2005-12-19,17.11498260498047
2005-12-20,12.67264461517334
2005-12-21,10.217643737792969
2005-12-22,8.733964920043945
2005-12-23,7.808687686920166
2005-12-24,7.298874378204346
2005-12-25,7.128780364990234
2005-12-26,7.846264362335205
2005-12-27,8.724842071533203
2005-12-28,8.09646224975586
2005-12-29,7.7502522468566895
2005-12-30,7.914834976196289
2005-12-31,7.812010288238525
2006-01-01,7.349343299865723
2006-01-02,7.36829137802124
2006-01-03,10.119465827941895
2006-01-04,14.26650619506836
2006-01-05,13.157478332519531
2006-01-06,11.152873992919922
2006-01-07,10.310502052307129
2006-01-08,9.364341735839844
2006-01-09,8.3468017578125
2006-01-10,7.650921821594238
2006-01-11,7.469746112823486
2006-01-12,8.529009819030762
2006-01-13,10.015066146850586
2006-01-14,10.28812026977539
2006-01-15,11.327502250671387
2006-01-16,10.751863479614258
2006-01-17,9.285211563110352
2006-01-18,9.692144393920898
2006-01-19,12.078529357910156
2006-01-20,12.315398216247559
2006-01-21,10.755208969116211
2006-01-22,10.358705520629883
2006-01-23,10.589168548583984
2006-01-24,11.249283790588379
2006-01-25,11.453533172607422
2006-01-26,9.960214614868164
2006-01-27,8.760143280029297
2006-01-28,7.967989444732666
2006-01-29,7.493632793426514
2006-01-30,7.278053283691406
2006-01-31,7.390657424926758
2006-02-01,7.319362163543701
2006-02-02,7.121613502502441
2006-02-03,7.0486345291137695
2006-02-04,7.656177997589111
2006-02-05,8.884146690368652
2006-02-06,9.117219924926758
2006-02-07,8.257393836975098
2006-02-08,7.592996597290039
2006-02-09,7.169116973876953
2006-02-10,6.919229984283447
2006-02-11,6.935754776000977
2006-02-12,8.609272003173828
2006-02-13,10.686317443847656
2006-02-14,9.968494415283203
2006-02-15,8.926660537719727
2006-02-16,8.207229614257812
2006-02-17,7.6431884765625
2006-02-18,7.260354042053223
2006-02-19,7.2873358726501465
2006-02-20,7.339266300201416
2006-02-21,7.017579078674316
2006-02-22,6.7802581787109375
2006-02-23,7.249051094055176
2006-02-24,8.650193214416504
2006-02-25,9.195625305175781
2006-02-26,8.403620719909668
2006-02-27,7.643252372741699
2006-02-28,7.119002342224121
2006-03-01,6.767390251159668
2006-03-02,6.511383056640625
2006-03-03,6.284517288208008
2006-03-04,6.090837478637695
2006-03-05,5.928081512451172
2006-03-06,5.807386875152588
2006-03-07,5.860265254974365
2006-03-08,5.916924476623535
2006-03-09,5.81129264831543
2006-03-10,5.714824199676514
2006-03-11,5.631791114807129
2006-03-12,5.631484508514404
2006-03-13,5.588817596435547
2006-03-14,5.416396617889404
2006-03-15,5.303095817565918
2006-03-16,5.1878557205200195
2006-03-17,5.0306291580200195
2006-03-18,4.9040751457214355
2006-03-19,4.817813873291016
2006-03-20,4.801887512207031
2006-03-21,5.135512351989746
2006-03-22,6.372397422790527
2006-03-23,7.544342994689941
2006-03-24,6.996108055114746
2006-03-25,6.441544055938721
2006-03-26,6.2311482429504395
2006-03-27,5.991978168487549
2006-03-28,5.6996026039123535
2006-03-29,5.516803741455078
2006-03-30,5.340185165405273
2006-03-31,5.176360607147217
2006-04-01,5.075592994689941
2006-04-02,4.963615417480469
2006-04-03,4.98642635345459
2006-04-04,5.452179908752441
2006-04-05,5.801433563232422
2006-04-06,5.394902229309082
2006-04-07,5.02271842956543
2006-04-08,4.924474716186523
2006-04-09,5.221714019775391
2006-04-10,5.426666736602783
2006-04-11,5.009744167327881
2006-04-12,4.716608047485352
2006-04-13,4.533998966217041
2006-04-14,4.3807525634765625
2006-04-15,4.25119686126709
2006-04-16,4.12662935256958
2006-04-17,4.04098653793335
2006-04-18,4.2656707763671875
2006-04-19,4.428478717803955
2006-04-20,4.185759544372559
2006-04-21,3.965125322341919
2006-04-22,5.986259460449219
2006-04-23,10.497735023498535
2006-04-24,10.341727256774902
2006-04-25,7.610111713409424
2006-04-26,6.598438739776611
2006-04-27,9.27941608428955
2006-04-28,12.924673080444336
2006-04-29,11.924288749694824
2006-04-30,8.844161033630371
2006-05-01,6.915065765380859
2006-05-02,5.886466979980469
2006-05-03,5.181120872497559
2006-05-04,4.6624436378479
2006-05-05,4.306585311889648
2006-05-06,4.1498212814331055
2006-05-07,4.512710094451904
2006-05-08,5.781554222106934
2006-05-09,7.073731899261475
2006-05-10,6.404750823974609
2006-05-11,5.398120403289795
2006-05-12,4.773667812347412
2006-05-13,4.456493377685547
2006-05-14,4.8318352699279785
2006-05-15,6.809112548828125
2006-05-16,8.308292388916016
2006-05-17,7.247793197631836
2006-05-18,6.040153980255127
2006-05-19,5.40761137008667
2006-05-20,4.981873512268066
2006-05-21,4.6385064125061035
2006-05-22,4.2716965675354
2006-05-23,3.863170623779297
2006-05-24,3.543996572494507
2006-05-25,3.2910330295562744
2006-05-26,3.1484920978546143
2006-05-27,3.0742149353027344
2006-05-28,2.9730165004730225
2006-05-29,2.7777695655822754
2006-05-30,2.6087543964385986
2006-05-31,2.4688384532928467
2006-06-01,2.426783561706543
2006-06-02,2.7552425861358643
2006-06-03,3.702873945236206
2006-06-04,4.5827956199646
2006-06-05,4.384069442749023
2006-06-06,3.726331949234009
2006-06-07,3.221251964569092
2006-06-08,2.9273030757904053
2006-06-09,2.8550071716308594
2006-06-10,2.790013313293457
2006-06-11,2.836361885070801
2006-06-12,4.238679885864258
2006-06-13,6.388622760772705
2006-06-14,10.745023727416992
2006-06-15,20.363571166992188
2006-06-16,21.505481719970703
2006-06-17,12.471038818359375
2006-06-18,7.50275993347168
2006-06-19,5.284555435180664
2006-06-20,4.153458595275879
2006-06-21,3.486208438873291
2006-06-22,3.05436372756958
2006-06-23,3.2001166343688965
2006-06-24,5.466865539550781
2006-06-25,9.83382511138916
2006-06-26,13.844600677490234
2006-06-27,21.717201232910156
2006-06-28,37.26652526855469
2006-06-29,36.15150451660156
2006-06-30,21.143808364868164
2006-07-01,11.98482894897461
2006-07-02,7.944205284118652
2006-07-03,6.055868625640869
2006-07-04,5.170274257659912
2006-07-05,6.060575008392334
2006-07-06,17.16810417175293
2006-07-07,32.514400482177734
2006-07-08,27.832807540893555
2006-07-09,15.51144027709961
2006-07-10,9.537291526794434
2006-07-11,6.9039435386657715
2006-07-12,5.546081066131592
2006-07-13,5.136745452880859
2006-07-14,5.720217704772949
2006-07-15,6.681130409240723
2006-07-16,6.757898330688477
2006-07-17,5.768294811248779
2006-07-18,4.616600036621094
2006-07-19,3.9664840698242188
2006-07-20,3.8146119117736816
2006-07-21,4.022931098937988
2006-07-22,4.299286842346191
2006-07-23,7.032941818237305
2006-07-24,13.4536714553833
2006-07-25,15.915980339050293
2006-07-26,12.281133651733398
2006-07-27,9.715156555175781
2006-07-28,7.625746726989746
2006-07-29,6.206582546234131
2006-07-30,6.053391456604004
2006-07-31,6.157473564147949
2006-08-01,5.08053731918335
2006-08-02,4.150269508361816
2006-08-03,3.5551230907440186
2006-08-04,3.196279764175415
2006-08-05,2.9677751064300537
2006-08-06,2.8197317123413086
2006-08-07,2.964174509048462
2006-08-08,3.226757049560547
2006-08-09,3.1180641651153564
2006-08-10,2.911879301071167
2006-08-11,2.8797109127044678
2006-08-12,3.317507743835449
2006-08-13,3.9366722106933594
2006-08-14,3.773883104324341
2006-08-15,3.281985282897949
2006-08-16,3.179377555847168
2006-08-17,3.752608060836792
2006-08-18,4.034128189086914
2006-08-19,3.384568691253662
2006-08-20,2.8553192615509033
2006-08-21,2.5649454593658447
2006-08-22,2.4335691928863525
2006-08-23,2.4872324466705322
2006-08-24,2.5107693672180176
2006-08-25,2.3636081218719482
2006-08-26,2.178914785385132
2006-08-27,2.004934549331665
2006-08-28,1.8564178943634033
2006-08-29,1.7665917873382568
2006-08-30,1.915297269821167
2006-08-31,3.129373073577881
2006-09-01,6.375638008117676
2006-09-02,10.276204109191895
2006-09-03,10.279273986816406
2006-09-04,7.192440986633301
2006-09-05,5.65175199508667
2006-09-06,6.17180061340332
2006-09-07,7.467833518981934
2006-09-08,6.813248157501221
2006-09-09,5.659233570098877
2006-09-10,4.777978897094727
2006-09-11,4.06648588180542
2006-09-12,3.5651133060455322
2006-09-13,3.9712722301483154
2006-09-14,11.077173233032227
2006-09-15,29.353784561157227
2006-09-16,27.71401596069336
2006-09-17,16.045034408569336
2006-09-18,9.588143348693848
2006-09-19,7.067579746246338
2006-09-20,6.4169921875
2006-09-21,6.076705455780029
2006-09-22,5.245687484741211
2006-09-23,4.6172027587890625
2006-09-24,4.208289623260498
2006-09-25,4.201604843139648
2006-09-26,4.509612083435059
2006-09-27,4.39765739440918
2006-09-28,4.093612194061279
2006-09-29,4.232320308685303
2006-09-30,4.510936260223389
2006-10-01,4.224102973937988
2006-10-02,3.8591742515563965
2006-10-03,3.52882981300354
2006-10-04,3.2834506034851074
2006-10-05,3.114748477935791
2006-10-06,3.7653932571411133
2006-10-07,6.389943599700928
2006-10-08,8.357135772705078
2006-10-09,7.970692157745361
2006-10-10,6.697731971740723
2006-10-11,5.38680362701416
2006-10-12,4.645288467407227
2006-10-13,4.396141529083252
2006-10-14,4.200273036956787
2006-10-15,3.904125213623047
2006-10-16,3.667768955230713
2006-10-17,4.065326690673828
2006-10-18,7.208456039428711
2006-10-19,11.34955883026123
2006-10-20,9.84129810333252
2006-10-21,8.182238578796387
2006-10-22,7.253879547119141
2006-10-23,6.61458683013916
2006-10-24,6.251657485961914
2006-10-25,5.5973310470581055
2006-10-26,5.070864200592041
2006-10-27,5.039954662322998
2006-10-28,7.473214149475098
2006-10-29,12.017054557800293
2006-10-30,12.002165794372559
2006-10-31,9.432755470275879
2006-11-01,7.53383731842041
2006-11-02,6.494733810424805
2006-11-03,5.916360378265381
2006-11-04,5.528683662414551
2006-11-05,5.227869987487793
2006-11-06,4.977879047393799
2006-11-07,5.638850212097168
2006-11-08,10.52842903137207
2006-11-09,17.857284545898438
2006-11-10,17.451555252075195
2006-11-11,13.026525497436523
2006-11-12,12.713985443115234
2006-11-13,18.424869537353516
2006-11-14,19.597063064575195
2006-11-15,14.592087745666504
2006-11-16,21.594074249267578
2006-11-17,45.51091766357422
2006-11-18,49.91417694091797
2006-11-19,30.898527145385742
2006-11-20,19.442184448242188
2006-11-21,15.797648429870605
2006-11-22,56.681278228759766
2006-11-23,120.54548645019531
2006-11-24,121.76610565185547
2006-11-25,65.22466278076172
2006-11-26,35.225223541259766
2006-11-27,23.570560455322266
2006-11-28,18.36051368713379
2006-11-29,15.544946670532227
2006-11-30,13.769370079040527
2006-12-01,13.189943313598633
2006-12-02,13.691282272338867
2006-12-03,13.267136573791504
2006-12-04,11.930965423583984
2006-12-05,10.929086685180664
2006-12-06,10.106310844421387
2006-12-07,9.54269790649414
2006-12-08,9.18603515625
2006-12-09,8.870113372802734
2006-12-10,8.412201881408691
2006-12-11,8.173429489135742
2006-12-12,7.9599714279174805
2006-12-13,7.807946681976318
2006-12-14,7.806034088134766
2006-12-15,7.841433048248291
2006-12-16,7.680536270141602
2006-12-17,7.5252485275268555
2006-12-18,7.391960144042969
2006-12-19,7.265223503112793
2006-12-20,7.097007751464844
2006-12-21,6.93651008605957
2006-12-22,9.079326629638672
2006-12-23,18.483070373535156
2006-12-24,24.872180938720703
2006-12-25,26.398727416992188
2006-12-26,42.08803176879883
2006-12-27,47.97895050048828
2006-12-28,33.004390716552734
2006-12-29,22.045516967773438
2006-12-30,16.868629455566406
2006-12-31,14.328193664550781
2007-01-01,21.6158504486084
2007-01-02,51.937583923339844
2007-01-03,59.42735290527344
2007-01-04,36.8642578125
2007-01-05,24.726091384887695
2007-01-06,23.408029556274414
2007-01-07,29.92269515991211
2007-01-08,51.00447082519531
2007-01-09,66.7930908203125
2007-01-10,52.886260986328125
2007-01-11,34.26358413696289
2007-01-12,24.14093780517578
2007-01-13,19.344022750854492
2007-01-14,16.77137565612793
2007-01-15,15.043966293334961
2007-01-16,13.795302391052246
2007-01-17,13.074260711669922
2007-01-18,12.51705551147461
2007-01-19,12.038359642028809
2007-01-20,11.890384674072266
2007-01-21,11.565256118774414
2007-01-22,12.9828462600708
2007-01-23,16.28472328186035
2007-01-24,17.086931228637695
2007-01-25,15.13100814819336
2007-01-26,13.462395668029785
2007-01-27,12.253236770629883
2007-01-28,11.378225326538086
2007-01-29,10.903280258178711
2007-01-30,10.534384727478027
2007-01-31,10.029949188232422
2007-02-01,9.745071411132812
2007-02-02,9.882506370544434
2007-02-03,10.247554779052734
2007-02-04,10.157142639160156
2007-02-05,9.82088565826416
2007-02-06,9.5455322265625
2007-02-07,9.201496124267578
2007-02-08,8.888700485229492
2007-02-09,8.655977249145508
2007-02-10,8.496036529541016
2007-02-11,8.28174114227295
2007-02-12,8.10940170288086
2007-02-13,9.001925468444824
2007-02-14,26.49177360534668
2007-02-15,42.96598434448242
2007-02-16,36.701210021972656
2007-02-17,26.03322982788086
2007-02-18,19.868446350097656
2007-02-19,16.636234283447266
2007-02-20,14.623037338256836
2007-02-21,13.636985778808594
2007-02-22,13.043294906616211
2007-02-23,12.277456283569336
2007-02-24,11.341668128967285
2007-02-25,12.109598159790039
2007-02-26,16.987754821777344
2007-02-27,19.929283142089844
2007-02-28,17.053447723388672
2007-03-01,14.902073860168457
2007-03-02,34.15414810180664
2007-03-03,61.3975830078125
2007-03-04,55.1858024597168
2007-03-05,34.85944366455078
2007-03-06,23.848220825195312
2007-03-07,18.773765563964844
2007-03-08,15.843002319335938
2007-03-09,14.181718826293945
2007-03-10,12.962117195129395
2007-03-11,12.114370346069336
2007-03-12,11.604094505310059
2007-03-13,10.990453720092773
2007-03-14,10.488426208496094
2007-03-15,10.138309478759766
2007-03-16,18.242494583129883
2007-03-17,44.78648376464844
2007-03-18,54.60963439941406
2007-03-19,36.03240966796875
2007-03-20,24.066104888916016
2007-03-21,18.774089813232422
2007-03-22,16.01531219482422
2007-03-23,14.109649658203125
2007-03-24,12.786357879638672
2007-03-25,11.784309387207031
2007-03-26,11.039133071899414
2007-03-27,10.512134552001953
2007-03-28,10.120214462280273
2007-03-29,10.230307579040527
2007-03-30,11.49301815032959
2007-03-31,12.329742431640625
2007-04-01,11.415868759155273
2007-04-02,10.815911293029785
2007-04-03,10.26666259765625
2007-04-04,9.669427871704102
2007-04-05,9.205870628356934
2007-04-06,8.784050941467285
2007-04-07,8.458248138427734
2007-04-08,8.306720733642578
2007-04-09,7.983555316925049
2007-04-10,7.641151428222656
2007-04-11,7.746618747711182
2007-04-12,13.646163940429688
2007-04-13,22.558895111083984
2007-04-14,20.891721725463867
2007-04-15,37.202415466308594
2007-04-16,89.97686004638672
2007-04-17,95.2119140625
2007-04-18,54.420372009277344
2007-04-19,32.8021125793457
2007-04-20,23.323017120361328
2007-04-21,18.520307540893555
2007-04-22,15.557985305786133
2007-04-23,13.650309562683105
2007-04-24,12.315914154052734
2007-04-25,11.319869041442871
2007-04-26,10.530466079711914
2007-04-27,10.025904655456543
2007-04-28,10.02071762084961
2007-04-29,9.87527847290039
2007-04-30,9.185430526733398
2007-05-01,8.556719779968262
2007-05-02,8.072860717773438
2007-05-03,7.574886322021484
2007-05-04,7.250472068786621
2007-05-05,7.2570905685424805
2007-05-06,7.481387138366699
2007-05-07,7.586973667144775
2007-05-08,7.160174369812012
2007-05-09,6.930469036102295
2007-05-10,6.917590141296387
2007-05-11,6.861199378967285
2007-05-12,6.6708292961120605
2007-05-13,6.702780723571777
2007-05-14,6.726861476898193
2007-05-15,6.272014617919922
2007-05-16,5.9017720222473145
2007-05-17,5.7065606117248535
2007-05-18,5.747395038604736
2007-05-19,5.667409896850586
2007-05-20,5.336025714874268
2007-05-21,5.042111396789551
2007-05-22,4.770917892456055
2007-05-23,4.531578540802002
2007-05-24,4.38090705871582
2007-05-25,4.253014087677002
2007-05-26,4.089209079742432
2007-05-27,3.891510009765625
2007-05-28,3.7092370986938477
2007-05-29,3.529365062713623
2007-05-30,3.391225576400757
2007-05-31,3.282972812652588
2007-06-01,3.2236461639404297
2007-06-02,3.17348575592041
2007-06-03,3.6817681789398193
2007-06-04,6.077908515930176
2007-06-05,8.317500114440918
2007-06-06,6.872184753417969
2007-06-07,5.678808689117432
2007-06-08,4.914412975311279
2007-06-09,4.2427077293396
2007-06-10,3.8023366928100586
2007-06-11,3.6295156478881836
2007-06-12,3.960690975189209
2007-06-13,4.45022439956665
2007-06-14,4.362079620361328
2007-06-15,4.112443923950195
2007-06-16,3.872525930404663
2007-06-17,3.759892463684082
2007-06-18,3.6401267051696777
2007-06-19,3.3727054595947266
2007-06-20,3.1887946128845215
2007-06-21,3.2256815433502197
2007-06-22,3.279344081878662
2007-06-23,3.141860008239746
2007-06-24,2.9801077842712402
2007-06-25,2.8168859481811523
2007-06-26,2.936065196990967
2007-06-27,3.238037109375
2007-06-28,3.3246567249298096
2007-06-29,3.2606091499328613
2007-06-30,3.212874174118042
2007-07-01,3.263164520263672
2007-07-02,3.1607236862182617
2007-07-03,2.7704286575317383
2007-07-04,2.515561103820801
2007-07-05,2.425361156463623
2007-07-06,2.4721169471740723
2007-07-07,2.6423940658569336
2007-07-08,2.6862168312072754
2007-07-09,2.4716622829437256
2007-07-10,2.4484260082244873
2007-07-11,2.915353298187256
2007-07-12,3.4826126098632812
2007-07-13,3.281871795654297
2007-07-14,2.7543349266052246
2007-07-15,2.453396797180176
2007-07-16,2.2721331119537354
2007-07-17,2.289754629135132
2007-07-18,2.804649829864502
2007-07-19,3.521404981613159
2007-07-20,3.408264636993408
2007-07-21,2.9849677085876465
2007-07-22,2.6371095180511475
2007-07-23,2.3453361988067627
2007-07-24,2.3401055335998535
2007-07-25,2.6015870571136475
2007-07-26,2.9352850914001465
2007-07-27,3.049997568130493
2007-07-28,2.820420265197754
2007-07-29,2.6402969360351562
2007-07-30,2.927513360977173
2007-07-31,4.207610130310059
2007-08-01,4.7316412925720215
2007-08-02,3.572032928466797
2007-08-03,2.7171971797943115
2007-08-04,2.368244171142578
2007-08-05,2.2178807258605957
2007-08-06,2.024156093597412
2007-08-07,1.8591148853302002
2007-08-08,1.7119872570037842
2007-08-09,1.5822327136993408
2007-08-10,1.4734406471252441
2007-08-11,1.4140560626983643
2007-08-12,1.3963515758514404
2007-08-13,1.3621286153793335
2007-08-14,1.3128910064697266
2007-08-15,1.2527967691421509
2007-08-16,1.2011914253234863
2007-08-17,1.1753363609313965
2007-08-18,1.1872029304504395
2007-08-19,1.1787049770355225
2007-08-20,1.1281623840332031
2007-08-21,1.1007964611053467
2007-08-22,1.1544283628463745
2007-08-23,1.2798831462860107
2007-08-24,1.3037919998168945
2007-08-25,1.2726870775222778
2007-08-26,1.2264827489852905
2007-08-27,1.189095377922058
2007-08-28,1.1660614013671875
2007-08-29,1.1409072875976562
2007-08-30,1.1399059295654297
2007-08-31,1.218711495399475
2007-09-01,1.280062198638916
2007-09-02,1.2509969472885132
2007-09-03,1.1808801889419556
2007-09-04,1.105653166770935
2007-09-05,1.043387770652771
2007-09-06,0.9968150854110718
2007-09-07,0.9565774202346802
2007-09-08,0.9242209792137146
2007-09-09,0.897732675075531
2007-09-10,0.8743507862091064
2007-09-11,0.8624237179756165
2007-09-12,0.8571212291717529
2007-09-13,0.8441716432571411
2007-09-14,0.9239117503166199
2007-09-15,1.3260395526885986
2007-09-16,1.8138206005096436
2007-09-17,1.6440975666046143
2007-09-18,1.3769410848617554
2007-09-19,1.234940767288208
2007-09-20,1.171216607093811
2007-09-21,1.1543748378753662
2007-09-22,1.1420354843139648
2007-09-23,1.1121137142181396
2007-09-24,1.055043339729309
2007-09-25,0.9857671856880188
2007-09-26,0.9465274214744568
2007-09-27,0.9154381155967712
2007-09-28,0.8822633624076843
2007-09-29,0.8482663035392761
2007-09-30,0.8276434540748596
2007-10-01,0.8216356039047241
2007-10-02,0.8179455995559692
2007-10-03,0.8321945667266846
2007-10-04,0.850652277469635
2007-10-05,0.8665955066680908
2007-10-06,0.8820762634277344
2007-10-07,0.8794447779655457
2007-10-08,0.8601197600364685
2007-10-09,0.8497112393379211
2007-10-10,0.845765233039856
2007-10-11,0.8298586010932922
2007-10-12,0.8191651105880737
2007-10-13,0.8108306527137756
2007-10-14,0.8117947578430176
2007-10-15,0.8184289932250977
2007-10-16,0.839006245136261
2007-10-17,0.8563175201416016
2007-10-18,0.8846433162689209
2007-10-19,0.9377954006195068
2007-10-20,1.1687885522842407
2007-10-21,1.4579803943634033
2007-10-22,1.424408197402954
2007-10-23,1.3275032043457031
2007-10-24,1.4216954708099365
2007-10-25,2.556478977203369
2007-10-26,11.203475952148438
2007-10-27,28.746511459350586
2007-10-28,25.362899780273438
2007-10-29,11.921265602111816
2007-10-30,6.230165481567383
2007-10-31,4.282651424407959
2007-11-01,3.497145652770996
2007-11-02,3.093688488006592
2007-11-03,2.789874315261841
2007-11-04,2.609445095062256
2007-11-05,2.487795352935791
2007-11-06,2.399862289428711
2007-11-07,2.3315837383270264
2007-11-08,2.2949633598327637
2007-11-09,2.2770254611968994
2007-11-10,2.2403271198272705
2007-11-11,2.223775863647461
2007-11-12,2.229405403137207
2007-11-13,2.215930938720703
2007-11-14,2.215780019760132
2007-11-15,2.305220127105713
2007-11-16,2.7206180095672607
2007-11-17,3.1164779663085938
2007-11-18,3.0199174880981445
2007-11-19,2.8192176818847656
2007-11-20,2.6512508392333984
2007-11-21,2.5673651695251465
2007-11-22,2.5070414543151855
2007-11-23,2.5048985481262207
2007-11-24,2.5521764755249023
2007-11-25,2.5236570835113525
2007-11-26,2.4884133338928223
2007-11-27,2.5381853580474854
2007-11-28,2.6442081928253174
2007-11-29,2.665508985519409
2007-11-30,2.628798007965088
2007-12-01,2.5437824726104736
2007-12-02,2.5250425338745117
2007-12-03,2.4997386932373047
2007-12-04,2.4535486698150635
2007-12-05,2.4102981090545654
2007-12-06,2.428757905960083
2007-12-07,2.413818359375
2007-12-08,2.429361343383789
2007-12-09,2.46311354637146
2007-12-10,2.4525504112243652
2007-12-11,2.419264554977417
2007-12-12,2.403573513031006
2007-12-13,2.3613691329956055
2007-12-14,2.3564507961273193
2007-12-15,2.372743844985962
2007-12-16,3.0772924423217773
2007-12-17,4.622186183929443
2007-12-18,5.031332969665527
2007-12-19,4.364346504211426
2007-12-20,3.885361671447754
2007-12-21,3.623971939086914
2007-12-22,3.5760514736175537
2007-12-23,3.7416915893554688
2007-12-24,4.084201335906982
2007-12-25,4.521527290344238
2007-12-26,4.301247596740723
2007-12-27,4.672710418701172
2007-12-28,5.253498554229736
2007-12-29,5.7137980461120605
2007-12-30,9.425677299499512
2007-12-31,20.044963836669922
2008-01-01,25.570096969604492
2008-01-02,18.013954162597656
2008-01-03,11.491936683654785
2008-01-04,8.229717254638672
2008-01-05,6.542388916015625
2008-01-06,5.662397861480713
2008-01-07,5.16828727722168
2008-01-08,4.8511810302734375
2008-01-09,4.600676536560059
2008-01-10,4.412569999694824
2008-01-11,4.517639636993408
2008-01-12,4.893825531005859
2008-01-13,4.9872236251831055
2008-01-14,4.643059253692627
2008-01-15,4.333708763122559
2008-01-16,4.142592430114746
2008-01-17,4.186967849731445
2008-01-18,5.428234100341797
2008-01-19,7.2771124839782715
2008-01-20,7.685393810272217
2008-01-21,7.200449466705322
2008-01-22,6.259355068206787
2008-01-23,5.848589897155762
2008-01-24,5.700469970703125
2008-01-25,5.3890814781188965
2008-01-26,5.052139759063721
2008-01-27,4.7645463943481445
2008-01-28,4.582825660705566
2008-01-29,4.463775634765625
2008-01-30,4.600526809692383
2008-01-31,4.8778181076049805
2008-02-01,7.650567531585693
2008-02-02,16.462814331054688
2008-02-03,20.868310928344727
2008-02-04,15.375713348388672
2008-02-05,12.70283031463623
2008-02-06,12.27130126953125
2008-02-07,10.525016784667969
2008-02-08,8.754108428955078
2008-02-09,7.41923713684082
2008-02-10,6.534701824188232
2008-02-11,5.925899028778076
2008-02-12,5.587118148803711
2008-02-13,6.055027008056641
2008-02-14,8.387016296386719
2008-02-15,10.324918746948242
2008-02-16,9.548396110534668
2008-02-17,8.2682523727417
2008-02-18,7.4278059005737305
2008-02-19,7.043546676635742
2008-02-20,6.58113956451416
2008-02-21,6.060482978820801
2008-02-22,5.719268321990967
2008-02-23,5.659116744995117
2008-02-24,5.776961803436279
2008-02-25,5.837597370147705
2008-02-26,6.129774570465088
2008-02-27,7.43777322769165
2008-02-28,8.474928855895996
2008-02-29,7.709268569946289
2008-03-01,6.782408714294434
2008-03-02,6.1584792137146
2008-03-03,5.738743782043457
2008-03-04,6.104748725891113
2008-03-05,17.24797821044922
2008-03-06,28.001102447509766
2008-03-07,25.348690032958984
2008-03-08,27.34976577758789
2008-03-09,30.27271842956543
2008-03-10,22.49663734436035
2008-03-11,15.624404907226562
2008-03-12,12.051277160644531
2008-03-13,10.050420761108398
2008-03-14,8.842517852783203
2008-03-15,8.956083297729492
2008-03-16,10.994279861450195
2008-03-17,12.53835678100586
2008-03-18,11.318632125854492
2008-03-19,10.000923156738281
2008-03-20,10.674163818359375
2008-03-21,11.485958099365234
2008-03-22,10.12830638885498
2008-03-23,8.775564193725586
2008-03-24,8.057515144348145
2008-03-25,7.981682300567627
2008-03-26,7.73347282409668
2008-03-27,7.2190141677856445
2008-03-28,6.756303787231445
2008-03-29,6.507988929748535
2008-03-30,7.083388328552246
2008-03-31,9.457347869873047
2008-04-01,16.0847110748291
2008-04-02,21.342927932739258
2008-04-03,20.198806762695312
2008-04-04,20.047943115234375
2008-04-05,37.117576599121094
2008-04-06,71.72530364990234
2008-04-07,81.88908386230469
2008-04-08,53.28346633911133
2008-04-09,31.75518226623535
2008-04-10,21.240535736083984
2008-04-11,16.155672073364258
2008-04-12,13.466720581054688
2008-04-13,12.168262481689453
2008-04-14,11.262962341308594
2008-04-15,10.258162498474121
2008-04-16,9.37680435180664
2008-04-17,8.573712348937988
2008-04-18,8.099997520446777
2008-04-19,7.767020225524902
2008-04-20,8.331047058105469
2008-04-21,11.304394721984863
2008-04-22,14.41770076751709
2008-04-23,13.555313110351562
2008-04-24,11.43185043334961
2008-04-25,9.649273872375488
2008-04-26,8.539478302001953
2008-04-27,8.376593589782715
2008-04-28,15.990642547607422
2008-04-29,33.32340621948242
2008-04-30,36.289756774902344
2008-05-01,24.101947784423828
2008-05-02,16.74329376220703
2008-05-03,12.914456367492676
2008-05-04,10.72536849975586
2008-05-05,9.42331314086914
2008-05-06,8.44211483001709
2008-05-07,7.66876220703125
2008-05-08,7.133084774017334
2008-05-09,8.473407745361328
2008-05-10,14.01382827758789
2008-05-11,15.593549728393555
2008-05-12,13.614330291748047
2008-05-13,13.039315223693848
2008-05-14,10.785341262817383
2008-05-15,8.979390144348145
2008-05-16,8.346253395080566
2008-05-17,8.613555908203125
2008-05-18,8.52554702758789
2008-05-19,8.235657691955566
2008-05-20,8.113929748535156
2008-05-21,7.554660797119141
2008-05-22,6.9251017570495605
2008-05-23,6.219176292419434
2008-05-24,5.718081951141357
2008-05-25,5.506823539733887
2008-05-26,5.2526702880859375
2008-05-27,4.959967613220215
2008-05-28,4.814196586608887
2008-05-29,4.95017147064209
2008-05-30,4.970946311950684
2008-05-31,4.774818420410156
2008-06-01,5.079991340637207
2008-06-02,5.368434429168701
2008-06-03,4.902805328369141
2008-06-04,4.407983303070068
2008-06-05,4.019537448883057
2008-06-06,3.61318302154541
2008-06-07,3.294144630432129
2008-06-08,3.0186476707458496
2008-06-09,2.799415349960327
2008-06-10,2.633507013320923
2008-06-11,2.494548797607422
2008-06-12,2.403532028198242
2008-06-13,2.4662728309631348
2008-06-14,2.6025686264038086
2008-06-15,2.6131856441497803
2008-06-16,2.6303462982177734
2008-06-17,2.536400318145752
2008-06-18,2.3452203273773193
2008-06-19,2.1722412109375
2008-06-20,2.0544028282165527
2008-06-21,1.977300763130188
2008-06-22,2.0992987155914307
2008-06-23,3.3051252365112305
2008-06-24,4.83944845199585
2008-06-25,4.866870403289795
2008-06-26,3.7760016918182373
2008-06-27,3.06839656829834
2008-06-28,2.7657077312469482
2008-06-29,2.661215305328369
2008-06-30,3.5771267414093018
2008-07-01,5.331499099731445
2008-07-02,5.587957859039307
2008-07-03,4.2820916175842285
2008-07-04,3.3380942344665527
2008-07-05,3.4628100395202637
2008-07-06,5.39261531829834
2008-07-07,7.2081217765808105
2008-07-08,7.020606994628906
2008-07-09,6.003159523010254
2008-07-10,6.158804893493652
2008-07-11,6.273060321807861
2008-07-12,5.149775505065918
2008-07-13,4.0042290687561035
2008-07-14,3.503746509552002
2008-07-15,3.463757038116455
2008-07-16,3.3087143898010254
2008-07-17,2.8543949127197266
2008-07-18,2.4511446952819824
2008-07-19,2.158543348312378
2008-07-20,1.987453818321228
2008-07-21,1.8838850259780884
2008-07-22,1.786604642868042
2008-07-23,1.8456358909606934
2008-07-24,2.240025281906128
2008-07-25,2.5831382274627686
2008-07-26,2.375581979751587
2008-07-27,2.1499948501586914
2008-07-28,2.0051677227020264
2008-07-29,1.8493484258651733
2008-07-30,1.724979043006897
2008-07-31,1.8067456483840942
2008-08-01,2.2646560668945312
2008-08-02,2.7050580978393555
2008-08-03,2.6295762062072754
2008-08-04,2.3766047954559326
2008-08-05,1.9833972454071045
2008-08-06,1.7054526805877686
2008-08-07,1.546724557876587
2008-08-08,1.4351626634597778
2008-08-09,1.3437724113464355
2008-08-10,1.2830489873886108
2008-08-11,1.2940304279327393
2008-08-12,1.2883721590042114
2008-08-13,1.2511100769042969
2008-08-14,1.3187508583068848
2008-08-15,1.4586865901947021
2008-08-16,1.45704185962677
2008-08-17,1.3830835819244385
2008-08-18,1.303826928138733
2008-08-19,1.2278295755386353
2008-08-20,1.152796745300293
2008-08-21,1.1057367324829102
2008-08-22,1.090306043624878
2008-08-23,1.064951777458191
2008-08-24,1.0150636434555054
2008-08-25,0.9914485216140747
2008-08-26,1.0900545120239258
2008-08-27,9.119623184204102
2008-08-28,42.31766891479492
2008-08-29,60.81311798095703
2008-08-30,34.90107727050781
2008-08-31,16.979480743408203
2008-09-01,10.261977195739746
2008-09-02,6.913779258728027
2008-09-03,5.049099922180176
2008-09-04,4.0442399978637695
2008-09-05,3.7608706951141357
2008-09-06,22.76092529296875
2008-09-07,33.852420806884766
2008-09-08,25.684476852416992
2008-09-09,13.370577812194824
2008-09-10,8.39295482635498
2008-09-11,7.280836582183838
2008-09-12,6.877397537231445
2008-09-13,6.046866416931152
2008-09-14,5.02843713760376
2008-09-15,4.221074104309082
2008-09-16,5.117937088012695
2008-09-17,10.35371208190918
2008-09-18,13.075013160705566
2008-09-19,9.593116760253906
2008-09-20,6.704038143157959
2008-09-21,5.122410774230957
2008-09-22,4.257597923278809
2008-09-23,3.7210793495178223
2008-09-24,3.3579986095428467
2008-09-25,3.1559343338012695
2008-09-26,4.183772563934326
2008-09-27,8.797932624816895
2008-09-28,13.924484252929688
2008-09-29,13.837959289550781
2008-09-30,9.84606647491455
2008-10-01,7.660686016082764
2008-10-02,7.422449111938477
2008-10-03,6.804224014282227
2008-10-04,5.6572370529174805
2008-10-05,4.820462703704834
2008-10-06,4.25210428237915
2008-10-07,3.878723621368408
2008-10-08,3.6618969440460205
2008-10-09,3.5541014671325684
2008-10-10,3.568795680999756
2008-10-11,3.5194501876831055
2008-10-12,3.3507137298583984
2008-10-13,3.1535725593566895
2008-10-14,2.9964795112609863
2008-10-15,2.9217495918273926
2008-10-16,2.8182363510131836
2008-10-17,2.78285551071167
2008-10-18,3.1043813228607178
2008-10-19,3.5032095909118652
2008-10-20,3.513671636581421
2008-10-21,3.2962255477905273
2008-10-22,3.09251070022583
2008-10-23,2.952437400817871
2008-10-24,2.8898563385009766
2008-10-25,3.066870927810669
2008-10-26,3.810336112976074
2008-10-27,4.605485439300537
2008-10-28,4.3085737228393555
2008-10-29,3.8221914768218994
2008-10-30,3.4846689701080322
2008-10-31,3.286435842514038
2008-11-01,3.2073426246643066
2008-11-02,3.195300579071045
2008-11-03,3.1001791954040527
2008-11-04,3.1486458778381348
2008-11-05,3.735531806945801
2008-11-06,4.609009742736816
2008-11-07,4.718367099761963
2008-11-08,4.301661491394043
2008-11-09,3.929443359375
2008-11-10,3.7298154830932617
2008-11-11,3.56882643699646
2008-11-12,3.4667582511901855
2008-11-13,3.480147123336792
2008-11-14,4.188323974609375
2008-11-15,6.713003635406494
2008-11-16,11.07501220703125
2008-11-17,12.377504348754883
2008-11-18,9.1724271774292
2008-11-19,6.93010139465332
2008-11-20,5.819896697998047
2008-11-21,5.180060386657715
2008-11-22,4.934439659118652
2008-11-23,4.72946310043335
2008-11-24,4.493185997009277
2008-11-25,4.5559916496276855
2008-11-26,4.874128341674805
2008-11-27,4.99094295501709
2008-11-28,4.811578273773193
2008-11-29,4.639651298522949
2008-11-30,6.539660930633545
2008-12-01,14.620546340942383
2008-12-02,19.642099380493164
2008-12-03,15.390632629394531
2008-12-04,11.013883590698242
2008-12-05,8.70044994354248
2008-12-06,7.439745903015137
2008-12-07,6.659824371337891
2008-12-08,6.131527900695801
2008-12-09,5.736666679382324
2008-12-10,5.566034317016602
2008-12-11,16.320053100585938
2008-12-12,61.41234588623047
2008-12-13,77.18907165527344
2008-12-14,45.6084098815918
2008-12-15,25.349599838256836
2008-12-16,16.901527404785156
2008-12-17,13.978500366210938
2008-12-18,13.650755882263184
2008-12-19,12.715889930725098
2008-12-20,12.043560028076172
2008-12-21,16.850860595703125
2008-12-22,22.229766845703125
2008-12-23,20.999805450439453
2008-12-24,16.335432052612305
2008-12-25,15.060114860534668
2008-12-26,16.233781814575195
2008-12-27,15.811312675476074
2008-12-28,13.688210487365723
2008-12-29,12.153738975524902
2008-12-30,11.02989673614502
2008-12-31,9.911102294921875
2009-01-01,9.036653518676758
2009-01-02,8.527381896972656
2009-01-03,8.314276695251465
2009-01-04,8.411771774291992
2009-01-05,9.258950233459473
2009-01-06,19.04523277282715
2009-01-07,60.297119140625
2009-01-08,83.35774230957031
2009-01-09,56.113426208496094
2009-01-10,32.67536544799805
2009-01-11,21.630313873291016
2009-01-12,16.599231719970703
2009-01-13,13.789214134216309
2009-01-14,12.00595474243164
2009-01-15,10.91331672668457
2009-01-16,10.090126037597656
2009-01-17,9.23647403717041
2009-01-18,8.620722770690918
2009-01-19,8.318794250488281
2009-01-20,8.00497055053711
2009-01-21,7.8487043380737305
2009-01-22,7.594210624694824
2009-01-23,7.334394454956055
2009-01-24,7.181972503662109
2009-01-25,7.024533748626709
2009-01-26,6.837985992431641
2009-01-27,6.821231842041016
2009-01-28,8.6985502243042
2009-01-29,12.902108192443848
2009-01-30,14.603753089904785
2009-01-31,12.517712593078613
2009-02-01,10.766077995300293
2009-02-02,9.639867782592773
2009-02-03,9.443147659301758
2009-02-04,10.099702835083008
2009-02-05,10.089852333068848
2009-02-06,9.210549354553223
2009-02-07,8.515607833862305
2009-02-08,8.252963066101074
2009-02-09,8.037435531616211
2009-02-10,7.753540992736816
2009-02-11,7.505873680114746
2009-02-12,7.358180046081543
2009-02-13,7.296082496643066
2009-02-14,7.150538921356201
2009-02-15,6.933246612548828
2009-02-16,6.756697654724121
2009-02-17,6.701613426208496
2009-02-18,7.205076217651367
2009-02-19,9.313920974731445
2009-02-20,11.022342681884766
2009-02-21,10.20433235168457
2009-02-22,9.08167839050293
2009-02-23,8.398969650268555
2009-02-24,8.000165939331055
2009-02-25,7.616433620452881
2009-02-26,7.237794876098633
2009-02-27,7.062689304351807
2009-02-28,7.262022018432617
2009-03-01,14.61125659942627
2009-03-02,36.44396209716797
2009-03-03,47.42454528808594
2009-03-04,34.0903205871582
2009-03-05,28.277095794677734
2009-03-06,27.84635353088379
2009-03-07,28.324939727783203
2009-03-08,26.46624183654785
2009-03-09,22.521392822265625
2009-03-10,18.471569061279297
2009-03-11,15.311561584472656
2009-03-12,13.186419486999512
2009-03-13,11.646939277648926
2009-03-14,12.966451644897461
2009-03-15,31.662002563476562
2009-03-16,57.96199417114258
2009-03-17,64.8292465209961
2009-03-18,50.28423309326172
2009-03-19,33.54438018798828
2009-03-20,24.597440719604492
2009-03-21,19.615413665771484
2009-03-22,15.966897964477539
2009-03-23,13.690800666809082
2009-03-24,12.507582664489746
2009-03-25,11.510912895202637
2009-03-26,11.422908782958984
2009-03-27,14.713949203491211
2009-03-28,23.517210006713867
2009-03-29,37.861751556396484
2009-03-30,41.810997009277344
2009-03-31,31.54878044128418
2009-04-01,22.64759635925293
2009-04-02,19.00731658935547
2009-04-03,20.203811645507812
2009-04-04,22.759082794189453
2009-04-05,20.792903900146484
2009-04-06,17.702646255493164
2009-04-07,17.01775550842285
2009-04-08,16.37483787536621
2009-04-09,14.52928352355957
2009-04-10,13.774357795715332
2009-04-11,16.655153274536133
2009-04-12,23.563674926757812
2009-04-13,23.327789306640625
2009-04-14,19.16873550415039
2009-04-15,18.579343795776367
2009-04-16,19.01416015625
2009-04-17,16.476503372192383
2009-04-18,14.031388282775879
2009-04-19,12.516810417175293
2009-04-20,12.223590850830078
2009-04-21,13.459049224853516
2009-04-22,14.25090503692627
2009-04-23,12.798136711120605
2009-04-24,11.353262901306152
2009-04-25,10.36351203918457
2009-04-26,9.602008819580078
2009-04-27,8.892193794250488
2009-04-28,8.283001899719238
2009-04-29,7.784332275390625
2009-04-30,7.395374298095703
2009-05-01,7.204545021057129
2009-05-02,7.055016040802002
2009-05-03,6.849623203277588
2009-05-04,6.741210460662842
2009-05-05,8.493961334228516
2009-05-06,18.055526733398438
2009-05-07,29.86377716064453
2009-05-08,24.789745330810547
2009-05-09,18.007614135742188
2009-05-10,15.213225364685059
2009-05-11,13.329721450805664
2009-05-12,12.240435600280762
2009-05-13,11.855589866638184
2009-05-14,10.159721374511719
2009-05-15,9.064657211303711
2009-05-16,8.857163429260254
2009-05-17,8.994743347167969
2009-05-18,8.986129760742188
2009-05-19,9.32932186126709
2009-05-20,8.58137321472168
2009-05-21,7.689465522766113
2009-05-22,6.945913314819336
2009-05-23,6.393756866455078
2009-05-24,5.982308387756348
2009-05-25,5.784262657165527
2009-05-26,5.923219203948975
2009-05-27,6.372097969055176
2009-05-28,6.657493591308594
2009-05-29,7.085611343383789
2009-05-30,7.811611652374268
2009-05-31,7.599977016448975
2009-06-01,6.8229475021362305
2009-06-02,6.147088527679443
2009-06-03,5.976661205291748
2009-06-04,9.10706615447998
2009-06-05,32.94879913330078
2009-06-06,60.75190734863281
2009-06-07,57.50019836425781
2009-06-08,31.85609245300293
2009-06-09,18.770397186279297
2009-06-10,14.559991836547852
2009-06-11,15.236433982849121
2009-06-12,16.503463745117188
2009-06-13,15.788139343261719
2009-06-14,12.840668678283691
2009-06-15,10.96908187866211
2009-06-16,14.229684829711914
2009-06-17,26.12361717224121
2009-06-18,32.232398986816406
2009-06-19,24.507261276245117
2009-06-20,16.68519401550293
2009-06-21,12.1176118850708
2009-06-22,9.464262962341309
2009-06-23,7.850082874298096
2009-06-24,6.782465934753418
2009-06-25,6.040040016174316
2009-06-26,5.5782470703125
2009-06-27,5.404267311096191
2009-06-28,5.459660530090332
2009-06-29,5.275460243225098
2009-06-30,4.836915969848633
2009-07-01,4.4205241203308105
2009-07-02,4.104793071746826
2009-07-03,3.846924066543579
2009-07-04,3.6653664112091064
2009-07-05,3.5868566036224365
2009-07-06,3.6398048400878906
2009-07-07,3.700556755065918
2009-07-08,3.5699679851531982
2009-07-09,3.318328857421875
2009-07-10,3.150336503982544
2009-07-11,3.08504319190979
2009-07-12,3.104246139526367
2009-07-13,3.20216703414917
2009-07-14,3.3525242805480957
2009-07-15,3.3122189044952393
2009-07-16,3.0343852043151855
2009-07-17,2.8516125679016113
2009-07-18,2.7761754989624023
2009-07-19,2.7126736640930176
2009-07-20,2.6009418964385986
2009-07-21,2.6207332611083984
2009-07-22,2.664407968521118
2009-07-23,2.5753402709960938
2009-07-24,2.5114758014678955
2009-07-25,2.4556844234466553
2009-07-26,2.319135904312134
2009-07-27,2.2301852703094482
2009-07-28,2.3905913829803467
2009-07-29,2.7662432193756104
2009-07-30,3.013221502304077
2009-07-31,3.1601133346557617
2009-08-01,3.155022144317627
2009-08-02,3.0384931564331055
2009-08-03,3.046069622039795
2009-08-04,3.0471787452697754
2009-08-05,2.7560484409332275
2009-08-06,2.5807600021362305
2009-08-07,2.6549582481384277
2009-08-08,2.6137325763702393
2009-08-09,2.380481004714966
2009-08-10,2.1586496829986572
2009-08-11,2.0085878372192383
2009-08-12,1.9766299724578857
2009-08-13,2.040849208831787
2009-08-14,2.035696029663086
2009-08-15,1.9205719232559204
2009-08-16,1.8138010501861572
2009-08-17,1.7607018947601318
2009-08-18,1.739228367805481
2009-08-19,1.6972671747207642
2009-08-20,1.673326015472412
2009-08-21,1.764406442642212
2009-08-22,2.007995128631592
2009-08-23,2.582948923110962
2009-08-24,3.107377052307129
2009-08-25,2.797057628631592
2009-08-26,2.3809397220611572
2009-08-27,2.079533815383911
2009-08-28,1.9229588508605957
2009-08-29,1.9908264875411987
2009-08-30,2.203951835632324
2009-08-31,2.274791955947876
2009-09-01,2.4073307514190674
2009-09-02,2.5959951877593994
2009-09-03,2.3597183227539062
2009-09-04,2.0756847858428955
2009-09-05,1.8816847801208496
2009-09-06,1.7420871257781982
2009-09-07,1.6498278379440308
2009-09-08,1.6076935529708862
2009-09-09,1.5774202346801758
2009-09-10,1.5617685317993164
2009-09-11,1.544547438621521
2009-09-12,1.4947309494018555
2009-09-13,1.4314994812011719
2009-09-14,1.3728511333465576
2009-09-15,1.3277722597122192
2009-09-16,1.3316030502319336
2009-09-17,1.515667200088501
2009-09-18,1.989243507385254
2009-09-19,2.475482940673828
2009-09-20,2.412396192550659
2009-09-21,2.1672284603118896
2009-09-22,2.0364432334899902
2009-09-23,2.333099603652954
2009-09-24,3.080155372619629
2009-09-25,3.3427979946136475
2009-09-26,3.0578770637512207
2009-09-27,3.9853732585906982
2009-09-28,7.04111909866333
2009-09-29,8.043615341186523
2009-09-30,6.039544582366943
2009-10-01,4.237574577331543
2009-10-02,3.2910141944885254
2009-10-03,2.8129513263702393
2009-10-04,2.4986093044281006
2009-10-05,2.323894739151001
2009-10-06,2.354217767715454
2009-10-07,2.461629629135132
2009-10-08,2.4136464595794678
2009-10-09,2.2748324871063232
2009-10-10,2.2137949466705322
2009-10-11,2.3694241046905518
2009-10-12,2.666820526123047
2009-10-13,2.895641326904297
2009-10-14,3.138157367706299
2009-10-15,3.211043357849121
2009-10-16,3.3785080909729004
2009-10-17,3.3195924758911133
2009-10-18,3.0618553161621094
2009-10-19,2.8205323219299316
2009-10-20,2.6302168369293213
2009-10-21,2.5254671573638916
2009-10-22,2.437720775604248
2009-10-23,2.3484020233154297
2009-10-24,2.322622776031494
2009-10-25,2.477691650390625
2009-10-26,2.677067995071411
2009-10-27,2.8281726837158203
2009-10-28,4.7007155418396
2009-10-29,8.343079566955566
2009-10-30,8.372366905212402
2009-10-31,6.13536262512207
2009-11-01,8.162851333618164
2009-11-02,19.531532287597656
2009-11-03,26.187335968017578
2009-11-04,16.217586517333984
2009-11-05,9.832826614379883
2009-11-06,7.110419273376465
2009-11-07,5.828117847442627
2009-11-08,5.18110466003418
2009-11-09,4.814187526702881
2009-11-10,4.971438884735107
2009-11-11,38.77953338623047
2009-11-12,151.37161254882812
2009-11-13,229.1952362060547
2009-11-14,157.43719482421875
2009-11-15,75.55543518066406
2009-11-16,37.83401107788086
2009-11-17,24.05368995666504
2009-11-18,18.212570190429688
2009-11-19,15.490911483764648
2009-11-20,14.601991653442383
2009-11-21,13.743932723999023
2009-11-22,12.256429672241211
2009-11-23,16.299867630004883
2009-11-24,31.6695556640625
2009-11-25,37.385215759277344
2009-11-26,28.066083908081055
2009-11-27,22.49794578552246
2009-11-28,20.294483184814453
2009-11-29,17.787874221801758
2009-11-30,15.091891288757324
2009-12-01,13.591172218322754
2009-12-02,17.725311279296875
2009-12-03,46.812984466552734
2009-12-04,56.568016052246094
2009-12-05,41.9913330078125
2009-12-06,34.730186462402344
2009-12-07,30.29442024230957
2009-12-08,24.67692756652832
2009-12-09,48.96522903442383
2009-12-10,76.54379272460938
2009-12-11,69.25094604492188
2009-12-12,42.662086486816406
2009-12-13,31.273441314697266
2009-12-14,35.942169189453125
2009-12-15,38.8689079284668
2009-12-16,30.14873695373535
2009-12-17,23.293781280517578
2009-12-18,19.28764533996582
2009-12-19,19.838054656982422
2009-12-20,26.762006759643555
2009-12-21,29.031795501708984
2009-12-22,25.09541130065918
2009-12-23,21.0640926361084
2009-12-24,18.697406768798828
2009-12-25,36.215545654296875
2009-12-26,81.9024658203125
2009-12-27,92.6934814453125
2009-12-28,56.65530776977539
2009-12-29,36.57499313354492
2009-12-30,26.836261749267578
2009-12-31,21.685880661010742
2010-01-01,20.13795280456543
2010-01-02,19.81392478942871
2010-01-03,17.956388473510742
2010-01-04,16.09206199645996
2010-01-05,14.656877517700195
2010-01-06,13.577123641967773
2010-01-07,12.720735549926758
2010-01-08,12.09652328491211
2010-01-09,11.821633338928223
2010-01-10,11.377074241638184
2010-01-11,10.83609390258789
2010-01-12,10.40772533416748
2010-01-13,10.146288871765137
2010-01-14,9.899762153625488
2010-01-15,9.773598670959473
2010-01-16,9.785289764404297
2010-01-17,16.73459243774414
2010-01-18,39.4221305847168
2010-01-19,49.4163818359375
2010-01-20,34.57160568237305
2010-01-21,26.099365234375
2010-01-22,28.402387619018555
2010-01-23,34.40314865112305
2010-01-24,31.02086067199707
2010-01-25,66.60780334472656
2010-01-26,148.3353729248047
2010-01-27,124.05812072753906
2010-01-28,67.11028289794922
2010-01-29,39.87196731567383
2010-01-30,29.690446853637695
2010-01-31,27.14142608642578
2010-02-01,27.002216339111328
2010-02-02,25.4737548828125
2010-02-03,30.556007385253906
2010-02-04,37.679664611816406
2010-02-05,56.30659484863281
2010-02-06,114.20516967773438
2010-02-07,137.85165405273438
2010-02-08,92.47087097167969
2010-02-09,60.62895584106445
2010-02-10,46.0594367980957
2010-02-11,38.93224334716797
2010-02-12,31.895423889160156
2010-02-13,27.40787124633789
2010-02-14,25.24053955078125
2010-02-15,23.957658767700195
2010-02-16,24.1174259185791
2010-02-17,23.348051071166992
2010-02-18,20.87864875793457
2010-02-19,19.140737533569336
2010-02-20,18.130983352661133
2010-02-21,17.082443237304688
2010-02-22,17.05615997314453
2010-02-23,19.655338287353516
2010-02-24,21.754638671875
2010-02-25,22.81340980529785
2010-02-26,22.64634895324707
2010-02-27,19.821208953857422
2010-02-28,17.76696014404297
2010-03-01,16.454689025878906
2010-03-02,15.820531845092773
2010-03-03,17.494539260864258
2010-03-04,19.466581344604492
2010-03-05,18.55071258544922
2010-03-06,16.887144088745117
2010-03-07,15.491716384887695
2010-03-08,14.519094467163086
2010-03-09,13.97719955444336
2010-03-10,13.572755813598633
2010-03-11,13.750170707702637
2010-03-12,14.306286811828613
2010-03-13,21.810762405395508
2010-03-14,38.60397720336914
2010-03-15,43.9503059387207
2010-03-16,33.9934196472168
2010-03-17,25.19671630859375
2010-03-18,20.520751953125
2010-03-19,17.981863021850586
2010-03-20,16.299489974975586
2010-03-21,15.201891899108887
2010-03-22,14.650639533996582
2010-03-23,14.307737350463867
2010-03-24,13.854887008666992
2010-03-25,13.202291488647461
2010-03-26,13.04646110534668
2010-03-27,13.317554473876953
2010-03-28,14.602924346923828
2010-03-29,47.60624313354492
2010-03-30,119.06524658203125
2010-03-31,94.67266845703125
2010-04-01,53.29874801635742
2010-04-02,34.33945846557617
2010-04-03,26.01070785522461
2010-04-04,21.33719825744629
2010-04-05,18.576261520385742
2010-04-06,16.87044906616211
2010-04-07,15.740944862365723
2010-04-08,14.957775115966797
2010-04-09,17.059040069580078
2010-04-10,24.488189697265625
2010-04-11,22.298328399658203
2010-04-12,18.025474548339844
2010-04-13,15.591329574584961
2010-04-14,14.133405685424805
2010-04-15,13.173698425292969
2010-04-16,12.461738586425781
2010-04-17,11.874956130981445
2010-04-18,11.265657424926758
2010-04-19,10.706937789916992
2010-04-20,10.272228240966797
2010-04-21,10.362600326538086
2010-04-22,10.911818504333496
2010-04-23,10.995030403137207
2010-04-24,10.447918891906738
2010-04-25,10.35818862915039
2010-04-26,10.935368537902832
2010-04-27,11.271358489990234
2010-04-28,10.377605438232422
2010-04-29,9.514995574951172
2010-04-30,8.901744842529297
2010-05-01,8.537818908691406
2010-05-02,8.200091361999512
2010-05-03,7.845688819885254
2010-05-04,7.634207248687744
2010-05-05,7.612087726593018
2010-05-06,7.330877780914307
2010-05-07,7.093794822692871
2010-05-08,6.81744384765625
2010-05-09,6.418228626251221
2010-05-10,6.024020195007324
2010-05-11,5.8146820068359375
2010-05-12,5.850454330444336
2010-05-13,5.847990036010742
2010-05-14,5.698197841644287
2010-05-15,5.666025638580322
2010-05-16,6.431744575500488
2010-05-17,20.342695236206055
2010-05-18,45.57068634033203
2010-05-19,46.44124221801758
2010-05-20,28.531143188476562
2010-05-21,18.313575744628906
2010-05-22,13.547104835510254
2010-05-23,12.693620681762695
2010-05-24,13.634156227111816
2010-05-25,13.370201110839844
2010-05-26,11.888435363769531
2010-05-27,10.263891220092773
2010-05-28,9.086771011352539
2010-05-29,11.993459701538086
2010-05-30,18.877094268798828
2010-05-31,19.80508041381836
2010-06-01,15.482775688171387
2010-06-02,14.914332389831543
2010-06-03,14.731620788574219
2010-06-04,12.876813888549805
2010-06-05,10.459992408752441
2010-06-06,8.796897888183594
2010-06-07,7.816581726074219
2010-06-08,7.20367431640625
2010-06-09,6.583624839782715
2010-06-10,6.132043838500977
2010-06-11,5.826213836669922
2010-06-12,5.615920066833496
2010-06-13,6.392108917236328
2010-06-14,8.519942283630371
2010-06-15,9.900227546691895
2010-06-16,10.427672386169434
2010-06-17,13.149542808532715
2010-06-18,14.270613670349121
2010-06-19,10.741178512573242
2010-06-20,8.01834487915039
2010-06-21,6.545961380004883
2010-06-22,5.62912654876709
2010-06-23,5.060397624969482
2010-06-24,4.780391216278076
2010-06-25,4.622089862823486
2010-06-26,4.333054542541504
2010-06-27,4.110839366912842
2010-06-28,3.846914768218994
2010-06-29,3.660918712615967
2010-06-30,3.560279369354248
2010-07-01,3.4855470657348633
2010-07-02,3.32193660736084
2010-07-03,3.127825975418091
2010-07-04,2.982081651687622
2010-07-05,2.878220558166504
2010-07-06,2.762620687484741
2010-07-07,2.6453428268432617
2010-07-08,2.548734664916992
2010-07-09,2.5775656700134277
2010-07-10,2.8487629890441895
2010-07-11,3.187751293182373
2010-07-12,3.183497905731201
2010-07-13,3.1661431789398193
2010-07-14,5.200436592102051
2010-07-15,10.399962425231934
2010-07-16,10.58909797668457
2010-07-17,8.32040786743164
2010-07-18,11.66781997680664
2010-07-19,16.046024322509766
2010-07-20,12.279598236083984
2010-07-21,9.159268379211426
2010-07-22,7.435173034667969
2010-07-23,5.806138038635254
2010-07-24,4.675816059112549
2010-07-25,3.993866205215454
2010-07-26,3.5365447998046875
2010-07-27,3.850433349609375
2010-07-28,5.4841628074646
2010-07-29,6.111744403839111
2010-07-30,5.192612648010254
2010-07-31,4.42278528213501
2010-08-01,4.068758964538574
2010-08-02,4.152904987335205
2010-08-03,4.104619979858398
2010-08-04,3.7363104820251465
2010-08-05,3.6751701831817627
2010-08-06,4.414536476135254
2010-08-07,4.948040962219238
2010-08-08,4.278352737426758
2010-08-09,3.5622005462646484
2010-08-10,3.242164134979248
2010-08-11,3.3753814697265625
2010-08-12,4.118697166442871
2010-08-13,6.061155319213867
2010-08-14,7.197819709777832
2010-08-15,5.452622890472412
2010-08-16,4.29457950592041
2010-08-17,3.845803737640381
2010-08-18,4.774127006530762
2010-08-19,7.180892467498779
2010-08-20,8.805752754211426
2010-08-21,7.846953868865967
2010-08-22,5.737872123718262
2010-08-23,4.401828289031982
2010-08-24,3.8208577632904053
2010-08-25,3.6202235221862793
2010-08-26,3.4513630867004395
2010-08-27,3.1699094772338867
2010-08-28,2.891287326812744
2010-08-29,2.6743736267089844
2010-08-30,2.51102352142334
2010-08-31,2.3912353515625
2010-09-01,2.266610622406006
2010-09-02,2.14711332321167
2010-09-03,2.0723795890808105
2010-09-04,2.021124839782715
2010-09-05,1.9604380130767822
2010-09-06,1.900280237197876
2010-09-07,1.8667161464691162
2010-09-08,1.8331879377365112
2010-09-09,1.8231734037399292
2010-09-10,1.814453363418579
2010-09-11,1.7788498401641846
2010-09-12,1.8052648305892944
2010-09-13,1.8557898998260498
2010-09-14,1.8299272060394287
2010-09-15,1.7726759910583496
2010-09-16,1.7106693983078003
2010-09-17,1.6551899909973145
2010-09-18,1.599105715751648
2010-09-19,1.5638072490692139
2010-09-20,1.54291832447052
2010-09-21,1.514981746673584
2010-09-22,1.487423300743103
2010-09-23,1.489933967590332
2010-09-24,1.5412297248840332
2010-09-25,1.589652419090271
2010-09-26,1.619781255722046
2010-09-27,2.097160816192627
2010-09-28,3.3407199382781982
2010-09-29,4.923985481262207
2010-09-30,25.711456298828125
2010-10-01,64.97845458984375
2010-10-02,57.85393142700195
2010-10-03,26.578731536865234
2010-10-04,13.056596755981445
2010-10-05,8.492130279541016
2010-10-06,6.510717868804932
2010-10-07,5.4293341636657715
2010-10-08,4.734222412109375
2010-10-09,4.229355812072754
2010-10-10,3.930129051208496
2010-10-11,3.667675495147705
2010-10-12,3.448887348175049
2010-10-13,3.3057918548583984
2010-10-14,3.5776429176330566
2010-10-15,4.398041725158691
2010-10-16,4.764251708984375
2010-10-17,4.307512283325195
2010-10-18,3.9028382301330566
2010-10-19,3.6109046936035156
2010-10-20,3.3963189125061035
2010-10-21,3.4413633346557617
2010-10-22,3.440103769302368
2010-10-23,3.2976338863372803
2010-10-24,3.198622226715088
2010-10-25,3.1050760746002197
2010-10-26,3.389486074447632
2010-10-27,6.677398204803467
2010-10-28,19.921924591064453
2010-10-29,31.365489959716797
2010-10-30,19.839683532714844
2010-10-31,11.287425994873047
2010-11-01,7.809370994567871
2010-11-02,6.348081588745117
2010-11-03,5.598557949066162
2010-11-04,5.436782360076904
2010-11-05,6.349564552307129
2010-11-06,7.331628799438477
2010-11-07,6.6086530685424805
2010-11-08,5.918395042419434
2010-11-09,5.481210708618164
2010-11-10,5.121228218078613
2010-11-11,4.877924919128418
2010-11-12,4.689360618591309
2010-11-13,4.59862756729126
2010-11-14,4.552144527435303
2010-11-15,4.4862751960754395
2010-11-16,4.478248119354248
2010-11-17,4.6998515129089355
2010-11-18,4.950459003448486
2010-11-19,4.839302062988281
2010-11-20,4.649782657623291
2010-11-21,4.554844856262207
2010-11-22,4.4678850173950195
2010-11-23,4.365138530731201
2010-11-24,4.255030155181885
2010-11-25,4.200067043304443
2010-11-26,4.236286640167236
2010-11-27,4.271907806396484
2010-11-28,4.28790283203125
2010-11-29,4.271861553192139
2010-11-30,4.294155597686768
2010-12-01,6.16786003112793
2010-12-02,11.151476860046387
2010-12-03,12.376970291137695
2010-12-04,9.666823387145996
2010-12-05,8.192401885986328
2010-12-06,7.8922038078308105
2010-12-07,7.234710693359375
2010-12-08,6.541436195373535
2010-12-09,6.024388313293457
2010-12-10,5.646675109863281
2010-12-11,5.440892219543457
2010-12-12,5.432114124298096
2010-12-13,6.014876365661621
2010-12-14,6.654781818389893
2010-12-15,6.257245063781738
2010-12-16,5.9729533195495605
2010-12-17,6.663331031799316
2010-12-18,7.639429569244385
2010-12-19,7.462226867675781
2010-12-20,7.015817642211914
2010-12-21,6.567842483520508
2010-12-22,6.215229034423828
2010-12-23,6.026610851287842
2010-12-24,5.751696586608887
2010-12-25,5.597221374511719
2010-12-26,5.920807838439941
2010-12-27,6.845178604125977
2010-12-28,7.000733375549316
2010-12-29,6.788654804229736
2010-12-30,6.6508965492248535
2010-12-31,6.545034408569336
2011-01-01,6.579319477081299
2011-01-02,7.117460250854492
2011-01-03,8.202414512634277
2011-01-04,8.31767463684082
2011-01-05,7.525023460388184
2011-01-06,6.985297679901123
2011-01-07,6.812195777893066
2011-01-08,6.661879539489746
2011-01-09,6.4503326416015625
2011-01-10,6.162358283996582
2011-01-11,5.945960521697998
2011-01-12,5.9963788986206055
2011-01-13,6.146595001220703
2011-01-14,6.058412551879883
2011-01-15,5.913381576538086
2011-01-16,5.881159782409668
2011-01-17,5.868570327758789
2011-01-18,5.889951705932617
2011-01-19,6.101421356201172
2011-01-20,6.270498275756836
2011-01-21,6.097739219665527
2011-01-22,5.864636421203613
2011-01-23,5.665645599365234
2011-01-24,5.511735916137695
2011-01-25,5.4077253341674805
2011-01-26,5.755257606506348
2011-01-27,7.701747894287109
2011-01-28,9.648940086364746
2011-01-29,8.86094856262207
2011-01-30,7.867929935455322
2011-01-31,7.237345218658447
2011-02-01,6.8135552406311035
2011-02-02,6.725362777709961
2011-02-03,7.248664379119873
2011-02-04,7.594475269317627
2011-02-05,8.537910461425781
2011-02-06,11.449714660644531
2011-02-07,12.246710777282715
2011-02-08,10.546451568603516
2011-02-09,9.176883697509766
2011-02-10,8.258050918579102
2011-02-11,7.63985013961792
2011-02-12,7.1189985275268555
2011-02-13,6.822273254394531
2011-02-14,6.553420066833496
2011-02-15,6.370965003967285
2011-02-16,6.197993278503418
2011-02-17,6.059185028076172
2011-02-18,5.9525299072265625
2011-02-19,5.807304859161377
2011-02-20,5.649639129638672
2011-02-21,5.524920463562012
2011-02-22,5.40409517288208
2011-02-23,5.3207526206970215
2011-02-24,5.303715705871582
2011-02-25,6.164806365966797
2011-02-26,8.338899612426758
2011-02-27,9.089118003845215
2011-02-28,8.776263236999512
2011-03-01,13.391519546508789
2011-03-02,19.063364028930664
2011-03-03,16.66468048095703
2011-03-04,12.632796287536621
2011-03-05,10.086153984069824
2011-03-06,12.227275848388672
2011-03-07,25.31545066833496
2011-03-08,33.20509719848633
2011-03-09,23.23865509033203
2011-03-10,19.399505615234375
2011-03-11,24.915075302124023
2011-03-12,26.2747802734375
2011-03-13,19.70112419128418
2011-03-14,14.957022666931152
2011-03-15,12.486564636230469
2011-03-16,12.489364624023438
2011-03-17,13.858089447021484
2011-03-18,13.270214080810547
2011-03-19,11.485891342163086
2011-03-20,10.024633407592773
2011-03-21,9.059599876403809
2011-03-22,8.4044189453125
2011-03-23,8.034587860107422
2011-03-24,11.726224899291992
2011-03-25,18.601669311523438
2011-03-26,18.188751220703125
2011-03-27,16.719751358032227
2011-03-28,19.40884017944336
2011-03-29,20.34345054626465
2011-03-30,22.987146377563477
2011-03-31,32.82696533203125
2011-04-01,35.848941802978516
2011-04-02,27.291357040405273
2011-04-03,20.080535888671875
2011-04-04,15.64216423034668
2011-04-05,14.476020812988281
2011-04-06,16.128318786621094
2011-04-07,16.0833797454834
2011-04-08,13.608317375183105
2011-04-09,14.668546676635742
2011-04-10,23.413393020629883
2011-04-11,28.06991195678711
2011-04-12,22.554489135742188
2011-04-13,17.14815902709961
2011-04-14,14.007421493530273
2011-04-15,11.901865005493164
2011-04-16,12.970134735107422
2011-04-17,20.967164993286133
2011-04-18,26.548879623413086
2011-04-19,20.19915771484375
2011-04-20,15.167025566101074
2011-04-21,12.390340805053711
2011-04-22,11.20512866973877
2011-04-23,11.688517570495605
2011-04-24,12.340808868408203
2011-04-25,11.075159072875977
2011-04-26,9.832603454589844
2011-04-27,9.155952453613281
2011-04-28,8.804947853088379
2011-04-29,8.785323143005371
2011-04-30,8.57669448852539
2011-05-01,7.829751014709473
2011-05-02,7.1786723136901855
2011-05-03,6.701866626739502
2011-05-04,8.617863655090332
2011-05-05,13.27427864074707
2011-05-06,14.408751487731934
2011-05-07,11.534897804260254
2011-05-08,9.676202774047852
2011-05-09,8.944428443908691
2011-05-10,8.359209060668945
2011-05-11,7.536396026611328
2011-05-12,6.972416400909424
2011-05-13,6.694343566894531
2011-05-14,6.683181285858154
2011-05-15,7.085063934326172
2011-05-16,7.946746349334717
2011-05-17,9.127111434936523
2011-05-18,10.291664123535156
2011-05-19,10.22022819519043
2011-05-20,8.634244918823242
2011-05-21,7.287126064300537
2011-05-22,6.435853958129883
2011-05-23,6.09592342376709
2011-05-24,6.571471691131592
2011-05-25,7.171535968780518
2011-05-26,6.998846530914307
2011-05-27,6.587479114532471
2011-05-28,6.217881202697754
2011-05-29,6.581935882568359
2011-05-30,6.117487907409668
2011-05-31,5.359408378601074
2011-06-01,4.70609188079834
2011-06-02,4.23041296005249
2011-06-03,3.8676743507385254
2011-06-04,3.5444178581237793
2011-06-05,3.304318428039551
2011-06-06,3.1163477897644043
2011-06-07,2.9858179092407227
2011-06-08,2.892557382583618
2011-06-09,2.84535813331604
2011-06-10,3.107804298400879
2011-06-11,3.9308934211730957
2011-06-12,5.006855010986328
2011-06-13,5.9311017990112305
2011-06-14,5.438765048980713
2011-06-15,4.388224124908447
2011-06-16,3.6182522773742676
2011-06-17,3.183234214782715
2011-06-18,2.960005044937134
2011-06-19,2.8290843963623047
2011-06-20,2.7536003589630127
2011-06-21,2.630354166030884
2011-06-22,2.5924558639526367
2011-06-23,2.809748888015747
2011-06-24,2.883131265640259
2011-06-25,2.6739065647125244
2011-06-26,2.41455078125
2011-06-27,2.2143092155456543
2011-06-28,2.612637996673584
2011-06-29,8.174549102783203
2011-06-30,14.034416198730469
2011-07-01,11.419816970825195
2011-07-02,6.979979515075684
2011-07-03,4.667306423187256
2011-07-04,3.760054111480713
2011-07-05,3.801375389099121
2011-07-06,4.298363208770752
2011-07-07,4.638754844665527
2011-07-08,5.055529594421387
2011-07-09,6.435782432556152
2011-07-10,9.821245193481445
2011-07-11,9.794867515563965
2011-07-12,6.690343379974365
2011-07-13,4.672016620635986
2011-07-14,3.7112996578216553
2011-07-15,3.1572656631469727
2011-07-16,2.7055585384368896
2011-07-17,2.445929527282715
2011-07-18,2.3043129444122314
2011-07-19,2.1640899181365967
2011-07-20,2.061748504638672
2011-07-21,1.9831132888793945
2011-07-22,1.8521950244903564
2011-07-23,1.7426334619522095
2011-07-24,1.7948881387710571
2011-07-25,2.123570680618286
2011-07-26,2.479677677154541
2011-07-27,2.491140604019165
2011-07-28,2.174982786178589
2011-07-29,1.8653019666671753
2011-07-30,1.6632747650146484
2011-07-31,1.5661461353302002
2011-08-01,1.5902419090270996
2011-08-02,1.5988733768463135
2011-08-03,1.492152452468872
2011-08-04,1.398751974105835
2011-08-05,1.338639736175537
2011-08-06,1.3317193984985352
2011-08-07,1.397748589515686
2011-08-08,1.4443367719650269
2011-08-09,1.383784294128418
2011-08-10,1.2913105487823486
2011-08-11,1.2116583585739136
2011-08-12,1.1763540506362915
2011-08-13,1.2956428527832031
2011-08-14,1.6136837005615234
2011-08-15,2.0592689514160156
2011-08-16,2.24821400642395
2011-08-17,1.9799634218215942
2011-08-18,1.6602685451507568
2011-08-19,1.4495570659637451
2011-08-20,1.3176326751708984
2011-08-21,1.2500789165496826
2011-08-22,1.238782525062561
2011-08-23,1.1934155225753784
2011-08-24,1.1123487949371338
2011-08-25,1.0602731704711914
2011-08-26,1.0301380157470703
2011-08-27,1.035299301147461
2011-08-28,1.0489423274993896
2011-08-29,1.0175729990005493
2011-08-30,1.0425347089767456
2011-08-31,1.086563229560852
2011-09-01,1.0742801427841187
2011-09-02,1.0592851638793945
2011-09-03,1.0686885118484497
2011-09-04,1.0655792951583862
2011-09-05,1.0413143634796143
2011-09-06,1.6206421852111816
2011-09-07,4.664273262023926
2011-09-08,7.52760124206543
2011-09-09,5.226465702056885
2011-09-10,3.358222484588623
2011-09-11,2.463627576828003
2011-09-12,2.007068157196045
2011-09-13,1.7403244972229004
2011-09-14,1.560189962387085
2011-09-15,1.445696234703064
2011-09-16,1.397781252861023
2011-09-17,1.437013864517212
2011-09-18,1.4194947481155396
2011-09-19,1.4035102128982544
2011-09-20,1.3971338272094727
2011-09-21,1.5253732204437256
2011-09-22,1.9290025234222412
2011-09-23,4.226634502410889
2011-09-24,13.632428169250488
2011-09-25,22.884157180786133
2011-09-26,15.827842712402344
2011-09-27,9.005340576171875
2011-09-28,6.822044372558594
2011-09-29,6.7018723487854
2011-09-30,5.6732354164123535
2011-10-01,4.2990593910217285
2011-10-02,3.46064829826355
2011-10-03,2.9988420009613037
2011-10-04,2.7221951484680176
2011-10-05,2.491849184036255
2011-10-06,2.3123621940612793
2011-10-07,2.187427043914795
2011-10-08,2.0918619632720947
2011-10-09,2.0119664669036865
2011-10-10,1.972933292388916
2011-10-11,2.0884437561035156
2011-10-12,3.734459400177002
2011-10-13,10.06085205078125
2011-10-14,14.779073715209961
2011-10-15,11.469286918640137
2011-10-16,7.683365821838379
2011-10-17,5.462179183959961
2011-10-18,4.272661209106445
2011-10-19,4.339050769805908
2011-10-20,6.703587532043457
2011-10-21,8.318552017211914
2011-10-22,6.631862640380859
2011-10-23,5.1095499992370605
2011-10-24,4.274267196655273
2011-10-25,3.780365228652954
2011-10-26,3.415497303009033
2011-10-27,3.1757149696350098
2011-10-28,3.0464859008789062
2011-10-29,3.8427510261535645
2011-10-30,5.863432884216309
2011-10-31,6.674798965454102
2011-11-01,5.67594575881958
2011-11-02,4.816974639892578
2011-11-03,4.299881935119629
2011-11-04,10.616232872009277
2011-11-05,31.85279083251953
2011-11-06,39.764347076416016
2011-11-07,24.517824172973633
2011-11-08,14.501218795776367
2011-11-09,10.179696083068848
2011-11-10,8.16700267791748
2011-11-11,7.079249858856201
2011-11-12,6.399012565612793
2011-11-13,5.924911975860596
2011-11-14,5.530473709106445
2011-11-15,5.24263334274292
2011-11-16,5.455446720123291
2011-11-17,17.171085357666016
2011-11-18,46.804107666015625
2011-11-19,48.758113861083984
2011-11-20,28.92640495300293
2011-11-21,17.769596099853516
2011-11-22,12.927082061767578
2011-11-23,10.693405151367188
2011-11-24,9.879074096679688
2011-11-25,9.337291717529297
2011-11-26,8.398486137390137
2011-11-27,7.6259331703186035
2011-11-28,7.0519843101501465
2011-11-29,20.46554946899414
2011-11-30,52.09245300292969
2011-12-01,57.453704833984375
2011-12-02,34.42116928100586
2011-12-03,20.898303985595703
2011-12-04,15.073787689208984
2011-12-05,12.146812438964844
2011-12-06,10.476966857910156
2011-12-07,10.312430381774902
2011-12-08,14.044113159179688
2011-12-09,18.586999893188477
2011-12-10,15.601165771484375
2011-12-11,12.614873886108398
2011-12-12,10.8470458984375
2011-12-13,9.641215324401855
2011-12-14,8.90805721282959
2011-12-15,8.399429321289062
2011-12-16,8.092368125915527
2011-12-17,9.391183853149414
2011-12-18,12.371597290039062
2011-12-19,12.858184814453125
2011-12-20,11.255268096923828
2011-12-21,12.202035903930664
2011-12-22,20.036270141601562
2011-12-23,25.962343215942383
2011-12-24,23.590177536010742
2011-12-25,18.88239288330078
2011-12-26,14.679802894592285
2011-12-27,13.601289749145508
2011-12-28,18.083080291748047
2011-12-29,20.946727752685547
2011-12-30,16.93402862548828
2011-12-31,13.725454330444336
2012-01-01,11.859784126281738
2012-01-02,10.818113327026367
2012-01-03,10.23624324798584
2012-01-04,9.642979621887207
2012-01-05,8.935959815979004
2012-01-06,8.43416976928711
2012-01-07,8.109099388122559
2012-01-08,7.904098033905029
2012-01-09,7.768852233886719
2012-01-10,7.8815107345581055
2012-01-11,9.682516098022461
2012-01-12,19.42624282836914
2012-01-13,31.39303970336914
2012-01-14,26.388601303100586
2012-01-15,18.859106063842773
2012-01-16,14.49307918548584
2012-01-17,12.151793479919434
2012-01-18,10.992032051086426
2012-01-19,10.387666702270508
2012-01-20,9.721156120300293
2012-01-21,9.563591003417969
2012-01-22,11.118245124816895
2012-01-23,12.921321868896484
2012-01-24,12.395298957824707
2012-01-25,11.668593406677246
2012-01-26,10.61999225616455
2012-01-27,10.059806823730469
2012-01-28,9.794242858886719
2012-01-29,9.315694808959961
2012-01-30,8.821951866149902
2012-01-31,8.377760887145996
2012-02-01,8.115262031555176
2012-02-02,8.043130874633789
2012-02-03,8.066408157348633
2012-02-04,7.963824272155762
2012-02-05,7.976334095001221
2012-02-06,8.580890655517578
2012-02-07,9.026187896728516
2012-02-08,8.519014358520508
2012-02-09,8.038021087646484
2012-02-10,7.687385559082031
2012-02-11,7.451910972595215
2012-02-12,7.263370990753174
2012-02-13,7.053225040435791
2012-02-14,6.861137866973877
2012-02-15,6.730502605438232
2012-02-16,6.676486492156982
2012-02-17,6.977201461791992
2012-02-18,7.189206123352051
2012-02-19,7.320805549621582
2012-02-20,9.609061241149902
2012-02-21,12.657256126403809
2012-02-22,11.721492767333984
2012-02-23,10.826282501220703
2012-02-24,12.466697692871094
2012-02-25,15.350523948669434
2012-02-26,14.823274612426758
2012-02-27,12.255629539489746
2012-02-28,10.947729110717773
2012-02-29,10.148554801940918
2012-03-01,9.794761657714844
2012-03-02,9.690483093261719
2012-03-03,11.182035446166992
2012-03-04,14.833551406860352
2012-03-05,15.180744171142578
2012-03-06,12.64285659790039
2012-03-07,10.680569648742676
2012-03-08,9.536423683166504
2012-03-09,9.004518508911133
2012-03-10,8.946449279785156
2012-03-11,8.682744979858398
2012-03-12,8.145943641662598
2012-03-13,7.814602851867676
2012-03-14,7.542847633361816
2012-03-15,7.2278618812561035
2012-03-16,7.011806488037109
2012-03-17,7.352160930633545
2012-03-18,8.800742149353027
2012-03-19,9.964841842651367
2012-03-20,9.995920181274414
2012-03-21,11.747445106506348
2012-03-22,14.902132987976074
2012-03-23,14.471158981323242
2012-03-24,17.311708450317383
2012-03-25,55.23670196533203
2012-03-26,84.22637176513672
2012-03-27,63.505638122558594
2012-03-28,36.20159912109375
2012-03-29,22.889806747436523
2012-03-30,16.909387588500977
2012-03-31,14.084291458129883
2012-04-01,13.220741271972656
2012-04-02,12.451189041137695
2012-04-03,11.109801292419434
2012-04-04,10.464513778686523
2012-04-05,11.517424583435059
2012-04-06,12.817358016967773
2012-04-07,11.956658363342285
2012-04-08,10.50092601776123
2012-04-09,9.390874862670898
2012-04-10,8.62917423248291
2012-04-11,8.041669845581055
2012-04-12,7.58329963684082
2012-04-13,7.17889404296875
2012-04-14,6.839581489562988
2012-04-15,6.61824369430542
2012-04-16,6.375683307647705
2012-04-17,6.064326286315918
2012-04-18,5.896883010864258
2012-04-19,6.262114524841309
2012-04-20,6.663957595825195
2012-04-21,6.326870918273926
2012-04-22,6.721833229064941
2012-04-23,9.399927139282227
2012-04-24,12.174139976501465
2012-04-25,11.268827438354492
2012-04-26,10.329855918884277
2012-04-27,11.246809959411621
2012-04-28,11.105673789978027
2012-04-29,9.203020095825195
2012-04-30,7.87618350982666
2012-05-01,7.104992866516113
2012-05-02,6.573703289031982
2012-05-03,6.052714824676514
2012-05-04,5.529137134552002
2012-05-05,5.532669544219971
2012-05-06,7.133578777313232
2012-05-07,8.141551971435547
2012-05-08,7.127651691436768
2012-05-09,7.128189563751221
2012-05-10,11.085987091064453
2012-05-11,14.430723190307617
2012-05-12,11.053092002868652
2012-05-13,8.351499557495117
2012-05-14,8.755449295043945
2012-05-15,16.87962532043457
2012-05-16,27.512676239013672
2012-05-17,23.816566467285156
2012-05-18,16.38681411743164
2012-05-19,11.575366020202637
2012-05-20,8.866328239440918
2012-05-21,7.391399383544922
2012-05-22,6.541053771972656
2012-05-23,7.124119758605957
2012-05-24,9.277153015136719
2012-05-25,9.84839153289795
2012-05-26,8.254860877990723
2012-05-27,6.76289701461792
2012-05-28,5.68856954574585
2012-05-29,5.129031181335449
2012-05-30,5.038025856018066
2012-05-31,5.064393043518066
2012-06-01,5.32196569442749
2012-06-02,6.5454254150390625
2012-06-03,7.030649185180664
2012-06-04,6.079955577850342
2012-06-05,5.230534553527832
2012-06-06,5.018308162689209
2012-06-07,5.327116966247559
2012-06-08,5.380642414093018
2012-06-09,4.829803466796875
2012-06-10,4.279440402984619
2012-06-11,4.052994251251221
2012-06-12,4.374208450317383
2012-06-13,4.964382171630859
2012-06-14,5.307819366455078
2012-06-15,4.996445655822754
2012-06-16,4.285324573516846
2012-06-17,3.743149757385254
2012-06-18,3.3498730659484863
2012-06-19,3.176755428314209
2012-06-20,3.0666279792785645
2012-06-21,2.9175808429718018
2012-06-22,2.9577908515930176
2012-06-23,3.6610169410705566
2012-06-24,4.64445161819458
2012-06-25,4.211767673492432
2012-06-26,3.5652060508728027
2012-06-27,3.1169679164886475
2012-06-28,2.7772650718688965
2012-06-29,2.541417121887207
2012-06-30,2.3532238006591797
2012-07-01,2.244619369506836
2012-07-02,2.209341287612915
2012-07-03,2.2610433101654053
2012-07-04,2.2757763862609863
2012-07-05,2.142679214477539
2012-07-06,2.048767566680908
2012-07-07,1.9823356866836548
2012-07-08,1.8608689308166504
2012-07-09,1.8107750415802002
2012-07-10,2.459163188934326
2012-07-11,5.994698524475098
2012-07-12,8.248250007629395
2012-07-13,6.783002853393555
2012-07-14,5.1438188552856445
2012-07-15,5.137571334838867
2012-07-16,5.320756912231445
2012-07-17,4.578481674194336
2012-07-18,3.8416907787323
2012-07-19,3.4463109970092773
2012-07-20,3.7290074825286865
2012-07-21,5.24641752243042
2012-07-22,7.289308071136475
2012-07-23,8.528857231140137
2012-07-24,7.53264045715332
2012-07-25,5.558825492858887
2012-07-26,4.162044525146484
2012-07-27,3.3879778385162354
2012-07-28,3.0074241161346436
2012-07-29,2.9753057956695557
2012-07-30,2.858271598815918
2012-07-31,2.5951743125915527
2012-08-01,2.3989291191101074
2012-08-02,2.2425827980041504
2012-08-03,2.075767993927002
2012-08-04,1.990731120109558
2012-08-05,1.9996118545532227
2012-08-06,1.9991987943649292
2012-08-07,2.276400089263916
2012-08-08,3.6587278842926025
2012-08-09,5.674182891845703
2012-08-10,6.3113603591918945
2012-08-11,8.655868530273438
2012-08-12,13.676033973693848
2012-08-13,13.455467224121094
2012-08-14,9.09870433807373
2012-08-15,5.932084083557129
2012-08-16,4.318265914916992
2012-08-17,3.4811747074127197
2012-08-18,2.9724361896514893
2012-08-19,3.5838420391082764
2012-08-20,7.493067741394043
2012-08-21,11.82020378112793
2012-08-22,9.471989631652832
2012-08-23,7.976162910461426
2012-08-24,8.188143730163574
2012-08-25,6.929812431335449
2012-08-26,5.224819183349609
2012-08-27,4.134670734405518
2012-08-28,3.455974578857422
2012-08-29,3.2585935592651367
2012-08-30,3.987293004989624
2012-08-31,4.737692832946777
2012-09-01,4.030909538269043
2012-09-02,3.369255542755127
2012-09-03,7.637600898742676
2012-09-04,14.53088092803955
2012-09-05,14.788562774658203
2012-09-06,11.09157943725586
2012-09-07,8.380199432373047
2012-09-08,6.910503387451172
2012-09-09,6.270750999450684
2012-09-10,5.448787689208984
2012-09-11,4.394284725189209
2012-09-12,3.667201280593872
2012-09-13,3.222360134124756
2012-09-14,2.9375662803649902
2012-09-15,2.7426819801330566
2012-09-16,2.888456106185913
2012-09-17,3.8239314556121826
2012-09-18,6.385531902313232
2012-09-19,12.229379653930664
2012-09-20,12.81368350982666
2012-09-21,8.843263626098633
2012-09-22,6.159971237182617
2012-09-23,4.887899398803711
2012-09-24,4.2519941329956055
2012-09-25,3.7465872764587402
2012-09-26,3.3729963302612305
2012-09-27,3.098659038543701
2012-09-28,2.989800453186035
2012-09-29,4.374361515045166
2012-09-30,7.280935287475586
2012-10-01,8.114278793334961
2012-10-02,7.491615295410156
2012-10-03,7.679642677307129
2012-10-04,7.1536431312561035
2012-10-05,5.813693046569824
2012-10-06,4.754478931427002
2012-10-07,4.497136116027832
2012-10-08,5.507524013519287
2012-10-09,6.826084613800049
2012-10-10,6.825049877166748
2012-10-11,5.876031875610352
2012-10-12,4.975408554077148
2012-10-13,4.355147838592529
2012-10-14,3.971320629119873
2012-10-15,3.9735729694366455
2012-10-16,4.71253776550293
2012-10-17,5.4026570320129395
2012-10-18,4.929381370544434
2012-10-19,4.598766803741455
2012-10-20,4.976993560791016
2012-10-21,5.245673656463623
2012-10-22,4.743025779724121
2012-10-23,4.286109924316406
2012-10-24,3.9314630031585693
2012-10-25,3.662771701812744
2012-10-26,3.468461513519287
2012-10-27,3.3145852088928223
2012-10-28,3.2204713821411133
2012-10-29,3.1625442504882812
2012-10-30,3.238015651702881
2012-10-31,3.326753616333008
2012-11-01,3.3261353969573975
2012-11-02,3.315983533859253
2012-11-03,3.309231758117676
2012-11-04,3.238410711288452
2012-11-05,3.186655044555664
2012-11-06,3.150811195373535
2012-11-07,3.1349546909332275
2012-11-08,3.1389000415802
2012-11-09,3.1432924270629883
2012-11-10,3.1737871170043945
2012-11-11,3.209913730621338
2012-11-12,3.1775569915771484
2012-11-13,3.1750543117523193
2012-11-14,3.3651657104492188
2012-11-15,3.534320831298828
2012-11-16,3.530395269393921
2012-11-17,3.469935655593872
2012-11-18,3.3745384216308594
2012-11-19,3.295502185821533
2012-11-20,3.2336907386779785
2012-11-21,3.233618974685669
2012-11-22,3.2341325283050537
2012-11-23,3.237250804901123
2012-11-24,3.2267978191375732
2012-11-25,3.1539056301116943
2012-11-26,3.1429238319396973
2012-11-27,3.1596107482910156
2012-11-28,3.207874298095703
2012-11-29,3.2893640995025635
2012-11-30,3.301682233810425
2012-12-01,3.298675060272217
2012-12-02,3.3217179775238037
2012-12-03,3.307809591293335
2012-12-04,3.287127733230591
2012-12-05,3.282013416290283
2012-12-06,3.2598190307617188
2012-12-07,3.242703914642334
2012-12-08,3.3478386402130127
2012-12-09,3.538888931274414
2012-12-10,3.560990571975708
2012-12-11,3.560656785964966
2012-12-12,3.5316784381866455
2012-12-13,3.4426424503326416
2012-12-14,3.423527479171753
2012-12-15,3.458909511566162
2012-12-16,3.4556331634521484
2012-12-17,3.7346348762512207
2012-12-18,4.581878662109375
2012-12-19,5.174757957458496
2012-12-20,4.88767671585083
2012-12-21,4.8953657150268555
2012-12-22,5.630669593811035
2012-12-23,5.755570888519287
2012-12-24,5.272117614746094
2012-12-25,5.304565906524658
2012-12-26,8.241881370544434
2012-12-27,18.365549087524414
2012-12-28,23.718332290649414
2012-12-29,16.105518341064453
2012-12-30,11.671825408935547
2012-12-31,9.523170471191406
2013-01-01,7.962722301483154
2013-01-02,8.006779670715332
2013-01-03,9.278532981872559
2013-01-04,9.335563659667969
2013-01-05,8.368326187133789
2013-01-06,7.344459533691406
2013-01-07,6.7096638679504395
2013-01-08,6.264059543609619
2013-01-09,5.942261695861816
2013-01-10,5.691259860992432
2013-01-11,5.531928062438965
2013-01-12,5.689671516418457
2013-01-13,5.881346702575684
2013-01-14,6.238804817199707
2013-01-15,10.495146751403809
2013-01-16,20.459148406982422
2013-01-17,45.072818756103516
2013-01-18,108.92672729492188
2013-01-19,128.35655212402344
2013-01-20,68.98486328125
2013-01-21,36.49241256713867
2013-01-22,23.11124038696289
2013-01-23,17.250463485717773
2013-01-24,14.171010971069336
2013-01-25,12.114956855773926
2013-01-26,10.684654235839844
2013-01-27,10.141481399536133
2013-01-28,9.59444808959961
2013-01-29,9.459186553955078
2013-01-30,9.305159568786621
2013-01-31,13.500994682312012
2013-02-01,23.371082305908203
2013-02-02,22.955734252929688
2013-02-03,17.537622451782227
2013-02-04,13.840888977050781
2013-02-05,11.66840648651123
2013-02-06,10.355449676513672
2013-02-07,9.614707946777344
2013-02-08,14.886674880981445
2013-02-09,27.61394500732422
2013-02-10,29.460346221923828
2013-02-11,21.598468780517578
2013-02-12,18.446455001831055
2013-02-13,18.199562072753906
2013-02-14,18.02243423461914
2013-02-15,17.532886505126953
2013-02-16,15.133206367492676
2013-02-17,14.596131324768066
2013-02-18,13.541418075561523
2013-02-19,12.403497695922852
2013-02-20,13.526206970214844
2013-02-21,13.6846342086792
2013-02-22,12.492083549499512
2013-02-23,13.873334884643555
2013-02-24,17.39748764038086
2013-02-25,17.436532974243164
2013-02-26,20.054126739501953
2013-02-27,35.64970016479492
2013-02-28,42.098690032958984
2013-03-01,29.281341552734375
2013-03-02,20.637683868408203
2013-03-03,16.377843856811523
2013-03-04,14.043067932128906
2013-03-05,12.452679634094238
2013-03-06,13.103395462036133
2013-03-07,16.318115234375
2013-03-08,16.838966369628906
2013-03-09,14.68166732788086
2013-03-10,12.724985122680664
2013-03-11,11.569747924804688
2013-03-12,14.542418479919434
2013-03-13,23.129724502563477
2013-03-14,25.417335510253906
2013-03-15,19.89577293395996
2013-03-16,15.623963356018066
2013-03-17,13.308969497680664
2013-03-18,12.128097534179688
2013-03-19,12.37260627746582
2013-03-20,12.631775856018066
2013-03-21,11.77289867401123
2013-03-22,10.86013412475586
2013-03-23,10.134326934814453
2013-03-24,11.32502269744873
2013-03-25,18.710424423217773
2013-03-26,24.688064575195312
2013-03-27,20.64450454711914
2013-03-28,16.497421264648438
2013-03-29,13.740480422973633
2013-03-30,12.01731014251709
2013-03-31,11.925113677978516
2013-04-01,14.798483848571777
2013-04-02,16.638904571533203
2013-04-03,14.67574691772461
2013-04-04,13.587092399597168
2013-04-05,18.02361297607422
2013-04-06,24.733314514160156
2013-04-07,23.83354377746582
2013-04-08,18.777729034423828
2013-04-09,15.265201568603516
2013-04-10,13.010802268981934
2013-04-11,11.498810768127441
2013-04-12,11.445215225219727
2013-04-13,13.912134170532227
2013-04-14,15.190553665161133
2013-04-15,13.093230247497559
2013-04-16,11.89899730682373
2013-04-17,11.20550537109375
2013-04-18,10.253028869628906
2013-04-19,9.7173490524292
2013-04-20,10.958234786987305
2013-04-21,12.13380241394043
2013-04-22,10.989250183105469
2013-04-23,9.74992561340332
2013-04-24,8.934087753295898
2013-04-25,8.35560417175293
2013-04-26,7.785338401794434
2013-04-27,7.294508934020996
2013-04-28,7.402670860290527
2013-04-29,13.813849449157715
2013-04-30,27.78050994873047
2013-05-01,29.206031799316406
2013-05-02,20.39146614074707
2013-05-03,14.916801452636719
2013-05-04,11.947202682495117
2013-05-05,10.190099716186523
2013-05-06,11.09613037109375
2013-05-07,21.117290496826172
2013-05-08,35.95888900756836
2013-05-09,36.853904724121094
2013-05-10,29.527942657470703
2013-05-11,20.92589569091797
2013-05-12,16.109516143798828
2013-05-13,13.871607780456543
2013-05-14,11.788270950317383
2013-05-15,10.293570518493652
2013-05-16,9.191556930541992
2013-05-17,8.210219383239746
2013-05-18,7.754213809967041
2013-05-19,10.34821605682373
2013-05-20,15.08202075958252
2013-05-21,16.942432403564453
2013-05-22,15.371219635009766
2013-05-23,14.126240730285645
2013-05-24,16.243804931640625
2013-05-25,16.170705795288086
2013-05-26,12.640521049499512
2013-05-27,10.037553787231445
2013-05-28,8.552068710327148
2013-05-29,7.582980632781982
2013-05-30,6.7974467277526855
2013-05-31,6.161306858062744
2013-06-01,5.655485153198242
2013-06-02,5.310001373291016
2013-06-03,6.40045166015625
2013-06-04,9.713285446166992
2013-06-05,10.55688762664795
2013-06-06,8.948715209960938
2013-06-07,12.799580574035645
2013-06-08,24.951499938964844
2013-06-09,29.70735740661621
2013-06-10,32.69552230834961
2013-06-11,42.41477584838867
2013-06-12,39.6263542175293
2013-06-13,25.82316017150879
2013-06-14,18.50193214416504
2013-06-15,14.459456443786621
2013-06-16,11.07917594909668
2013-06-17,9.181068420410156
2013-06-18,9.198612213134766
2013-06-19,11.771804809570312
2013-06-20,12.794164657592773
2013-06-21,10.140741348266602
2013-06-22,8.13330364227295
2013-06-23,7.000040054321289
2013-06-24,6.580016613006592
2013-06-25,6.550792217254639
2013-06-26,7.769058704376221
2013-06-27,9.854594230651855
2013-06-28,10.073135375976562
2013-06-29,9.780416488647461
2013-06-30,11.074862480163574
2013-07-01,13.220726013183594
2013-07-02,14.525067329406738
2013-07-03,20.980030059814453
2013-07-04,28.5552921295166
2013-07-05,26.789180755615234
2013-07-06,22.219051361083984
2013-07-07,20.20036506652832
2013-07-08,23.961198806762695
2013-07-09,32.62801742553711
2013-07-10,32.13784408569336
2013-07-11,36.253578186035156
2013-07-12,51.876102447509766
2013-07-13,49.429203033447266
2013-07-14,34.8544921875
2013-07-15,26.30448341369629
2013-07-16,20.515233993530273
2013-07-17,14.932397842407227
2013-07-18,11.429428100585938
2013-07-19,9.903154373168945
2013-07-20,8.970882415771484
2013-07-21,8.658226013183594
2013-07-22,10.303301811218262
2013-07-23,11.81476879119873
2013-07-24,10.07943058013916
2013-07-25,8.609637260437012
2013-07-26,8.235532760620117
2013-07-27,8.444034576416016
2013-07-28,10.784515380859375
2013-07-29,13.726675033569336
2013-07-30,11.862411499023438
2013-07-31,9.272246360778809
2013-08-01,9.658827781677246
2013-08-02,13.367446899414062
2013-08-03,14.982771873474121
2013-08-04,12.452439308166504
2013-08-05,9.512998580932617
2013-08-06,8.029882431030273
2013-08-07,8.46772289276123
2013-08-08,8.657249450683594
2013-08-09,7.4527788162231445
2013-08-10,6.925084114074707
2013-08-11,7.688034534454346
2013-08-12,8.279498100280762
2013-08-13,8.067076683044434
2013-08-14,8.8385009765625
2013-08-15,8.854862213134766
2013-08-16,7.256677627563477
2013-08-17,6.457121849060059
2013-08-18,10.01402759552002
2013-08-19,23.395416259765625
2013-08-20,32.39246368408203
2013-08-21,27.6298828125
2013-08-22,22.326644897460938
2013-08-23,18.174331665039062
2013-08-24,13.723978042602539
2013-08-25,10.985438346862793
2013-08-26,8.880449295043945
2013-08-27,7.548318862915039
2013-08-28,6.649886131286621
2013-08-29,5.97812032699585
2013-08-30,5.50543737411499
2013-08-31,5.076404094696045
2013-09-01,5.714859962463379
2013-09-02,8.59170150756836
2013-09-03,10.054306983947754
2013-09-04,8.479652404785156
2013-09-05,6.836048126220703
2013-09-06,5.771673679351807
2013-09-07,5.0668535232543945
2013-09-08,4.6181769371032715
2013-09-09,4.339632034301758
2013-09-10,4.106087684631348
2013-09-11,3.9046952724456787
2013-09-12,3.7537567615509033
2013-09-13,3.7847440242767334
2013-09-14,3.8622682094573975
2013-09-15,3.7126102447509766
2013-09-16,3.538424491882324
2013-09-17,3.371744394302368
2013-09-18,3.22532320022583
2013-09-19,3.119189500808716
2013-09-20,3.172544002532959
2013-09-21,3.4397919178009033
2013-09-22,4.132229804992676
2013-09-23,5.0107502937316895
2013-09-24,4.9652180671691895
2013-09-25,4.379905700683594
2013-09-26,3.986766815185547
2013-09-27,3.69732666015625
2013-09-28,3.4478001594543457
2013-09-29,3.2709498405456543
2013-09-30,3.174682140350342
2013-10-01,3.138296604156494
2013-10-02,3.0541534423828125
2013-10-03,2.98366379737854
2013-10-04,2.9546878337860107
2013-10-05,2.8711681365966797
2013-10-06,2.788038730621338
2013-10-07,2.895164966583252
2013-10-08,3.5038633346557617
2013-10-09,4.156150817871094
2013-10-10,4.099507808685303
2013-10-11,4.148125171661377
2013-10-12,4.148397445678711
2013-10-13,4.00724983215332
2013-10-14,3.9564642906188965
2013-10-15,3.899078845977783
2013-10-16,3.7252001762390137
2013-10-17,3.5646753311157227
2013-10-18,3.505227565765381
2013-10-19,3.491755485534668
2013-10-20,3.4787721633911133
2013-10-21,3.4217867851257324
2013-10-22,3.321237087249756
2013-10-23,3.2611093521118164
2013-10-24,3.186840057373047
2013-10-25,3.0995097160339355
2013-10-26,3.022469997406006
2013-10-27,2.987023115158081
2013-10-28,2.976930618286133
2013-10-29,3.046456813812256
2013-10-30,3.0861449241638184
2013-10-31,3.10575532913208
2013-11-01,3.162665843963623
2013-11-02,3.491952896118164
2013-11-03,3.779782295227051
2013-11-04,3.6321282386779785
2013-11-05,3.5109705924987793
2013-11-06,3.499657154083252
2013-11-07,3.4252209663391113
2013-11-08,3.383586883544922
2013-11-09,3.3544809818267822
2013-11-10,3.361452102661133
2013-11-11,3.348637104034424
2013-11-12,3.3005764484405518
2013-11-13,3.327540397644043
2013-11-14,3.4208037853240967
2013-11-15,3.437655210494995
2013-11-16,3.4536995887756348
2013-11-17,3.4993131160736084
2013-11-18,3.656554698944092
2013-11-19,3.78346586227417
2013-11-20,3.748927354812622
2013-11-21,3.631521224975586
2013-11-22,3.6269595623016357
2013-11-23,3.616600751876831
2013-11-24,3.5432496070861816
2013-11-25,3.4643378257751465
2013-11-26,3.869767665863037
2013-11-27,10.752693176269531
2013-11-28,25.367385864257812
2013-11-29,23.546632766723633
2013-11-30,14.361035346984863
2013-12-01,9.707386016845703
2013-12-02,7.7767438888549805
2013-12-03,6.797125816345215
2013-12-04,6.209348201751709
2013-12-05,5.986100196838379
2013-12-06,5.894350051879883
2013-12-07,6.245755195617676
2013-12-08,8.036018371582031
2013-12-09,10.191121101379395
2013-12-10,14.007655143737793
2013-12-11,18.280370712280273
2013-12-12,16.582584381103516
2013-12-13,12.31667709350586
2013-12-14,11.256240844726562
2013-12-15,15.879396438598633
2013-12-16,19.166584014892578
2013-12-17,15.097207069396973
2013-12-18,11.585938453674316
2013-12-19,9.654766082763672
2013-12-20,8.549338340759277
2013-12-21,7.80064058303833
2013-12-22,7.435568332672119
2013-12-23,16.41425895690918
2013-12-24,48.46253967285156
2013-12-25,59.03394317626953
2013-12-26,35.394412994384766
2013-12-27,20.795137405395508
2013-12-28,14.951353073120117
2013-12-29,21.828773498535156
2013-12-30,41.21171569824219
2013-12-31,43.617889404296875
2014-01-01,28.924806594848633
2014-01-02,19.988140106201172
2014-01-03,17.76189422607422
2014-01-04,17.258087158203125
2014-01-05,15.129555702209473
2014-01-06,17.504858016967773
2014-01-07,21.8592529296875
2014-01-08,18.78304672241211
2014-01-09,15.02621078491211
2014-01-10,14.36850643157959
2014-01-11,54.30654525756836
2014-01-12,124.12263488769531
2014-01-13,119.81404113769531
2014-01-14,66.06078338623047
2014-01-15,43.80546951293945
2014-01-16,34.90867233276367
2014-01-17,26.77880859375
2014-01-18,20.95917320251465
2014-01-19,17.55147933959961
2014-01-20,15.289501190185547
2014-01-21,13.870835304260254
2014-01-22,13.313250541687012
2014-01-23,12.943450927734375
2014-01-24,12.092691421508789
2014-01-25,11.3222017288208
2014-01-26,10.636190414428711
2014-01-27,10.112174987792969
2014-01-28,9.84372329711914
2014-01-29,9.76383113861084
2014-01-30,9.661250114440918
2014-01-31,9.26539134979248
2014-02-01,9.153447151184082
2014-02-02,9.080090522766113
2014-02-03,9.404108047485352
2014-02-04,10.850783348083496
2014-02-05,13.207700729370117
2014-02-06,15.106209754943848
2014-02-07,14.786795616149902
2014-02-08,12.712709426879883
2014-02-09,11.404510498046875
2014-02-10,10.644109725952148
2014-02-11,10.167167663574219
2014-02-12,9.855463027954102
2014-02-13,12.737052917480469
2014-02-14,23.24959945678711
2014-02-15,33.19341278076172
2014-02-16,33.763710021972656
2014-02-17,28.84079933166504
2014-02-18,23.094751358032227
2014-02-19,20.283035278320312
2014-02-20,20.613842010498047
2014-02-21,22.354337692260742
2014-02-22,24.777807235717773
2014-02-23,23.69927978515625
2014-02-24,19.21851921081543
2014-02-25,16.111961364746094
2014-02-26,14.036837577819824
2014-02-27,12.755414009094238
2014-02-28,11.919137954711914
2014-03-01,11.277538299560547
2014-03-02,10.571250915527344
2014-03-03,10.590209007263184
2014-03-04,12.481106758117676
2014-03-05,14.394472122192383
2014-03-06,13.331791877746582
2014-03-07,32.41167449951172
2014-03-08,77.8565444946289
2014-03-09,84.79762268066406
2014-03-10,56.30805587768555
2014-03-11,37.08976745605469
2014-03-12,28.6976261138916
2014-03-13,26.361595153808594
2014-03-14,24.03314208984375
2014-03-15,19.842918395996094
2014-03-16,17.961563110351562
2014-03-17,20.164186477661133
2014-03-18,26.946605682373047
2014-03-19,31.887847900390625
2014-03-20,31.056854248046875
2014-03-21,26.087261199951172
2014-03-22,21.28321647644043
2014-03-23,18.667322158813477
2014-03-24,17.98048973083496
2014-03-25,17.484664916992188
2014-03-26,16.590986251831055
2014-03-27,16.048643112182617
2014-03-28,14.542329788208008
2014-03-29,14.124716758728027
2014-03-30,14.713778495788574
2014-03-31,14.987101554870605
2014-04-01,13.765185356140137
2014-04-02,12.779623985290527
2014-04-03,12.140734672546387
2014-04-04,11.519901275634766
2014-04-05,10.978693008422852
2014-04-06,10.515093803405762
2014-04-07,15.917248725891113
2014-04-08,35.64472961425781
2014-04-09,47.118621826171875
2014-04-10,33.927650451660156
2014-04-11,23.733081817626953
2014-04-12,18.459148406982422
2014-04-13,15.520668983459473
2014-04-14,13.756583213806152
2014-04-15,18.62002944946289
2014-04-16,40.70653533935547
2014-04-17,51.22185516357422
2014-04-18,34.91414260864258
2014-04-19,26.141529083251953
2014-04-20,26.90215492248535
2014-04-21,26.73381233215332
2014-04-22,21.365388870239258
2014-04-23,17.8083438873291
2014-04-24,15.491312026977539
2014-04-25,15.125314712524414
2014-04-26,16.384166717529297
2014-04-27,15.371304512023926
2014-04-28,13.378579139709473
2014-04-29,12.28487777709961
2014-04-30,13.969656944274902
2014-05-01,18.34358787536621
2014-05-02,19.335460662841797
2014-05-03,15.738197326660156
2014-05-04,13.214132308959961
2014-05-05,11.66519546508789
2014-05-06,10.530386924743652
2014-05-07,9.796710014343262
2014-05-08,9.16883659362793
2014-05-09,8.745307922363281
2014-05-10,8.799581527709961
2014-05-11,9.56540298461914
2014-05-12,9.891837120056152
2014-05-13,8.95059585571289
2014-05-14,8.112125396728516
2014-05-15,12.296417236328125
2014-05-16,48.14130401611328
2014-05-17,64.16382598876953
2014-05-18,37.35966491699219
2014-05-19,22.18807029724121
2014-05-20,15.676738739013672
2014-05-21,12.651466369628906
2014-05-22,10.708941459655762
2014-05-23,9.340928077697754
2014-05-24,8.48341178894043
2014-05-25,7.843649387359619
2014-05-26,7.332512855529785
2014-05-27,7.292469501495361
2014-05-28,7.701630592346191
2014-05-29,7.6964592933654785
2014-05-30,7.150260925292969
2014-05-31,6.956226825714111
2014-06-01,6.9021782875061035
2014-06-02,6.529025077819824
2014-06-03,6.076156139373779
2014-06-04,5.85814094543457
2014-06-05,5.785419464111328
2014-06-06,5.634659767150879
2014-06-07,5.344414710998535
2014-06-08,4.970917224884033
2014-06-09,4.784854412078857
2014-06-10,4.853501796722412
2014-06-11,5.218891143798828
2014-06-12,6.474053859710693
2014-06-13,8.826910018920898
2014-06-14,9.534944534301758
2014-06-15,7.776958465576172
2014-06-16,6.208099365234375
2014-06-17,5.312012195587158
2014-06-18,4.885252952575684
2014-06-19,4.60797643661499
2014-06-20,4.476557731628418
2014-06-21,4.596650123596191
2014-06-22,4.6877899169921875
2014-06-23,4.518124103546143
2014-06-24,4.136014461517334
2014-06-25,3.8885927200317383
2014-06-26,3.819145679473877
2014-06-27,3.762788772583008
2014-06-28,3.689006805419922
2014-06-29,3.621471643447876
2014-06-30,3.472480058670044
2014-07-01,3.2833502292633057
2014-07-02,3.0838398933410645
2014-07-03,2.9356942176818848
2014-07-04,2.8768062591552734
2014-07-05,2.8893544673919678
2014-07-06,2.7946596145629883
2014-07-07,2.6430788040161133
2014-07-08,2.5100903511047363
2014-07-09,2.3719377517700195
2014-07-10,2.379528284072876
2014-07-11,2.646589756011963
2014-07-12,2.8020339012145996
2014-07-13,2.6260793209075928
2014-07-14,2.391881227493286
2014-07-15,2.359157085418701
2014-07-16,3.0332679748535156
2014-07-17,4.304485321044922
2014-07-18,4.244980812072754
2014-07-19,3.4879181385040283
2014-07-20,3.120643138885498
2014-07-21,3.185953140258789
2014-07-22,3.501026153564453
2014-07-23,3.552342176437378
2014-07-24,3.4429218769073486
2014-07-25,3.827587604522705
2014-07-26,3.9889609813690186
2014-07-27,3.509110927581787
2014-07-28,3.2201437950134277
2014-07-29,3.079659938812256
2014-07-30,2.8317623138427734
2014-07-31,2.6493401527404785
2014-08-01,2.9376187324523926
2014-08-02,4.437188625335693
2014-08-03,5.851544380187988
2014-08-04,4.8745293617248535
2014-08-05,3.7850310802459717
2014-08-06,3.134516716003418
2014-08-07,2.765550374984741
2014-08-08,2.564384698867798
2014-08-09,2.6590967178344727
2014-08-10,3.159280300140381
2014-08-11,3.8044543266296387
2014-08-12,5.348080635070801
2014-08-13,7.673027038574219
2014-08-14,7.078491687774658
2014-08-15,5.122400760650635
2014-08-16,3.942469358444214
2014-08-17,3.402024269104004
2014-08-18,3.1812379360198975
2014-08-19,3.5192298889160156
2014-08-20,3.880913734436035
2014-08-21,3.550790786743164
2014-08-22,3.056976795196533
2014-08-23,2.7684812545776367
2014-08-24,2.745544910430908
2014-08-25,2.7268619537353516
2014-08-26,2.561633825302124
2014-08-27,2.3790338039398193
2014-08-28,2.2368812561035156
2014-08-29,2.0899837017059326
2014-08-30,1.9723420143127441
2014-08-31,1.888805866241455
2014-09-01,1.8104701042175293
2014-09-02,1.7511156797409058
2014-09-03,1.7204372882843018
2014-09-04,1.8627128601074219
2014-09-05,2.373927354812622
2014-09-06,3.046679735183716
2014-09-07,3.257964849472046
2014-09-08,3.1243560314178467
2014-09-09,3.615626573562622
2014-09-10,4.083551406860352
2014-09-11,3.5400028228759766
2014-09-12,3.0956034660339355
2014-09-13,3.097259759902954
2014-09-14,3.238192558288574
2014-09-15,3.1065802574157715
2014-09-16,2.836512565612793
2014-09-17,2.7707109451293945
2014-09-18,2.756279230117798
2014-09-19,2.620291233062744
2014-09-20,2.4770171642303467
2014-09-21,2.330843448638916
2014-09-22,2.1985583305358887
2014-09-23,2.0967257022857666
2014-09-24,2.1200151443481445
2014-09-25,2.3149986267089844
2014-09-26,2.4944379329681396
2014-09-27,2.4627327919006348
2014-09-28,2.318483352661133
2014-09-29,2.2268788814544678
2014-09-30,2.292703151702881
2014-10-01,2.321969985961914
2014-10-02,2.2312021255493164
2014-10-03,2.1710143089294434
2014-10-04,2.1402978897094727
2014-10-05,2.1379597187042236
2014-10-06,2.078420877456665
2014-10-07,2.0065581798553467
2014-10-08,1.9590293169021606
2014-10-09,1.9036266803741455
2014-10-10,1.9544000625610352
2014-10-11,2.488417387008667
2014-10-12,3.1960439682006836
2014-10-13,3.387556552886963
2014-10-14,3.447805404663086
2014-10-15,5.115407466888428
2014-10-16,7.930269241333008
2014-10-17,8.056387901306152
2014-10-18,5.856107234954834
2014-10-19,4.350604057312012
2014-10-20,3.566246509552002
2014-10-21,3.1407253742218018
2014-10-22,2.8719711303710938
2014-10-23,2.670287609100342
2014-10-24,2.5243606567382812
2014-10-25,2.4406890869140625
2014-10-26,2.3658907413482666
2014-10-27,2.29744029045105
2014-10-28,2.2863028049468994
2014-10-29,2.2397544384002686
2014-10-30,2.177368402481079
2014-10-31,2.1627092361450195
2014-11-01,2.385542869567871
2014-11-02,3.340322732925415
2014-11-03,4.21490478515625
2014-11-04,3.917813301086426
2014-11-05,3.4540700912475586
2014-11-06,3.21598219871521
2014-11-07,3.2646632194519043
2014-11-08,3.3557283878326416
2014-11-09,3.218545913696289
2014-11-10,3.091881275177002
2014-11-11,3.0431885719299316
2014-11-12,2.980534315109253
2014-11-13,2.8924853801727295
2014-11-14,2.8655037879943848
2014-11-15,2.810206890106201
2014-11-16,2.806375503540039
2014-11-17,3.0243732929229736
2014-11-18,3.791055679321289
2014-11-19,4.405079364776611
2014-11-20,4.06434965133667
2014-11-21,3.6605074405670166
2014-11-22,3.4395949840545654
2014-11-23,3.3563313484191895
2014-11-24,3.7977964878082275
2014-11-25,5.158814430236816
2014-11-26,7.945071220397949
2014-11-27,14.892208099365234
2014-11-28,18.241504669189453
2014-11-29,13.221054077148438
2014-11-30,9.04390811920166
2014-12-01,7.016219139099121
2014-12-02,5.931589126586914
2014-12-03,5.288590431213379
2014-12-04,4.885522365570068
2014-12-05,4.601251125335693
2014-12-06,4.436748504638672
2014-12-07,4.495777606964111
2014-12-08,4.607529640197754
2014-12-09,4.812754154205322
2014-12-10,5.606256484985352
2014-12-11,5.841165065765381
2014-12-12,5.348989009857178
2014-12-13,4.953835487365723
2014-12-14,4.698777675628662
2014-12-15,4.495372772216797
2014-12-16,4.419241905212402
2014-12-17,4.47951602935791
2014-12-18,4.505101680755615
2014-12-19,4.34782075881958
2014-12-20,4.2155656814575195
2014-12-21,4.130537986755371
2014-12-22,4.102451324462891
2014-12-23,4.333526134490967
2014-12-24,6.94075870513916
2014-12-25,16.068910598754883
2014-12-26,20.19261360168457
2014-12-27,14.244288444519043
2014-12-28,10.093899726867676
2014-12-29,8.710988998413086
2014-12-30,10.41717529296875
2014-12-31,12.285573959350586
2015-01-01,10.720134735107422
2015-01-02,8.810098648071289
2015-01-03,7.912522792816162
2015-01-04,8.71907901763916
2015-01-05,10.79726791381836
2015-01-06,11.0971097946167
2015-01-07,9.316825866699219
2015-01-08,7.906379699707031
2015-01-09,7.016388893127441
2015-01-10,6.490250587463379
2015-01-11,6.070065498352051
2015-01-12,6.757420539855957
2015-01-13,10.248281478881836
2015-01-14,12.522683143615723
2015-01-15,11.360332489013672
2015-01-16,9.499414443969727
2015-01-17,8.385062217712402
2015-01-18,7.755762100219727
2015-01-19,7.595275402069092
2015-01-20,7.310608863830566
2015-01-21,6.872265338897705
2015-01-22,6.479372978210449
2015-01-23,6.52004861831665
2015-01-24,10.63691520690918
2015-01-25,18.019908905029297
2015-01-26,18.117219924926758
2015-01-27,14.261524200439453
2015-01-28,11.350908279418945
2015-01-29,9.447481155395508
2015-01-30,8.319944381713867
2015-01-31,7.627170085906982
2015-02-01,7.124728679656982
2015-02-02,7.678648948669434
2015-02-03,9.99638557434082
2015-02-04,10.99125862121582
2015-02-05,9.722420692443848
2015-02-06,8.543519973754883
2015-02-07,7.740493297576904
2015-02-08,7.180293083190918
2015-02-09,7.054013729095459
2015-02-10,9.819536209106445
2015-02-11,14.838428497314453
2015-02-12,15.047183990478516
2015-02-13,12.195613861083984
2015-02-14,10.153264999389648
2015-02-15,8.678581237792969
2015-02-16,7.787774085998535
2015-02-17,7.551868438720703
2015-02-18,8.112335205078125
2015-02-19,8.238819122314453
2015-02-20,7.590225696563721
2015-02-21,7.178720951080322
2015-02-22,8.304495811462402
2015-02-23,12.56628131866455
2015-02-24,16.213294982910156
2015-02-25,15.118571281433105
2015-02-26,20.088037490844727
2015-02-27,26.518688201904297
2015-02-28,26.412113189697266
2015-03-01,21.25848960876465
2015-03-02,20.40398597717285
2015-03-03,22.306386947631836
2015-03-04,23.234655380249023
2015-03-05,36.226036071777344
2015-03-06,56.776611328125
2015-03-07,56.67534637451172
2015-03-08,36.58535385131836
2015-03-09,25.786645889282227
2015-03-10,20.18609046936035
2015-03-11,16.806617736816406
2015-03-12,15.102943420410156
2015-03-13,14.005304336547852
2015-03-14,13.003981590270996
2015-03-15,14.370281219482422
2015-03-16,15.182212829589844
2015-03-17,13.26675796508789
2015-03-18,11.573866844177246
2015-03-19,10.846964836120605
2015-03-20,13.489107131958008
2015-03-21,17.777034759521484
2015-03-22,17.57660484313965
2015-03-23,14.752962112426758
2015-03-24,12.562023162841797
2015-03-25,10.986772537231445
2015-03-26,10.401080131530762
2015-03-27,11.867406845092773
2015-03-28,14.993463516235352
2015-03-29,15.184242248535156
2015-03-30,12.747492790222168
2015-03-31,11.159849166870117
2015-04-01,10.042620658874512
2015-04-02,9.20626449584961
2015-04-03,8.626005172729492
2015-04-04,8.25491714477539
2015-04-05,7.931942462921143
2015-04-06,7.503499984741211
2015-04-07,7.214416980743408
2015-04-08,7.101696014404297
2015-04-09,7.223376274108887
2015-04-10,7.738054275512695
2015-04-11,8.068984985351562
2015-04-12,7.5676445960998535
2015-04-13,6.91204309463501
2015-04-14,6.589352130889893
2015-04-15,7.300848960876465
2015-04-16,10.033005714416504
2015-04-17,13.222352981567383
2015-04-18,13.249361038208008
2015-04-19,11.915563583374023
2015-04-20,17.855186462402344
2015-04-21,26.074134826660156
2015-04-22,22.707483291625977
2015-04-23,16.15904998779297
2015-04-24,12.287550926208496
2015-04-25,10.127476692199707
2015-04-26,9.406952857971191
2015-04-27,9.547388076782227
2015-04-28,9.179544448852539
2015-04-29,8.32318115234375
2015-04-30,7.723433494567871
2015-05-01,11.210929870605469
2015-05-02,18.390491485595703
2015-05-03,19.405593872070312
2015-05-04,14.75197982788086
2015-05-05,11.333745956420898
2015-05-06,9.265422821044922
2015-05-07,7.950873851776123
2015-05-08,7.102912902832031
2015-05-09,6.557270526885986
2015-05-10,6.269291877746582
2015-05-11,6.1403303146362305
2015-05-12,5.963972091674805
2015-05-13,5.734217643737793
2015-05-14,5.411964416503906
2015-05-15,4.928028106689453
2015-05-16,4.641709804534912
2015-05-17,4.445283889770508
2015-05-18,4.230627536773682
2015-05-19,4.3152313232421875
2015-05-20,4.571686267852783
2015-05-21,4.670551776885986
2015-05-22,5.483781337738037
2015-05-23,6.184678077697754
2015-05-24,5.312417984008789
2015-05-25,4.599116802215576
2015-05-26,4.131887435913086
2015-05-27,3.7618677616119385
2015-05-28,3.544276237487793
2015-05-29,3.4162206649780273
2015-05-30,3.3447494506835938
2015-05-31,3.268075942993164
2015-06-01,3.4298148155212402
2015-06-02,4.675556659698486
2015-06-03,6.661316871643066
2015-06-04,8.207563400268555
2015-06-05,7.8551411628723145
2015-06-06,6.273536205291748
2015-06-07,5.0340986251831055
2015-06-08,4.201701641082764
2015-06-09,4.330150604248047
2015-06-10,5.445882320404053
2015-06-11,5.56282901763916
2015-06-12,4.582097053527832
2015-06-13,3.8056516647338867
2015-06-14,3.3762502670288086
2015-06-15,3.0536255836486816
2015-06-16,2.7739973068237305
2015-06-17,2.54433274269104
2015-06-18,2.3976223468780518
2015-06-19,2.421603202819824
2015-06-20,2.6588191986083984
2015-06-21,2.972403049468994
2015-06-22,2.9164278507232666
2015-06-23,2.6406784057617188
2015-06-24,2.3769476413726807
2015-06-25,2.1697299480438232
2015-06-26,2.1526429653167725
2015-06-27,2.5047926902770996
2015-06-28,3.191025733947754
2015-06-29,3.445648670196533
2015-06-30,2.9825708866119385
2015-07-01,2.7077879905700684
2015-07-02,2.6199140548706055
2015-07-03,2.7801105976104736
2015-07-04,3.3197569847106934
2015-07-05,3.9723916053771973
2015-07-06,4.5431413650512695
2015-07-07,4.991051197052002
2015-07-08,4.576598167419434
2015-07-09,3.6911916732788086
2015-07-10,2.9797000885009766
2015-07-11,2.4625697135925293
2015-07-12,2.1124045848846436
2015-07-13,2.00740385055542
2015-07-14,2.484119415283203
2015-07-15,3.3850481510162354
2015-07-16,3.627795696258545
2015-07-17,2.985018253326416
2015-07-18,2.416292905807495
2015-07-19,2.3155980110168457
2015-07-20,2.5441184043884277
2015-07-21,2.656005620956421
2015-07-22,2.57863450050354
2015-07-23,2.4728267192840576
2015-07-24,2.4936492443084717
2015-07-25,2.4635822772979736
2015-07-26,2.1570332050323486
2015-07-27,1.8662561178207397
2015-07-28,1.8030381202697754
2015-07-29,2.1160218715667725
2015-07-30,2.528686046600342
2015-07-31,2.7202744483947754
2015-08-01,2.6614274978637695
2015-08-02,2.2754311561584473
2015-08-03,1.9086332321166992
2015-08-04,1.6545612812042236
2015-08-05,1.4860786199569702
2015-08-06,1.44569993019104
2015-08-07,2.1030757427215576
2015-08-08,4.750701427459717
2015-08-09,6.534104824066162
2015-08-10,4.796811103820801
2015-08-11,3.787230968475342
2015-08-12,4.348349571228027
2015-08-13,4.678713798522949
2015-08-14,3.631925344467163
2015-08-15,2.7604870796203613
2015-08-16,2.2635018825531006
2015-08-17,1.9758882522583008
2015-08-18,1.846751093864441
2015-08-19,2.1205332279205322
2015-08-20,3.2326409816741943
2015-08-21,4.172679901123047
2015-08-22,3.6332755088806152
2015-08-23,2.7768890857696533
2015-08-24,2.235574245452881
2015-08-25,1.9567773342132568
2015-08-26,1.7689770460128784
2015-08-27,1.606877326965332
2015-08-28,1.477974534034729
2015-08-29,1.4028397798538208
2015-08-30,1.370809555053711
2015-08-31,1.4348647594451904
2015-09-01,1.60818350315094
2015-09-02,1.6500492095947266
2015-09-03,1.5338799953460693
2015-09-04,1.4351054430007935
2015-09-05,1.4032785892486572
2015-09-06,1.3825056552886963
2015-09-07,1.3282504081726074
2015-09-08,1.2761540412902832
2015-09-09,1.257863998413086
2015-09-10,1.299594759941101
2015-09-11,1.4545658826828003
2015-09-12,1.6222079992294312
2015-09-13,1.7085368633270264
2015-09-14,1.6960352659225464
2015-09-15,1.5548685789108276
2015-09-16,1.4284093379974365
2015-09-17,1.3296171426773071
2015-09-18,1.2645442485809326
2015-09-19,1.2116150856018066
2015-09-20,1.1631361246109009
2015-09-21,1.1386947631835938
2015-09-22,1.2072844505310059
2015-09-23,1.271157145500183
2015-09-24,1.2450032234191895
2015-09-25,1.7749841213226318
2015-09-26,5.122177600860596
2015-09-27,10.621973991394043
2015-09-28,13.14848518371582
2015-09-29,17.434280395507812
2015-09-30,32.321739196777344
2015-10-01,37.24326705932617
2015-10-02,22.384803771972656
2015-10-03,61.59452819824219
2015-10-04,113.50723266601562
2015-10-05,86.13067626953125
2015-10-06,46.84096908569336
2015-10-07,24.23394203186035
2015-10-08,14.94340705871582
2015-10-09,10.877492904663086
2015-10-10,8.760856628417969
2015-10-11,7.719215393066406
2015-10-12,7.100682258605957
2015-10-13,6.349128723144531
2015-10-14,5.718575477600098
2015-10-15,5.248215675354004
2015-10-16,4.921919822692871
2015-10-17,4.6657633781433105
2015-10-18,4.4243927001953125
2015-10-19,4.249294757843018
2015-10-20,4.081061363220215
2015-10-21,3.972303867340088
2015-10-22,3.873443841934204
2015-10-23,3.7546463012695312
2015-10-24,3.601337194442749
2015-10-25,3.507338047027588
2015-10-26,3.435882329940796
2015-10-27,3.5646510124206543
2015-10-28,6.506317138671875
2015-10-29,15.74681282043457
2015-10-30,20.059593200683594
2015-10-31,14.191763877868652
2015-11-01,10.001137733459473
2015-11-02,17.184925079345703
2015-11-03,42.04471206665039
2015-11-04,52.485816955566406
2015-11-05,35.540504455566406
2015-11-06,23.19539451599121
2015-11-07,16.878795623779297
2015-11-08,14.491256713867188
2015-11-09,22.80278968811035
2015-11-10,55.56532287597656
2015-11-11,75.2454605102539
2015-11-12,51.52006530761719
2015-11-13,30.136249542236328
2015-11-14,19.975696563720703
2015-11-15,15.20461654663086
2015-11-16,12.58247184753418
2015-11-17,11.124711036682129
2015-11-18,10.190376281738281
2015-11-19,17.703519821166992
2015-11-20,46.600345611572266
2015-11-21,56.60585403442383
2015-11-22,35.493324279785156
2015-11-23,22.901935577392578
2015-11-24,16.95738410949707
2015-11-25,13.7214994430542
2015-11-26,11.99824333190918
2015-11-27,10.92950439453125
2015-11-28,10.164041519165039
2015-11-29,9.581443786621094
2015-11-30,12.29000186920166
2015-12-01,28.915603637695312
2015-12-02,47.50340270996094
2015-12-03,50.151344299316406
2015-12-04,42.180519104003906
2015-12-05,28.24209976196289
2015-12-06,20.24195098876953
2015-12-07,16.219459533691406
2015-12-08,14.104954719543457
2015-12-09,12.911954879760742
2015-12-10,11.993484497070312
2015-12-11,11.243217468261719
2015-12-12,10.621072769165039
2015-12-13,10.089263916015625
2015-12-14,9.683670043945312
2015-12-15,9.550363540649414
2015-12-16,9.393980026245117
2015-12-17,14.61142635345459
2015-12-18,35.28484344482422
2015-12-19,43.00849151611328
2015-12-20,29.32621192932129
2015-12-21,20.221725463867188
2015-12-22,32.81304931640625
2015-12-23,85.09815216064453
2015-12-24,137.7321014404297
2015-12-25,162.6126708984375
2015-12-26,129.20663452148438
2015-12-27,76.9997329711914
2015-12-28,47.5416145324707
2015-12-29,41.29018783569336
2015-12-30,68.04756164550781
2015-12-31,101.72845458984375
2016-01-01,96.52130126953125
2016-01-02,63.00764083862305
2016-01-03,40.287071228027344
2016-01-04,29.201757431030273
2016-01-05,23.938426971435547
2016-01-06,20.921072006225586
2016-01-07,18.1086368560791
2016-01-08,16.405803680419922
2016-01-09,15.41849422454834
2016-01-10,15.786544799804688
2016-01-11,17.360185623168945
2016-01-12,17.655609130859375
2016-01-13,15.92883014678955
2016-01-14,14.608741760253906
2016-01-15,14.084331512451172
2016-01-16,17.404329299926758
2016-01-17,23.59111213684082
2016-01-18,24.2741641998291
2016-01-19,20.989477157592773
2016-01-20,17.963014602661133
2016-01-21,15.923486709594727
2016-01-22,14.946889877319336
2016-01-23,15.428441047668457
2016-01-24,16.937374114990234
2016-01-25,17.698293685913086
2016-01-26,19.34786605834961
2016-01-27,21.69190216064453
2016-01-28,22.99933624267578
2016-01-29,21.45340347290039
2016-01-30,19.416316986083984
2016-01-31,17.5541934967041
2016-02-01,16.611007690429688
2016-02-02,16.02143669128418
2016-02-03,18.399303436279297
2016-02-04,33.51020050048828
2016-02-05,48.01791763305664
2016-02-06,37.616188049316406
2016-02-07,26.68888282775879
2016-02-08,21.213104248046875
2016-02-09,18.301652908325195
2016-02-10,16.847761154174805
2016-02-11,15.610149383544922
2016-02-12,14.446220397949219
2016-02-13,13.643954277038574
2016-02-14,13.051651000976562
2016-02-15,12.376121520996094
2016-02-16,28.127561569213867
2016-02-17,62.79949188232422
2016-02-18,68.06336212158203
2016-02-19,48.084415435791016
2016-02-20,33.559112548828125
2016-02-21,26.074295043945312
2016-02-22,22.236865997314453
2016-02-23,23.45668601989746
2016-02-24,54.45868682861328
2016-02-25,92.8440933227539
2016-02-26,75.95993041992188
2016-02-27,46.85692596435547
2016-02-28,31.568403244018555
2016-02-29,24.545726776123047
2016-03-01,21.04648780822754
2016-03-02,19.05880355834961
2016-03-03,18.159841537475586
2016-03-04,17.178102493286133
2016-03-05,16.222482681274414
2016-03-06,15.332317352294922
2016-03-07,14.572078704833984
2016-03-08,13.888651847839355
2016-03-09,13.406951904296875
2016-03-10,12.943963050842285
2016-03-11,12.4758882522583
2016-03-12,12.047969818115234
2016-03-13,11.844683647155762
2016-03-14,12.328179359436035
2016-03-15,13.266853332519531
2016-03-16,13.66089916229248
2016-03-17,13.135403633117676
2016-03-18,12.144179344177246
2016-03-19,11.456380844116211
2016-03-20,11.136127471923828
2016-03-21,11.077476501464844
2016-03-22,10.845429420471191
2016-03-23,10.457696914672852
2016-03-24,10.17401123046875
2016-03-25,9.889899253845215
2016-03-26,9.69815444946289
2016-03-27,11.028212547302246
2016-03-28,26.825275421142578
2016-03-29,42.894737243652344
2016-03-30,33.85619354248047
2016-03-31,23.264644622802734
2016-04-01,18.400707244873047
2016-04-02,16.734905242919922
2016-04-03,15.899871826171875
2016-04-04,14.207018852233887
2016-04-05,12.841943740844727
2016-04-06,11.879676818847656
2016-04-07,11.659252166748047
2016-04-08,12.682260513305664
2016-04-09,12.905824661254883
2016-04-10,11.834603309631348
2016-04-11,10.897053718566895
2016-04-12,10.559435844421387
2016-04-13,10.618705749511719
2016-04-14,10.406871795654297
2016-04-15,9.828914642333984
2016-04-16,9.387686729431152
2016-04-17,9.000107765197754
2016-04-18,8.699105262756348
2016-04-19,8.522760391235352
2016-04-20,8.307781219482422
2016-04-21,8.000953674316406
2016-04-22,8.024489402770996
2016-04-23,9.15569019317627
2016-04-24,10.132223129272461
2016-04-25,9.283793449401855
2016-04-26,8.4835205078125
2016-04-27,8.005093574523926
2016-04-28,9.228841781616211
2016-04-29,13.45087718963623
2016-04-30,15.097600936889648
2016-05-01,12.45489501953125
2016-05-02,12.73524284362793
2016-05-03,26.055709838867188
2016-05-04,56.92039489746094
2016-05-05,60.119224548339844
2016-05-06,59.154457092285156
2016-05-07,71.2929916381836
2016-05-08,53.53776550292969
2016-05-09,33.481956481933594
2016-05-10,22.81903076171875
2016-05-11,17.69243621826172
2016-05-12,14.964207649230957
2016-05-13,16.389331817626953
2016-05-14,20.776208877563477
2016-05-15,20.22114372253418
2016-05-16,15.922056198120117
2016-05-17,13.843036651611328
2016-05-18,15.781342506408691
2016-05-19,17.709033966064453
2016-05-20,15.789121627807617
2016-05-21,18.816625595092773
2016-05-22,37.00080108642578
2016-05-23,48.674781799316406
2016-05-24,34.54140090942383
2016-05-25,23.267370223999023
2016-05-26,17.17095947265625
2016-05-27,13.782729148864746
2016-05-28,11.849174499511719
2016-05-29,10.678889274597168
2016-05-30,10.268754959106445
2016-05-31,10.093591690063477
2016-06-01,9.239645004272461
2016-06-02,8.56534481048584
2016-06-03,8.68044662475586
2016-06-04,9.374101638793945
2016-06-05,11.923074722290039
2016-06-06,18.498533248901367
2016-06-07,22.36708641052246
2016-06-08,17.84211540222168
2016-06-09,13.103933334350586
2016-06-10,10.258541107177734
2016-06-11,8.750601768493652
2016-06-12,7.802221775054932
2016-06-13,7.052404403686523
2016-06-14,6.432422637939453
2016-06-15,6.144853591918945
2016-06-16,6.681130409240723
2016-06-17,7.481578826904297
2016-06-18,7.143073081970215
2016-06-19,6.572992324829102
2016-06-20,5.864132881164551
2016-06-21,5.369428634643555
2016-06-22,5.014709949493408
2016-06-23,4.803940773010254
2016-06-24,5.926967620849609
2016-06-25,9.815438270568848
2016-06-26,12.33645248413086
2016-06-27,9.686624526977539
2016-06-28,7.635886192321777
2016-06-29,7.700627326965332
2016-06-30,8.20226001739502
2016-07-01,8.119874000549316
2016-07-02,8.145951271057129
2016-07-03,10.916987419128418
2016-07-04,21.644546508789062
2016-07-05,34.28445816040039
2016-07-06,31.343061447143555
2016-07-07,21.684680938720703
2016-07-08,15.975556373596191
2016-07-09,13.579227447509766
2016-07-10,12.453923225402832
2016-07-11,10.944267272949219
2016-07-12,8.894858360290527
2016-07-13,7.807939529418945
2016-07-14,7.153269290924072
2016-07-15,6.752475738525391
2016-07-16,6.8764166831970215
2016-07-17,7.271208763122559
2016-07-18,7.381264686584473
2016-07-19,6.7749433517456055
2016-07-20,5.931135177612305
2016-07-21,5.3017449378967285
2016-07-22,4.798177242279053
2016-07-23,4.429510116577148
2016-07-24,4.1318440437316895
2016-07-25,3.857778549194336
2016-07-26,3.6386895179748535
2016-07-27,3.691382884979248
2016-07-28,4.200977802276611
2016-07-29,4.580433368682861
2016-07-30,4.261136054992676
2016-07-31,3.863353967666626
2016-08-01,4.4753899574279785
2016-08-02,6.292226791381836
2016-08-03,8.577537536621094
2016-08-04,10.598577499389648
2016-08-05,11.850240707397461
2016-08-06,12.874120712280273
2016-08-07,16.06442642211914
2016-08-08,18.949260711669922
2016-08-09,19.780628204345703
2016-08-10,17.737791061401367
2016-08-11,14.686338424682617
2016-08-12,10.683854103088379
2016-08-13,7.906249523162842
2016-08-14,6.274703502655029
2016-08-15,5.358837604522705
2016-08-16,4.91686487197876
2016-08-17,4.736886501312256
2016-08-18,4.785634517669678
2016-08-19,4.9094390869140625
2016-08-20,4.6510820388793945
2016-08-21,4.72694730758667
2016-08-22,5.202569961547852
2016-08-23,5.316023826599121
2016-08-24,4.596071720123291
2016-08-25,4.055739879608154
2016-08-26,3.710662603378296
2016-08-27,3.4921302795410156
2016-08-28,3.5924596786499023
2016-08-29,3.801300287246704
2016-08-30,3.559785842895508
2016-08-31,3.240666151046753
2016-09-01,3.098116874694824
2016-09-02,3.2586448192596436
2016-09-03,3.523055076599121
2016-09-04,3.4583184719085693
2016-09-05,3.1992125511169434
2016-09-06,2.985048532485962
2016-09-07,2.827004909515381
2016-09-08,2.685199737548828
2016-09-09,2.572091579437256
2016-09-10,2.473633050918579
2016-09-11,2.4015791416168213
2016-09-12,2.338886260986328
2016-09-13,2.289994955062866
2016-09-14,2.2336201667785645
2016-09-15,2.1717846393585205
2016-09-16,2.1246025562286377
2016-09-17,2.1156418323516846
2016-09-18,2.101148843765259
2016-09-19,2.7890496253967285
2016-09-20,4.159694194793701
2016-09-21,4.461031436920166
2016-09-22,3.953389883041382
2016-09-23,3.846367120742798
2016-09-24,3.644850730895996
2016-09-25,3.2307467460632324
2016-09-26,2.9778003692626953
2016-09-27,3.2851715087890625
2016-09-28,6.262727737426758
2016-09-29,23.567399978637695
2016-09-30,29.93124008178711
2016-10-01,19.79523468017578
2016-10-02,10.817619323730469
2016-10-03,6.924688816070557
2016-10-04,5.289747714996338
2016-10-05,4.487878322601318
2016-10-06,4.050480842590332
2016-10-07,4.095125198364258
2016-10-08,53.417232513427734
2016-10-09,163.43064880371094
2016-10-10,155.45094299316406
2016-10-11,64.25270080566406
2016-10-12,29.4686336517334
2016-10-13,17.910259246826172
2016-10-14,13.1869478225708
2016-10-15,10.703932762145996
2016-10-16,9.328418731689453
2016-10-17,8.395838737487793
2016-10-18,7.626266002655029
2016-10-19,6.987117290496826
2016-10-20,6.490807056427002
2016-10-21,6.1274237632751465
2016-10-22,5.869243144989014
2016-10-23,5.600025177001953
2016-10-24,5.3506646156311035
2016-10-25,5.137554168701172
2016-10-26,4.932879447937012
2016-10-27,4.838122367858887
2016-10-28,4.760282039642334
2016-10-29,4.639665603637695
2016-10-30,4.594603538513184
2016-10-31,4.482686519622803
2016-11-01,4.442562103271484
2016-11-02,4.55100154876709
2016-11-03,4.537607192993164
2016-11-04,4.44858980178833
2016-11-05,4.3494462966918945
2016-11-06,4.325541019439697
2016-11-07,4.3014302253723145
2016-11-08,4.291693687438965
2016-11-09,4.32742166519165
2016-11-10,4.237020015716553
2016-11-11,4.197998523712158
2016-11-12,4.153417587280273
2016-11-13,4.1458306312561035
2016-11-14,4.232326030731201
2016-11-15,4.332454204559326
2016-11-16,4.39229679107666
2016-11-17,4.3906145095825195
2016-11-18,4.389859676361084
2016-11-19,4.4121294021606445
2016-11-20,4.336030006408691
2016-11-21,4.195663928985596
2016-11-22,4.18178129196167
2016-11-23,4.228078365325928
2016-11-24,4.2636494636535645
2016-11-25,4.3555073738098145
2016-11-26,4.479742527008057
2016-11-27,4.351661205291748
2016-11-28,4.329270362854004
2016-11-29,4.36892032623291
2016-11-30,4.713575839996338
2016-12-01,5.682917594909668
2016-12-02,6.54014778137207
2016-12-03,6.396684646606445
2016-12-04,5.772299766540527
2016-12-05,5.944476127624512
2016-12-06,7.448439598083496
2016-12-07,10.766716957092285
2016-12-08,12.797951698303223
2016-12-09,9.950986862182617
2016-12-10,8.041501998901367
2016-12-11,7.021419048309326
2016-12-12,6.447296142578125
2016-12-13,6.226733684539795
2016-12-14,6.080826282501221
2016-12-15,5.73027229309082
2016-12-16,5.516971111297607
2016-12-17,5.367042064666748
2016-12-18,5.300262928009033
2016-12-19,5.3321356773376465
2016-12-20,5.542369365692139
2016-12-21,5.520478248596191
2016-12-22,5.405855178833008
2016-12-23,5.281011581420898
2016-12-24,5.183464050292969
2016-12-25,5.259127140045166
2016-12-26,5.3676252365112305
2016-12-27,5.33864688873291
2016-12-28,5.292065143585205
2016-12-29,5.310108661651611
2016-12-30,5.471445560455322
2016-12-31,5.470696449279785
2017-01-01,5.312204360961914
2017-01-02,7.286237716674805
2017-01-03,19.757993698120117
2017-01-04,32.3986930847168
2017-01-05,27.868694305419922
2017-01-06,17.888057708740234
2017-01-07,13.524134635925293
2017-01-08,12.295523643493652
2017-01-09,10.897191047668457
2017-01-10,9.797672271728516
2017-01-11,9.857704162597656
2017-01-12,11.271931648254395
2017-01-13,12.774921417236328
2017-01-14,12.3276948928833
2017-01-15,11.070215225219727
2017-01-16,10.013059616088867
2017-01-17,9.285581588745117
2017-01-18,9.109109878540039
2017-01-19,8.883061408996582
2017-01-20,8.627487182617188
2017-01-21,9.917749404907227
2017-01-22,13.496116638183594
2017-01-23,28.508838653564453
2017-01-24,54.9460563659668
2017-01-25,51.57624053955078
2017-01-26,31.170135498046875
2017-01-27,20.467548370361328
2017-01-28,15.40524673461914
2017-01-29,12.793692588806152
2017-01-30,11.221896171569824
2017-01-31,10.220724105834961
2017-02-01,9.510076522827148
2017-02-02,9.018470764160156
2017-02-03,8.640375137329102
2017-02-04,8.411123275756836
2017-02-05,8.163372993469238
2017-02-06,7.905773162841797
2017-02-07,7.708985328674316
2017-02-08,7.597834587097168
2017-02-09,8.139328956604004
2017-02-10,9.169990539550781
2017-02-11,9.250833511352539
2017-02-12,8.535627365112305
2017-02-13,7.9122724533081055
2017-02-14,7.461359977722168
2017-02-15,7.336122512817383
2017-02-16,7.726525783538818
2017-02-17,7.897762298583984
2017-02-18,7.4620866775512695
2017-02-19,7.1395344734191895
2017-02-20,6.8818864822387695
2017-02-21,6.642332077026367
2017-02-22,6.556140899658203
2017-02-23,6.581523895263672
2017-02-24,6.63670539855957
2017-02-25,6.509077072143555
2017-02-26,6.407172203063965
2017-02-27,6.278751373291016
2017-02-28,6.130532741546631
2017-03-01,6.342895984649658
2017-03-02,8.710973739624023
2017-03-03,11.457698822021484
2017-03-04,10.529145240783691
2017-03-05,8.938243865966797
2017-03-06,7.984716892242432
2017-03-07,7.37980318069458
2017-03-08,6.996138572692871
2017-03-09,6.724771499633789
2017-03-10,6.466390132904053
2017-03-11,6.308732986450195
2017-03-12,6.039131164550781
2017-03-13,5.842107772827148
2017-03-14,6.6635212898254395
2017-03-15,8.525154113769531
2017-03-16,8.735259056091309
2017-03-17,7.97882080078125
2017-03-18,7.68004846572876
2017-03-19,7.970505714416504
2017-03-20,7.906803607940674
2017-03-21,7.3523406982421875
2017-03-22,6.9661126136779785
2017-03-23,6.648385047912598
2017-03-24,6.3008131980896
2017-03-25,6.066421985626221
2017-03-26,5.928217887878418
2017-03-27,5.885950088500977
2017-03-28,6.076529502868652
2017-03-29,6.744032859802246
2017-03-30,7.118938446044922
2017-03-31,7.754736423492432
2017-04-01,10.805335998535156
2017-04-02,12.155974388122559
2017-04-03,10.48017406463623
2017-04-04,12.384510040283203
2017-04-05,15.838274002075195
2017-04-06,17.314300537109375
2017-04-07,18.059194564819336
2017-04-08,15.479410171508789
2017-04-09,11.996150016784668
2017-04-10,9.79496955871582
2017-04-11,8.525713920593262
2017-04-12,7.634802341461182
2017-04-13,6.944495677947998
2017-04-14,6.502297878265381
2017-04-15,6.246830940246582
2017-04-16,6.056972980499268
2017-04-17,5.781626224517822
2017-04-18,5.534830570220947
2017-04-19,5.467665672302246
2017-04-20,5.514811992645264
2017-04-21,5.594760417938232
2017-04-22,5.904892921447754
2017-04-23,10.099650382995605
2017-04-24,49.76008987426758
2017-04-25,182.446533203125
2017-04-26,239.99398803710938
2017-04-27,151.09486389160156
2017-04-28,70.04875183105469
2017-04-29,39.2133903503418
2017-04-30,27.294021606445312
2017-05-01,20.717844009399414
2017-05-02,18.652172088623047
2017-05-03,17.7396240234375
2017-05-04,14.866324424743652
2017-05-05,17.87050437927246
2017-05-06,28.047569274902344
2017-05-07,29.355804443359375
2017-05-08,21.942577362060547
2017-05-09,16.56998634338379
2017-05-10,14.492881774902344
2017-05-11,14.313830375671387
2017-05-12,13.529815673828125
2017-05-13,13.177118301391602
2017-05-14,13.446508407592773
2017-05-15,12.752275466918945
2017-05-16,10.9400634765625
2017-05-17,9.564003944396973
2017-05-18,8.56924057006836
2017-05-19,8.050566673278809
2017-05-20,8.176069259643555
2017-05-21,8.414615631103516
2017-05-22,9.33255386352539
2017-05-23,19.94157600402832
2017-05-24,59.26173782348633
2017-05-25,105.4118423461914
2017-05-26,93.45248413085938
2017-05-27,56.03019714355469
2017-05-28,33.968910217285156
2017-05-29,26.996885299682617
2017-05-30,23.864904403686523
2017-05-31,19.03057289123535
2017-06-01,16.089954376220703
2017-06-02,13.919598579406738
2017-06-03,11.838869094848633
2017-06-04,10.346059799194336
2017-06-05,10.546476364135742
2017-06-06,14.199064254760742
2017-06-07,16.669509887695312
2017-06-08,13.665996551513672
2017-06-09,10.9285306930542
2017-06-10,9.357704162597656
2017-06-11,8.27517318725586
2017-06-12,7.419365882873535
2017-06-13,7.096038341522217
2017-06-14,8.313755989074707
2017-06-15,10.118605613708496
2017-06-16,10.830180168151855
2017-06-17,16.42774200439453
2017-06-18,29.087848663330078
2017-06-19,42.97062683105469
2017-06-20,87.98967742919922
2017-06-21,119.32316589355469
2017-06-22,86.88320922851562
2017-06-23,49.66022491455078
2017-06-24,37.72827911376953
2017-06-25,37.88699722290039
2017-06-26,30.714780807495117
2017-06-27,21.189958572387695
2017-06-28,15.685782432556152
2017-06-29,12.503643035888672
2017-06-30,11.209118843078613
2017-07-01,11.35792350769043
2017-07-02,11.085793495178223
2017-07-03,9.78805923461914
2017-07-04,8.602066040039062
2017-07-05,8.376625061035156
2017-07-06,9.300451278686523
2017-07-07,9.708449363708496
2017-07-08,9.042102813720703
2017-07-09,8.7124605178833
2017-07-10,8.347578048706055
2017-07-11,7.3984599113464355
2017-07-12,6.500263214111328
2017-07-13,5.986605644226074
2017-07-14,5.915431022644043
2017-07-15,5.877228736877441
2017-07-16,5.524214267730713
2017-07-17,5.100681304931641
2017-07-18,4.901056289672852
2017-07-19,4.994633674621582
2017-07-20,5.137546062469482
2017-07-21,4.965912818908691
2017-07-22,4.520628929138184
2017-07-23,4.246807098388672
2017-07-24,4.287926197052002
2017-07-25,4.38990592956543
2017-07-26,4.0728864669799805
2017-07-27,3.7433061599731445
2017-07-28,3.6679234504699707
2017-07-29,3.8336758613586426
2017-07-30,3.9724419116973877
2017-07-31,3.7780239582061768
2017-08-01,3.4697787761688232
2017-08-02,3.24589467048645
2017-08-03,3.1108527183532715
2017-08-04,3.039740562438965
2017-08-05,3.0116658210754395
2017-08-06,3.0011167526245117
2017-08-07,3.0680630207061768
2017-08-08,3.857675313949585
2017-08-09,5.2845458984375
2017-08-10,5.4666900634765625
2017-08-11,4.500739574432373
2017-08-12,4.115658760070801
2017-08-13,4.7683868408203125
2017-08-14,5.816679000854492
2017-08-15,6.374748229980469
2017-08-16,7.191035270690918
2017-08-17,7.8057708740234375
2017-08-18,6.940536975860596
2017-08-19,5.505827903747559
2017-08-20,4.633286476135254
2017-08-21,4.055037498474121
2017-08-22,3.6578214168548584
2017-08-23,3.413170099258423
2017-08-24,3.1870880126953125
2017-08-25,3.070957660675049
2017-08-26,2.9637444019317627
2017-08-27,2.8388209342956543
2017-08-28,2.723097562789917
2017-08-29,2.833552598953247
2017-08-30,3.392038106918335
2017-08-31,3.8238301277160645
2017-09-01,3.7707886695861816
2017-09-02,4.9846696853637695
2017-09-03,7.261557579040527
2017-09-04,6.8998517990112305
2017-09-05,5.233016014099121
2017-09-06,4.516912937164307
2017-09-07,5.402668476104736
2017-09-08,6.403584003448486
2017-09-09,5.296871185302734
2017-09-10,4.376157283782959
2017-09-11,3.877692699432373
2017-09-12,3.980313301086426
2017-09-13,4.9957966804504395
2017-09-14,5.882204532623291
2017-09-15,5.266261100769043
2017-09-16,4.609011650085449
2017-09-17,4.055295467376709
2017-09-18,3.618271589279175
2017-09-19,3.302687883377075
2017-09-20,3.0846285820007324
2017-09-21,2.9327125549316406
2017-09-22,2.8251874446868896
2017-09-23,2.7272140979766846
2017-09-24,2.60876202583313
2017-09-25,2.506089687347412
2017-09-26,2.4434943199157715
2017-09-27,2.404094934463501
2017-09-28,2.330662727355957
2017-09-29,2.2452785968780518
2017-09-30,2.1959171295166016
2017-10-01,2.1597867012023926
2017-10-02,2.1355700492858887
2017-10-03,2.1204264163970947
2017-10-04,2.104982852935791
2017-10-05,2.100598096847534
2017-10-06,2.097475290298462
2017-10-07,2.1080222129821777
2017-10-08,2.2911784648895264
2017-10-09,2.6163249015808105
2017-10-10,3.060307741165161
2017-10-11,3.4135570526123047
2017-10-12,3.324638605117798
2017-10-13,3.1391079425811768
2017-10-14,3.0895371437072754
2017-10-15,3.006119728088379
2017-10-16,2.8416223526000977
2017-10-17,2.799839735031128
2017-10-18,2.809039831161499
2017-10-19,2.7101545333862305
2017-10-20,2.6284399032592773
2017-10-21,2.569403648376465
2017-10-22,2.5202832221984863
2017-10-23,2.5663559436798096
2017-10-24,3.7773892879486084
2017-10-25,6.388801574707031
2017-10-26,6.394125938415527
2017-10-27,4.995443344116211
2017-10-28,4.080982208251953
2017-10-29,3.6308822631835938
2017-10-30,3.483167886734009
2017-10-31,3.380586862564087
2017-11-01,3.267087936401367
2017-11-02,3.2101287841796875
2017-11-03,3.096177101135254
2017-11-04,3.066948890686035
2017-11-05,3.184185743331909
2017-11-06,3.3157296180725098
2017-11-07,3.2526910305023193
2017-11-08,3.294553279876709
2017-11-09,3.6072826385498047
2017-11-10,4.251473426818848
2017-11-11,4.595005989074707
2017-11-12,4.280170440673828
2017-11-13,4.250288963317871
2017-11-14,4.905942440032959
2017-11-15,5.350266933441162
2017-11-16,4.902759552001953
2017-11-17,4.451662063598633
2017-11-18,4.187419414520264
2017-11-19,4.052859783172607
2017-11-20,3.8961057662963867
2017-11-21,3.8497042655944824
2017-11-22,3.8314428329467773
2017-11-23,3.733517646789551
2017-11-24,3.7054123878479004
2017-11-25,3.7130849361419678
2017-11-26,3.6603610515594482
2017-11-27,3.5949997901916504
2017-11-28,3.618783950805664
2017-11-29,3.610095500946045
2017-11-30,3.5918872356414795
2017-12-01,3.572932481765747
2017-12-02,3.526378631591797
2017-12-03,3.5689494609832764
2017-12-04,3.6011383533477783
2017-12-05,3.599925994873047
2017-12-06,3.649958848953247
2017-12-07,3.8776564598083496
2017-12-08,4.168012619018555
2017-12-09,4.83348274230957
2017-12-10,6.0393476486206055
2017-12-11,6.495525360107422
2017-12-12,6.03840446472168
2017-12-13,5.454713821411133
2017-12-14,4.996915817260742
2017-12-15,4.6173787117004395
2017-12-16,4.418299198150635
2017-12-17,4.322112083435059
2017-12-18,4.296510696411133
2017-12-19,4.261795520782471
2017-12-20,4.339259147644043
2017-12-21,4.808815002441406
2017-12-22,5.429327487945557
2017-12-23,5.191712379455566
2017-12-24,4.937997341156006
2017-12-25,4.865970611572266
2017-12-26,4.6612348556518555
2017-12-27,4.392251968383789
2017-12-28,4.247325897216797
2017-12-29,4.164001941680908
2017-12-30,4.058169841766357
2017-12-31,3.978651762008667
2018-01-01,3.88334321975708
2018-01-02,3.7570652961730957
2018-01-03,3.680130958557129
2018-01-04,3.5883631706237793
2018-01-05,3.4998373985290527
2018-01-06,3.406075954437256
2018-01-07,3.3087198734283447
2018-01-08,3.2824244499206543
2018-01-09,3.411644697189331
2018-01-10,3.5157692432403564
2018-01-11,3.532670497894287
2018-01-12,3.9328482151031494
2018-01-13,7.524120330810547
2018-01-14,13.97058391571045
2018-01-15,12.424688339233398
2018-01-16,9.180963516235352
2018-01-17,7.804746627807617
2018-01-18,8.926837921142578
2018-01-19,10.438827514648438
2018-01-20,9.587657928466797
2018-01-21,8.992640495300293
2018-01-22,8.548262596130371
2018-01-23,8.786230087280273
2018-01-24,10.513147354125977
2018-01-25,10.978743553161621
2018-01-26,9.145389556884766
2018-01-27,7.762849807739258
2018-01-28,8.078338623046875
2018-01-29,16.554157257080078
2018-01-30,30.601606369018555
2018-01-31,30.376651763916016
2018-02-01,20.378250122070312
2018-02-02,14.514162063598633
2018-02-03,12.001153945922852
2018-02-04,13.622734069824219
2018-02-05,23.585784912109375
2018-02-06,28.803817749023438
2018-02-07,24.222558975219727
2018-02-08,32.22896194458008
2018-02-09,39.84270477294922
2018-02-10,27.413772583007812
2018-02-11,21.17816925048828
2018-02-12,21.557065963745117
2018-02-13,21.27015495300293
2018-02-14,17.71373176574707
2018-02-15,14.653329849243164
2018-02-16,12.676689147949219
2018-02-17,11.414152145385742
2018-02-18,10.740311622619629
2018-02-19,10.478218078613281
2018-02-20,10.059577941894531
2018-02-21,9.741314888000488
2018-02-22,9.162384033203125
2018-02-23,8.64236831665039
2018-02-24,8.241861343383789
2018-02-25,7.92940616607666
2018-02-26,7.7458319664001465
2018-02-27,7.76806640625
2018-02-28,7.7956647872924805
2018-03-01,8.341011047363281
2018-03-02,11.002043724060059
2018-03-03,12.3284912109375
2018-03-04,10.682596206665039
2018-03-05,9.257144927978516
2018-03-06,9.002763748168945
2018-03-07,12.139896392822266
2018-03-08,15.38353157043457
2018-03-09,13.807899475097656
2018-03-10,11.661901473999023
2018-03-11,10.378131866455078
2018-03-12,14.503660202026367
2018-03-13,26.693538665771484
2018-03-14,30.521272659301758
2018-03-15,22.783645629882812
2018-03-16,16.680139541625977
2018-03-17,13.56989860534668
2018-03-18,12.143701553344727
2018-03-19,12.241785049438477
2018-03-20,14.684554100036621
2018-03-21,25.731517791748047
2018-03-22,36.27814483642578
2018-03-23,30.368778228759766
2018-03-24,22.106555938720703
2018-03-25,26.5365047454834
2018-03-26,38.44391632080078
2018-03-27,33.801204681396484
2018-03-28,24.37363624572754
2018-03-29,18.923845291137695
2018-03-30,15.795792579650879
2018-03-31,13.82631778717041
2018-04-01,12.302013397216797
2018-04-02,11.16238784790039
2018-04-03,10.418468475341797
2018-04-04,9.921792984008789
2018-04-05,9.606907844543457
2018-04-06,9.230866432189941
2018-04-07,9.797331809997559
2018-04-08,14.441458702087402
2018-04-09,18.379314422607422
2018-04-10,15.530545234680176
2018-04-11,12.915553092956543
2018-04-12,11.1972017288208
2018-04-13,10.158517837524414
2018-04-14,9.324069023132324
2018-04-15,9.528971672058105
2018-04-16,20.77765655517578
2018-04-17,35.18904495239258
2018-04-18,30.852943420410156
2018-04-19,21.074312210083008
2018-04-20,15.651866912841797
2018-04-21,12.695481300354004
2018-04-22,10.907036781311035
2018-04-23,10.412702560424805
2018-04-24,19.686105728149414
2018-04-25,54.4429817199707
2018-04-26,78.41693878173828
2018-04-27,63.848777770996094
2018-04-28,50.691402435302734
2018-04-29,39.96919631958008
2018-04-30,27.520774841308594
2018-05-01,20.290180206298828
2018-05-02,16.596960067749023
2018-05-03,14.24275016784668
2018-05-04,12.48949146270752
2018-05-05,11.120808601379395
2018-05-06,10.36364459991455
2018-05-07,10.387232780456543
2018-05-08,10.001420974731445
2018-05-09,9.116703033447266
2018-05-10,8.544753074645996
2018-05-11,8.303618431091309
2018-05-12,8.070249557495117
2018-05-13,7.685722827911377
2018-05-14,7.188207626342773
2018-05-15,6.637497901916504
2018-05-16,6.985713958740234
2018-05-17,9.59974479675293
2018-05-18,23.561241149902344
2018-05-19,46.684906005859375
2018-05-20,50.53416061401367
2018-05-21,33.24980545043945
2018-05-22,20.956571578979492
2018-05-23,15.2900390625
2018-05-24,12.15290641784668
2018-05-25,10.165605545043945
2018-05-26,9.208657264709473
2018-05-27,10.46969985961914
2018-05-28,12.54787826538086
2018-05-29,12.442403793334961
2018-05-30,12.178743362426758
2018-05-31,11.203537940979004
2018-06-01,10.081707000732422
2018-06-02,9.813286781311035
2018-06-03,10.42827033996582
2018-06-04,10.261526107788086
2018-06-05,9.033206939697266
2018-06-06,7.762635231018066
2018-06-07,6.790239334106445
2018-06-08,6.065593242645264
2018-06-09,5.556735515594482
2018-06-10,5.5437331199646
2018-06-11,6.796713352203369
2018-06-12,7.844703674316406
2018-06-13,7.401793479919434
2018-06-14,6.365650177001953
2018-06-15,5.627902030944824
2018-06-16,5.0594329833984375
2018-06-17,4.576695442199707
2018-06-18,4.240320205688477
2018-06-19,3.9688315391540527
2018-06-20,3.736745595932007
2018-06-21,3.6171417236328125
2018-06-22,3.835028886795044
2018-06-23,4.417351722717285
2018-06-24,4.796509265899658
2018-06-25,4.280857563018799
2018-06-26,4.102144241333008
2018-06-27,4.6142144203186035
2018-06-28,4.691348075866699
2018-06-29,4.067781925201416
2018-06-30,3.5275113582611084
2018-07-01,3.1605188846588135
2018-07-02,2.8773040771484375
2018-07-03,2.672046184539795
2018-07-04,2.5458245277404785
2018-07-05,2.4693498611450195
2018-07-06,2.641584634780884
2018-07-07,3.34021258354187
2018-07-08,4.025699615478516
2018-07-09,3.7046384811401367
2018-07-10,3.103050470352173
2018-07-11,2.7289879322052
2018-07-12,2.5081090927124023
2018-07-13,2.3574604988098145
2018-07-14,2.2222750186920166
2018-07-15,2.0877041816711426
2018-07-16,1.9904050827026367
2018-07-17,1.9786573648452759
2018-07-18,2.0197112560272217
2018-07-19,1.957625150680542
2018-07-20,1.8330507278442383
2018-07-21,1.7412877082824707
2018-07-22,2.0378565788269043
2018-07-23,3.5386433601379395
2018-07-24,6.265825271606445
2018-07-25,7.87844705581665
2018-07-26,9.675178527832031
2018-07-27,9.447834014892578
2018-07-28,6.269618988037109
2018-07-29,4.265939712524414
2018-07-30,3.5813422203063965
2018-07-31,4.491934776306152
2018-08-01,10.472232818603516
2018-08-02,36.40907669067383
2018-08-03,92.95809173583984
2018-08-04,105.92098236083984
2018-08-05,66.0971450805664
2018-08-06,30.54628562927246
2018-08-07,16.642370223999023
2018-08-08,15.951127052307129
2018-08-09,21.666912078857422
2018-08-10,21.095067977905273
2018-08-11,14.818696975708008
2018-08-12,12.704275131225586
2018-08-13,13.921802520751953
2018-08-14,14.342144012451172
2018-08-15,12.364238739013672
2018-08-16,9.612417221069336
2018-08-17,7.526405334472656
2018-08-18,6.384401321411133
2018-08-19,6.523279666900635
2018-08-20,9.246138572692871
2018-08-21,13.153332710266113
2018-08-22,14.545514106750488
2018-08-23,13.000277519226074
2018-08-24,9.994420051574707
2018-08-25,7.586981296539307
2018-08-26,6.218052864074707
2018-08-27,5.410971641540527
2018-08-28,4.906691074371338
2018-08-29,4.946389198303223
2018-08-30,5.1947832107543945
2018-08-31,5.585669040679932
2018-09-01,7.274160861968994
2018-09-02,9.131035804748535
2018-09-03,8.982010841369629
2018-09-04,7.319845199584961
2018-09-05,6.061681270599365
2018-09-06,5.200257301330566
2018-09-07,4.551868438720703
2018-09-08,4.226222991943359
2018-09-09,4.525750160217285
2018-09-10,5.778297424316406
2018-09-11,6.875680446624756
2018-09-12,7.037220478057861
2018-09-13,7.2678656578063965
2018-09-14,7.015652656555176
2018-09-15,9.758338928222656
2018-09-16,45.79737854003906
2018-09-17,233.37081909179688
2018-09-18,354.534423828125
2018-09-19,205.08309936523438
2018-09-20,86.78919982910156
2018-09-21,42.876277923583984
2018-09-22,27.094524383544922
2018-09-23,19.990230560302734
2018-09-24,16.326019287109375
2018-09-25,14.074764251708984
2018-09-26,12.54825210571289
2018-09-27,11.793739318847656
2018-09-28,11.896858215332031
2018-09-29,12.211508750915527
2018-09-30,11.56735897064209
2018-10-01,10.41065788269043
2018-10-02,9.408652305603027
2018-10-03,8.712987899780273
2018-10-04,8.170502662658691
2018-10-05,7.683948516845703
2018-10-06,7.577813625335693
2018-10-07,7.948055744171143
2018-10-08,7.805025100708008
2018-10-09,7.415035724639893
2018-10-10,7.425241470336914
2018-10-11,45.113468170166016
2018-10-12,156.30845642089844
2018-10-13,207.61468505859375
2018-10-14,97.67666625976562
2018-10-15,47.06836700439453
2018-10-16,29.778751373291016
2018-10-17,22.829463958740234
2018-10-18,19.327951431274414
2018-10-19,16.740476608276367
2018-10-20,14.732498168945312
2018-10-21,13.56837272644043
2018-10-22,12.657215118408203
2018-10-23,11.72122859954834
2018-10-24,10.95777416229248
2018-10-25,10.397518157958984
2018-10-26,18.195573806762695
2018-10-27,52.88093185424805
2018-10-28,74.84318542480469
2018-10-29,53.3147087097168
2018-10-30,33.44425964355469
2018-10-31,23.465646743774414
2018-11-01,18.64577865600586
2018-11-02,16.44386100769043
2018-11-03,16.70571517944336
2018-11-04,17.210941314697266
2018-11-05,27.44622802734375
2018-11-06,49.957069396972656
2018-11-07,52.9550666809082
2018-11-08,39.38607406616211
2018-11-09,28.97971534729004
2018-11-10,30.544967651367188
2018-11-11,34.107025146484375
2018-11-12,49.42448425292969
2018-11-13,147.86767578125
2018-11-14,214.613037109375
2018-11-15,191.91893005371094
2018-11-16,184.6055908203125
2018-11-17,144.46206665039062
2018-11-18,78.7977294921875
2018-11-19,47.60116958618164
2018-11-20,34.906951904296875
2018-11-21,28.31291961669922
2018-11-22,24.13636016845703
2018-11-23,21.516944885253906
2018-11-24,25.982650756835938
2018-11-25,40.656490325927734
2018-11-26,42.85809326171875
2018-11-27,32.13984298706055
2018-11-28,25.669113159179688
2018-11-29,21.859804153442383
2018-11-30,19.17822265625
2018-12-01,18.302021026611328
2018-12-02,18.984481811523438
2018-12-03,20.49286460876465
2018-12-04,20.40582275390625
2018-12-05,18.460086822509766
2018-12-06,16.913436889648438
2018-12-07,15.770034790039062
2018-12-08,14.865104675292969
2018-12-09,24.998680114746094
2018-12-10,64.229736328125
2018-12-11,88.82775115966797
2018-12-12,64.84858703613281
2018-12-13,43.76336669921875
2018-12-14,38.839393615722656
2018-12-15,58.57202911376953
2018-12-16,81.7869644165039
2018-12-17,72.80027770996094
2018-12-18,49.091339111328125
2018-12-19,34.94638442993164
2018-12-20,36.828678131103516
2018-12-21,97.90541076660156
2018-12-22,145.30914306640625
2018-12-23,99.93133544921875
2018-12-24,58.417911529541016
2018-12-25,40.35551452636719
2018-12-26,31.033971786499023
2018-12-27,26.222270965576172
2018-12-28,37.581443786621094
2018-12-29,84.15043640136719
2018-12-30,100.71150207519531
2018-12-31,65.33789825439453
2019-01-01,46.869293212890625
2019-01-02,39.905494689941406
2019-01-03,36.93041229248047
2019-01-04,45.46588134765625
2019-01-05,57.8228874206543
2019-01-06,54.52659225463867
2019-01-07,40.63666534423828
2019-01-08,31.80437660217285
2019-01-09,26.787145614624023
2019-01-10,23.8033390045166
2019-01-11,21.8072566986084
2019-01-12,20.13721466064453
2019-01-13,23.51669692993164
2019-01-14,34.224422454833984
2019-01-15,38.15753173828125
2019-01-16,32.452484130859375
2019-01-17,27.814666748046875
2019-01-18,25.539234161376953
2019-01-19,24.34871482849121
2019-01-20,34.24953079223633
2019-01-21,44.86518478393555
2019-01-22,37.8997917175293
2019-01-23,29.3848876953125
2019-01-24,45.48683166503906
2019-01-25,78.10187530517578
2019-01-26,73.3315200805664
2019-01-27,48.20216369628906
2019-01-28,35.3215217590332
2019-01-29,29.56706428527832
2019-01-30,27.51188850402832
2019-01-31,25.662269592285156
2019-02-01,22.864953994750977
2019-02-02,20.654247283935547
2019-02-03,19.193918228149414
2019-02-04,18.34046745300293
2019-02-05,17.61167335510254
2019-02-06,17.182464599609375
2019-02-07,16.851078033447266
2019-02-08,16.557106018066406
2019-02-09,16.14751625061035
2019-02-10,15.463295936584473
2019-02-11,14.994754791259766
2019-02-12,16.051881790161133
2019-02-13,21.449974060058594
2019-02-14,25.47225570678711
2019-02-15,22.707448959350586
2019-02-16,21.715187072753906
2019-02-17,26.623126983642578
2019-02-18,58.914405822753906
2019-02-19,82.23892974853516
2019-02-20,70.86776733398438
2019-02-21,70.68770599365234
2019-02-22,94.67838287353516
2019-02-23,176.1986541748047
2019-02-24,263.1256408691406
2019-02-25,208.95233154296875
2019-02-26,111.31301879882812
2019-02-27,62.96373748779297
2019-02-28,45.393760681152344
2019-03-01,41.02151107788086
2019-03-02,53.16452407836914
2019-03-03,60.184635162353516
2019-03-04,61.39064025878906
2019-03-05,64.54727935791016
2019-03-06,52.254798889160156
2019-03-07,41.215858459472656
2019-03-08,33.43146514892578
2019-03-09,29.835519790649414
2019-03-10,28.445329666137695
2019-03-11,28.87981414794922
2019-03-12,28.4252872467041
2019-03-13,25.206329345703125
2019-03-14,22.737838745117188
2019-03-15,22.152490615844727
2019-03-16,23.50827407836914
2019-03-17,24.19548988342285
2019-03-18,21.90233612060547
2019-03-19,20.077186584472656
2019-03-20,18.878904342651367
2019-03-21,32.14598083496094
2019-03-22,55.81230163574219
2019-03-23,54.99437713623047
2019-03-24,37.93896484375
2019-03-25,28.882627487182617
2019-03-26,26.052549362182617
2019-03-27,24.29923439025879
2019-03-28,21.822303771972656
2019-03-29,19.88857078552246
2019-03-30,19.013736724853516
2019-03-31,18.333324432373047
2019-04-01,17.645248413085938
2019-04-02,16.933273315429688
2019-04-03,16.600427627563477
2019-04-04,16.135948181152344
2019-04-05,17.406234741210938
2019-04-06,23.775474548339844
2019-04-07,28.261062622070312
2019-04-08,26.16170883178711
2019-04-09,31.80824089050293
2019-04-10,37.54625701904297
2019-04-11,33.28751754760742
2019-04-12,37.78592300415039
2019-04-13,104.00928497314453
2019-04-14,132.06761169433594
2019-04-15,107.3353271484375
2019-04-16,68.70677185058594
2019-04-17,44.054847717285156
2019-04-18,32.511478424072266
2019-04-19,38.91183090209961
2019-04-20,55.08604431152344
2019-04-21,48.95262145996094
2019-04-22,34.91734313964844
2019-04-23,27.19503402709961
2019-04-24,22.93096160888672
2019-04-25,20.421051025390625
2019-04-26,19.83702278137207
2019-04-27,19.84228515625
2019-04-28,18.423370361328125
2019-04-29,16.939186096191406
2019-04-30,15.878467559814453
2019-05-01,14.962056159973145
2019-05-02,14.178890228271484
2019-05-03,13.41984748840332
2019-05-04,12.952247619628906
2019-05-05,13.513945579528809
2019-05-06,15.147455215454102
2019-05-07,15.460651397705078
2019-05-08,13.738780975341797
2019-05-09,12.582460403442383
2019-05-10,11.798837661743164
2019-05-11,11.351849555969238
2019-05-12,12.016369819641113
2019-05-13,14.212063789367676
2019-05-14,15.831724166870117
2019-05-15,14.522148132324219
2019-05-16,12.615530014038086
2019-05-17,11.474056243896484
2019-05-18,10.72574234008789
2019-05-19,10.066076278686523
2019-05-20,9.447590827941895
2019-05-21,8.924322128295898
2019-05-22,8.46570873260498
2019-05-23,8.247391700744629
2019-05-24,8.57552719116211
2019-05-25,8.778881072998047
2019-05-26,8.210693359375
2019-05-27,7.830321311950684
2019-05-28,7.480416297912598
2019-05-29,7.07609748840332
2019-05-30,6.822978973388672
2019-05-31,6.868746757507324
2019-06-01,7.341162204742432
2019-06-02,7.770598888397217
2019-06-03,7.315321922302246
2019-06-04,6.8144121170043945
2019-06-05,6.456974983215332
2019-06-06,6.593577861785889
2019-06-07,7.606598854064941
2019-06-08,18.34661102294922
2019-06-09,51.3760986328125
2019-06-10,72.54920196533203
2019-06-11,55.52241897583008
2019-06-12,36.36106491088867
2019-06-13,34.491905212402344
2019-06-14,52.18260192871094
2019-06-15,44.60790252685547
2019-06-16,26.862049102783203
2019-06-17,18.180952072143555
2019-06-18,15.4642333984375
2019-06-19,22.507266998291016
2019-06-20,37.52684783935547
2019-06-21,39.04192352294922
2019-06-22,29.60390853881836
2019-06-23,20.361099243164062
2019-06-24,16.620662689208984
2019-06-25,13.951729774475098
2019-06-26,11.87236213684082
2019-06-27,10.614426612854004
2019-06-28,9.52572250366211
2019-06-29,8.752298355102539
2019-06-30,8.32321548461914
2019-07-01,8.001241683959961
2019-07-02,7.5696024894714355
2019-07-03,7.181988716125488
2019-07-04,7.0236687660217285
2019-07-05,7.071484088897705
2019-07-06,7.45047664642334
2019-07-07,8.49914264678955
2019-07-08,10.555571556091309
2019-07-09,11.753471374511719
2019-07-10,10.38807487487793
2019-07-11,8.672073364257812
2019-07-12,7.720704078674316
2019-07-13,7.285462856292725
2019-07-14,6.775910377502441
2019-07-15,6.236266136169434
2019-07-16,5.8074212074279785
2019-07-17,5.512653350830078
2019-07-18,5.355404853820801
2019-07-19,5.23912239074707
2019-07-20,5.186270236968994
2019-07-21,5.043582916259766
2019-07-22,4.927473545074463
2019-07-23,7.774385452270508
2019-07-24,17.801368713378906
2019-07-25,22.66704559326172
2019-07-26,14.561464309692383
2019-07-27,9.807229042053223
2019-07-28,7.783979892730713
2019-07-29,6.710618019104004
2019-07-30,6.0252203941345215
2019-07-31,5.602516174316406
2019-08-01,5.907929420471191
2019-08-02,8.153854370117188
2019-08-03,11.412786483764648
2019-08-04,11.369457244873047
2019-08-05,9.149554252624512
2019-08-06,7.951374530792236
2019-08-07,7.704369068145752
2019-08-08,7.926347255706787
2019-08-09,7.418365955352783
2019-08-10,6.354623794555664
2019-08-11,5.564988613128662
2019-08-12,5.125211715698242
2019-08-13,5.039621829986572
2019-08-14,5.455141544342041
2019-08-15,5.827088356018066
2019-08-16,5.774377346038818
2019-08-17,6.016350746154785
2019-08-18,6.724733352661133
2019-08-19,6.770676612854004
2019-08-20,6.332423210144043
2019-08-21,6.5754475593566895
2019-08-22,6.870563983917236
2019-08-23,7.463293075561523
2019-08-24,8.80743408203125
2019-08-25,13.791441917419434
2019-08-26,16.634815216064453
2019-08-27,11.279396057128906
2019-08-28,8.122610092163086
2019-08-29,6.798447608947754
2019-08-30,6.009467124938965
2019-08-31,5.404175758361816
2019-09-01,4.953581809997559
2019-09-02,4.587592601776123
2019-09-03,4.331882953643799
2019-09-04,4.1301727294921875
2019-09-05,3.9673211574554443
2019-09-06,3.926157236099243
2019-09-07,3.8833441734313965
2019-09-08,3.7462358474731445
2019-09-09,3.6047754287719727
2019-09-10,3.490638256072998
2019-09-11,3.444782257080078
2019-09-12,3.384000539779663
2019-09-13,3.333014965057373
2019-09-14,3.402695894241333
2019-09-15,3.484593152999878
2019-09-16,3.380227565765381
2019-09-17,3.2453575134277344
2019-09-18,3.1404099464416504
2019-09-19,3.1489014625549316
2019-09-20,3.077012538909912
2019-09-21,3.00858736038208
2019-09-22,2.99507474899292
2019-09-23,2.9326348304748535
2019-09-24,2.8391714096069336
2019-09-25,2.7502903938293457
2019-09-26,2.7245821952819824
2019-09-27,2.7000670433044434
2019-09-28,2.695275068283081
2019-09-29,2.926623582839966
2019-09-30,3.229033946990967
2019-10-01,3.2144622802734375
2019-10-02,3.1011691093444824
2019-10-03,2.9093241691589355
2019-10-04,2.7347280979156494
2019-10-05,2.68703556060791
2019-10-06,2.8381447792053223
2019-10-07,2.852834701538086
2019-10-08,2.779524326324463
2019-10-09,2.7507481575012207
2019-10-10,2.673886775970459
2019-10-11,2.594411611557007
2019-10-12,2.5845518112182617
2019-10-13,2.677807092666626
2019-10-14,2.898355007171631
2019-10-15,3.0609078407287598
2019-10-16,3.128444194793701
2019-10-17,3.8576085567474365
2019-10-18,4.523077964782715
2019-10-19,3.9707155227661133
2019-10-20,4.824731349945068
2019-10-21,9.090627670288086
2019-10-22,11.779073715209961
2019-10-23,10.071455001831055
2019-10-24,9.23728084564209
2019-10-25,6.966997146606445
2019-10-26,5.651280879974365
2019-10-27,4.961781978607178
2019-10-28,4.859524726867676
2019-10-29,4.878152847290039
2019-10-30,4.748583793640137
2019-10-31,8.038562774658203
2019-11-01,21.601665496826172
2019-11-02,28.106609344482422
2019-11-03,17.729482650756836
2019-11-04,11.106342315673828
2019-11-05,8.486564636230469
2019-11-06,7.246530532836914
2019-11-07,6.3703532218933105
2019-11-08,6.043467998504639
2019-11-09,6.017406463623047
2019-11-10,5.959999084472656
2019-11-11,5.71901798248291
2019-11-12,5.726652145385742
2019-11-13,6.750679969787598
2019-11-14,7.764455795288086
2019-11-15,7.0764994621276855
2019-11-16,6.43513822555542
2019-11-17,5.930445671081543
2019-11-18,5.6772637367248535
2019-11-19,5.95809268951416
2019-11-20,6.342810153961182
2019-11-21,6.081324100494385
2019-11-22,5.846226692199707
2019-11-23,6.263951301574707
2019-11-24,10.115663528442383
2019-11-25,15.819914817810059
2019-11-26,14.063116073608398
2019-11-27,10.99884033203125
2019-11-28,9.992006301879883
2019-11-29,9.76580810546875
2019-11-30,9.084659576416016
2019-12-01,15.726716995239258
2019-12-02,35.50531768798828
2019-12-03,38.51835632324219
2019-12-04,24.12389373779297
2019-12-05,15.829727172851562
2019-12-06,12.277734756469727
2019-12-07,10.559898376464844
2019-12-08,9.3812255859375
2019-12-09,8.748392105102539
2019-12-10,8.540416717529297
2019-12-11,9.78763198852539
2019-12-12,11.758899688720703
2019-12-13,14.21786880493164
2019-12-14,29.456138610839844
2019-12-15,48.15283966064453
2019-12-16,39.876163482666016
2019-12-17,26.450618743896484
2019-12-18,24.443828582763672
2019-12-19,24.569927215576172
2019-12-20,18.94662094116211
2019-12-21,15.051254272460938
2019-12-22,13.120218276977539
2019-12-23,12.172826766967773
2019-12-24,12.454044342041016
2019-12-25,12.935075759887695
2019-12-26,11.941959381103516
2019-12-27,11.028730392456055
2019-12-28,10.426547050476074
2019-12-29,10.071786880493164
2019-12-30,10.722475051879883
2019-12-31,11.799530029296875
2020-01-01,11.38332462310791
2020-01-02,10.502827644348145
2020-01-03,13.703816413879395
2020-01-04,37.550941467285156
2020-01-05,53.04239273071289
2020-01-06,39.9906005859375
2020-01-07,26.135417938232422
2020-01-08,20.956735610961914
2020-01-09,18.416820526123047
2020-01-10,15.573726654052734
2020-01-11,13.815896987915039
2020-01-12,15.43646240234375
2020-01-13,24.549091339111328
2020-01-14,37.845848083496094
2020-01-15,47.51895523071289
2020-01-16,42.967350006103516
2020-01-17,29.60875129699707
2020-01-18,21.662240982055664
2020-01-19,18.143712997436523
2020-01-20,16.52654457092285
2020-01-21,15.292516708374023
2020-01-22,13.995015144348145
2020-01-23,12.875008583068848
2020-01-24,12.425437927246094
2020-01-25,32.67608642578125
2020-01-26,59.22860336303711
2020-01-27,51.066307067871094
2020-01-28,33.09649658203125
2020-01-29,23.782854080200195
2020-01-30,19.105634689331055
2020-01-31,16.792816162109375
2020-02-01,17.078651428222656
2020-02-02,18.3583927154541
2020-02-03,17.300765991210938
2020-02-04,15.545880317687988
2020-02-05,14.6560640335083
2020-02-06,51.2041015625
2020-02-07,256.37493896484375
2020-02-08,352.3812561035156
2020-02-09,159.1902313232422
2020-02-10,73.31072998046875
2020-02-11,54.186553955078125
2020-02-12,70.37712097167969
2020-02-13,89.88302612304688
2020-02-14,96.79010009765625
2020-02-15,80.90518188476562
2020-02-16,52.35972595214844
2020-02-17,36.28871154785156
2020-02-18,28.896020889282227
2020-02-19,26.160541534423828
2020-02-20,26.844707489013672
2020-02-21,27.878009796142578
2020-02-22,26.363712310791016
2020-02-23,22.768104553222656
2020-02-24,20.930896759033203
2020-02-25,22.624774932861328
2020-02-26,29.372724533081055
2020-02-27,31.669044494628906
2020-02-28,26.270496368408203
2020-02-29,22.272727966308594
2020-03-01,19.77526092529297
2020-03-02,18.06507682800293
2020-03-03,17.595239639282227
2020-03-04,17.63817596435547
2020-03-05,17.549068450927734
2020-03-06,16.65882682800293
2020-03-07,15.87399673461914
2020-03-08,14.963066101074219
2020-03-09,14.280579566955566
2020-03-10,14.08912467956543
2020-03-11,13.862102508544922
2020-03-12,13.561293601989746
2020-03-13,13.340738296508789
2020-03-14,13.484060287475586
2020-03-15,13.482078552246094
2020-03-16,12.920153617858887
2020-03-17,12.549604415893555
2020-03-18,12.444311141967773
2020-03-19,12.336524963378906
2020-03-20,12.272845268249512
2020-03-21,12.739574432373047
2020-03-22,13.812429428100586
2020-03-23,14.791277885437012
2020-03-24,17.675065994262695
2020-03-25,34.54647445678711
2020-03-26,54.394920349121094
2020-03-27,50.527915954589844
2020-03-28,32.99421310424805
2020-03-29,23.612024307250977
2020-03-30,19.131607055664062
2020-03-31,16.65550994873047
2020-04-01,15.588388442993164
2020-04-02,15.211599349975586
2020-04-03,14.27325439453125
2020-04-04,13.352041244506836
2020-04-05,12.632802963256836
2020-04-06,12.146418571472168
2020-04-07,11.847013473510742
2020-04-08,11.620363235473633
2020-04-09,11.565191268920898
2020-04-10,11.967836380004883
2020-04-11,11.782649993896484
2020-04-12,11.058789253234863
2020-04-13,18.904420852661133
2020-04-14,30.244489669799805
2020-04-15,27.330965042114258
2020-04-16,19.433622360229492
2020-04-17,15.304049491882324
2020-04-18,13.763883590698242
2020-04-19,13.50933837890625
2020-04-20,13.935807228088379
2020-04-21,15.988757133483887
2020-04-22,16.36855125427246
2020-04-23,14.217376708984375
2020-04-24,13.181289672851562
2020-04-25,13.127717971801758
2020-04-26,13.247998237609863
2020-04-27,13.548004150390625
2020-04-28,12.851730346679688
2020-04-29,11.48910903930664
2020-04-30,23.986175537109375
2020-05-01,53.70503234863281
2020-05-02,56.942649841308594
2020-05-03,36.29674530029297
2020-05-04,24.10261344909668
2020-05-05,17.986480712890625
2020-05-06,15.134984970092773
2020-05-07,14.299772262573242
2020-05-08,13.126632690429688
2020-05-09,12.156778335571289
2020-05-10,11.423372268676758
2020-05-11,10.697367668151855
2020-05-12,10.140783309936523
2020-05-13,9.622272491455078
2020-05-14,9.32754135131836
2020-05-15,9.040332794189453
2020-05-16,8.62425422668457
2020-05-17,8.166200637817383
2020-05-18,7.7496795654296875
2020-05-19,9.835899353027344
2020-05-20,37.0048713684082
2020-05-21,125.8748779296875
2020-05-22,210.75241088867188
2020-05-23,198.41287231445312
2020-05-24,112.53256225585938
2020-05-25,70.39035034179688
2020-05-26,68.13101196289062
2020-05-27,65.59645080566406
2020-05-28,63.618587493896484
2020-05-29,79.7977294921875
2020-05-30,69.55802154541016
2020-05-31,47.85405731201172
2020-06-01,33.57769775390625
2020-06-02,25.211959838867188
2020-06-03,20.369977951049805
2020-06-04,17.441741943359375
2020-06-05,15.37117862701416
2020-06-06,14.923904418945312
2020-06-07,16.289331436157227
2020-06-08,16.191390991210938
2020-06-09,13.796144485473633
2020-06-10,12.359221458435059
2020-06-11,12.27576732635498
2020-06-12,13.615478515625
2020-06-13,13.442676544189453
2020-06-14,11.699756622314453
2020-06-15,10.929981231689453
2020-06-16,13.810632705688477
2020-06-17,23.612945556640625
2020-06-18,33.469024658203125
2020-06-19,33.57151794433594
2020-06-20,28.608055114746094
2020-06-21,25.090911865234375
2020-06-22,20.022523880004883
2020-06-23,15.662071228027344
2020-06-24,13.05217170715332
2020-06-25,11.570073127746582
2020-06-26,10.535293579101562
2020-06-27,9.84790325164795
2020-06-28,9.15542984008789
2020-06-29,8.905640602111816
2020-06-30,9.054389953613281
2020-07-01,8.955344200134277
2020-07-02,8.55294418334961
2020-07-03,8.110308647155762
2020-07-04,7.639932632446289
2020-07-05,7.209495544433594
2020-07-06,7.036559104919434
2020-07-07,6.950192451477051
2020-07-08,6.907614707946777
2020-07-09,7.325198173522949
2020-07-10,7.687022686004639
2020-07-11,7.835603713989258
2020-07-12,8.157315254211426
2020-07-13,7.7799272537231445
2020-07-14,6.8443756103515625
2020-07-15,6.198372840881348
2020-07-16,5.833901405334473
2020-07-17,5.890493392944336
2020-07-18,6.687887191772461
2020-07-19,7.725724697113037
2020-07-20,7.56823205947876
2020-07-21,6.559633731842041
2020-07-22,5.8423895835876465
2020-07-23,5.944402694702148
2020-07-24,8.98485279083252
2020-07-25,13.924240112304688
2020-07-26,13.151175498962402
2020-07-27,9.70742416381836
2020-07-28,7.484799385070801
2020-07-29,6.65052604675293
2020-07-30,6.696337699890137
2020-07-31,6.9537553787231445
2020-08-01,6.642414569854736
2020-08-02,6.296672821044922
2020-08-03,6.336269855499268
2020-08-04,12.271181106567383
2020-08-05,15.483654022216797
2020-08-06,15.295308113098145
2020-08-07,19.899124145507812
2020-08-08,25.55108642578125
2020-08-09,21.846256256103516
2020-08-10,15.385504722595215
2020-08-11,11.447976112365723
2020-08-12,9.521276473999023
2020-08-13,8.178228378295898
2020-08-14,9.112775802612305
2020-08-15,16.165771484375
2020-08-16,30.368825912475586
2020-08-17,37.387535095214844
2020-08-18,28.724613189697266
2020-08-19,19.382076263427734
2020-08-20,13.482927322387695
2020-08-21,11.058948516845703
2020-08-22,11.767623901367188
2020-08-23,13.00346565246582
2020-08-24,11.63329029083252
2020-08-25,9.493024826049805
2020-08-26,8.159420013427734
2020-08-27,7.213177680969238
2020-08-28,6.55734920501709
2020-08-29,6.135106086730957
2020-08-30,5.849325180053711
2020-08-31,6.408122539520264
2020-09-01,10.33997917175293
2020-09-02,15.618971824645996
2020-09-03,13.49339771270752
2020-09-04,9.870538711547852
2020-09-05,7.688523769378662
2020-09-06,6.498448371887207
2020-09-07,5.771127700805664
2020-09-08,5.351503372192383
2020-09-09,5.174951076507568
2020-09-10,5.3031206130981445
2020-09-11,5.725117206573486
2020-09-12,6.334561347961426
2020-09-13,6.618610858917236
2020-09-14,6.200011253356934
2020-09-15,5.5889482498168945
2020-09-16,5.179839611053467
2020-09-17,6.396848678588867
2020-09-18,22.075855255126953
2020-09-19,36.83071517944336
2020-09-20,26.01422882080078
2020-09-21,15.612495422363281
2020-09-22,10.95695972442627
2020-09-23,8.780815124511719
2020-09-24,7.74774169921875
2020-09-25,9.87961483001709
2020-09-26,19.413270950317383
2020-09-27,25.002620697021484
2020-09-28,18.347850799560547
2020-09-29,13.997567176818848
2020-09-30,18.055831909179688
2020-10-01,21.786865234375
2020-10-02,17.64287567138672
2020-10-03,13.272253036499023
2020-10-04,10.710187911987305
2020-10-05,9.297333717346191
2020-10-06,8.411556243896484
2020-10-07,7.7578277587890625
2020-10-08,7.266063690185547
2020-10-09,6.865301132202148
2020-10-10,7.132852077484131
2020-10-11,14.770564079284668
2020-10-12,35.70333480834961
2020-10-13,43.770782470703125
2020-10-14,31.581459045410156
2020-10-15,20.51979637145996
2020-10-16,15.818835258483887
2020-10-17,14.771696090698242
2020-10-18,13.450700759887695
2020-10-19,11.54495906829834
2020-10-20,10.27886962890625
2020-10-21,9.509641647338867
2020-10-22,8.993419647216797
2020-10-23,8.645698547363281
2020-10-24,8.260859489440918
2020-10-25,8.704837799072266
2020-10-26,12.902785301208496
2020-10-27,17.57555389404297
2020-10-28,14.342405319213867
2020-10-29,13.317826271057129
2020-10-30,18.963436126708984
2020-10-31,24.25792121887207
2020-11-01,21.955219268798828
2020-11-02,21.934465408325195
2020-11-03,21.056608200073242
2020-11-04,16.69759178161621
2020-11-05,13.885957717895508
2020-11-06,12.355175018310547
2020-11-07,11.436880111694336
2020-11-08,10.837270736694336
2020-11-09,10.290473937988281
2020-11-10,9.838574409484863
2020-11-11,11.088091850280762
2020-11-12,86.89173126220703
2020-11-13,231.00076293945312
2020-11-14,208.24456787109375
2020-11-15,95.52113342285156
2020-11-16,48.7645378112793
2020-11-17,32.1069450378418
2020-11-18,24.544279098510742
2020-11-19,20.435985565185547
2020-11-20,17.95768165588379
2020-11-21,16.453649520874023
2020-11-22,15.343772888183594
2020-11-23,14.527999877929688
2020-11-24,13.84848403930664
2020-11-25,13.305669784545898
2020-11-26,13.029925346374512
2020-11-27,13.222854614257812
2020-11-28,13.552461624145508
2020-11-29,12.81454086303711
2020-11-30,26.549911499023438
2020-12-01,61.27385330200195
2020-12-02,66.27020263671875
2020-12-03,40.899784088134766
2020-12-04,27.529563903808594
2020-12-05,29.206144332885742
2020-12-06,39.97318649291992
2020-12-07,37.825950622558594
2020-12-08,29.013118743896484
2020-12-09,23.384389877319336
2020-12-10,19.881624221801758
2020-12-11,17.68356704711914
2020-12-12,16.413272857666016
2020-12-13,15.54994010925293
2020-12-14,30.192296981811523
2020-12-15,63.866004943847656
2020-12-16,76.05796813964844
2020-12-17,69.4617919921875
2020-12-18,61.577293395996094
2020-12-19,44.420562744140625
2020-12-20,34.60847473144531
2020-12-21,35.316993713378906
2020-12-22,34.435272216796875
2020-12-23,27.92534637451172
2020-12-24,26.989545822143555
2020-12-25,54.20242691040039
2020-12-26,73.403076171875
2020-12-27,52.75060272216797
2020-12-28,35.6021728515625
2020-12-29,27.84188461303711
2020-12-30,23.700347900390625
2020-12-31,21.253768920898438
2021-01-01,19.940305709838867
2021-01-02,23.924659729003906
2021-01-03,36.70310592651367
2021-01-04,44.47181701660156
2021-01-05,38.64360809326172
2021-01-06,29.127742767333984
2021-01-07,23.9930362701416
2021-01-08,22.465087890625
2021-01-09,24.843366622924805
2021-01-10,25.434823989868164
2021-01-11,22.083463668823242
2021-01-12,20.058792114257812
2021-01-13,18.6943302154541
2021-01-14,17.492401123046875
2021-01-15,16.933412551879883
2021-01-16,16.87580108642578
2021-01-17,16.624740600585938
2021-01-18,15.730121612548828
2021-01-19,15.030973434448242
2021-01-20,14.540969848632812
2021-01-21,14.077445030212402
2021-01-22,13.83055591583252
2021-01-23,13.668907165527344
2021-01-24,13.361040115356445
2021-01-25,14.080999374389648
2021-01-26,22.115707397460938
2021-01-27,34.21769332885742
2021-01-28,41.982398986816406
2021-01-29,42.791290283203125
2021-01-30,35.0175666809082
2021-01-31,29.755550384521484
2021-02-01,34.39716339111328
2021-02-02,36.76008605957031
2021-02-03,30.1922607421875
2021-02-04,24.646095275878906
2021-02-05,21.500349044799805
2021-02-06,19.849245071411133
2021-02-07,24.229103088378906
2021-02-08,32.28112030029297
2021-02-09,31.430503845214844
2021-02-10,25.837116241455078
2021-02-11,26.4257755279541
2021-02-12,38.28030014038086
2021-02-13,56.03361129760742
2021-02-14,72.8746109008789
2021-02-15,83.17227172851562
2021-02-16,99.5451889038086
2021-02-17,125.1224594116211
2021-02-18,104.70173645019531
2021-02-19,94.42107391357422
2021-02-20,99.36161804199219
2021-02-21,77.02488708496094
2021-02-22,55.79107666015625
2021-02-23,51.320899963378906
2021-02-24,48.289119720458984
2021-02-25,39.14788055419922
2021-02-26,34.897422790527344
2021-02-27,40.418907165527344
2021-02-28,46.97590637207031
2021-03-01,48.539268493652344
2021-03-02,57.84022521972656
2021-03-03,56.237937927246094
2021-03-04,40.38697052001953
2021-03-05,32.4462776184082
2021-03-06,27.970470428466797
2021-03-07,25.03908348083496
2021-03-08,22.650033950805664
2021-03-09,20.81644058227539
2021-03-10,19.901681900024414
2021-03-11,19.2324161529541
2021-03-12,18.668781280517578
2021-03-13,18.192058563232422
2021-03-14,17.651479721069336
2021-03-15,17.180980682373047
2021-03-16,17.58511734008789
2021-03-17,19.276052474975586
2021-03-18,25.01323127746582
2021-03-19,46.279136657714844
2021-03-20,67.08094787597656
2021-03-21,50.29900360107422
2021-03-22,34.897071838378906
2021-03-23,27.381065368652344
2021-03-24,23.668195724487305
2021-03-25,22.788330078125
2021-03-26,35.73219680786133
2021-03-27,66.82747650146484
2021-03-28,80.62995910644531
2021-03-29,74.92362213134766
2021-03-30,56.734275817871094
2021-03-31,43.13191604614258
2021-04-01,48.94767379760742
2021-04-02,51.85569763183594
2021-04-03,38.61482238769531
2021-04-04,30.097248077392578
2021-04-05,25.74239730834961
2021-04-06,23.078468322753906
2021-04-07,21.250244140625
2021-04-08,19.83968734741211
2021-04-09,18.974702835083008
2021-04-10,19.688701629638672
2021-04-11,23.370391845703125
2021-04-12,25.9623966217041
2021-04-13,22.980533599853516
2021-04-14,19.993759155273438
2021-04-15,18.603015899658203
2021-04-16,18.00548553466797
2021-04-17,16.975095748901367
2021-04-18,16.078628540039062
2021-04-19,15.442790031433105
2021-04-20,14.904008865356445
2021-04-21,14.269328117370605
2021-04-22,13.772388458251953
2021-04-23,13.229583740234375
2021-04-24,13.752118110656738
2021-04-25,17.885652542114258
2021-04-26,21.251523971557617
2021-04-27,17.972251892089844
2021-04-28,15.533778190612793
2021-04-29,14.169553756713867
2021-04-30,18.352439880371094
2021-05-01,26.932621002197266
2021-05-02,25.01616668701172
2021-05-03,20.737808227539062
2021-05-04,23.751497268676758
2021-05-05,26.66309356689453
2021-05-06,21.990943908691406
2021-05-07,18.316425323486328
2021-05-08,17.418148040771484
2021-05-09,16.299789428710938
2021-05-10,15.491703033447266
2021-05-11,15.931640625
2021-05-12,15.972846031188965
2021-05-13,16.18387222290039
2021-05-14,15.782424926757812
2021-05-15,13.925832748413086
2021-05-16,12.737977027893066
2021-05-17,11.9364595413208
2021-05-18,11.386453628540039
2021-05-19,10.935588836669922
2021-05-20,10.433257102966309
2021-05-21,9.879081726074219
2021-05-22,9.384784698486328
2021-05-23,9.061038970947266
2021-05-24,8.773344993591309
2021-05-25,8.491964340209961
2021-05-26,8.411587715148926
2021-05-27,8.31772518157959
2021-05-28,7.948899269104004
2021-05-29,7.919909477233887
2021-05-30,8.659605026245117
2021-05-31,9.248126983642578
2021-06-01,8.617339134216309
2021-06-02,8.022817611694336
2021-06-03,8.055375099182129
2021-06-04,8.945502281188965
2021-06-05,9.694259643554688
2021-06-06,9.26932430267334
2021-06-07,8.274223327636719
2021-06-08,8.013915061950684
2021-06-09,8.386232376098633
2021-06-10,8.9525146484375
2021-06-11,11.071760177612305
2021-06-12,14.690309524536133
2021-06-13,15.854626655578613
2021-06-14,14.198630332946777
2021-06-15,11.744363784790039
2021-06-16,10.340614318847656
2021-06-17,8.703423500061035
2021-06-18,7.597294807434082
2021-06-19,6.974998474121094
2021-06-20,6.653050422668457
2021-06-21,6.693112373352051
2021-06-22,7.174152374267578
2021-06-23,7.75137996673584
2021-06-24,8.025444030761719
2021-06-25,7.130778789520264
2021-06-26,6.38932991027832
2021-06-27,5.977749824523926
2021-06-28,5.709162712097168
2021-06-29,5.4791789054870605
2021-06-30,5.210323333740234
2021-07-01,5.015456199645996
2021-07-02,6.817389011383057
2021-07-03,13.583882331848145
2021-07-04,16.90140724182129
2021-07-05,11.517013549804688
2021-07-06,8.309767723083496
2021-07-07,6.879420757293701
2021-07-08,6.791819095611572
2021-07-09,9.571465492248535
2021-07-10,11.983549118041992
2021-07-11,9.688016891479492
2021-07-12,7.558937072753906
2021-07-13,6.4981160163879395
2021-07-14,6.016598701477051
2021-07-15,6.004987716674805
2021-07-16,5.968625068664551
2021-07-17,5.795541763305664
2021-07-18,6.651660919189453
2021-07-19,9.818076133728027
2021-07-20,13.904623985290527
2021-07-21,13.559924125671387
2021-07-22,9.885453224182129
2021-07-23,7.525032043457031
2021-07-24,6.237000465393066
2021-07-25,5.629236698150635
2021-07-26,5.382451057434082
2021-07-27,5.387060165405273
2021-07-28,5.525425910949707
2021-07-29,5.375783920288086
2021-07-30,5.000751495361328
2021-07-31,4.541746616363525
2021-08-01,4.287333965301514
2021-08-02,4.327408790588379
2021-08-03,4.436881065368652
2021-08-04,4.466187953948975
2021-08-05,4.473708152770996
2021-08-06,4.226258277893066
2021-08-07,4.391848087310791
2021-08-08,5.4789814949035645
2021-08-09,6.104665756225586
2021-08-10,5.259955883026123
2021-08-11,4.637023448944092
2021-08-12,4.395504474639893
2021-08-13,4.279570579528809
2021-08-14,4.282618045806885
2021-08-15,5.120863914489746
2021-08-16,7.379221439361572
2021-08-17,9.727230072021484
2021-08-18,11.008299827575684
2021-08-19,10.246694564819336
2021-08-20,8.302902221679688
2021-08-21,6.763901710510254
2021-08-22,5.952663421630859
2021-08-23,5.3081440925598145
2021-08-24,4.796811580657959
2021-08-25,4.363867282867432
2021-08-26,4.07465934753418
2021-08-27,3.9667887687683105
2021-08-28,3.8508810997009277
2021-08-29,3.602970600128174
2021-08-30,3.399641990661621
2021-08-31,3.2724733352661133
2021-09-01,3.29486346244812
2021-09-02,3.651082754135132
2021-09-03,3.9485602378845215
2021-09-04,3.6561360359191895
2021-09-05,3.368189811706543
2021-09-06,3.2161865234375
2021-09-07,3.1148667335510254
2021-09-08,3.2043702602386475
2021-09-09,3.8350887298583984
2021-09-10,4.73232889175415
2021-09-11,4.636875629425049
2021-09-12,4.016233921051025
2021-09-13,3.588876247406006
2021-09-14,3.2849791049957275
2021-09-15,3.085151195526123
2021-09-16,3.064467430114746
2021-09-17,3.2750608921051025
2021-09-18,3.371713638305664
2021-09-19,3.2655203342437744
2021-09-20,3.149038314819336
2021-09-21,3.3735170364379883
2021-09-22,5.435829162597656
2021-09-23,9.700165748596191
2021-09-24,10.430841445922852
2021-09-25,7.623491287231445
2021-09-26,5.593841075897217
2021-09-27,4.599519729614258
2021-09-28,4.066872596740723
2021-09-29,3.7144551277160645
2021-09-30,3.488530158996582
2021-10-01,3.3370847702026367
2021-10-02,3.2462213039398193
2021-10-03,3.1753973960876465
2021-10-04,3.127838611602783
2021-10-05,3.186877727508545
2021-10-06,3.323765516281128
2021-10-07,3.4930293560028076
2021-10-08,3.736867666244507
2021-10-09,4.725868225097656
2021-10-10,7.036930084228516
2021-10-11,7.932133674621582
2021-10-12,6.338399887084961
2021-10-13,5.200058937072754
2021-10-14,4.536411762237549
2021-10-15,4.117303848266602
2021-10-16,3.831308603286743
2021-10-17,3.6452245712280273
2021-10-18,3.5350844860076904
2021-10-19,3.4202771186828613
2021-10-20,3.330173969268799
2021-10-21,3.2602710723876953
2021-10-22,3.1901485919952393
2021-10-23,3.171592950820923
2021-10-24,3.161363363265991
2021-10-25,3.147205114364624
2021-10-26,3.3244473934173584
2021-10-27,3.5649149417877197
2021-10-28,3.513820171356201
2021-10-29,3.5878405570983887
2021-10-30,3.923351526260376
2021-10-31,4.059726238250732
2021-11-01,3.8486900329589844
2021-11-02,3.727703809738159
2021-11-03,3.631896495819092
2021-11-04,3.630619764328003
2021-11-05,3.8457727432250977
2021-11-06,4.053535461425781
2021-11-07,3.9477624893188477
2021-11-08,3.8539340496063232
2021-11-09,3.8785479068756104
2021-11-10,3.8978757858276367
2021-11-11,3.813431739807129
2021-11-12,3.7925643920898438
2021-11-13,3.87091326713562
2021-11-14,3.9397025108337402
2021-11-15,3.8646178245544434
2021-11-16,3.8028650283813477
2021-11-17,3.855526924133301
2021-11-18,3.8451156616210938
2021-11-19,3.7820169925689697
2021-11-20,3.7413830757141113
2021-11-21,3.7961719036102295
2021-11-22,4.150028705596924
2021-11-23,5.006781578063965
2021-11-24,5.615906238555908
2021-11-25,5.192686080932617
2021-11-26,4.790792942047119
2021-11-27,4.595505237579346
2021-11-28,4.4934773445129395
2021-11-29,4.35223913192749
2021-11-30,4.256303787231445
2021-12-01,4.259673118591309
2021-12-02,4.222252368927002
2021-12-03,4.151980400085449
2021-12-04,4.13990592956543
2021-12-05,4.157828330993652
2021-12-06,4.090486526489258
2021-12-07,4.040574073791504
2021-12-08,4.0490875244140625
2021-12-09,4.18495512008667
2021-12-10,4.316938400268555
2021-12-11,4.335422992706299
2021-12-12,4.811587333679199
2021-12-13,6.041831970214844
2021-12-14,6.348422050476074
2021-12-15,5.71641206741333
2021-12-16,5.281910419464111
2021-12-17,5.0354766845703125
2021-12-18,4.844578742980957
2021-12-19,5.478079319000244
2021-12-20,7.234487533569336
2021-12-21,7.874835014343262
2021-12-22,6.824403762817383
2021-12-23,6.1161909103393555
2021-12-24,5.6620635986328125
2021-12-25,5.3277587890625
2021-12-26,5.057428359985352
2021-12-27,4.889597415924072
2021-12-28,4.844418525695801
2021-12-29,4.770880699157715
2021-12-30,4.807021141052246
2021-12-31,5.229790687561035
2022-01-01,5.506227016448975
2022-01-02,6.935576438903809
2022-01-03,61.175418853759766
2022-01-04,116.32361602783203
2022-01-05,71.3106460571289
2022-01-06,33.985530853271484
2022-01-07,19.695331573486328
2022-01-08,14.232519149780273
2022-01-09,11.674500465393066
2022-01-10,11.722016334533691
2022-01-11,12.744527816772461
2022-01-12,11.687612533569336
2022-01-13,10.104519844055176
2022-01-14,9.118826866149902
2022-01-15,8.46924114227295
2022-01-16,10.384450912475586
2022-01-17,18.020048141479492
2022-01-18,22.746475219726562
2022-01-19,19.691362380981445
2022-01-20,19.526161193847656
2022-01-21,25.715076446533203
2022-01-22,27.836700439453125
2022-01-23,21.99691390991211
2022-01-24,17.570575714111328
2022-01-25,15.669894218444824
2022-01-26,14.479765892028809
2022-01-27,13.097087860107422
2022-01-28,11.611309051513672
2022-01-29,10.860549926757812
2022-01-30,10.513111114501953
2022-01-31,10.029848098754883
2022-02-01,9.538548469543457
2022-02-02,9.201833724975586
2022-02-03,10.140732765197754
2022-02-04,20.913646697998047
2022-02-05,42.62453842163086
2022-02-06,43.545257568359375
2022-02-07,29.61612892150879
2022-02-08,25.178668975830078
2022-02-09,25.338932037353516
2022-02-10,20.939327239990234
2022-02-11,17.35255241394043
2022-02-12,15.12335205078125
2022-02-13,13.820178985595703
2022-02-14,13.00816535949707
2022-02-15,12.318527221679688
2022-02-16,11.424528121948242
2022-02-17,10.89933967590332
2022-02-18,11.247371673583984
2022-02-19,12.718008995056152
2022-02-20,12.836372375488281
2022-02-21,11.578984260559082
2022-02-22,10.742070198059082
2022-02-23,12.188977241516113
2022-02-24,19.52803611755371
2022-02-25,27.100257873535156
2022-02-26,25.71172523498535
2022-02-27,21.202016830444336
2022-02-28,21.256338119506836
2022-03-01,21.13113784790039
2022-03-02,17.66822052001953
2022-03-03,15.061415672302246
2022-03-04,13.44023323059082
2022-03-05,12.365591049194336
2022-03-06,11.540164947509766
2022-03-07,10.88062572479248
2022-03-08,10.803730964660645
2022-03-09,23.39799690246582
2022-03-10,49.72040939331055
2022-03-11,52.70170211791992
2022-03-12,47.517364501953125
2022-03-13,57.754146575927734
2022-03-14,51.429473876953125
2022-03-15,34.0924186706543
2022-03-16,30.85028839111328
2022-03-17,78.45878601074219
2022-03-18,113.81297302246094
2022-03-19,85.24527740478516
2022-03-20,49.73664093017578
2022-03-21,32.29509353637695
2022-03-22,24.255916595458984
2022-03-23,24.164005279541016
2022-03-24,33.81632995605469
2022-03-25,38.654510498046875
2022-03-26,30.435016632080078
2022-03-27,23.483623504638672
2022-03-28,19.367759704589844
2022-03-29,16.880802154541016
2022-03-30,15.274922370910645
2022-03-31,17.977807998657227
2022-04-01,27.446697235107422
2022-04-02,30.21412467956543
2022-04-03,23.400480270385742
2022-04-04,18.8870792388916
2022-04-05,18.54288101196289
2022-04-06,24.643653869628906
2022-04-07,28.83047103881836
2022-04-08,26.10801124572754
2022-04-09,22.47130012512207
2022-04-10,18.813512802124023
2022-04-11,16.304210662841797
2022-04-12,14.708465576171875
2022-04-13,13.743969917297363
2022-04-14,12.994059562683105
2022-04-15,12.370136260986328
2022-04-16,11.77702522277832
2022-04-17,11.435894966125488
2022-04-18,18.229637145996094
2022-04-19,38.360408782958984
2022-04-20,44.163841247558594
2022-04-21,29.924560546875
2022-04-22,21.64188003540039
2022-04-23,17.406688690185547
2022-04-24,14.947906494140625
2022-04-25,13.298415184020996
2022-04-26,12.289239883422852
2022-04-27,11.881854057312012
2022-04-28,11.311751365661621
2022-04-29,10.610283851623535
2022-04-30,10.175936698913574
2022-05-01,10.34166145324707
2022-05-02,11.291406631469727
2022-05-03,11.815448760986328
2022-05-04,10.97981071472168
2022-05-05,10.007548332214355
2022-05-06,9.45808219909668
2022-05-07,10.767870903015137
2022-05-08,13.84847640991211
2022-05-09,14.019020080566406
2022-05-10,11.849392890930176
2022-05-11,10.242959976196289
2022-05-12,9.242398262023926
2022-05-13,8.53193473815918
2022-05-14,8.430196762084961
2022-05-15,8.955564498901367
2022-05-16,9.28543472290039
2022-05-17,8.848339080810547
2022-05-18,8.187593460083008
2022-05-19,7.483495712280273
2022-05-20,7.099149703979492
2022-05-21,7.23593807220459
2022-05-22,7.8103837966918945
2022-05-23,8.617408752441406
2022-05-24,11.69510269165039
2022-05-25,16.623647689819336
2022-05-26,16.312969207763672
2022-05-27,14.25214672088623
2022-05-28,16.44552230834961
2022-05-29,16.439476013183594
2022-05-30,12.395609855651855
2022-05-31,9.78402328491211
2022-06-01,8.324822425842285
2022-06-02,7.349288463592529
2022-06-03,6.907495975494385
2022-06-04,6.722644805908203
2022-06-05,6.3863935470581055
2022-06-06,5.928696155548096
2022-06-07,5.556416034698486
2022-06-08,5.301474571228027
2022-06-09,5.24085807800293
2022-06-10,5.145382881164551
2022-06-11,4.873962879180908
2022-06-12,4.664992809295654
2022-06-13,4.568451404571533
2022-06-14,4.476532459259033
2022-06-15,4.524073600769043
2022-06-16,5.606921672821045
2022-06-17,8.983013153076172
2022-06-18,12.116283416748047
2022-06-19,9.926015853881836
2022-06-20,7.188694477081299
2022-06-21,5.803901672363281
2022-06-22,5.152826309204102
2022-06-23,4.72859525680542
2022-06-24,4.396966457366943
2022-06-25,4.1291632652282715
2022-06-26,3.874454975128174
2022-06-27,3.809382438659668
2022-06-28,3.9671378135681152
2022-06-29,4.0338897705078125
2022-06-30,3.7497236728668213
2022-07-01,3.533564567565918
2022-07-02,3.358820915222168
2022-07-03,3.337297201156616
2022-07-04,3.5210373401641846
2022-07-05,3.692471981048584
2022-07-06,3.8588881492614746
2022-07-07,4.169506549835205
2022-07-08,4.357611179351807
2022-07-09,4.661494731903076
2022-07-10,5.253695487976074
2022-07-11,5.7138190269470215
2022-07-12,5.3618998527526855
2022-07-13,4.7293596267700195
2022-07-14,4.839776515960693
2022-07-15,4.999645709991455
2022-07-16,4.495789051055908
2022-07-17,4.406386375427246
2022-07-18,4.425477981567383
2022-07-19,3.9988818168640137
2022-07-20,3.635712146759033
2022-07-21,3.50547456741333
2022-07-22,3.6657135486602783
2022-07-23,3.7119204998016357
2022-07-24,3.3503432273864746
2022-07-25,3.1326723098754883
2022-07-26,3.3369715213775635
2022-07-27,3.9915592670440674
2022-07-28,4.366567134857178
2022-07-29,4.165870666503906
2022-07-30,3.984074354171753
2022-07-31,4.0543293952941895
2022-08-01,4.506952285766602
2022-08-02,4.891102313995361
2022-08-03,4.370908260345459
2022-08-04,3.6477510929107666
2022-08-05,3.250354528427124
2022-08-06,3.329434633255005
2022-08-07,3.7741408348083496
2022-08-08,3.8285884857177734
2022-08-09,3.39585542678833
2022-08-10,3.135953903198242
2022-08-11,3.213114023208618
2022-08-12,3.2849342823028564
2022-08-13,3.0929388999938965
2022-08-14,2.8066604137420654
2022-08-15,2.695082664489746
2022-08-16,2.9236228466033936
2022-08-17,3.0888829231262207
2022-08-18,2.9090023040771484
2022-08-19,2.680102586746216
2022-08-20,2.5311849117279053
2022-08-21,2.581507921218872
2022-08-22,3.669625759124756
2022-08-23,5.725461483001709
2022-08-24,6.093682765960693
2022-08-25,4.726832389831543
2022-08-26,3.852010726928711
2022-08-27,3.444863796234131
2022-08-28,3.130704402923584
2022-08-29,2.842834949493408
2022-08-30,2.659606456756592
2022-08-31,2.6162350177764893
2022-09-01,2.587630271911621
2022-09-02,2.4106011390686035
2022-09-03,2.245157241821289
2022-09-04,2.1551852226257324
2022-09-05,2.263751983642578
2022-09-06,2.8339407444000244
2022-09-07,3.6411538124084473
2022-09-08,3.706484317779541
2022-09-09,3.3572096824645996
2022-09-10,3.093426465988159
2022-09-11,3.272747039794922
2022-09-12,3.926539897918701
2022-09-13,4.009425640106201
2022-09-14,3.5753207206726074
2022-09-15,3.091571569442749
2022-09-16,2.7447047233581543
2022-09-17,2.5038955211639404
2022-09-18,2.3472352027893066
2022-09-19,2.2449073791503906
2022-09-20,2.145857095718384
2022-09-21,2.0593371391296387
2022-09-22,1.9892216920852661
2022-09-23,1.9491662979125977
2022-09-24,1.9419612884521484
2022-09-25,1.9302330017089844
2022-09-26,1.945123314857483
2022-09-27,1.9528549909591675
2022-09-28,1.9156097173690796
2022-09-29,1.8942592144012451
2022-09-30,2.346149444580078
2022-10-01,5.474815368652344
2022-10-02,10.751251220703125
2022-10-03,10.440857887268066
2022-10-04,7.352838039398193
2022-10-05,5.196535587310791
2022-10-06,4.08494234085083
2022-10-07,3.4668641090393066
2022-10-08,3.1189146041870117
2022-10-09,2.9082837104797363
2022-10-10,2.7605865001678467
2022-10-11,2.6465396881103516
2022-10-12,2.5964407920837402
2022-10-13,2.6935336589813232
2022-10-14,3.039065361022949
2022-10-15,3.283050537109375
2022-10-16,3.1325302124023438
2022-10-17,3.337583065032959
2022-10-18,4.694790840148926
2022-10-19,5.592498779296875
2022-10-20,4.723310947418213
2022-10-21,3.932013750076294
2022-10-22,3.513718366622925
2022-10-23,3.26790714263916
2022-10-24,3.0714080333709717
2022-10-25,2.952796459197998
2022-10-26,2.8736391067504883
2022-10-27,2.855573892593384
2022-10-28,2.7778408527374268
2022-10-29,2.7336227893829346
2022-10-30,2.7489678859710693
2022-10-31,2.8154520988464355
2022-11-01,2.998432159423828
2022-11-02,3.2418317794799805
2022-11-03,3.258836269378662
2022-11-04,3.2342514991760254
2022-11-05,3.1195569038391113
2022-11-06,3.0363657474517822
2022-11-07,3.051844596862793
2022-11-08,3.0705318450927734
2022-11-09,2.984433650970459
2022-11-10,2.9214682579040527
2022-11-11,3.4597198963165283
2022-11-12,5.893385887145996
2022-11-13,8.374225616455078
2022-11-14,6.983229637145996
2022-11-15,5.477513790130615
2022-11-16,5.107952117919922
2022-11-17,5.413405895233154
2022-11-18,4.994922161102295
2022-11-19,4.541186332702637
2022-11-20,4.204960823059082
2022-11-21,4.025484085083008
2022-11-22,3.9450271129608154
2022-11-23,3.8882498741149902
2022-11-24,3.828871488571167
2022-11-25,3.9040064811706543
2022-11-26,4.366074562072754
2022-11-27,5.345182418823242
2022-11-28,7.18880558013916
2022-11-29,8.518635749816895
2022-11-30,8.544984817504883
2022-12-01,12.744503021240234
2022-12-02,15.15690803527832
2022-12-03,11.45761489868164
2022-12-04,9.900152206420898
2022-12-05,9.484542846679688
2022-12-06,7.963964462280273
2022-12-07,7.126512050628662
2022-12-08,7.214228630065918
2022-12-09,7.32588529586792
2022-12-10,6.965456008911133
2022-12-11,6.619994640350342
2022-12-12,6.239398956298828
2022-12-13,5.867133140563965
2022-12-14,5.570366859436035
2022-12-15,7.530538558959961
2022-12-16,16.647354125976562
2022-12-17,22.354900360107422
2022-12-18,16.22235107421875
2022-12-19,11.505088806152344
2022-12-20,9.136039733886719
2022-12-21,7.897344589233398
2022-12-22,10.56943130493164
2022-12-23,23.709518432617188
2022-12-24,31.351253509521484
2022-12-25,21.939775466918945
2022-12-26,15.309688568115234
2022-12-27,11.937835693359375
2022-12-28,10.211670875549316
2022-12-29,9.36629867553711
2022-12-30,8.861631393432617
2022-12-31,9.082374572753906
2023-01-01,11.633914947509766
2023-01-02,13.3781156539917
2023-01-03,11.600733757019043
2023-01-04,12.006322860717773
2023-01-05,20.433122634887695
2023-01-06,27.014318466186523
2023-01-07,19.996591567993164
2023-01-08,14.840503692626953
2023-01-09,14.059054374694824
2023-01-10,14.43417739868164
2023-01-11,12.767516136169434
2023-01-12,11.237927436828613
2023-01-13,13.222146987915039
2023-01-14,19.666929244995117
2023-01-15,20.420913696289062
2023-01-16,15.993956565856934
2023-01-17,13.023188591003418
2023-01-18,12.305059432983398
2023-01-19,11.93863296508789
2023-01-20,10.94499397277832
2023-01-21,10.044855117797852
2023-01-22,9.903287887573242
2023-01-23,14.028249740600586
2023-01-24,18.21167755126953
2023-01-25,20.205013275146484
2023-01-26,29.44462776184082
2023-01-27,32.466182708740234
2023-01-28,23.68555450439453
2023-01-29,17.531917572021484
2023-01-30,17.81089973449707
2023-01-31,23.09080696105957
2023-02-01,26.314231872558594
2023-02-02,26.84720230102539
2023-02-03,25.902786254882812
2023-02-04,22.962783813476562
2023-02-05,18.54281997680664
2023-02-06,15.36559009552002
2023-02-07,13.432998657226562
2023-02-08,12.149713516235352
2023-02-09,11.370699882507324
2023-02-10,10.846050262451172
2023-02-11,10.504106521606445
2023-02-12,22.546628952026367
2023-02-13,59.93193817138672
2023-02-14,72.6675796508789
2023-02-15,44.67095947265625
2023-02-16,28.34867286682129
2023-02-17,26.936155319213867
2023-02-18,37.20567321777344
2023-02-19,37.450584411621094
2023-02-20,27.078699111938477
2023-02-21,21.12502670288086
2023-02-22,18.213672637939453
2023-02-23,16.899158477783203
2023-02-24,15.8822021484375
2023-02-25,14.652240753173828
2023-02-26,15.135223388671875
2023-02-27,15.665854454040527
2023-02-28,14.418402671813965
2023-03-01,13.52769947052002
2023-03-02,17.682523727416992
2023-03-03,34.49214172363281
2023-03-04,49.10685729980469
2023-03-05,45.625736236572266
2023-03-06,31.553321838378906
2023-03-07,22.7276611328125
2023-03-08,18.257299423217773
2023-03-09,15.608489990234375
2023-03-10,14.020992279052734
2023-03-11,13.456809997558594
2023-03-12,13.581219673156738
2023-03-13,15.196365356445312
2023-03-14,16.6265926361084
2023-03-15,14.867219924926758
2023-03-16,13.077247619628906
2023-03-17,12.189973831176758
2023-03-18,14.81820011138916
2023-03-19,17.818811416625977
2023-03-20,16.59575653076172
2023-03-21,14.240569114685059
2023-03-22,12.943439483642578
2023-03-23,13.050792694091797
2023-03-24,12.851065635681152
2023-03-25,12.123480796813965
2023-03-26,11.918153762817383
2023-03-27,12.870277404785156
2023-03-28,14.600820541381836
2023-03-29,15.399049758911133
2023-03-30,14.61076831817627
2023-03-31,13.472457885742188
2023-04-01,13.995986938476562
2023-04-02,15.290264129638672
2023-04-03,14.63543701171875
2023-04-04,12.827230453491211
2023-04-05,11.519701957702637
2023-04-06,10.897345542907715
2023-04-07,16.953859329223633
2023-04-08,54.62117385864258
2023-04-09,93.03997039794922
2023-04-10,82.45359802246094
2023-04-11,48.77793884277344
2023-04-12,31.174514770507812
2023-04-13,22.93158721923828
2023-04-14,19.825693130493164
2023-04-15,21.16790008544922
2023-04-16,21.60984230041504
2023-04-17,18.372970581054688
2023-04-18,15.82803726196289
2023-04-19,13.804466247558594
2023-04-20,12.399567604064941
2023-04-21,11.405582427978516
2023-04-22,11.13299560546875
2023-04-23,12.388946533203125
2023-04-24,13.405052185058594
2023-04-25,12.262157440185547
2023-04-26,10.990739822387695
2023-04-27,10.548165321350098
2023-04-28,17.616111755371094
2023-04-29,33.43470764160156
2023-04-30,41.39733123779297
2023-05-01,42.445152282714844
2023-05-02,37.905235290527344
2023-05-03,26.578140258789062
2023-05-04,19.609346389770508
2023-05-05,15.709720611572266
2023-05-06,13.454946517944336
2023-05-07,12.090924263000488
2023-05-08,11.100749969482422
2023-05-09,10.366601943969727
2023-05-10,9.755130767822266
2023-05-11,9.127778053283691
2023-05-12,8.6197509765625
2023-05-13,8.226239204406738
2023-05-14,7.946608066558838
2023-05-15,7.749669551849365
2023-05-16,7.531722545623779
2023-05-17,7.692967414855957
2023-05-18,7.949497699737549
2023-05-19,7.775783538818359
2023-05-20,7.247212886810303
2023-05-21,6.855799674987793
2023-05-22,6.61616849899292
2023-05-23,6.353527069091797
2023-05-24,6.081564426422119
2023-05-25,5.831227779388428
2023-05-26,5.603615760803223
2023-05-27,5.614084243774414
2023-05-28,6.154557228088379
2023-05-29,7.845545291900635
2023-05-30,10.56595516204834
2023-05-31,11.435070991516113
2023-06-01,9.372551918029785
2023-06-02,7.7804274559021
2023-06-03,6.819958686828613
2023-06-04,6.377715110778809
2023-06-05,6.430100440979004
2023-06-06,6.218623161315918
2023-06-07,5.916656494140625
2023-06-08,6.205569267272949
2023-06-09,6.764684677124023
2023-06-10,6.118511199951172
2023-06-11,5.552509307861328
2023-06-12,5.342209815979004
2023-06-13,5.410367965698242
2023-06-14,5.288411617279053
2023-06-15,4.981850624084473
2023-06-16,4.679096221923828
2023-06-17,4.4569854736328125
2023-06-18,4.209194660186768
2023-06-19,4.293420314788818
2023-06-20,6.6015472412109375
2023-06-21,11.997296333312988
2023-06-22,17.04769515991211
2023-06-23,20.093154907226562
2023-06-24,19.780263900756836
2023-06-25,15.115623474121094
2023-06-26,10.74096965789795
2023-06-27,8.72679328918457
2023-06-28,8.170646667480469
2023-06-29,7.342083930969238
2023-06-30,6.210919380187988
2023-07-01,5.933555603027344
2023-07-02,6.83043098449707
2023-07-03,7.477760314941406
2023-07-04,6.854030132293701
2023-07-05,6.1992573738098145
2023-07-06,5.491180419921875
2023-07-07,5.174726486206055
2023-07-08,5.2400360107421875
2023-07-09,7.2912373542785645
2023-07-10,11.279153823852539
2023-07-11,12.33061408996582
2023-07-12,9.018916130065918
2023-07-13,6.635124206542969
2023-07-14,5.789513111114502
2023-07-15,5.95767068862915
2023-07-16,6.254962921142578
2023-07-17,6.201263427734375
2023-07-18,5.80330753326416
2023-07-19,4.906890392303467
2023-07-20,4.337255954742432
2023-07-21,4.1202497482299805
2023-07-22,3.973227024078369
2023-07-23,3.7580156326293945
2023-07-24,3.737250804901123
2023-07-25,3.9689018726348877
2023-07-26,4.045702934265137
2023-07-27,3.6749184131622314
2023-07-28,3.3349621295928955
2023-07-29,3.183403491973877
2023-07-30,3.303093433380127
2023-07-31,3.6475844383239746
2023-08-01,3.6912989616394043
2023-08-02,3.3729822635650635
2023-08-03,3.1472554206848145
2023-08-04,3.325104236602783
2023-08-05,3.7090187072753906
2023-08-06,3.668728828430176
2023-08-07,3.7345035076141357
2023-08-08,4.122053146362305
2023-08-09,4.007002353668213
2023-08-10,3.68548321723938
2023-08-11,3.9474005699157715
2023-08-12,4.23809814453125
2023-08-13,3.7501072883605957
2023-08-14,3.240281105041504
2023-08-15,3.049555540084839
2023-08-16,3.294530153274536
2023-08-17,3.444417715072632
2023-08-18,3.1076571941375732
2023-08-19,2.7854604721069336
2023-08-20,2.561399221420288
2023-08-21,2.394805908203125
2023-08-22,2.256634473800659
2023-08-23,2.1613237857818604
2023-08-24,2.0955755710601807
2023-08-25,2.1519618034362793
2023-08-26,2.4199366569519043
2023-08-27,2.673394203186035
2023-08-28,3.1203246116638184
2023-08-29,4.33762264251709
2023-08-30,5.577075958251953
2023-08-31,6.010327339172363
2023-09-01,5.763653755187988
2023-09-02,4.634755611419678
2023-09-03,3.6421995162963867
2023-09-04,3.0689477920532227
2023-09-05,2.6959357261657715
2023-09-06,2.4268746376037598
2023-09-07,2.2380449771881104
2023-09-08,2.153200387954712
2023-09-09,2.3245327472686768
2023-09-10,2.8279786109924316
2023-09-11,3.381075382232666
2023-09-12,3.6598379611968994
2023-09-13,4.05500602722168
2023-09-14,4.474031925201416
2023-09-15,3.8997244834899902
2023-09-16,3.217735528945923
2023-09-17,2.8571090698242188
2023-09-18,2.9022531509399414
2023-09-19,2.98987078666687
2023-09-20,2.7562317848205566
2023-09-21,2.5510106086730957
2023-09-22,2.4272756576538086
2023-09-23,2.706979751586914
2023-09-24,3.888134002685547
2023-09-25,4.844232082366943
2023-09-26,4.096904754638672
2023-09-27,3.424855947494507
2023-09-28,3.0449657440185547
2023-09-29,2.789426326751709
2023-09-30,2.587918519973755
2023-10-01,2.406987428665161
2023-10-02,2.2421975135803223
2023-10-03,2.1298294067382812
2023-10-04,2.0496015548706055
2023-10-05,2.002214193344116
2023-10-06,2.0061419010162354
2023-10-07,2.025033473968506
2023-10-08,2.039780616760254
2023-10-09,2.0199825763702393
2023-10-10,1.9808623790740967
2023-10-11,1.950887680053711
2023-10-12,2.0280187129974365
2023-10-13,2.2748825550079346
2023-10-14,2.486762285232544
2023-10-15,2.6785454750061035
2023-10-16,2.7926597595214844
2023-10-17,2.618562698364258
2023-10-18,2.429378032684326
2023-10-19,2.3018293380737305
2023-10-20,2.261375665664673
2023-10-21,2.32133150100708
2023-10-22,2.3590614795684814
2023-10-23,2.2534127235412598
2023-10-24,2.1573739051818848
2023-10-25,2.112654209136963
2023-10-26,2.067624568939209
2023-10-27,2.0295372009277344
2023-10-28,1.9808883666992188
2023-10-29,1.9271368980407715
2023-10-30,1.8737894296646118
2023-10-31,1.8610305786132812
2023-11-01,1.9705328941345215
2023-11-02,2.065725803375244
2023-11-03,2.104804515838623
2023-11-04,2.1579833030700684
2023-11-05,2.2064623832702637
2023-11-06,2.2045440673828125
2023-11-07,2.2029168605804443
2023-11-08,2.1848642826080322
2023-11-09,2.2073545455932617
2023-11-10,2.1930012702941895
2023-11-11,2.2451484203338623
2023-11-12,2.3565282821655273
2023-11-13,2.389622449874878
2023-11-14,2.3806984424591064
2023-11-15,2.343855381011963
2023-11-16,2.387000560760498
2023-11-17,2.4398117065429688
2023-11-18,2.4228360652923584
2023-11-19,2.3900392055511475
2023-11-20,2.397416830062866
2023-11-21,2.4871387481689453
2023-11-22,3.4557831287384033
2023-11-23,5.445278167724609
2023-11-24,5.650777816772461
2023-11-25,4.5794548988342285
2023-11-26,3.8011724948883057
2023-11-27,3.421356439590454
2023-11-28,3.18985652923584
2023-11-29,3.032275915145874
2023-11-30,2.974290609359741
2023-12-01,2.9531264305114746
2023-12-02,2.9622514247894287
2023-12-03,3.068943977355957
2023-12-04,3.2214386463165283
2023-12-05,3.299065589904785
2023-12-06,3.194998264312744
2023-12-07,3.106470823287964
2023-12-08,3.06105375289917
2023-12-09,3.0402731895446777
2023-12-10,3.5595459938049316
2023-12-11,9.539196014404297
2023-12-12,17.6309814453125
2023-12-13,13.611737251281738
2023-12-14,8.83983039855957
2023-12-15,6.527937412261963
2023-12-16,5.513278961181641
2023-12-17,9.382013320922852
2023-12-18,27.573989868164062
2023-12-19,35.69761276245117
2023-12-20,22.381546020507812
2023-12-21,13.245384216308594
2023-12-22,9.470296859741211
2023-12-23,7.72236967086792
2023-12-24,6.795827865600586
2023-12-25,6.219998836517334
2023-12-26,7.042692184448242
2023-12-27,19.497058868408203
2023-12-28,41.47166442871094
2023-12-29,40.427982330322266
2023-12-30,24.117584228515625
2023-12-31,14.990880966186523
2024-01-01,11.01325798034668
2024-01-02,9.047385215759277
2024-01-03,7.894145965576172
2024-01-04,7.24241828918457
2024-01-05,6.818297863006592
2024-01-06,7.149459362030029
2024-01-07,10.414236068725586
2024-01-08,12.851869583129883
2024-01-09,33.57402801513672
2024-01-10,96.48648834228516
2024-01-11,111.43325805664062
2024-01-12,57.789669036865234
2024-01-13,33.04524230957031
2024-01-14,24.72644805908203
2024-01-15,19.383609771728516
2024-01-16,15.653106689453125
2024-01-17,13.715983390808105
2024-01-18,12.274717330932617
2024-01-19,11.03184986114502
2024-01-20,10.266366958618164
2024-01-21,9.58712100982666
2024-01-22,8.881963729858398
2024-01-23,8.305500984191895
2024-01-24,8.081809043884277
2024-01-25,9.249313354492188
2024-01-26,15.19825553894043
2024-01-27,21.155899047851562
2024-01-28,24.907306671142578
2024-01-29,34.858585357666016
2024-01-30,34.311790466308594
2024-01-31,24.098142623901367
2024-02-01,18.326568603515625
2024-02-02,15.302006721496582
2024-02-03,13.28474235534668
2024-02-04,11.720417022705078
2024-02-05,10.641986846923828
2024-02-06,9.981135368347168
2024-02-07,9.40381145477295
2024-02-08,8.896535873413086
2024-02-09,8.616477966308594
2024-02-10,8.691862106323242
2024-02-11,10.601346969604492
2024-02-12,18.234174728393555
2024-02-13,29.043651580810547
2024-02-14,31.289234161376953
2024-02-15,24.267488479614258
2024-02-16,18.04709243774414
2024-02-17,14.728672981262207
2024-02-18,12.722879409790039
2024-02-19,11.31832504272461
2024-02-20,10.29894733428955
2024-02-21,9.622636795043945
2024-02-22,9.187456130981445
2024-02-23,9.21870231628418
2024-02-24,9.891401290893555
2024-02-25,10.156291961669922
2024-02-26,9.53071403503418
2024-02-27,9.499990463256836
2024-02-28,12.039531707763672
2024-02-29,16.687339782714844
2024-03-01,18.446563720703125
2024-03-02,24.088037490844727
2024-03-03,32.852638244628906
2024-03-04,30.504169464111328
2024-03-05,22.560680389404297
2024-03-06,19.10466766357422
2024-03-07,22.849172592163086
2024-03-08,25.596454620361328
2024-03-09,26.7210693359375
2024-03-10,41.094913482666016
2024-03-11,45.698646545410156
2024-03-12,31.235027313232422
2024-03-13,22.011974334716797
2024-03-14,17.424297332763672
2024-03-15,15.329580307006836
2024-03-16,14.861480712890625
2024-03-17,14.286686897277832
2024-03-18,13.22460651397705
2024-03-19,12.196281433105469
2024-03-20,11.33228874206543
2024-03-21,10.591385841369629
2024-03-22,10.056344985961914
2024-03-23,13.896297454833984
2024-03-24,25.419706344604492
2024-03-25,28.897689819335938
2024-03-26,21.509357452392578
2024-03-27,20.0578670501709
2024-03-28,31.924942016601562
2024-03-29,35.619991302490234
2024-03-30,26.587017059326172
2024-03-31,19.826946258544922
2024-04-01,16.12217903137207
2024-04-02,14.082934379577637
2024-04-03,13.877717018127441
2024-04-04,16.02971649169922
2024-04-05,16.958757400512695
2024-04-06,14.681650161743164
2024-04-07,12.755463600158691
2024-04-08,11.444271087646484
2024-04-09,10.93966007232666
2024-04-10,11.094808578491211
2024-04-11,11.418725967407227
2024-04-12,12.681169509887695
2024-04-13,14.450336456298828
2024-04-14,13.272612571716309
2024-04-15,11.503683090209961
2024-04-16,10.365809440612793
2024-04-17,9.727097511291504
2024-04-18,9.201807022094727
2024-04-19,8.631023406982422
2024-04-20,8.207944869995117
2024-04-21,8.230265617370605
2024-04-22,9.177068710327148
2024-04-23,9.99821662902832
2024-04-24,9.18587589263916
2024-04-25,8.550034523010254
2024-04-26,7.982281684875488
2024-04-27,7.593623161315918
2024-04-28,7.270556926727295
2024-04-29,6.9119486808776855
2024-04-30,6.546394348144531
2024-05-01,6.310136795043945
2024-05-02,6.15275239944458
2024-05-03,5.864121913909912
2024-05-04,5.830898761749268
2024-05-05,9.693214416503906
2024-05-06,19.6644229888916
2024-05-07,24.967792510986328
2024-05-08,21.663772583007812
2024-05-09,18.715242385864258
2024-05-10,17.25004005432129
2024-05-11,15.43587875366211
2024-05-12,12.120574951171875
2024-05-13,9.951056480407715
2024-05-14,11.23943042755127
2024-05-15,22.236587524414062
2024-05-16,29.768497467041016
2024-05-17,23.502182006835938
2024-05-18,19.064292907714844
2024-05-19,18.05708885192871
2024-05-20,16.31382942199707
2024-05-21,13.012980461120605
2024-05-22,10.604007720947266
2024-05-23,9.183671951293945
2024-05-24,9.003862380981445
2024-05-25,9.730952262878418
2024-05-26,9.854219436645508
2024-05-27,10.357416152954102
2024-05-28,12.612190246582031
2024-05-29,12.698417663574219
2024-05-30,9.999423027038574
2024-05-31,8.214694023132324
2024-06-01,7.154454708099365
2024-06-02,6.4612579345703125
2024-06-03,6.236617565155029
2024-06-04,6.4659833908081055
2024-06-05,6.605140686035156
2024-06-06,6.265867710113525
2024-06-07,5.865086555480957
2024-06-08,5.4614033699035645
2024-06-09,4.996699333190918
2024-06-10,4.7462873458862305
2024-06-11,4.638075351715088
2024-06-12,4.4294753074646
2024-06-13,4.170310020446777
2024-06-14,3.9307620525360107
2024-06-15,3.7192203998565674
2024-06-16,3.5252556800842285
2024-06-17,3.3660387992858887
2024-06-18,3.273205518722534
2024-06-19,3.1685523986816406
2024-06-20,3.0282740592956543
2024-06-21,2.8908257484436035
2024-06-22,2.7688965797424316
2024-06-23,2.6313772201538086
2024-06-24,2.532656669616699
2024-06-25,2.440450429916382
2024-06-26,2.3381056785583496
2024-06-27,2.2686429023742676
2024-06-28,2.249115467071533
2024-06-29,2.2437543869018555
2024-06-30,2.2194859981536865
2024-07-01,2.3825528621673584
2024-07-02,2.6486892700195312
2024-07-03,2.532749652862549
2024-07-04,2.293898105621338
2024-07-05,2.1658828258514404
2024-07-06,2.1634628772735596
2024-07-07,2.4333488941192627
2024-07-08,3.065513849258423
2024-07-09,3.6090428829193115
2024-07-10,3.372377872467041
2024-07-11,2.8813416957855225
2024-07-12,2.6208910942077637
2024-07-13,2.7950639724731445
2024-07-14,3.073918104171753
2024-07-15,2.794217586517334
2024-07-16,2.4598820209503174
2024-07-17,2.2871551513671875
2024-07-18,2.377162218093872
2024-07-19,2.9369335174560547
2024-07-20,3.9948842525482178
2024-07-21,5.317143440246582
2024-07-22,6.422328948974609
2024-07-23,6.4893798828125
2024-07-24,6.613112449645996
2024-07-25,8.247499465942383
2024-07-26,11.317445755004883
2024-07-27,11.207840919494629
2024-07-28,7.853641510009766
2024-07-29,5.831630706787109
2024-07-30,5.672833442687988
2024-07-31,6.0458760261535645
2024-08-01,5.194678783416748
2024-08-02,4.2288641929626465
2024-08-03,4.105570316314697
2024-08-04,5.236082553863525
2024-08-05,5.951303482055664
2024-08-06,5.141223907470703
2024-08-07,4.7446393966674805
2024-08-08,35.18864440917969
2024-08-09,133.33140563964844
2024-08-10,180.255615234375
2024-08-11,87.19805145263672
2024-08-12,39.86692428588867
2024-08-13,21.860172271728516
2024-08-14,14.816104888916016
2024-08-15,11.638535499572754
2024-08-16,9.583684921264648
2024-08-17,8.298722267150879
2024-08-18,7.79619836807251
2024-08-19,7.643426895141602
2024-08-20,7.281122207641602
2024-08-21,6.677784442901611
2024-08-22,5.974144458770752
2024-08-23,5.461366176605225
2024-08-24,5.109230995178223
2024-08-25,4.771170616149902
2024-08-26,4.456363201141357
2024-08-27,4.170886039733887
2024-08-28,3.9300503730773926
2024-08-29,3.7176694869995117
2024-08-30,3.6637558937072754
2024-08-31,4.023913860321045
2024-09-01,4.770102500915527
2024-09-02,5.996562957763672
2024-09-03,6.974423408508301
2024-09-04,6.222539901733398
2024-09-05,5.182288646697998
2024-09-06,4.524345397949219
2024-09-07,4.091822624206543
2024-09-08,3.842726469039917
2024-09-09,3.6391348838806152
2024-09-10,3.4433112144470215
2024-09-11,3.2626113891601562
2024-09-12,3.119359254837036
2024-09-13,3.0754714012145996
2024-09-14,3.1302497386932373
2024-09-15,3.1711812019348145
2024-09-16,3.5027899742126465
2024-09-17,7.333559036254883
2024-09-18,14.368768692016602
2024-09-19,15.433586120605469
2024-09-20,11.335484504699707
2024-09-21,8.655391693115234
2024-09-22,7.084877014160156
2024-09-23,5.990152835845947
2024-09-24,5.472992897033691
2024-09-25,9.573162078857422
2024-09-26,25.485008239746094
2024-09-27,60.57342529296875
2024-09-28,90.505859375
2024-09-29,71.57601165771484
2024-09-30,39.8476676940918
2024-10-01,26.814769744873047
2024-10-02,20.554073333740234
2024-10-03,15.996880531311035
2024-10-04,12.913711547851562
2024-10-05,10.896068572998047
2024-10-06,9.520036697387695
2024-10-07,8.515408515930176
2024-10-08,7.698644638061523
2024-10-09,7.072901725769043
2024-10-10,6.598812580108643
2024-10-11,6.2724528312683105
2024-10-12,5.939703941345215
2024-10-13,5.627570152282715
2024-10-14,5.381523132324219
2024-10-15,5.240408897399902
2024-10-16,5.203556060791016
2024-10-17,5.2052717208862305
2024-10-18,5.052484512329102
2024-10-19,4.849952220916748
2024-10-20,4.689571857452393
2024-10-21,4.5876240730285645
2024-10-22,4.509754180908203
2024-10-23,4.424264430999756
2024-10-24,4.317914962768555
2024-10-25,4.21674919128418
2024-10-26,4.140239715576172
2024-10-27,4.095602989196777
2024-10-28,4.148517608642578
2024-10-29,4.155449867248535
2024-10-30,4.091812610626221
2024-10-31,3.987837314605713
2024-11-01,3.9347057342529297
2024-11-02,3.944850206375122
2024-11-03,3.955967903137207
2024-11-04,3.9630794525146484
2024-11-05,4.013371467590332
2024-11-06,4.032517910003662
2024-11-07,4.198397636413574
2024-11-08,5.085477828979492
2024-11-09,5.815203666687012
2024-11-10,5.4017181396484375
2024-11-11,5.256412506103516
2024-11-12,5.639875411987305
2024-11-13,5.761348724365234
2024-11-14,5.953086853027344
2024-11-15,8.011829376220703
2024-11-16,9.969271659851074
2024-11-17,8.659945487976074
2024-11-18,7.24531888961792
2024-11-19,6.429531574249268
2024-11-20,6.0991973876953125
2024-11-21,6.5310235023498535
2024-11-22,7.098600387573242
2024-11-23,6.637894153594971
2024-11-24,6.039116859436035
2024-11-25,5.705758571624756
2024-11-26,5.488966941833496
2024-11-27,5.470773696899414
2024-11-28,5.534679889678955
2024-11-29,5.5015177726745605
2024-11-30,5.465262413024902
2024-12-01,5.275076866149902
2024-12-02,5.123960494995117
2024-12-03,5.049783706665039
2024-12-04,4.990070343017578
2024-12-05,4.869673252105713
2024-12-06,4.7676239013671875
2024-12-07,4.755892753601074
2024-12-08,4.699375152587891
2024-12-09,4.777753829956055
2024-12-10,5.315875053405762
2024-12-11,32.23956298828125
2024-12-12,94.92375183105469
2024-12-13,98.96324920654297
2024-12-14,49.88408279418945
2024-12-15,27.908527374267578
2024-12-16,19.02792739868164
2024-12-17,14.934674263000488
2024-12-18,12.97343635559082
2024-12-19,11.737648010253906
2024-12-20,10.849000930786133
2024-12-21,10.066790580749512
2024-12-22,9.390777587890625
2024-12-23,8.788202285766602
2024-12-24,8.250755310058594
2024-12-25,7.890381813049316
2024-12-26,7.604835033416748
2024-12-27,7.371691703796387
2024-12-28,7.346591949462891
2024-12-29,8.591668128967285
2024-12-30,11.90758228302002
2024-12-31,13.635202407836914
2025-01-01,12.13803482055664
2025-01-02,10.637495994567871
2025-01-03,9.478179931640625
2025-01-04,8.757475852966309
2025-01-05,8.25535774230957
2025-01-06,8.106972694396973
2025-01-07,8.740152359008789
2025-01-08,9.261141777038574
2025-01-09,8.792269706726074
2025-01-10,8.247309684753418
2025-01-11,8.179166793823242
2025-01-12,8.706660270690918
2025-01-13,8.862126350402832
2025-01-14,8.640710830688477
2025-01-15,8.384416580200195
2025-01-16,8.009908676147461
2025-01-17,7.639123916625977
2025-01-18,7.478567600250244
2025-01-19,7.4219770431518555
2025-01-20,7.393714904785156
2025-01-21,7.378731727600098
2025-01-22,7.184444427490234
2025-01-23,6.969580173492432
2025-01-24,6.734832286834717
2025-01-25,6.588764190673828
2025-01-26,6.49586820602417
2025-01-27,6.587643623352051
2025-01-28,6.665246486663818
2025-01-29,6.592615127563477
2025-01-30,6.526429176330566
2025-01-31,6.734043121337891
2025-02-01,18.034069061279297
2025-02-02,36.752197265625
2025-02-03,35.54146957397461
2025-02-04,23.428855895996094
2025-02-05,16.51131820678711
2025-02-06,13.224475860595703
2025-02-07,11.873428344726562
2025-02-08,10.993728637695312
2025-02-09,10.049385070800781
2025-02-10,9.556049346923828
2025-02-11,9.724486351013184
2025-02-12,17.33860206604004
2025-02-13,45.72019958496094
2025-02-14,69.5333023071289
2025-02-15,57.31959533691406
2025-02-16,50.77947235107422
2025-02-17,56.862701416015625
2025-02-18,45.49798583984375
2025-02-19,30.64944839477539
2025-02-20,23.67629623413086
2025-02-21,20.241119384765625
2025-02-22,16.869659423828125
2025-02-23,14.716949462890625
2025-02-24,13.367383003234863
2025-02-25,12.41646957397461
2025-02-26,11.788545608520508
2025-02-27,11.428792953491211
2025-02-28,11.638394355773926
2025-03-01,11.499652862548828
2025-03-02,10.943861961364746
2025-03-03,10.28554916381836
2025-03-04,9.729459762573242
2025-03-05,12.074095726013184
2025-03-06,20.222545623779297
2025-03-07,22.87584686279297
2025-03-08,18.165115356445312
2025-03-09,14.872812271118164
2025-03-10,13.01047134399414
2025-03-11,12.276416778564453
2025-03-12,11.569753646850586
2025-03-13,10.682985305786133
2025-03-14,10.086769104003906
2025-03-15,9.622797966003418
2025-03-16,12.125679016113281
2025-03-17,24.378189086914062
2025-03-18,27.619186401367188
2025-03-19,20.500656127929688
2025-03-20,16.09764862060547
2025-03-21,14.616032600402832
2025-03-22,13.185652732849121
2025-03-23,11.613365173339844
2025-03-24,11.140955924987793
2025-03-25,12.150930404663086
2025-03-26,12.46008586883545
2025-03-27,11.237177848815918
2025-03-28,10.149345397949219
2025-03-29,9.44920825958252
2025-03-30,8.94127082824707
2025-03-31,9.327887535095215
2025-04-01,11.92321491241455
2025-04-02,13.955490112304688
2025-04-03,12.148201942443848
2025-04-04,10.626317977905273
2025-04-05,9.537406921386719
2025-04-06,8.68700885772705
2025-04-07,17.543052673339844
2025-04-08,69.85433197021484
2025-04-09,88.49620819091797
2025-04-10,54.59342956542969
2025-04-11,52.323638916015625
2025-04-12,60.93586730957031
2025-04-13,51.74555206298828
2025-04-14,34.40155792236328
2025-04-15,23.925975799560547
2025-04-16,18.69424819946289
2025-04-17,15.648946762084961
2025-04-18,13.573203086853027
2025-04-19,12.189964294433594
2025-04-20,11.141660690307617
2025-04-21,10.264588356018066
2025-04-22,9.663980484008789
2025-04-23,9.366615295410156
2025-04-24,9.143035888671875
2025-04-25,8.752833366394043
2025-04-26,8.517271041870117
2025-04-27,8.47860336303711
2025-04-28,8.147956848144531
2025-04-29,7.479937553405762
2025-04-30,7.031432628631592
2025-05-01,6.825582504272461
2025-05-02,6.867245197296143
2025-05-03,7.06486701965332
2025-05-04,9.481203079223633
2025-05-05,14.31658935546875
2025-05-06,14.241035461425781
2025-05-07,10.949859619140625
2025-05-08,8.923846244812012
2025-05-09,9.350273132324219
2025-05-10,11.89271354675293
2025-05-11,12.69741439819336
2025-05-12,17.2486629486084
2025-05-13,45.82221603393555
2025-05-14,71.36444091796875
2025-05-15,59.945945739746094
2025-05-16,40.26899337768555
2025-05-17,26.78927230834961
2025-05-18,22.505224227905273
2025-05-19,19.447643280029297
2025-05-20,14.89663314819336
2025-05-21,12.810864448547363
2025-05-22,13.116381645202637
2025-05-23,12.857057571411133
2025-05-24,10.6776762008667
2025-05-25,9.148078918457031
2025-05-26,8.16392707824707
2025-05-27,8.665470123291016
2025-05-28,14.168426513671875
2025-05-29,21.869709014892578
2025-05-30,28.24995994567871
2025-05-31,34.46699905395508
2025-06-01,30.43399429321289
2025-06-02,20.507320404052734
2025-06-03,14.802644729614258
2025-06-04,11.568037033081055
2025-06-05,11.79942512512207
2025-06-06,16.904930114746094
2025-06-07,21.802398681640625
2025-06-08,25.379125595092773
2025-06-09,25.74033546447754
2025-06-10,20.144729614257812
2025-06-11,17.791156768798828
2025-06-12,16.873998641967773
2025-06-13,14.814205169677734
2025-06-14,13.958605766296387
2025-06-15,14.785398483276367
2025-06-16,18.889307022094727
2025-06-17,26.929767608642578
2025-06-18,28.82673454284668
2025-06-19,22.24740982055664
2025-06-20,16.65007972717285
2025-06-21,13.435617446899414
2025-06-22,10.523771286010742
2025-06-23,8.638299942016602
2025-06-24,7.430256366729736
2025-06-25,6.659926414489746
2025-06-26,6.285748481750488
2025-06-27,6.305676460266113
2025-06-28,7.013068199157715
2025-06-29,8.884007453918457
2025-06-30,9.975048065185547
2025-07-01,8.928085327148438
2025-07-02,11.492549896240234
2025-07-03,18.79401206970215
2025-07-04,19.591102600097656
2025-07-05,13.016620635986328
2025-07-06,13.07529067993164
2025-07-07,59.086952209472656
2025-07-08,85.44518280029297
2025-07-09,60.880088806152344
2025-07-10,57.592933654785156
2025-07-11,69.72815704345703
2025-07-12,57.040306091308594
2025-07-13,35.71735382080078
2025-07-14,26.460176467895508
2025-07-15,31.520671844482422
2025-07-16,50.240684509277344
2025-07-17,55.701995849609375
2025-07-18,44.363121032714844
2025-07-19,38.7116584777832
2025-07-20,40.414573669433594
2025-07-21,39.47152328491211
2025-07-22,36.537418365478516
2025-07-23,30.750473022460938
2025-07-24,21.417945861816406
2025-07-25,15.259122848510742
2025-07-26,12.123698234558105
2025-07-27,10.34787368774414
2025-07-28,9.371694564819336
2025-07-29,8.801359176635742
2025-07-30,8.656168937683105
2025-07-31,8.66496467590332
2025-08-01,8.590164184570312
2025-08-02,9.815027236938477
2025-08-03,11.441559791564941
2025-08-04,10.484306335449219
2025-08-05,9.917438507080078
2025-08-06,14.036221504211426
2025-08-07,20.785648345947266
2025-08-08,20.07720947265625
2025-08-09,15.470043182373047
2025-08-10,11.702900886535645
2025-08-11,10.405725479125977
2025-08-12,12.78580093383789
2025-08-13,15.764802932739258
2025-08-14,15.993902206420898
2025-08-15,15.174152374267578
2025-08-16,12.709695816040039
2025-08-17,10.295551300048828
2025-08-18,8.718711853027344
2025-08-19,7.710590362548828
2025-08-20,7.026877403259277
2025-08-21,6.513609886169434
2025-08-22,6.198762893676758
2025-08-23,6.070208549499512
2025-08-24,5.949801445007324
2025-08-25,5.754487991333008
2025-08-26,5.575855731964111
2025-08-27,5.363109111785889
2025-08-28,5.1400651931762695
2025-08-29,4.941020965576172
2025-08-30,4.760925769805908
2025-08-31,4.568176746368408
2025-09-01,4.401152610778809
2025-09-02,4.229931354522705
2025-09-03,4.114999771118164
2025-09-04,4.153045654296875
2025-09-05,4.3830718994140625
2025-09-06,4.6594719886779785
2025-09-07,5.172242164611816
2025-09-08,5.887340545654297
2025-09-09,5.716578960418701
2025-09-10,5.063908576965332
2025-09-11,4.6090922355651855
2025-09-12,4.296610355377197
2025-09-13,4.069692611694336
2025-09-14,3.8665666580200195
2025-09-15,3.6798150539398193
2025-09-16,3.574392080307007
2025-09-17,3.5265073776245117
2025-09-18,3.5238053798675537
2025-09-19,3.4975340366363525
2025-09-20,3.348745346069336
2025-09-21,3.1949691772460938
2025-09-22,3.103520154953003
2025-09-23,3.033707857131958
2025-09-24,2.9367103576660156
2025-09-25,2.8842084407806396
2025-09-26,3.0173070430755615
2025-09-27,4.310658931732178
2025-09-28,7.242406845092773
2025-09-29,8.828317642211914
2025-09-30,10.153922080993652
2025-10-01,14.426643371582031
2025-10-02,14.205750465393066
2025-10-03,9.63595962524414
2025-10-04,6.9527812004089355
2025-10-05,5.647839069366455
2025-10-06,4.95297908782959
2025-10-07,4.50797176361084
2025-10-08,4.230933666229248
2025-10-09,4.059208869934082
2025-10-10,3.9115662574768066
2025-10-11,3.8119008541107178
2025-10-12,3.9500136375427246
2025-10-13,4.499560832977295
2025-10-14,4.842584133148193
2025-10-15,4.485358238220215
2025-10-16,4.087614059448242
2025-10-17,3.8241684436798096
2025-10-18,3.650110960006714
2025-10-19,3.5237207412719727
2025-10-20,3.449652671813965
2025-10-21,3.3915395736694336
2025-10-22,3.299776792526245
2025-10-23,3.242299795150757
2025-10-24,3.173037528991699
2025-10-25,3.103090286254883
2025-10-26,3.076096296310425
2025-10-27,3.4106969833374023
2025-10-28,6.799501419067383
2025-10-29,12.063376426696777
2025-10-30,13.11689567565918
2025-10-31,12.249265670776367
2025-11-01,10.490208625793457
2025-11-02,8.1669921875
2025-11-03,6.970965385437012
2025-11-04,6.612360000610352
2025-11-05,6.20759391784668
2025-11-06,5.663803577423096
2025-11-07,5.248156547546387
2025-11-08,5.216817855834961
2025-11-09,5.538352966308594
2025-11-10,5.924557685852051
2025-11-11,5.767450332641602
2025-11-12,5.435195446014404
2025-11-13,5.098260879516602
2025-11-14,4.889020919799805
2025-11-15,4.799279689788818
2025-11-16,4.676661968231201
2025-11-17,4.502995491027832
2025-11-18,4.431426525115967
2025-11-19,4.4351654052734375
2025-11-20,4.427603244781494
2025-11-21,4.515707015991211
2025-11-22,4.686657428741455
2025-11-23,4.869592189788818
2025-11-24,4.82665491104126
2025-11-25,4.701870918273926
2025-11-26,4.661561489105225
2025-11-27,4.82319974899292
2025-11-28,4.959076881408691
2025-11-29,4.74862003326416
2025-11-30,4.581758499145508
2025-12-01,4.494854927062988
2025-12-02,5.1415839195251465
2025-12-03,7.424874305725098
2025-12-04,9.014753341674805
2025-12-05,7.994121074676514
2025-12-06,7.417237281799316
2025-12-07,7.305809020996094
2025-12-08,6.816975116729736
2025-12-09,6.842259407043457
2025-12-10,7.037439823150635
2025-12-11,6.650842666625977
2025-12-12,6.295191764831543
2025-12-13,6.020841598510742
2025-12-14,5.843674659729004
2025-12-15,5.745197772979736
2025-12-16,5.646139621734619
2025-12-17,5.490109443664551
2025-12-18,5.54862117767334
2025-12-19,8.09524154663086
2025-12-20,12.342320442199707
2025-12-21,12.304080963134766
2025-12-22,9.966449737548828
2025-12-23,8.367440223693848
2025-12-24,7.512052536010742
2025-12-25,6.931746006011963
2025-12-26,6.616121768951416
2025-12-27,6.40864372253418
2025-12-28,6.16507625579834
2025-12-29,5.98663330078125
2025-12-30,5.865974426269531
2025-12-31,5.732053756713867