Date,Flow
1980-01-01,0.4037711024284363
1980-01-02,0.3900718092918396
1980-01-03,0.3789437711238861
1980-01-04,0.37364661693573
1980-01-05,0.4275742769241333
1980-01-06,0.46679842472076416
1980-01-07,0.45099112391471863
1980-01-08,0.43812036514282227
1980-01-09,0.4762159585952759
1980-01-10,0.49511098861694336
1980-01-11,0.6866632103919983
1980-01-12,2.1768240928649902
1980-01-13,2.439614772796631
1980-01-14,2.006053924560547
1980-01-15,2.0308244228363037
1980-01-16,1.5309159755706787
1980-01-17,1.1472547054290771
1980-01-18,2.442875385284424
1980-01-19,5.1179304122924805
1980-01-20,3.394127368927002
1980-01-21,2.0071732997894287
1980-01-22,1.4789350032806396
1980-01-23,2.4186768531799316
1980-01-24,2.81577467918396
1980-01-25,2.0531911849975586
1980-01-26,1.4902600049972534
1980-01-27,1.2043319940567017
1980-01-28,1.0943182706832886
1980-01-29,0.9787982106208801
1980-01-30,0.8871519565582275
1980-01-31,0.8841201066970825
1980-02-01,0.8617584705352783
1980-02-02,0.8050076961517334
1980-02-03,0.7486736178398132
1980-02-04,0.7172002792358398
1980-02-05,0.6736018657684326
1980-02-06,0.6564263105392456
1980-02-07,0.677046537399292
1980-02-08,0.6726512908935547
1980-02-09,0.6848737597465515
1980-02-10,1.2813324928283691
1980-02-11,1.4168609380722046
1980-02-12,1.2623182535171509
1980-02-13,1.1353957653045654
1980-02-14,1.0529701709747314
1980-02-15,1.0245740413665771
1980-02-16,1.057442545890808
1980-02-17,1.059783935546875
1980-02-18,0.9177429676055908
1980-02-19,0.822899341583252
1980-02-20,0.7925916910171509
1980-02-21,0.7851828336715698
1980-02-22,0.8402803540229797
1980-02-23,0.8459608554840088
1980-02-24,0.8340973258018494
1980-02-25,0.8509393930435181
1980-02-26,0.9788893461227417
1980-02-27,0.9641106128692627
1980-02-28,0.8756952881813049
1980-02-29,0.8175936341285706
1980-03-01,0.7469457387924194
1980-03-02,0.747881293296814
1980-03-03,0.8044950366020203
1980-03-04,0.8768434524536133
1980-03-05,1.1915266513824463
1980-03-06,1.7578388452529907
1980-03-07,1.7310123443603516
1980-03-08,1.7530869245529175
1980-03-09,2.414479970932007
1980-03-10,1.998290777206421
1980-03-11,1.60459303855896
1980-03-12,1.2965848445892334
1980-03-13,1.168756127357483
1980-03-14,1.3307514190673828
1980-03-15,1.2367204427719116
1980-03-16,1.1004692316055298
1980-03-17,1.1073079109191895
1980-03-18,3.929877519607544
1980-03-19,4.219357013702393
1980-03-20,3.420926094055176
1980-03-21,6.776674747467041
1980-03-22,5.8801398277282715
1980-03-23,3.6079466342926025
1980-03-24,3.2202513217926025
1980-03-25,4.131633758544922
1980-03-26,3.0607588291168213
1980-03-27,2.191924571990967
1980-03-28,1.6819617748260498
1980-03-29,2.384617328643799
1980-03-30,3.948596954345703
1980-03-31,4.398504257202148
1980-04-01,3.079663038253784
1980-04-02,2.148656129837036
1980-04-03,1.660496473312378
1980-04-04,1.412218451499939
1980-04-05,1.2360796928405762
1980-04-06,1.0827326774597168
1980-04-07,1.0062532424926758
1980-04-08,0.9680614471435547
1980-04-09,1.1189823150634766
1980-04-10,1.1614036560058594
1980-04-11,1.021802306175232
1980-04-12,0.9553641080856323
1980-04-13,1.1471095085144043
1980-04-14,1.5678038597106934
1980-04-15,1.8218570947647095
1980-04-16,1.4945952892303467
1980-04-17,1.158475637435913
1980-04-18,0.9634387493133545
1980-04-19,0.8607500195503235
1980-04-20,0.7890958786010742
1980-04-21,0.7373037338256836
1980-04-22,0.6944924592971802
1980-04-23,0.6656129360198975
1980-04-24,0.6287976503372192
1980-04-25,0.6001014709472656
1980-04-26,0.5858340859413147
1980-04-27,0.5842121839523315
1980-04-28,0.5854085683822632
1980-04-29,0.5938912630081177
1980-04-30,0.6106418967247009
1980-05-01,0.5711833834648132
1980-05-02,0.5269820094108582
1980-05-03,0.4922162890434265
1980-05-04,0.4697202146053314
1980-05-05,0.4468950033187866
1980-05-06,0.42837151885032654
1980-05-07,0.41366344690322876
1980-05-08,0.39007073640823364
1980-05-09,0.3719349503517151
1980-05-10,0.3537047505378723
1980-05-11,0.35285699367523193
1980-05-12,0.34645357728004456
1980-05-13,0.33581793308258057
1980-05-14,0.3599907159805298
1980-05-15,0.4013616144657135
1980-05-16,0.3732859194278717
1980-05-17,0.3340624272823334
1980-05-18,0.540188193321228
1980-05-19,0.8716487884521484
1980-05-20,1.1182314157485962
1980-05-21,2.7064318656921387
1980-05-22,2.0904152393341064
1980-05-23,1.3894007205963135
1980-05-24,1.373499870300293
1980-05-25,1.4524095058441162
1980-05-26,1.4137141704559326
1980-05-27,1.0395071506500244
1980-05-28,0.7500382661819458
1980-05-29,0.5961679816246033
1980-05-30,0.5045703649520874
1980-05-31,0.4518100619316101
1980-06-01,0.416680246591568
1980-06-02,0.38452738523483276
1980-06-03,0.35556066036224365
1980-06-04,0.31999436020851135
1980-06-05,0.2930193841457367
1980-06-06,0.27270323038101196
1980-06-07,0.2841944992542267
1980-06-08,0.32773134112358093
1980-06-09,0.32215410470962524
1980-06-10,0.28608328104019165
1980-06-11,0.2612416744232178
1980-06-12,0.2419396936893463
1980-06-13,0.22410885989665985
1980-06-14,0.21153603494167328
1980-06-15,0.20151810348033905
1980-06-16,0.1965390145778656
1980-06-17,0.21575327217578888
1980-06-18,0.33555373549461365
1980-06-19,0.5002740025520325
1980-06-20,0.4224073588848114
1980-06-21,0.3233064115047455
1980-06-22,0.2672363817691803
1980-06-23,0.2315692901611328
1980-06-24,0.2089594155550003
1980-06-25,0.41973602771759033
1980-06-26,1.409623622894287
1980-06-27,1.858887791633606
1980-06-28,1.132166862487793
1980-06-29,0.6747835874557495
1980-06-30,0.5314337015151978
1980-07-01,0.41650301218032837
1980-07-02,0.33832186460494995
1980-07-03,0.2991551458835602
1980-07-04,0.3020501434803009
1980-07-05,0.3216981589794159
1980-07-06,0.31117749214172363
1980-07-07,0.26969242095947266
1980-07-08,0.23017334938049316
1980-07-09,0.25461676716804504
1980-07-10,0.46190738677978516
1980-07-11,0.5520194172859192
1980-07-12,0.42731529474258423
1980-07-13,0.38201257586479187
1980-07-14,0.4236829876899719
1980-07-15,0.34122708439826965
1980-07-16,0.27225956320762634
1980-07-17,0.24993549287319183
1980-07-18,0.32122206687927246
1980-07-19,0.3666360080242157
1980-07-20,0.3043104410171509
1980-07-21,0.23791922628879547
1980-07-22,0.20614385604858398
1980-07-23,0.2868891656398773
1980-07-24,0.5351437330245972
1980-07-25,0.48465341329574585
1980-07-26,0.3454028367996216
1980-07-27,0.2566530704498291
1980-07-28,0.20625366270542145
1980-07-29,0.18816359341144562
1980-07-30,0.17241419851779938
1980-07-31,0.154988631606102
1980-08-01,0.15944215655326843
1980-08-02,0.1833086609840393
1980-08-03,0.1709330976009369
1980-08-04,0.16174235939979553
1980-08-05,0.16059330105781555
1980-08-06,0.14968416094779968
1980-08-07,0.13627681136131287
1980-08-08,0.12402835488319397
1980-08-09,0.11488759517669678
1980-08-10,0.1094912737607956
1980-08-11,0.10399709641933441
1980-08-12,0.1003495454788208
1980-08-13,0.09891415387392044
1980-08-14,0.10419228672981262
1980-08-15,0.11814793944358826
1980-08-16,0.11789191514253616
1980-08-17,0.10977640748023987
1980-08-18,0.10340194404125214
1980-08-19,0.12765377759933472
1980-08-20,0.16146063804626465
1980-08-21,0.1641283929347992
1980-08-22,0.16205109655857086
1980-08-23,0.15077446401119232
1980-08-24,0.1349157840013504
1980-08-25,0.12087780982255936
1980-08-26,0.10639164596796036
1980-08-27,0.09711380302906036
1980-08-28,0.09000389277935028
1980-08-29,0.08354226499795914
1980-08-30,0.07895267009735107
1980-08-31,0.0777255967259407
1980-09-01,0.07656548917293549
1980-09-02,0.07806762307882309
1980-09-03,0.08920546621084213
1980-09-04,0.15207016468048096
1980-09-05,0.2152956873178482
1980-09-06,0.18817800283432007
1980-09-07,0.14640754461288452
1980-09-08,0.12084975093603134
1980-09-09,0.1068265289068222
1980-09-10,0.10155373066663742
1980-09-11,0.09700465947389603
1980-09-12,0.09051443636417389
1980-09-13,0.08455200493335724
1980-09-14,0.08081579208374023
1980-09-15,0.07629784196615219
1980-09-16,0.07511260360479355
1980-09-17,0.0863744467496872
1980-09-18,0.09847596287727356
1980-09-19,0.0995481088757515
1980-09-20,0.10033085942268372
1980-09-21,0.10000129044055939
1980-09-22,0.09319911897182465
1980-09-23,0.08520960062742233
1980-09-24,0.08447884023189545
1980-09-25,0.109178826212883
1980-09-26,0.13292910158634186
1980-09-27,0.1230628490447998
1980-09-28,0.10935148596763611
1980-09-29,0.11662532389163971
1980-09-30,0.21284246444702148
1980-10-01,0.5366540551185608
1980-10-02,0.5832980871200562
1980-10-03,0.45109376311302185
1980-10-04,0.42411547899246216
1980-10-05,0.3186352252960205
1980-10-06,0.2517521381378174
1980-10-07,0.21647223830223083
1980-10-08,0.18398472666740417
1980-10-09,0.16021141409873962
1980-10-10,0.14135661721229553
1980-10-11,0.1315440535545349
1980-10-12,0.12087149173021317
1980-10-13,0.1146032065153122
1980-10-14,0.11043500900268555
1980-10-15,0.10830605030059814
1980-10-16,0.10868211090564728
1980-10-17,0.10470472276210785
1980-10-18,0.10789738595485687
1980-10-19,0.13603398203849792
1980-10-20,0.16103589534759521
1980-10-21,0.15007467567920685
1980-10-22,0.1384316086769104
1980-10-23,0.1275871843099594
1980-10-24,0.12095996737480164
1980-10-25,0.1291431337594986
1980-10-26,0.14913487434387207
1980-10-27,0.1473776400089264
1980-10-28,0.14235089719295502
1980-10-29,0.15603844821453094
1980-10-30,0.22627785801887512
1980-10-31,0.33384713530540466
1980-11-01,0.3018713891506195
1980-11-02,0.24009595811367035
1980-11-03,0.20419885218143463
1980-11-04,0.20198169350624084
1980-11-05,0.23543307185173035
1980-11-06,0.2234371155500412
1980-11-07,0.20151425898075104
1980-11-08,0.18309374153614044
1980-11-09,0.1721809208393097
1980-11-10,0.15928788483142853
1980-11-11,0.15075919032096863
1980-11-12,0.14630237221717834
1980-11-13,0.14775367081165314
1980-11-14,0.14454364776611328
1980-11-15,0.1459711790084839
1980-11-16,0.1635555773973465
1980-11-17,0.17862987518310547
1980-11-18,0.22341015934944153
1980-11-19,0.25448986887931824
1980-11-20,0.2360129952430725
1980-11-21,0.21289506554603577
1980-11-22,0.1992599368095398
1980-11-23,0.18796193599700928
1980-11-24,0.2795577049255371
1980-11-25,0.5824503898620605
1980-11-26,0.5393130779266357
1980-11-27,0.42856457829475403
1980-11-28,0.47445163130760193
1980-11-29,0.42236652970314026
1980-11-30,0.34953445196151733
1980-12-01,0.30625981092453003
1980-12-02,0.27828413248062134
1980-12-03,0.2517436146736145
1980-12-04,0.23854388296604156
1980-12-05,0.22740264236927032
1980-12-06,0.2258896827697754
1980-12-07,0.22356346249580383
1980-12-08,0.21865546703338623
1980-12-09,0.21665844321250916
1980-12-10,0.32785308361053467
1980-12-11,0.5679043531417847
1980-12-12,0.5076905488967896
1980-12-13,0.4040740430355072
1980-12-14,0.3383594751358032
1980-12-15,0.2997506856918335
1980-12-16,0.2798950970172882
1980-12-17,0.28966906666755676
1980-12-18,0.28426000475883484
1980-12-19,0.265956848859787
1980-12-20,0.2526716887950897
1980-12-21,0.24248793721199036
1980-12-22,0.23503583669662476
1980-12-23,0.22967183589935303
1980-12-24,0.2473454475402832
1980-12-25,0.26169493794441223
1980-12-26,0.2448762208223343
1980-12-27,0.24726280570030212
1980-12-28,0.30379003286361694
1980-12-29,0.46745765209198
1980-12-30,0.5657830238342285
1980-12-31,0.5081399083137512
1981-01-01,0.4415209889411926
1981-01-02,0.39729925990104675
1981-01-03,0.36505794525146484
1981-01-04,0.33484718203544617
1981-01-05,0.30744820833206177
1981-01-06,0.28928765654563904
1981-01-07,0.2972669303417206
1981-01-08,0.3064579367637634
1981-01-09,0.2885485589504242
1981-01-10,0.2772108316421509
1981-01-11,0.26279181241989136
1981-01-12,0.2522939443588257
1981-01-13,0.24412262439727783
1981-01-14,0.2406560778617859
1981-01-15,0.24109753966331482
1981-01-16,0.23319600522518158
1981-01-17,0.2269354611635208
1981-01-18,0.22463852167129517
1981-01-19,0.22436143457889557
1981-01-20,0.22526118159294128
1981-01-21,0.2451278269290924
1981-01-22,0.32184481620788574
1981-01-23,0.31946617364883423
1981-01-24,0.2971651554107666
1981-01-25,0.28022515773773193
1981-01-26,0.2702520191669464
1981-01-27,0.26311346888542175
1981-01-28,0.25839683413505554
1981-01-29,0.25209954380989075
1981-01-30,0.25602036714553833
1981-01-31,0.2900514304637909
1981-02-01,0.2820889353752136
1981-02-02,0.38732150197029114
1981-02-03,0.4848499596118927
1981-02-04,0.43314725160598755
1981-02-05,0.3793124556541443
1981-02-06,0.35041356086730957
1981-02-07,0.3302897810935974
1981-02-08,0.38619697093963623
1981-02-09,0.4861539602279663
1981-02-10,0.47445735335350037
1981-02-11,2.640596866607666
1981-02-12,4.659839153289795
1981-02-13,3.0058677196502686
1981-02-14,1.715212345123291
1981-02-15,1.1452305316925049
1981-02-16,0.8591616153717041
1981-02-17,0.7176727056503296
1981-02-18,0.6476094722747803
1981-02-19,0.8446617126464844
1981-02-20,1.476906180381775
1981-02-21,1.5143101215362549
1981-02-22,1.173009991645813
1981-02-23,0.9231307506561279
1981-02-24,0.7826858162879944
1981-02-25,0.6675126552581787
1981-02-26,0.5919607877731323
1981-02-27,0.5354897975921631
1981-02-28,0.49442872405052185
1981-03-01,0.4662386476993561
1981-03-02,0.44695383310317993
1981-03-03,0.42315661907196045
1981-03-04,0.4078710377216339
1981-03-05,0.6388496160507202
1981-03-06,0.8482694625854492
1981-03-07,0.7595652341842651
1981-03-08,0.6318582892417908
1981-03-09,0.5444368720054626
1981-03-10,0.48903048038482666
1981-03-11,0.45519641041755676
1981-03-12,0.4289309084415436
1981-03-13,0.4096520245075226
1981-03-14,0.3946773409843445
1981-03-15,0.3738287091255188
1981-03-16,0.3759692907333374
1981-03-17,0.3676597476005554
1981-03-18,0.3645697832107544
1981-03-19,0.3618682026863098
1981-03-20,0.35167407989501953
1981-03-21,0.3367104232311249
1981-03-22,0.34315061569213867
1981-03-23,0.9505590200424194
1981-03-24,1.6328961849212646
1981-03-25,1.3179908990859985
1981-03-26,0.9312069416046143
1981-03-27,0.7300856113433838
1981-03-28,0.6121588945388794
1981-03-29,0.5367299914360046
1981-03-30,0.5895686745643616
1981-03-31,0.8541048169136047
1981-04-01,0.8183680176734924
1981-04-02,0.7599009275436401
1981-04-03,0.6460483074188232
1981-04-04,0.545417308807373
1981-04-05,0.5178782343864441
1981-04-06,0.5837072730064392
1981-04-07,0.5360301733016968
1981-04-08,0.4799322485923767
1981-04-09,0.4672597646713257
1981-04-10,0.4867502748966217
1981-04-11,0.45284518599510193
1981-04-12,0.40605196356773376
1981-04-13,0.36883217096328735
1981-04-14,0.3456994891166687
1981-04-15,0.33147868514060974
1981-04-16,0.31125324964523315
1981-04-17,0.30053767561912537
1981-04-18,0.2887139916419983
1981-04-19,0.2734491229057312
1981-04-20,0.2773842513561249
1981-04-21,0.27963727712631226
1981-04-22,0.266468346118927
1981-04-23,0.25875023007392883
1981-04-24,0.26513442397117615
1981-04-25,0.26247382164001465
1981-04-26,0.24931755661964417
1981-04-27,0.23938551545143127
1981-04-28,0.22849974036216736
1981-04-29,0.21830081939697266
1981-04-30,0.20978109538555145
1981-05-01,0.20235690474510193
1981-05-02,0.1886623501777649
1981-05-03,0.17904198169708252
1981-05-04,0.17296937108039856
1981-05-05,0.16877129673957825
1981-05-06,0.15994787216186523
1981-05-07,0.1722460836172104
1981-05-08,0.2080284059047699
1981-05-09,0.20349213480949402
1981-05-10,0.18627099692821503
1981-05-11,0.18881240487098694
1981-05-12,0.18681573867797852
1981-05-13,0.17227688431739807
1981-05-14,0.15932892262935638
1981-05-15,0.1482813060283661
1981-05-16,0.13900494575500488
1981-05-17,0.13228470087051392
1981-05-18,0.12729550898075104
1981-05-19,0.12829816341400146
1981-05-20,0.18089668452739716
1981-05-21,0.3829212784767151
1981-05-22,0.3946685194969177
1981-05-23,0.2991590201854706
1981-05-24,0.22741729021072388
1981-05-25,0.18803253769874573
1981-05-26,0.16302590072155
1981-05-27,0.15025633573532104
1981-05-28,0.1674962043762207
1981-05-29,0.17921775579452515
1981-05-30,0.16294662654399872
1981-05-31,0.14310035109519958
1981-06-01,0.1503463089466095
1981-06-02,0.28364869952201843
1981-06-03,0.3980009853839874
1981-06-04,0.33658239245414734
1981-06-05,0.26045751571655273
1981-06-06,0.22587962448596954
1981-06-07,0.2639513909816742
1981-06-08,0.255603551864624
1981-06-09,0.21067273616790771
1981-06-10,0.17658519744873047
1981-06-11,0.1560443937778473
1981-06-12,0.14931029081344604
1981-06-13,0.159234881401062
1981-06-14,0.14531303942203522
1981-06-15,0.1275760531425476
1981-06-16,0.11109168827533722
1981-06-17,0.09890209138393402
1981-06-18,0.1080576479434967
1981-06-19,0.2685430943965912
1981-06-20,0.41330456733703613
1981-06-21,0.32230255007743835
1981-06-22,0.22392538189888
1981-06-23,0.16516445577144623
1981-06-24,0.1296745389699936
1981-06-25,0.11235199868679047
1981-06-26,0.1025373786687851
1981-06-27,0.09414812922477722
1981-06-28,0.08360394090414047
1981-06-29,0.07550770044326782
1981-06-30,0.06852878630161285
1981-07-01,0.06790870428085327
1981-07-02,0.07580431550741196
1981-07-03,0.17196261882781982
1981-07-04,2.3084969520568848
1981-07-05,2.5007848739624023
1981-07-06,1.3440139293670654
1981-07-07,0.7557916641235352
1981-07-08,0.47198545932769775
1981-07-09,0.3100511133670807
1981-07-10,0.22074207663536072
1981-07-11,0.18225844204425812
1981-07-12,0.17607556283473969
1981-07-13,0.1637958586215973
1981-07-14,0.14491665363311768
1981-07-15,0.1287887543439865
1981-07-16,0.1364777684211731
1981-07-17,0.22304095327854156
1981-07-18,0.2265787422657013
1981-07-19,0.17756387591362
1981-07-20,0.17485971748828888
1981-07-21,0.20812729001045227
1981-07-22,0.18930402398109436
1981-07-23,0.15037135779857635
1981-07-24,0.1363622397184372
1981-07-25,0.16179749369621277
1981-07-26,0.1932058334350586
1981-07-27,0.179476797580719
1981-07-28,0.1691298484802246
1981-07-29,0.2228744477033615
1981-07-30,0.2533254027366638
1981-07-31,0.20193397998809814
1981-08-01,0.15571334958076477
1981-08-02,0.12499205023050308
1981-08-03,0.11720201373100281
1981-08-04,0.11929492652416229
1981-08-05,0.10892297327518463
1981-08-06,0.1050800234079361
1981-08-07,0.10949895530939102
1981-08-08,0.12302382290363312
1981-08-09,0.16593700647354126
1981-08-10,0.17531783878803253
1981-08-11,0.17163626849651337
1981-08-12,0.5559715032577515
1981-08-13,0.8887587785720825
1981-08-14,0.5902161002159119
1981-08-15,0.3481922447681427
1981-08-16,0.24311259388923645
1981-08-17,0.21150138974189758
1981-08-18,0.19205427169799805
1981-08-19,0.26473909616470337
1981-08-20,0.5831505656242371
1981-08-21,0.5287899971008301
1981-08-22,0.362742155790329
1981-08-23,0.26165348291397095
1981-08-24,0.20913787186145782
1981-08-25,0.17532582581043243
1981-08-26,0.14566966891288757
1981-08-27,0.1261151283979416
1981-08-28,0.11395373195409775
1981-08-29,0.10516533255577087
1981-08-30,0.10577408969402313
1981-08-31,0.10852859914302826
1981-09-01,0.10250868648290634
1981-09-02,0.09498901665210724
1981-09-03,0.08956729620695114
1981-09-04,0.08948369324207306
1981-09-05,0.42041847109794617
1981-09-06,1.2075788974761963
1981-09-07,2.048523187637329
1981-09-08,2.557365894317627
1981-09-09,1.6072378158569336
1981-09-10,0.8475700616836548
1981-09-11,0.5034015774726868
1981-09-12,0.3443721830844879
1981-09-13,0.2618846595287323
1981-09-14,0.21379326283931732
1981-09-15,0.18499119579792023
1981-09-16,0.21266710758209229
1981-09-17,0.3073223829269409
1981-09-18,0.3001810908317566
1981-09-19,0.24737609922885895
1981-09-20,0.20416398346424103
1981-09-21,0.17662681639194489
1981-09-22,0.1557570844888687
1981-09-23,0.14190275967121124
1981-09-24,0.13122333586215973
1981-09-25,0.12201835215091705
1981-09-26,0.11889395117759705
1981-09-27,0.11291757971048355
1981-09-28,0.10564347356557846
1981-09-29,0.09974490106105804
1981-09-30,0.09722524881362915
1981-10-01,0.09410981833934784
1981-10-02,0.09691036492586136
1981-10-03,0.1019369438290596
1981-10-04,0.10141101479530334
1981-10-05,0.0980522558093071
1981-10-06,0.09337393939495087
1981-10-07,0.09030629694461823
1981-10-08,0.08647636324167252
1981-10-09,0.08439633995294571
1981-10-10,0.08461660891771317
1981-10-11,0.08480769395828247
1981-10-12,0.08483690768480301
1981-10-13,0.08191774040460587
1981-10-14,0.07835723459720612
1981-10-15,0.07609152793884277
1981-10-16,0.0771530345082283
1981-10-17,0.07413144409656525
1981-10-18,0.07521004974842072
1981-10-19,0.07333709299564362
1981-10-20,0.0737864151597023
1981-10-21,0.07333637028932571
1981-10-22,0.07414437085390091
1981-10-23,0.07548780739307404
1981-10-24,0.08121263980865479
1981-10-25,0.10720834136009216
1981-10-26,0.2665766775608063
1981-10-27,2.1346254348754883
1981-10-28,2.741016149520874
1981-10-29,1.4590400457382202
1981-10-30,0.7316393852233887
1981-10-31,0.457637757062912
1981-11-01,0.34498298168182373
1981-11-02,0.2842392921447754
1981-11-03,0.2477942556142807
1981-11-04,0.22474052011966705
1981-11-05,0.2105746567249298
1981-11-06,0.22479447722434998
1981-11-07,0.22765545547008514
1981-11-08,0.21606266498565674
1981-11-09,0.19979631900787354
1981-11-10,0.1841142624616623
1981-11-11,0.17354914546012878
1981-11-12,0.16420647501945496
1981-11-13,0.157816082239151
1981-11-14,0.15517866611480713
1981-11-15,0.1550895869731903
1981-11-16,0.1521134078502655
1981-11-17,0.1467811018228531
1981-11-18,0.14298558235168457
1981-11-19,0.1450733244419098
1981-11-20,0.13945642113685608
1981-11-21,0.13220907747745514
1981-11-22,0.13306772708892822
1981-11-23,0.13450025022029877
1981-11-24,0.13917820155620575
1981-11-25,0.16630686819553375
1981-11-26,0.17348314821720123
1981-11-27,0.16512468457221985
1981-11-28,0.16454949975013733
1981-11-29,0.16470274329185486
1981-11-30,0.15696898102760315
1981-12-01,0.16068869829177856
1981-12-02,0.24938425421714783
1981-12-03,0.35295504331588745
1981-12-04,0.33922576904296875
1981-12-05,0.30362468957901
1981-12-06,0.26741451025009155
1981-12-07,0.24282538890838623
1981-12-08,0.21877604722976685
1981-12-09,0.1993936002254486
1981-12-10,0.1916726678609848
1981-12-11,0.18208900094032288
1981-12-12,0.17447824776172638
1981-12-13,0.17177951335906982
1981-12-14,0.17366960644721985
1981-12-15,0.8270019888877869
1981-12-16,2.149594306945801
1981-12-17,1.6046768426895142
1981-12-18,1.0020869970321655
1981-12-19,0.7653930187225342
1981-12-20,0.5855734944343567
1981-12-21,0.46853360533714294
1981-12-22,0.42169249057769775
1981-12-23,0.4332202970981598
1981-12-24,0.45208740234375
1981-12-25,1.0987403392791748
1981-12-26,2.1647346019744873
1981-12-27,1.770573616027832
1981-12-28,1.2440590858459473
1981-12-29,0.9206042289733887
1981-12-30,0.7379888296127319
1981-12-31,1.511435627937317
1982-01-01,4.70611572265625
1982-01-02,4.0808329582214355
1982-01-03,3.2886292934417725
1982-01-04,5.194913864135742
1982-01-05,4.79884147644043
1982-01-06,2.8588855266571045
1982-01-07,1.7800663709640503
1982-01-08,1.3069926500320435
1982-01-09,1.0632789134979248
1982-01-10,0.8882951736450195
1982-01-11,0.7468749284744263
1982-01-12,0.6590399742126465
1982-01-13,0.6329694986343384
1982-01-14,0.6975710988044739
1982-01-15,0.7647550702095032
1982-01-16,0.8001370429992676
1982-01-17,0.7702181339263916
1982-01-18,0.6933221220970154
1982-01-19,0.7330617904663086
1982-01-20,1.0665717124938965
1982-01-21,1.6403837203979492
1982-01-22,2.181698799133301
1982-01-23,2.666317939758301
1982-01-24,4.359106063842773
1982-01-25,3.3361897468566895
1982-01-26,2.293384313583374
1982-01-27,1.6262991428375244
1982-01-28,1.233750820159912
1982-01-29,1.0539767742156982
1982-01-30,0.9337636828422546
1982-01-31,0.8979501128196716
1982-02-01,0.9834396839141846
1982-02-02,1.1746373176574707
1982-02-03,3.6278371810913086
1982-02-04,6.138635635375977
1982-02-05,3.92389178276062
1982-02-06,2.5374832153320312
1982-02-07,1.856724739074707
1982-02-08,1.3663954734802246
1982-02-09,1.1917656660079956
1982-02-10,1.3464752435684204
1982-02-11,1.2776209115982056
1982-02-12,1.114939570426941
1982-02-13,1.721051573753357
1982-02-14,2.108675003051758
1982-02-15,1.7798621654510498
1982-02-16,1.5368105173110962
1982-02-17,3.0176734924316406
1982-02-18,4.483732223510742
1982-02-19,3.4102649688720703
1982-02-20,2.4235682487487793
1982-02-21,1.825760841369629
1982-02-22,1.4303317070007324
1982-02-23,1.1640185117721558
1982-02-24,1.0443062782287598
1982-02-25,0.9558425545692444
1982-02-26,0.8869104385375977
1982-02-27,1.3596816062927246
1982-02-28,2.351595163345337
1982-03-01,2.5094962120056152
1982-03-02,2.224152088165283
1982-03-03,1.9051499366760254
1982-03-04,1.6117937564849854
1982-03-05,1.3695945739746094
1982-03-06,1.209883689880371
1982-03-07,2.494443655014038
1982-03-08,3.603729486465454
1982-03-09,2.676642656326294
1982-03-10,1.9137516021728516
1982-03-11,1.5467545986175537
1982-03-12,1.3108344078063965
1982-03-13,1.171135663986206
1982-03-14,1.0646555423736572
1982-03-15,1.0240124464035034
1982-03-16,1.1609073877334595
1982-03-17,1.1476048231124878
1982-03-18,1.0233020782470703
1982-03-19,0.9325451850891113
1982-03-20,0.884509265422821
1982-03-21,1.0646932125091553
1982-03-22,1.3301337957382202
1982-03-23,1.1583402156829834
1982-03-24,0.970510721206665
1982-03-25,0.8581916093826294
1982-03-26,0.7993253469467163
1982-03-27,0.7430232763290405
1982-03-28,0.6880415678024292
1982-03-29,0.6334739923477173
1982-03-30,0.618432879447937
1982-03-31,0.6332446336746216
1982-04-01,0.660832405090332
1982-04-02,0.6447792053222656
1982-04-03,0.6445999145507812
1982-04-04,0.6643098592758179
1982-04-05,0.6258074045181274
1982-04-06,0.5936408042907715
1982-04-07,0.5587615370750427
1982-04-08,0.567852258682251
1982-04-09,0.7517650127410889
1982-04-10,0.7943726778030396
1982-04-11,0.7188324928283691
1982-04-12,0.6494377851486206
1982-04-13,0.6076653599739075
1982-04-14,0.5710717439651489
1982-04-15,0.5412176847457886
1982-04-16,0.5553493499755859
1982-04-17,0.6384515762329102
1982-04-18,0.6496778726577759
1982-04-19,0.5926246643066406
1982-04-20,0.5637643933296204
1982-04-21,0.5679997801780701
1982-04-22,0.5346795916557312
1982-04-23,0.4882361590862274
1982-04-24,0.4580271244049072
1982-04-25,0.4552038311958313
1982-04-26,1.3795850276947021
1982-04-27,4.641700744628906
1982-04-28,5.263506889343262
1982-04-29,3.5016725063323975
1982-04-30,2.054551362991333
1982-05-01,1.3775970935821533
1982-05-02,1.0937086343765259
1982-05-03,0.9299710988998413
1982-05-04,0.8114977478981018
1982-05-05,0.7037577629089355
1982-05-06,0.6298521757125854
1982-05-07,0.5669142603874207
1982-05-08,0.512136697769165
1982-05-09,0.48801589012145996
1982-05-10,0.4533557891845703
1982-05-11,0.4234219789505005
1982-05-12,0.40314120054244995
1982-05-13,0.3857019245624542
1982-05-14,0.36548638343811035
1982-05-15,0.3502432405948639
1982-05-16,0.345676064491272
1982-05-17,0.3696683645248413
1982-05-18,0.3726712763309479
1982-05-19,0.37769484519958496
1982-05-20,0.389679491519928
1982-05-21,0.4256340563297272
1982-05-22,0.6283852458000183
1982-05-23,0.8947727084159851
1982-05-24,1.316622257232666
1982-05-25,2.7638726234436035
1982-05-26,4.105137348175049
1982-05-27,3.7352380752563477
1982-05-28,2.717282295227051
1982-05-29,2.1559908390045166
1982-05-30,2.595463275909424
1982-05-31,4.415342807769775
1982-06-01,4.179393768310547
1982-06-02,2.82692813873291
1982-06-03,3.6536977291107178
1982-06-04,6.079782485961914
1982-06-05,6.463533401489258
1982-06-06,4.470644474029541
1982-06-07,2.5057413578033447
1982-06-08,1.5969109535217285
1982-06-09,1.3673532009124756
1982-06-10,5.4256591796875
1982-06-11,10.975478172302246
1982-06-12,7.720556735992432
1982-06-13,4.651186466217041
1982-06-14,4.378463268280029
1982-06-15,3.0048069953918457
1982-06-16,2.5952420234680176
1982-06-17,3.4358971118927
1982-06-18,4.240682601928711
1982-06-19,4.054794788360596
1982-06-20,2.6435563564300537
1982-06-21,1.7540690898895264
1982-06-22,1.4842021465301514
1982-06-23,1.533787727355957
1982-06-24,1.2225154638290405
1982-06-25,1.0278661251068115
1982-06-26,0.945319652557373
1982-06-27,0.8470229506492615
1982-06-28,0.7620149254798889
1982-06-29,0.8917075991630554
1982-06-30,1.1744189262390137
1982-07-01,1.0532093048095703
1982-07-02,0.8186616897583008
1982-07-03,0.7185437083244324
1982-07-04,0.9836767911911011
1982-07-05,1.2611538171768188
1982-07-06,1.0310872793197632
1982-07-07,0.767204761505127
1982-07-08,0.6685643792152405
1982-07-09,0.6754513382911682
1982-07-10,0.7030953764915466
1982-07-11,0.7804933786392212
1982-07-12,0.8018876314163208
1982-07-13,0.8302268385887146
1982-07-14,0.8802551031112671
1982-07-15,0.9014626741409302
1982-07-16,0.8616063594818115
1982-07-17,0.7136147022247314
1982-07-18,0.581110417842865
1982-07-19,0.492139995098114
1982-07-20,0.4387712776660919
1982-07-21,0.3956295847892761
1982-07-22,0.4050394296646118
1982-07-23,0.48366081714630127
1982-07-24,0.5026589035987854
1982-07-25,0.47828835248947144
1982-07-26,0.4236132800579071
1982-07-27,0.404069185256958
1982-07-28,0.431456983089447
1982-07-29,0.4409913122653961
1982-07-30,0.5295426845550537
1982-07-31,0.6820704936981201
1982-08-01,0.8479712009429932
1982-08-02,0.695358395576477
1982-08-03,0.5185194611549377
1982-08-04,0.41585782170295715
1982-08-05,0.36125096678733826
1982-08-06,0.34231114387512207
1982-08-07,0.3138760030269623
1982-08-08,0.32615387439727783
1982-08-09,0.45317620038986206
1982-08-10,0.5718808770179749
1982-08-11,0.6609545946121216
1982-08-12,0.771904468536377
1982-08-13,0.7034875154495239
1982-08-14,0.5311219692230225
1982-08-15,0.4209469258785248
1982-08-16,0.42024803161621094
1982-08-17,0.5040823221206665
1982-08-18,0.49779823422431946
1982-08-19,0.4421214461326599
1982-08-20,0.3792486786842346
1982-08-21,0.31701117753982544
1982-08-22,0.2819298207759857
1982-08-23,0.25751781463623047
1982-08-24,0.2417718470096588
1982-08-25,0.23169270157814026
1982-08-26,0.2192380130290985
1982-08-27,0.20499733090400696
1982-08-28,0.19412295520305634
1982-08-29,0.18550392985343933
1982-08-30,0.18241040408611298
1982-08-31,0.172231987118721
1982-09-01,0.16939790546894073
1982-09-02,0.1727866232395172
1982-09-03,0.1725330501794815
1982-09-04,0.1673799455165863
1982-09-05,0.15917205810546875
1982-09-06,0.15158170461654663
1982-09-07,0.14604702591896057
1982-09-08,0.1395290642976761
1982-09-09,0.13405004143714905
1982-09-10,0.13187700510025024
1982-09-11,0.13150806725025177
1982-09-12,0.13100959360599518
1982-09-13,0.1289622187614441
1982-09-14,0.12791059911251068
1982-09-15,0.12714692950248718
1982-09-16,0.1242554560303688
1982-09-17,0.12068434804677963
1982-09-18,0.12078755348920822
1982-09-19,0.12696141004562378
1982-09-20,0.14109273254871368
1982-09-21,0.1549399495124817
1982-09-22,0.1580885946750641
1982-09-23,0.1473032683134079
1982-09-24,0.1388271450996399
1982-09-25,0.1338082253932953
1982-09-26,0.15826018154621124
1982-09-27,0.20822782814502716
1982-09-28,0.19800344109535217
1982-09-29,0.17102299630641937
1982-09-30,0.15320377051830292
1982-10-01,0.1398203819990158
1982-10-02,0.1314849704504013
1982-10-03,0.12570148706436157
1982-10-04,0.12318568676710129
1982-10-05,0.12182721495628357
1982-10-06,0.12157837301492691
1982-10-07,0.12545277178287506
1982-10-08,0.14288800954818726
1982-10-09,0.16396501660346985
1982-10-10,0.169236421585083
1982-10-11,0.16939568519592285
1982-10-12,0.169940784573555
1982-10-13,0.26435795426368713
1982-10-14,0.5680326223373413
1982-10-15,0.5045599341392517
1982-10-16,0.35369905829429626
1982-10-17,0.26689010858535767
1982-10-18,0.230442076921463
1982-10-19,0.2063625603914261
1982-10-20,0.18813815712928772
1982-10-21,0.1782885193824768
1982-10-22,0.17182162404060364
1982-10-23,0.1861584186553955
1982-10-24,0.30013522505760193
1982-10-25,1.9458978176116943
1982-10-26,3.3090744018554688
1982-10-27,1.9173076152801514
1982-10-28,0.9939686059951782
1982-10-29,0.6527969837188721
1982-10-30,0.5003471970558167
1982-10-31,0.4203191101551056
1982-11-01,0.3690810799598694
1982-11-02,0.3408380150794983
1982-11-03,0.3178516924381256
1982-11-04,0.45633557438850403
1982-11-05,0.8710184097290039
1982-11-06,0.7635625600814819
1982-11-07,0.576441764831543
1982-11-08,0.47570526599884033
1982-11-09,0.4153643250465393
1982-11-10,0.3735700845718384
1982-11-11,0.3469811677932739
1982-11-12,0.34381428360939026
1982-11-13,0.5466777086257935
1982-11-14,0.6969646215438843
1982-11-15,0.6838093996047974
1982-11-16,0.6074183583259583
1982-11-17,0.527069628238678
1982-11-18,0.4645613133907318
1982-11-19,0.43666326999664307
1982-11-20,0.4107533395290375
1982-11-21,0.38545694947242737
1982-11-22,0.36766257882118225
1982-11-23,0.3560376465320587
1982-11-24,0.34049278497695923
1982-11-25,0.32449349761009216
1982-11-26,0.31899911165237427
1982-11-27,0.32126277685165405
1982-11-28,0.35151275992393494
1982-11-29,0.4166087210178375
1982-11-30,0.46983209252357483
1982-12-01,0.5088446736335754
1982-12-02,0.6008426547050476
1982-12-03,0.5596132874488831
1982-12-04,0.5146631002426147
1982-12-05,0.47317636013031006
1982-12-06,0.4915521740913391
1982-12-07,0.5278089046478271
1982-12-08,0.4862205386161804
1982-12-09,0.44310158491134644
1982-12-10,0.4227130711078644
1982-12-11,0.6917043924331665
1982-12-12,3.1758999824523926
1982-12-13,3.3097543716430664
1982-12-14,2.012877941131592
1982-12-15,1.8539578914642334
1982-12-16,3.6392362117767334
1982-12-17,3.350290536880493
1982-12-18,2.175039291381836
1982-12-19,1.4761912822723389
1982-12-20,1.1764309406280518
1982-12-21,0.9852117300033569
1982-12-22,0.8333970904350281
1982-12-23,0.7394760847091675
1982-12-24,0.6791839003562927
1982-12-25,0.6441384553909302
1982-12-26,0.6057717800140381
1982-12-27,0.5779338479042053
1982-12-28,0.5830473899841309
1982-12-29,0.728837788105011
1982-12-30,1.1732535362243652
1982-12-31,1.3338148593902588
1983-01-01,1.5387886762619019
1983-01-02,1.590710163116455
1983-01-03,2.209900379180908
1983-01-04,1.9865847826004028
1983-01-05,1.452512502670288
1983-01-06,1.1883199214935303
1983-01-07,1.0008411407470703
1983-01-08,0.8627926707267761
1983-01-09,0.7753188014030457
1983-01-10,0.7385653257369995
1983-01-11,0.7546111941337585
1983-01-12,0.7252998352050781
1983-01-13,0.6845555305480957
1983-01-14,0.6319710612297058
1983-01-15,0.5942312479019165
1983-01-16,0.5765580534934998
1983-01-17,0.5483791828155518
1983-01-18,0.5324785113334656
1983-01-19,0.5213450789451599
1983-01-20,0.5030388832092285
1983-01-21,0.5211087465286255
1983-01-22,0.8692988753318787
1983-01-23,1.5424022674560547
1983-01-24,1.6955249309539795
1983-01-25,1.3538806438446045
1983-01-26,1.0663548707962036
1983-01-27,0.9368103742599487
1983-01-28,0.9688694477081299
1983-01-29,0.8921114206314087
1983-01-30,0.8159353733062744
1983-01-31,0.7519322037696838
1983-02-01,0.7000535130500793
1983-02-02,1.3128105401992798
1983-02-03,3.3414418697357178
1983-02-04,2.615635395050049
1983-02-05,1.755239725112915
1983-02-06,1.6304256916046143
1983-02-07,2.431755781173706
1983-02-08,2.1567583084106445
1983-02-09,1.6365966796875
1983-02-10,1.3465558290481567
1983-02-11,1.5883281230926514
1983-02-12,1.86103355884552
1983-02-13,1.7898287773132324
1983-02-14,5.254907608032227
1983-02-15,11.941793441772461
1983-02-16,8.148205757141113
1983-02-17,4.858508586883545
1983-02-18,3.20485520362854
1983-02-19,2.2446508407592773
1983-02-20,1.7917532920837402
1983-02-21,1.4656444787979126
1983-02-22,1.2907981872558594
1983-02-23,2.010484218597412
1983-02-24,3.0247232913970947
1983-02-25,2.7850193977355957
1983-02-26,2.337656259536743
1983-02-27,1.8519920110702515
1983-02-28,1.5128169059753418
1983-03-01,2.201526403427124
1983-03-02,3.9458346366882324
1983-03-03,3.1000308990478516
1983-03-04,2.1931545734405518
1983-03-05,1.7028167247772217
1983-03-06,2.5661089420318604
1983-03-07,4.795293807983398
1983-03-08,4.482927322387695
1983-03-09,3.7906241416931152
1983-03-10,3.2730133533477783
1983-03-11,2.638883590698242
1983-03-12,2.0578880310058594
1983-03-13,1.6612367630004883
1983-03-14,1.386268138885498
1983-03-15,1.2450900077819824
1983-03-16,1.1654661893844604
1983-03-17,1.4891537427902222
1983-03-18,10.35922622680664
1983-03-19,14.839591979980469
1983-03-20,8.381744384765625
1983-03-21,7.502244472503662
1983-03-22,6.4717559814453125
1983-03-23,4.251220703125
1983-03-24,2.935722827911377
1983-03-25,2.760502338409424
1983-03-26,2.2563283443450928
1983-03-27,2.7576582431793213
1983-03-28,4.323845863342285
1983-03-29,3.380535125732422
1983-03-30,2.4528424739837646
1983-03-31,2.258723735809326
1983-04-01,2.435448169708252
1983-04-02,3.47851300239563
1983-04-03,5.242115497589111
1983-04-04,4.158583641052246
1983-04-05,2.915955066680908
1983-04-06,2.4803762435913086
1983-04-07,2.3400731086730957
1983-04-08,2.3643064498901367
1983-04-09,3.263155937194824
1983-04-10,4.377042293548584
1983-04-11,3.3302791118621826
1983-04-12,2.400956869125366
1983-04-13,1.8606345653533936
1983-04-14,1.6084861755371094
1983-04-15,3.6633501052856445
1983-04-16,7.896526336669922
1983-04-17,5.386466979980469
1983-04-18,3.958735466003418
1983-04-19,4.311200141906738
1983-04-20,3.213024616241455
1983-04-21,2.3617944717407227
1983-04-22,1.8860007524490356
1983-04-23,2.523944616317749
1983-04-24,5.557265281677246
1983-04-25,5.581934928894043
1983-04-26,3.7095112800598145
1983-04-27,2.5751349925994873
1983-04-28,2.0020203590393066
1983-04-29,1.6673824787139893
1983-04-30,1.4548554420471191
1983-05-01,1.3260316848754883
1983-05-02,1.2138392925262451
1983-05-03,1.111662745475769
1983-05-04,1.296829342842102
1983-05-05,1.3452508449554443
1983-05-06,1.1937073469161987
1983-05-07,1.0552318096160889
1983-05-08,0.9582765102386475
1983-05-09,0.9047368168830872
1983-05-10,0.8497141003608704
1983-05-11,0.8077625632286072
1983-05-12,0.7693257331848145
1983-05-13,0.7339186072349548
1983-05-14,0.7413525581359863
1983-05-15,0.7726455926895142
1983-05-16,0.7951646447181702
1983-05-17,0.8623760938644409
1983-05-18,0.7685182094573975
1983-05-19,0.7250320911407471
1983-05-20,1.2133979797363281
1983-05-21,2.1410272121429443
1983-05-22,2.6908199787139893
1983-05-23,2.611199378967285
1983-05-24,1.8509708642959595
1983-05-25,1.3126983642578125
1983-05-26,1.2795965671539307
1983-05-27,1.4455915689468384
1983-05-28,1.1668235063552856
1983-05-29,0.9464150667190552
1983-05-30,0.8960685729980469
1983-05-31,0.879991888999939
1983-06-01,0.7667496800422668
1983-06-02,0.688156247138977
1983-06-03,0.6223231554031372
1983-06-04,0.5839060544967651
1983-06-05,0.5712451934814453
1983-06-06,0.550257682800293
1983-06-07,0.5796988606452942
1983-06-08,1.299601435661316
1983-06-09,1.402350664138794
1983-06-10,1.0198734998703003
1983-06-11,0.7496910691261292
1983-06-12,0.6195629239082336
1983-06-13,0.5468051433563232
1983-06-14,0.5282865762710571
1983-06-15,0.5888442397117615
1983-06-16,0.6213159561157227
1983-06-17,0.5456686019897461
1983-06-18,0.5132436752319336
1983-06-19,0.5805522799491882
1983-06-20,0.6380949020385742
1983-06-21,0.7234681844711304
1983-06-22,0.8552162051200867
1983-06-23,0.801776111125946
1983-06-24,0.6228870153427124
1983-06-25,0.5118430256843567
1983-06-26,0.4472850561141968
1983-06-27,0.40279048681259155
1983-06-28,0.37557733058929443
1983-06-29,0.5594931244850159
1983-06-30,0.9706375598907471
1983-07-01,0.9347198605537415
1983-07-02,0.7206668257713318
1983-07-03,0.5563102960586548
1983-07-04,0.47499343752861023
1983-07-05,0.5038388967514038
1983-07-06,0.5766098499298096
1983-07-07,0.5021864771842957
1983-07-08,0.4095219373703003
1983-07-09,0.35525476932525635
1983-07-10,0.31528937816619873
1983-07-11,0.2870825529098511
1983-07-12,0.2732747197151184
1983-07-13,0.25724270939826965
1983-07-14,0.2372303009033203
1983-07-15,0.22809690237045288
1983-07-16,0.22035349905490875
1983-07-17,0.20528644323349
1983-07-18,0.1958191990852356
1983-07-19,0.1900617927312851
1983-07-20,0.183574840426445
1983-07-21,0.17745445668697357
1983-07-22,0.17682749032974243
1983-07-23,0.18797922134399414
1983-07-24,0.19014139473438263
1983-07-25,0.18831655383110046
1983-07-26,0.1984255611896515
1983-07-27,0.20491507649421692
1983-07-28,0.18474704027175903
1983-07-29,0.16465267539024353
1983-07-30,0.1520223319530487
1983-07-31,0.14390195906162262
1983-08-01,0.14977054297924042
1983-08-02,0.1678774058818817
1983-08-03,0.175089031457901
1983-08-04,0.16871795058250427
1983-08-05,0.15695811808109283
1983-08-06,0.15375226736068726
1983-08-07,0.15390470623970032
1983-08-08,0.14930173754692078
1983-08-09,0.14389568567276
1983-08-10,0.13587848842144012
1983-08-11,0.13679294288158417
1983-08-12,0.14912299811840057
1983-08-13,0.14557918906211853
1983-08-14,0.1316571831703186
1983-08-15,0.11989712715148926
1983-08-16,0.11376623809337616
1983-08-17,0.10849088430404663
1983-08-18,0.10197582095861435
1983-08-19,0.09551285952329636
1983-08-20,0.09077014774084091
1983-08-21,0.08827491104602814
1983-08-22,0.08754771947860718
1983-08-23,0.09231411665678024
1983-08-24,0.16802184283733368
1983-08-25,0.2415233850479126
1983-08-26,0.2037276327610016
1983-08-27,0.15482740104198456
1983-08-28,0.13088113069534302
1983-08-29,0.11616414785385132
1983-08-30,0.10502182692289352
1983-08-31,0.09619199484586716
1983-09-01,0.09416240453720093
1983-09-02,0.10192451626062393
1983-09-03,0.1086779460310936
1983-09-04,0.10486309975385666
1983-09-05,0.09740863740444183
1983-09-06,0.08885334432125092
1983-09-07,0.08236600458621979
1983-09-08,0.07685667276382446
1983-09-09,0.07350942492485046
1983-09-10,0.07174114137887955
1983-09-11,0.06905169039964676
1983-09-12,0.07393891364336014
1983-09-13,0.10049349814653397
1983-09-14,0.24819093942642212
1983-09-15,0.3333556056022644
1983-09-16,0.23976096510887146
1983-09-17,0.1691049188375473
1983-09-18,0.1341736912727356
1983-09-19,0.11544322967529297
1983-09-20,0.10822726786136627
1983-09-21,0.12133181095123291
1983-09-22,0.16710084676742554
1983-09-23,0.15507790446281433
1983-09-24,0.13112576305866241
1983-09-25,0.11520547419786453
1983-09-26,0.10396526008844376
1983-09-27,0.09761282801628113
1983-09-28,0.09264449775218964
1983-09-29,0.08978836238384247
1983-09-30,0.09664912521839142
1983-10-01,0.11794614791870117
1983-10-02,0.12168228626251221
1983-10-03,0.1139478087425232
1983-10-04,0.10553381592035294
1983-10-05,0.10179205983877182
1983-10-06,0.10156524181365967
1983-10-07,0.09795914590358734
1983-10-08,0.09278535097837448
1983-10-09,0.09102928638458252
1983-10-10,0.09026198089122772
1983-10-11,0.09519505500793457
1983-10-12,0.11577704548835754
1983-10-13,0.1408931165933609
1983-10-14,0.15716762840747833
1983-10-15,0.14414438605308533
1983-10-16,0.1263226866722107
1983-10-17,0.1170186996459961
1983-10-18,0.11029550433158875
1983-10-19,0.10663733631372452
1983-10-20,0.10580182820558548
1983-10-21,0.11585459113121033
1983-10-22,0.15170983970165253
1983-10-23,0.24858608841896057
1983-10-24,0.6823746562004089
1983-10-25,0.7410398125648499
1983-10-26,0.5295109152793884
1983-10-27,0.3471381664276123
1983-10-28,0.26414793729782104
1983-10-29,0.21190977096557617
1983-10-30,0.1841651052236557
1983-10-31,0.1687348335981369
1983-11-01,0.16084475815296173
1983-11-02,0.15424957871437073
1983-11-03,0.15126089751720428
1983-11-04,0.1597667783498764
1983-11-05,0.1701403558254242
1983-11-06,0.1650610864162445
1983-11-07,0.16492658853530884
1983-11-08,0.15698230266571045
1983-11-09,0.1496673971414566
1983-11-10,0.22026073932647705
1983-11-11,0.399891197681427
1983-11-12,0.3520581126213074
1983-11-13,0.27520930767059326
1983-11-14,0.2386123538017273
1983-11-15,0.4212506115436554
1983-11-16,1.0526418685913086
1983-11-17,0.8929028511047363
1983-11-18,0.5939597487449646
1983-11-19,0.42856839299201965
1983-11-20,0.42927485704421997
1983-11-21,1.0030819177627563
1983-11-22,1.0804842710494995
1983-11-23,0.7544586062431335
1983-11-24,0.6996431350708008
1983-11-25,4.385086536407471
1983-11-26,3.7500951290130615
1983-11-27,1.9727072715759277
1983-11-28,1.1249560117721558
1983-11-29,0.86808842420578
1983-11-30,0.6906847953796387
1983-12-01,0.5735775232315063
1983-12-02,0.5014594197273254
1983-12-03,0.6842009425163269
1983-12-04,2.0622434616088867
1983-12-05,2.0662636756896973
1983-12-06,4.920027256011963
1983-12-07,8.066129684448242
1983-12-08,4.469189167022705
1983-12-09,2.2316677570343018
1983-12-10,1.4092679023742676
1983-12-11,1.073166847229004
1983-12-12,3.0080068111419678
1983-12-13,6.951728820800781
1983-12-14,4.361095905303955
1983-12-15,2.4340782165527344
1983-12-16,1.6097192764282227
1983-12-17,1.2181587219238281
1983-12-18,1.0127456188201904
1983-12-19,0.9502930045127869
1983-12-20,0.9352110624313354
1983-12-21,0.8442524075508118
1983-12-22,1.7769644260406494
1983-12-23,3.161151170730591
1983-12-24,2.4191832542419434
1983-12-25,1.653761625289917
1983-12-26,1.268970012664795
1983-12-27,1.059548020362854
1983-12-28,1.6977728605270386
1983-12-29,4.616152763366699
1983-12-30,4.3547043800354
1983-12-31,2.7222204208374023
1984-01-01,1.7777822017669678
1984-01-02,1.3602631092071533
1984-01-03,1.164265751838684
1984-01-04,1.0324349403381348
1984-01-05,0.9619603157043457
1984-01-06,0.9165409803390503
1984-01-07,0.8529324531555176
1984-01-08,0.7914334535598755
1984-01-09,0.7463289499282837
1984-01-10,3.1297624111175537
1984-01-11,10.128824234008789
1984-01-12,8.498817443847656
1984-01-13,4.465121269226074
1984-01-14,2.9431400299072266
1984-01-15,2.44301700592041
1984-01-16,1.9054076671600342
1984-01-17,1.5236356258392334
1984-01-18,2.0141043663024902
1984-01-19,6.225577354431152
1984-01-20,5.301790714263916
1984-01-21,3.5620133876800537
1984-01-22,2.3759210109710693
1984-01-23,1.831179141998291
1984-01-24,1.7541236877441406
1984-01-25,2.3899052143096924
1984-01-26,2.319566249847412
1984-01-27,1.9209076166152954
1984-01-28,1.624177098274231
1984-01-29,1.4200587272644043
1984-01-30,1.2630988359451294
1984-01-31,1.21265709400177
1984-02-01,1.1201057434082031
1984-02-02,1.0114333629608154
1984-02-03,1.0292247533798218
1984-02-04,1.3464834690093994
1984-02-05,1.5691806077957153
1984-02-06,1.5999614000320435
1984-02-07,1.5782846212387085
1984-02-08,1.2888659238815308
1984-02-09,1.1428380012512207
1984-02-10,1.078542709350586
1984-02-11,1.195706844329834
1984-02-12,1.3265488147735596
1984-02-13,1.309896469116211
1984-02-14,8.622299194335938
1984-02-15,12.60736083984375
1984-02-16,6.968997955322266
1984-02-17,3.7349870204925537
1984-02-18,2.466614246368408
1984-02-19,1.8706400394439697
1984-02-20,1.546302318572998
1984-02-21,1.3469603061676025
1984-02-22,1.197409749031067
1984-02-23,4.419785022735596
1984-02-24,9.088091850280762
1984-02-25,5.814119815826416
1984-02-26,3.3669774532318115
1984-02-27,4.782700538635254
1984-02-28,7.929147720336914
1984-02-29,5.512371063232422
1984-03-01,3.467215061187744
1984-03-02,2.3809688091278076
1984-03-03,1.8712141513824463
1984-03-04,1.5776973962783813
1984-03-05,2.130156993865967
1984-03-06,11.633136749267578
1984-03-07,13.775391578674316
1984-03-08,8.065231323242188
1984-03-09,4.571825981140137
1984-03-10,3.0512876510620117
1984-03-11,2.2841529846191406
1984-03-12,1.8642892837524414
1984-03-13,2.574676513671875
1984-03-14,3.764176607131958
1984-03-15,2.9505116939544678
1984-03-16,2.253964424133301
1984-03-17,1.8449680805206299
1984-03-18,1.5874844789505005
1984-03-19,1.6077077388763428
1984-03-20,1.8804690837860107
1984-03-21,4.934168815612793
1984-03-22,5.096795082092285
1984-03-23,3.41609525680542
1984-03-24,2.331315517425537
1984-03-25,2.3711469173431396
1984-03-26,2.956228017807007
1984-03-27,2.4683308601379395
1984-03-28,3.2926852703094482
1984-03-29,14.038100242614746
1984-03-30,10.366968154907227
1984-03-31,5.640476703643799
1984-04-01,3.395003080368042
1984-04-02,2.460008144378662
1984-04-03,2.035895586013794
1984-04-04,2.442110300064087
1984-04-05,5.056739330291748
1984-04-06,4.225240707397461
1984-04-07,2.9345993995666504
1984-04-08,2.2151408195495605
1984-04-09,2.211421489715576
1984-04-10,5.008205413818359
1984-04-11,6.272185325622559
1984-04-12,4.285737991333008
1984-04-13,2.9652585983276367
1984-04-14,2.321951150894165
1984-04-15,2.197592258453369
1984-04-16,2.099010467529297
1984-04-17,1.7957781553268433
1984-04-18,1.5614277124404907
1984-04-19,1.3855187892913818
1984-04-20,1.2823163270950317
1984-04-21,1.2128664255142212
1984-04-22,1.1988033056259155
1984-04-23,2.8806684017181396
1984-04-24,3.8868703842163086
1984-04-25,2.8186826705932617
1984-04-26,1.9643980264663696
1984-04-27,1.5539662837982178
1984-04-28,1.358205795288086
1984-04-29,1.2314672470092773
1984-04-30,1.1508795022964478
1984-05-01,1.1384342908859253
1984-05-02,1.0909488201141357
1984-05-03,1.115106463432312
1984-05-04,1.2124228477478027
1984-05-05,1.0846108198165894
1984-05-06,1.126495361328125
1984-05-07,2.1582417488098145
1984-05-08,3.515575647354126
1984-05-09,3.1829657554626465
1984-05-10,2.1960337162017822
1984-05-11,1.5809576511383057
1984-05-12,1.2657793760299683
1984-05-13,1.0898422002792358
1984-05-14,0.9775164723396301
1984-05-15,0.8841525316238403
1984-05-16,0.8135073781013489
1984-05-17,0.7544273734092712
1984-05-18,0.7149714827537537
1984-05-19,0.6923454999923706
1984-05-20,0.6553518772125244
1984-05-21,0.6090081334114075
1984-05-22,0.5758534073829651
1984-05-23,0.6800727844238281
1984-05-24,1.1143046617507935
1984-05-25,1.0509519577026367
1984-05-26,0.8364583849906921
1984-05-27,1.0278421640396118
1984-05-28,2.14630389213562
1984-05-29,3.302961826324463
1984-05-30,6.108030796051025
1984-05-31,5.152553558349609
1984-06-01,3.0472500324249268
1984-06-02,1.8835315704345703
1984-06-03,1.3273402452468872
1984-06-04,1.0370360612869263
1984-06-05,0.8613280653953552
1984-06-06,0.7632589340209961
1984-06-07,0.7016642093658447
1984-06-08,0.6569089889526367
1984-06-09,0.6113487482070923
1984-06-10,0.5586392283439636
1984-06-11,0.5201126933097839
1984-06-12,0.49487778544425964
1984-06-13,0.46114370226860046
1984-06-14,0.4359840452671051
1984-06-15,0.43102943897247314
1984-06-16,0.4498065114021301
1984-06-17,0.5882101058959961
1984-06-18,0.6718180775642395
1984-06-19,0.6806333661079407
1984-06-20,0.7113040685653687
1984-06-21,0.6260111927986145
1984-06-22,0.5360326170921326
1984-06-23,0.4634227156639099
1984-06-24,0.4231724739074707
1984-06-25,0.4314054250717163
1984-06-26,0.3996792137622833
1984-06-27,0.36195337772369385
1984-06-28,0.35899442434310913
1984-06-29,0.5052734613418579
1984-06-30,0.8380812406539917
1984-07-01,0.9656676650047302
1984-07-02,0.7675279974937439
1984-07-03,0.6207733154296875
1984-07-04,0.5049667358398438
1984-07-05,0.4574395716190338
1984-07-06,0.6700810790061951
1984-07-07,0.9632793068885803
1984-07-08,0.8543055057525635
1984-07-09,0.607440710067749
1984-07-10,0.4687528908252716
1984-07-11,0.4218224287033081
1984-07-12,0.3902457356452942
1984-07-13,0.5102312564849854
1984-07-14,0.8969170451164246
1984-07-15,0.9085918664932251
1984-07-16,0.7975108623504639
1984-07-17,1.3288041353225708
1984-07-18,5.529062271118164
1984-07-19,5.672698020935059
1984-07-20,2.8205738067626953
1984-07-21,1.6235320568084717
1984-07-22,1.267268180847168
1984-07-23,1.026574730873108
1984-07-24,0.8072440028190613
1984-07-25,0.7926979064941406
1984-07-26,1.5923632383346558
1984-07-27,2.646717071533203
1984-07-28,3.734872341156006
1984-07-29,7.633111000061035
1984-07-30,8.358871459960938
1984-07-31,4.9412665367126465
1984-08-01,3.155958890914917
1984-08-02,2.249978542327881
1984-08-03,1.7343485355377197
1984-08-04,1.2833044528961182
1984-08-05,0.9987569451332092
1984-08-06,0.8310549259185791
1984-08-07,0.7378413081169128
1984-08-08,0.6659226417541504
1984-08-09,0.6203261613845825
1984-08-10,0.7255992293357849
1984-08-11,1.0392590761184692
1984-08-12,1.149649739265442
1984-08-13,1.1938865184783936
1984-08-14,1.1241545677185059
1984-08-15,0.9010134935379028
1984-08-16,0.7010446786880493
1984-08-17,0.5802062749862671
1984-08-18,0.5138904452323914
1984-08-19,0.48738035559654236
1984-08-20,0.4615241289138794
1984-08-21,0.4240165650844574
1984-08-22,0.39376556873321533
1984-08-23,0.3708031475543976
1984-08-24,0.3565664291381836
1984-08-25,0.3359525799751282
1984-08-26,0.3190736770629883
1984-08-27,0.3061787486076355
1984-08-28,0.3072761595249176
1984-08-29,0.3166322112083435
1984-08-30,0.31874436140060425
1984-08-31,0.34936124086380005
1984-09-01,0.35508227348327637
1984-09-02,0.3264913260936737
1984-09-03,0.3008196949958801
1984-09-04,0.3206808567047119
1984-09-05,0.34608131647109985
1984-09-06,0.3232460618019104
1984-09-07,0.2978535294532776
1984-09-08,0.2782779932022095
1984-09-09,0.26339954137802124
1984-09-10,0.2642572224140167
1984-09-11,0.2667806148529053
1984-09-12,0.26033878326416016
1984-09-13,0.2558533549308777
1984-09-14,0.2624543309211731
1984-09-15,0.25663942098617554
1984-09-16,0.24227365851402283
1984-09-17,0.2267923802137375
1984-09-18,0.2163272500038147
1984-09-19,0.21042782068252563
1984-09-20,0.2084842175245285
1984-09-21,0.2043469399213791
1984-09-22,0.1955358237028122
1984-09-23,0.18779276311397552
1984-09-24,0.18207907676696777
1984-09-25,0.18153442442417145
1984-09-26,0.17817655205726624
1984-09-27,0.19387438893318176
1984-09-28,0.18740315735340118
1984-09-29,0.1825442910194397
1984-09-30,0.18937745690345764
1984-10-01,0.7917839884757996
1984-10-02,1.0391062498092651
1984-10-03,0.6896899938583374
1984-10-04,0.4581487476825714
1984-10-05,0.3593161106109619
1984-10-06,0.30822744965553284
1984-10-07,0.2778836786746979
1984-10-08,0.25773221254348755
1984-10-09,0.24318553507328033
1984-10-10,0.231941819190979
1984-10-11,0.22137922048568726
1984-10-12,0.21236997842788696
1984-10-13,0.20498783886432648
1984-10-14,0.19929078221321106
1984-10-15,0.19739167392253876
1984-10-16,0.1937304139137268
1984-10-17,0.1961970329284668
1984-10-18,0.20356053113937378
1984-10-19,0.21471452713012695
1984-10-20,0.206809863448143
1984-10-21,0.19921939074993134
1984-10-22,0.2101995050907135
1984-10-23,0.22893235087394714
1984-10-24,0.22104842960834503
1984-10-25,0.21001359820365906
1984-10-26,0.20297826826572418
1984-10-27,0.2012033611536026
1984-10-28,0.1968504935503006
1984-10-29,0.19461816549301147
1984-10-30,0.19587771594524384
1984-10-31,0.1951514184474945
1984-11-01,0.1970873922109604
1984-11-02,0.1955476999282837
1984-11-03,0.19305811822414398
1984-11-04,0.1970617026090622
1984-11-05,0.2081403136253357
1984-11-06,0.21044695377349854
1984-11-07,0.20455296337604523
1984-11-08,0.2030567228794098
1984-11-09,0.20137134194374084
1984-11-10,0.20085610449314117
1984-11-11,0.22733072936534882
1984-11-12,0.27474164962768555
1984-11-13,0.2654361426830292
1984-11-14,0.2469625025987625
1984-11-15,0.2382040023803711
1984-11-16,0.2239980697631836
1984-11-17,0.2196556031703949
1984-11-18,0.220804363489151
1984-11-19,0.22793203592300415
1984-11-20,0.2402898371219635
1984-11-21,0.23712512850761414
1984-11-22,0.2242761105298996
1984-11-23,0.22197651863098145
1984-11-24,0.2180461883544922
1984-11-25,0.21685415506362915
1984-11-26,0.2184251844882965
1984-11-27,0.21997149288654327
1984-11-28,0.30076682567596436
1984-11-29,0.47614848613739014
1984-11-30,0.42204055190086365
1984-12-01,0.34455883502960205
1984-12-02,0.30800819396972656
1984-12-03,0.5121623277664185
1984-12-04,0.774547278881073
1984-12-05,0.8573175668716431
1984-12-06,1.2809709310531616
1984-12-07,1.1042439937591553
1984-12-08,0.7651882171630859
1984-12-09,0.5897672176361084
1984-12-10,0.49362504482269287
1984-12-11,0.44392549991607666
1984-12-12,0.41497188806533813
1984-12-13,0.3848634362220764
1984-12-14,0.37249428033828735
1984-12-15,0.3603602945804596
1984-12-16,0.34257233142852783
1984-12-17,0.3380735218524933
1984-12-18,0.33175981044769287
1984-12-19,0.31886351108551025
1984-12-20,0.31152671575546265
1984-12-21,0.3223908543586731
1984-12-22,0.3442211151123047
1984-12-23,0.3420560956001282
1984-12-24,0.33490556478500366
1984-12-25,0.31294307112693787
1984-12-26,0.3048630356788635
1984-12-27,0.2977837324142456
1984-12-28,0.29534876346588135
1984-12-29,0.28679904341697693
1984-12-30,0.28033238649368286
1984-12-31,0.2783495783805847
1985-01-01,0.2774161696434021
1985-01-02,0.2903538942337036
1985-01-03,2.9934558868408203
1985-01-04,6.894820690155029
1985-01-05,5.401548385620117
1985-01-06,2.784334421157837
1985-01-07,1.5871186256408691
1985-01-08,1.0968809127807617
1985-01-09,0.8696804046630859
1985-01-10,0.7264834046363831
1985-01-11,0.6715520620346069
1985-01-12,0.6252021193504333
1985-01-13,0.567501962184906
1985-01-14,0.5269078016281128
1985-01-15,0.4921067953109741
1985-01-16,0.469620019197464
1985-01-17,0.4924638569355011
1985-01-18,0.5803751945495605
1985-01-19,0.5648115873336792
1985-01-20,0.5485562682151794
1985-01-21,0.5166566967964172
1985-01-22,0.5056378245353699
1985-01-23,0.47740182280540466
1985-01-24,0.456839919090271
1985-01-25,0.4505455493927002
1985-01-26,0.44007566571235657
1985-01-27,0.4243832230567932
1985-01-28,0.4534553587436676
1985-01-29,0.5400596857070923
1985-01-30,0.5435445308685303
1985-01-31,1.013657808303833
1985-02-01,6.212246417999268
1985-02-02,14.049372673034668
1985-02-03,10.382298469543457
1985-02-04,5.382823467254639
1985-02-05,3.0138304233551025
1985-02-06,3.4634947776794434
1985-02-07,3.8830859661102295
1985-02-08,2.987628698348999
1985-02-09,2.122112512588501
1985-02-10,1.6243822574615479
1985-02-11,1.4426605701446533
1985-02-12,3.7681708335876465
1985-02-13,5.027825355529785
1985-02-14,3.4900355339050293
1985-02-15,2.341465473175049
1985-02-16,1.736081600189209
1985-02-17,1.4139325618743896
1985-02-18,1.2285714149475098
1985-02-19,1.112270474433899
1985-02-20,1.0676908493041992
1985-02-21,0.9969260692596436
1985-02-22,0.9462350606918335
1985-02-23,0.9073578119277954
1985-02-24,0.8713093996047974
1985-02-25,0.8528077006340027
1985-02-26,1.6836129426956177
1985-02-27,2.6509900093078613
1985-02-28,2.053593397140503
1985-03-01,1.4896668195724487
1985-03-02,1.2065417766571045
1985-03-03,1.0493192672729492
1985-03-04,0.9413300156593323
1985-03-05,0.8866003155708313
1985-03-06,0.828669548034668
1985-03-07,0.7759052515029907
1985-03-08,0.7409721612930298
1985-03-09,0.7159913778305054
1985-03-10,0.6876497864723206
1985-03-11,0.6619473099708557
1985-03-12,0.657884955406189
1985-03-13,0.6315286159515381
1985-03-14,0.6108611822128296
1985-03-15,0.5956820249557495
1985-03-16,0.5734745860099792
1985-03-17,0.5621023178100586
1985-03-18,0.5415512323379517
1985-03-19,0.5148900747299194
1985-03-20,0.5146122574806213
1985-03-21,0.5137760043144226
1985-03-22,0.8517715334892273
1985-03-23,1.671306848526001
1985-03-24,1.6966946125030518
1985-03-25,1.611124038696289
1985-03-26,1.2513870000839233
1985-03-27,1.0107053518295288
1985-03-28,0.87173992395401
1985-03-29,0.7761913537979126
1985-03-30,0.7106732130050659
1985-03-31,0.668616771697998
1985-04-01,0.6330063343048096
1985-04-02,0.5946393013000488
1985-04-03,0.5622137784957886
1985-04-04,0.5457625985145569
1985-04-05,0.5270567536354065
1985-04-06,0.5208806395530701
1985-04-07,0.514149010181427
1985-04-08,0.4940095841884613
1985-04-09,0.4629974961280823
1985-04-10,0.428109347820282
1985-04-11,0.4211514890193939
1985-04-12,0.4192042648792267
1985-04-13,0.4116993248462677
1985-04-14,0.40565186738967896
1985-04-15,0.3946949541568756
1985-04-16,0.4063028395175934
1985-04-17,0.43411457538604736
1985-04-18,0.4178362488746643
1985-04-19,0.3953677713871002
1985-04-20,0.3737587630748749
1985-04-21,0.3531752824783325
1985-04-22,0.33485665917396545
1985-04-23,0.3176465630531311
1985-04-24,0.3081417381763458
1985-04-25,0.318870484828949
1985-04-26,0.31970563530921936
1985-04-27,0.3063566982746124
1985-04-28,0.29943132400512695
1985-04-29,0.30348411202430725
1985-04-30,0.2910883128643036
1985-05-01,0.2784216105937958
1985-05-02,0.2752067446708679
1985-05-03,0.7302168607711792
1985-05-04,1.004597783088684
1985-05-05,0.7376147508621216
1985-05-06,0.5285372138023376
1985-05-07,0.4110371172428131
1985-05-08,0.3508365750312805
1985-05-09,0.3121354579925537
1985-05-10,0.29406654834747314
1985-05-11,0.29138538241386414
1985-05-12,0.30046790838241577
1985-05-13,0.31114494800567627
1985-05-14,0.29552510380744934
1985-05-15,0.2741912305355072
1985-05-16,0.3475511372089386
1985-05-17,0.5807942152023315
1985-05-18,0.550042986869812
1985-05-19,0.4151386022567749
1985-05-20,0.3581997752189636
1985-05-21,0.41242164373397827
1985-05-22,0.5276271104812622
1985-05-23,0.7291486859321594
1985-05-24,0.7741484642028809
1985-05-25,0.6557130217552185
1985-05-26,0.49644356966018677
1985-05-27,0.38623470067977905
1985-05-28,0.3210088610649109
1985-05-29,0.28319233655929565
1985-05-30,0.2612864673137665
1985-05-31,0.23863369226455688
1985-06-01,0.22866447269916534
1985-06-02,0.211744025349617
1985-06-03,0.19359982013702393
1985-06-04,0.18589627742767334
1985-06-05,0.21401965618133545
1985-06-06,0.36664292216300964
1985-06-07,0.43785524368286133
1985-06-08,0.4861100912094116
1985-06-09,0.514201819896698
1985-06-10,0.39805859327316284
1985-06-11,0.31116268038749695
1985-06-12,0.3552721440792084
1985-06-13,0.44578659534454346
1985-06-14,0.3576260805130005
1985-06-15,0.2766074538230896
1985-06-16,0.2791822552680969
1985-06-17,0.34441033005714417
1985-06-18,0.34988537430763245
1985-06-19,0.3679720461368561
1985-06-20,0.3198429346084595
1985-06-21,0.25522637367248535
1985-06-22,0.2134467512369156
1985-06-23,0.192559152841568
1985-06-24,0.1779138743877411
1985-06-25,0.17335310578346252
1985-06-26,0.17627714574337006
1985-06-27,0.16349701583385468
1985-06-28,0.14883394539356232
1985-06-29,0.14661970734596252
1985-06-30,0.228590726852417
1985-07-01,0.38555482029914856
1985-07-02,0.4354783296585083
1985-07-03,0.34104931354522705
1985-07-04,0.2574533522129059
1985-07-05,0.2135879397392273
1985-07-06,0.2146834284067154
1985-07-07,0.2673356831073761
1985-07-08,0.2602842152118683
1985-07-09,0.213883638381958
1985-07-10,0.18449661135673523
1985-07-11,0.18445920944213867
1985-07-12,0.2095431685447693
1985-07-13,0.24566954374313354
1985-07-14,0.36523503065109253
1985-07-15,0.40147796273231506
1985-07-16,0.3452598750591278
1985-07-17,0.3275844156742096
1985-07-18,0.2681616544723511
1985-07-19,0.20782464742660522
1985-07-20,0.17021551728248596
1985-07-21,0.15153250098228455
1985-07-22,0.15512210130691528
1985-07-23,0.25799986720085144
1985-07-24,0.40872085094451904
1985-07-25,2.034939765930176
1985-07-26,4.22364616394043
1985-07-27,3.002620220184326
1985-07-28,2.542370557785034
1985-07-29,2.6185085773468018
1985-07-30,1.9352211952209473
1985-07-31,1.2294096946716309
1985-08-01,1.154954433441162
1985-08-02,1.4589452743530273
1985-08-03,1.0938276052474976
1985-08-04,0.730677604675293
1985-08-05,0.5159953236579895
1985-08-06,0.4091091752052307
1985-08-07,0.355404794216156
1985-08-08,0.374044805765152
1985-08-09,0.4697927236557007
1985-08-10,0.432343065738678
1985-08-11,0.3563617169857025
1985-08-12,0.302018940448761
1985-08-13,0.26674962043762207
1985-08-14,0.2371644675731659
1985-08-15,0.21072113513946533
1985-08-16,0.19987963140010834
1985-08-17,0.5301897525787354
1985-08-18,8.971893310546875
1985-08-19,10.220476150512695
1985-08-20,4.748945713043213
1985-08-21,3.0025172233581543
1985-08-22,2.81935977935791
1985-08-23,1.8035422563552856
1985-08-24,1.1724568605422974
1985-08-25,1.763464093208313
1985-08-26,3.266357421875
1985-08-27,2.632066249847412
1985-08-28,1.6977756023406982
1985-08-29,1.1757569313049316
1985-08-30,0.997322142124176
1985-08-31,1.1078931093215942
1985-09-01,0.9600957632064819
1985-09-02,0.741267204284668
1985-09-03,0.6005333662033081
1985-09-04,0.5070039629936218
1985-09-05,0.4410833418369293
1985-09-06,0.3931727707386017
1985-09-07,0.3599318265914917
1985-09-08,0.34223049879074097
1985-09-09,0.32562142610549927
1985-09-10,0.3091093897819519
1985-09-11,0.29418912529945374
1985-09-12,0.2950127422809601
1985-09-13,0.2814115583896637
1985-09-14,0.2693009674549103
1985-09-15,0.25606992840766907
1985-09-16,0.24429631233215332
1985-09-17,0.23599782586097717
1985-09-18,0.2273026704788208
1985-09-19,0.21996217966079712
1985-09-20,0.21247310936450958
1985-09-21,0.20833155512809753
1985-09-22,0.20992766320705414
1985-09-23,0.21243023872375488
1985-09-24,0.21153345704078674
1985-09-25,0.21278037130832672
1985-09-26,0.20965097844600677
1985-09-27,0.21416857838630676
1985-09-28,0.20659859478473663
1985-09-29,0.1941395103931427
1985-09-30,0.1858106553554535
1985-10-01,0.17884552478790283
1985-10-02,0.23997658491134644
1985-10-03,0.5676512718200684
1985-10-04,1.0396807193756104
1985-10-05,1.0022978782653809
1985-10-06,0.6606698036193848
1985-10-07,0.45514512062072754
1985-10-08,0.3569673001766205
1985-10-09,0.3026944100856781
1985-10-10,0.27305203676223755
1985-10-11,0.25114738941192627
1985-10-12,0.24418264627456665
1985-10-13,0.22911733388900757
1985-10-14,0.21723172068595886
1985-10-15,0.21052168309688568
1985-10-16,0.23479318618774414
1985-10-17,0.2511575222015381
1985-10-18,0.23420825600624084
1985-10-19,0.21718186140060425
1985-10-20,0.20360243320465088
1985-10-21,0.22410482168197632
1985-10-22,0.30707085132598877
1985-10-23,0.34731993079185486
1985-10-24,0.31684038043022156
1985-10-25,0.2762710750102997
1985-10-26,0.24331384897232056
1985-10-27,0.22371919453144073
1985-10-28,0.2111402302980423
1985-10-29,0.20125581324100494
1985-10-30,0.20607997477054596
1985-10-31,0.24284996092319489
1985-11-01,0.44459062814712524
1985-11-02,1.0323718786239624
1985-11-03,1.7844064235687256
1985-11-04,4.131286144256592
1985-11-05,5.068133354187012
1985-11-06,3.1509597301483154
1985-11-07,1.743457555770874
1985-11-08,1.1187900304794312
1985-11-09,0.8363037109375
1985-11-10,0.6964378356933594
1985-11-11,0.6096616983413696
1985-11-12,0.5522779226303101
1985-11-13,0.5555216670036316
1985-11-14,0.5480455160140991
1985-11-15,0.5132623314857483
1985-11-16,0.48502135276794434
1985-11-17,0.46526485681533813
1985-11-18,0.4378949999809265
1985-11-19,0.42530015110969543
1985-11-20,0.5665608644485474
1985-11-21,9.164389610290527
1985-11-22,20.85959815979004
1985-11-23,15.153757095336914
1985-11-24,6.671995162963867
1985-11-25,3.2633795738220215
1985-11-26,2.095794916152954
1985-11-27,1.5775617361068726
1985-11-28,1.319897174835205
1985-11-29,1.4480726718902588
1985-11-30,5.81014347076416
1985-12-01,7.403395652770996
1985-12-02,4.6997904777526855
1985-12-03,2.885305881500244
1985-12-04,1.938202142715454
1985-12-05,1.4761801958084106
1985-12-06,1.2441716194152832
1985-12-07,1.0995759963989258
1985-12-08,0.9883929491043091
1985-12-09,0.9140087366104126
1985-12-10,0.8512710928916931
1985-12-11,0.8142665028572083
1985-12-12,0.7886241674423218
1985-12-13,1.198148250579834
1985-12-14,2.018519878387451
1985-12-15,1.6979937553405762
1985-12-16,1.2922463417053223
1985-12-17,1.0649195909500122
1985-12-18,0.9351065158843994
1985-12-19,0.8734567165374756
1985-12-20,0.803486168384552
1985-12-21,0.7638721466064453
1985-12-22,0.7172586917877197
1985-12-23,0.6832313537597656
1985-12-24,0.6510568261146545
1985-12-25,0.6366156339645386
1985-12-26,0.6284219026565552
1985-12-27,0.6041662693023682
1985-12-28,0.575638473033905
1985-12-29,0.5594226121902466
1985-12-30,0.5477681159973145
1985-12-31,0.5416771173477173
1986-01-01,0.5584151148796082
1986-01-02,0.5649693012237549
1986-01-03,0.5609533190727234
1986-01-04,0.550116240978241
1986-01-05,0.527957022190094
1986-01-06,0.5191829204559326
1986-01-07,0.5041677355766296
1986-01-08,0.5013842582702637
1986-01-09,0.4830544888973236
1986-01-10,0.47625604271888733
1986-01-11,0.46718519926071167
1986-01-12,0.4619714021682739
1986-01-13,0.4545048177242279
1986-01-14,0.4490833282470703
1986-01-15,0.43509766459465027
1986-01-16,0.4316711127758026
1986-01-17,0.43136411905288696
1986-01-18,0.4312991499900818
1986-01-19,0.45260751247406006
1986-01-20,0.49096861481666565
1986-01-21,0.48253703117370605
1986-01-22,0.46924933791160583
1986-01-23,0.4591788053512573
1986-01-24,0.4451758861541748
1986-01-25,0.43735000491142273
1986-01-26,0.6136755347251892
1986-01-27,0.8961316347122192
1986-01-28,0.8155957460403442
1986-01-29,0.7187952995300293
1986-01-30,0.6716444492340088
1986-01-31,0.631694495677948
1986-02-01,0.6024924516677856
1986-02-02,0.5820669531822205
1986-02-03,0.5644727945327759
1986-02-04,0.5474268794059753
1986-02-05,0.5337316393852234
1986-02-06,0.5482553839683533
1986-02-07,0.6576387882232666
1986-02-08,0.7548110485076904
1986-02-09,0.6806666851043701
1986-02-10,0.6169759035110474
1986-02-11,0.7166663408279419
1986-02-12,0.9303086996078491
1986-02-13,0.8634812235832214
1986-02-14,0.7372671961784363
1986-02-15,0.7070801258087158
1986-02-16,0.7030429244041443
1986-02-17,0.6714951992034912
1986-02-18,0.6831827163696289
1986-02-19,0.7494816184043884
1986-02-20,0.7409166693687439
1986-02-21,0.7111368775367737
1986-02-22,0.6651511192321777
1986-02-23,0.6449066996574402
1986-02-24,0.6214179992675781
1986-02-25,0.6287443041801453
1986-02-26,0.6160584092140198
1986-02-27,0.6436706781387329
1986-02-28,0.7167192697525024
1986-03-01,0.690537691116333
1986-03-02,0.6366288661956787
1986-03-03,0.602033257484436
1986-03-04,0.5690696835517883
1986-03-05,0.5467000007629395
1986-03-06,0.5260162353515625
1986-03-07,0.5019283294677734
1986-03-08,0.4933212101459503
1986-03-09,0.4782208800315857
1986-03-10,0.4773085117340088
1986-03-11,0.4758867025375366
1986-03-12,0.46706318855285645
1986-03-13,0.4964695870876312
1986-03-14,1.8903906345367432
1986-03-15,3.8956642150878906
1986-03-16,2.825601816177368
1986-03-17,1.756825566291809
1986-03-18,1.2550767660140991
1986-03-19,1.1478794813156128
1986-03-20,1.6883748769760132
1986-03-21,1.8399481773376465
1986-03-22,1.468997836112976
1986-03-23,1.101263165473938
1986-03-24,0.9395054578781128
1986-03-25,0.8352497220039368
1986-03-26,0.7582306861877441
1986-03-27,0.7091056704521179
1986-03-28,0.6615097522735596
1986-03-29,0.6213010549545288
1986-03-30,0.5988988876342773
1986-03-31,0.5780706405639648
1986-04-01,0.5570402145385742
1986-04-02,0.5330063700675964
1986-04-03,0.5070367455482483
1986-04-04,0.480968177318573
1986-04-05,0.46348124742507935
1986-04-06,0.45193496346473694
1986-04-07,0.4597517251968384
1986-04-08,0.4649139642715454
1986-04-09,0.44424551725387573
1986-04-10,0.414894163608551
1986-04-11,0.39348703622817993
1986-04-12,0.3800063133239746
1986-04-13,0.36853986978530884
1986-04-14,0.35663437843322754
1986-04-15,0.3538670539855957
1986-04-16,0.3502102792263031
1986-04-17,0.34378376603126526
1986-04-18,0.32624006271362305
1986-04-19,0.3122594356536865
1986-04-20,0.3067670166492462
1986-04-21,0.36190611124038696
1986-04-22,0.4225267171859741
1986-04-23,0.38685524463653564
1986-04-24,0.34693437814712524
1986-04-25,0.32915303111076355
1986-04-26,0.34675025939941406
1986-04-27,0.38831833004951477
1986-04-28,0.36717191338539124
1986-04-29,0.33059510588645935
1986-04-30,0.29627686738967896
1986-05-01,0.27847832441329956
1986-05-02,0.25772348046302795
1986-05-03,0.23343585431575775
1986-05-04,0.217834934592247
1986-05-05,0.21309050917625427
1986-05-06,0.20637284219264984
1986-05-07,0.1977982521057129
1986-05-08,0.1891624927520752
1986-05-09,0.18010908365249634
1986-05-10,0.171511709690094
1986-05-11,0.16632062196731567
1986-05-12,0.1681988686323166
1986-05-13,0.1709725260734558
1986-05-14,0.1849605143070221
1986-05-15,0.18642082810401917
1986-05-16,0.17930307984352112
1986-05-17,0.17048469185829163
1986-05-18,0.15982893109321594
1986-05-19,0.16081123054027557
1986-05-20,0.306901216506958
1986-05-21,0.6015059947967529
1986-05-22,0.5616501569747925
1986-05-23,0.39855480194091797
1986-05-24,0.30889469385147095
1986-05-25,0.2800411880016327
1986-05-26,0.28122085332870483
1986-05-27,0.27638426423072815
1986-05-28,0.2980920076370239
1986-05-29,0.32934999465942383
1986-05-30,0.3110907971858978
1986-05-31,0.32624566555023193
1986-06-01,0.3043976128101349
1986-06-02,0.25426119565963745
1986-06-03,0.21557599306106567
1986-06-04,0.19296082854270935
1986-06-05,0.17494571208953857
1986-06-06,0.15851613879203796
1986-06-07,0.15089596807956696
1986-06-08,0.18828383088111877
1986-06-09,0.23213323950767517
1986-06-10,0.20198535919189453
1986-06-11,0.1645374596118927
1986-06-12,0.1449858844280243
1986-06-13,0.12821519374847412
1986-06-14,0.1149493157863617
1986-06-15,0.10944272577762604
1986-06-16,0.10789123922586441
1986-06-17,0.10601987689733505
1986-06-18,0.1021389365196228
1986-06-19,0.09455616772174835
1986-06-20,0.08986932784318924
1986-06-21,0.08560674637556076
1986-06-22,0.0796719640493393
1986-06-23,0.07790887355804443
1986-06-24,0.07679782807826996
1986-06-25,0.07442446053028107
1986-06-26,0.06840965151786804
1986-06-27,0.06530790030956268
1986-06-28,0.06511332094669342
1986-06-29,0.08488709479570389
1986-06-30,0.11497670412063599
1986-07-01,0.153596431016922
1986-07-02,0.20626585185527802
1986-07-03,0.20786559581756592
1986-07-04,0.15959979593753815
1986-07-05,0.12200282514095306
1986-07-06,0.09986032545566559
1986-07-07,0.08563385158777237
1986-07-08,0.07499317079782486
1986-07-09,0.07071691751480103
1986-07-10,0.07336261123418808
1986-07-11,0.08479271829128265
1986-07-12,0.08711835741996765
1986-07-13,0.07788992673158646
1986-07-14,0.07047790288925171
1986-07-15,0.06472496688365936
1986-07-16,0.06486188620328903
1986-07-17,0.06177777051925659
1986-07-18,0.057257428765296936
1986-07-19,0.05134962499141693
1986-07-20,0.04639570415019989
1986-07-21,0.05045067146420479
1986-07-22,0.07646197080612183
1986-07-23,0.1111345887184143
1986-07-24,0.11978763341903687
1986-07-25,0.10469572246074677
1986-07-26,0.09324651211500168
1986-07-27,0.10125982761383057
1986-07-28,0.10214830189943314
1986-07-29,0.09035466611385345
1986-07-30,0.07579744607210159
1986-07-31,0.06316258013248444
1986-08-01,0.05478723719716072
1986-08-02,0.050683338195085526
1986-08-03,0.053353674709796906
1986-08-04,0.056345172226428986
1986-08-05,0.06404159963130951
1986-08-06,0.07917163521051407
1986-08-07,0.08000679314136505
1986-08-08,0.07233474403619766
1986-08-09,0.06597228348255157
1986-08-10,0.06182905286550522
1986-08-11,0.06344521045684814
1986-08-12,0.11553793400526047
1986-08-13,0.2154453694820404
1986-08-14,0.2334129512310028
1986-08-15,0.16834761202335358
1986-08-16,0.11993090063333511
1986-08-17,0.10880237817764282
1986-08-18,0.13325151801109314
1986-08-19,0.16148652136325836
1986-08-20,0.31230035424232483
1986-08-21,0.5041366219520569
1986-08-22,0.3670133948326111
1986-08-23,0.23022322356700897
1986-08-24,0.1933497041463852
1986-08-25,0.1798180639743805
1986-08-26,0.14257389307022095
1986-08-27,0.13878539204597473
1986-08-28,0.3294452130794525
1986-08-29,0.5485513806343079
1986-08-30,0.3809049129486084
1986-08-31,0.23404401540756226
1986-09-01,0.16761931777000427
1986-09-02,0.14008191227912903
1986-09-03,0.1279732584953308
1986-09-04,0.12285014241933823
1986-09-05,0.15353339910507202
1986-09-06,0.2215205878019333
1986-09-07,0.19507214426994324
1986-09-08,0.154205322265625
1986-09-09,0.12893255054950714
1986-09-10,0.11353416740894318
1986-09-11,0.10278800874948502
1986-09-12,0.09489304572343826
1986-09-13,0.08632407337427139
1986-09-14,0.0807008147239685
1986-09-15,0.0749371349811554
1986-09-16,0.07005932927131653
1986-09-17,0.06603656709194183
1986-09-18,0.06203951686620712
1986-09-19,0.060169681906700134
1986-09-20,0.05860510468482971
1986-09-21,0.05689921975135803
1986-09-22,0.054655492305755615
1986-09-23,0.053487129509449005
1986-09-24,0.051726847887039185
1986-09-25,0.05001967400312424
1986-09-26,0.04839366674423218
1986-09-27,0.04746146872639656
1986-09-28,0.04602743685245514
1986-09-29,0.04579055681824684
1986-09-30,0.04574860259890556
1986-10-01,0.0441288985311985
1986-10-02,0.04264259710907936
1986-10-03,0.041501108556985855
1986-10-04,0.040234871208667755
1986-10-05,0.038077615201473236
1986-10-06,0.03707461431622505
1986-10-07,0.03677426278591156
1986-10-08,0.03792029619216919
1986-10-09,0.03919002786278725
1986-10-10,0.04705338925123215
1986-10-11,0.05087529122829437
1986-10-12,0.049767959862947464
1986-10-13,0.05128299072384834
1986-10-14,0.07587423175573349
1986-10-15,0.10358031839132309
1986-10-16,0.09989695996046066
1986-10-17,0.08431331068277359
1986-10-18,0.07269004732370377
1986-10-19,0.06502322852611542
1986-10-20,0.06275211274623871
1986-10-21,0.060656365007162094
1986-10-22,0.06039131432771683
1986-10-23,0.057992734014987946
1986-10-24,0.0567534863948822
1986-10-25,0.06592824310064316
1986-10-26,0.12196581810712814
1986-10-27,0.16564561426639557
1986-10-28,0.1432180255651474
1986-10-29,0.11691689491271973
1986-10-30,0.09816453605890274
1986-10-31,0.08454722911119461
1986-11-01,0.08466247469186783
1986-11-02,0.09417737275362015
1986-11-03,0.09454386681318283
1986-11-04,0.09315822273492813
1986-11-05,0.09065649658441544
1986-11-06,0.09877025336027145
1986-11-07,0.13849467039108276
1986-11-08,0.23638778924942017
1986-11-09,0.21621397137641907
1986-11-10,0.17336507141590118
1986-11-11,0.14554019272327423
1986-11-12,0.255919873714447
1986-11-13,0.5131586790084839
1986-11-14,0.455392986536026
1986-11-15,0.37721171975135803
1986-11-16,0.5154582858085632
1986-11-17,0.42490363121032715
1986-11-18,0.3427281081676483
1986-11-19,0.2989409863948822
1986-11-20,0.32868507504463196
1986-11-21,0.5481820106506348
1986-11-22,0.4792810082435608
1986-11-23,0.3630569577217102
1986-11-24,0.3025718331336975
1986-11-25,0.26549986004829407
1986-11-26,0.320184588432312
1986-11-27,0.5061457753181458
1986-11-28,0.49183085560798645
1986-11-29,0.4147031307220459
1986-11-30,0.34272268414497375
1986-12-01,0.3269804120063782
1986-12-02,0.7073142528533936
1986-12-03,1.3717851638793945
1986-12-04,1.1664386987686157
1986-12-05,0.7762402296066284
1986-12-06,0.5511177778244019
1986-12-07,0.439130038022995
1986-12-08,0.37796080112457275
1986-12-09,0.37556901574134827
1986-12-10,0.5003599524497986
1986-12-11,1.2648849487304688
1986-12-12,2.0584723949432373
1986-12-13,1.7413349151611328
1986-12-14,1.1368098258972168
1986-12-15,0.7880210876464844
1986-12-16,0.6185165643692017
1986-12-17,0.5290906429290771
1986-12-18,0.47242116928100586
1986-12-19,0.4482722580432892
1986-12-20,0.4154033064842224
1986-12-21,0.38362136483192444
1986-12-22,0.3572649359703064
1986-12-23,0.33752375841140747
1986-12-24,1.5465781688690186
1986-12-25,4.43326997756958
1986-12-26,3.1891140937805176
1986-12-27,1.8031340837478638
1986-12-28,1.1501917839050293
1986-12-29,0.8396662473678589
1986-12-30,0.6829586029052734
1986-12-31,0.588512122631073
1987-01-01,1.0699739456176758
1987-01-02,2.5504965782165527
1987-01-03,2.1742563247680664
1987-01-04,1.4762386083602905
1987-01-05,1.0516490936279297
1987-01-06,0.8233133554458618
1987-01-07,0.7016648650169373
1987-01-08,0.6195950508117676
1987-01-09,0.5636469125747681
1987-01-10,0.532778799533844
1987-01-11,0.5743918418884277
1987-01-12,0.5527822375297546
1987-01-13,0.5130937099456787
1987-01-14,0.48553523421287537
1987-01-15,0.46522241830825806
1987-01-16,0.45381319522857666
1987-01-17,0.4588479995727539
1987-01-18,0.8620391488075256
1987-01-19,6.971015930175781
1987-01-20,8.975166320800781
1987-01-21,5.019653797149658
1987-01-22,6.1548967361450195
1987-01-23,7.267958164215088
1987-01-24,4.404720783233643
1987-01-25,2.9500269889831543
1987-01-26,2.538790225982666
1987-01-27,2.130509614944458
1987-01-28,1.761331558227539
1987-01-29,1.513694405555725
1987-01-30,1.6471073627471924
1987-01-31,2.1818058490753174
1987-02-01,2.140868902206421
1987-02-02,1.944927453994751
1987-02-03,2.335770845413208
1987-02-04,1.9758307933807373
1987-02-05,1.5453888177871704
1987-02-06,1.2184433937072754
1987-02-07,1.0903018712997437
1987-02-08,0.9752950072288513
1987-02-09,0.8850835561752319
1987-02-10,0.8075416684150696
1987-02-11,0.744268000125885
1987-02-12,0.7231405973434448
1987-02-13,0.6929991245269775
1987-02-14,0.6645097136497498
1987-02-15,0.6508218050003052
1987-02-16,0.7447671890258789
1987-02-17,1.2643669843673706
1987-02-18,1.5793347358703613
1987-02-19,1.6419439315795898
1987-02-20,1.6360245943069458
1987-02-21,1.6315752267837524
1987-02-22,1.8157329559326172
1987-02-23,4.615986347198486
1987-02-24,4.488623142242432
1987-02-25,3.1896018981933594
1987-02-26,2.2465882301330566
1987-02-27,4.295034408569336
1987-02-28,16.571456909179688
1987-03-01,29.10836410522461
1987-03-02,17.353347778320312
1987-03-03,8.31689739227295
1987-03-04,4.526250839233398
1987-03-05,2.988070487976074
1987-03-06,2.1808576583862305
1987-03-07,1.7607336044311523
1987-03-08,1.595761775970459
1987-03-09,1.6925206184387207
1987-03-10,1.7173421382904053
1987-03-11,1.683595061302185
1987-03-12,1.4612044095993042
1987-03-13,1.2761781215667725
1987-03-14,1.1485626697540283
1987-03-15,1.0733489990234375
1987-03-16,1.0036182403564453
1987-03-17,0.9726688861846924
1987-03-18,0.9231510162353516
1987-03-19,1.0059905052185059
1987-03-20,1.2817878723144531
1987-03-21,1.199321985244751
1987-03-22,1.0653266906738281
1987-03-23,0.9631567597389221
1987-03-24,0.896484911441803
1987-03-25,0.8609507083892822
1987-03-26,0.8296325206756592
1987-03-27,0.8047341108322144
1987-03-28,0.842695415019989
1987-03-29,0.8800629377365112
1987-03-30,1.0426292419433594
1987-03-31,2.2755730152130127
1987-04-01,2.116766929626465
1987-04-02,1.5748648643493652
1987-04-03,1.2863028049468994
1987-04-04,1.513061761856079
1987-04-05,1.7382694482803345
1987-04-06,1.4881391525268555
1987-04-07,1.2222360372543335
1987-04-08,1.041304349899292
1987-04-09,0.9151999950408936
1987-04-10,0.8320447206497192
1987-04-11,0.7930654287338257
1987-04-12,0.7673165202140808
1987-04-13,0.7770594358444214
1987-04-14,0.7711928486824036
1987-04-15,1.7531497478485107
1987-04-16,8.846842765808105
1987-04-17,8.398136138916016
1987-04-18,5.280543804168701
1987-04-19,3.573533535003662
1987-04-20,2.450995445251465
1987-04-21,1.8022581338882446
1987-04-22,1.430079460144043
1987-04-23,1.1993296146392822
1987-04-24,1.8297570943832397
1987-04-25,2.7589869499206543
1987-04-26,2.40189790725708
1987-04-27,1.733588695526123
1987-04-28,1.3500839471817017
1987-04-29,1.1178137063980103
1987-04-30,0.9860241413116455
1987-05-01,0.906512439250946
1987-05-02,0.8512224555015564
1987-05-03,0.8161351680755615
1987-05-04,0.7683131694793701
1987-05-05,0.7324884533882141
1987-05-06,0.6774795055389404
1987-05-07,0.6456016302108765
1987-05-08,0.6371797323226929
1987-05-09,0.6079447269439697
1987-05-10,0.5775681138038635
1987-05-11,0.5411391258239746
1987-05-12,0.5016764402389526
1987-05-13,0.49695664644241333
1987-05-14,0.5245974063873291
1987-05-15,0.5067332983016968
1987-05-16,0.4783277213573456
1987-05-17,0.44585272669792175
1987-05-18,0.42007049918174744
1987-05-19,0.39883267879486084
1987-05-20,0.49352216720581055
1987-05-21,0.6508989334106445
1987-05-22,0.5703892707824707
1987-05-23,0.4864538013935089
1987-05-24,0.4350472390651703
1987-05-25,0.4043368697166443
1987-05-26,0.39747345447540283
1987-05-27,0.39958110451698303
1987-05-28,0.377050518989563
1987-05-29,0.35326284170150757
1987-05-30,0.3311366140842438
1987-05-31,0.3111632764339447
1987-06-01,0.3002966344356537
1987-06-02,0.30961304903030396
1987-06-03,0.30738791823387146
1987-06-04,0.30863073468208313
1987-06-05,0.3254290521144867
1987-06-06,0.29884639382362366
1987-06-07,0.2702447175979614
1987-06-08,0.24795502424240112
1987-06-09,0.2268359214067459
1987-06-10,0.21383380889892578
1987-06-11,0.1997479796409607
1987-06-12,0.18816044926643372
1987-06-13,0.1794137954711914
1987-06-14,0.18481066823005676
1987-06-15,0.19078855216503143
1987-06-16,0.24572886526584625
1987-06-17,0.36689433455467224
1987-06-18,0.3725453019142151
1987-06-19,0.33812934160232544
1987-06-20,0.3066161572933197
1987-06-21,0.2649926245212555
1987-06-22,0.2317425012588501
1987-06-23,0.20758192241191864
1987-06-24,0.1924191117286682
1987-06-25,0.1838746964931488
1987-06-26,0.19542980194091797
1987-06-27,0.24301846325397491
1987-06-28,0.24439913034439087
1987-06-29,0.20736834406852722
1987-06-30,0.17730019986629486
1987-07-01,0.1572982370853424
1987-07-02,0.15271209180355072
1987-07-03,0.1705138087272644
1987-07-04,0.3469221293926239
1987-07-05,0.5366588830947876
1987-07-06,0.44752100110054016
1987-07-07,0.31994307041168213
1987-07-08,0.25171858072280884
1987-07-09,0.21906578540802002
1987-07-10,0.19409650564193726
1987-07-11,0.179707869887352
1987-07-12,0.19074119627475739
1987-07-13,0.21753278374671936
1987-07-14,0.20855166018009186
1987-07-15,0.18444743752479553
1987-07-16,0.16371597349643707
1987-07-17,0.1458066999912262
1987-07-18,0.13133056461811066
1987-07-19,0.12252043187618256
1987-07-20,0.11380789428949356
1987-07-21,0.10476252436637878
1987-07-22,0.09769632667303085
1987-07-23,0.09381331503391266
1987-07-24,0.09076056629419327
1987-07-25,0.0869174674153328
1987-07-26,0.08698856830596924
1987-07-27,0.09277822822332382
1987-07-28,0.0961998999118805
1987-07-29,0.0938086286187172
1987-07-30,0.09232491254806519
1987-07-31,0.09111814945936203
1987-08-01,0.09241611510515213
1987-08-02,0.09403689950704575
1987-08-03,0.09145224094390869
1987-08-04,0.08867786824703217
1987-08-05,0.08602418750524521
1987-08-06,0.08609707653522491
1987-08-07,0.1047806367278099
1987-08-08,0.1215701475739479
1987-08-09,0.13317345082759857
1987-08-10,0.13154631853103638
1987-08-11,0.11508440226316452
1987-08-12,0.09897460788488388
1987-08-13,0.08574774116277695
1987-08-14,0.07856602966785431
1987-08-15,0.08226314187049866
1987-08-16,0.0892690047621727
1987-08-17,0.08504031598567963
1987-08-18,0.07684262096881866
1987-08-19,0.07831758260726929
1987-08-20,0.07959795743227005
1987-08-21,0.09630615264177322
1987-08-22,0.1198718249797821
1987-08-23,0.11632741987705231
1987-08-24,0.09873148798942566
1987-08-25,0.08918317407369614
1987-08-26,0.09286554902791977
1987-08-27,0.1020471453666687
1987-08-28,0.09911036491394043
1987-08-29,0.08979197591543198
1987-08-30,0.08228606730699539
1987-08-31,0.09777523577213287
1987-09-01,0.14097070693969727
1987-09-02,0.13704046607017517
1987-09-03,0.11469629406929016
1987-09-04,0.10203360766172409
1987-09-05,0.11856463551521301
1987-09-06,0.1931326985359192
1987-09-07,0.3460969924926758
1987-09-08,0.7926293015480042
1987-09-09,0.7197017669677734
1987-09-10,0.4373187720775604
1987-09-11,0.31407463550567627
1987-09-12,0.28019773960113525
1987-09-13,0.2693865895271301
1987-09-14,0.22947609424591064
1987-09-15,0.1835813820362091
1987-09-16,0.15095862746238708
1987-09-17,0.13239458203315735
1987-09-18,0.11913824081420898
1987-09-19,0.10852866619825363
1987-09-20,0.11601899564266205
1987-09-21,0.12177464365959167
1987-09-22,0.11213631927967072
1987-09-23,0.10112471878528595
1987-09-24,0.09422460943460464
1987-09-25,0.08915431797504425
1987-09-26,0.08710412681102753
1987-09-27,0.08554171025753021
1987-09-28,0.08193503320217133
1987-09-29,0.07866345345973969
1987-09-30,0.12124406546354294
1987-10-01,0.16977573931217194
1987-10-02,0.15424762666225433
1987-10-03,0.13091255724430084
1987-10-04,0.11595863103866577
1987-10-05,0.10624755173921585
1987-10-06,0.09890052676200867
1987-10-07,0.11306595802307129
1987-10-08,0.1224563866853714
1987-10-09,0.11642853915691376
1987-10-10,0.1095861941576004
1987-10-11,0.10264289379119873
1987-10-12,0.10753729939460754
1987-10-13,0.10044609755277634
1987-10-14,0.0940897986292839
1987-10-15,0.09026454389095306
1987-10-16,0.08850045502185822
1987-10-17,0.08675496280193329
1987-10-18,0.08394181728363037
1987-10-19,0.08463519811630249
1987-10-20,0.0832318365573883
1987-10-21,0.08237204700708389
1987-10-22,0.08081389218568802
1987-10-23,0.07998058944940567
1987-10-24,0.08094973117113113
1987-10-25,0.0792648196220398
1987-10-26,0.07658800482749939
1987-10-27,0.1056772768497467
1987-10-28,0.16337527334690094
1987-10-29,0.15888933837413788
1987-10-30,0.13627217710018158
1987-10-31,0.1246379017829895
1987-11-01,0.11649381369352341
1987-11-02,0.11156834661960602
1987-11-03,0.10892859846353531
1987-11-04,0.10612548142671585
1987-11-05,0.1004694402217865
1987-11-06,0.0966007262468338
1987-11-07,0.09915791451931
1987-11-08,0.09697172045707703
1987-11-09,0.09779222309589386
1987-11-10,0.11152102053165436
1987-11-11,0.1652689129114151
1987-11-12,0.1946510672569275
1987-11-13,0.1806582659482956
1987-11-14,0.16205179691314697
1987-11-15,0.1479692906141281
1987-11-16,0.13582445681095123
1987-11-17,0.13501125574111938
1987-11-18,0.16171571612358093
1987-11-19,0.1753624677658081
1987-11-20,0.1645350158214569
1987-11-21,0.14984481036663055
1987-11-22,0.1410674899816513
1987-11-23,0.13788770139217377
1987-11-24,0.1332358717918396
1987-11-25,0.1326068937778473
1987-11-26,0.13024736940860748
1987-11-27,0.3911795914173126
1987-11-28,0.8756697177886963
1987-11-29,0.9169936180114746
1987-11-30,0.8468983173370361
1987-12-01,0.5753451585769653
1987-12-02,0.3960655629634857
1987-12-03,0.3137611448764801
1987-12-04,0.2595573663711548
1987-12-05,0.230289489030838
1987-12-06,0.21511265635490417
1987-12-07,0.20259138941764832
1987-12-08,0.19985967874526978
1987-12-09,0.1951964646577835
1987-12-10,0.20633813738822937
1987-12-11,0.27662843465805054
1987-12-12,0.28308016061782837
1987-12-13,0.2554296553134918
1987-12-14,0.23575828969478607
1987-12-15,0.36278975009918213
1987-12-16,0.7425730228424072
1987-12-17,0.6223468780517578
1987-12-18,0.45080989599227905
1987-12-19,0.3585418462753296
1987-12-20,0.30636924505233765
1987-12-21,0.33669933676719666
1987-12-22,0.4523414969444275
1987-12-23,0.4833977222442627
1987-12-24,0.4266743063926697
1987-12-25,0.36733344197273254
1987-12-26,0.3749140501022339
1987-12-27,0.4197820723056793
1987-12-28,1.122684121131897
1987-12-29,1.965566635131836
1987-12-30,1.4245412349700928
1987-12-31,0.8883581757545471
1988-01-01,0.6537996530532837
1988-01-02,0.7485697865486145
1988-01-03,1.4448450803756714
1988-01-04,2.3660106658935547
1988-01-05,1.8684933185577393
1988-01-06,1.2658603191375732
1988-01-07,0.9094097018241882
1988-01-08,0.8589251041412354
1988-01-09,0.8606065511703491
1988-01-10,0.7934726476669312
1988-01-11,0.7038982510566711
1988-01-12,0.6165452003479004
1988-01-13,0.6762402057647705
1988-01-14,0.7133329510688782
1988-01-15,0.6315475702285767
1988-01-16,0.5693236589431763
1988-01-17,0.5666545629501343
1988-01-18,0.8151145577430725
1988-01-19,1.4196381568908691
1988-01-20,2.731039524078369
1988-01-21,3.3298041820526123
1988-01-22,2.341278553009033
1988-01-23,1.5533462762832642
1988-01-24,1.1163561344146729
1988-01-25,1.0166494846343994
1988-01-26,1.2383440732955933
1988-01-27,1.0868456363677979
1988-01-28,0.8694266676902771
1988-01-29,0.7366840243339539
1988-01-30,0.6766700148582458
1988-01-31,0.6490957736968994
1988-02-01,0.6346008777618408
1988-02-02,0.6099740862846375
1988-02-03,0.8148254156112671
1988-02-04,2.2824859619140625
1988-02-05,2.743579149246216
1988-02-06,2.0098135471343994
1988-02-07,1.3849895000457764
1988-02-08,1.0378289222717285
1988-02-09,0.8425990343093872
1988-02-10,0.7484790682792664
1988-02-11,0.7263035178184509
1988-02-12,0.8620792627334595
1988-02-13,0.9105852842330933
1988-02-14,0.7838007211685181
1988-02-15,0.7452750205993652
1988-02-16,0.932094156742096
1988-02-17,0.9207203388214111
1988-02-18,0.8156229257583618
1988-02-19,0.811034083366394
1988-02-20,0.9856776595115662
1988-02-21,0.9222913384437561
1988-02-22,0.7913507223129272
1988-02-23,0.7109742164611816
1988-02-24,0.6759219765663147
1988-02-25,0.6447089314460754
1988-02-26,0.6026150584220886
1988-02-27,0.561932384967804
1988-02-28,0.5380770564079285
1988-02-29,0.5090805888175964
1988-03-01,0.49908554553985596
1988-03-02,0.4815855622291565
1988-03-03,0.481624960899353
1988-03-04,0.4929308295249939
1988-03-05,0.5358533263206482
1988-03-06,0.5207173824310303
1988-03-07,0.49608319997787476
1988-03-08,0.4768105149269104
1988-03-09,0.49380508065223694
1988-03-10,1.0790936946868896
1988-03-11,1.7038815021514893
1988-03-12,1.3724383115768433
1988-03-13,1.0792133808135986
1988-03-14,0.9351116418838501
1988-03-15,0.8166176080703735
1988-03-16,0.7063040733337402
1988-03-17,0.6209206581115723
1988-03-18,0.5648481249809265
1988-03-19,0.685914933681488
1988-03-20,0.8129785060882568
1988-03-21,0.7661147713661194
1988-03-22,0.6761881113052368
1988-03-23,0.6061933040618896
1988-03-24,0.5640621781349182
1988-03-25,0.5397287607192993
1988-03-26,0.5531181693077087
1988-03-27,0.6194289922714233
1988-03-28,0.5817958116531372
1988-03-29,0.5347983241081238
1988-03-30,0.508196234703064
1988-03-31,0.4847556948661804
1988-04-01,0.4677647054195404
1988-04-02,0.45087528228759766
1988-04-03,0.4493444561958313
1988-04-04,0.4722556471824646
1988-04-05,0.4878215491771698
1988-04-06,0.4654858708381653
1988-04-07,0.545413613319397
1988-04-08,0.6893097162246704
1988-04-09,0.6367642879486084
1988-04-10,0.5404794216156006
1988-04-11,0.47412627935409546
1988-04-12,0.5036642551422119
1988-04-13,0.7323355674743652
1988-04-14,0.7738351821899414
1988-04-15,0.6661720871925354
1988-04-16,0.5700151324272156
1988-04-17,0.4945291578769684
1988-04-18,0.4593254625797272
1988-04-19,0.907974123954773
1988-04-20,1.7987107038497925
1988-04-21,1.406984567642212
1988-04-22,0.9526301622390747
1988-04-23,0.7269597053527832
1988-04-24,0.615825355052948
1988-04-25,0.5332075953483582
1988-04-26,0.4707842767238617
1988-04-27,0.43833258748054504
1988-04-28,0.4188236892223358
1988-04-29,0.3907357454299927
1988-04-30,0.3627113103866577
1988-05-01,0.3419088125228882
1988-05-02,0.323806494474411
1988-05-03,0.31184104084968567
1988-05-04,0.31316959857940674
1988-05-05,0.4031672477722168
1988-05-06,0.5049572587013245
1988-05-07,0.4836304187774658
1988-05-08,0.40693819522857666
1988-05-09,0.36672472953796387
1988-05-10,0.3835274577140808
1988-05-11,0.38875913619995117
1988-05-12,0.36069029569625854
1988-05-13,0.3157975375652313
1988-05-14,0.29166263341903687
1988-05-15,0.27711915969848633
1988-05-16,0.2943563759326935
1988-05-17,0.47182533144950867
1988-05-18,0.654052197933197
1988-05-19,0.5995729565620422
1988-05-20,0.5070403218269348
1988-05-21,0.4441511034965515
1988-05-22,0.363164484500885
1988-05-23,0.3332503139972687
1988-05-24,0.3584309220314026
1988-05-25,0.345344215631485
1988-05-26,0.33142349123954773
1988-05-27,0.28908222913742065
1988-05-28,0.2611082196235657
1988-05-29,0.23817282915115356
1988-05-30,0.21780677139759064
1988-05-31,0.2013438493013382
1988-06-01,0.18458124995231628
1988-06-02,0.17683163285255432
1988-06-03,0.1898573338985443
1988-06-04,0.20871256291866302
1988-06-05,0.19499406218528748
1988-06-06,0.17656108736991882
1988-06-07,0.15996897220611572
1988-06-08,0.144016295671463
1988-06-09,0.14610615372657776
1988-06-10,0.21502628922462463
1988-06-11,0.23080314695835114
1988-06-12,0.19630427658557892
1988-06-13,0.166934996843338
1988-06-14,0.1470760852098465
1988-06-15,0.13392840325832367
1988-06-16,0.12466904520988464
1988-06-17,0.12552520632743835
1988-06-18,0.13577091693878174
1988-06-19,0.14974597096443176
1988-06-20,0.14511056244373322
1988-06-21,0.1437322199344635
1988-06-22,0.14560139179229736
1988-06-23,0.1300210803747177
1988-06-24,0.12064289301633835
1988-06-25,0.11885694414377213
1988-06-26,0.11850722134113312
1988-06-27,0.18554998934268951
1988-06-28,0.1897720843553543
1988-06-29,0.15387380123138428
1988-06-30,0.1306939721107483
1988-07-01,0.12629416584968567
1988-07-02,0.11126689612865448
1988-07-03,0.09682958573102951
1988-07-04,0.08679765462875366
1988-07-05,0.08109688758850098
1988-07-06,0.0758737251162529
1988-07-07,0.07081961631774902
1988-07-08,0.06812109798192978
1988-07-09,0.06782080978155136
1988-07-10,0.06949956715106964
1988-07-11,0.07586737722158432
1988-07-12,0.0900491401553154
1988-07-13,0.10685352236032486
1988-07-14,0.10558511316776276
1988-07-15,0.09444531053304672
1988-07-16,0.08330214768648148
1988-07-17,0.073252372443676
1988-07-18,0.0698101744055748
1988-07-19,0.07136664539575577
1988-07-20,0.07113303989171982
1988-07-21,0.07081346213817596
1988-07-22,0.09845966100692749
1988-07-23,0.13973352313041687
1988-07-24,0.15045079588890076
1988-07-25,0.12527741491794586
1988-07-26,0.10777437686920166
1988-07-27,0.09993938356637955
1988-07-28,0.10868839919567108
1988-07-29,0.13260343670845032
1988-07-30,0.14351390302181244
1988-07-31,0.12170879542827606
1988-08-01,0.09785985201597214
1988-08-02,0.08065040409564972
1988-08-03,0.07137993723154068
1988-08-04,0.06774307042360306
1988-08-05,0.06354466825723648
1988-08-06,0.06284251809120178
1988-08-07,0.06123081222176552
1988-08-08,0.05731094256043434
1988-08-09,0.051827769726514816
1988-08-10,0.04773206636309624
1988-08-11,0.048604510724544525
1988-08-12,0.05007437244057655
1988-08-13,0.04679373279213905
1988-08-14,0.044730525463819504
1988-08-15,0.04566703736782074
1988-08-16,0.048975639045238495
1988-08-17,0.048107266426086426
1988-08-18,0.04290098696947098
1988-08-19,0.03813156113028526
1988-08-20,0.04262491315603256
1988-08-21,0.05715296044945717
1988-08-22,0.05925394222140312
1988-08-23,0.05086195841431618
1988-08-24,0.05715734884142876
1988-08-25,0.06599412858486176
1988-08-26,0.05961451306939125
1988-08-27,0.04869203642010689
1988-08-28,0.06296666711568832
1988-08-29,0.733112096786499
1988-08-30,0.8914120197296143
1988-08-31,0.5351471304893494
1988-09-01,0.28109365701675415
1988-09-02,0.1689426749944687
1988-09-03,0.12086619436740875
1988-09-04,0.13970182836055756
1988-09-05,0.5578930974006653
1988-09-06,0.5596961379051208
1988-09-07,0.3432858884334564
1988-09-08,0.21340541541576385
1988-09-09,0.24754852056503296
1988-09-10,0.6206247806549072
1988-09-11,0.5815319418907166
1988-09-12,0.37159883975982666
1988-09-13,0.23990225791931152
1988-09-14,0.17343010008335114
1988-09-15,0.13968028128147125
1988-09-16,0.12145476043224335
1988-09-17,0.14494386315345764
1988-09-18,0.22226645052433014
1988-09-19,0.22901280224323273
1988-09-20,0.19711726903915405
1988-09-21,0.16124767065048218
1988-09-22,0.13168583810329437
1988-09-23,0.11426836997270584
1988-09-24,0.12461966276168823
1988-09-25,0.15942667424678802
1988-09-26,0.16563615202903748
1988-09-27,0.1424490213394165
1988-09-28,0.12062648683786392
1988-09-29,0.10481346398591995
1988-09-30,0.09735438972711563
1988-10-01,0.09039115160703659
1988-10-02,0.0858113095164299
1988-10-03,0.12783023715019226
1988-10-04,1.3180415630340576
1988-10-05,1.601824164390564
1988-10-06,0.9129398465156555
1988-10-07,0.4955063462257385
1988-10-08,0.32587024569511414
1988-10-09,0.2485586702823639
1988-10-10,0.2059091031551361
1988-10-11,0.1765006184577942
1988-10-12,0.15896952152252197
1988-10-13,0.1481313556432724
1988-10-14,0.13881447911262512
1988-10-15,0.13371190428733826
1988-10-16,0.12683002650737762
1988-10-17,0.11994150280952454
1988-10-18,0.1149028092622757
1988-10-19,0.1398065984249115
1988-10-20,0.1737661361694336
1988-10-21,0.24791595339775085
1988-10-22,0.4060817062854767
1988-10-23,0.3661099970340729
1988-10-24,0.28455203771591187
1988-10-25,0.22654035687446594
1988-10-26,0.19115690886974335
1988-10-27,0.17097799479961395
1988-10-28,0.16911444067955017
1988-10-29,0.17663384974002838
1988-10-30,0.16793286800384521
1988-10-31,0.16945357620716095
1988-11-01,1.988614797592163
1988-11-02,3.405588388442993
1988-11-03,2.122150182723999
1988-11-04,1.1541444063186646
1988-11-05,0.8484383225440979
1988-11-06,0.8461673855781555
1988-11-07,0.6781423091888428
1988-11-08,0.5352819561958313
1988-11-09,0.43216705322265625
1988-11-10,0.3775569498538971
1988-11-11,0.33752351999282837
1988-11-12,0.3061608672142029
1988-11-13,0.2877582907676697
1988-11-14,0.27491071820259094
1988-11-15,0.2631496489048004
1988-11-16,0.25014960765838623
1988-11-17,0.2987869381904602
1988-11-18,0.3827805519104004
1988-11-19,0.36326777935028076
1988-11-20,0.3549700379371643
1988-11-21,0.35942456126213074
1988-11-22,0.3285272717475891
1988-11-23,0.30407848954200745
1988-11-24,0.301257848739624
1988-11-25,0.29251983761787415
1988-11-26,0.27638939023017883
1988-11-27,0.2646688222885132
1988-11-28,0.5142430663108826
1988-11-29,0.8015100955963135
1988-11-30,0.6861904859542847
1988-12-01,0.5252094268798828
1988-12-02,0.427636981010437
1988-12-03,0.37420007586479187
1988-12-04,0.32880863547325134
1988-12-05,0.30669301748275757
1988-12-06,0.2912711501121521
1988-12-07,0.27896592020988464
1988-12-08,0.26784735918045044
1988-12-09,0.27304351329803467
1988-12-10,0.3067082166671753
1988-12-11,0.296111524105072
1988-12-12,0.28238844871520996
1988-12-13,0.2686561346054077
1988-12-14,0.2559569776058197
1988-12-15,0.24599644541740417
1988-12-16,0.23939359188079834
1988-12-17,0.23348644375801086
1988-12-18,0.22564075887203217
1988-12-19,0.22245389223098755
1988-12-20,0.21862947940826416
1988-12-21,0.21745887398719788
1988-12-22,0.2175367772579193
1988-12-23,0.21611976623535156
1988-12-24,0.21521423757076263
1988-12-25,0.216017946600914
1988-12-26,0.21246463060379028
1988-12-27,0.20885251462459564
1988-12-28,0.2045537680387497
1988-12-29,0.2012297511100769
1988-12-30,0.19705674052238464
1988-12-31,0.23055094480514526
1989-01-01,0.5375916361808777
1989-01-02,0.9275228381156921
1989-01-03,0.7722757458686829
1989-01-04,0.5839749574661255
1989-01-05,0.46521317958831787
1989-01-06,0.4165767431259155
1989-01-07,0.4456394612789154
1989-01-08,0.4439114034175873
1989-01-09,0.4062758982181549
1989-01-10,0.42104625701904297
1989-01-11,0.4412875473499298
1989-01-12,0.47535133361816406
1989-01-13,0.7353784441947937
1989-01-14,0.8702331781387329
1989-01-15,0.7394071817398071
1989-01-16,0.7193368673324585
1989-01-17,0.61910080909729
1989-01-18,0.5249862670898438
1989-01-19,0.4647953510284424
1989-01-20,0.4198925495147705
1989-01-21,0.3882582187652588
1989-01-22,0.36367708444595337
1989-01-23,0.341855525970459
1989-01-24,0.32927531003952026
1989-01-25,0.3178060054779053
1989-01-26,0.30895787477493286
1989-01-27,0.30361834168434143
1989-01-28,0.29591113328933716
1989-01-29,0.2879108786582947
1989-01-30,0.29068616032600403
1989-01-31,0.30511659383773804
1989-02-01,0.29779908061027527
1989-02-02,0.2874608039855957
1989-02-03,0.2751306891441345
1989-02-04,0.26120370626449585
1989-02-05,0.29086628556251526
1989-02-06,0.40026241540908813
1989-02-07,0.49984312057495117
1989-02-08,0.5474852323532104
1989-02-09,0.49724438786506653
1989-02-10,0.42744630575180054
1989-02-11,0.3776436150074005
1989-02-12,0.34756505489349365
1989-02-13,0.3290213346481323
1989-02-14,0.31733468174934387
1989-02-15,0.3044246733188629
1989-02-16,0.2899756133556366
1989-02-17,0.5452154874801636
1989-02-18,1.3743252754211426
1989-02-19,1.6853654384613037
1989-02-20,1.5626649856567383
1989-02-21,5.744499206542969
1989-02-22,11.847322463989258
1989-02-23,9.762249946594238
1989-02-24,6.044840335845947
1989-02-25,3.598902940750122
1989-02-26,2.469670057296753
1989-02-27,2.8786568641662598
1989-02-28,10.256607055664062
1989-03-01,9.206153869628906
1989-03-02,5.20521354675293
1989-03-03,3.550244092941284
1989-03-04,3.704434871673584
1989-03-05,2.9147398471832275
1989-03-06,4.549813270568848
1989-03-07,10.05827808380127
1989-03-08,7.775944709777832
1989-03-09,4.7095208168029785
1989-03-10,3.0876660346984863
1989-03-11,2.2403669357299805
1989-03-12,1.7809914350509644
1989-03-13,1.505237340927124
1989-03-14,1.3690470457077026
1989-03-15,1.3112071752548218
1989-03-16,1.3796567916870117
1989-03-17,1.2771410942077637
1989-03-18,1.161729335784912
1989-03-19,1.0947006940841675
1989-03-20,1.0322706699371338
1989-03-21,1.1795918941497803
1989-03-22,1.958337664604187
1989-03-23,6.271874904632568
1989-03-24,17.441829681396484
1989-03-25,12.527310371398926
1989-03-26,6.413321495056152
1989-03-27,3.65010404586792
1989-03-28,2.4996399879455566
1989-03-29,1.9279043674468994
1989-03-30,1.989227056503296
1989-03-31,2.5431642532348633
1989-04-01,2.143021583557129
1989-04-02,1.6477055549621582
1989-04-03,1.3772231340408325
1989-04-04,1.252195954322815
1989-04-05,1.4785090684890747
1989-04-06,2.083219051361084
1989-04-07,3.1101183891296387
1989-04-08,4.010711669921875
1989-04-09,3.7294251918792725
1989-04-10,2.6648647785186768
1989-04-11,2.0693159103393555
1989-04-12,1.6443052291870117
1989-04-13,1.3690093755722046
1989-04-14,1.1867456436157227
1989-04-15,1.4495776891708374
1989-04-16,2.1300361156463623
1989-04-17,1.823111891746521
1989-04-18,1.4346089363098145
1989-04-19,1.1944782733917236
1989-04-20,1.1422929763793945
1989-04-21,1.0751070976257324
1989-04-22,0.9577319025993347
1989-04-23,0.8650655150413513
1989-04-24,0.7904548645019531
1989-04-25,0.7463564872741699
1989-04-26,0.7135100960731506
1989-04-27,0.7480534315109253
1989-04-28,0.8006960153579712
1989-04-29,0.814457893371582
1989-04-30,1.0751506090164185
1989-05-01,2.0058062076568604
1989-05-02,7.568955421447754
1989-05-03,5.918822288513184
1989-05-04,3.344874143600464
1989-05-05,2.8541390895843506
1989-05-06,7.360792636871338
1989-05-07,6.512294292449951
1989-05-08,4.038507461547852
1989-05-09,2.6388649940490723
1989-05-10,3.0013656616210938
1989-05-11,2.9830563068389893
1989-05-12,2.286588191986084
1989-05-13,1.6555800437927246
1989-05-14,1.3061037063598633
1989-05-15,1.1701046228408813
1989-05-16,1.172956109046936
1989-05-17,1.028274655342102
1989-05-18,0.8975099921226501
1989-05-19,0.7962750792503357
1989-05-20,0.7375955581665039
1989-05-21,0.6934692859649658
1989-05-22,0.642986536026001
1989-05-23,0.6021349430084229
1989-05-24,0.5765342712402344
1989-05-25,0.5363688468933105
1989-05-26,0.5013371109962463
1989-05-27,0.45927900075912476
1989-05-28,0.43065160512924194
1989-05-29,0.4026477336883545
1989-05-30,0.38458317518234253
1989-05-31,0.3695901930332184
1989-06-01,0.3493572473526001
1989-06-02,0.3416024148464203
1989-06-03,0.3509831130504608
1989-06-04,0.3564733862876892
1989-06-05,0.4131256341934204
1989-06-06,0.6713196635246277
1989-06-07,1.00688898563385
1989-06-08,1.0189186334609985
1989-06-09,1.289790391921997
1989-06-10,1.6166083812713623
1989-06-11,1.116463303565979
1989-06-12,0.805298924446106
1989-06-13,0.836452841758728
1989-06-14,0.7261858582496643
1989-06-15,0.5860360860824585
1989-06-16,0.6120555996894836
1989-06-17,0.7945426106452942
1989-06-18,0.7170344591140747
1989-06-19,0.5472155213356018
1989-06-20,0.4950600564479828
1989-06-21,0.8621129393577576
1989-06-22,1.1467376947402954
1989-06-23,0.9614556431770325
1989-06-24,1.2508726119995117
1989-06-25,1.557352066040039
1989-06-26,1.074692964553833
1989-06-27,0.7313705086708069
1989-06-28,0.6390477418899536
1989-06-29,0.704551637172699
1989-06-30,0.6349664926528931
1989-07-01,0.5000954270362854
1989-07-02,0.411384254693985
1989-07-03,0.3596125543117523
1989-07-04,0.3345455527305603
1989-07-05,0.37845557928085327
1989-07-06,0.480790913105011
1989-07-07,0.5774503350257874
1989-07-08,0.5823677778244019
1989-07-09,0.47099894285202026
1989-07-10,0.37850090861320496
1989-07-11,0.3186739981174469
1989-07-12,0.34270384907722473
1989-07-13,0.5471994280815125
1989-07-14,0.6652961373329163
1989-07-15,0.5883080959320068
1989-07-16,2.4005048274993896
1989-07-17,8.05530834197998
1989-07-18,7.177335739135742
1989-07-19,3.823451519012451
1989-07-20,2.6808199882507324
1989-07-21,2.9326834678649902
1989-07-22,2.4206690788269043
1989-07-23,1.743253469467163
1989-07-24,1.2025811672210693
1989-07-25,0.8897785544395447
1989-07-26,0.7380996942520142
1989-07-27,1.6484376192092896
1989-07-28,2.640272617340088
1989-07-29,1.8337754011154175
1989-07-30,1.0842528343200684
1989-07-31,0.8791162967681885
1989-08-01,0.9746984243392944
1989-08-02,0.9441015720367432
1989-08-03,0.7866798043251038
1989-08-04,0.6187712550163269
1989-08-05,0.5105580687522888
1989-08-06,0.445079505443573
1989-08-07,0.3956736922264099
1989-08-08,0.3644319474697113
1989-08-09,0.33275091648101807
1989-08-10,0.3103790283203125
1989-08-11,0.29776492714881897
1989-08-12,0.2870835065841675
1989-08-13,0.273681104183197
1989-08-14,0.31004977226257324
1989-08-15,0.429716020822525
1989-08-16,0.4233851730823517
1989-08-17,0.5352052450180054
1989-08-18,2.574563503265381
1989-08-19,4.2403669357299805
1989-08-20,2.926682233810425
1989-08-21,1.6189959049224854
1989-08-22,0.9724264144897461
1989-08-23,0.7226089239120483
1989-08-24,0.7002267837524414
1989-08-25,0.7314938306808472
1989-08-26,0.6546018123626709
1989-08-27,0.6947171092033386
1989-08-28,0.8133523464202881
1989-08-29,0.6724510788917542
1989-08-30,0.5741487741470337
1989-08-31,0.5216559767723083
1989-09-01,0.43478038907051086
1989-09-02,0.37480977177619934
1989-09-03,0.3399360477924347
1989-09-04,0.3126685917377472
1989-09-05,0.3006303310394287
1989-09-06,0.3059227764606476
1989-09-07,0.2898522913455963
1989-09-08,0.2740585505962372
1989-09-09,0.2608068287372589
1989-09-10,0.24709543585777283
1989-09-11,0.23574768006801605
1989-09-12,0.23182737827301025
1989-09-13,0.23817968368530273
1989-09-14,0.23418940603733063
1989-09-15,0.22657102346420288
1989-09-16,0.2465643435716629
1989-09-17,0.2722458243370056
1989-09-18,0.25718045234680176
1989-09-19,0.2426091581583023
1989-09-20,0.2574177086353302
1989-09-21,0.30650460720062256
1989-09-22,0.47304460406303406
1989-09-23,0.6137319803237915
1989-09-24,0.4872530698776245
1989-09-25,0.49972018599510193
1989-09-26,1.504416584968567
1989-09-27,1.6322846412658691
1989-09-28,1.018796682357788
1989-09-29,0.6534407138824463
1989-09-30,0.5912541151046753
1989-10-01,2.8397011756896973
1989-10-02,10.474933624267578
1989-10-03,8.45017147064209
1989-10-04,3.958998441696167
1989-10-05,1.9987263679504395
1989-10-06,1.293297529220581
1989-10-07,0.9571548104286194
1989-10-08,0.781711995601654
1989-10-09,0.6751155257225037
1989-10-10,0.597745418548584
1989-10-11,0.5403620600700378
1989-10-12,0.49990779161453247
1989-10-13,0.4696023464202881
1989-10-14,0.4433951675891876
1989-10-15,0.4299841523170471
1989-10-16,0.4092351794242859
1989-10-17,0.39447498321533203
1989-10-18,0.5396736860275269
1989-10-19,2.0390939712524414
1989-10-20,2.7921142578125
1989-10-21,1.8286758661270142
1989-10-22,1.1487109661102295
1989-10-23,0.8443599939346313
1989-10-24,0.6885266304016113
1989-10-25,0.5928170084953308
1989-10-26,0.5321422815322876
1989-10-27,0.48820778727531433
1989-10-28,0.45315295457839966
1989-10-29,0.4269038140773773
1989-10-30,0.4131052494049072
1989-10-31,0.4002940356731415
1989-11-01,0.38496240973472595
1989-11-02,0.4648503065109253
1989-11-03,0.6851601600646973
1989-11-04,0.6539610624313354
1989-11-05,0.559329092502594
1989-11-06,0.49761494994163513
1989-11-07,0.4638899862766266
1989-11-08,0.45866405963897705
1989-11-09,0.6178820133209229
1989-11-10,0.7373031377792358
1989-11-11,0.6448293924331665
1989-11-12,0.5576881170272827
1989-11-13,0.5023205876350403
1989-11-14,0.46214723587036133
1989-11-15,0.46708500385284424
1989-11-16,0.7213118076324463
1989-11-17,0.8402689099311829
1989-11-18,0.7230116724967957
1989-11-19,0.6087743043899536
1989-11-20,0.541935384273529
1989-11-21,0.48554688692092896
1989-11-22,0.4617859423160553
1989-11-23,1.2116742134094238
1989-11-24,1.7097976207733154
1989-11-25,1.3776600360870361
1989-11-26,1.077629804611206
1989-11-27,0.90882408618927
1989-11-28,0.7950213551521301
1989-11-29,0.7126672267913818
1989-11-30,0.6425225138664246
1989-12-01,0.5888174176216125
1989-12-02,0.5540116429328918
1989-12-03,0.5183662176132202
1989-12-04,0.4941738247871399
1989-12-05,0.4707679748535156
1989-12-06,0.45406463742256165
1989-12-07,0.4358886778354645
1989-12-08,1.8462958335876465
1989-12-09,3.312364339828491
1989-12-10,2.8547139167785645
1989-12-11,2.303832769393921
1989-12-12,2.218287467956543
1989-12-13,4.4904937744140625
1989-12-14,4.344906806945801
1989-12-15,2.958888530731201
1989-12-16,2.065769672393799
1989-12-17,1.5782757997512817
1989-12-18,1.2648388147354126
1989-12-19,1.0677772760391235
1989-12-20,1.013264536857605
1989-12-21,0.9193785190582275
1989-12-22,0.8451194763183594
1989-12-23,0.762759804725647
1989-12-24,0.7254995703697205
1989-12-25,0.6780352592468262
1989-12-26,0.6581563949584961
1989-12-27,0.6254223585128784
1989-12-28,0.6141140460968018
1989-12-29,0.605570912361145
1989-12-30,0.6424134969711304
1989-12-31,0.9009165167808533
1990-01-01,1.8233253955841064
1990-01-02,1.8065544366836548
1990-01-03,1.3871738910675049
1990-01-04,1.1229784488677979
1990-01-05,1.021611213684082
1990-01-06,1.1039135456085205
1990-01-07,1.378869891166687
1990-01-08,2.201220989227295
1990-01-09,3.483724594116211
1990-01-10,2.5676019191741943
1990-01-11,1.7458686828613281
1990-01-12,1.3448294401168823
1990-01-13,1.1270426511764526
1990-01-14,0.9641568064689636
1990-01-15,0.8793569207191467
1990-01-16,0.8161491751670837
1990-01-17,0.7729455232620239
1990-01-18,0.7418381571769714
1990-01-19,0.7094975113868713
1990-01-20,0.6808648705482483
1990-01-21,1.0791256427764893
1990-01-22,1.7437150478363037
1990-01-23,1.4444646835327148
1990-01-24,1.2807594537734985
1990-01-25,1.6087632179260254
1990-01-26,5.534961223602295
1990-01-27,5.524763584136963
1990-01-28,3.3475124835968018
1990-01-29,2.1592719554901123
1990-01-30,1.7397534847259521
1990-01-31,1.6003541946411133
1990-02-01,1.3353508710861206
1990-02-02,1.1604888439178467
1990-02-03,1.053417444229126
1990-02-04,1.0946049690246582
1990-02-05,1.1965007781982422
1990-02-06,1.0596754550933838
1990-02-07,0.9592059254646301
1990-02-08,0.8675926327705383
1990-02-09,0.8255226016044617
1990-02-10,2.1259701251983643
1990-02-11,3.919729232788086
1990-02-12,2.8204681873321533
1990-02-13,1.8431336879730225
1990-02-14,1.3945459127426147
1990-02-15,1.1715342998504639
1990-02-16,1.9294767379760742
1990-02-17,3.3923044204711914
1990-02-18,2.6269114017486572
1990-02-19,2.5194878578186035
1990-02-20,3.203962564468384
1990-02-21,2.388751983642578
1990-02-22,1.8869175910949707
1990-02-23,2.338926315307617
1990-02-24,2.3854360580444336
1990-02-25,1.897125005722046
1990-02-26,1.543095350265503
1990-02-27,1.250115990638733
1990-02-28,1.09468674659729
1990-03-01,1.0049498081207275
1990-03-02,0.9505617618560791
1990-03-03,1.430174708366394
1990-03-04,2.1227357387542725
1990-03-05,1.7352073192596436
1990-03-06,1.3695346117019653
1990-03-07,1.1718682050704956
1990-03-08,1.0400757789611816
1990-03-09,0.9545906782150269
1990-03-10,0.9116162657737732
1990-03-11,0.8654499650001526
1990-03-12,0.8215554356575012
1990-03-13,0.784479022026062
1990-03-14,0.7536501884460449
1990-03-15,0.729417085647583
1990-03-16,0.72916579246521
1990-03-17,0.9445926547050476
1990-03-18,1.563868522644043
1990-03-19,1.4916468858718872
1990-03-20,1.2417618036270142
1990-03-21,1.068601131439209
1990-03-22,0.9284257888793945
1990-03-23,0.8404523134231567
1990-03-24,0.7842586636543274
1990-03-25,0.7411210536956787
1990-03-26,0.7061144709587097
1990-03-27,0.6756901741027832
1990-03-28,0.6399561166763306
1990-03-29,1.5301556587219238
1990-03-30,3.270265817642212
1990-03-31,3.3936822414398193
1990-04-01,3.772510290145874
1990-04-02,2.9190995693206787
1990-04-03,2.391570568084717
1990-04-04,1.9216291904449463
1990-04-05,1.4897595643997192
1990-04-06,1.233234167098999
1990-04-07,1.6199171543121338
1990-04-08,1.625983715057373
1990-04-09,1.3180289268493652
1990-04-10,1.1201844215393066
1990-04-11,1.0376200675964355
1990-04-12,0.961071252822876
1990-04-13,0.8600385189056396
1990-04-14,0.8059746026992798
1990-04-15,1.2383545637130737
1990-04-16,1.7852733135223389
1990-04-17,1.4763400554656982
1990-04-18,1.1909019947052002
1990-04-19,0.9827795028686523
1990-04-20,0.8612221479415894
1990-04-21,0.7959884405136108
1990-04-22,0.743014395236969
1990-04-23,0.6839749813079834
1990-04-24,0.6413167119026184
1990-04-25,0.6028087139129639
1990-04-26,0.5673308968544006
1990-04-27,0.5349355936050415
1990-04-28,0.5115621089935303
1990-04-29,0.5229973793029785
1990-04-30,0.5668340921401978
1990-05-01,0.6517813801765442
1990-05-02,0.7216317057609558
1990-05-03,0.864193320274353
1990-05-04,2.291693925857544
1990-05-05,4.211602687835693
1990-05-06,3.905864715576172
1990-05-07,2.5770528316497803
1990-05-08,1.7112174034118652
1990-05-09,1.195154070854187
1990-05-10,1.5713276863098145
1990-05-11,2.2885477542877197
1990-05-12,1.6814773082733154
1990-05-13,1.218461036682129
1990-05-14,1.0257508754730225
1990-05-15,0.8416757583618164
1990-05-16,0.707841694355011
1990-05-17,0.6039033532142639
1990-05-18,0.5571284294128418
1990-05-19,0.5082398653030396
1990-05-20,0.4687883257865906
1990-05-21,0.4477565884590149
1990-05-22,0.5807875990867615
1990-05-23,0.8798613548278809
1990-05-24,0.7630355358123779
1990-05-25,0.6059510707855225
1990-05-26,0.532767117023468
1990-05-27,0.757608950138092
1990-05-28,1.5351274013519287
1990-05-29,6.819635391235352
1990-05-30,7.1987223625183105
1990-05-31,3.7660975456237793
1990-06-01,1.9267462491989136
1990-06-02,1.2467466592788696
1990-06-03,0.9199478626251221
1990-06-04,0.7592127919197083
1990-06-05,0.6621381044387817
1990-06-06,0.5933384895324707
1990-06-07,0.5294206142425537
1990-06-08,0.5006542205810547
1990-06-09,0.5153630971908569
1990-06-10,0.4814336597919464
1990-06-11,0.4379945695400238
1990-06-12,0.3936774730682373
1990-06-13,0.3535139560699463
1990-06-14,0.33650487661361694
1990-06-15,0.31811851263046265
1990-06-16,0.30949339270591736
1990-06-17,0.29848092794418335
1990-06-18,0.2913583517074585
1990-06-19,0.2958664894104004
1990-06-20,0.27924761176109314
1990-06-21,0.25621405243873596
1990-06-22,0.24779513478279114
1990-06-23,0.24941019713878632
1990-06-24,0.24172340333461761
1990-06-25,0.2244608998298645
1990-06-26,0.2154543548822403
1990-06-27,0.23035253584384918
1990-06-28,0.2554008364677429
1990-06-29,0.24561548233032227
1990-06-30,0.23110002279281616
1990-07-01,0.23512974381446838
1990-07-02,0.24959123134613037
1990-07-03,0.2264135181903839
1990-07-04,0.2005925476551056
1990-07-05,0.18118545413017273
1990-07-06,0.16856610774993896
1990-07-07,0.16127493977546692
1990-07-08,0.15039320290088654
1990-07-09,0.1478378027677536
1990-07-10,0.1472531110048294
1990-07-11,0.1587992161512375
1990-07-12,0.19315531849861145
1990-07-13,0.21754992008209229
1990-07-14,0.23329414427280426
1990-07-15,0.2545948028564453
1990-07-16,0.24844449758529663
1990-07-17,0.2774094343185425
1990-07-18,0.3441047668457031
1990-07-19,0.3214208781719208
1990-07-20,0.2646700441837311
1990-07-21,0.22050932049751282
1990-07-22,0.19462114572525024
1990-07-23,0.1732005923986435
1990-07-24,0.15426190197467804
1990-07-25,0.13997337222099304
1990-07-26,0.1280163675546646
1990-07-27,0.11989527940750122
1990-07-28,0.11746619641780853
1990-07-29,0.11196888983249664
1990-07-30,0.10503385961055756
1990-07-31,0.1009858101606369
1990-08-01,0.09463661164045334
1990-08-02,0.08890818059444427
1990-08-03,0.0885399878025055
1990-08-04,0.08768942207098007
1990-08-05,0.08606519550085068
1990-08-06,0.09568201750516891
1990-08-07,0.16288964450359344
1990-08-08,0.19376905262470245
1990-08-09,0.18883563578128815
1990-08-10,0.19436043500900269
1990-08-11,0.17806172370910645
1990-08-12,0.15005823969841003
1990-08-13,0.12677934765815735
1990-08-14,0.11802511662244797
1990-08-15,0.11959961801767349
1990-08-16,0.141198068857193
1990-08-17,0.170395165681839
1990-08-18,0.16254502534866333
1990-08-19,0.13923189043998718
1990-08-20,0.12495997548103333
1990-08-21,0.11796515434980392
1990-08-22,0.1331363469362259
1990-08-23,0.18866166472434998
1990-08-24,0.23429018259048462
1990-08-25,0.2191353142261505
1990-08-26,0.18470892310142517
1990-08-27,0.15570920705795288
1990-08-28,0.13272421061992645
1990-08-29,0.11771099269390106
1990-08-30,0.11345703154802322
1990-08-31,0.10713984072208405
1990-09-01,0.09664706885814667
1990-09-02,0.0911308005452156
1990-09-03,0.08558095991611481
1990-09-04,0.08189678192138672
1990-09-05,0.07843190431594849
1990-09-06,0.07671710103750229
1990-09-07,0.07515136152505875
1990-09-08,0.07258258759975433
1990-09-09,0.07612740248441696
1990-09-10,0.08446834236383438
1990-09-11,0.10393978655338287
1990-09-12,0.12195275723934174
1990-09-13,0.13692864775657654
1990-09-14,0.17851869761943817
1990-09-15,0.18754735589027405
1990-09-16,0.15140803158283234
1990-09-17,0.12194343656301498
1990-09-18,0.10374794900417328
1990-09-19,0.09436412155628204
1990-09-20,0.08870448172092438
1990-09-21,0.08727577328681946
1990-09-22,0.08821168541908264
1990-09-23,0.0840124860405922
1990-09-24,0.0789276659488678
1990-09-25,0.0768338143825531
1990-09-26,0.0744001492857933
1990-09-27,0.07138873636722565
1990-09-28,0.07011150568723679
1990-09-29,0.06859990954399109
1990-09-30,0.06975220888853073
1990-10-01,0.07135463505983353
1990-10-02,0.06891987472772598
1990-10-03,0.06678362190723419
1990-10-04,0.0757516473531723
1990-10-05,0.09142575412988663
1990-10-06,0.09538502991199493
1990-10-07,0.09327253699302673
1990-10-08,0.08576293289661407
1990-10-09,0.07965853810310364
1990-10-10,0.09037277102470398
1990-10-11,1.4527027606964111
1990-10-12,3.5028843879699707
1990-10-13,2.397637367248535
1990-10-14,1.522883653640747
1990-10-15,0.8388917446136475
1990-10-16,0.49890661239624023
1990-10-17,0.36107322573661804
1990-10-18,0.3449849486351013
1990-10-19,0.4064605236053467
1990-10-20,0.3425725996494293
1990-10-21,0.2894970178604126
1990-10-22,0.2837735712528229
1990-10-23,5.621288776397705
1990-10-24,7.657290458679199
1990-10-25,4.187496185302734
1990-10-26,4.0958662033081055
1990-10-27,2.89281964302063
1990-10-28,1.6766351461410522
1990-10-29,1.065592646598816
1990-10-30,0.7728655338287354
1990-10-31,0.6386348009109497
1990-11-01,0.5525317192077637
1990-11-02,0.4941047132015228
1990-11-03,0.44654881954193115
1990-11-04,0.4145203232765198
1990-11-05,0.383882075548172
1990-11-06,0.35517650842666626
1990-11-07,0.33896443247795105
1990-11-08,0.32168400287628174
1990-11-09,0.31555992364883423
1990-11-10,1.018311619758606
1990-11-11,2.0263397693634033
1990-11-12,1.48927903175354
1990-11-13,0.9531875848770142
1990-11-14,0.6970335245132446
1990-11-15,0.5743011236190796
1990-11-16,0.501628041267395
1990-11-17,0.4504367709159851
1990-11-18,0.4172373116016388
1990-11-19,0.3962186872959137
1990-11-20,0.3742159903049469
1990-11-21,0.3604179322719574
1990-11-22,0.35016241669654846
1990-11-23,0.334763765335083
1990-11-24,0.3267897367477417
1990-11-25,0.3179624676704407
1990-11-26,0.3106626868247986
1990-11-27,0.2988539934158325
1990-11-28,0.30602777004241943
1990-11-29,0.47630199790000916
1990-11-30,0.6788885593414307
1990-12-01,0.6010234355926514
1990-12-02,0.5008367300033569
1990-12-03,0.565359354019165
1990-12-04,1.7602753639221191
1990-12-05,1.8834288120269775
1990-12-06,1.294169545173645
1990-12-07,0.9040502905845642
1990-12-08,0.9328526854515076
1990-12-09,1.0744609832763672
1990-12-10,0.9154474139213562
1990-12-11,0.7414546012878418
1990-12-12,0.6431340575218201
1990-12-13,0.5763635039329529
1990-12-14,0.5312010049819946
1990-12-15,0.5091339349746704
1990-12-16,0.4872826039791107
1990-12-17,0.46811237931251526
1990-12-18,0.4499797821044922
1990-12-19,0.4772000312805176
1990-12-20,0.5635474920272827
1990-12-21,0.7433649301528931
1990-12-22,0.9267663955688477
1990-12-23,0.8346768021583557
1990-12-24,0.754740297794342
1990-12-25,0.6915739178657532
1990-12-26,0.5979956388473511
1990-12-27,0.5565240979194641
1990-12-28,0.613680899143219
1990-12-29,0.8034613132476807
1990-12-30,0.9751966595649719
1990-12-31,1.2012786865234375
1991-01-01,1.2890088558197021
1991-01-02,1.0087714195251465
1991-01-03,0.8724343776702881
1991-01-04,0.9415696859359741
1991-01-05,0.9053322076797485
1991-01-06,0.7989224195480347
1991-01-07,1.3152846097946167
1991-01-08,4.109308242797852
1991-01-09,4.890009880065918
1991-01-10,3.3222217559814453
1991-01-11,7.297595977783203
1991-01-12,12.194475173950195
1991-01-13,7.918044090270996
1991-01-14,4.015603065490723
1991-01-15,2.4047131538391113
1991-01-16,2.5969414710998535
1991-01-17,3.580413818359375
1991-01-18,2.6535093784332275
1991-01-19,1.8838005065917969
1991-01-20,2.2057924270629883
1991-01-21,2.495919704437256
1991-01-22,2.0856618881225586
1991-01-23,1.564612865447998
1991-01-24,1.2941877841949463
1991-01-25,1.2033019065856934
1991-01-26,1.0753003358840942
1991-01-27,0.9739008545875549
1991-01-28,0.9160361886024475
1991-01-29,0.87112957239151
1991-01-30,1.051023006439209
1991-01-31,1.774747610092163
1991-02-01,1.5721757411956787
1991-02-02,1.2422277927398682
1991-02-03,1.0566617250442505
1991-02-04,0.9508901834487915
1991-02-05,0.8768107295036316
1991-02-06,0.8540106415748596
1991-02-07,0.9747528433799744
1991-02-08,1.0696501731872559
1991-02-09,1.0119705200195312
1991-02-10,0.9179965257644653
1991-02-11,0.8392242193222046
1991-02-12,0.7844110131263733
1991-02-13,0.7444713711738586
1991-02-14,0.8301519155502319
1991-02-15,0.9034652709960938
1991-02-16,0.8612680435180664
1991-02-17,0.7793035507202148
1991-02-18,0.8252900242805481
1991-02-19,1.096820592880249
1991-02-20,1.1105047464370728
1991-02-21,1.0185538530349731
1991-02-22,0.9133244752883911
1991-02-23,0.8565368056297302
1991-02-24,0.8268175721168518
1991-02-25,0.7682483196258545
1991-02-26,0.7581014037132263
1991-02-27,0.7913803458213806
1991-02-28,0.7480453252792358
1991-03-01,0.7069748640060425
1991-03-02,1.1721742153167725
1991-03-03,3.390841007232666
1991-03-04,7.003084659576416
1991-03-05,5.438188552856445
1991-03-06,3.3119499683380127
1991-03-07,2.2687742710113525
1991-03-08,1.8995871543884277
1991-03-09,1.876688003540039
1991-03-10,1.5694643259048462
1991-03-11,1.301304578781128
1991-03-12,1.1260602474212646
1991-03-13,1.1900429725646973
1991-03-14,1.8842850923538208
1991-03-15,2.0356714725494385
1991-03-16,1.6252187490463257
1991-03-17,1.3212953805923462
1991-03-18,1.9047484397888184
1991-03-19,2.710952043533325
1991-03-20,2.1403660774230957
1991-03-21,1.605762004852295
1991-03-22,1.3230879306793213
1991-03-23,1.2598700523376465
1991-03-24,1.2909977436065674
1991-03-25,1.1233153343200684
1991-03-26,0.9963083267211914
1991-03-27,0.9206592440605164
1991-03-28,0.8871778249740601
1991-03-29,2.9133434295654297
1991-03-30,8.999873161315918
1991-03-31,6.874117374420166
1991-04-01,3.836315631866455
1991-04-02,2.3856379985809326
1991-04-03,1.7205560207366943
1991-04-04,1.377396821975708
1991-04-05,1.2153723239898682
1991-04-06,1.142423391342163
1991-04-07,1.0341484546661377
1991-04-08,0.9461863040924072
1991-04-09,0.8932515978813171
1991-04-10,0.8533761501312256
1991-04-11,0.7866837382316589
1991-04-12,0.7310648560523987
1991-04-13,0.7079888582229614
1991-04-14,0.7443356513977051
1991-04-15,0.8291258811950684
1991-04-16,0.9667200446128845
1991-04-17,0.8710808157920837
1991-04-18,0.749664306640625
1991-04-19,0.7118737697601318
1991-04-20,1.4131518602371216
1991-04-21,2.983240842819214
1991-04-22,3.0229666233062744
1991-04-23,2.028111696243286
1991-04-24,1.3985366821289062
1991-04-25,1.0757572650909424
1991-04-26,0.8985910415649414
1991-04-27,0.8053404092788696
1991-04-28,0.7601553201675415
1991-04-29,0.887844443321228
1991-04-30,1.3843622207641602
1991-05-01,1.5500420331954956
1991-05-02,1.2482858896255493
1991-05-03,0.9502564668655396
1991-05-04,0.7758090496063232
1991-05-05,0.699580192565918
1991-05-06,0.7860800623893738
1991-05-07,0.833804726600647
1991-05-08,0.7180958986282349
1991-05-09,0.6184056997299194
1991-05-10,0.5567929744720459
1991-05-11,0.5126904845237732
1991-05-12,0.4909812808036804
1991-05-13,0.4690438210964203
1991-05-14,0.45300036668777466
1991-05-15,0.44169312715530396
1991-05-16,0.41761353611946106
1991-05-17,0.38918644189834595
1991-05-18,0.37236809730529785
1991-05-19,0.4354435205459595
1991-05-20,0.9774433374404907
1991-05-21,1.5976903438568115
1991-05-22,1.2357293367385864
1991-05-23,0.8372703790664673
1991-05-24,0.6384343504905701
1991-05-25,0.5230650901794434
1991-05-26,0.4624119699001312
1991-05-27,0.42011958360671997
1991-05-28,0.44816821813583374
1991-05-29,0.5184761881828308
1991-05-30,0.4751706123352051
1991-05-31,0.4161040484905243
1991-06-01,0.7032193541526794
1991-06-02,1.5910242795944214
1991-06-03,1.6735152006149292
1991-06-04,1.153812050819397
1991-06-05,0.7651841044425964
1991-06-06,0.5608457922935486
1991-06-07,0.45587122440338135
1991-06-08,0.39515143632888794
1991-06-09,0.35362640023231506
1991-06-10,0.3263879120349884
1991-06-11,0.29779359698295593
1991-06-12,0.2757238745689392
1991-06-13,0.26454466581344604
1991-06-14,0.24709193408489227
1991-06-15,0.23805555701255798
1991-06-16,0.23748981952667236
1991-06-17,0.2705151438713074
1991-06-18,0.35794758796691895
1991-06-19,0.768480122089386
1991-06-20,1.2315688133239746
1991-06-21,0.9848399758338928
1991-06-22,0.76627117395401
1991-06-23,0.5806660652160645
1991-06-24,0.4545108675956726
1991-06-25,0.3666941523551941
1991-06-26,0.30772560834884644
1991-06-27,0.2704938054084778
1991-06-28,0.24575966596603394
1991-06-29,0.22359703481197357
1991-06-30,0.2102746218442917
1991-07-01,0.20365357398986816
1991-07-02,0.20299439132213593
1991-07-03,0.34658706188201904
1991-07-04,0.5915127992630005
1991-07-05,0.5998872518539429
1991-07-06,0.5305002927780151
1991-07-07,0.4203334450721741
1991-07-08,0.324979692697525
1991-07-09,0.26940855383872986
1991-07-10,0.2627839744091034
1991-07-11,0.31571105122566223
1991-07-12,0.31423360109329224
1991-07-13,0.2851523458957672
1991-07-14,0.2496761679649353
1991-07-15,0.20925693213939667
1991-07-16,0.18388479948043823
1991-07-17,0.17221301794052124
1991-07-18,0.18088039755821228
1991-07-19,0.2087363600730896
1991-07-20,0.21950772404670715
1991-07-21,0.2038051337003708
1991-07-22,0.18891191482543945
1991-07-23,0.173858180642128
1991-07-24,0.15719690918922424
1991-07-25,0.16001057624816895
1991-07-26,0.20423267781734467
1991-07-27,0.3297160863876343
1991-07-28,0.42671555280685425
1991-07-29,0.3907794654369354
1991-07-30,0.380847305059433
1991-07-31,0.3820630609989166
1991-08-01,0.3375893831253052
1991-08-02,0.33486849069595337
1991-08-03,0.3339541256427765
1991-08-04,0.31340497732162476
1991-08-05,0.291701078414917
1991-08-06,0.2553151845932007
1991-08-07,0.2644261121749878
1991-08-08,0.31388595700263977
1991-08-09,0.39785563945770264
1991-08-10,0.44360387325286865
1991-08-11,0.34792542457580566
1991-08-12,0.2919629216194153
1991-08-13,0.28051045536994934
1991-08-14,0.3494459390640259
1991-08-15,0.7295676469802856
1991-08-16,0.7303864359855652
1991-08-17,0.4896387755870819
1991-08-18,0.33177292346954346
1991-08-19,0.25759249925613403
1991-08-20,0.2189103364944458
1991-08-21,0.19714102149009705
1991-08-22,0.17626675963401794
1991-08-23,0.1629374772310257
1991-08-24,0.1522921323776245
1991-08-25,0.14819437265396118
1991-08-26,0.14833571016788483
1991-08-27,0.17323407530784607
1991-08-28,0.21014374494552612
1991-08-29,0.20056238770484924
1991-08-30,0.17518776655197144
1991-08-31,0.15238328278064728
1991-09-01,0.1394851803779602
1991-09-02,0.1317049115896225
1991-09-03,0.12198205292224884
1991-09-04,0.11532190442085266
1991-09-05,0.11099997162818909
1991-09-06,0.11131292581558228
1991-09-07,0.11491388082504272
1991-09-08,0.11159677803516388
1991-09-09,0.10491865128278732
1991-09-10,0.09927050769329071
1991-09-11,0.09613419324159622
1991-09-12,0.09166785329580307
1991-09-13,0.08985631912946701
1991-09-14,0.09074757248163223
1991-09-15,0.08749944716691971
1991-09-16,0.08545541763305664
1991-09-17,0.08435526490211487
1991-09-18,0.08476918935775757
1991-09-19,0.10240953415632248
1991-09-20,0.2321675419807434
1991-09-21,0.2721254229545593
1991-09-22,0.21239188313484192
1991-09-23,0.16247116029262543
1991-09-24,0.23568469285964966
1991-09-25,1.098463535308838
1991-09-26,1.6168782711029053
1991-09-27,0.9041630625724792
1991-09-28,0.4745372533798218
1991-09-29,0.31940335035324097
1991-09-30,0.24654364585876465
1991-10-01,0.20352214574813843
1991-10-02,0.18917050957679749
1991-10-03,0.2467339187860489
1991-10-04,0.289152592420578
1991-10-05,0.25640416145324707
1991-10-06,0.2253648042678833
1991-10-07,0.19874005019664764
1991-10-08,0.176886647939682
1991-10-09,0.16576404869556427
1991-10-10,0.15647053718566895
1991-10-11,0.14755769073963165
1991-10-12,0.13952918350696564
1991-10-13,0.1331014186143875
1991-10-14,0.1306837499141693
1991-10-15,0.13245171308517456
1991-10-16,0.19787168502807617
1991-10-17,0.2954344153404236
1991-10-18,0.2913748323917389
1991-10-19,0.2417701929807663
1991-10-20,0.20085148513317108
1991-10-21,0.1803387850522995
1991-10-22,0.16745080053806305
1991-10-23,0.15936613082885742
1991-10-24,0.15215352177619934
1991-10-25,0.14609013497829437
1991-10-26,0.1443263292312622
1991-10-27,0.14310942590236664
1991-10-28,0.1364073008298874
1991-10-29,0.12870986759662628
1991-10-30,0.1262984424829483
1991-10-31,0.12324775755405426
1991-11-01,0.12755686044692993
1991-11-02,0.12446311116218567
1991-11-03,0.12715432047843933
1991-11-04,0.12358789145946503
1991-11-05,0.12620064616203308
1991-11-06,0.1300172209739685
1991-11-07,0.13090449571609497
1991-11-08,0.12786996364593506
1991-11-09,0.1939958781003952
1991-11-10,0.3781941533088684
1991-11-11,0.550752580165863
1991-11-12,0.4605640769004822
1991-11-13,0.34646356105804443
1991-11-14,0.28871896862983704
1991-11-15,0.25523874163627625
1991-11-16,0.23554939031600952
1991-11-17,0.20927858352661133
1991-11-18,0.19929590821266174
1991-11-19,0.19240394234657288
1991-11-20,0.18562157452106476
1991-11-21,0.1806921660900116
1991-11-22,0.18951010704040527
1991-11-23,0.20586085319519043
1991-11-24,0.19182062149047852
1991-11-25,0.18175287544727325
1991-11-26,0.1746324896812439
1991-11-27,0.17277394235134125
1991-11-28,0.1703375279903412
1991-11-29,0.1737097054719925
1991-11-30,0.1677580177783966
1991-12-01,0.1742691695690155
1991-12-02,0.19954799115657806
1991-12-03,0.2856941521167755
1991-12-04,0.4284151792526245
1991-12-05,0.3788633346557617
1991-12-06,0.3117937445640564
1991-12-07,0.27276483178138733
1991-12-08,0.2515520453453064
1991-12-09,0.2313903123140335
1991-12-10,0.23264984786510468
1991-12-11,0.2414340227842331
1991-12-12,0.23163510859012604
1991-12-13,0.22084000706672668
1991-12-14,0.21161887049674988
1991-12-15,0.20756115019321442
1991-12-16,0.1954723447561264
1991-12-17,0.19333192706108093
1991-12-18,0.18320433795452118
1991-12-19,0.18071985244750977
1991-12-20,0.17985732853412628
1991-12-21,0.17651444673538208
1991-12-22,0.17745810747146606
1991-12-23,0.1865316778421402
1991-12-24,0.22234393656253815
1991-12-25,0.24257570505142212
1991-12-26,0.2400122880935669
1991-12-27,0.29761412739753723
1991-12-28,0.5537889003753662
1991-12-29,1.4747490882873535
1991-12-30,1.8623981475830078
1991-12-31,1.2425612211227417
1992-01-01,0.7817309498786926
1992-01-02,0.5718557238578796
1992-01-03,1.0938676595687866
1992-01-04,6.9092206954956055
1992-01-05,8.252586364746094
1992-01-06,4.3741841316223145
1992-01-07,2.185856819152832
1992-01-08,1.3470162153244019
1992-01-09,1.0059044361114502
1992-01-10,0.8575342893600464
1992-01-11,0.7450456023216248
1992-01-12,0.6576477289199829
1992-01-13,0.6076244711875916
1992-01-14,0.6694670915603638
1992-01-15,0.6814939379692078
1992-01-16,0.6301844120025635
1992-01-17,0.552855908870697
1992-01-18,0.5012363195419312
1992-01-19,0.4752289354801178
1992-01-20,0.4510869085788727
1992-01-21,0.4317784607410431
1992-01-22,0.4171011447906494
1992-01-23,0.6214312314987183
1992-01-24,1.2000682353973389
1992-01-25,1.0659840106964111
1992-01-26,0.8156311511993408
1992-01-27,0.6747936010360718
1992-01-28,0.6565463542938232
1992-01-29,0.717950701713562
1992-01-30,0.6636518239974976
1992-01-31,0.5893905758857727
1992-02-01,0.5291593670845032
1992-02-02,0.4929977357387543
1992-02-03,0.4640946388244629
1992-02-04,0.4460015296936035
1992-02-05,0.4240696430206299
1992-02-06,0.404928982257843
1992-02-07,0.3942907154560089
1992-02-08,0.3804689347743988
1992-02-09,0.37421685457229614
1992-02-10,0.3657251000404358
1992-02-11,0.3556522727012634
1992-02-12,0.35606175661087036
1992-02-13,0.35782700777053833
1992-02-14,0.35827648639678955
1992-02-15,0.5025119781494141
1992-02-16,0.994081974029541
1992-02-17,0.9891571998596191
1992-02-18,0.8832473754882812
1992-02-19,0.912498950958252
1992-02-20,0.9258326888084412
1992-02-21,0.7801246643066406
1992-02-22,0.6551634073257446
1992-02-23,0.7187594175338745
1992-02-24,1.110680341720581
1992-02-25,1.5247431993484497
1992-02-26,5.247457504272461
1992-02-27,6.059559345245361
1992-02-28,3.5497961044311523
1992-02-29,2.0553431510925293
1992-03-01,1.384476900100708
1992-03-02,1.0961863994598389
1992-03-03,0.9318247437477112
1992-03-04,0.8127126693725586
1992-03-05,0.7337878942489624
1992-03-06,0.8796942830085754
1992-03-07,2.1298882961273193
1992-03-08,2.49063777923584
1992-03-09,1.7970539331436157
1992-03-10,1.7198796272277832
1992-03-11,2.2595393657684326
1992-03-12,1.8253180980682373
1992-03-13,1.3706254959106445
1992-03-14,1.089041829109192
1992-03-15,0.9230750203132629
1992-03-16,0.8286508917808533
1992-03-17,0.7386999130249023
1992-03-18,0.7030608654022217
1992-03-19,0.8336957097053528
1992-03-20,1.0020043849945068
1992-03-21,0.9079301953315735
1992-03-22,0.7964966297149658
1992-03-23,0.8841277956962585
1992-03-24,0.9028700590133667
1992-03-25,0.8274151682853699
1992-03-26,1.1281497478485107
1992-03-27,1.8111293315887451
1992-03-28,1.5393180847167969
1992-03-29,1.1815128326416016
1992-03-30,0.9662460088729858
1992-03-31,0.8490797281265259
1992-04-01,0.7535814046859741
1992-04-02,0.6989841461181641
1992-04-03,0.644233763217926
1992-04-04,0.6106695532798767
1992-04-05,0.6098945736885071
1992-04-06,0.5782662034034729
1992-04-07,0.5595287084579468
1992-04-08,0.5323305130004883
1992-04-09,0.510917603969574
1992-04-10,0.48793381452560425
1992-04-11,0.4693291187286377
1992-04-12,0.46575960516929626
1992-04-13,0.469089537858963
1992-04-14,0.4439728558063507
1992-04-15,0.4291622042655945
1992-04-16,0.4204871952533722
1992-04-17,0.4191736578941345
1992-04-18,0.40934428572654724
1992-04-19,0.39256590604782104
1992-04-20,0.3858937621116638
1992-04-21,1.374396562576294
1992-04-22,4.653364181518555
1992-04-23,3.3794007301330566
1992-04-24,1.8766083717346191
1992-04-25,1.2484872341156006
1992-04-26,0.949295699596405
1992-04-27,0.7709441781044006
1992-04-28,0.7035637497901917
1992-04-29,0.666561484336853
1992-04-30,0.6080596446990967
1992-05-01,0.5525885820388794
1992-05-02,0.5169212818145752
1992-05-03,0.47253715991973877
1992-05-04,0.4311974048614502
1992-05-05,0.39825522899627686
1992-05-06,0.39754316210746765
1992-05-07,0.6022889614105225
1992-05-08,1.4765982627868652
1992-05-09,1.638357400894165
1992-05-10,1.2231353521347046
1992-05-11,0.857667863368988
1992-05-12,0.6465702056884766
1992-05-13,0.5298002362251282
1992-05-14,0.4764974117279053
1992-05-15,0.4511423707008362
1992-05-16,0.42352598905563354
1992-05-17,0.3894900977611542
1992-05-18,0.3917253315448761
1992-05-19,0.4155397415161133
1992-05-20,0.3937224745750427
1992-05-21,0.36021092534065247
1992-05-22,0.33193933963775635
1992-05-23,0.3098732531070709
1992-05-24,0.2881526052951813
1992-05-25,0.2658136487007141
1992-05-26,0.2773441672325134
1992-05-27,0.31981560587882996
1992-05-28,0.3276391327381134
1992-05-29,0.3631609082221985
1992-05-30,0.5403280854225159
1992-05-31,0.694588840007782
1992-06-01,0.5786015391349792
1992-06-02,0.4400836229324341
1992-06-03,0.35897698998451233
1992-06-04,0.445244163274765
1992-06-05,0.7695591449737549
1992-06-06,0.6753111481666565
1992-06-07,0.4959705173969269
1992-06-08,0.3994075655937195
1992-06-09,0.8003861904144287
1992-06-10,2.055281400680542
1992-06-11,1.7175003290176392
1992-06-12,1.1216603517532349
1992-06-13,0.7701038122177124
1992-06-14,0.7346398830413818
1992-06-15,0.9357773065567017
1992-06-16,2.136281728744507
1992-06-17,3.03433895111084
1992-06-18,1.8826801776885986
1992-06-19,1.105261206626892
1992-06-20,0.8028541803359985
1992-06-21,0.714176595211029
1992-06-22,0.7452715635299683
1992-06-23,0.6042481064796448
1992-06-24,0.5476752519607544
1992-06-25,0.5950093865394592
1992-06-26,0.6290177702903748
1992-06-27,0.6849875450134277
1992-06-28,0.5802727937698364
1992-06-29,0.4563755393028259
1992-06-30,0.37377551198005676
1992-07-01,0.33886536955833435
1992-07-02,0.37209632992744446
1992-07-03,0.41545403003692627
1992-07-04,0.459147185087204
1992-07-05,0.4194689393043518
1992-07-06,0.36000433564186096
1992-07-07,0.33992981910705566
1992-07-08,0.2938385307788849
1992-07-09,0.25877636671066284
1992-07-10,0.2305050492286682
1992-07-11,0.21032588183879852
1992-07-12,0.1926116794347763
1992-07-13,0.17673498392105103
1992-07-14,0.1592976152896881
1992-07-15,0.14592602849006653
1992-07-16,0.1328911930322647
1992-07-17,0.1305757611989975
1992-07-18,0.1408509612083435
1992-07-19,0.15539619326591492
1992-07-20,0.1561935395002365
1992-07-21,0.1505170464515686
1992-07-22,0.18422242999076843
1992-07-23,1.2789735794067383
1992-07-24,2.151707649230957
1992-07-25,1.4487519264221191
1992-07-26,0.7987232804298401
1992-07-27,0.5060158967971802
1992-07-28,0.3755781054496765
1992-07-29,0.3080260157585144
1992-07-30,0.2584959864616394
1992-07-31,0.23659548163414001
1992-08-01,0.22348551452159882
1992-08-02,0.19984179735183716
1992-08-03,0.1940986067056656
1992-08-04,0.19195029139518738
1992-08-05,0.1749987006187439
1992-08-06,0.17458632588386536
1992-08-07,0.17960116267204285
1992-08-08,0.18132330477237701
1992-08-09,0.17884168028831482
1992-08-10,0.16420872509479523
1992-08-11,0.14663159847259521
1992-08-12,0.1666024625301361
1992-08-13,0.2497739940881729
1992-08-14,0.770675778388977
1992-08-15,1.200854778289795
1992-08-16,1.1053484678268433
1992-08-17,0.9641844034194946
1992-08-18,0.995053231716156
1992-08-19,0.8013628721237183
1992-08-20,0.6720339059829712
1992-08-21,0.6269100308418274
1992-08-22,0.47518831491470337
1992-08-23,0.35861271619796753
1992-08-24,0.29637610912323
1992-08-25,0.25291746854782104
1992-08-26,0.2518922686576843
1992-08-27,0.2915593385696411
1992-08-28,0.31359219551086426
1992-08-29,0.29426905512809753
1992-08-30,0.25061464309692383
1992-08-31,0.2129548192024231
1992-09-01,0.18633562326431274
1992-09-02,0.16971296072006226
1992-09-03,0.17061594128608704
1992-09-04,0.18068081140518188
1992-09-05,0.19775135815143585
1992-09-06,0.22136063873767853
1992-09-07,0.22266393899917603
1992-09-08,0.20841646194458008
1992-09-09,0.18970897793769836
1992-09-10,0.17347398400306702
1992-09-11,0.16762331128120422
1992-09-12,0.16188573837280273
1992-09-13,0.15057657659053802
1992-09-14,0.14021043479442596
1992-09-15,0.13198862969875336
1992-09-16,0.12489953637123108
1992-09-17,0.11936872452497482
1992-09-18,0.1161862313747406
1992-09-19,0.11853829026222229
1992-09-20,0.1317419856786728
1992-09-21,0.1428365260362625
1992-09-22,0.13809405267238617
1992-09-23,0.14537735283374786
1992-09-24,0.14449404180049896
1992-09-25,0.14118008315563202
1992-09-26,0.13629476726055145
1992-09-27,0.13191118836402893
1992-09-28,0.12751822173595428
1992-09-29,0.12120899558067322
1992-09-30,0.1149660274386406
1992-10-01,0.1080293208360672
1992-10-02,0.1050751805305481
1992-10-03,0.10676338523626328
1992-10-04,0.3195566236972809
1992-10-05,1.1792490482330322
1992-10-06,1.1558895111083984
1992-10-07,0.7155466079711914
1992-10-08,0.4562021493911743
1992-10-09,0.3890680968761444
1992-10-10,0.3797237277030945
1992-10-11,0.33691251277923584
1992-10-12,0.29641520977020264
1992-10-13,0.25698724389076233
1992-10-14,0.22934940457344055
1992-10-15,0.20453934371471405
1992-10-16,0.19059103727340698
1992-10-17,0.17734083533287048
1992-10-18,0.17004702985286713
1992-10-19,0.16454167664051056
1992-10-20,0.16053523123264313
1992-10-21,0.15896588563919067
1992-10-22,0.15001335740089417
1992-10-23,0.14575234055519104
1992-10-24,0.14541544020175934
1992-10-25,0.1382296234369278
1992-10-26,0.1382327377796173
1992-10-27,0.13534674048423767
1992-10-28,0.14193397760391235
1992-10-29,0.15953223407268524
1992-10-30,0.1676998734474182
1992-10-31,0.353969931602478
1992-11-01,0.6113742589950562
1992-11-02,0.5316422581672668
1992-11-03,0.6145433783531189
1992-11-04,0.8313618898391724
1992-11-05,1.3635914325714111
1992-11-06,1.4266471862792969
1992-11-07,0.944668173789978
1992-11-08,0.6268301606178284
1992-11-09,0.4789392948150635
1992-11-10,0.4005047678947449
1992-11-11,0.3563627004623413
1992-11-12,0.7721660733222961
1992-11-13,2.4909136295318604
1992-11-14,2.036848783493042
1992-11-15,1.232888102531433
1992-11-16,0.829176664352417
1992-11-17,0.6266383528709412
1992-11-18,0.529268741607666
1992-11-19,0.4611673951148987
1992-11-20,0.4202592670917511
1992-11-21,0.4581446051597595
1992-11-22,0.6715549826622009
1992-11-23,1.6319055557250977
1992-11-24,2.033428430557251
1992-11-25,1.6750420331954956
1992-11-26,1.8727887868881226
1992-11-27,2.61881422996521
1992-11-28,2.006042718887329
1992-11-29,1.4198657274246216
1992-11-30,1.047721266746521
1992-12-01,0.8561713695526123
1992-12-02,0.7394274473190308
1992-12-03,0.6480011940002441
1992-12-04,0.5906407237052917
1992-12-05,0.5416725277900696
1992-12-06,0.5195971727371216
1992-12-07,0.4819614291191101
1992-12-08,0.46091747283935547
1992-12-09,0.43972429633140564
1992-12-10,0.9152883291244507
1992-12-11,2.2725932598114014
1992-12-12,1.944429636001587
1992-12-13,1.323421597480774
1992-12-14,0.9681465029716492
1992-12-15,0.7794874310493469
1992-12-16,0.6740586757659912
1992-12-17,0.6467235088348389
1992-12-18,0.698214590549469
1992-12-19,0.6531754732131958
1992-12-20,0.8409944176673889
1992-12-21,1.4909234046936035
1992-12-22,1.296226143836975
1992-12-23,1.0753283500671387
1992-12-24,1.0117820501327515
1992-12-25,0.9113984704017639
1992-12-26,0.7707186937332153
1992-12-27,0.7141746282577515
1992-12-28,0.969775378704071
1992-12-29,1.759666085243225
1992-12-30,1.8968665599822998
1992-12-31,1.503307819366455
1993-01-01,1.165469765663147
1993-01-02,0.9584095478057861
1993-01-03,0.8150441646575928
1993-01-04,0.7321233749389648
1993-01-05,1.2932751178741455
1993-01-06,2.169065475463867
1993-01-07,1.7892975807189941
1993-01-08,3.8515429496765137
1993-01-09,7.091550827026367
1993-01-10,6.042518138885498
1993-01-11,3.972432851791382
1993-01-12,3.183350086212158
1993-01-13,3.5212371349334717
1993-01-14,2.9543967247009277
1993-01-15,2.080570697784424
1993-01-16,1.7015904188156128
1993-01-17,1.590358018875122
1993-01-18,1.3735747337341309
1993-01-19,1.2021970748901367
1993-01-20,1.0706062316894531
1993-01-21,1.3571701049804688
1993-01-22,4.454322338104248
1993-01-23,4.411412715911865
1993-01-24,3.3646299839019775
1993-01-25,3.166701555252075
1993-01-26,2.463793992996216
1993-01-27,1.7848161458969116
1993-01-28,1.3998277187347412
1993-01-29,1.2032256126403809
1993-01-30,1.0604133605957031
1993-01-31,0.9704208970069885
1993-02-01,0.9141520261764526
1993-02-02,0.8688467741012573
1993-02-03,0.788696825504303
1993-02-04,0.7545411586761475
1993-02-05,0.7190582752227783
1993-02-06,0.6921752691268921
1993-02-07,0.6711173057556152
1993-02-08,0.7229598760604858
1993-02-09,0.8319486379623413
1993-02-10,0.7783793210983276
1993-02-11,0.7300980091094971
1993-02-12,1.2319172620773315
1993-02-13,2.305312395095825
1993-02-14,1.878715991973877
1993-02-15,1.3852883577346802
1993-02-16,1.4902381896972656
1993-02-17,2.375692367553711
1993-02-18,2.031494140625
1993-02-19,1.5958726406097412
1993-02-20,1.2706894874572754
1993-02-21,1.4209773540496826
1993-02-22,1.9605586528778076
1993-02-23,1.6891460418701172
1993-02-24,1.3875277042388916
1993-02-25,1.1914310455322266
1993-02-26,1.1164414882659912
1993-02-27,1.3317726850509644
1993-02-28,1.3712973594665527
1993-03-01,1.2935744524002075
1993-03-02,1.2080841064453125
1993-03-03,1.5119495391845703
1993-03-04,13.440780639648438
1993-03-05,13.531780242919922
1993-03-06,7.267749309539795
1993-03-07,3.9082727432250977
1993-03-08,2.607572555541992
1993-03-09,1.9761018753051758
1993-03-10,1.6050384044647217
1993-03-11,1.408359408378601
1993-03-12,1.2765450477600098
1993-03-13,6.337462425231934
1993-03-14,9.480524063110352
1993-03-15,6.151762962341309
1993-03-16,3.9810121059417725
1993-03-17,3.558873176574707
1993-03-18,4.079229354858398
1993-03-19,3.2096409797668457
1993-03-20,2.373798131942749
1993-03-21,1.9195544719696045
1993-03-22,1.7074579000473022
1993-03-23,1.6137909889221191
1993-03-24,2.8226876258850098
1993-03-25,4.185140132904053
1993-03-26,3.5557050704956055
1993-03-27,6.618873596191406
1993-03-28,8.805461883544922
1993-03-29,5.830680847167969
1993-03-30,3.576756000518799
1993-03-31,2.615192174911499
1993-04-01,2.44136381149292
1993-04-02,2.203591823577881
1993-04-03,1.823115348815918
1993-04-04,1.5262715816497803
1993-04-05,2.8389172554016113
1993-04-06,8.948646545410156
1993-04-07,8.142208099365234
1993-04-08,4.8287858963012695
1993-04-09,3.0919814109802246
1993-04-10,5.26216459274292
1993-04-11,6.347934722900391
1993-04-12,4.24706506729126
1993-04-13,2.8000152111053467
1993-04-14,2.123978853225708
1993-04-15,1.7818232774734497
1993-04-16,4.737766265869141
1993-04-17,6.3149495124816895
1993-04-18,4.024537086486816
1993-04-19,2.5773353576660156
1993-04-20,1.9454007148742676
1993-04-21,1.6241230964660645
1993-04-22,1.4430509805679321
1993-04-23,1.2767573595046997
1993-04-24,1.1613662242889404
1993-04-25,1.0726606845855713
1993-04-26,1.0313220024108887
1993-04-27,1.0193331241607666
1993-04-28,0.9322829246520996
1993-04-29,0.8818168044090271
1993-04-30,0.8533154129981995
1993-05-01,0.8222412467002869
1993-05-02,0.7807067632675171
1993-05-03,0.7327321171760559
1993-05-04,0.7381758689880371
1993-05-05,1.1049821376800537
1993-05-06,1.4028513431549072
1993-05-07,1.1413097381591797
1993-05-08,0.9069791436195374
1993-05-09,0.8036887645721436
1993-05-10,0.7551647424697876
1993-05-11,0.7002095580101013
1993-05-12,0.6449824571609497
1993-05-13,0.6343706846237183
1993-05-14,0.7318651676177979
1993-05-15,0.7712646126747131
1993-05-16,0.6792004704475403
1993-05-17,0.5935704708099365
1993-05-18,0.5589714646339417
1993-05-19,0.7078309655189514
1993-05-20,0.9280127882957458
1993-05-21,0.7863113880157471
1993-05-22,0.6477334499359131
1993-05-23,0.5709669589996338
1993-05-24,0.5233862400054932
1993-05-25,0.4766712784767151
1993-05-26,0.5218418836593628
1993-05-27,0.6354482769966125
1993-05-28,0.5724391341209412
1993-05-29,0.5137878656387329
1993-05-30,0.5025937557220459
1993-05-31,0.5259947776794434
1993-06-01,0.6508685350418091
1993-06-02,0.5953518748283386
1993-06-03,0.49674004316329956
1993-06-04,0.4522361159324646
1993-06-05,0.487026572227478
1993-06-06,0.5046355128288269
1993-06-07,0.4429680109024048
1993-06-08,0.3929150104522705
1993-06-09,0.359414279460907
1993-06-10,0.32974773645401
1993-06-11,0.31839171051979065
1993-06-12,0.3315899670124054
1993-06-13,0.3592347800731659
1993-06-14,0.37433141469955444
1993-06-15,0.3285687267780304
1993-06-16,0.29995203018188477
1993-06-17,0.2844451665878296
1993-06-18,0.2629110813140869
1993-06-19,0.24613091349601746
1993-06-20,0.22969618439674377
1993-06-21,0.21590709686279297
1993-06-22,0.21408312022686005
1993-06-23,0.20557168126106262
1993-06-24,0.19232076406478882
1993-06-25,0.18073441088199615
1993-06-26,0.1716780662536621
1993-06-27,0.17300966382026672
1993-06-28,0.17255981266498566
1993-06-29,0.17382609844207764
1993-06-30,0.19658204913139343
1993-07-01,0.19402550160884857
1993-07-02,0.22170627117156982
1993-07-03,0.3579590916633606
1993-07-04,0.4301033020019531
1993-07-05,0.34707990288734436
1993-07-06,0.2751106917858124
1993-07-07,0.24148590862751007
1993-07-08,0.21378152072429657
1993-07-09,0.1908499002456665
1993-07-10,0.18767212331295013
1993-07-11,0.20535382628440857
1993-07-12,0.20624573528766632
1993-07-13,0.20778781175613403
1993-07-14,0.21139615774154663
1993-07-15,0.20864596962928772
1993-07-16,0.2214481383562088
1993-07-17,0.2063610702753067
1993-07-18,0.1864560842514038
1993-07-19,0.22699275612831116
1993-07-20,0.36150118708610535
1993-07-21,0.36479032039642334
1993-07-22,0.26934733986854553
1993-07-23,0.21046561002731323
1993-07-24,0.19886770844459534
1993-07-25,0.26728081703186035
1993-07-26,0.4842023551464081
1993-07-27,0.5468961596488953
1993-07-28,0.4222620129585266
1993-07-29,0.29479944705963135
1993-07-30,0.2222847193479538
1993-07-31,0.1789015829563141
1993-08-01,0.1570512056350708
1993-08-02,0.14154207706451416
1993-08-03,0.15695318579673767
1993-08-04,0.28577855229377747
1993-08-05,0.35255274176597595
1993-08-06,0.3105952739715576
1993-08-07,0.2970183491706848
1993-08-08,0.2657567858695984
1993-08-09,0.22092458605766296
1993-08-10,0.1832960993051529
1993-08-11,0.15743882954120636
1993-08-12,0.16231530904769897
1993-08-13,0.22985906898975372
1993-08-14,0.3279907703399658
1993-08-15,0.2886674106121063
1993-08-16,0.22541777789592743
1993-08-17,0.19401314854621887
1993-08-18,0.1855987012386322
1993-08-19,0.1659797579050064
1993-08-20,0.1486644595861435
1993-08-21,0.14491988718509674
1993-08-22,0.13577955961227417
1993-08-23,0.1242067962884903
1993-08-24,0.11455059051513672
1993-08-25,0.10821300745010376
1993-08-26,0.11572081595659256
1993-08-27,0.13665075600147247
1993-08-28,0.1325424760580063
1993-08-29,0.11650311946868896
1993-08-30,0.10678741335868835
1993-08-31,0.09925153851509094
1993-09-01,0.09331027418375015
1993-09-02,0.09322506189346313
1993-09-03,0.0903141126036644
1993-09-04,0.10764632374048233
1993-09-05,0.1868380904197693
1993-09-06,0.23692288994789124
1993-09-07,0.2032562643289566
1993-09-08,0.170309916138649
1993-09-09,0.14715048670768738
1993-09-10,0.12887205183506012
1993-09-11,0.11372537910938263
1993-09-12,0.10483002662658691
1993-09-13,0.1005663126707077
1993-09-14,0.09870442003011703
1993-09-15,0.0971568375825882
1993-09-16,0.1090012714266777
1993-09-17,0.16174133121967316
1993-09-18,0.20714285969734192
1993-09-19,0.18813559412956238
1993-09-20,0.15363700687885284
1993-09-21,0.14079152047634125
1993-09-22,0.1325347125530243
1993-09-23,0.12055966258049011
1993-09-24,0.11095794290304184
1993-09-25,0.10770086199045181
1993-09-26,0.10588055104017258
1993-09-27,0.10066159069538116
1993-09-28,0.09521707892417908
1993-09-29,0.08997281640768051
1993-09-30,0.086260586977005
1993-10-01,0.08163106441497803
1993-10-02,0.08037174493074417
1993-10-03,0.07869220525026321
1993-10-04,0.07803386449813843
1993-10-05,0.0760968029499054
1993-10-06,0.0749456062912941
1993-10-07,0.07801403105258942
1993-10-08,0.08397627621889114
1993-10-09,0.08637867122888565
1993-10-10,0.09138607978820801
1993-10-11,0.09962207823991776
1993-10-12,0.10514149069786072
1993-10-13,0.10116016864776611
1993-10-14,0.09604381024837494
1993-10-15,0.09394840896129608
1993-10-16,0.09157036989927292
1993-10-17,0.09333230555057526
1993-10-18,0.09600138664245605
1993-10-19,0.09393120557069778
1993-10-20,0.09233740717172623
1993-10-21,0.09577835351228714
1993-10-22,0.10528948158025742
1993-10-23,0.10856302082538605
1993-10-24,0.10342585295438766
1993-10-25,0.09800578653812408
1993-10-26,0.10386717319488525
1993-10-27,0.11934050917625427
1993-10-28,0.11750958859920502
1993-10-29,0.11236065626144409
1993-10-30,0.21169961988925934
1993-10-31,0.3700160086154938
1993-11-01,0.3209804594516754
1993-11-02,0.23992891609668732
1993-11-03,0.19179987907409668
1993-11-04,0.17346704006195068
1993-11-05,0.20946818590164185
1993-11-06,0.3845613896846771
1993-11-07,0.3829752206802368
1993-11-08,0.30011504888534546
1993-11-09,0.24063295125961304
1993-11-10,0.2031613290309906
1993-11-11,0.19024090468883514
1993-11-12,0.17895564436912537
1993-11-13,0.17245811223983765
1993-11-14,0.17021630704402924
1993-11-15,0.16497640311717987
1993-11-16,0.15782691538333893
1993-11-17,0.15333817899227142
1993-11-18,0.1499582976102829
1993-11-19,0.14603793621063232
1993-11-20,0.1438848376274109
1993-11-21,0.14236603677272797
1993-11-22,0.14268730580806732
1993-11-23,0.1404445767402649
1993-11-24,0.1402844786643982
1993-11-25,0.13101404905319214
1993-11-26,0.126819908618927
1993-11-27,0.29658180475234985
1993-11-28,2.393313407897949
1993-11-29,2.193768262863159
1993-11-30,1.1710950136184692
1993-12-01,0.661422610282898
1993-12-02,0.4614882171154022
1993-12-03,0.37443846464157104
1993-12-04,0.32804206013679504
1993-12-05,0.7353447675704956
1993-12-06,1.0866049528121948
1993-12-07,0.8044518828392029
1993-12-08,0.5683218240737915
1993-12-09,0.44963863492012024
1993-12-10,0.39096784591674805
1993-12-11,0.414999395608902
1993-12-12,0.3940587639808655
1993-12-13,0.35308972001075745
1993-12-14,0.32087770104408264
1993-12-15,0.5320538282394409
1993-12-16,1.2064967155456543
1993-12-17,1.0488708019256592
1993-12-18,0.7468060851097107
1993-12-19,0.6104409098625183
1993-12-20,0.5179753303527832
1993-12-21,1.0301486253738403
1993-12-22,1.4045355319976807
1993-12-23,1.2727220058441162
1993-12-24,1.1429119110107422
1993-12-25,0.8953848481178284
1993-12-26,0.7149431705474854
1993-12-27,0.6043041944503784
1993-12-28,0.5376044511795044
1993-12-29,0.5362021923065186
1993-12-30,0.5866379737854004
1993-12-31,0.5427712202072144
1994-01-01,0.5188843607902527
1994-01-02,0.7181969285011292
1994-01-03,0.9627484083175659
1994-01-04,1.3198657035827637
1994-01-05,1.5590850114822388
1994-01-06,1.221647024154663
1994-01-07,0.9287759065628052
1994-01-08,0.9824519157409668
1994-01-09,1.0668302774429321
1994-01-10,0.8877598643302917
1994-01-11,0.7136054039001465
1994-01-12,1.2081983089447021
1994-01-13,2.1143312454223633
1994-01-14,1.750973105430603
1994-01-15,1.2815124988555908
1994-01-16,0.955101728439331
1994-01-17,0.7789924144744873
1994-01-18,1.6255203485488892
1994-01-19,1.5697674751281738
1994-01-20,1.1629116535186768
1994-01-21,0.9801747798919678
1994-01-22,0.8487051725387573
1994-01-23,0.7852758765220642
1994-01-24,0.7652182579040527
1994-01-25,0.7472888827323914
1994-01-26,0.7386766076087952
1994-01-27,0.6874355673789978
1994-01-28,1.831434965133667
1994-01-29,3.6438300609588623
1994-01-30,2.5201056003570557
1994-01-31,1.689950942993164
1994-02-01,1.2625370025634766
1994-02-02,1.0339837074279785
1994-02-03,0.8860903382301331
1994-02-04,0.7822889685630798
1994-02-05,0.8155871629714966
1994-02-06,0.9687722325325012
1994-02-07,0.8931552767753601
1994-02-08,0.7888729572296143
1994-02-09,0.7751810550689697
1994-02-10,1.0785835981369019
1994-02-11,2.4767112731933594
1994-02-12,2.9019858837127686
1994-02-13,2.638216733932495
1994-02-14,2.323850631713867
1994-02-15,1.9177500009536743
1994-02-16,1.5679570436477661
1994-02-17,1.2836192846298218
1994-02-18,1.0835974216461182
1994-02-19,0.9681329727172852
1994-02-20,0.8859519958496094
1994-02-21,0.8330126404762268
1994-02-22,0.7907014489173889
1994-02-23,0.8965768218040466
1994-02-24,4.329280853271484
1994-02-25,4.1629438400268555
1994-02-26,2.6658642292022705
1994-02-27,1.832130789756775
1994-02-28,1.3488103151321411
1994-03-01,1.178389310836792
1994-03-02,9.007250785827637
1994-03-03,15.216652870178223
1994-03-04,8.582869529724121
1994-03-05,4.373648166656494
1994-03-06,2.7392616271972656
1994-03-07,2.016601324081421
1994-03-08,1.6510143280029297
1994-03-09,1.3659567832946777
1994-03-10,2.303359031677246
1994-03-11,2.885471820831299
1994-03-12,2.1704421043395996
1994-03-13,1.6287124156951904
1994-03-14,1.3733174800872803
1994-03-15,1.2102270126342773
1994-03-16,1.0922305583953857
1994-03-17,0.9968492984771729
1994-03-18,0.9236403703689575
1994-03-19,0.8672485947608948
1994-03-20,0.8148078322410583
1994-03-21,0.7987845540046692
1994-03-22,0.8403720855712891
1994-03-23,0.8048391938209534
1994-03-24,0.7744823694229126
1994-03-25,1.1256816387176514
1994-03-26,1.7082444429397583
1994-03-27,2.130068063735962
1994-03-28,5.849030494689941
1994-03-29,15.04103946685791
1994-03-30,9.880941390991211
1994-03-31,5.74211311340332
1994-04-01,3.948176145553589
1994-04-02,2.7334232330322266
1994-04-03,2.067242383956909
1994-04-04,1.6644076108932495
1994-04-05,1.3968595266342163
1994-04-06,1.2591702938079834
1994-04-07,1.2020281553268433
1994-04-08,1.0781770944595337
1994-04-09,0.9708083271980286
1994-04-10,0.9161462783813477
1994-04-11,0.8786844611167908
1994-04-12,0.8652881979942322
1994-04-13,0.9261252880096436
1994-04-14,1.033319115638733
1994-04-15,1.0404736995697021
1994-04-16,2.327789068222046
1994-04-17,2.533945322036743
1994-04-18,1.7754185199737549
1994-04-19,1.2903735637664795
1994-04-20,1.0355708599090576
1994-04-21,0.8839372992515564
1994-04-22,0.7891321182250977
1994-04-23,0.7202210426330566
1994-04-24,0.6709152460098267
1994-04-25,0.6345515251159668
1994-04-26,0.5999575257301331
1994-04-27,0.586505115032196
1994-04-28,0.5746483206748962
1994-04-29,0.5495456457138062
1994-04-30,0.5280947685241699
1994-05-01,0.5139568448066711
1994-05-02,0.4944799244403839
1994-05-03,0.47499924898147583
1994-05-04,0.6697814464569092
1994-05-05,1.0947502851486206
1994-05-06,0.9742969274520874
1994-05-07,0.7455161809921265
1994-05-08,0.702686607837677
1994-05-09,0.7087334394454956
1994-05-10,0.6129060983657837
1994-05-11,0.5345177054405212
1994-05-12,0.47929689288139343
1994-05-13,0.4314076006412506
1994-05-14,0.3981533348560333
1994-05-15,0.3798092007637024
1994-05-16,0.4156792163848877
1994-05-17,0.4313009977340698
1994-05-18,0.39051228761672974
1994-05-19,0.36292800307273865
1994-05-20,0.34312453866004944
1994-05-21,0.3254424035549164
1994-05-22,0.3128790557384491
1994-05-23,0.29914572834968567
1994-05-24,0.2810862064361572
1994-05-25,0.26201358437538147
1994-05-26,0.2624776363372803
1994-05-27,0.3526175022125244
1994-05-28,0.3792392909526825
1994-05-29,0.3307342529296875
1994-05-30,0.29204127192497253
1994-05-31,0.2631432116031647
1994-06-01,0.24741214513778687
1994-06-02,0.22736532986164093
1994-06-03,0.2096312791109085
1994-06-04,0.19602739810943604
1994-06-05,0.20378315448760986
1994-06-06,0.23543357849121094
1994-06-07,0.25798967480659485
1994-06-08,0.2824576199054718
1994-06-09,0.2959526479244232
1994-06-10,0.29521745443344116
1994-06-11,0.580545961856842
1994-06-12,0.8315507173538208
1994-06-13,0.6102731227874756
1994-06-14,0.41396817564964294
1994-06-15,0.32020679116249084
1994-06-16,0.2806541621685028
1994-06-17,0.297697514295578
1994-06-18,0.31536516547203064
1994-06-19,0.27533698081970215
1994-06-20,0.23662780225276947
1994-06-21,0.23611295223236084
1994-06-22,0.2712628245353699
1994-06-23,0.27159976959228516
1994-06-24,0.2669171690940857
1994-06-25,0.23393982648849487
1994-06-26,0.2049763798713684
1994-06-27,0.20737461745738983
1994-06-28,0.2303018718957901
1994-06-29,0.23462945222854614
1994-06-30,0.3034299612045288
1994-07-01,0.3632567524909973
1994-07-02,0.3325396776199341
1994-07-03,0.26440420746803284
1994-07-04,0.40943431854248047
1994-07-05,0.6717028617858887
1994-07-06,0.5212079286575317
1994-07-07,0.35605859756469727
1994-07-08,0.2699001431465149
1994-07-09,0.2214127480983734
1994-07-10,0.22730031609535217
1994-07-11,0.2767089903354645
1994-07-12,0.26061373949050903
1994-07-13,0.23121905326843262
1994-07-14,0.201228529214859
1994-07-15,0.18028800189495087
1994-07-16,0.1684604287147522
1994-07-17,0.1609915941953659
1994-07-18,0.16718031466007233
1994-07-19,0.1904677450656891
1994-07-20,0.21948707103729248
1994-07-21,0.34271952509880066
1994-07-22,0.6244333982467651
1994-07-23,0.738578736782074
1994-07-24,0.6108270287513733
1994-07-25,0.44076764583587646
1994-07-26,0.4486396908760071
1994-07-27,0.821528434753418
1994-07-28,1.6520686149597168
1994-07-29,2.5973122119903564
1994-07-30,2.643784999847412
1994-07-31,1.9148446321487427
1994-08-01,1.255192518234253
1994-08-02,1.1145973205566406
1994-08-03,1.0503190755844116
1994-08-04,0.7819316387176514
1994-08-05,0.6463013291358948
1994-08-06,0.5887280106544495
1994-08-07,0.46658313274383545
1994-08-08,0.37040024995803833
1994-08-09,0.30834490060806274
1994-08-10,0.2697056829929352
1994-08-11,0.23768530786037445
1994-08-12,0.21277537941932678
1994-08-13,0.20532816648483276
1994-08-14,0.19747865200042725
1994-08-15,0.29945409297943115
1994-08-16,0.9250725507736206
1994-08-17,1.3567543029785156
1994-08-18,1.083715558052063
1994-08-19,0.7623538970947266
1994-08-20,0.5963137149810791
1994-08-21,0.510936975479126
1994-08-22,0.4704429507255554
1994-08-23,0.3761023283004761
1994-08-24,0.30375388264656067
1994-08-25,0.2588077187538147
1994-08-26,0.23433205485343933
1994-08-27,0.2283884435892105
1994-08-28,0.22336357831954956
1994-08-29,0.2362576276063919
1994-08-30,0.3199642598628998
1994-08-31,0.33705341815948486
1994-09-01,0.31090787053108215
1994-09-02,0.5215886235237122
1994-09-03,0.8408366441726685
1994-09-04,0.6500589847564697
1994-09-05,0.4402112662792206
1994-09-06,0.373590350151062
1994-09-07,0.34553152322769165
1994-09-08,0.2890869975090027
1994-09-09,0.24909807741641998
1994-09-10,0.22359640896320343
1994-09-11,0.2023790180683136
1994-09-12,0.18581326305866241
1994-09-13,0.1748492568731308
1994-09-14,0.1654510647058487
1994-09-15,0.15702062845230103
1994-09-16,0.14942710101604462
1994-09-17,0.1477879136800766
1994-09-18,0.15658308565616608
1994-09-19,0.16050858795642853
1994-09-20,0.1525813490152359
1994-09-21,0.14940676093101501
1994-09-22,0.14762888848781586
1994-09-23,0.14209409058094025
1994-09-24,0.15233451128005981
1994-09-25,0.20105263590812683
1994-09-26,0.2617679238319397
1994-09-27,0.24461042881011963
1994-09-28,0.20376956462860107
1994-09-29,0.17553722858428955
1994-09-30,0.15782029926776886
1994-10-01,0.14561551809310913
1994-10-02,0.1395656168460846
1994-10-03,0.13773369789123535
1994-10-04,0.1323205530643463
1994-10-05,0.12767542898654938
1994-10-06,0.1255761831998825
1994-10-07,0.12260540574789047
1994-10-08,0.12387223541736603
1994-10-09,0.12165550887584686
1994-10-10,0.13694843649864197
1994-10-11,0.16290147602558136
1994-10-12,0.16096411645412445
1994-10-13,0.15702208876609802
1994-10-14,0.20320524275302887
1994-10-15,0.2852320969104767
1994-10-16,0.2631499469280243
1994-10-17,0.21782100200653076
1994-10-18,0.1911289542913437
1994-10-19,0.17278136312961578
1994-10-20,0.16834574937820435
1994-10-21,0.1674538403749466
1994-10-22,0.16232354938983917
1994-10-23,0.17134778201580048
1994-10-24,0.18051567673683167
1994-10-25,0.16951166093349457
1994-10-26,0.1587742269039154
1994-10-27,0.1509164571762085
1994-10-28,0.1457885205745697
1994-10-29,0.14339543879032135
1994-10-30,0.14399957656860352
1994-10-31,0.1479024440050125
1994-11-01,0.1736491322517395
1994-11-02,0.1858113557100296
1994-11-03,0.18633484840393066
1994-11-04,0.17588703334331512
1994-11-05,0.16624416410923004
1994-11-06,0.16127628087997437
1994-11-07,0.1593826413154602
1994-11-08,0.1577768623828888
1994-11-09,0.15202949941158295
1994-11-10,0.1564178615808487
1994-11-11,0.16613930463790894
1994-11-12,0.1674586534500122
1994-11-13,0.16991616785526276
1994-11-14,0.16866612434387207
1994-11-15,0.16498932242393494
1994-11-16,0.159573495388031
1994-11-17,0.15552683174610138
1994-11-18,0.1565893590450287
1994-11-19,0.15128575265407562
1994-11-20,0.14861586689949036
1994-11-21,0.1743873506784439
1994-11-22,0.22977524995803833
1994-11-23,0.21958768367767334
1994-11-24,0.19950757920742035
1994-11-25,0.18551871180534363
1994-11-26,0.17384372651576996
1994-11-27,0.20096126198768616
1994-11-28,0.32492464780807495
1994-11-29,0.39007726311683655
1994-11-30,0.41484200954437256
1994-12-01,0.37742459774017334
1994-12-02,0.32381653785705566
1994-12-03,0.2926430404186249
1994-12-04,0.26873624324798584
1994-12-05,0.2962864935398102
1994-12-06,0.3150005638599396
1994-12-07,0.2907663583755493
1994-12-08,0.2607365846633911
1994-12-09,0.24417006969451904
1994-12-10,0.23596623539924622
1994-12-11,0.28979194164276123
1994-12-12,0.33582788705825806
1994-12-13,0.307060182094574
1994-12-14,0.31389644742012024
1994-12-15,0.327522873878479
1994-12-16,0.3068775534629822
1994-12-17,0.2873115837574005
1994-12-18,0.2924951910972595
1994-12-19,0.27577850222587585
1994-12-20,0.2661793529987335
1994-12-21,0.2558079659938812
1994-12-22,0.24677231907844543
1994-12-23,0.3384368121623993
1994-12-24,0.5228896141052246
1994-12-25,0.48350876569747925
1994-12-26,0.3993663787841797
1994-12-27,0.3505015969276428
1994-12-28,0.32209768891334534
1994-12-29,0.29466983675956726
1994-12-30,0.27222323417663574
1994-12-31,0.26473280787467957
1995-01-01,0.3047260046005249
1995-01-02,0.3135354816913605
1995-01-03,0.29841911792755127
1995-01-04,0.2797132730484009
1995-01-05,0.2693834900856018
1995-01-06,0.26139190793037415
1995-01-07,1.0349406003952026
1995-01-08,2.0730361938476562
1995-01-09,1.4910387992858887
1995-01-10,0.9368006587028503
1995-01-11,0.6828731298446655
1995-01-12,0.5682263970375061
1995-01-13,0.5179667472839355
1995-01-14,0.48836150765419006
1995-01-15,6.054773330688477
1995-01-16,12.482216835021973
1995-01-17,6.658418655395508
1995-01-18,2.977391242980957
1995-01-19,1.713969111442566
1995-01-20,1.599457859992981
1995-01-21,1.6027637720108032
1995-01-22,1.288260817527771
1995-01-23,1.0229216814041138
1995-01-24,0.9174041748046875
1995-01-25,0.795696496963501
1995-01-26,0.7082276940345764
1995-01-27,0.6419965624809265
1995-01-28,0.8049910664558411
1995-01-29,1.2126483917236328
1995-01-30,1.2351973056793213
1995-01-31,1.0974105596542358
1995-02-01,0.9455740451812744
1995-02-02,0.8546473383903503
1995-02-03,0.8246361017227173
1995-02-04,0.8247071504592896
1995-02-05,0.8304461240768433
1995-02-06,0.750056803226471
1995-02-07,0.6680526733398438
1995-02-08,0.636884331703186
1995-02-09,0.6012065410614014
1995-02-10,0.5659835338592529
1995-02-11,0.5885059237480164
1995-02-12,0.6719069480895996
1995-02-13,0.6509321928024292
1995-02-14,0.5915837287902832
1995-02-15,0.8419867157936096
1995-02-16,5.605996608734131
1995-02-17,13.311487197875977
1995-02-18,11.349206924438477
1995-02-19,7.909634590148926
1995-02-20,4.678154468536377
1995-02-21,2.925102710723877
1995-02-22,2.0590665340423584
1995-02-23,1.5863454341888428
1995-02-24,1.3112502098083496
1995-02-25,1.136271595954895
1995-02-26,1.011876106262207
1995-02-27,0.9323256015777588
1995-02-28,1.184273600578308
1995-03-01,4.12916898727417
1995-03-02,5.767392158508301
1995-03-03,3.720703601837158
1995-03-04,2.4668784141540527
1995-03-05,2.077296733856201
1995-03-06,1.8357230424880981
1995-03-07,1.8745033740997314
1995-03-08,3.121659278869629
1995-03-09,5.377993106842041
1995-03-10,3.8038599491119385
1995-03-11,2.4652891159057617
1995-03-12,1.8358275890350342
1995-03-13,1.4868178367614746
1995-03-14,1.2791920900344849
1995-03-15,1.1314213275909424
1995-03-16,1.0571807622909546
1995-03-17,0.9953742027282715
1995-03-18,0.9300012588500977
1995-03-19,0.864210307598114
1995-03-20,0.8201908469200134
1995-03-21,0.8830941915512085
1995-03-22,0.9259733557701111
1995-03-23,0.8610275387763977
1995-03-24,0.7938746213912964
1995-03-25,0.7355161905288696
1995-03-26,0.6917798519134521
1995-03-27,0.6716939210891724
1995-03-28,0.6593818068504333
1995-03-29,0.62848961353302
1995-03-30,0.6051903963088989
1995-03-31,0.584516167640686
1995-04-01,0.5556159615516663
1995-04-02,0.541104257106781
1995-04-03,0.5241031646728516
1995-04-04,0.5173547267913818
1995-04-05,0.49655431509017944
1995-04-06,0.48411479592323303
1995-04-07,0.47524818778038025
1995-04-08,0.46534264087677
1995-04-09,0.45030224323272705
1995-04-10,0.4307233691215515
1995-04-11,0.41767188906669617
1995-04-12,0.4518836438655853
1995-04-13,0.678839921951294
1995-04-14,0.704456090927124
1995-04-15,0.5968388319015503
1995-04-16,0.5276841521263123
1995-04-17,0.4811425507068634
1995-04-18,0.44750145077705383
1995-04-19,0.4248315691947937
1995-04-20,0.3981572389602661
1995-04-21,0.38517090678215027
1995-04-22,0.37389999628067017
1995-04-23,0.37067681550979614
1995-04-24,0.3890351355075836
1995-04-25,0.3998248279094696
1995-04-26,0.3747074604034424
1995-04-27,0.35375165939331055
1995-04-28,0.336809903383255
1995-04-29,0.31839069724082947
1995-04-30,0.3073917627334595
1995-05-01,0.30043768882751465
1995-05-02,0.37312424182891846
1995-05-03,0.5000962018966675
1995-05-04,0.4575697183609009
1995-05-05,0.3924182653427124
1995-05-06,0.34851494431495667
1995-05-07,0.3136554956436157
1995-05-08,0.2890327572822571
1995-05-09,0.27049458026885986
1995-05-10,0.3373316526412964
1995-05-11,0.513980507850647
1995-05-12,0.5199068188667297
1995-05-13,0.47254395484924316
1995-05-14,0.525225818157196
1995-05-15,0.5879223942756653
1995-05-16,0.4960973858833313
1995-05-17,0.4007781744003296
1995-05-18,0.33442819118499756
1995-05-19,0.3713532090187073
1995-05-20,0.5144661068916321
1995-05-21,0.4395684003829956
1995-05-22,0.3509840965270996
1995-05-23,0.2983296513557434
1995-05-24,0.26446911692619324
1995-05-25,0.23836374282836914
1995-05-26,0.2382536083459854
1995-05-27,0.3427741527557373
1995-05-28,0.703019380569458
1995-05-29,1.0097743272781372
1995-05-30,0.7527569532394409
1995-05-31,0.5103866457939148
1995-06-01,0.3808307945728302
1995-06-02,0.5881915092468262
1995-06-03,1.7808775901794434
1995-06-04,1.5972375869750977
1995-06-05,1.0315968990325928
1995-06-06,1.3163930177688599
1995-06-07,2.5380685329437256
1995-06-08,1.7520041465759277
1995-06-09,1.0713814496994019
1995-06-10,0.7560632228851318
1995-06-11,0.601034939289093
1995-06-12,0.5604295134544373
1995-06-13,0.5786089301109314
1995-06-14,0.5101433396339417
1995-06-15,0.4396321177482605
1995-06-16,0.38571152091026306
1995-06-17,0.34208908677101135
1995-06-18,0.30254966020584106
1995-06-19,0.5180667638778687
1995-06-20,1.3266066312789917
1995-06-21,1.2933084964752197
1995-06-22,1.4840538501739502
1995-06-23,2.4206857681274414
1995-06-24,2.8667075634002686
1995-06-25,2.634479522705078
1995-06-26,2.104841709136963
1995-06-27,1.9123412370681763
1995-06-28,2.5142533779144287
1995-06-29,9.074944496154785
1995-06-30,9.766877174377441
1995-07-01,5.796102046966553
1995-07-02,3.7154743671417236
1995-07-03,2.514826774597168
1995-07-04,2.075510263442993
1995-07-05,1.679243803024292
1995-07-06,1.739023208618164
1995-07-07,2.7386765480041504
1995-07-08,2.573052167892456
1995-07-09,1.6535905599594116
1995-07-10,1.1489412784576416
1995-07-11,0.9700027704238892
1995-07-12,0.8223580121994019
1995-07-13,0.6752951145172119
1995-07-14,0.5700418949127197
1995-07-15,0.49501746892929077
1995-07-16,0.47844547033309937
1995-07-17,0.5514857769012451
1995-07-18,0.5580158233642578
1995-07-19,0.4931320548057556
1995-07-20,0.4270026981830597
1995-07-21,0.39032086730003357
1995-07-22,0.4284253716468811
1995-07-23,0.4453509449958801
1995-07-24,0.4578433632850647
1995-07-25,0.6360328793525696
1995-07-26,0.7827897071838379
1995-07-27,0.6890112161636353
1995-07-28,0.5714905261993408
1995-07-29,0.4872720241546631
1995-07-30,0.48984295129776
1995-07-31,0.6221470236778259
1995-08-01,0.6027324199676514
1995-08-02,0.4810929298400879
1995-08-03,0.3867831826210022
1995-08-04,0.3415755033493042
1995-08-05,0.3060981333255768
1995-08-06,0.26979660987854004
1995-08-07,0.2413928508758545
1995-08-08,0.2235010862350464
1995-08-09,0.21183931827545166
1995-08-10,0.20679998397827148
1995-08-11,0.20073500275611877
1995-08-12,0.19296234846115112
1995-08-13,0.17942273616790771
1995-08-14,0.16813892126083374
1995-08-15,0.16418133676052094
1995-08-16,0.15821723639965057
1995-08-17,0.14607536792755127
1995-08-18,0.13966259360313416
1995-08-19,0.1344885528087616
1995-08-20,0.12806080281734467
1995-08-21,0.12189464271068573
1995-08-22,0.11864844709634781
1995-08-23,0.11419455707073212
1995-08-24,0.11212363094091415
1995-08-25,0.11004485934972763
1995-08-26,0.11570321023464203
1995-08-27,0.45847731828689575
1995-08-28,2.5061466693878174
1995-08-29,1.942471981048584
1995-08-30,0.9494990706443787
1995-08-31,0.5270781517028809
1995-09-01,0.41168826818466187
1995-09-02,0.40917298197746277
1995-09-03,0.33894193172454834
1995-09-04,0.2735215127468109
1995-09-05,0.23391638696193695
1995-09-06,0.21047799289226532
1995-09-07,0.19525954127311707
1995-09-08,0.18258103728294373
1995-09-09,0.17007172107696533
1995-09-10,0.1622447520494461
1995-09-11,0.16617417335510254
1995-09-12,0.16913637518882751
1995-09-13,0.1615867018699646
1995-09-14,0.152185320854187
1995-09-15,0.14818312227725983
1995-09-16,0.16112267971038818
1995-09-17,0.2066536247730255
1995-09-18,0.22237132489681244
1995-09-19,0.1986216902732849
1995-09-20,0.17713798582553864
1995-09-21,0.16931547224521637
1995-09-22,0.19421342015266418
1995-09-23,0.26014500856399536
1995-09-24,0.30349960923194885
1995-09-25,0.27040979266166687
1995-09-26,0.23472647368907928
1995-09-27,0.210850328207016
1995-09-28,0.18958181142807007
1995-09-29,0.17316125333309174
1995-09-30,0.1633760780096054
1995-10-01,0.1555945724248886
1995-10-02,0.1496327817440033
1995-10-03,0.14487099647521973
1995-10-04,0.8136969208717346
1995-10-05,7.258917331695557
1995-10-06,6.975020885467529
1995-10-07,3.186940908432007
1995-10-08,1.4728147983551025
1995-10-09,0.8747066259384155
1995-10-10,0.6379258036613464
1995-10-11,0.5116768479347229
1995-10-12,0.4328829050064087
1995-10-13,0.3942871391773224
1995-10-14,0.4239770174026489
1995-10-15,1.2316926717758179
1995-10-16,1.408648133277893
1995-10-17,0.9859365820884705
1995-10-18,0.6905773878097534
1995-10-19,0.5358985066413879
1995-10-20,1.269309163093567
1995-10-21,6.320425033569336
1995-10-22,4.721027374267578
1995-10-23,2.479280948638916
1995-10-24,1.4692388772964478
1995-10-25,1.021156668663025
1995-10-26,0.7963112592697144
1995-10-27,0.6785834431648254
1995-10-28,1.9413230419158936
1995-10-29,2.886845588684082
1995-10-30,1.9759193658828735
1995-10-31,1.2977558374404907
1995-11-01,1.1107096672058105
1995-11-02,1.6826801300048828
1995-11-03,2.5339932441711426
1995-11-04,2.293438196182251
1995-11-05,1.6970700025558472
1995-11-06,1.2252048254013062
1995-11-07,4.0907793045043945
1995-11-08,8.311447143554688
1995-11-09,5.072016716003418
1995-11-10,2.7045235633850098
1995-11-11,3.4302895069122314
1995-11-12,6.495576858520508
1995-11-13,4.540809631347656
1995-11-14,2.8727056980133057
1995-11-15,2.2135889530181885
1995-11-16,1.6997160911560059
1995-11-17,1.3586986064910889
1995-11-18,1.1552584171295166
1995-11-19,1.0190215110778809
1995-11-20,0.9240716695785522
1995-11-21,0.8516373634338379
1995-11-22,0.8017222285270691
1995-11-23,0.7503616213798523
1995-11-24,0.7732162475585938
1995-11-25,0.9863923788070679
1995-11-26,0.9663457870483398
1995-11-27,0.8734989166259766
1995-11-28,0.7978228330612183
1995-11-29,0.7890341877937317
1995-11-30,0.8544505834579468
1995-12-01,0.7960193753242493
1995-12-02,0.7249067425727844
1995-12-03,0.678741991519928
1995-12-04,0.6489537358283997
1995-12-05,0.6281836032867432
1995-12-06,0.609869122505188
1995-12-07,0.7253845930099487
1995-12-08,0.8720937371253967
1995-12-09,1.5727827548980713
1995-12-10,2.342958450317383
1995-12-11,1.8528484106063843
1995-12-12,1.332718849182129
1995-12-13,1.0837124586105347
1995-12-14,0.9591652750968933
1995-12-15,0.8753255605697632
1995-12-16,0.822555661201477
1995-12-17,0.766080915927887
1995-12-18,0.7085195779800415
1995-12-19,0.8726451992988586
1995-12-20,1.2519513368606567
1995-12-21,1.142256259918213
1995-12-22,0.9640952348709106
1995-12-23,0.8510164618492126
1995-12-24,0.7734110951423645
1995-12-25,0.7102545499801636
1995-12-26,0.6703455448150635
1995-12-27,0.6279703378677368
1995-12-28,0.597361147403717
1995-12-29,0.5702733397483826
1995-12-30,0.5528507828712463
1995-12-31,0.5436882972717285
1996-01-01,0.5942342877388
1996-01-02,0.7133135795593262
1996-01-03,0.9278163313865662
1996-01-04,0.9372341632843018
1996-01-05,0.8227118253707886
1996-01-06,0.7924540638923645
1996-01-07,1.01603364944458
1996-01-08,1.0715579986572266
1996-01-09,1.0011215209960938
1996-01-10,0.9739823341369629
1996-01-11,0.9270166158676147
1996-01-12,0.9037948846817017
1996-01-13,0.9680898785591125
1996-01-14,1.0676541328430176
1996-01-15,1.3732432126998901
1996-01-16,1.711696982383728
1996-01-17,1.7827353477478027
1996-01-18,1.8499054908752441
1996-01-19,3.9878551959991455
1996-01-20,4.481126308441162
1996-01-21,2.90925669670105
1996-01-22,1.9381130933761597
1996-01-23,1.507190465927124
1996-01-24,1.6948293447494507
1996-01-25,2.2077231407165527
1996-01-26,1.8249599933624268
1996-01-27,3.6155967712402344
1996-01-28,5.303383827209473
1996-01-29,3.611452341079712
1996-01-30,2.3466813564300537
1996-01-31,2.21919584274292
1996-02-01,2.18567156791687
1996-02-02,1.8766846656799316
1996-02-03,1.8555420637130737
1996-02-04,1.6570696830749512
1996-02-05,1.4803826808929443
1996-02-06,1.4027843475341797
1996-02-07,1.3981980085372925
1996-02-08,1.8881269693374634
1996-02-09,3.479870557785034
1996-02-10,4.602943420410156
1996-02-11,4.268486976623535
1996-02-12,3.3258354663848877
1996-02-13,2.4843900203704834
1996-02-14,1.8859097957611084
1996-02-15,1.5988298654556274
1996-02-16,2.0321807861328125
1996-02-17,2.509575128555298
1996-02-18,2.0487160682678223
1996-02-19,1.650654911994934
1996-02-20,2.411087989807129
1996-02-21,4.391472339630127
1996-02-22,3.489161491394043
1996-02-23,2.4616763591766357
1996-02-24,1.925668478012085
1996-02-25,1.5817800760269165
1996-02-26,1.3673394918441772
1996-02-27,1.2255088090896606
1996-02-28,1.1445157527923584
1996-02-29,1.0698665380477905
1996-03-01,0.990505576133728
1996-03-02,0.9315832853317261
1996-03-03,0.8841228485107422
1996-03-04,0.8388440012931824
1996-03-05,0.826113224029541
1996-03-06,1.1455899477005005
1996-03-07,4.3856401443481445
1996-03-08,7.340315341949463
1996-03-09,5.205540657043457
1996-03-10,3.3713369369506836
1996-03-11,2.3502750396728516
1996-03-12,1.809260606765747
1996-03-13,1.4526787996292114
1996-03-14,1.3035266399383545
1996-03-15,1.2350190877914429
1996-03-16,1.1812856197357178
1996-03-17,1.2178970575332642
1996-03-18,1.4678473472595215
1996-03-19,2.952951669692993
1996-03-20,3.663679361343384
1996-03-21,2.731044292449951
1996-03-22,1.9832909107208252
1996-03-23,1.541090726852417
1996-03-24,1.2863240242004395
1996-03-25,1.182499885559082
1996-03-26,1.1076328754425049
1996-03-27,1.0279380083084106
1996-03-28,1.4967806339263916
1996-03-29,2.6965019702911377
1996-03-30,2.271348476409912
1996-03-31,1.7405643463134766
1996-04-01,1.6787855625152588
1996-04-02,2.0295398235321045
1996-04-03,1.7089102268218994
1996-04-04,1.4143397808074951
1996-04-05,1.2223093509674072
1996-04-06,1.0892612934112549
1996-04-07,1.0848937034606934
1996-04-08,1.0036649703979492
1996-04-09,1.353757619857788
1996-04-10,1.4752179384231567
1996-04-11,1.3013968467712402
1996-04-12,1.1316266059875488
1996-04-13,1.0208758115768433
1996-04-14,0.967029869556427
1996-04-15,0.956592321395874
1996-04-16,0.9912501573562622
1996-04-17,0.9081838726997375
1996-04-18,0.8276442885398865
1996-04-19,0.795254111289978
1996-04-20,0.7715271711349487
1996-04-21,0.796754002571106
1996-04-22,0.8288755416870117
1996-04-23,0.778773307800293
1996-04-24,0.7117448449134827
1996-04-25,0.6630606651306152
1996-04-26,0.7068086862564087
1996-04-27,0.7826305627822876
1996-04-28,0.7227688431739807
1996-04-29,0.7382799983024597
1996-04-30,1.855087399482727
1996-05-01,2.492053508758545
1996-05-02,1.7893397808074951
1996-05-03,1.2620301246643066
1996-05-04,0.9847186207771301
1996-05-05,0.8229281902313232
1996-05-06,0.7865508794784546
1996-05-07,0.8813356161117554
1996-05-08,0.9698994159698486
1996-05-09,0.8472856283187866
1996-05-10,0.7108080387115479
1996-05-11,0.6711901426315308
1996-05-12,0.7481723427772522
1996-05-13,0.6761754155158997
1996-05-14,0.6091844439506531
1996-05-15,0.6058235764503479
1996-05-16,1.1581212282180786
1996-05-17,2.186211585998535
1996-05-18,1.9810500144958496
1996-05-19,1.3190135955810547
1996-05-20,0.9229802489280701
1996-05-21,0.7164155840873718
1996-05-22,0.5939090847969055
1996-05-23,0.5148735046386719
1996-05-24,0.4793159067630768
1996-05-25,0.5427284836769104
1996-05-26,0.6429106593132019
1996-05-27,0.7325886487960815
1996-05-28,1.1510019302368164
1996-05-29,1.4986629486083984
1996-05-30,1.4496779441833496
1996-05-31,1.0848777294158936
1996-06-01,0.7825451493263245
1996-06-02,0.6137914657592773
1996-06-03,0.5132884979248047
1996-06-04,0.4715735614299774
1996-06-05,0.4785363972187042
1996-06-06,0.4745926558971405
1996-06-07,0.42748552560806274
1996-06-08,0.3953363299369812
1996-06-09,0.43027231097221375
1996-06-10,0.5253773927688599
1996-06-11,0.5017233490943909
1996-06-12,0.4992622137069702
1996-06-13,0.6069523096084595
1996-06-14,0.6477551460266113
1996-06-15,0.5413441061973572
1996-06-16,0.43969959020614624
1996-06-17,0.3827378749847412
1996-06-18,0.3386880159378052
1996-06-19,0.2991218566894531
1996-06-20,0.2809842526912689
1996-06-21,0.2675350606441498
1996-06-22,0.255403995513916
1996-06-23,0.2388608455657959
1996-06-24,0.23260006308555603
1996-06-25,0.2323705554008484
1996-06-26,0.22507286071777344
1996-06-27,0.2036626935005188
1996-06-28,0.1883281171321869
1996-06-29,0.17623935639858246
1996-06-30,0.16726361215114594
1996-07-01,0.16366519033908844
1996-07-02,0.16525360941886902
1996-07-03,0.1818121075630188
1996-07-04,0.1811785101890564
1996-07-05,0.16678377985954285
1996-07-06,0.16601082682609558
1996-07-07,0.15911169350147247
1996-07-08,0.15698421001434326
1996-07-09,0.16862627863883972
1996-07-10,0.15883788466453552
1996-07-11,0.14654794335365295
1996-07-12,0.15921509265899658
1996-07-13,0.23368877172470093
1996-07-14,0.24383392930030823
1996-07-15,0.23694831132888794
1996-07-16,0.24713270366191864
1996-07-17,0.2167692631483078
1996-07-18,0.19416943192481995
1996-07-19,0.1773313283920288
1996-07-20,0.15443989634513855
1996-07-21,0.1368986964225769
1996-07-22,0.12691466510295868
1996-07-23,0.13520289957523346
1996-07-24,0.153769388794899
1996-07-25,0.18529972434043884
1996-07-26,0.22007471323013306
1996-07-27,0.20094037055969238
1996-07-28,0.1776275336742401
1996-07-29,0.19239181280136108
1996-07-30,0.245204359292984
1996-07-31,0.2824077904224396
1996-08-01,0.42470622062683105
1996-08-02,0.5594213604927063
1996-08-03,0.48686131834983826
1996-08-04,0.37980496883392334
1996-08-05,0.28333839774131775
1996-08-06,0.24799203872680664
1996-08-07,0.38857632875442505
1996-08-08,0.5266519784927368
1996-08-09,0.5689890384674072
1996-08-10,0.8625665307044983
1996-08-11,0.6663805246353149
1996-08-12,0.5857489109039307
1996-08-13,0.9963740706443787
1996-08-14,0.9587323665618896
1996-08-15,0.6332388520240784
1996-08-16,0.44260334968566895
1996-08-17,0.36694711446762085
1996-08-18,0.3282523453235626
1996-08-19,0.2862909436225891
1996-08-20,0.24413415789604187
1996-08-21,0.21153132617473602
1996-08-22,0.1986926645040512
1996-08-23,0.19207823276519775
1996-08-24,0.23286479711532593
1996-08-25,0.4475037753582001
1996-08-26,0.6571974158287048
1996-08-27,0.819118857383728
1996-08-28,0.955040693283081
1996-08-29,0.847053587436676
1996-08-30,0.5769931674003601
1996-08-31,0.4089639186859131
1996-09-01,0.31603294610977173
1996-09-02,0.2720335125923157
1996-09-03,0.8905078172683716
1996-09-04,3.347926616668701
1996-09-05,5.442434310913086
1996-09-06,39.61402130126953
1996-09-07,31.438434600830078
1996-09-08,12.066852569580078
1996-09-09,4.685934543609619
1996-09-10,2.7409379482269287
1996-09-11,3.0039443969726562
1996-09-12,3.526125907897949
1996-09-13,2.4942524433135986
1996-09-14,1.672059416770935
1996-09-15,1.2330087423324585
1996-09-16,1.0783660411834717
1996-09-17,1.3455246686935425
1996-09-18,1.3196215629577637
1996-09-19,1.0378233194351196
1996-09-20,0.8290743231773376
1996-09-21,0.7144859433174133
1996-09-22,0.6658111810684204
1996-09-23,0.6161892414093018
1996-09-24,0.5580817461013794
1996-09-25,0.5124214887619019
1996-09-26,0.5825834274291992
1996-09-27,0.6810654401779175
1996-09-28,0.6110793352127075
1996-09-29,0.6734055280685425
1996-09-30,0.9082576632499695
1996-10-01,1.2026273012161255
1996-10-02,1.8882951736450195
1996-10-03,1.800026535987854
1996-10-04,1.2770614624023438
1996-10-05,0.9371107816696167
1996-10-06,0.7534909248352051
1996-10-07,0.6810304522514343
1996-10-08,5.148989677429199
1996-10-09,11.738877296447754
1996-10-10,6.838972091674805
1996-10-11,3.363175392150879
1996-10-12,2.0144920349121094
1996-10-13,1.440751075744629
1996-10-14,1.1439217329025269
1996-10-15,0.9632331132888794
1996-10-16,0.8498824834823608
1996-10-17,0.7670884132385254
1996-10-18,0.7838961482048035
1996-10-19,1.0103862285614014
1996-10-20,0.98050856590271
1996-10-21,0.846325695514679
1996-10-22,0.7361400723457336
1996-10-23,0.6720869541168213
1996-10-24,0.6153708100318909
1996-10-25,0.577747642993927
1996-10-26,0.5548644661903381
1996-10-27,0.5462453365325928
1996-10-28,0.5319141745567322
1996-10-29,0.5059726238250732
1996-10-30,0.48760661482810974
1996-10-31,0.4577745795249939
1996-11-01,0.44423019886016846
1996-11-02,0.5882747173309326
1996-11-03,0.8316448330879211
1996-11-04,0.7421780228614807
1996-11-05,0.6418351531028748
1996-11-06,0.6064661145210266
1996-11-07,0.5732603669166565
1996-11-08,1.0939898490905762
1996-11-09,2.0816802978515625
1996-11-10,1.5944223403930664
1996-11-11,1.1481553316116333
1996-11-12,0.9150229096412659
1996-11-13,0.7724454402923584
1996-11-14,0.6963809728622437
1996-11-15,0.6577545404434204
1996-11-16,0.6144617199897766
1996-11-17,0.5743407607078552
1996-11-18,0.5768688917160034
1996-11-19,0.6462538838386536
1996-11-20,0.6560298204421997
1996-11-21,0.6455210447311401
1996-11-22,0.8135827779769897
1996-11-23,0.8706545233726501
1996-11-24,0.781997799873352
1996-11-25,0.7108467817306519
1996-11-26,0.8624604940414429
1996-11-27,1.0451866388320923
1996-11-28,0.9095512628555298
1996-11-29,0.7766330242156982
1996-11-30,0.7194896936416626
1996-12-01,2.512439727783203
1996-12-02,5.753998756408691
1996-12-03,3.661442756652832
1996-12-04,2.133007526397705
1996-12-05,1.5565683841705322
1996-12-06,2.1260886192321777
1996-12-07,2.93822979927063
1996-12-08,3.1991615295410156
1996-12-09,2.3115434646606445
1996-12-10,1.6406729221343994
1996-12-11,1.312246561050415
1996-12-12,1.1513400077819824
1996-12-13,1.116696834564209
1996-12-14,1.1035431623458862
1996-12-15,0.9957718849182129
1996-12-16,0.9043006300926208
1996-12-17,0.8447664976119995
1996-12-18,0.8801988959312439
1996-12-19,1.1179680824279785
1996-12-20,1.348710298538208
1996-12-21,1.1451542377471924
1996-12-22,0.9859600067138672
1996-12-23,0.9108141660690308
1996-12-24,0.9476467967033386
1996-12-25,1.0652318000793457
1996-12-26,1.0215853452682495
1996-12-27,1.075247049331665
1996-12-28,1.2115000486373901
1996-12-29,1.0950942039489746
1996-12-30,0.9751983284950256
1996-12-31,0.909115195274353
1997-01-01,0.8679407238960266
1997-01-02,0.8521918058395386
1997-01-03,0.81180340051651
1997-01-04,0.7649411559104919
1997-01-05,0.7628883123397827
1997-01-06,0.7970585823059082
1997-01-07,0.7532296776771545
1997-01-08,0.70436030626297
1997-01-09,1.4548357725143433
1997-01-10,3.2574479579925537
1997-01-11,3.279860019683838
1997-01-12,2.6486711502075195
1997-01-13,1.9920090436935425
1997-01-14,1.5302150249481201
1997-01-15,1.2541062831878662
1997-01-16,2.1136207580566406
1997-01-17,2.648627758026123
1997-01-18,2.0496773719787598
1997-01-19,1.5464317798614502
1997-01-20,1.2767175436019897
1997-01-21,1.1712243556976318
1997-01-22,1.1267913579940796
1997-01-23,1.1163405179977417
1997-01-24,1.1757240295410156
1997-01-25,1.6086300611495972
1997-01-26,1.6037307977676392
1997-01-27,1.33204984664917
1997-01-28,1.4095468521118164
1997-01-29,1.9025593996047974
1997-01-30,1.6708613634109497
1997-01-31,1.646454095840454
1997-02-01,1.427150011062622
1997-02-02,1.211202621459961
1997-02-03,1.0660499334335327
1997-02-04,0.9944641590118408
1997-02-05,0.9815282821655273
1997-02-06,0.9993486404418945
1997-02-07,0.9211471080780029
1997-02-08,1.0846103429794312
1997-02-09,1.57119882106781
1997-02-10,1.4186394214630127
1997-02-11,1.3318449258804321
1997-02-12,1.161724328994751
1997-02-13,1.2505961656570435
1997-02-14,4.463608264923096
1997-02-15,12.286103248596191
1997-02-16,8.462172508239746
1997-02-17,4.811269760131836
1997-02-18,2.9591457843780518
1997-02-19,2.163278102874756
1997-02-20,1.7424875497817993
1997-02-21,1.519618272781372
1997-02-22,1.496380090713501
1997-02-23,1.4572867155075073
1997-02-24,1.275275468826294
1997-02-25,1.1388720273971558
1997-02-26,1.0517854690551758
1997-02-27,1.0922653675079346
1997-02-28,1.4430843591690063
1997-03-01,2.2632269859313965
1997-03-02,2.039416551589966
1997-03-03,1.7665899991989136
1997-03-04,1.7652602195739746
1997-03-05,1.4774454832077026
1997-03-06,1.6800917387008667
1997-03-07,1.7034695148468018
1997-03-08,1.419236183166504
1997-03-09,1.2149791717529297
1997-03-10,1.0957754850387573
1997-03-11,0.9961055517196655
1997-03-12,0.9218667149543762
1997-03-13,0.8762980699539185
1997-03-14,1.218297004699707
1997-03-15,1.907252311706543
1997-03-16,1.6035271883010864
1997-03-17,1.2367702722549438
1997-03-18,1.0709611177444458
1997-03-19,1.8845995664596558
1997-03-20,3.910377025604248
1997-03-21,2.93180513381958
1997-03-22,1.9911071062088013
1997-03-23,1.5128873586654663
1997-03-24,1.2562634944915771
1997-03-25,1.0939017534255981
1997-03-26,1.122546911239624
1997-03-27,1.1430127620697021
1997-03-28,1.0610508918762207
1997-03-29,1.0011121034622192
1997-03-30,0.9198448657989502
1997-03-31,0.8909263610839844
1997-04-01,0.8394941687583923
1997-04-02,0.7798632383346558
1997-04-03,0.740493893623352
1997-04-04,0.7185794711112976
1997-04-05,0.6925846338272095
1997-04-06,0.6833374500274658
1997-04-07,0.6848077178001404
1997-04-08,0.6486207842826843
1997-04-09,0.6095157861709595
1997-04-10,0.5678830742835999
1997-04-11,0.5493035316467285
1997-04-12,0.7059011459350586
1997-04-13,1.2024767398834229
1997-04-14,1.0574519634246826
1997-04-15,0.8266802430152893
1997-04-16,0.7089008092880249
1997-04-17,0.6530249118804932
1997-04-18,0.5993072986602783
1997-04-19,0.5690308809280396
1997-04-20,0.5620903968811035
1997-04-21,0.5921766757965088
1997-04-22,0.6930138468742371
1997-04-23,1.69954252243042
1997-04-24,2.985149621963501
1997-04-25,2.1911544799804688
1997-04-26,1.4523873329162598
1997-04-27,1.2233707904815674
1997-04-28,3.633164405822754
1997-04-29,12.262983322143555
1997-04-30,9.183440208435059
1997-05-01,5.1358208656311035
1997-05-02,3.091383457183838
1997-05-03,2.5083181858062744
1997-05-04,2.576136827468872
1997-05-05,2.0159006118774414
1997-05-06,1.5556331872940063
1997-05-07,1.2731517553329468
1997-05-08,1.081778645515442
1997-05-09,0.9813711643218994
1997-05-10,0.9203330278396606
1997-05-11,0.8263449668884277
1997-05-12,0.7691013813018799
1997-05-13,0.7232203483581543
1997-05-14,0.681975245475769
1997-05-15,0.6503655910491943
1997-05-16,0.6039472222328186
1997-05-17,0.5636264085769653
1997-05-18,0.5477355718612671
1997-05-19,0.5230445265769958
1997-05-20,0.48544222116470337
1997-05-21,0.47289979457855225
1997-05-22,0.4427734315395355
1997-05-23,0.41843748092651367
1997-05-24,0.4025387167930603
1997-05-25,0.39038893580436707
1997-05-26,0.4229505658149719
1997-05-27,0.47043782472610474
1997-05-28,0.4447469711303711
1997-05-29,0.4020996689796448
1997-05-30,0.36786380410194397
1997-05-31,0.35543549060821533
1997-06-01,0.3647668659687042
1997-06-02,0.4895222783088684
1997-06-03,0.7413963079452515
1997-06-04,0.9494612216949463
1997-06-05,0.8053222894668579
1997-06-06,0.6624670028686523
1997-06-07,0.7352361083030701
1997-06-08,0.6427309513092041
1997-06-09,0.528082013130188
1997-06-10,0.4642995595932007
1997-06-11,0.4142361581325531
1997-06-12,0.4023045301437378
1997-06-13,0.5726796388626099
1997-06-14,0.8071519136428833
1997-06-15,0.7732009887695312
1997-06-16,0.6086062788963318
1997-06-17,0.4807925522327423
1997-06-18,0.43605488538742065
1997-06-19,0.42157962918281555
1997-06-20,0.37608081102371216
1997-06-21,0.34640073776245117
1997-06-22,0.32262852787971497
1997-06-23,0.2953157126903534
1997-06-24,0.26966434717178345
1997-06-25,0.25840142369270325
1997-06-26,0.2528896927833557
1997-06-27,0.2706446349620819
1997-06-28,0.3002690076828003
1997-06-29,0.2744400203227997
1997-06-30,0.24038299918174744
1997-07-01,0.4181336462497711
1997-07-02,0.7524334192276001
1997-07-03,0.6323484182357788
1997-07-04,0.45646610856056213
1997-07-05,0.34208229184150696
1997-07-06,0.30008745193481445
1997-07-07,0.2887299060821533
1997-07-08,0.26671117544174194
1997-07-09,0.2493561953306198
1997-07-10,0.23916350305080414
1997-07-11,0.23147714138031006
1997-07-12,0.2145264446735382
1997-07-13,0.19594137370586395
1997-07-14,0.18241026997566223
1997-07-15,0.17751100659370422
1997-07-16,0.21561136841773987
1997-07-17,0.3134157359600067
1997-07-18,0.3262103199958801
1997-07-19,0.2694854736328125
1997-07-20,0.23424196243286133
1997-07-21,0.21715538203716278
1997-07-22,0.2862638533115387
1997-07-23,0.8090214729309082
1997-07-24,2.3162665367126465
1997-07-25,2.2582826614379883
1997-07-26,1.2205519676208496
1997-07-27,0.6760112047195435
1997-07-28,0.49319392442703247
1997-07-29,0.3946217894554138
1997-07-30,0.3577116131782532
1997-07-31,0.3480207324028015
1997-08-01,0.30346137285232544
1997-08-02,0.26308631896972656
1997-08-03,0.23379197716712952
1997-08-04,0.2293068766593933
1997-08-05,0.26667293906211853
1997-08-06,0.2688724398612976
1997-08-07,0.247196227312088
1997-08-08,0.22630785405635834
1997-08-09,0.20240768790245056
1997-08-10,0.2151833176612854
1997-08-11,0.2547908127307892
1997-08-12,0.24024713039398193
1997-08-13,0.21226441860198975
1997-08-14,0.1891123503446579
1997-08-15,0.17899386584758759
1997-08-16,0.1702386885881424
1997-08-17,0.15926113724708557
1997-08-18,0.14807277917861938
1997-08-19,0.13855890929698944
1997-08-20,0.15860001742839813
1997-08-21,0.20925110578536987
1997-08-22,0.19864772260189056
1997-08-23,0.16713237762451172
1997-08-24,0.14723093807697296
1997-08-25,0.13727827370166779
1997-08-26,0.13186344504356384
1997-08-27,0.12581339478492737
1997-08-28,0.12126358598470688
1997-08-29,0.11621380597352982
1997-08-30,0.10925168544054031
1997-08-31,0.10459024459123611
1997-09-01,0.10487215220928192
1997-09-02,0.10759633779525757
1997-09-03,0.10713684558868408
1997-09-04,0.10603663325309753
1997-09-05,0.10109936445951462
1997-09-06,0.09828847646713257
1997-09-07,0.09548862278461456
1997-09-08,0.09264025837182999
1997-09-09,0.10223087668418884
1997-09-10,0.5123838186264038
1997-09-11,1.0884569883346558
1997-09-12,0.8017892837524414
1997-09-13,0.4585336744785309
1997-09-14,0.3013306260108948
1997-09-15,0.23905402421951294
1997-09-16,0.20789076387882233
1997-09-17,0.18150267004966736
1997-09-18,0.1669534593820572
1997-09-19,0.1594540923833847
1997-09-20,0.1508411318063736
1997-09-21,0.1399260312318802
1997-09-22,0.13267643749713898
1997-09-23,0.12722492218017578
1997-09-24,0.19579707086086273
1997-09-25,0.3768467605113983
1997-09-26,0.388470858335495
1997-09-27,0.29079246520996094
1997-09-28,0.24017231166362762
1997-09-29,0.23265567421913147
1997-09-30,0.20370638370513916
1997-10-01,0.17113715410232544
1997-10-02,0.15398254990577698
1997-10-03,0.14417657256126404
1997-10-04,0.1367398500442505
1997-10-05,0.13126696646213531
1997-10-06,0.1251479536294937
1997-10-07,0.1199253723025322
1997-10-08,0.11702912300825119
1997-10-09,0.1145416796207428
1997-10-10,0.1128537505865097
1997-10-11,0.10915940999984741
1997-10-12,0.10607624799013138
1997-10-13,0.10712441802024841
1997-10-14,0.1074056401848793
1997-10-15,0.13347794115543365
1997-10-16,0.16870495676994324
1997-10-17,0.16855672001838684
1997-10-18,0.16611607372760773
1997-10-19,0.47819983959198
1997-10-20,0.7788984775543213
1997-10-21,0.5673454999923706
1997-10-22,0.378157377243042
1997-10-23,0.2891624867916107
1997-10-24,0.25152766704559326
1997-10-25,0.22670884430408478
1997-10-26,0.2730318605899811
1997-10-27,0.5264072418212891
1997-10-28,0.5380458831787109
1997-10-29,0.4133053421974182
1997-10-30,0.3251839280128479
1997-10-31,0.2853204011917114
1997-11-01,0.28135621547698975
1997-11-02,0.3662712872028351
1997-11-03,0.3948146402835846
1997-11-04,0.3447902202606201
1997-11-05,0.3008466958999634
1997-11-06,0.27542242407798767
1997-11-07,0.27283135056495667
1997-11-08,0.27445197105407715
1997-11-09,0.2633126378059387
1997-11-10,0.2489643096923828
1997-11-11,0.23754866421222687
1997-11-12,0.228909432888031
1997-11-13,0.3232420086860657
1997-11-14,0.8882471919059753
1997-11-15,1.2042639255523682
1997-11-16,0.8938394784927368
1997-11-17,0.631577730178833
1997-11-18,0.49016767740249634
1997-11-19,0.41521453857421875
1997-11-20,0.373041570186615
1997-11-21,0.4652075469493866
1997-11-22,2.0132317543029785
1997-11-23,2.5831401348114014
1997-11-24,1.677992582321167
1997-11-25,1.0270646810531616
1997-11-26,0.7421126365661621
1997-11-27,0.5945580005645752
1997-11-28,0.522452175617218
1997-11-29,0.4713444709777832
1997-11-30,0.521152913570404
1997-12-01,0.8151485919952393
1997-12-02,0.8174431920051575
1997-12-03,0.6837876439094543
1997-12-04,0.5930629372596741
1997-12-05,0.5532490015029907
1997-12-06,0.5188271403312683
1997-12-07,0.4701613187789917
1997-12-08,0.4338987171649933
1997-12-09,0.4041316509246826
1997-12-10,0.4708639085292816
1997-12-11,0.5996387600898743
1997-12-12,0.5627757906913757
1997-12-13,0.5118199586868286
1997-12-14,0.4659171998500824
1997-12-15,0.43595606088638306
1997-12-16,0.4112028479576111
1997-12-17,0.39634186029434204
1997-12-18,0.38165828585624695
1997-12-19,0.3735027313232422
1997-12-20,0.3664606809616089
1997-12-21,0.35237088799476624
1997-12-22,0.5034797191619873
1997-12-23,0.935050368309021
1997-12-24,1.0929681062698364
1997-12-25,1.6646445989608765
1997-12-26,1.4724419116973877
1997-12-27,1.406134843826294
1997-12-28,1.8901426792144775
1997-12-29,1.7286862134933472
1997-12-30,1.7900347709655762
1997-12-31,1.4980065822601318
1998-01-01,1.163560152053833
1998-01-02,0.9337214231491089
1998-01-03,0.8325992822647095
1998-01-04,0.7654721736907959
1998-01-05,0.7086970806121826
1998-01-06,0.7597062587738037
1998-01-07,1.9638712406158447
1998-01-08,6.221752166748047
1998-01-09,6.9610915184021
1998-01-10,3.909743309020996
1998-01-11,2.217359781265259
1998-01-12,1.5482991933822632
1998-01-13,1.2512757778167725
1998-01-14,1.1161586046218872
1998-01-15,1.81976318359375
1998-01-16,10.818222999572754
1998-01-17,10.32663345336914
1998-01-18,5.8380889892578125
1998-01-19,4.719403266906738
1998-01-20,4.941178321838379
1998-01-21,3.409616231918335
1998-01-22,2.2992372512817383
1998-01-23,5.107117652893066
1998-01-24,8.329934120178223
1998-01-25,6.1868743896484375
1998-01-26,3.6197290420532227
1998-01-27,5.030262470245361
1998-01-28,9.726510047912598
1998-01-29,7.722298622131348
1998-01-30,4.5472331047058105
1998-01-31,2.9603288173675537
1998-02-01,2.1321685314178467
1998-02-02,1.689387321472168
1998-02-03,1.6114729642868042
1998-02-04,9.374612808227539
1998-02-05,15.025842666625977
1998-02-06,9.872196197509766
1998-02-07,5.333770751953125
1998-02-08,3.4316420555114746
1998-02-09,2.500190496444702
1998-02-10,1.9274019002914429
1998-02-11,1.8601484298706055
1998-02-12,2.097449779510498
1998-02-13,1.8292770385742188
1998-02-14,1.5661988258361816
1998-02-15,1.3937504291534424
1998-02-16,1.6945796012878418
1998-02-17,19.758066177368164
1998-02-18,20.702299118041992
1998-02-19,10.58812141418457
1998-02-20,5.3767900466918945
1998-02-21,3.329252243041992
1998-02-22,2.4411487579345703
1998-02-23,2.5919106006622314
1998-02-24,3.1426007747650146
1998-02-25,2.541907548904419
1998-02-26,1.989344835281372
1998-02-27,1.6913561820983887
1998-02-28,1.5717958211898804
1998-03-01,1.456257939338684
1998-03-02,1.358600378036499
1998-03-03,1.3042497634887695
1998-03-04,1.2209500074386597
1998-03-05,1.1256660223007202
1998-03-06,1.0587818622589111
1998-03-07,1.0174288749694824
1998-03-08,2.1035242080688477
1998-03-09,12.411114692687988
1998-03-10,9.100951194763184
1998-03-11,5.304384231567383
1998-03-12,3.4354376792907715
1998-03-13,2.4311954975128174
1998-03-14,1.8998632431030273
1998-03-15,1.6030561923980713
1998-03-16,1.4288579225540161
1998-03-17,1.3212438821792603
1998-03-18,2.474364995956421
1998-03-19,26.103565216064453
1998-03-20,25.34518051147461
1998-03-21,16.115310668945312
1998-03-22,9.216156005859375
1998-03-23,5.284075736999512
1998-03-24,3.4953665733337402
1998-03-25,2.6324462890625
1998-03-26,2.155791759490967
1998-03-27,1.8737902641296387
1998-03-28,1.6805418729782104
1998-03-29,1.526094675064087
1998-03-30,1.4026832580566406
1998-03-31,1.3151335716247559
1998-04-01,1.2793943881988525
1998-04-02,1.27402925491333
1998-04-03,1.221921682357788
1998-04-04,1.3249765634536743
1998-04-05,1.3686864376068115
1998-04-06,1.2104889154434204
1998-04-07,1.112318754196167
1998-04-08,1.0516188144683838
1998-04-09,2.066896915435791
1998-04-10,2.931215286254883
1998-04-11,2.150273084640503
1998-04-12,1.5570907592773438
1998-04-13,1.2754340171813965
1998-04-14,1.165401816368103
1998-04-15,1.120714545249939
1998-04-16,1.0547033548355103
1998-04-17,1.8099794387817383
1998-04-18,4.172355651855469
1998-04-19,5.010867118835449
1998-04-20,4.331620216369629
1998-04-21,2.9649925231933594
1998-04-22,2.1355133056640625
1998-04-23,1.7423313856124878
1998-04-24,1.5182417631149292
1998-04-25,1.311062216758728
1998-04-26,1.152480959892273
1998-04-27,1.0541399717330933
1998-04-28,1.019554615020752
1998-04-29,0.9643558263778687
1998-04-30,0.9186287522315979
1998-05-01,0.9341593980789185
1998-05-02,1.0084824562072754
1998-05-03,0.9575943350791931
1998-05-04,0.9125495553016663
1998-05-05,0.8882133960723877
1998-05-06,0.8194943070411682
1998-05-07,0.7989376187324524
1998-05-08,2.435711145401001
1998-05-09,3.6288843154907227
1998-05-10,2.967759132385254
1998-05-11,4.23029899597168
1998-05-12,4.0936384201049805
1998-05-13,2.807070732116699
1998-05-14,1.8864672183990479
1998-05-15,1.378249168395996
1998-05-16,1.1424713134765625
1998-05-17,0.9900906085968018
1998-05-18,0.9093877673149109
1998-05-19,0.8136507868766785
1998-05-20,0.7639079093933105
1998-05-21,0.7532981634140015
1998-05-22,0.6842309236526489
1998-05-23,0.6609549522399902
1998-05-24,0.7123110294342041
1998-05-25,0.8077051639556885
1998-05-26,0.8427750468254089
1998-05-27,0.8987135887145996
1998-05-28,1.072082757949829
1998-05-29,0.9323323965072632
1998-05-30,0.7649291157722473
1998-05-31,0.6685376167297363
1998-06-01,0.6174675822257996
1998-06-02,0.6129282712936401
1998-06-03,0.6315605640411377
1998-06-04,0.5925260782241821
1998-06-05,0.6112326979637146
1998-06-06,0.6672825813293457
1998-06-07,0.6504080295562744
1998-06-08,0.5573393106460571
1998-06-09,0.497402161359787
1998-06-10,0.5197513103485107
1998-06-11,0.5847131609916687
1998-06-12,0.5669675469398499
1998-06-13,0.5068402886390686
1998-06-14,0.45604828000068665
1998-06-15,0.5334100723266602
1998-06-16,0.6421282291412354
1998-06-17,0.551785945892334
1998-06-18,0.4537445902824402
1998-06-19,0.3948642313480377
1998-06-20,0.38527077436447144
1998-06-21,0.34841516613960266
1998-06-22,0.32008764147758484
1998-06-23,0.3081270158290863
1998-06-24,0.29322078824043274
1998-06-25,0.26932305097579956
1998-06-26,0.2515546679496765
1998-06-27,0.24291260540485382
1998-06-28,0.23777462542057037
1998-06-29,0.2347634732723236
1998-06-30,0.23798894882202148
1998-07-01,0.28032028675079346
1998-07-02,0.3005835711956024
1998-07-03,0.27972275018692017
1998-07-04,0.2511797845363617
1998-07-05,0.2312215119600296
1998-07-06,0.21739690005779266
1998-07-07,0.19720861315727234
1998-07-08,0.1885605752468109
1998-07-09,0.18327973783016205
1998-07-10,0.17190448939800262
1998-07-11,0.15858912467956543
1998-07-12,0.15836556255817413
1998-07-13,0.15984733402729034
1998-07-14,0.15338262915611267
1998-07-15,0.14473305642604828
1998-07-16,0.15164615213871002
1998-07-17,0.1744178980588913
1998-07-18,0.1711321920156479
1998-07-19,0.15572600066661835
1998-07-20,0.15023058652877808
1998-07-21,0.17007189989089966
1998-07-22,0.18799738585948944
1998-07-23,0.1861863136291504
1998-07-24,0.18563534319400787
1998-07-25,0.17447017133235931
1998-07-26,0.16565901041030884
1998-07-27,0.1690172553062439
1998-07-28,0.19207949936389923
1998-07-29,0.18825025856494904
1998-07-30,0.1639329046010971
1998-07-31,0.15392859280109406
1998-08-01,0.153283029794693
1998-08-02,0.1387699544429779
1998-08-03,0.12712840735912323
1998-08-04,0.11770474910736084
1998-08-05,0.1103150025010109
1998-08-06,0.10392697155475616
1998-08-07,0.10275472700595856
1998-08-08,0.11809982359409332
1998-08-09,0.1359095424413681
1998-08-10,0.16276821494102478
1998-08-11,0.1922648698091507
1998-08-12,0.17117075622081757
1998-08-13,0.14342856407165527
1998-08-14,0.12821932137012482
1998-08-15,0.11635959148406982
1998-08-16,0.11876383423805237
1998-08-17,0.14070552587509155
1998-08-18,0.14283987879753113
1998-08-19,0.12554360926151276
1998-08-20,0.11170079559087753
1998-08-21,0.10118212550878525
1998-08-22,0.09550277888774872
1998-08-23,0.09831669926643372
1998-08-24,0.10205772519111633
1998-08-25,0.09561319649219513
1998-08-26,0.09285705536603928
1998-08-27,0.10589313507080078
1998-08-28,0.10389350354671478
1998-08-29,0.09904924780130386
1998-08-30,0.09357140213251114
1998-08-31,0.08892093598842621
1998-09-01,0.08333054929971695
1998-09-02,0.08057519793510437
1998-09-03,0.14458954334259033
1998-09-04,1.6556546688079834
1998-09-05,1.2945353984832764
1998-09-06,0.6180658936500549
1998-09-07,0.33243197202682495
1998-09-08,0.3109036982059479
1998-09-09,0.372514009475708
1998-09-10,0.2891562283039093
1998-09-11,0.2159319519996643
1998-09-12,0.1792965531349182
1998-09-13,0.1549704372882843
1998-09-14,0.1378765106201172
1998-09-15,0.12395332008600235
1998-09-16,0.11506462097167969
1998-09-17,0.10871081054210663
1998-09-18,0.10330016165971756
1998-09-19,0.10066215693950653
1998-09-20,0.09964407235383987
1998-09-21,0.10168927162885666
1998-09-22,0.10487712174654007
1998-09-23,0.09967990219593048
1998-09-24,0.09388402104377747
1998-09-25,0.09092147648334503
1998-09-26,0.08943210542201996
1998-09-27,0.08678123354911804
1998-09-28,0.08318909257650375
1998-09-29,0.08153027296066284
1998-09-30,0.08998657017946243
1998-10-01,0.09938966482877731
1998-10-02,0.09548794478178024
1998-10-03,0.09030775725841522
1998-10-04,0.09112625569105148
1998-10-05,0.09742850065231323
1998-10-06,0.09976126253604889
1998-10-07,0.09980078041553497
1998-10-08,0.1494082361459732
1998-10-09,0.2411039173603058
1998-10-10,0.20876163244247437
1998-10-11,0.1621125489473343
1998-10-12,0.13599637150764465
1998-10-13,0.127731055021286
1998-10-14,0.11869315803050995
1998-10-15,0.11026456952095032
1998-10-16,0.10384175181388855
1998-10-17,0.10093476623296738
1998-10-18,0.097754567861557
1998-10-19,0.09635123610496521
1998-10-20,0.09483319520950317
1998-10-21,0.0956905260682106
1998-10-22,0.09351959824562073
1998-10-23,0.09047224372625351
1998-10-24,0.09142599254846573
1998-10-25,0.09329324960708618
1998-10-26,0.09477254748344421
1998-10-27,0.09336579591035843
1998-10-28,0.09211013466119766
1998-10-29,0.0896141529083252
1998-10-30,0.09283865243196487
1998-10-31,0.09107735008001328
1998-11-01,0.09130848944187164
1998-11-02,0.0942496657371521
1998-11-03,0.10896672308444977
1998-11-04,0.14785607159137726
1998-11-05,0.1539924591779709
1998-11-06,0.13941465318202972
1998-11-07,0.13160443305969238
1998-11-08,0.13287387788295746
1998-11-09,0.12642987072467804
1998-11-10,0.12605217099189758
1998-11-11,0.1283598095178604
1998-11-12,0.1334470510482788
1998-11-13,0.13230811059474945
1998-11-14,0.13140834867954254
1998-11-15,0.14497563242912292
1998-11-16,0.16643349826335907
1998-11-17,0.18173187971115112
1998-11-18,0.18343736231327057
1998-11-19,0.1761869192123413
1998-11-20,0.1606685370206833
1998-11-21,0.15408098697662354
1998-11-22,0.14713075757026672
1998-11-23,0.14688672125339508
1998-11-24,0.13697655498981476
1998-11-25,0.13869796693325043
1998-11-26,0.1441342532634735
1998-11-27,0.15244242548942566
1998-11-28,0.1529352217912674
1998-11-29,0.1481759399175644
1998-11-30,0.1438436061143875
1998-12-01,0.13847093284130096
1998-12-02,0.1408463567495346
1998-12-03,0.1382666528224945
1998-12-04,0.13773708045482635
1998-12-05,0.14014407992362976
1998-12-06,0.13810105621814728
1998-12-07,0.13476406037807465
1998-12-08,0.13445448875427246
1998-12-09,0.15960048139095306
1998-12-10,0.19084614515304565
1998-12-11,0.17741334438323975
1998-12-12,0.1650232970714569
1998-12-13,0.3375755250453949
1998-12-14,0.6368147134780884
1998-12-15,0.5073829293251038
1998-12-16,0.596223771572113
1998-12-17,0.6914833784103394
1998-12-18,0.516457200050354
1998-12-19,0.3828972578048706
1998-12-20,0.3180629014968872
1998-12-21,0.2942163944244385
1998-12-22,0.2702800929546356
1998-12-23,0.28298935294151306
1998-12-24,0.5061579346656799
1998-12-25,0.7152951955795288
1998-12-26,0.6935784220695496
1998-12-27,0.6098018288612366
1998-12-28,0.5442125797271729
1998-12-29,0.5010234117507935
1998-12-30,0.5221215486526489
1998-12-31,0.45303353667259216
1999-01-01,0.3892136812210083
1999-01-02,0.34434279799461365
1999-01-03,2.2260072231292725
1999-01-04,3.6839303970336914
1999-01-05,2.4376769065856934
1999-01-06,1.3669240474700928
1999-01-07,0.9178733825683594
1999-01-08,0.7108452916145325
1999-01-09,0.622157096862793
1999-01-10,0.5474935173988342
1999-01-11,0.476737380027771
1999-01-12,0.4323025643825531
1999-01-13,0.40925994515419006
1999-01-14,0.38621532917022705
1999-01-15,0.7114108800888062
1999-01-16,1.0800522565841675
1999-01-17,0.8917834162712097
1999-01-18,0.8383140563964844
1999-01-19,0.9892133474349976
1999-01-20,0.8349757194519043
1999-01-21,0.6681024432182312
1999-01-22,0.5701677799224854
1999-01-23,0.5571303367614746
1999-01-24,5.862034320831299
1999-01-25,8.927186012268066
1999-01-26,4.743129730224609
1999-01-27,2.329698324203491
1999-01-28,1.4581732749938965
1999-01-29,1.0727686882019043
1999-01-30,0.867412805557251
1999-01-31,0.735897421836853
1999-02-01,0.7763738036155701
1999-02-02,1.1817666292190552
1999-02-03,1.2887558937072754
1999-02-04,1.075894832611084
1999-02-05,0.8735702633857727
1999-02-06,0.7446311116218567
1999-02-07,0.6673728227615356
1999-02-08,0.602794885635376
1999-02-09,0.5625421404838562
1999-02-10,0.5300848484039307
1999-02-11,0.5090547800064087
1999-02-12,0.5226127505302429
1999-02-13,0.5520976185798645
1999-02-14,0.5255368947982788
1999-02-15,0.48313289880752563
1999-02-16,0.45994144678115845
1999-02-17,0.4445924162864685
1999-02-18,0.5097982883453369
1999-02-19,0.8582265377044678
1999-02-20,1.0431973934173584
1999-02-21,0.9268609881401062
1999-02-22,0.7934802770614624
1999-02-23,0.6727075576782227
1999-02-24,0.6042497158050537
1999-02-25,0.5555589199066162
1999-02-26,0.5214675664901733
1999-02-27,0.4943486452102661
1999-02-28,0.5181905031204224
1999-03-01,0.5573925375938416
1999-03-02,0.5338887572288513
1999-03-03,0.547038733959198
1999-03-04,0.6089433431625366
1999-03-05,0.5754095315933228
1999-03-06,0.5364744663238525
1999-03-07,0.5069565773010254
1999-03-08,0.48159146308898926
1999-03-09,0.46057000756263733
1999-03-10,0.4805813729763031
1999-03-11,0.47067466378211975
1999-03-12,0.4511129856109619
1999-03-13,0.4383887052536011
1999-03-14,0.5760552287101746
1999-03-15,1.8407607078552246
1999-03-16,2.1801397800445557
1999-03-17,1.5779328346252441
1999-03-18,1.124192237854004
1999-03-19,0.8753318786621094
1999-03-20,0.7339262962341309
1999-03-21,0.9561054110527039
1999-03-22,1.5623009204864502
1999-03-23,1.3052295446395874
1999-03-24,1.0227717161178589
1999-03-25,0.8558722138404846
1999-03-26,0.8052941560745239
1999-03-27,0.7616398930549622
1999-03-28,0.6838768720626831
1999-03-29,0.6267980337142944
1999-03-30,0.5829349756240845
1999-03-31,0.5487011075019836
1999-04-01,0.9176005125045776
1999-04-02,1.9466594457626343
1999-04-03,1.6121666431427002
1999-04-04,1.1611838340759277
1999-04-05,0.9077529907226562
1999-04-06,0.7551411986351013
1999-04-07,0.6512554883956909
1999-04-08,0.5931369662284851
1999-04-09,0.5576363801956177
1999-04-10,0.5158998966217041
1999-04-11,0.5041693449020386
1999-04-12,0.5164312720298767
1999-04-13,0.4829636514186859
1999-04-14,0.44333726167678833
1999-04-15,0.4374125897884369
1999-04-16,0.4516170620918274
1999-04-17,0.42618653178215027
1999-04-18,0.3986092805862427
1999-04-19,0.3741788864135742
1999-04-20,0.36223477125167847
1999-04-21,0.3500674366950989
1999-04-22,0.33758413791656494
1999-04-23,0.32547464966773987
1999-04-24,0.3110964596271515
1999-04-25,0.29590874910354614
1999-04-26,0.2878265976905823
1999-04-27,0.2859227657318115
1999-04-28,0.4250113368034363
1999-04-29,1.0995683670043945
1999-04-30,2.5254366397857666
1999-05-01,2.8279507160186768
1999-05-02,1.9846651554107666
1999-05-03,1.2647250890731812
1999-05-04,0.8580664396286011
1999-05-05,0.6561466455459595
1999-05-06,0.5540021657943726
1999-05-07,0.4834037125110626
1999-05-08,0.47947514057159424
1999-05-09,0.4880707263946533
1999-05-10,0.434042364358902
1999-05-11,0.38020026683807373
1999-05-12,0.3397531509399414
1999-05-13,0.32746967673301697
1999-05-14,1.458526849746704
1999-05-15,4.376964569091797
1999-05-16,3.1990787982940674
1999-05-17,1.7419980764389038
1999-05-18,1.0622564554214478
1999-05-19,0.7435562014579773
1999-05-20,0.591421365737915
1999-05-21,0.4909532070159912
1999-05-22,0.4391779601573944
1999-05-23,0.40807992219924927
1999-05-24,0.3724684715270996
1999-05-25,0.3432837724685669
1999-05-26,0.318949431180954
1999-05-27,0.311176061630249
1999-05-28,0.2923401892185211
1999-05-29,0.2702336609363556
1999-05-30,0.2553587853908539
1999-05-31,0.2408578097820282
1999-06-01,0.22448848187923431
1999-06-02,0.2099146693944931
1999-06-03,0.19791220128536224
1999-06-04,0.18773812055587769
1999-06-05,0.17639237642288208
1999-06-06,0.1661708652973175
1999-06-07,0.15850907564163208
1999-06-08,0.15029950439929962
1999-06-09,0.14275702834129333
1999-06-10,0.1389215588569641
1999-06-11,0.13458099961280823
1999-06-12,0.13081568479537964
1999-06-13,0.12267086654901505
1999-06-14,0.12060477584600449
1999-06-15,0.1224348172545433
1999-06-16,0.16660107672214508
1999-06-17,0.25003480911254883
1999-06-18,0.27942314743995667
1999-06-19,0.22795072197914124
1999-06-20,0.19258370995521545
1999-06-21,0.1843140423297882
1999-06-22,0.17273136973381042
1999-06-23,0.15922033786773682
1999-06-24,0.14077146351337433
1999-06-25,0.13114087283611298
1999-06-26,0.1347152143716812
1999-06-27,0.13767635822296143
1999-06-28,0.13729724287986755
1999-06-29,0.12971356511116028
1999-06-30,0.12670354545116425
1999-07-01,0.1434161216020584
1999-07-02,0.16114765405654907
1999-07-03,0.15014402568340302
1999-07-04,0.13412310183048248
1999-07-05,0.11901374906301498
1999-07-06,0.12134999781847
1999-07-07,0.16186995804309845
1999-07-08,0.17758876085281372
1999-07-09,0.15457558631896973
1999-07-10,0.13342544436454773
1999-07-11,0.1341673731803894
1999-07-12,0.15728750824928284
1999-07-13,0.20993560552597046
1999-07-14,0.33384835720062256
1999-07-15,0.3958786725997925
1999-07-16,0.3173498213291168
1999-07-17,0.22804108262062073
1999-07-18,0.18424540758132935
1999-07-19,0.15637095272541046
1999-07-20,0.13240832090377808
1999-07-21,0.12032992392778397
1999-07-22,0.12779223918914795
1999-07-23,0.13801509141921997
1999-07-24,0.1513785421848297
1999-07-25,0.18682050704956055
1999-07-26,0.16876071691513062
1999-07-27,0.13572748005390167
1999-07-28,0.11619439721107483
1999-07-29,0.1111292839050293
1999-07-30,0.11432810127735138
1999-07-31,0.10417710244655609
1999-08-01,0.09232241660356522
1999-08-02,0.0840981975197792
1999-08-03,0.07663379609584808
1999-08-04,0.06898336857557297
1999-08-05,0.06288839131593704
1999-08-06,0.05880778282880783
1999-08-07,0.057240117341279984
1999-08-08,0.05631423369050026
1999-08-09,0.05491114780306816
1999-08-10,0.05434953421354294
1999-08-11,0.05191995948553085
1999-08-12,0.049032360315322876
1999-08-13,0.04617947340011597
1999-08-14,0.06445612758398056
1999-08-15,0.1502063274383545
1999-08-16,0.1809556633234024
1999-08-17,0.14291538298130035
1999-08-18,0.10642029345035553
1999-08-19,0.0844917893409729
1999-08-20,0.08380456268787384
1999-08-21,0.1070316731929779
1999-08-22,0.10602715611457825
1999-08-23,0.09060795605182648
1999-08-24,0.07838771492242813
1999-08-25,0.08678120374679565
1999-08-26,0.13593687117099762
1999-08-27,0.2132098376750946
1999-08-28,0.21737661957740784
1999-08-29,0.16146010160446167
1999-08-30,0.13241298496723175
1999-08-31,0.10882160067558289
1999-09-01,0.08954951912164688
1999-09-02,0.0778442770242691
1999-09-03,0.06898575276136398
1999-09-04,0.07123231887817383
1999-09-05,0.8283438682556152
1999-09-06,5.190564155578613
1999-09-07,4.018824100494385
1999-09-08,1.7670233249664307
1999-09-09,0.8125675320625305
1999-09-10,0.48684048652648926
1999-09-11,0.3444579541683197
1999-09-12,0.26494041085243225
1999-09-13,0.21802864968776703
1999-09-14,0.1892576515674591
1999-09-15,0.40426790714263916
1999-09-16,13.595821380615234
1999-09-17,8.327754020690918
1999-09-18,3.2614336013793945
1999-09-19,1.4849298000335693
1999-09-20,0.8787093758583069
1999-09-21,0.7241396903991699
1999-09-22,0.7650868892669678
1999-09-23,0.6335499286651611
1999-09-24,0.503486692905426
1999-09-25,0.4137313663959503
1999-09-26,0.3576608896255493
1999-09-27,0.4121842384338379
1999-09-28,2.3062500953674316
1999-09-29,8.731683731079102
1999-09-30,9.839975357055664
1999-10-01,4.88538122177124
1999-10-02,2.296313524246216
1999-10-03,1.3788988590240479
1999-10-04,1.044832468032837
1999-10-05,0.9203137159347534
1999-10-06,0.7682079076766968
1999-10-07,0.6518174409866333
1999-10-08,0.5689653158187866
1999-10-09,0.5151334404945374
1999-10-10,0.5319972634315491
1999-10-11,1.068232774734497
1999-10-12,1.393350601196289
1999-10-13,1.2220942974090576
1999-10-14,1.1862623691558838
1999-10-15,0.9241843819618225
1999-10-16,0.7212970852851868
1999-10-17,1.2030248641967773
1999-10-18,2.9781577587127686
1999-10-19,2.207929849624634
1999-10-20,2.080925941467285
1999-10-21,3.343005657196045
1999-10-22,2.4940080642700195
1999-10-23,1.6401190757751465
1999-10-24,1.1893751621246338
1999-10-25,0.9360338449478149
1999-10-26,0.7858056426048279
1999-10-27,0.6862406730651855
1999-10-28,0.6191397309303284
1999-10-29,0.5688900351524353
1999-10-30,0.5353084206581116
1999-10-31,0.5005425214767456
1999-11-01,0.48601260781288147
1999-11-02,0.6106857657432556
1999-11-03,0.8324762582778931
1999-11-04,0.7498171925544739
1999-11-05,0.6380331516265869
1999-11-06,0.5679225921630859
1999-11-07,0.5142228007316589
1999-11-08,0.4804497957229614
1999-11-09,0.4612019956111908
1999-11-10,0.4348844885826111
1999-11-11,0.4208613336086273
1999-11-12,0.41458266973495483
1999-11-13,0.4039572477340698
1999-11-14,0.3925692141056061
1999-11-15,0.37290072441101074
1999-11-16,0.3582639694213867
1999-11-17,0.35346293449401855
1999-11-18,0.34805554151535034
1999-11-19,0.34604376554489136
1999-11-20,0.337081640958786
1999-11-21,0.333986759185791
1999-11-22,0.3482683002948761
1999-11-23,0.36448347568511963
1999-11-24,0.3587362468242645
1999-11-25,0.35154250264167786
1999-11-26,0.5139590501785278
1999-11-27,1.0267843008041382
1999-11-28,0.9066336154937744
1999-11-29,0.6934062242507935
1999-11-30,0.5679885149002075
1999-12-01,0.50701904296875
1999-12-02,0.4643203318119049
1999-12-03,0.43568509817123413
1999-12-04,0.4132063388824463
1999-12-05,0.4015318751335144
1999-12-06,0.40837469696998596
1999-12-07,0.4319307804107666
1999-12-08,0.41726481914520264
1999-12-09,0.4001062214374542
1999-12-10,0.4100484549999237
1999-12-11,0.4487166106700897
1999-12-12,0.4360851049423218
1999-12-13,0.41137731075286865
1999-12-14,0.949560821056366
1999-12-15,1.8441704511642456
1999-12-16,1.4180843830108643
1999-12-17,0.983443021774292
1999-12-18,0.7607599496841431
1999-12-19,0.6650747060775757
1999-12-20,0.6554399728775024
1999-12-21,0.7186360359191895
1999-12-22,0.8643514513969421
1999-12-23,0.8257229328155518
1999-12-24,0.7214659452438354
1999-12-25,0.6664613485336304
1999-12-26,0.5972198843955994
1999-12-27,0.5477576851844788
1999-12-28,0.5109072327613831
1999-12-29,0.4836809039115906
1999-12-30,0.46594876050949097
1999-12-31,0.4531567692756653
2000-01-01,0.4435841143131256
2000-01-02,0.4347870349884033
2000-01-03,0.425216406583786
2000-01-04,0.4619128108024597
2000-01-05,0.6138374209403992
2000-01-06,0.6080616116523743
2000-01-07,0.5555227398872375
2000-01-08,0.511915922164917
2000-01-09,0.5466729402542114
2000-01-10,2.1247341632843018
2000-01-11,3.4287893772125244
2000-01-12,2.2947733402252197
2000-01-13,1.4451854228973389
2000-01-14,1.0493394136428833
2000-01-15,0.851348876953125
2000-01-16,0.7294389605522156
2000-01-17,0.6449509859085083
2000-01-18,0.6087343096733093
2000-01-19,0.6477174758911133
2000-01-20,0.8176391124725342
2000-01-21,0.8772871494293213
2000-01-22,0.7500461935997009
2000-01-23,0.7358709573745728
2000-01-24,0.8738955855369568
2000-01-25,1.8014605045318604
2000-01-26,1.9997655153274536
2000-01-27,1.5467678308486938
2000-01-28,1.1516045331954956
2000-01-29,0.9849533438682556
2000-01-30,1.3461658954620361
2000-01-31,2.0784523487091064
2000-02-01,1.9286717176437378
2000-02-02,1.6833956241607666
2000-02-03,1.5127030611038208
2000-02-04,1.5739119052886963
2000-02-05,1.7257834672927856
2000-02-06,1.745964765548706
2000-02-07,1.8733092546463013
2000-02-08,2.0250813961029053
2000-02-09,1.8606009483337402
2000-02-10,1.662644863128662
2000-02-11,1.6334002017974854
2000-02-12,2.62410831451416
2000-02-13,3.817750930786133
2000-02-14,4.240503787994385
2000-02-15,4.245371341705322
2000-02-16,3.041607141494751
2000-02-17,2.1797502040863037
2000-02-18,2.095600128173828
2000-02-19,2.7015273571014404
2000-02-20,2.227553367614746
2000-02-21,1.713805913925171
2000-02-22,1.3618190288543701
2000-02-23,1.178980827331543
2000-02-24,1.0744527578353882
2000-02-25,0.9926153421401978
2000-02-26,0.9250723719596863
2000-02-27,0.8842820525169373
2000-02-28,0.9435645341873169
2000-02-29,0.9563112854957581
2000-03-01,0.8930872678756714
2000-03-02,0.8284331560134888
2000-03-03,0.7747722864151001
2000-03-04,0.735950231552124
2000-03-05,0.7059460878372192
2000-03-06,0.6816233992576599
2000-03-07,0.6508287787437439
2000-03-08,0.6356683373451233
2000-03-09,0.6187875866889954
2000-03-10,0.6025490760803223
2000-03-11,0.5904568433761597
2000-03-12,0.6564266681671143
2000-03-13,0.6803789138793945
2000-03-14,0.6243743896484375
2000-03-15,0.5979997515678406
2000-03-16,0.6560977697372437
2000-03-17,1.4813225269317627
2000-03-18,1.4463012218475342
2000-03-19,1.1043649911880493
2000-03-20,1.127931833267212
2000-03-21,2.100217580795288
2000-03-22,2.156156539916992
2000-03-23,1.6279017925262451
2000-03-24,1.226284146308899
2000-03-25,1.020102620124817
2000-03-26,0.902847945690155
2000-03-27,0.9748023748397827
2000-03-28,1.1795942783355713
2000-03-29,1.050131916999817
2000-03-30,0.8991817831993103
2000-03-31,0.804601788520813
2000-04-01,0.7246009111404419
2000-04-02,0.6917164325714111
2000-04-03,0.769153356552124
2000-04-04,0.8736666440963745
2000-04-05,0.8051056861877441
2000-04-06,0.7108404040336609
2000-04-07,0.6416128873825073
2000-04-08,0.9631796479225159
2000-04-09,1.4535720348358154
2000-04-10,1.2020845413208008
2000-04-11,0.9403842687606812
2000-04-12,0.7887195944786072
2000-04-13,0.7473710775375366
2000-04-14,0.9832322597503662
2000-04-15,1.401787519454956
2000-04-16,2.1385157108306885
2000-04-17,1.809975504875183
2000-04-18,1.654167652130127
2000-04-19,1.9311518669128418
2000-04-20,1.5180855989456177
2000-04-21,1.1691937446594238
2000-04-22,0.9593605995178223
2000-04-23,0.8188870549201965
2000-04-24,0.7370907664299011
2000-04-25,0.7340459227561951
2000-04-26,0.7967150211334229
2000-04-27,0.799545407295227
2000-04-28,1.2982227802276611
2000-04-29,2.1238980293273926
2000-04-30,1.6905629634857178
2000-05-01,1.2457658052444458
2000-05-02,0.9885813593864441
2000-05-03,0.8463194966316223
2000-05-04,0.7436873316764832
2000-05-05,0.6643025875091553
2000-05-06,0.603875458240509
2000-05-07,0.5594316720962524
2000-05-08,0.5139236450195312
2000-05-09,0.4732302725315094
2000-05-10,0.44303739070892334
2000-05-11,0.42610859870910645
2000-05-12,0.4052383601665497
2000-05-13,0.3834531307220459
2000-05-14,0.3631090223789215
2000-05-15,0.34036070108413696
2000-05-16,0.3131628632545471
2000-05-17,0.3116663992404938
2000-05-18,0.31308141350746155
2000-05-19,0.2968941926956177
2000-05-20,0.2795587182044983
2000-05-21,0.30920320749282837
2000-05-22,0.7855968475341797
2000-05-23,0.9043446779251099
2000-05-24,0.6810246706008911
2000-05-25,0.5356391668319702
2000-05-26,0.49859297275543213
2000-05-27,0.43331214785575867
2000-05-28,0.4204521179199219
2000-05-29,0.42779964208602905
2000-05-30,0.3881457448005676
2000-05-31,0.33247110247612
2000-06-01,0.29663246870040894
2000-06-02,0.27180764079093933
2000-06-03,0.25444164872169495
2000-06-04,0.2647361755371094
2000-06-05,0.2985425293445587
2000-06-06,0.3459915518760681
2000-06-07,0.3413602113723755
2000-06-08,0.2929302453994751
2000-06-09,0.25683361291885376
2000-06-10,0.23073288798332214
2000-06-11,0.20940721035003662
2000-06-12,0.1911616176366806
2000-06-13,0.17756608128547668
2000-06-14,0.17985236644744873
2000-06-15,0.21761266887187958
2000-06-16,0.2699047327041626
2000-06-17,0.28203287720680237
2000-06-18,0.2514325678348541
2000-06-19,0.3168330192565918
2000-06-20,0.4533601403236389
2000-06-21,0.4166688323020935
2000-06-22,0.34803950786590576
2000-06-23,0.3208387792110443
2000-06-24,0.26248762011528015
2000-06-25,0.2184954434633255
2000-06-26,0.19947867095470428
2000-06-27,0.1998290866613388
2000-06-28,0.2859236001968384
2000-06-29,0.43321943283081055
2000-06-30,0.4342138171195984
2000-07-01,0.31369245052337646
2000-07-02,0.23697933554649353
2000-07-03,0.1976953148841858
2000-07-04,0.17301304638385773
2000-07-05,0.17175158858299255
2000-07-06,0.1947663128376007
2000-07-07,0.2113223820924759
2000-07-08,0.21096298098564148
2000-07-09,0.19970856606960297
2000-07-10,0.18396489322185516
2000-07-11,0.16050979495048523
2000-07-12,0.1512458324432373
2000-07-13,0.1917373239994049
2000-07-14,0.25804266333580017
2000-07-15,0.24844670295715332
2000-07-16,0.22283148765563965
2000-07-17,0.19587072730064392
2000-07-18,0.1686549037694931
2000-07-19,0.15047134459018707
2000-07-20,0.1421668380498886
2000-07-21,0.13214130699634552
2000-07-22,0.13203170895576477
2000-07-23,0.20586253702640533
2000-07-24,0.4805825650691986
2000-07-25,0.6521963477134705
2000-07-26,0.6411301493644714
2000-07-27,0.5057687163352966
2000-07-28,0.36265063285827637
2000-07-29,0.2821246385574341
2000-07-30,0.2596166133880615
2000-07-31,0.2592467665672302
2000-08-01,0.31645968556404114
2000-08-02,0.3751183748245239
2000-08-03,0.36544641852378845
2000-08-04,0.39076656103134155
2000-08-05,0.4026053845882416
2000-08-06,0.3394690752029419
2000-08-07,0.26941943168640137
2000-08-08,0.2267378568649292
2000-08-09,0.20791365206241608
2000-08-10,0.3204402029514313
2000-08-11,0.46769633889198303
2000-08-12,0.39487117528915405
2000-08-13,0.3161427080631256
2000-08-14,0.2637147009372711
2000-08-15,0.2195052206516266
2000-08-16,0.18910673260688782
2000-08-17,0.168256938457489
2000-08-18,0.17130853235721588
2000-08-19,0.19653096795082092
2000-08-20,0.17972123622894287
2000-08-21,0.15658451616764069
2000-08-22,0.14078612625598907
2000-08-23,0.1298747956752777
2000-08-24,0.11969414353370667
2000-08-25,0.11595718562602997
2000-08-26,0.11285403370857239
2000-08-27,0.13509894907474518
2000-08-28,0.23670373857021332
2000-08-29,0.27846261858940125
2000-08-30,0.26233282685279846
2000-08-31,0.33044207096099854
2000-09-01,0.44448089599609375
2000-09-02,0.6359964609146118
2000-09-03,0.8692949414253235
2000-09-04,1.1306332349777222
2000-09-05,1.0359219312667847
2000-09-06,0.696790874004364
2000-09-07,0.45866459608078003
2000-09-08,0.33100181818008423
2000-09-09,0.26447010040283203
2000-09-10,0.22653579711914062
2000-09-11,0.19825245440006256
2000-09-12,0.17858821153640747
2000-09-13,0.16263476014137268
2000-09-14,0.18513253331184387
2000-09-15,0.23490002751350403
2000-09-16,0.22684575617313385
2000-09-17,0.1952534019947052
2000-09-18,0.20629754662513733
2000-09-19,0.27846482396125793
2000-09-20,0.2695569694042206
2000-09-21,0.23985986411571503
2000-09-22,0.25725722312927246
2000-09-23,0.7990400195121765
2000-09-24,1.5586246252059937
2000-09-25,1.4224510192871094
2000-09-26,1.734431266784668
2000-09-27,1.3611762523651123
2000-09-28,0.8366113901138306
2000-09-29,0.5544900298118591
2000-09-30,0.4113166630268097
2000-10-01,0.33594560623168945
2000-10-02,0.2911375164985657
2000-10-03,0.2596491873264313
2000-10-04,0.2329230010509491
2000-10-05,0.21261969208717346
2000-10-06,0.19977565109729767
2000-10-07,0.18659868836402893
2000-10-08,0.18561352789402008
2000-10-09,0.1784382462501526
2000-10-10,0.1704847812652588
2000-10-11,0.16340798139572144
2000-10-12,0.15800556540489197
2000-10-13,0.15858501195907593
2000-10-14,0.1579725742340088
2000-10-15,0.1562255620956421
2000-10-16,0.1536613404750824
2000-10-17,0.14823931455612183
2000-10-18,0.14376632869243622
2000-10-19,0.1392679661512375
2000-10-20,0.13867448270320892
2000-10-21,0.13759741187095642
2000-10-22,0.13245457410812378
2000-10-23,0.12755842506885529
2000-10-24,0.12529180943965912
2000-10-25,0.12520459294319153
2000-10-26,0.12640832364559174
2000-10-27,0.12365321069955826
2000-10-28,0.12085913866758347
2000-10-29,0.11735350638628006
2000-10-30,0.11666284501552582
2000-10-31,0.11513788253068924
2000-11-01,0.12285764515399933
2000-11-02,0.1278298944234848
2000-11-03,0.13278764486312866
2000-11-04,0.1294514387845993
2000-11-05,0.12854452431201935
2000-11-06,0.1307431012392044
2000-11-07,0.132439985871315
2000-11-08,0.13588352501392365
2000-11-09,0.13608692586421967
2000-11-10,0.14151811599731445
2000-11-11,0.13809281587600708
2000-11-12,0.136000394821167
2000-11-13,0.13359856605529785
2000-11-14,0.14669334888458252
2000-11-15,0.17338304221630096
2000-11-16,0.17763608694076538
2000-11-17,0.1772523671388626
2000-11-18,0.17938899993896484
2000-11-19,0.1795942783355713
2000-11-20,0.21627375483512878
2000-11-21,0.21554042398929596
2000-11-22,0.20078052580356598
2000-11-23,0.18655817210674286
2000-11-24,0.1802930384874344
2000-11-25,0.23151187598705292
2000-11-26,0.3935573697090149
2000-11-27,0.3993009030818939
2000-11-28,0.3281235098838806
2000-11-29,0.2801934480667114
2000-11-30,0.24311164021492004
2000-12-01,0.22747856378555298
2000-12-02,0.21342794597148895
2000-12-03,0.21285748481750488
2000-12-04,0.21126164495944977
2000-12-05,0.20498093962669373
2000-12-06,0.19604548811912537
2000-12-07,0.18974168598651886
2000-12-08,0.191073939204216
2000-12-09,0.18474414944648743
2000-12-10,0.18131443858146667
2000-12-11,0.18992727994918823
2000-12-12,0.19093269109725952
2000-12-13,0.18873772025108337
2000-12-14,0.18440018594264984
2000-12-15,0.1981542408466339
2000-12-16,0.20218494534492493
2000-12-17,0.7737572193145752
2000-12-18,1.0719062089920044
2000-12-19,0.7623854875564575
2000-12-20,0.6077789068222046
2000-12-21,0.4872314929962158
2000-12-22,0.4083382189273834
2000-12-23,0.3614270091056824
2000-12-24,0.3240436613559723
2000-12-25,0.2970874309539795
2000-12-26,0.2744235098361969
2000-12-27,0.26061975955963135
2000-12-28,0.2494674026966095
2000-12-29,0.2399580180644989
2000-12-30,0.23254889249801636
2000-12-31,0.22739359736442566
2001-01-01,0.21728095412254333
2001-01-02,0.21102574467658997
2001-01-03,0.20702451467514038
2001-01-04,0.20478278398513794
2001-01-05,0.203219473361969
2001-01-06,0.1963994801044464
2001-01-07,0.20102238655090332
2001-01-08,0.20392674207687378
2001-01-09,0.22809475660324097
2001-01-10,0.2317531853914261
2001-01-11,0.23057115077972412
2001-01-12,0.2300887107849121
2001-01-13,0.24679504334926605
2001-01-14,0.245324045419693
2001-01-15,0.2453816682100296
2001-01-16,0.23742522299289703
2001-01-17,0.23344209790229797
2001-01-18,0.24248042702674866
2001-01-19,0.3255200982093811
2001-01-20,1.001592755317688
2001-01-21,1.8385568857192993
2001-01-22,1.308076024055481
2001-01-23,0.8379553556442261
2001-01-24,0.6073697805404663
2001-01-25,0.4872744679450989
2001-01-26,0.42624539136886597
2001-01-27,0.3797414302825928
2001-01-28,0.3515709638595581
2001-01-29,0.33085569739341736
2001-01-30,0.3555583357810974
2001-01-31,0.41149836778640747
2001-02-01,0.38919365406036377
2001-02-02,0.3529324233531952
2001-02-03,0.3290163278579712
2001-02-04,0.30880382657051086
2001-02-05,0.30843278765678406
2001-02-06,0.31186020374298096
2001-02-07,0.3027232885360718
2001-02-08,0.29216665029525757
2001-02-09,0.28435948491096497
2001-02-10,0.28861576318740845
2001-02-11,0.2910144627094269
2001-02-12,0.29311221837997437
2001-02-13,0.39375942945480347
2001-02-14,0.4430968165397644
2001-02-15,0.47759199142456055
2001-02-16,0.4776027798652649
2001-02-17,1.9361385107040405
2001-02-18,2.4181857109069824
2001-02-19,1.6104121208190918
2001-02-20,1.0329864025115967
2001-02-21,0.7609214782714844
2001-02-22,0.6240237355232239
2001-02-23,0.6953372359275818
2001-02-24,0.648433268070221
2001-02-25,0.5849191546440125
2001-02-26,0.6169799566268921
2001-02-27,0.5630817413330078
2001-02-28,0.5013236403465271
2001-03-01,0.45343828201293945
2001-03-02,0.4214012622833252
2001-03-03,0.456585168838501
2001-03-04,0.9002127647399902
2001-03-05,1.6764323711395264
2001-03-06,1.4566771984100342
2001-03-07,1.0723628997802734
2001-03-08,0.817038357257843
2001-03-09,0.6678457260131836
2001-03-10,0.578667402267456
2001-03-11,0.511849582195282
2001-03-12,0.47684040665626526
2001-03-13,0.4744654893875122
2001-03-14,0.4844891428947449
2001-03-15,0.6228523254394531
2001-03-16,1.0210341215133667
2001-03-17,0.946118175983429
2001-03-18,0.761673629283905
2001-03-19,0.6271539926528931
2001-03-20,0.6814162731170654
2001-03-21,4.202780246734619
2001-03-22,5.815056800842285
2001-03-23,3.5640366077423096
2001-03-24,2.03143310546875
2001-03-25,1.3683249950408936
2001-03-26,1.0651885271072388
2001-03-27,0.8667860627174377
2001-03-28,0.7304027676582336
2001-03-29,1.6137161254882812
2001-03-30,6.205109119415283
2001-03-31,5.319501876831055
2001-04-01,5.15194845199585
2001-04-02,5.330660343170166
2001-04-03,3.565211534500122
2001-04-04,2.4154317378997803
2001-04-05,1.7177668809890747
2001-04-06,1.3426132202148438
2001-04-07,1.1176750659942627
2001-04-08,0.9700337648391724
2001-04-09,0.8588654398918152
2001-04-10,0.7685949206352234
2001-04-11,0.6925070881843567
2001-04-12,0.6409295201301575
2001-04-13,0.6034294366836548
2001-04-14,0.5815824270248413
2001-04-15,0.5563365817070007
2001-04-16,0.5237095952033997
2001-04-17,0.49797323346138
2001-04-18,0.48297208547592163
2001-04-19,0.4473811388015747
2001-04-20,0.43297532200813293
2001-04-21,0.41710755228996277
2001-04-22,0.39482784271240234
2001-04-23,0.3737601935863495
2001-04-24,0.36185717582702637
2001-04-25,0.4188450276851654
2001-04-26,0.5125974416732788
2001-04-27,0.47342199087142944
2001-04-28,0.42282161116600037
2001-04-29,0.383049339056015
2001-04-30,0.3519654870033264
2001-05-01,0.3350315988063812
2001-05-02,0.31579986214637756
2001-05-03,0.29766204953193665
2001-05-04,0.28277388215065
2001-05-05,0.268397718667984
2001-05-06,0.2529457211494446
2001-05-07,0.2404436618089676
2001-05-08,0.22328799962997437
2001-05-09,0.21208658814430237
2001-05-10,0.21113437414169312
2001-05-11,0.20935381948947906
2001-05-12,0.2131730318069458
2001-05-13,0.2235395908355713
2001-05-14,0.2091628909111023
2001-05-15,0.1950031816959381
2001-05-16,0.2731361389160156
2001-05-17,0.41418856382369995
2001-05-18,0.4261414408683777
2001-05-19,0.3542630672454834
2001-05-20,0.28186866641044617
2001-05-21,0.2480848878622055
2001-05-22,0.26393043994903564
2001-05-23,0.2934398651123047
2001-05-24,0.2690671682357788
2001-05-25,0.23430699110031128
2001-05-26,0.31289637088775635
2001-05-27,0.4165816903114319
2001-05-28,0.39104920625686646
2001-05-29,0.4033200144767761
2001-05-30,0.35469305515289307
2001-05-31,0.2822013795375824
2001-06-01,0.44281086325645447
2001-06-02,1.049662709236145
2001-06-03,0.9198701977729797
2001-06-04,0.5829798579216003
2001-06-05,0.40339395403862
2001-06-06,0.33424675464630127
2001-06-07,0.3032522201538086
2001-06-08,0.27056005597114563
2001-06-09,0.25350216031074524
2001-06-10,0.22896268963813782
2001-06-11,0.20163895189762115
2001-06-12,0.1821700632572174
2001-06-13,0.2004626840353012
2001-06-14,0.3104432225227356
2001-06-15,0.3562884032726288
2001-06-16,0.34251418709754944
2001-06-17,0.3031589686870575
2001-06-18,0.2419680804014206
2001-06-19,0.19708970189094543
2001-06-20,0.16947156190872192
2001-06-21,0.152210533618927
2001-06-22,0.1833857297897339
2001-06-23,0.3271898329257965
2001-06-24,0.3978860378265381
2001-06-25,0.3357256054878235
2001-06-26,0.28740444779396057
2001-06-27,0.2613234221935272
2001-06-28,0.22215864062309265
2001-06-29,0.18766427040100098
2001-06-30,0.16106176376342773
2001-07-01,0.14638392627239227
2001-07-02,0.13664060831069946
2001-07-03,0.12843404710292816
2001-07-04,0.14441406726837158
2001-07-05,0.31137314438819885
2001-07-06,0.3905898928642273
2001-07-07,0.29934337735176086
2001-07-08,0.3057858347892761
2001-07-09,0.4626021683216095
2001-07-10,0.39460092782974243
2001-07-11,0.304037481546402
2001-07-12,0.25321823358535767
2001-07-13,0.197617307305336
2001-07-14,0.1688900887966156
2001-07-15,0.14337876439094543
2001-07-16,0.1256399154663086
2001-07-17,0.11250893026590347
2001-07-18,0.11112561076879501
2001-07-19,0.11708584427833557
2001-07-20,0.10971876978874207
2001-07-21,0.10121283680200577
2001-07-22,0.09159518033266068
2001-07-23,0.08686036616563797
2001-07-24,0.09812954068183899
2001-07-25,0.10877636820077896
2001-07-26,0.13869553804397583
2001-07-27,0.31564486026763916
2001-07-28,0.4602743983268738
2001-07-29,0.4070640802383423
2001-07-30,0.3783101439476013
2001-07-31,0.2973998486995697
2001-08-01,0.21663935482501984
2001-08-02,0.17252737283706665
2001-08-03,0.14274010062217712
2001-08-04,0.12187749892473221
2001-08-05,0.1090402752161026
2001-08-06,0.09758035093545914
2001-08-07,0.08896659314632416
2001-08-08,0.08123995363712311
2001-08-09,0.07812013477087021
2001-08-10,0.08002263307571411
2001-08-11,0.10283160209655762
2001-08-12,0.17876291275024414
2001-08-13,0.22054387629032135
2001-08-14,0.20805351436138153
2001-08-15,0.16751980781555176
2001-08-16,0.1336764097213745
2001-08-17,0.11512117087841034
2001-08-18,0.16315773129463196
2001-08-19,0.35252416133880615
2001-08-20,0.37106937170028687
2001-08-21,0.26635390520095825
2001-08-22,0.1869066059589386
2001-08-23,0.1433902382850647
2001-08-24,0.1448490172624588
2001-08-25,0.1621798872947693
2001-08-26,0.140159472823143
2001-08-27,0.11940298229455948
2001-08-28,0.1058216243982315
2001-08-29,0.09652456641197205
2001-08-30,0.10402768850326538
2001-08-31,0.1300329864025116
2001-09-01,0.15242692828178406
2001-09-02,0.16432663798332214
2001-09-03,0.15236198902130127
2001-09-04,0.15647633373737335
2001-09-05,0.15275567770004272
2001-09-06,0.13198992609977722
2001-09-07,0.1129726693034172
2001-09-08,0.0996619462966919
2001-09-09,0.09240178763866425
2001-09-10,0.09356798231601715
2001-09-11,0.0953211560845375
2001-09-12,0.08926329761743546
2001-09-13,0.08161783218383789
2001-09-14,0.0769641324877739
2001-09-15,0.07402858883142471
2001-09-16,0.06928273290395737
2001-09-17,0.06664861738681793
2001-09-18,0.06528285890817642
2001-09-19,0.06283457577228546
2001-09-20,0.06642107665538788
2001-09-21,0.09539126604795456
2001-09-22,0.11284878104925156
2001-09-23,0.10479158163070679
2001-09-24,0.13156069815158844
2001-09-25,0.23988035321235657
2001-09-26,0.22416281700134277
2001-09-27,0.16805335879325867
2001-09-28,0.1306672990322113
2001-09-29,0.10900318622589111
2001-09-30,0.09573645889759064
2001-10-01,0.08618228137493134
2001-10-02,0.0805896669626236
2001-10-03,0.0761355310678482
2001-10-04,0.07203013449907303
2001-10-05,0.06864631175994873
2001-10-06,0.07441197335720062
2001-10-07,0.07851798832416534
2001-10-08,0.07776542007923126
2001-10-09,0.0744045227766037
2001-10-10,0.07595984637737274
2001-10-11,0.07235006988048553
2001-10-12,0.0696757435798645
2001-10-13,0.06767444312572479
2001-10-14,0.08411657065153122
2001-10-15,0.11411233246326447
2001-10-16,0.11245249211788177
2001-10-17,0.09925159811973572
2001-10-18,0.08935222774744034
2001-10-19,0.08622420579195023
2001-10-20,0.08082082867622375
2001-10-21,0.08041724562644958
2001-10-22,0.07647484540939331
2001-10-23,0.07456058263778687
2001-10-24,0.07127092033624649
2001-10-25,0.0682331919670105
2001-10-26,0.06501445919275284
2001-10-27,0.06398622691631317
2001-10-28,0.06304364651441574
2001-10-29,0.06447135657072067
2001-10-30,0.0643388032913208
2001-10-31,0.06391749531030655
2001-11-01,0.06850806623697281
2001-11-02,0.06821753084659576
2001-11-03,0.06772319227457047
2001-11-04,0.06567700207233429
2001-11-05,0.06384658813476562
2001-11-06,0.06392151117324829
2001-11-07,0.06713280081748962
2001-11-08,0.07126916199922562
2001-11-09,0.06592993438243866
2001-11-10,0.06716331094503403
2001-11-11,0.06429393589496613
2001-11-12,0.06474922597408295
2001-11-13,0.0667010247707367
2001-11-14,0.07119141519069672
2001-11-15,0.07133282721042633
2001-11-16,0.07193657755851746
2001-11-17,0.06985848397016525
2001-11-18,0.06879736483097076
2001-11-19,0.07223305851221085
2001-11-20,0.06917370110750198
2001-11-21,0.06977813690900803
2001-11-22,0.0713755190372467
2001-11-23,0.07338724285364151
2001-11-24,0.07850432395935059
2001-11-25,0.09119942039251328
2001-11-26,0.09772051125764847
2001-11-27,0.10009177774190903
2001-11-28,0.09389648586511612
2001-11-29,0.08979003131389618
2001-11-30,0.08530411124229431
2001-12-01,0.08914397656917572
2001-12-02,0.08675220608711243
2001-12-03,0.08683290332555771
2001-12-04,0.09146147966384888
2001-12-05,0.09295506030321121
2001-12-06,0.09061038494110107
2001-12-07,0.08860044181346893
2001-12-08,0.08904579281806946
2001-12-09,0.0862082988023758
2001-12-10,0.08829150348901749
2001-12-11,0.2120652198791504
2001-12-12,0.3148460388183594
2001-12-13,0.2837674915790558
2001-12-14,0.22676578164100647
2001-12-15,0.1876322627067566
2001-12-16,0.15848572552204132
2001-12-17,0.14762252569198608
2001-12-18,0.1690046340227127
2001-12-19,0.20420174300670624
2001-12-20,0.17815357446670532
2001-12-21,0.15779560804367065
2001-12-22,0.14653360843658447
2001-12-23,0.14211182296276093
2001-12-24,0.1487434208393097
2001-12-25,0.15710318088531494
2001-12-26,0.14658179879188538
2001-12-27,0.1389947384595871
2001-12-28,0.13539765775203705
2001-12-29,0.13154742121696472
2001-12-30,0.12704038619995117
2001-12-31,0.11952938139438629
2002-01-01,0.11633555591106415
2002-01-02,0.1150326356291771
2002-01-03,0.13962659239768982
2002-01-04,0.197368323802948
2002-01-05,0.2060420960187912
2002-01-06,0.27480581402778625
2002-01-07,0.5867396593093872
2002-01-08,0.5778750777244568
2002-01-09,0.47558534145355225
2002-01-10,0.4313642084598541
2002-01-11,0.3849409222602844
2002-01-12,0.3274790644645691
2002-01-13,0.31532859802246094
2002-01-14,0.3166520893573761
2002-01-15,0.2878269553184509
2002-01-16,0.256987601518631
2002-01-17,0.24062031507492065
2002-01-18,0.22616496682167053
2002-01-19,0.7146318554878235
2002-01-20,3.147177219390869
2002-01-21,2.7773702144622803
2002-01-22,1.94815993309021
2002-01-23,2.4286551475524902
2002-01-24,4.069003582000732
2002-01-25,3.0371198654174805
2002-01-26,1.9316003322601318
2002-01-27,1.2408784627914429
2002-01-28,0.8967713117599487
2002-01-29,0.7177497744560242
2002-01-30,0.5971692204475403
2002-01-31,0.5207900404930115
2002-02-01,0.46799561381340027
2002-02-02,0.4272298514842987
2002-02-03,0.3886174261569977
2002-02-04,0.3603636920452118
2002-02-05,0.3433058559894562
2002-02-06,0.3204428553581238
2002-02-07,0.6154504418373108
2002-02-08,1.3412679433822632
2002-02-09,1.2250336408615112
2002-02-10,0.9217858910560608
2002-02-11,0.7798184156417847
2002-02-12,0.6384406089782715
2002-02-13,0.5364105701446533
2002-02-14,0.4725962281227112
2002-02-15,0.42518121004104614
2002-02-16,0.3968343436717987
2002-02-17,0.37085390090942383
2002-02-18,0.35377219319343567
2002-02-19,0.33541226387023926
2002-02-20,0.3278180658817291
2002-02-21,0.32183530926704407
2002-02-22,0.31120842695236206
2002-02-23,0.2960227131843567
2002-02-24,0.2880881130695343
2002-02-25,0.28158634901046753
2002-02-26,0.27578672766685486
2002-02-27,0.2690148651599884
2002-02-28,0.26794782280921936
2002-03-01,0.25678107142448425
2002-03-02,0.32903730869293213
2002-03-03,0.8445446491241455
2002-03-04,1.2594528198242188
2002-03-05,1.0298912525177002
2002-03-06,0.7423192262649536
2002-03-07,0.5807203054428101
2002-03-08,0.4857372045516968
2002-03-09,0.4646534323692322
2002-03-10,0.5223241448402405
2002-03-11,0.48774412274360657
2002-03-12,0.44340747594833374
2002-03-13,0.5599161386489868
2002-03-14,0.9176594614982605
2002-03-15,0.8544967174530029
2002-03-16,0.6922165155410767
2002-03-17,0.595751166343689
2002-03-18,0.7374894022941589
2002-03-19,0.7705169916152954
2002-03-20,0.6871119737625122
2002-03-21,0.9826651811599731
2002-03-22,1.3534531593322754
2002-03-23,1.09353768825531
2002-03-24,0.8188403844833374
2002-03-25,0.6752536296844482
2002-03-26,0.6474753022193909
2002-03-27,0.9950188398361206
2002-03-28,1.0308665037155151
2002-03-29,0.829525887966156
2002-03-30,0.6963947415351868
2002-03-31,0.799717128276825
2002-04-01,1.3877936601638794
2002-04-02,1.2313798666000366
2002-04-03,0.9564756155014038
2002-04-04,0.7765837907791138
2002-04-05,0.6383182406425476
2002-04-06,0.5505550503730774
2002-04-07,0.4848042130470276
2002-04-08,0.4412679374217987
2002-04-09,0.41759446263313293
2002-04-10,0.42470887303352356
2002-04-11,0.4364302158355713
2002-04-12,0.4180300831794739
2002-04-13,0.3951031267642975
2002-04-14,0.3742433190345764
2002-04-15,0.35707053542137146
2002-04-16,0.3340521454811096
2002-04-17,0.31040188670158386
2002-04-18,0.29104936122894287
2002-04-19,0.2855429947376251
2002-04-20,0.28011757135391235
2002-04-21,0.26947441697120667
2002-04-22,0.258849173784256
2002-04-23,0.24671237170696259
2002-04-24,0.2348664551973343
2002-04-25,0.23088955879211426
2002-04-26,0.2187654674053192
2002-04-27,0.20921598374843597
2002-04-28,0.206198051571846
2002-04-29,0.19648689031600952
2002-04-30,0.1841607689857483
2002-05-01,0.1836601197719574
2002-05-02,0.19141975045204163
2002-05-03,0.19293344020843506
2002-05-04,0.23751884698867798
2002-05-05,0.33814671635627747
2002-05-06,0.3192443251609802
2002-05-07,0.2687285244464874
2002-05-08,0.23919659852981567
2002-05-09,0.21727442741394043
2002-05-10,0.19266541302204132
2002-05-11,0.1740645170211792
2002-05-12,0.16173654794692993
2002-05-13,0.1628197282552719
2002-05-14,0.1846979260444641
2002-05-15,0.1789243519306183
2002-05-16,0.16319705545902252
2002-05-17,0.1469404101371765
2002-05-18,0.14660890400409698
2002-05-19,0.1653975248336792
2002-05-20,0.15548229217529297
2002-05-21,0.14144574105739594
2002-05-22,0.13394366204738617
2002-05-23,0.12226525694131851
2002-05-24,0.12133736908435822
2002-05-25,0.11708921194076538
2002-05-26,0.10927318036556244
2002-05-27,0.1020866110920906
2002-05-28,0.09551335871219635
2002-05-29,0.08928167074918747
2002-05-30,0.09010576456785202
2002-05-31,0.10041169077157974
2002-06-01,0.1044355034828186
2002-06-02,0.11023251712322235
2002-06-03,0.10260339081287384
2002-06-04,0.08960559219121933
2002-06-05,0.08163388073444366
2002-06-06,0.07738634943962097
2002-06-07,0.07981161773204803
2002-06-08,0.08071049302816391
2002-06-09,0.07195486128330231
2002-06-10,0.06668359041213989
2002-06-11,0.06255784630775452
2002-06-12,0.05751124024391174
2002-06-13,0.05375174805521965
2002-06-14,0.05067482590675354
2002-06-15,0.05204567685723305
2002-06-16,0.04923505336046219
2002-06-17,0.045068372040987015
2002-06-18,0.044846199452877045
2002-06-19,0.045533619821071625
2002-06-20,0.04395107924938202
2002-06-21,0.04114292189478874
2002-06-22,0.03799232095479965
2002-06-23,0.036854542791843414
2002-06-24,0.03613864257931709
2002-06-25,0.034388113766908646
2002-06-26,0.03518281131982803
2002-06-27,0.052312035113573074
2002-06-28,0.07669190317392349
2002-06-29,0.09406862407922745
2002-06-30,0.08333893865346909
2002-07-01,0.06884884834289551
2002-07-02,0.06199115142226219
2002-07-03,0.057554420083761215
2002-07-04,0.058729805052280426
2002-07-05,0.060470160096883774
2002-07-06,0.058125101029872894
2002-07-07,0.050595369189977646
2002-07-08,0.04351480305194855
2002-07-09,0.03775632381439209
2002-07-10,0.036739543080329895
2002-07-11,0.04517034813761711
2002-07-12,0.05249684303998947
2002-07-13,0.04913165792822838
2002-07-14,0.04693896323442459
2002-07-15,0.04594261199235916
2002-07-16,0.042649004608392715
2002-07-17,0.036764129996299744
2002-07-18,0.03291098773479462
2002-07-19,0.030783146619796753
2002-07-20,0.03275261074304581
2002-07-21,0.034864798188209534
2002-07-22,0.043717510998249054
2002-07-23,0.06034271791577339
2002-07-24,0.0840221494436264
2002-07-25,0.1212553009390831
2002-07-26,0.18690943717956543
2002-07-27,0.21628481149673462
2002-07-28,0.17808951437473297
2002-07-29,0.12223443388938904
2002-07-30,0.08530892431735992
2002-07-31,0.06484664231538773
2002-08-01,0.0527915358543396
2002-08-02,0.04951309412717819
2002-08-03,0.046274784952402115
2002-08-04,0.04095013812184334
2002-08-05,0.03614775463938713
2002-08-06,0.03325018286705017
2002-08-07,0.0312754288315773
2002-08-08,0.028201913461089134
2002-08-09,0.02655799314379692
2002-08-10,0.024860579520463943
2002-08-11,0.02337596006691456
2002-08-12,0.021422578021883965
2002-08-13,0.019897017627954483
2002-08-14,0.020759865641593933
2002-08-15,0.025001714006066322
2002-08-16,0.030876539647579193
2002-08-17,0.038926467299461365
2002-08-18,0.043288785964250565
2002-08-19,0.0407160259783268
2002-08-20,0.03552551567554474
2002-08-21,0.03026246838271618
2002-08-22,0.02587529458105564
2002-08-23,0.023395083844661713
2002-08-24,0.023594625294208527
2002-08-25,0.02635151334106922
2002-08-26,0.02948479913175106
2002-08-27,0.034007493406534195
2002-08-28,0.04154153913259506
2002-08-29,0.05209311470389366
2002-08-30,0.06676971912384033
2002-08-31,0.6145432591438293
2002-09-01,3.6232635974884033
2002-09-02,2.7666947841644287
2002-09-03,1.1354327201843262
2002-09-04,0.49138063192367554
2002-09-05,0.28069573640823364
2002-09-06,0.18900826573371887
2002-09-07,0.14108069241046906
2002-09-08,0.11298639327287674
2002-09-09,0.09532130509614944
2002-09-10,0.08442769944667816
2002-09-11,0.07499609142541885
2002-09-12,0.06632645428180695
2002-09-13,0.060384273529052734
2002-09-14,0.06443938612937927
2002-09-15,0.09731324017047882
2002-09-16,0.16258452832698822
2002-09-17,0.1901704967021942
2002-09-18,0.22327354550361633
2002-09-19,0.28154873847961426
2002-09-20,0.22728677093982697
2002-09-21,0.16899850964546204
2002-09-22,0.13050340116024017
2002-09-23,0.10918368399143219
2002-09-24,0.09596697986125946
2002-09-25,0.0878695398569107
2002-09-26,0.09410183131694794
2002-09-27,0.13104279339313507
2002-09-28,0.15598103404045105
2002-09-29,0.14557242393493652
2002-09-30,0.1212921291589737
2002-10-01,0.10393670201301575
2002-10-02,0.092875637114048
2002-10-03,0.08339148014783859
2002-10-04,0.07648288458585739
2002-10-05,0.07146866619586945
2002-10-06,0.06543610990047455
2002-10-07,0.06126203015446663
2002-10-08,0.06064461171627045
2002-10-09,0.06147313863039017
2002-10-10,0.07191741466522217
2002-10-11,2.820934534072876
2002-10-12,8.501718521118164
2002-10-13,4.91619873046875
2002-10-14,2.309617757797241
2002-10-15,1.3658924102783203
2002-10-16,2.019239902496338
2002-10-17,2.6670408248901367
2002-10-18,1.6837164163589478
2002-10-19,0.9742993116378784
2002-10-20,0.66808021068573
2002-10-21,0.5377323031425476
2002-10-22,0.5651429295539856
2002-10-23,0.5393208265304565
2002-10-24,0.47102969884872437
2002-10-25,0.42776256799697876
2002-10-26,0.4150201082229614
2002-10-27,0.39882829785346985
2002-10-28,0.6108599901199341
2002-10-29,2.054638385772705
2002-10-30,2.877285957336426
2002-10-31,2.276982307434082
2002-11-01,1.4363288879394531
2002-11-02,0.9520754218101501
2002-11-03,0.7098333835601807
2002-11-04,0.5904611945152283
2002-11-05,0.6923999786376953
2002-11-06,1.5376675128936768
2002-11-07,1.7344821691513062
2002-11-08,1.278242826461792
2002-11-09,0.9224114418029785
2002-11-10,0.7256104946136475
2002-11-11,0.6822636127471924
2002-11-12,3.619121551513672
2002-11-13,7.803071975708008
2002-11-14,4.894376277923584
2002-11-15,2.551783561706543
2002-11-16,2.4951438903808594
2002-11-17,7.101712226867676
2002-11-18,7.884615898132324
2002-11-19,4.406982421875
2002-11-20,2.422135829925537
2002-11-21,1.6413085460662842
2002-11-22,1.2663596868515015
2002-11-23,1.0328352451324463
2002-11-24,0.8778201937675476
2002-11-25,0.7794378995895386
2002-11-26,0.7042146921157837
2002-11-27,0.6440249681472778
2002-11-28,0.6030322313308716
2002-11-29,0.556260883808136
2002-11-30,0.5102313160896301
2002-12-01,0.49002212285995483
2002-12-02,0.47277748584747314
2002-12-03,0.45079922676086426
2002-12-04,0.4537765681743622
2002-12-05,0.9988722801208496
2002-12-06,1.4563074111938477
2002-12-07,1.3912513256072998
2002-12-08,1.310300350189209
2002-12-09,1.2738457918167114
2002-12-10,1.1621067523956299
2002-12-11,1.321217656135559
2002-12-12,2.052861452102661
2002-12-13,4.034017562866211
2002-12-14,7.286190509796143
2002-12-15,4.822386741638184
2002-12-16,2.782071352005005
2002-12-17,1.8408422470092773
2002-12-18,1.3856370449066162
2002-12-19,1.102642297744751
2002-12-20,1.4465701580047607
2002-12-21,1.7994623184204102
2002-12-22,1.5150775909423828
2002-12-23,1.2070080041885376
2002-12-24,1.8306654691696167
2002-12-25,5.420187473297119
2002-12-26,4.910246849060059
2002-12-27,3.066598415374756
2002-12-28,2.0257606506347656
2002-12-29,1.5085835456848145
2002-12-30,1.232834815979004
2002-12-31,1.0689462423324585
2003-01-01,1.573657512664795
2003-01-02,2.4973857402801514
2003-01-03,2.09245228767395
2003-01-04,1.778265118598938
2003-01-05,1.4052033424377441
2003-01-06,1.1581568717956543
2003-01-07,1.0145668983459473
2003-01-08,0.8870776891708374
2003-01-09,0.8040000200271606
2003-01-10,0.747048020362854
2003-01-11,0.7138241529464722
2003-01-12,0.6853155493736267
2003-01-13,0.6447956562042236
2003-01-14,0.6086020469665527
2003-01-15,0.5905510783195496
2003-01-16,0.5681486129760742
2003-01-17,0.5625194311141968
2003-01-18,0.5497260689735413
2003-01-19,0.532675564289093
2003-01-20,0.5111837983131409
2003-01-21,0.49488186836242676
2003-01-22,0.5106284022331238
2003-01-23,0.530909538269043
2003-01-24,0.5245102643966675
2003-01-25,0.5014880895614624
2003-01-26,0.5030313730239868
2003-01-27,0.49978575110435486
2003-01-28,0.4854274392127991
2003-01-29,0.5158810615539551
2003-01-30,1.3173961639404297
2003-01-31,2.5759165287017822
2003-02-01,2.365381956100464
2003-02-02,1.7703731060028076
2003-02-03,1.3546504974365234
2003-02-04,1.2491438388824463
2003-02-05,1.2528936862945557
2003-02-06,1.1048794984817505
2003-02-07,2.4401345252990723
2003-02-08,3.2243893146514893
2003-02-09,2.397759437561035
2003-02-10,1.9634220600128174
2003-02-11,2.1318399906158447
2003-02-12,1.7719614505767822
2003-02-13,1.416904330253601
2003-02-14,1.1767046451568604
2003-02-15,1.148430585861206
2003-02-16,1.5808289051055908
2003-02-17,2.1268677711486816
2003-02-18,1.9970875978469849
2003-02-19,1.876022219657898
2003-02-20,1.7860358953475952
2003-02-21,1.6732343435287476
2003-02-22,3.232436418533325
2003-02-23,6.641873359680176
2003-02-24,4.6845879554748535
2003-02-25,2.8967232704162598
2003-02-26,2.013964891433716
2003-02-27,2.428706169128418
2003-02-28,4.725740909576416
2003-03-01,5.115036964416504
2003-03-02,6.278096675872803
2003-03-03,6.376684188842773
2003-03-04,4.220389366149902
2003-03-05,3.0056240558624268
2003-03-06,5.593553066253662
2003-03-07,6.822978496551514
2003-03-08,4.649045944213867
2003-03-09,3.138204336166382
2003-03-10,2.3165087699890137
2003-03-11,1.8358335494995117
2003-03-12,1.5224559307098389
2003-03-13,1.3868741989135742
2003-03-14,1.4476414918899536
2003-03-15,1.4313197135925293
2003-03-16,3.151055335998535
2003-03-17,5.125483989715576
2003-03-18,3.8346047401428223
2003-03-19,3.040797472000122
2003-03-20,13.795196533203125
2003-03-21,22.545005798339844
2003-03-22,12.226432800292969
2003-03-23,5.949227809906006
2003-03-24,3.6019389629364014
2003-03-25,2.581587553024292
2003-03-26,2.0826916694641113
2003-03-27,1.7860387563705444
2003-03-28,1.5858259201049805
2003-03-29,1.4379034042358398
2003-03-30,3.014695167541504
2003-03-31,4.811918258666992
2003-04-01,3.4007773399353027
2003-04-02,2.3103280067443848
2003-04-03,1.7545969486236572
2003-04-04,1.4553029537200928
2003-04-05,1.3376643657684326
2003-04-06,1.2782655954360962
2003-04-07,3.0731427669525146
2003-04-08,6.8344621658325195
2003-04-09,10.952260971069336
2003-04-10,28.159969329833984
2003-04-11,25.82195281982422
2003-04-12,14.226919174194336
2003-04-13,6.903084754943848
2003-04-14,4.02586030960083
2003-04-15,2.8296356201171875
2003-04-16,2.2114098072052
2003-04-17,1.8457597494125366
2003-04-18,1.665050983428955
2003-04-19,1.643164873123169
2003-04-20,1.5059268474578857
2003-04-21,1.360751748085022
2003-04-22,1.26802396774292
2003-04-23,1.175241231918335
2003-04-24,1.0641801357269287
2003-04-25,1.016500473022461
2003-04-26,1.2368825674057007
2003-04-27,1.4685677289962769
2003-04-28,1.2790414094924927
2003-04-29,1.0957434177398682
2003-04-30,1.0450847148895264
2003-05-01,1.0397286415100098
2003-05-02,0.9667855501174927
2003-05-03,0.9134920239448547
2003-05-04,0.8883334994316101
2003-05-05,0.9159567356109619
2003-05-06,1.000022292137146
2003-05-07,1.098039150238037
2003-05-08,0.9860369563102722
2003-05-09,0.856399416923523
2003-05-10,0.7671735286712646
2003-05-11,0.697361409664154
2003-05-12,0.649398684501648
2003-05-13,0.5932324528694153
2003-05-14,0.5546798706054688
2003-05-15,0.6262872219085693
2003-05-16,0.9485916495323181
2003-05-17,1.0268360376358032
2003-05-18,0.938875675201416
2003-05-19,1.1795581579208374
2003-05-20,1.3031154870986938
2003-05-21,1.1715998649597168
2003-05-22,3.8106143474578857
2003-05-23,9.011011123657227
2003-05-24,7.320442199707031
2003-05-25,6.266599655151367
2003-05-26,8.03923511505127
2003-05-27,6.596162796020508
2003-05-28,4.278445720672607
2003-05-29,2.8734588623046875
2003-05-30,2.152153491973877
2003-05-31,1.8387374877929688
2003-06-01,1.7429319620132446
2003-06-02,1.3884037733078003
2003-06-03,1.1962114572525024
2003-06-04,1.7710239887237549
2003-06-05,2.239015579223633
2003-06-06,1.7253468036651611
2003-06-07,2.8054938316345215
2003-06-08,7.699642658233643
2003-06-09,6.122575759887695
2003-06-10,3.490062713623047
2003-06-11,2.159435272216797
2003-06-12,2.109959363937378
2003-06-13,2.38700270652771
2003-06-14,1.8037362098693848
2003-06-15,1.375138282775879
2003-06-16,2.2871994972229004
2003-06-17,3.653688907623291
2003-06-18,3.4161441326141357
2003-06-19,3.460005283355713
2003-06-20,3.5308210849761963
2003-06-21,2.6433160305023193
2003-06-22,1.7841829061508179
2003-06-23,1.3346863985061646
2003-06-24,1.0726882219314575
2003-06-25,0.912463903427124
2003-06-26,0.7977796196937561
2003-06-27,0.7216846346855164
2003-06-28,0.696500301361084
2003-06-29,0.7022616267204285
2003-06-30,0.7169296741485596
2003-07-01,0.7904402017593384
2003-07-02,3.0896177291870117
2003-07-03,5.591443061828613
2003-07-04,3.5339438915252686
2003-07-05,1.9454154968261719
2003-07-06,1.3281285762786865
2003-07-07,1.0639845132827759
2003-07-08,0.9186384677886963
2003-07-09,0.838054895401001
2003-07-10,0.814886212348938
2003-07-11,0.8233979940414429
2003-07-12,0.8310022354125977
2003-07-13,1.0027391910552979
2003-07-14,2.2327959537506104
2003-07-15,2.3685076236724854
2003-07-16,1.7074058055877686
2003-07-17,1.4097882509231567
2003-07-18,1.1608397960662842
2003-07-19,0.9965356588363647
2003-07-20,0.8791833519935608
2003-07-21,0.7455355525016785
2003-07-22,0.7186672687530518
2003-07-23,0.8520814776420593
2003-07-24,0.9142630696296692
2003-07-25,0.7654093503952026
2003-07-26,0.6369092464447021
2003-07-27,0.5601117610931396
2003-07-28,0.49151143431663513
2003-07-29,0.5953899621963501
2003-07-30,1.7070876359939575
2003-07-31,2.130913257598877
2003-08-01,1.9940800666809082
2003-08-02,2.2491729259490967
2003-08-03,2.5986437797546387
2003-08-04,3.6118760108947754
2003-08-05,7.237080097198486
2003-08-06,7.5578179359436035
2003-08-07,5.451723098754883
2003-08-08,4.2372331619262695
2003-08-09,4.493508815765381
2003-08-10,7.14544153213501
2003-08-11,6.405600547790527
2003-08-12,3.7936935424804688
2003-08-13,2.6275792121887207
2003-08-14,2.3739891052246094
2003-08-15,1.933462142944336
2003-08-16,1.5473625659942627
2003-08-17,1.3440898656845093
2003-08-18,1.2696651220321655
2003-08-19,1.2237098217010498
2003-08-20,1.0261039733886719
2003-08-21,0.8652709126472473
2003-08-22,0.7815330624580383
2003-08-23,0.78922039270401
2003-08-24,0.9108027815818787
2003-08-25,0.9023611545562744
2003-08-26,0.7553310394287109
2003-08-27,0.6392432451248169
2003-08-28,0.5635218024253845
2003-08-29,0.5175111293792725
2003-08-30,0.494344025850296
2003-08-31,0.6566850543022156
2003-09-01,0.8688604235649109
2003-09-02,0.7199276089668274
2003-09-03,0.5871227383613586
2003-09-04,0.7350655794143677
2003-09-05,0.9513528347015381
2003-09-06,0.7666082382202148
2003-09-07,0.6129325032234192
2003-09-08,0.5581233501434326
2003-09-09,0.5213977694511414
2003-09-10,0.47573623061180115
2003-09-11,0.4317442774772644
2003-09-12,0.4016028940677643
2003-09-13,0.38974225521087646
2003-09-14,0.37199291586875916
2003-09-15,0.3622824549674988
2003-09-16,0.3555525243282318
2003-09-17,0.34068524837493896
2003-09-18,0.7592289447784424
2003-09-19,2.3535380363464355
2003-09-20,1.832726240158081
2003-09-21,1.0986343622207642
2003-09-22,0.7812416553497314
2003-09-23,1.5326786041259766
2003-09-24,1.8838368654251099
2003-09-25,1.2604196071624756
2003-09-26,0.8489279747009277
2003-09-27,0.6560013890266418
2003-09-28,0.5632884502410889
2003-09-29,0.5077326893806458
2003-09-30,0.45722299814224243
2003-10-01,0.43570441007614136
2003-10-02,0.4132331907749176
2003-10-03,0.396024227142334
2003-10-04,0.37725701928138733
2003-10-05,0.3641049563884735
2003-10-06,0.35410189628601074
2003-10-07,0.34578484296798706
2003-10-08,0.35621878504753113
2003-10-09,0.4051811397075653
2003-10-10,0.445265531539917
2003-10-11,0.4701773226261139
2003-10-12,0.4750022888183594
2003-10-13,0.4326082766056061
2003-10-14,0.41314756870269775
2003-10-15,0.4437096118927002
2003-10-16,0.43484577536582947
2003-10-17,0.40205979347229004
2003-10-18,0.3782137334346771
2003-10-19,0.358473539352417
2003-10-20,0.34102538228034973
2003-10-21,0.3301151394844055
2003-10-22,0.3222605586051941
2003-10-23,0.3194867968559265
2003-10-24,0.30559590458869934
2003-10-25,0.3091397285461426
2003-10-26,0.31123262643814087
2003-10-27,0.34243282675743103
2003-10-28,0.4234868884086609
2003-10-29,1.1319912672042847
2003-10-30,1.2854945659637451
2003-10-31,0.9143595695495605
2003-11-01,0.6771110892295837
2003-11-02,0.5638262033462524
2003-11-03,0.49449265003204346
2003-11-04,0.4623432755470276
2003-11-05,0.43241453170776367
2003-11-06,0.42529234290122986
2003-11-07,0.46239545941352844
2003-11-08,0.4926535487174988
2003-11-09,0.4834183156490326
2003-11-10,0.4493824243545532
2003-11-11,0.4339681565761566
2003-11-12,0.40297552943229675
2003-11-13,0.38234859704971313
2003-11-14,0.3631904423236847
2003-11-15,0.35747092962265015
2003-11-16,0.35619744658470154
2003-11-17,0.3468933403491974
2003-11-18,0.3424035906791687
2003-11-19,0.47349438071250916
2003-11-20,0.8758535385131836
2003-11-21,0.778209388256073
2003-11-22,0.6124101877212524
2003-11-23,0.5208649039268494
2003-11-24,0.4642912745475769
2003-11-25,0.44489553570747375
2003-11-26,0.435930073261261
2003-11-27,0.41880953311920166
2003-11-28,0.47093209624290466
2003-11-29,0.581693172454834
2003-11-30,0.5374383926391602
2003-12-01,0.47221192717552185
2003-12-02,0.42850303649902344
2003-12-03,0.4107649624347687
2003-12-04,0.41207391023635864
2003-12-05,0.4862513244152069
2003-12-06,0.5464195013046265
2003-12-07,0.522354006767273
2003-12-08,0.48428404331207275
2003-12-09,0.457967072725296
2003-12-10,0.8232238292694092
2003-12-11,2.027848720550537
2003-12-12,1.7570068836212158
2003-12-13,1.2146252393722534
2003-12-14,1.5819083452224731
2003-12-15,2.8727993965148926
2003-12-16,2.29862642288208
2003-12-17,1.9089219570159912
2003-12-18,1.9884893894195557
2003-12-19,1.558413028717041
2003-12-20,1.2107998132705688
2003-12-21,1.0002477169036865
2003-12-22,0.9233198761940002
2003-12-23,0.8777894973754883
2003-12-24,0.8311185836791992
2003-12-25,0.8115198016166687
2003-12-26,0.7423877120018005
2003-12-27,0.6829910278320312
2003-12-28,0.6438760757446289
2003-12-29,0.6215826272964478
2003-12-30,0.60101717710495
2003-12-31,0.581848680973053
2004-01-01,0.5615663528442383
2004-01-02,0.5477797985076904
2004-01-03,0.5370533466339111
2004-01-04,0.5253154635429382
2004-01-05,0.5679110884666443
2004-01-06,0.6961456537246704
2004-01-07,0.6771896481513977
2004-01-08,0.6019973158836365
2004-01-09,0.5822890996932983
2004-01-10,0.6332098245620728
2004-01-11,0.5959889888763428
2004-01-12,0.5732852816581726
2004-01-13,0.5600131750106812
2004-01-14,0.5387317538261414
2004-01-15,0.5095203518867493
2004-01-16,0.4969485104084015
2004-01-17,0.48037970066070557
2004-01-18,0.5121673941612244
2004-01-19,0.6438698768615723
2004-01-20,0.6281465291976929
2004-01-21,0.5688753724098206
2004-01-22,0.5280567407608032
2004-01-23,0.5029701590538025
2004-01-24,0.481204092502594
2004-01-25,0.5523012280464172
2004-01-26,0.7116246223449707
2004-01-27,0.7528037428855896
2004-01-28,0.7319297790527344
2004-01-29,0.7403241991996765
2004-01-30,0.8099040985107422
2004-01-31,0.8066534996032715
2004-02-01,0.7268481850624084
2004-02-02,0.6644954681396484
2004-02-03,1.0133401155471802
2004-02-04,1.6498932838439941
2004-02-05,1.4347528219223022
2004-02-06,1.3491727113723755
2004-02-07,3.591162919998169
2004-02-08,3.3777990341186523
2004-02-09,2.219674825668335
2004-02-10,1.5990031957626343
2004-02-11,1.2728543281555176
2004-02-12,1.278625726699829
2004-02-13,1.6913505792617798
2004-02-14,1.4760706424713135
2004-02-15,1.4381598234176636
2004-02-16,1.7956440448760986
2004-02-17,1.571570873260498
2004-02-18,1.416782021522522
2004-02-19,1.351793646812439
2004-02-20,1.2621574401855469
2004-02-21,1.1536109447479248
2004-02-22,1.0367205142974854
2004-02-23,0.9305018186569214
2004-02-24,0.8543814420700073
2004-02-25,0.8048272728919983
2004-02-26,0.7889696359634399
2004-02-27,1.3532390594482422
2004-02-28,1.7997020483016968
2004-02-29,1.5044426918029785
2004-03-01,1.2478930950164795
2004-03-02,1.11536705493927
2004-03-03,1.051479697227478
2004-03-04,0.9658676385879517
2004-03-05,0.8885946273803711
2004-03-06,0.8804013729095459
2004-03-07,0.940448522567749
2004-03-08,0.8808719515800476
2004-03-09,0.8053863048553467
2004-03-10,0.7637128233909607
2004-03-11,0.6999197602272034
2004-03-12,0.6744722723960876
2004-03-13,0.6476918458938599
2004-03-14,0.623202383518219
2004-03-15,0.6764614582061768
2004-03-16,1.0869884490966797
2004-03-17,1.6177709102630615
2004-03-18,1.5980181694030762
2004-03-19,1.5798969268798828
2004-03-20,1.2754874229431152
2004-03-21,1.0629407167434692
2004-03-22,0.9283927083015442
2004-03-23,0.8152185082435608
2004-03-24,0.7412940263748169
2004-03-25,0.7005236148834229
2004-03-26,0.6712223887443542
2004-03-27,0.6549675464630127
2004-03-28,0.6335827708244324
2004-03-29,0.6054591536521912
2004-03-30,0.5941545963287354
2004-03-31,0.6924473643302917
2004-04-01,0.9967867136001587
2004-04-02,1.048245906829834
2004-04-03,0.8941610455513
2004-04-04,0.7705801725387573
2004-04-05,0.6738569140434265
2004-04-06,0.6099249124526978
2004-04-07,0.5836009979248047
2004-04-08,0.5578213930130005
2004-04-09,0.5309848189353943
2004-04-10,0.5097228288650513
2004-04-11,0.5072256922721863
2004-04-12,0.9421547651290894
2004-04-13,2.2635626792907715
2004-04-14,2.3335297107696533
2004-04-15,1.778045654296875
2004-04-16,1.2498358488082886
2004-04-17,0.9683213829994202
2004-04-18,0.8114466667175293
2004-04-19,0.7087875008583069
2004-04-20,0.6326214075088501
2004-04-21,0.5822181701660156
2004-04-22,0.5456548929214478
2004-04-23,0.514681339263916
2004-04-24,0.48403146862983704
2004-04-25,0.4620147943496704
2004-04-26,0.46839582920074463
2004-04-27,0.5100255608558655
2004-04-28,0.4715808928012848
2004-04-29,0.4362063705921173
2004-04-30,0.4150492250919342
2004-05-01,0.4450739026069641
2004-05-02,0.8301709294319153
2004-05-03,1.6729754209518433
2004-05-04,2.2029690742492676
2004-05-05,1.512882113456726
2004-05-06,1.0250773429870605
2004-05-07,0.7734397649765015
2004-05-08,0.6131304502487183
2004-05-09,0.5254557728767395
2004-05-10,0.4780291020870209
2004-05-11,0.4411322772502899
2004-05-12,0.403077095746994
2004-05-13,0.3791750371456146
2004-05-14,0.35614824295043945
2004-05-15,0.32968783378601074
2004-05-16,0.30727219581604004
2004-05-17,0.2963711619377136
2004-05-18,0.293163925409317
2004-05-19,0.3015599548816681
2004-05-20,0.31720077991485596
2004-05-21,0.3171001970767975
2004-05-22,0.33239731192588806
2004-05-23,0.32977843284606934
2004-05-24,0.3389466404914856
2004-05-25,0.33546385169029236
2004-05-26,0.2928076684474945
2004-05-27,0.26548388600349426
2004-05-28,0.24760010838508606
2004-05-29,0.22966529428958893
2004-05-30,0.2842339277267456
2004-05-31,0.38944992423057556
2004-06-01,0.35249948501586914
2004-06-02,0.28469333052635193
2004-06-03,0.24180194735527039
2004-06-04,0.3326284885406494
2004-06-05,0.5522840619087219
2004-06-06,0.45801639556884766
2004-06-07,0.3422134816646576
2004-06-08,0.4327278733253479
2004-06-09,0.6682670712471008
2004-06-10,0.5570961236953735
2004-06-11,0.4231194853782654
2004-06-12,0.36975419521331787
2004-06-13,0.3566630184650421
2004-06-14,0.3107002377510071
2004-06-15,0.2777855098247528
2004-06-16,0.2713554799556732
2004-06-17,0.25864458084106445
2004-06-18,0.24494720995426178
2004-06-19,0.27476876974105835
2004-06-20,0.29110246896743774
2004-06-21,0.25074318051338196
2004-06-22,0.22307725250720978
2004-06-23,0.25917166471481323
2004-06-24,0.32349321246147156
2004-06-25,0.33131879568099976
2004-06-26,0.45492249727249146
2004-06-27,0.5675427913665771
2004-06-28,0.5025222897529602
2004-06-29,0.5465030670166016
2004-06-30,0.4615090489387512
2004-07-01,0.3789738714694977
2004-07-02,0.3365979492664337
2004-07-03,0.35866910219192505
2004-07-04,0.3940027356147766
2004-07-05,0.3863424062728882
2004-07-06,0.34562990069389343
2004-07-07,0.2793591618537903
2004-07-08,0.27920782566070557
2004-07-09,0.3290632665157318
2004-07-10,0.30395975708961487
2004-07-11,0.2700900137424469
2004-07-12,0.24646621942520142
2004-07-13,0.22843775153160095
2004-07-14,0.2170407772064209
2004-07-15,0.20634007453918457
2004-07-16,0.18351206183433533
2004-07-17,0.16949023306369781
2004-07-18,0.20141363143920898
2004-07-19,0.25994694232940674
2004-07-20,0.2477899193763733
2004-07-21,0.20860399305820465
2004-07-22,0.18465712666511536
2004-07-23,0.19808226823806763
2004-07-24,0.217560812830925
2004-07-25,0.20504453778266907
2004-07-26,0.20252376794815063
2004-07-27,0.27191901206970215
2004-07-28,0.3985319137573242
2004-07-29,0.6810373067855835
2004-07-30,0.7989361882209778
2004-07-31,0.5481923818588257
2004-08-01,0.3683260381221771
2004-08-02,0.34748518466949463
2004-08-03,0.37561342120170593
2004-08-04,0.3088451325893402
2004-08-05,0.243321031332016
2004-08-06,0.22706179320812225
2004-08-07,0.20272225141525269
2004-08-08,0.17725935578346252
2004-08-09,0.15710118412971497
2004-08-10,0.14154846966266632
2004-08-11,0.1334902048110962
2004-08-12,0.15531371533870697
2004-08-13,0.2185038924217224
2004-08-14,0.5226496458053589
2004-08-15,1.0790109634399414
2004-08-16,0.8495088815689087
2004-08-17,0.5164538025856018
2004-08-18,0.34765955805778503
2004-08-19,0.2737027108669281
2004-08-20,0.22112588584423065
2004-08-21,0.21017879247665405
2004-08-22,0.3301641643047333
2004-08-23,0.3597838878631592
2004-08-24,0.2873815894126892
2004-08-25,0.22464346885681152
2004-08-26,0.18473082780838013
2004-08-27,0.16029798984527588
2004-08-28,0.1446164846420288
2004-08-29,0.1400001496076584
2004-08-30,1.5735470056533813
2004-08-31,4.4752655029296875
2004-09-01,2.8259429931640625
2004-09-02,1.4407087564468384
2004-09-03,0.8104257583618164
2004-09-04,0.5279889106750488
2004-09-05,0.396209180355072
2004-09-06,0.45455461740493774
2004-09-07,1.2976958751678467
2004-09-08,4.596514701843262
2004-09-09,5.075968265533447
2004-09-10,2.6272685527801514
2004-09-11,1.3362970352172852
2004-09-12,0.8488012552261353
2004-09-13,0.6164447069168091
2004-09-14,0.5497019290924072
2004-09-15,0.5485394597053528
2004-09-16,0.4958626925945282
2004-09-17,0.9742436408996582
2004-09-18,2.269949197769165
2004-09-19,2.041349172592163
2004-09-20,1.2729432582855225
2004-09-21,0.8238822817802429
2004-09-22,0.6193486452102661
2004-09-23,0.49500566720962524
2004-09-24,0.4193226099014282
2004-09-25,0.36881864070892334
2004-09-26,0.3316526710987091
2004-09-27,0.3446715474128723
2004-09-28,1.513054370880127
2004-09-29,3.0613839626312256
2004-09-30,2.0207393169403076
2004-10-01,1.460497498512268
2004-10-02,1.5754305124282837
2004-10-03,1.3373467922210693
2004-10-04,0.983690083026886
2004-10-05,0.7522245645523071
2004-10-06,0.6281614899635315
2004-10-07,0.5349803566932678
2004-10-08,0.47276490926742554
2004-10-09,0.4329291582107544
2004-10-10,0.4018736481666565
2004-10-11,0.3747144341468811
2004-10-12,0.3694663941860199
2004-10-13,0.47083914279937744
2004-10-14,0.6746270656585693
2004-10-15,0.6375957727432251
2004-10-16,0.5554733872413635
2004-10-17,0.47140634059906006
2004-10-18,0.42045679688453674
2004-10-19,0.39243072271347046
2004-10-20,0.3812631368637085
2004-10-21,0.37806129455566406
2004-10-22,0.36345282196998596
2004-10-23,0.346139132976532
2004-10-24,0.3400402069091797
2004-10-25,0.34486132860183716
2004-10-26,0.3425430655479431
2004-10-27,0.3319648504257202
2004-10-28,0.32672983407974243
2004-10-29,0.3285965621471405
2004-10-30,0.3213675022125244
2004-10-31,0.30624696612358093
2004-11-01,0.2953747808933258
2004-11-02,0.2853164076805115
2004-11-03,0.2813061773777008
2004-11-04,0.3266274631023407
2004-11-05,0.40636277198791504
2004-11-06,0.38812056183815
2004-11-07,0.3503560423851013
2004-11-08,0.31582701206207275
2004-11-09,0.298306405544281
2004-11-10,0.2912788987159729
2004-11-11,0.28807610273361206
2004-11-12,0.5655502676963806
2004-11-13,1.344951868057251
2004-11-14,1.2221790552139282
2004-11-15,0.8606719970703125
2004-11-16,0.653930127620697
2004-11-17,0.549035906791687
2004-11-18,0.49559134244918823
2004-11-19,0.44637349247932434
2004-11-20,0.4237340986728668
2004-11-21,0.4029638469219208
2004-11-22,0.3890847861766815
2004-11-23,0.5462666749954224
2004-11-24,1.2684319019317627
2004-11-25,1.680073857307434
2004-11-26,1.4020756483078003
2004-11-27,1.013921856880188
2004-11-28,1.2897765636444092
2004-11-29,1.7803782224655151
2004-11-30,1.3929518461227417
2004-12-01,1.0788931846618652
2004-12-02,0.9312015771865845
2004-12-03,0.7845407724380493
2004-12-04,0.6837992668151855
2004-12-05,0.6203374862670898
2004-12-06,0.5772336721420288
2004-12-07,0.578217625617981
2004-12-08,0.6099632978439331
2004-12-09,0.636764645576477
2004-12-10,2.5065367221832275
2004-12-11,3.994837522506714
2004-12-12,2.6195921897888184
2004-12-13,1.6027029752731323
2004-12-14,1.15984046459198
2004-12-15,0.9538623094558716
2004-12-16,0.7955527305603027
2004-12-17,0.7063388228416443
2004-12-18,0.6476460695266724
2004-12-19,0.6085126399993896
2004-12-20,0.605495810508728
2004-12-21,0.5627842545509338
2004-12-22,0.5360267162322998
2004-12-23,0.6156570911407471
2004-12-24,0.8257076740264893
2004-12-25,0.7866417169570923
2004-12-26,0.6858487725257874
2004-12-27,0.6256033182144165
2004-12-28,0.5746701955795288
2004-12-29,0.536949872970581
2004-12-30,0.5169700980186462
2004-12-31,0.49924716353416443
2005-01-01,0.48725754022598267
2005-01-02,0.4756510853767395
2005-01-03,0.4642202854156494
2005-01-04,0.4542403221130371
2005-01-05,0.4430655539035797
2005-01-06,0.4348713159561157
2005-01-07,0.4288891851902008
2005-01-08,0.42371755838394165
2005-01-09,0.4180232882499695
2005-01-10,0.41071075201034546
2005-01-11,0.4022625982761383
2005-01-12,0.39466041326522827
2005-01-13,0.41134676337242126
2005-01-14,2.9979965686798096
2005-01-15,5.761648654937744
2005-01-16,3.6222152709960938
2005-01-17,2.126140832901001
2005-01-18,1.4823687076568604
2005-01-19,1.1157519817352295
2005-01-20,0.9135341048240662
2005-01-21,0.810469925403595
2005-01-22,0.7490988969802856
2005-01-23,0.7077394723892212
2005-01-24,0.6498738527297974
2005-01-25,0.609096109867096
2005-01-26,0.597752034664154
2005-01-27,0.6010755896568298
2005-01-28,0.585793137550354
2005-01-29,0.5484738349914551
2005-01-30,0.6744294166564941
2005-01-31,0.8441658616065979
2005-02-01,0.8111413717269897
2005-02-02,0.7373097538948059
2005-02-03,0.9088168740272522
2005-02-04,1.5683677196502686
2005-02-05,1.4372800588607788
2005-02-06,1.1415424346923828
2005-02-07,0.9367709159851074
2005-02-08,0.8213901519775391
2005-02-09,0.762403130531311
2005-02-10,0.7397556900978088
2005-02-11,0.6941370964050293
2005-02-12,0.6371159553527832
2005-02-13,0.5971717834472656
2005-02-14,0.6628981828689575
2005-02-15,0.8165268301963806
2005-02-16,0.7865248918533325
2005-02-17,0.7117816209793091
2005-02-18,0.6486300826072693
2005-02-19,0.5959048271179199
2005-02-20,0.5700997114181519
2005-02-21,0.5735146403312683
2005-02-22,0.608723521232605
2005-02-23,0.5838122367858887
2005-02-24,0.7666380405426025
2005-02-25,1.2987276315689087
2005-02-26,1.1484295129776
2005-02-27,0.9399795532226562
2005-02-28,1.8515293598175049
2005-03-01,3.575881004333496
2005-03-02,2.808110475540161
2005-03-03,1.9083820581436157
2005-03-04,1.361863613128662
2005-03-05,1.1301292181015015
2005-03-06,0.9835561513900757
2005-03-07,0.8822020888328552
2005-03-08,1.8896887302398682
2005-03-09,2.540607452392578
2005-03-10,1.9902012348175049
2005-03-11,1.5603283643722534
2005-03-12,1.356614112854004
2005-03-13,1.1684521436691284
2005-03-14,1.06769859790802
2005-03-15,1.0414084196090698
2005-03-16,1.2863470315933228
2005-03-17,3.4716644287109375
2005-03-18,4.03255558013916
2005-03-19,2.902313709259033
2005-03-20,2.057384729385376
2005-03-21,1.5760037899017334
2005-03-22,1.302948236465454
2005-03-23,1.5982214212417603
2005-03-24,2.26845121383667
2005-03-25,1.8697164058685303
2005-03-26,1.455501914024353
2005-03-27,1.2561609745025635
2005-03-28,4.3956193923950195
2005-03-29,6.248933792114258
2005-03-30,4.212212085723877
2005-03-31,2.72917103767395
2005-04-01,2.1701455116271973
2005-04-02,1.9246875047683716
2005-04-03,1.7626022100448608
2005-04-04,1.4433693885803223
2005-04-05,1.222455382347107
2005-04-06,1.084774374961853
2005-04-07,1.043066143989563
2005-04-08,1.6301863193511963
2005-04-09,2.167370557785034
2005-04-10,1.7514641284942627
2005-04-11,1.3603568077087402
2005-04-12,1.1296193599700928
2005-04-13,1.1127805709838867
2005-04-14,1.4023408889770508
2005-04-15,1.331700325012207
2005-04-16,1.1006836891174316
2005-04-17,0.9383763670921326
2005-04-18,0.8506985902786255
2005-04-19,0.7860033512115479
2005-04-20,0.7345051765441895
2005-04-21,0.688709557056427
2005-04-22,0.6461220979690552
2005-04-23,0.6377052664756775
2005-04-24,0.6274274587631226
2005-04-25,0.5838093161582947
2005-04-26,0.5602431297302246
2005-04-27,0.5390422344207764
2005-04-28,0.5124519467353821
2005-04-29,0.5136522650718689
2005-04-30,0.5542160868644714
2005-05-01,0.8030040860176086
2005-05-02,0.8556287288665771
2005-05-03,0.7195392847061157
2005-05-04,0.6046468615531921
2005-05-05,0.5444211959838867
2005-05-06,0.570498526096344
2005-05-07,0.6566580533981323
2005-05-08,0.6069121360778809
2005-05-09,0.5346051454544067
2005-05-10,0.4792829155921936
2005-05-11,0.44093579053878784
2005-05-12,0.4231877326965332
2005-05-13,0.42099618911743164
2005-05-14,0.41897860169410706
2005-05-15,0.3938683569431305
2005-05-16,0.3858875632286072
2005-05-17,0.3678951561450958
2005-05-18,0.3462792634963989
2005-05-19,0.3349820375442505
2005-05-20,0.3652082681655884
2005-05-21,0.4669106900691986
2005-05-22,0.43732792139053345
2005-05-23,0.39731523394584656
2005-05-24,0.3812316954135895
2005-05-25,0.3512789011001587
2005-05-26,0.3236657977104187
2005-05-27,0.2958899438381195
2005-05-28,0.2731840908527374
2005-05-29,0.26068657636642456
2005-05-30,0.24576717615127563
2005-05-31,0.23736761510372162
2005-06-01,0.24236556887626648
2005-06-02,0.3428797721862793
2005-06-03,0.5098450183868408
2005-06-04,0.5188795924186707
2005-06-05,0.44918763637542725
2005-06-06,0.3727838397026062
2005-06-07,0.513533890247345
2005-06-08,0.9592061042785645
2005-06-09,0.9549965858459473
2005-06-10,0.6960136890411377
2005-06-11,0.5131539106369019
2005-06-12,0.39024221897125244
2005-06-13,0.3276985287666321
2005-06-14,0.2949063181877136
2005-06-15,0.25698697566986084
2005-06-16,0.22387854754924774
2005-06-17,0.20372773706912994
2005-06-18,0.18893258273601532
2005-06-19,0.1822144091129303
2005-06-20,0.17663691937923431
2005-06-21,0.17155395448207855
2005-06-22,0.1644802689552307
2005-06-23,0.1588226556777954
2005-06-24,0.15108174085617065
2005-06-25,0.14224323630332947
2005-06-26,0.13736756145954132
2005-06-27,0.14321166276931763
2005-06-28,0.17137134075164795
2005-06-29,0.22317412495613098
2005-06-30,0.2376193106174469
2005-07-01,0.20982909202575684
2005-07-02,0.1907341033220291
2005-07-03,0.1881171017885208
2005-07-04,0.19431143999099731
2005-07-05,0.2050093710422516
2005-07-06,0.19086571037769318
2005-07-07,0.2092965543270111
2005-07-08,0.3130030035972595
2005-07-09,0.3188115060329437
2005-07-10,0.244526207447052
2005-07-11,0.19020384550094604
2005-07-12,0.16451644897460938
2005-07-13,0.18055331707000732
2005-07-14,0.20817068219184875
2005-07-15,0.18968233466148376
2005-07-16,0.16637934744358063
2005-07-17,0.1483496129512787
2005-07-18,0.1365218162536621
2005-07-19,0.12794533371925354
2005-07-20,0.13338834047317505
2005-07-21,0.15318766236305237
2005-07-22,0.16998034715652466
2005-07-23,0.19193610548973083
2005-07-24,0.17640362679958344
2005-07-25,0.1450349986553192
2005-07-26,0.12198008596897125
2005-07-27,0.10849882662296295
2005-07-28,0.10532866418361664
2005-07-29,0.20513519644737244
2005-07-30,0.36703982949256897
2005-07-31,0.3877403438091278
2005-08-01,0.3552103042602539
2005-08-02,0.26926642656326294
2005-08-03,0.20085451006889343
2005-08-04,0.16246198117733002
2005-08-05,0.13544002175331116
2005-08-06,0.11996547877788544
2005-08-07,0.11528666317462921
2005-08-08,0.12329099327325821
2005-08-09,0.2046685814857483
2005-08-10,0.31280702352523804
2005-08-11,0.27750152349472046
2005-08-12,0.20435231924057007
2005-08-13,0.1654830127954483
2005-08-14,0.2209111750125885
2005-08-15,0.3068523406982422
2005-08-16,0.2653806507587433
2005-08-17,0.2883325517177582
2005-08-18,0.3701380491256714
2005-08-19,0.325877845287323
2005-08-20,0.28579282760620117
2005-08-21,0.27970412373542786
2005-08-22,0.22616328299045563
2005-08-23,0.20173993706703186
2005-08-24,0.19517812132835388
2005-08-25,0.16681304574012756
2005-08-26,0.1402340829372406
2005-08-27,0.12061909586191177
2005-08-28,0.11093107610940933
2005-08-29,0.10172364115715027
2005-08-30,0.09772642701864243
2005-08-31,0.09245312213897705
2005-09-01,0.08392029255628586
2005-09-02,0.07937774062156677
2005-09-03,0.07469864934682846
2005-09-04,0.07044659554958344
2005-09-05,0.067496657371521
2005-09-06,0.06429555267095566
2005-09-07,0.0613887757062912
2005-09-08,0.059452056884765625
2005-09-09,0.05853576585650444
2005-09-10,0.057005807757377625
2005-09-11,0.05488072335720062
2005-09-12,0.05272744596004486
2005-09-13,0.05355020612478256
2005-09-14,0.05468910560011864
2005-09-15,0.053798213601112366
2005-09-16,0.05278623849153519
2005-09-17,0.054277203977108
2005-09-18,0.05366824194788933
2005-09-19,0.05218973755836487
2005-09-20,0.054917268455028534
2005-09-21,0.06495169550180435
2005-09-22,0.069793201982975
2005-09-23,0.06630927324295044
2005-09-24,0.06002982705831528
2005-09-25,0.05802382528781891
2005-09-26,0.05824574455618858
2005-09-27,0.05819910764694214
2005-09-28,0.05542027950286865
2005-09-29,0.05212864652276039
2005-09-30,0.05166769400238991
2005-10-01,0.052287228405475616
2005-10-02,0.051432475447654724
2005-10-03,0.049034565687179565
2005-10-04,0.04773946851491928
2005-10-05,0.04750807210803032
2005-10-06,0.050190918147563934
2005-10-07,0.09253662079572678
2005-10-08,0.19698448479175568
2005-10-09,0.23382413387298584
2005-10-10,0.19023752212524414
2005-10-11,0.173507958650589
2005-10-12,0.15331727266311646
2005-10-13,0.12876340746879578
2005-10-14,0.10671096295118332
2005-10-15,0.09212788194417953
2005-10-16,0.08116956800222397
2005-10-17,0.07430671900510788
2005-10-18,0.0732051208615303
2005-10-19,0.06956850737333298
2005-10-20,0.06563275307416916
2005-10-21,0.06251578032970428
2005-10-22,0.06647695600986481
2005-10-23,0.07049969583749771
2005-10-24,0.0698300302028656
2005-10-25,0.06777754426002502
2005-10-26,0.06421376764774323
2005-10-27,0.06423941999673843
2005-10-28,0.06263799965381622
2005-10-29,0.06207575276494026
2005-10-30,0.06467021256685257
2005-10-31,0.06468495726585388
2005-11-01,0.06835474818944931
2005-11-02,0.06602688133716583
2005-11-03,0.06860867142677307
2005-11-04,0.06792290508747101
2005-11-05,0.06690339744091034
2005-11-06,0.06646847724914551
2005-11-07,0.06466646492481232
2005-11-08,0.06885939836502075
2005-11-09,0.06945694237947464
2005-11-10,0.0696408823132515
2005-11-11,0.07142055034637451
2005-11-12,0.07563531398773193
2005-11-13,0.07497713714838028
2005-11-14,0.07351060211658478
2005-11-15,0.07239378988742828
2005-11-16,0.07406831532716751
2005-11-17,0.07943859696388245
2005-11-18,0.08471579849720001
2005-11-19,0.08493531495332718
2005-11-20,0.08464261889457703
2005-11-21,0.17751812934875488
2005-11-22,0.7914035320281982
2005-11-23,0.6633689403533936
2005-11-24,0.3981185555458069
2005-11-25,0.26383310556411743
2005-11-26,0.2055923342704773
2005-11-27,0.1906217336654663
2005-11-28,0.2697628140449524
2005-11-29,0.6006906628608704
2005-11-30,1.1574915647506714
2005-12-01,0.7712789177894592
2005-12-02,0.4596479833126068
2005-12-03,0.32814356684684753
2005-12-04,0.2753208577632904
2005-12-05,1.3470869064331055
2005-12-06,3.5852890014648438
2005-12-07,2.3501803874969482
2005-12-08,1.2693454027175903
2005-12-09,1.0915056467056274
2005-12-10,1.0830705165863037
2005-12-11,0.8414306640625
2005-12-12,0.6477472186088562
2005-12-13,0.5251660346984863
2005-12-14,0.44688308238983154
2005-12-15,0.9465823769569397
2005-12-16,3.722458600997925
2005-12-17,3.0404982566833496
2005-12-18,1.8626296520233154
2005-12-19,1.2692723274230957
2005-12-20,0.9207406640052795
2005-12-21,0.712834894657135
2005-12-22,0.583698034286499
2005-12-23,0.5116228461265564
2005-12-24,0.46577557921409607
2005-12-25,0.45859819650650024
2005-12-26,0.5123290419578552
2005-12-27,0.4875505566596985
2005-12-28,0.4519984722137451
2005-12-29,0.4930395483970642
2005-12-30,0.5576384663581848
2005-12-31,0.5273985862731934
2006-01-01,0.48209697008132935
2006-01-02,0.4950466752052307
2006-01-03,0.7189289331436157
2006-01-04,0.7071996927261353
2006-01-05,0.6000900864601135
2006-01-06,0.6248415112495422
2006-01-07,0.6738064289093018
2006-01-08,0.5999245643615723
2006-01-09,0.5285741090774536
2006-01-10,0.48281678557395935
2006-01-11,0.46811550855636597
2006-01-12,0.48910951614379883
2006-01-13,0.4693009555339813
2006-01-14,0.5028849840164185
2006-01-15,0.5473525524139404
2006-01-16,0.5022099018096924
2006-01-17,0.4670214354991913
2006-01-18,0.6810318231582642
2006-01-19,0.8614471554756165
2006-01-20,0.7489863038063049
2006-01-21,0.6591470241546631
2006-01-22,0.6953179240226746
2006-01-23,0.6895749568939209
2006-01-24,0.7494686841964722
2006-01-25,0.6930438280105591
2006-01-26,0.6026957631111145
2006-01-27,0.5271234512329102
2006-01-28,0.4813942611217499
2006-01-29,0.44949737191200256
2006-01-30,0.44656458497047424
2006-01-31,0.46054184436798096
2006-02-01,0.45824435353279114
2006-02-02,0.4360957145690918
2006-02-03,0.4546603560447693
2006-02-04,0.5146766304969788
2006-02-05,0.5490151047706604
2006-02-06,0.5071505308151245
2006-02-07,0.4641650319099426
2006-02-08,0.4351710081100464
2006-02-09,0.4093088209629059
2006-02-10,0.3883250653743744
2006-02-11,0.41102731227874756
2006-02-12,0.5710399150848389
2006-02-13,0.5719820261001587
2006-02-14,0.5130493640899658
2006-02-15,0.47234007716178894
2006-02-16,0.4423348903656006
2006-02-17,0.41605761647224426
2006-02-18,0.40367206931114197
2006-02-19,0.41580620408058167
2006-02-20,0.3958994746208191
2006-02-21,0.38074833154678345
2006-02-22,0.37504899501800537
2006-02-23,0.5768176913261414
2006-02-24,0.8575708270072937
2006-02-25,0.7719310522079468
2006-02-26,0.6386275291442871
2006-02-27,0.5486069321632385
2006-02-28,0.48653846979141235
2006-03-01,0.4474520981311798
2006-03-02,0.42214298248291016
2006-03-03,0.40017664432525635
2006-03-04,0.3801794946193695
2006-03-05,0.3621652126312256
2006-03-06,0.3601877987384796
2006-03-07,0.3710467219352722
2006-03-08,0.3614330291748047
2006-03-09,0.3534090518951416
2006-03-10,0.34935760498046875
2006-03-11,0.3620357811450958
2006-03-12,0.3813916742801666
2006-03-13,0.3658444583415985
2006-03-14,0.34667474031448364
2006-03-15,0.328778475522995
2006-03-16,0.3097016215324402
2006-03-17,0.29893791675567627
2006-03-18,0.289053350687027
2006-03-19,0.28116682171821594
2006-03-20,0.2847452163696289
2006-03-21,0.3873027563095093
2006-03-22,0.6061402559280396
2006-03-23,0.5722568035125732
2006-03-24,0.47873201966285706
2006-03-25,0.432226300239563
2006-03-26,0.4079299867153168
2006-03-27,0.37619930505752563
2006-03-28,0.3576379418373108
2006-03-29,0.3419983983039856
2006-03-30,0.32978197932243347
2006-03-31,0.3199470341205597
2006-04-01,0.3146820664405823
2006-04-02,0.29933470487594604
2006-04-03,0.3065531849861145
2006-04-04,0.3296739459037781
2006-04-05,0.31001466512680054
2006-04-06,0.2849418520927429
2006-04-07,0.27077916264533997
2006-04-08,0.27612990140914917
2006-04-09,0.3095448613166809
2006-04-10,0.28768548369407654
2006-04-11,0.2688092887401581
2006-04-12,0.2567584812641144
2006-04-13,0.24550434947013855
2006-04-14,0.2356109619140625
2006-04-15,0.22875411808490753
2006-04-16,0.21614058315753937
2006-04-17,0.22277697920799255
2006-04-18,0.2362356185913086
2006-04-19,0.22592143714427948
2006-04-20,0.21236395835876465
2006-04-21,0.20216673612594604
2006-04-22,0.45509541034698486
2006-04-23,0.885743260383606
2006-04-24,0.689160943031311
2006-04-25,0.4785277247428894
2006-04-26,0.5173130631446838
2006-04-27,1.4299821853637695
2006-04-28,1.8639541864395142
2006-04-29,1.2451198101043701
2006-04-30,0.7697024941444397
2006-05-01,0.5718603730201721
2006-05-02,0.45917198061943054
2006-05-03,0.38018766045570374
2006-05-04,0.33142179250717163
2006-05-05,0.29049837589263916
2006-05-06,0.28083404898643494
2006-05-07,0.32166850566864014
2006-05-08,0.5891310572624207
2006-05-09,0.7360020279884338
2006-05-10,0.5970087051391602
2006-05-11,0.4493173658847809
2006-05-12,0.36905422806739807
2006-05-13,0.3162916302680969
2006-05-14,0.3178046643733978
2006-05-15,0.33435148000717163
2006-05-16,0.3182283043861389
2006-05-17,0.2783583402633667
2006-05-18,0.27781644463539124
2006-05-19,0.29869747161865234
2006-05-20,0.2866724133491516
2006-05-21,0.2767627537250519
2006-05-22,0.2567133903503418
2006-05-23,0.22975221276283264
2006-05-24,0.2030155062675476
2006-05-25,0.18655820190906525
2006-05-26,0.17721468210220337
2006-05-27,0.16503892838954926
2006-05-28,0.15021304786205292
2006-05-29,0.1392420083284378
2006-05-30,0.13300085067749023
2006-05-31,0.1333472579717636
2006-06-01,0.1370008885860443
2006-06-02,0.15133097767829895
2006-06-03,0.2030290961265564
2006-06-04,0.231622576713562
2006-06-05,0.2130148708820343
2006-06-06,0.1877949833869934
2006-06-07,0.16268053650856018
2006-06-08,0.14903205633163452
2006-06-09,0.14608855545520782
2006-06-10,0.13119229674339294
2006-06-11,0.14135301113128662
2006-06-12,0.2501280903816223
2006-06-13,0.3117242455482483
2006-06-14,1.0037460327148438
2006-06-15,2.0991013050079346
2006-06-16,1.2340896129608154
2006-06-17,0.6495981812477112
2006-06-18,0.4051561653614044
2006-06-19,0.2872560918331146
2006-06-20,0.22240301966667175
2006-06-21,0.18386025726795197
2006-06-22,0.16238108277320862
2006-06-23,0.2247980833053589
2006-06-24,0.48201966285705566
2006-06-25,0.6925933957099915
2006-06-26,0.8714752197265625
2006-06-27,1.1645567417144775
2006-06-28,1.3651522397994995
2006-06-29,1.0059309005737305
2006-06-30,0.6280880570411682
2006-07-01,0.4090990424156189
2006-07-02,0.2981705367565155
2006-07-03,0.23903414607048035
2006-07-04,0.21038982272148132
2006-07-05,0.1989079862833023
2006-07-06,0.5672212839126587
2006-07-07,1.2605018615722656
2006-07-08,0.9047296047210693
2006-07-09,0.5284807085990906
2006-07-10,0.35965174436569214
2006-07-11,0.2681710124015808
2006-07-12,0.2208004593849182
2006-07-13,0.19980274140834808
2006-07-14,0.20871968567371368
2006-07-15,0.22360318899154663
2006-07-16,0.2033892571926117
2006-07-17,0.17203651368618011
2006-07-18,0.14576900005340576
2006-07-19,0.1319674253463745
2006-07-20,0.12856513261795044
2006-07-21,0.12835805118083954
2006-07-22,0.1309870481491089
2006-07-23,0.2667851746082306
2006-07-24,0.40570998191833496
2006-07-25,0.36987411975860596
2006-07-26,0.3587268888950348
2006-07-27,0.3252306580543518
2006-07-28,0.28069576621055603
2006-07-29,0.2224285751581192
2006-07-30,0.18134865164756775
2006-07-31,0.15168537199497223
2006-08-01,0.12881949543952942
2006-08-02,0.11372362822294235
2006-08-03,0.11398496478796005
2006-08-04,0.11852330714464188
2006-08-05,0.10833124816417694
2006-08-06,0.09719531238079071
2006-08-07,0.09449616074562073
2006-08-08,0.09704792499542236
2006-08-09,0.09325417876243591
2006-08-10,0.08790388703346252
2006-08-11,0.08397824317216873
2006-08-12,0.09070152789354324
2006-08-13,0.094056636095047
2006-08-14,0.08661235868930817
2006-08-15,0.08734382688999176
2006-08-16,0.12474781274795532
2006-08-17,0.15618324279785156
2006-08-18,0.1358041912317276
2006-08-19,0.10919462889432907
2006-08-20,0.09295259416103363
2006-08-21,0.08392199873924255
2006-08-22,0.0895112007856369
2006-08-23,0.10390948504209518
2006-08-24,0.0998910441994667
2006-08-25,0.08720199018716812
2006-08-26,0.07631741464138031
2006-08-27,0.06773974746465683
2006-08-28,0.061411503702402115
2006-08-29,0.0569378025829792
2006-08-30,0.09248610585927963
2006-08-31,0.2621796429157257
2006-09-01,0.5180192589759827
2006-09-02,0.5448523759841919
2006-09-03,0.3548707962036133
2006-09-04,0.260261207818985
2006-09-05,0.3084198534488678
2006-09-06,0.41231608390808105
2006-09-07,0.3437808156013489
2006-09-08,0.27184563875198364
2006-09-09,0.22323723137378693
2006-09-10,0.18045637011528015
2006-09-11,0.14781707525253296
2006-09-12,0.12834906578063965
2006-09-13,0.15741807222366333
2006-09-14,0.34126660227775574
2006-09-15,0.4415501654148102
2006-09-16,0.33763325214385986
2006-09-17,0.23973987996578217
2006-09-18,0.18329912424087524
2006-09-19,0.18317940831184387
2006-09-20,0.20145027339458466
2006-09-21,0.17707791924476624
2006-09-22,0.1524440348148346
2006-09-23,0.13340076804161072
2006-09-24,0.12332288175821304
2006-09-25,0.12779086828231812
2006-09-26,0.12481465935707092
2006-09-27,0.11583568900823593
2006-09-28,0.11063919961452484
2006-09-29,0.11923939734697342
2006-09-30,0.1176472008228302
2006-10-01,0.1105366200208664
2006-10-02,0.10300187766551971
2006-10-03,0.09720639884471893
2006-10-04,0.09190019220113754
2006-10-05,0.08782294392585754
2006-10-06,0.09993383288383484
2006-10-07,0.12826764583587646
2006-10-08,0.17205671966075897
2006-10-09,0.22163879871368408
2006-10-10,0.203474223613739
2006-10-11,0.17043381929397583
2006-10-12,0.15238963067531586
2006-10-13,0.13958805799484253
2006-10-14,0.1272735297679901
2006-10-15,0.11892909556627274
2006-10-16,0.11205742508172989
2006-10-17,0.21821780502796173
2006-10-18,0.6209209561347961
2006-10-19,0.6056105494499207
2006-10-20,0.4311148226261139
2006-10-21,0.3099029064178467
2006-10-22,0.25794634222984314
2006-10-23,0.24404259026050568
2006-10-24,0.21741804480552673
2006-10-25,0.19123342633247375
2006-10-26,0.1762874871492386
2006-10-27,0.19495889544487
2006-10-28,0.48075106739997864
2006-10-29,0.6212519407272339
2006-10-30,0.495380163192749
2006-10-31,0.3627793788909912
2006-11-01,0.2903338074684143
2006-11-02,0.24446594715118408
2006-11-03,0.21900583803653717
2006-11-04,0.20477162301540375
2006-11-05,0.1949772983789444
2006-11-06,0.18619482219219208
2006-11-07,0.42005252838134766
2006-11-08,1.3097052574157715
2006-11-09,1.5093708038330078
2006-11-10,1.0272843837738037
2006-11-11,0.6932454109191895
2006-11-12,0.7978081107139587
2006-11-13,1.138868808746338
2006-11-14,0.9076061248779297
2006-11-15,0.6593600511550903
2006-11-16,1.6673669815063477
2006-11-17,3.1827073097229004
2006-11-18,2.1615233421325684
2006-11-19,1.2569533586502075
2006-11-20,0.860548734664917
2006-11-21,0.9201279878616333
2006-11-22,8.55062198638916
2006-11-23,13.898311614990234
2006-11-24,7.676609516143799
2006-11-25,3.5151267051696777
2006-11-26,1.9943808317184448
2006-11-27,1.3790194988250732
2006-11-28,1.0854754447937012
2006-11-29,0.9207059144973755
2006-11-30,0.8149296045303345
2006-12-01,0.8776255249977112
2006-12-02,1.0287599563598633
2006-12-03,0.896194577217102
2006-12-04,0.7766863107681274
2006-12-05,0.6843407154083252
2006-12-06,0.6208528280258179
2006-12-07,0.5683674812316895
2006-12-08,0.5403343439102173
2006-12-09,0.5001583099365234
2006-12-10,0.4749843180179596
2006-12-11,0.45540133118629456
2006-12-12,0.4383775591850281
2006-12-13,0.4263603687286377
2006-12-14,0.4314998984336853
2006-12-15,0.42317017912864685
2006-12-16,0.41293781995773315
2006-12-17,0.4041416049003601
2006-12-18,0.3952620327472687
2006-12-19,0.38312456011772156
2006-12-20,0.3709643483161926
2006-12-21,0.36101123690605164
2006-12-22,0.7111865878105164
2006-12-23,1.7018587589263916
2006-12-24,1.562082052230835
2006-12-25,2.8750290870666504
2006-12-26,5.70893669128418
2006-12-27,3.8937196731567383
2006-12-28,2.187512159347534
2006-12-29,1.4356635808944702
2006-12-30,1.1005083322525024
2006-12-31,0.91997230052948
2007-01-01,1.100158452987671
2007-01-02,1.6876517534255981
2007-01-03,1.4161368608474731
2007-01-04,1.1150516271591187
2007-01-05,0.9564098715782166
2007-01-06,1.4249498844146729
2007-01-07,2.701979398727417
2007-01-08,4.725510120391846
2007-01-09,4.231934547424316
2007-01-10,2.6895077228546143
2007-01-11,1.7477580308914185
2007-01-12,1.3082640171051025
2007-01-13,1.0868130922317505
2007-01-14,0.9525420665740967
2007-01-15,0.8572980165481567
2007-01-16,0.7877298593521118
2007-01-17,0.7454936504364014
2007-01-18,0.716323733329773
2007-01-19,0.7767274379730225
2007-01-20,0.7544093728065491
2007-01-21,0.7434645891189575
2007-01-22,1.1280217170715332
2007-01-23,1.5850322246551514
2007-01-24,1.3865749835968018
2007-01-25,1.1204785108566284
2007-01-26,0.9479343891143799
2007-01-27,0.8179434537887573
2007-01-28,0.7425338625907898
2007-01-29,0.7093582153320312
2007-01-30,0.6542302370071411
2007-01-31,0.6175007224082947
2007-02-01,0.6097472906112671
2007-02-02,0.7342830300331116
2007-02-03,0.847973644733429
2007-02-04,0.7950601577758789
2007-02-05,0.7407256364822388
2007-02-06,0.6846716403961182
2007-02-07,0.6276742219924927
2007-02-08,0.5962374806404114
2007-02-09,0.5770852565765381
2007-02-10,0.5501850247383118
2007-02-11,0.5332270860671997
2007-02-12,0.511316180229187
2007-02-13,0.5539266467094421
2007-02-14,2.6612677574157715
2007-02-15,3.294753074645996
2007-02-16,2.374483585357666
2007-02-17,1.6191067695617676
2007-02-18,1.259093165397644
2007-02-19,1.038341999053955
2007-02-20,0.9089620113372803
2007-02-21,0.8450430631637573
2007-02-22,0.7908040285110474
2007-02-23,0.730364203453064
2007-02-24,0.6775369644165039
2007-02-25,0.9418109655380249
2007-02-26,1.5731624364852905
2007-02-27,1.3986260890960693
2007-02-28,1.1284558773040771
2007-03-01,0.9756332635879517
2007-03-02,5.31822395324707
2007-03-03,6.497557640075684
2007-03-04,3.956186532974243
2007-03-05,2.354357957839966
2007-03-06,1.663037657737732
2007-03-07,1.2986167669296265
2007-03-08,1.0947107076644897
2007-03-09,0.9649910926818848
2007-03-10,0.8624192476272583
2007-03-11,0.8078752160072327
2007-03-12,0.763179361820221
2007-03-13,0.7155184149742126
2007-03-14,0.6852536201477051
2007-03-15,0.6537750363349915
2007-03-16,1.548340082168579
2007-03-17,3.3682265281677246
2007-03-18,2.5582425594329834
2007-03-19,1.6664456129074097
2007-03-20,1.2452129125595093
2007-03-21,1.041420578956604
2007-03-22,0.9067217707633972
2007-03-23,0.8178369998931885
2007-03-24,0.7497588992118835
2007-03-25,0.6928150057792664
2007-03-26,0.6476877927780151
2007-03-27,0.6148039102554321
2007-03-28,0.5839427709579468
2007-03-29,0.6058223247528076
2007-03-30,0.7168701887130737
2007-03-31,0.6750749945640564
2007-04-01,0.6363224387168884
2007-04-02,0.6153659820556641
2007-04-03,0.5793886184692383
2007-04-04,0.5383403301239014
2007-04-05,0.49952033162117004
2007-04-06,0.4651537537574768
2007-04-07,0.4557008743286133
2007-04-08,0.4344048798084259
2007-04-09,0.41339173913002014
2007-04-10,0.39616382122039795
2007-04-11,0.43998420238494873
2007-04-12,1.1325650215148926
2007-04-13,1.2190377712249756
2007-04-14,0.9559060335159302
2007-04-15,4.148481369018555
2007-04-16,11.474650382995605
2007-04-17,6.856713771820068
2007-04-18,3.487618923187256
2007-04-19,2.099325180053711
2007-04-20,1.4728833436965942
2007-04-21,1.1486469507217407
2007-04-22,0.9637081027030945
2007-04-23,0.8359733819961548
2007-04-24,0.7419506907463074
2007-04-25,0.6704277992248535
2007-04-26,0.6122393012046814
2007-04-27,0.5810398459434509
2007-04-28,0.5462965965270996
2007-04-29,0.5054863691329956
2007-04-30,0.47468164563179016
2007-05-01,0.45273101329803467
2007-05-02,0.42219167947769165
2007-05-03,0.39443865418434143
2007-05-04,0.38553187251091003
2007-05-05,0.38507649302482605
2007-05-06,0.4091687798500061
2007-05-07,0.39149075746536255
2007-05-08,0.3670312464237213
2007-05-09,0.36801546812057495
2007-05-10,0.4103490710258484
2007-05-11,0.39617329835891724
2007-05-12,0.38282716274261475
2007-05-13,0.38823002576828003
2007-05-14,0.3565206527709961
2007-05-15,0.32728368043899536
2007-05-16,0.30301427841186523
2007-05-17,0.2831598222255707
2007-05-18,0.27514106035232544
2007-05-19,0.2635425329208374
2007-05-20,0.25202327966690063
2007-05-21,0.24084772169589996
2007-05-22,0.22754690051078796
2007-05-23,0.21630005538463593
2007-05-24,0.20849139988422394
2007-05-25,0.19890037178993225
2007-05-26,0.19014661014080048
2007-05-27,0.18315795063972473
2007-05-28,0.17517556250095367
2007-05-29,0.16629911959171295
2007-05-30,0.16005145013332367
2007-05-31,0.1539258360862732
2007-06-01,0.1517246812582016
2007-06-02,0.14876335859298706
2007-06-03,0.20680324733257294
2007-06-04,0.340533971786499
2007-06-05,0.3178328573703766
2007-06-06,0.28641101717948914
2007-06-07,0.2639785408973694
2007-06-08,0.22211970388889313
2007-06-09,0.1968240588903427
2007-06-10,0.17939358949661255
2007-06-11,0.1761903315782547
2007-06-12,0.19689613580703735
2007-06-13,0.20927804708480835
2007-06-14,0.20315483212471008
2007-06-15,0.18208225071430206
2007-06-16,0.16500571370124817
2007-06-17,0.15832208096981049
2007-06-18,0.14547201991081238
2007-06-19,0.13134171068668365
2007-06-20,0.12722286581993103
2007-06-21,0.1295451670885086
2007-06-22,0.12176713347434998
2007-06-23,0.1177080050110817
2007-06-24,0.11357484757900238
2007-06-25,0.12077201902866364
2007-06-26,0.1359824538230896
2007-06-27,0.15045757591724396
2007-06-28,0.1683247834444046
2007-06-29,0.16488786041736603
2007-06-30,0.1630789339542389
2007-07-01,0.16299006342887878
2007-07-02,0.1363615095615387
2007-07-03,0.11567161977291107
2007-07-04,0.10408226400613785
2007-07-05,0.0941004604101181
2007-07-06,0.08563210070133209
2007-07-07,0.08110851794481277
2007-07-08,0.08509880304336548
2007-07-09,0.0904141366481781
2007-07-10,0.14885255694389343
2007-07-11,0.31214457750320435
2007-07-12,0.3484078049659729
2007-07-13,0.2438778579235077
2007-07-14,0.17646603286266327
2007-07-15,0.14314012229442596
2007-07-16,0.12412524968385696
2007-07-17,0.1209687665104866
2007-07-18,0.15347321331501007
2007-07-19,0.15891744196414948
2007-07-20,0.13434644043445587
2007-07-21,0.11231736838817596
2007-07-22,0.09658582508563995
2007-07-23,0.08981308341026306
2007-07-24,0.08732941001653671
2007-07-25,0.0890677198767662
2007-07-26,0.09084565937519073
2007-07-27,0.09068836271762848
2007-07-28,0.09445555508136749
2007-07-29,0.09406997263431549
2007-07-30,0.09972592443227768
2007-07-31,0.10237745940685272
2007-08-01,0.09090828895568848
2007-08-02,0.07787902653217316
2007-08-03,0.06885385513305664
2007-08-04,0.06281711161136627
2007-08-05,0.05860719829797745
2007-08-06,0.05568481236696243
2007-08-07,0.05176946520805359
2007-08-08,0.047858577221632004
2007-08-09,0.04452158883213997
2007-08-10,0.04403712600469589
2007-08-11,0.04281990975141525
2007-08-12,0.04077291488647461
2007-08-13,0.03816676884889603
2007-08-14,0.036017581820487976
2007-08-15,0.03456848859786987
2007-08-16,0.03253793343901634
2007-08-17,0.03275447338819504
2007-08-18,0.032160624861717224
2007-08-19,0.030258027836680412
2007-08-20,0.02854069322347641
2007-08-21,0.028795823454856873
2007-08-22,0.033535346388816833
2007-08-23,0.039487842470407486
2007-08-24,0.04112156853079796
2007-08-25,0.038259491324424744
2007-08-26,0.03670088201761246
2007-08-27,0.035445526242256165
2007-08-28,0.033776819705963135
2007-08-29,0.03319859132170677
2007-08-30,0.035696882754564285
2007-08-31,0.04392749443650246
2007-09-01,0.04656897485256195
2007-09-02,0.044304259121418
2007-09-03,0.03928067907691002
2007-09-04,0.03575541824102402
2007-09-05,0.033252984285354614
2007-09-06,0.031443484127521515
2007-09-07,0.02923569455742836
2007-09-08,0.027740847319364548
2007-09-09,0.026596594601869583
2007-09-10,0.02552729845046997
2007-09-11,0.02500925585627556
2007-09-12,0.023613164201378822
2007-09-13,0.023996923118829727
2007-09-14,0.03411862254142761
2007-09-15,0.054778821766376495
2007-09-16,0.05736308917403221
2007-09-17,0.04748357832431793
2007-09-18,0.040437713265419006
2007-09-19,0.039555855095386505
2007-09-20,0.03705653175711632
2007-09-21,0.03755223751068115
2007-09-22,0.03703255206346512
2007-09-23,0.035225123167037964
2007-09-24,0.03142283856868744
2007-09-25,0.02960505709052086
2007-09-26,0.0279614869505167
2007-09-27,0.026598898693919182
2007-09-28,0.024971555918455124
2007-09-29,0.023548394441604614
2007-09-30,0.022810475900769234
2007-10-01,0.02216876484453678
2007-10-02,0.022374805063009262
2007-10-03,0.022791657596826553
2007-10-04,0.023163817822933197
2007-10-05,0.02339121885597706
2007-10-06,0.023517359048128128
2007-10-07,0.023304296657443047
2007-10-08,0.023094436153769493
2007-10-09,0.0225589070469141
2007-10-10,0.021980978548526764
2007-10-11,0.021338796243071556
2007-10-12,0.020342238247394562
2007-10-13,0.019964084029197693
2007-10-14,0.019763106480240822
2007-10-15,0.020259300246834755
2007-10-16,0.02083253674209118
2007-10-17,0.02151985839009285
2007-10-18,0.02251594327390194
2007-10-19,0.02294992469251156
2007-10-20,0.02416422590613365
2007-10-21,0.024914201349020004
2007-10-22,0.02431252785027027
2007-10-23,0.02460291236639023
2007-10-24,0.04210760444402695
2007-10-25,0.09708652645349503
2007-10-26,0.8169620037078857
2007-10-27,1.179595947265625
2007-10-28,0.6269441843032837
2007-10-29,0.29706650972366333
2007-10-30,0.17938517034053802
2007-10-31,0.1365777552127838
2007-11-01,0.11371246725320816
2007-11-02,0.0962722897529602
2007-11-03,0.08562082052230835
2007-11-04,0.07905308157205582
2007-11-05,0.07446883618831635
2007-11-06,0.0695466622710228
2007-11-07,0.06646160781383514
2007-11-08,0.06657330691814423
2007-11-09,0.06612080335617065
2007-11-10,0.06434527784585953
2007-11-11,0.06563571095466614
2007-11-12,0.06561700999736786
2007-11-13,0.06451737880706787
2007-11-14,0.06600893288850784
2007-11-15,0.06984380632638931
2007-11-16,0.07414889335632324
2007-11-17,0.07772712409496307
2007-11-18,0.07693140208721161
2007-11-19,0.07540643215179443
2007-11-20,0.0768509954214096
2007-11-21,0.07523667812347412
2007-11-22,0.0740353986620903
2007-11-23,0.0725628212094307
2007-11-24,0.07239273190498352
2007-11-25,0.07068923860788345
2007-11-26,0.07646623998880386
2007-11-27,0.07903269678354263
2007-11-28,0.078841932117939
2007-11-29,0.07979118824005127
2007-11-30,0.07580096274614334
2007-12-01,0.07686777412891388
2007-12-02,0.07633258402347565
2007-12-03,0.07634060829877853
2007-12-04,0.07260234653949738
2007-12-05,0.07534921914339066
2007-12-06,0.07468822598457336
2007-12-07,0.07655387371778488
2007-12-08,0.07965303957462311
2007-12-09,0.07991430163383484
2007-12-10,0.08088314533233643
2007-12-11,0.0814841091632843
2007-12-12,0.07974624633789062
2007-12-13,0.0788830816745758
2007-12-14,0.07826095819473267
2007-12-15,0.079209104180336
2007-12-16,0.18578475713729858
2007-12-17,0.268331378698349
2007-12-18,0.2312926948070526
2007-12-19,0.18617326021194458
2007-12-20,0.1656983345746994
2007-12-21,0.14790639281272888
2007-12-22,0.14694932103157043
2007-12-23,0.14661720395088196
2007-12-24,0.15762658417224884
2007-12-25,0.146896630525589
2007-12-26,0.16649921238422394
2007-12-27,0.2347998470067978
2007-12-28,0.22676438093185425
2007-12-29,0.21551769971847534
2007-12-30,0.6413487792015076
2007-12-31,2.0565474033355713
2008-01-01,1.58196222782135
2008-01-02,0.8690626621246338
2008-01-03,0.5363943576812744
2008-01-04,0.3791351914405823
2008-01-05,0.3027926981449127
2008-01-06,0.2615634799003601
2008-01-07,0.23923683166503906
2008-01-08,0.22102659940719604
2008-01-09,0.2054850161075592
2008-01-10,0.20004411041736603
2008-01-11,0.21267344057559967
2008-01-12,0.21269160509109497
2008-01-13,0.2030315399169922
2008-01-14,0.1891886442899704
2008-01-15,0.1820245236158371
2008-01-16,0.17266666889190674
2008-01-17,0.20742137730121613
2008-01-18,0.37013012170791626
2008-01-19,0.44253161549568176
2008-01-20,0.5354181528091431
2008-01-21,0.46828439831733704
2008-01-22,0.3881790041923523
2008-01-23,0.36511102318763733
2008-01-24,0.3520333468914032
2008-01-25,0.32111656665802
2008-01-26,0.2846989929676056
2008-01-27,0.2610777020454407
2008-01-28,0.24579046666622162
2008-01-29,0.23567968606948853
2008-01-30,0.24291810393333435
2008-01-31,0.24956360459327698
2008-02-01,0.5037034749984741
2008-02-02,1.1121479272842407
2008-02-03,0.929581344127655
2008-02-04,0.6632025241851807
2008-02-05,0.5290775895118713
2008-02-06,0.4541313648223877
2008-02-07,0.39940837025642395
2008-02-08,0.34637099504470825
2008-02-09,0.3087969124317169
2008-02-10,0.28041332960128784
2008-02-11,0.26141053438186646
2008-02-12,0.25247007608413696
2008-02-13,0.3555920720100403
2008-02-14,0.6134260892868042
2008-02-15,0.6151151657104492
2008-02-16,0.5118694305419922
2008-02-17,0.4296875298023224
2008-02-18,0.4296579360961914
2008-02-19,0.46289393305778503
2008-02-20,0.41676998138427734
2008-02-21,0.36665138602256775
2008-02-22,0.3379884958267212
2008-02-23,0.37879860401153564
2008-02-24,0.3960631489753723
2008-02-25,0.37607336044311523
2008-02-26,0.417026162147522
2008-02-27,0.5951589345932007
2008-02-28,0.5735086798667908
2008-02-29,0.47757768630981445
2008-03-01,0.40903663635253906
2008-03-02,0.36816316843032837
2008-03-03,0.33756136894226074
2008-03-04,0.4665513038635254
2008-03-05,3.0982751846313477
2008-03-06,3.0074479579925537
2008-03-07,2.7313199043273926
2008-03-08,3.754977226257324
2008-03-09,2.621875286102295
2008-03-10,1.5602576732635498
2008-03-11,1.0617985725402832
2008-03-12,0.8228638172149658
2008-03-13,0.6788841485977173
2008-03-14,0.5904899835586548
2008-03-15,0.6959584951400757
2008-03-16,1.2289538383483887
2008-03-17,1.2467002868652344
2008-03-18,0.9642242789268494
2008-03-19,0.8138623237609863
2008-03-20,0.9251487255096436
2008-03-21,0.8636946678161621
2008-03-22,0.724533200263977
2008-03-23,0.6165586709976196
2008-03-24,0.5507300496101379
2008-03-25,0.5013266801834106
2008-03-26,0.46724581718444824
2008-03-27,0.44152337312698364
2008-03-28,0.4127691388130188
2008-03-29,0.39795002341270447
2008-03-30,0.45596829056739807
2008-03-31,0.7140477895736694
2008-04-01,1.4464164972305298
2008-04-02,1.6411857604980469
2008-04-03,1.294088363647461
2008-04-04,1.3341734409332275
2008-04-05,2.9408555030822754
2008-04-06,5.385926723480225
2008-04-07,3.9584014415740967
2008-04-08,2.323928117752075
2008-04-09,1.462636947631836
2008-04-10,1.0625746250152588
2008-04-11,0.8459859490394592
2008-04-12,0.7415705919265747
2008-04-13,0.6843422651290894
2008-04-14,0.6226298809051514
2008-04-15,0.5757039785385132
2008-04-16,0.5221371650695801
2008-04-17,0.49002087116241455
2008-04-18,0.46955835819244385
2008-04-19,0.44964250922203064
2008-04-20,0.5999702215194702
2008-04-21,0.8144690990447998
2008-04-22,0.7465289831161499
2008-04-23,0.6357820630073547
2008-04-24,0.537695050239563
2008-04-25,0.47603052854537964
2008-04-26,0.435664564371109
2008-04-27,0.48137366771698
2008-04-28,1.8940181732177734
2008-04-29,3.6289772987365723
2008-04-30,2.4212300777435303
2008-05-01,1.4860339164733887
2008-05-02,1.0370488166809082
2008-05-03,0.7776778340339661
2008-05-04,0.6262683272361755
2008-05-05,0.5341740250587463
2008-05-06,0.47157925367355347
2008-05-07,0.4285418391227722
2008-05-08,0.39868858456611633
2008-05-09,0.4416542947292328
2008-05-10,0.4800642132759094
2008-05-11,0.511428713798523
2008-05-12,0.7607611417770386
2008-05-13,0.7601416707038879
2008-05-14,0.6086192727088928
2008-05-15,0.5216755867004395
2008-05-16,0.6302096843719482
2008-05-17,0.7229926586151123
2008-05-18,0.6833820343017578
2008-05-19,0.7093617916107178
2008-05-20,0.7218714356422424
2008-05-21,0.7632640600204468
2008-05-22,0.6444859504699707
2008-05-23,0.5086483359336853
2008-05-24,0.4301109313964844
2008-05-25,0.37694165110588074
2008-05-26,0.34541258215904236
2008-05-27,0.3181217908859253
2008-05-28,0.3510722517967224
2008-05-29,0.45364052057266235
2008-05-30,0.4216640293598175
2008-05-31,0.3564808666706085
2008-06-01,0.3132683038711548
2008-06-02,0.2915174067020416
2008-06-03,0.2699137330055237
2008-06-04,0.2463679313659668
2008-06-05,0.21908509731292725
2008-06-06,0.198405921459198
2008-06-07,0.17947545647621155
2008-06-08,0.16567553579807281
2008-06-09,0.1558818370103836
2008-06-10,0.14490553736686707
2008-06-11,0.1348911076784134
2008-06-12,0.12780193984508514
2008-06-13,0.1224963590502739
2008-06-14,0.11505289375782013
2008-06-15,0.1141921728849411
2008-06-16,0.11532804369926453
2008-06-17,0.11354003846645355
2008-06-18,0.10894858837127686
2008-06-19,0.10021860897541046
2008-06-20,0.09552142024040222
2008-06-21,0.09510032832622528
2008-06-22,0.10298236459493637
2008-06-23,0.1646430790424347
2008-06-24,0.225530207157135
2008-06-25,0.19570064544677734
2008-06-26,0.15230174362659454
2008-06-27,0.12853196263313293
2008-06-28,0.11821214854717255
2008-06-29,0.1155446395277977
2008-06-30,0.2213851809501648
2008-07-01,0.27087992429733276
2008-07-02,0.2203822135925293
2008-07-03,0.16329245269298553
2008-07-04,0.1434655636548996
2008-07-05,0.2882108688354492
2008-07-06,0.7857968807220459
2008-07-07,0.8527587056159973
2008-07-08,0.5880352854728699
2008-07-09,0.41976267099380493
2008-07-10,0.3732486963272095
2008-07-11,0.2963619530200958
2008-07-12,0.22955121099948883
2008-07-13,0.18250341713428497
2008-07-14,0.1573011726140976
2008-07-15,0.15099819004535675
2008-07-16,0.13358482718467712
2008-07-17,0.1172560304403305
2008-07-18,0.10547365248203278
2008-07-19,0.09986215829849243
2008-07-20,0.0957590639591217
2008-07-21,0.08910810202360153
2008-07-22,0.08825833350419998
2008-07-23,0.10240147262811661
2008-07-24,0.14125600457191467
2008-07-25,0.14062312245368958
2008-07-26,0.12375868856906891
2008-07-27,0.11742992699146271
2008-07-28,0.11167588829994202
2008-07-29,0.10358983278274536
2008-07-30,0.0981818214058876
2008-07-31,0.09786729514598846
2008-08-01,0.10400305688381195
2008-08-02,0.0966840386390686
2008-08-03,0.08637477457523346
2008-08-04,0.07641252875328064
2008-08-05,0.06767436861991882
2008-08-06,0.06527042388916016
2008-08-07,0.06502360850572586
2008-08-08,0.06118933856487274
2008-08-09,0.055386170744895935
2008-08-10,0.056430671364068985
2008-08-11,0.06341204047203064
2008-08-12,0.06026780605316162
2008-08-13,0.059158019721508026
2008-08-14,0.061420079320669174
2008-08-15,0.06108232960104942
2008-08-16,0.059153422713279724
2008-08-17,0.055177874863147736
2008-08-18,0.051891446113586426
2008-08-19,0.04808586835861206
2008-08-20,0.04523271322250366
2008-08-21,0.044015657156705856
2008-08-22,0.04182121902704239
2008-08-23,0.03796227276325226
2008-08-24,0.03639956936240196
2008-08-25,0.036176346242427826
2008-08-26,0.04280935600399971
2008-08-27,1.0787304639816284
2008-08-28,4.686965465545654
2008-08-29,3.1437134742736816
2008-08-30,1.3225913047790527
2008-08-31,0.641573429107666
2008-09-01,0.387862890958786
2008-09-02,0.26963430643081665
2008-09-03,0.20861661434173584
2008-09-04,0.17741505801677704
2008-09-05,0.17077121138572693
2008-09-06,4.728365898132324
2008-09-07,7.891300201416016
2008-09-08,3.916703224182129
2008-09-09,1.584789514541626
2008-09-10,1.04312002658844
2008-09-11,1.169067621231079
2008-09-12,0.8822497129440308
2008-09-13,0.6086118817329407
2008-09-14,0.44951629638671875
2008-09-15,0.3577548861503601
2008-09-16,0.5012052655220032
2008-09-17,0.9042056202888489
2008-09-18,0.7173808813095093
2008-09-19,0.4896049201488495
2008-09-20,0.3785718083381653
2008-09-21,0.30421799421310425
2008-09-22,0.26265448331832886
2008-09-23,0.23371277749538422
2008-09-24,0.21166756749153137
2008-09-25,0.20400546491146088
2008-09-26,0.4402792751789093
2008-09-27,0.9624701738357544
2008-09-28,0.9161052107810974
2008-09-29,0.6408669948577881
2008-09-30,0.45763611793518066
2008-10-01,0.4698023200035095
2008-10-02,0.5415178537368774
2008-10-03,0.45665550231933594
2008-10-04,0.36619555950164795
2008-10-05,0.3079320788383484
2008-10-06,0.26734399795532227
2008-10-07,0.24476748704910278
2008-10-08,0.22623282670974731
2008-10-09,0.22056639194488525
2008-10-10,0.2184014618396759
2008-10-11,0.21000675857067108
2008-10-12,0.1952177882194519
2008-10-13,0.18085089325904846
2008-10-14,0.1742074191570282
2008-10-15,0.1690826714038849
2008-10-16,0.1597345471382141
2008-10-17,0.16663095355033875
2008-10-18,0.20147863030433655
2008-10-19,0.22997573018074036
2008-10-20,0.2196376919746399
2008-10-21,0.19889190793037415
2008-10-22,0.1831129938364029
2008-10-23,0.1722869724035263
2008-10-24,0.17141476273536682
2008-10-25,0.18141543865203857
2008-10-26,0.18727567791938782
2008-10-27,0.18231365084648132
2008-10-28,0.1727171242237091
2008-10-29,0.1637377142906189
2008-10-30,0.1584499627351761
2008-10-31,0.15583547949790955
2008-11-01,0.1579529345035553
2008-11-02,0.15244153141975403
2008-11-03,0.14960017800331116
2008-11-04,0.15731287002563477
2008-11-05,0.2137749046087265
2008-11-06,0.2593715786933899
2008-11-07,0.24792493879795074
2008-11-08,0.21836966276168823
2008-11-09,0.20236733555793762
2008-11-10,0.1891418993473053
2008-11-11,0.1805117279291153
2008-11-12,0.17349228262901306
2008-11-13,0.17720948159694672
2008-11-14,0.264535129070282
2008-11-15,0.45375874638557434
2008-11-16,0.4829733967781067
2008-11-17,0.3939216732978821
2008-11-18,0.32023710012435913
2008-11-19,0.28200724720954895
2008-11-20,0.25326865911483765
2008-11-21,0.23748481273651123
2008-11-22,0.23087431490421295
2008-11-23,0.2173006236553192
2008-11-24,0.20955154299736023
2008-11-25,0.2314154952764511
2008-11-26,0.25708484649658203
2008-11-27,0.2524508833885193
2008-11-28,0.23810791969299316
2008-11-29,0.2288021445274353
2008-11-30,0.44801902770996094
2008-12-01,1.123589277267456
2008-12-02,1.0185515880584717
2008-12-03,0.7064921855926514
2008-12-04,0.5295417308807373
2008-12-05,0.42975425720214844
2008-12-06,0.3721456825733185
2008-12-07,0.3471953570842743
2008-12-08,0.32759708166122437
2008-12-09,0.3118102550506592
2008-12-10,0.31069815158843994
2008-12-11,1.9080621004104614
2008-12-12,7.969920635223389
2008-12-13,5.331316947937012
2008-12-14,2.5638768672943115
2008-12-15,1.4933136701583862
2008-12-16,1.024680733680725
2008-12-17,0.8324607610702515
2008-12-18,0.7404547929763794
2008-12-19,0.6786882877349854
2008-12-20,0.6809970736503601
2008-12-21,1.7482048273086548
2008-12-22,2.2896032333374023
2008-12-23,1.6765632629394531
2008-12-24,1.185156226158142
2008-12-25,1.1617817878723145
2008-12-26,1.2600889205932617
2008-12-27,1.0566048622131348
2008-12-28,0.9203831553459167
2008-12-29,0.8188685774803162
2008-12-30,0.717164158821106
2008-12-31,0.6282658576965332
2009-01-01,0.578661322593689
2009-01-02,0.5290501713752747
2009-01-03,0.5174289345741272
2009-01-04,0.523208737373352
2009-01-05,0.6180785894393921
2009-01-06,1.9808390140533447
2009-01-07,6.810677528381348
2009-01-08,5.432560443878174
2009-01-09,3.0142674446105957
2009-01-10,1.8090684413909912
2009-01-11,1.2938814163208008
2009-01-12,1.038215160369873
2009-01-13,0.8687149882316589
2009-01-14,0.7621035575866699
2009-01-15,0.6896739602088928
2009-01-16,0.6387701034545898
2009-01-17,0.5764113664627075
2009-01-18,0.548008382320404
2009-01-19,0.513909637928009
2009-01-20,0.5074806213378906
2009-01-21,0.5160307288169861
2009-01-22,0.49432671070098877
2009-01-23,0.4790552258491516
2009-01-24,0.4702349603176117
2009-01-25,0.45667195320129395
2009-01-26,0.43149542808532715
2009-01-27,0.4299338161945343
2009-01-28,0.5439409017562866
2009-01-29,0.695766806602478
2009-01-30,0.649368166923523
2009-01-31,0.5842777490615845
2009-02-01,0.5372629761695862
2009-02-02,0.5094778537750244
2009-02-03,0.6167646646499634
2009-02-04,0.7075172662734985
2009-02-05,0.6607260704040527
2009-02-06,0.5815645456314087
2009-02-07,0.5440222024917603
2009-02-08,0.5272759795188904
2009-02-09,0.5035403966903687
2009-02-10,0.48087435960769653
2009-02-11,0.4674723148345947
2009-02-12,0.4595601260662079
2009-02-13,0.4406625032424927
2009-02-14,0.4247633218765259
2009-02-15,0.407543808221817
2009-02-16,0.39711064100265503
2009-02-17,0.39346909523010254
2009-02-18,0.48925742506980896
2009-02-19,0.7656515836715698
2009-02-20,0.7685757875442505
2009-02-21,0.6662030220031738
2009-02-22,0.5926565527915955
2009-02-23,0.5519794225692749
2009-02-24,0.5170385837554932
2009-02-25,0.4858133792877197
2009-02-26,0.4613967537879944
2009-02-27,0.4556817412376404
2009-02-28,0.4372694790363312
2009-03-01,2.0049216747283936
2009-03-02,5.2724409103393555
2009-03-03,3.769150972366333
2009-03-04,2.64150333404541
2009-03-05,2.2315659523010254
2009-03-06,2.0738062858581543
2009-03-07,1.8806369304656982
2009-03-08,1.602912187576294
2009-03-09,1.3334729671478271
2009-03-10,1.0976576805114746
2009-03-11,0.9392013549804688
2009-03-12,0.82649827003479
2009-03-13,0.7930952310562134
2009-03-14,1.5349901914596558
2009-03-15,4.56055212020874
2009-03-16,5.834404468536377
2009-03-17,4.584088325500488
2009-03-18,2.8795018196105957
2009-03-19,1.9707980155944824
2009-03-20,1.892406940460205
2009-03-21,1.7059112787246704
2009-03-22,1.3509331941604614
2009-03-23,1.144715428352356
2009-03-24,1.0017112493515015
2009-03-25,0.88379967212677
2009-03-26,0.9406088590621948
2009-03-27,1.3395651578903198
2009-03-28,2.1808054447174072
2009-03-29,3.614182949066162
2009-03-30,3.0436315536499023
2009-03-31,2.064610242843628
2009-04-01,1.530604362487793
2009-04-02,1.3819736242294312
2009-04-03,1.9147504568099976
2009-04-04,1.9870200157165527
2009-04-05,1.5653095245361328
2009-04-06,1.281855821609497
2009-04-07,1.1227580308914185
2009-04-08,0.9748772382736206
2009-04-09,0.8622792959213257
2009-04-10,0.9023290872573853
2009-04-11,1.0233571529388428
2009-04-12,0.9745625257492065
2009-04-13,0.8547360897064209
2009-04-14,0.8352487087249756
2009-04-15,0.9124624729156494
2009-04-16,0.8600559234619141
2009-04-17,0.7585011124610901
2009-04-18,0.6934943795204163
2009-04-19,0.6548123359680176
2009-04-20,0.7258983254432678
2009-04-21,0.8362374901771545
2009-04-22,0.7623755931854248
2009-04-23,0.6659895777702332
2009-04-24,0.612011730670929
2009-04-25,0.5718266367912292
2009-04-26,0.5278574228286743
2009-04-27,0.4859503507614136
2009-04-28,0.45190393924713135
2009-04-29,0.4253098666667938
2009-04-30,0.4070832133293152
2009-05-01,0.4008925259113312
2009-05-02,0.3836821913719177
2009-05-03,0.36101892590522766
2009-05-04,0.3369956910610199
2009-05-05,0.4024040997028351
2009-05-06,0.643506646156311
2009-05-07,0.6877128481864929
2009-05-08,0.5978373885154724
2009-05-09,0.5864987969398499
2009-05-10,0.6581594944000244
2009-05-11,0.5785776376724243
2009-05-12,0.5357260704040527
2009-05-13,0.4681895673274994
2009-05-14,0.4037017226219177
2009-05-15,0.3640165328979492
2009-05-16,0.3420928418636322
2009-05-17,0.3334890902042389
2009-05-18,0.37392377853393555
2009-05-19,0.36752980947494507
2009-05-20,0.3341033458709717
2009-05-21,0.30263009667396545
2009-05-22,0.2807336449623108
2009-05-23,0.2632259726524353
2009-05-24,0.25259342789649963
2009-05-25,0.24905365705490112
2009-05-26,0.282835453748703
2009-05-27,0.37044447660446167
2009-05-28,0.39115387201309204
2009-05-29,0.4642166495323181
2009-05-30,0.48563721776008606
2009-05-31,0.4131048321723938
2009-06-01,0.3449181914329529
2009-06-02,0.2886081337928772
2009-06-03,0.2635117769241333
2009-06-04,0.2810951769351959
2009-06-05,1.4319281578063965
2009-06-06,2.779123306274414
2009-06-07,1.7375500202178955
2009-06-08,0.9359996318817139
2009-06-09,0.6436605453491211
2009-06-10,0.6608280539512634
2009-06-11,0.9219872951507568
2009-06-12,0.9328317046165466
2009-06-13,0.7833525538444519
2009-06-14,0.6295280456542969
2009-06-15,0.517793595790863
2009-06-16,0.7138938903808594
2009-06-17,1.4434752464294434
2009-06-18,1.5479657649993896
2009-06-19,1.1906030178070068
2009-06-20,0.8055121898651123
2009-06-21,0.5566829442977905
2009-06-22,0.4165840744972229
2009-06-23,0.33617275953292847
2009-06-24,0.28630518913269043
2009-06-25,0.25672757625579834
2009-06-26,0.23518189787864685
2009-06-27,0.2174416184425354
2009-06-28,0.2037036120891571
2009-06-29,0.18733713030815125
2009-06-30,0.17203249037265778
2009-07-01,0.160272479057312
2009-07-02,0.15015165507793427
2009-07-03,0.14523909986019135
2009-07-04,0.14294198155403137
2009-07-05,0.14056232571601868
2009-07-06,0.14484064280986786
2009-07-07,0.14364397525787354
2009-07-08,0.13603852689266205
2009-07-09,0.12875625491142273
2009-07-10,0.12126336246728897
2009-07-11,0.11391767114400864
2009-07-12,0.10754963010549545
2009-07-13,0.13964438438415527
2009-07-14,0.1972566843032837
2009-07-15,0.17924335598945618
2009-07-16,0.14634248614311218
2009-07-17,0.13239692151546478
2009-07-18,0.1289014369249344
2009-07-19,0.11812759935855865
2009-07-20,0.11298973113298416
2009-07-21,0.11925490200519562
2009-07-22,0.11549551784992218
2009-07-23,0.10990060120820999
2009-07-24,0.11162039637565613
2009-07-25,0.10539650917053223
2009-07-26,0.09453493356704712
2009-07-27,0.09071266651153564
2009-07-28,0.09661948680877686
2009-07-29,0.10209476202726364
2009-07-30,0.1039123609662056
2009-07-31,0.09975530952215195
2009-08-01,0.09807977080345154
2009-08-02,0.10074382275342941
2009-08-03,0.10156741738319397
2009-08-04,0.09654467552900314
2009-08-05,0.08935083448886871
2009-08-06,0.09165787696838379
2009-08-07,0.0923636183142662
2009-08-08,0.08514091372489929
2009-08-09,0.07642539590597153
2009-08-10,0.06874845176935196
2009-08-11,0.06522133201360703
2009-08-12,0.0652506947517395
2009-08-13,0.06986609846353531
2009-08-14,0.07145558297634125
2009-08-15,0.068778857588768
2009-08-16,0.06752695143222809
2009-08-17,0.07411214709281921
2009-08-18,0.07664338499307632
2009-08-19,0.07202784717082977
2009-08-20,0.0726962611079216
2009-08-21,0.07580537348985672
2009-08-22,0.10001567006111145
2009-08-23,0.13215279579162598
2009-08-24,0.12458959966897964
2009-08-25,0.10254804790019989
2009-08-26,0.08642855286598206
2009-08-27,0.0750834196805954
2009-08-28,0.07540145516395569
2009-08-29,0.0924210175871849
2009-08-30,0.09626270830631256
2009-08-31,0.10078854858875275
2009-09-01,0.10639096796512604
2009-09-02,0.09651437401771545
2009-09-03,0.08325134962797165
2009-09-04,0.07403121888637543
2009-09-05,0.06756208091974258
2009-09-06,0.06187910586595535
2009-09-07,0.0585130900144577
2009-09-08,0.058095384389162064
2009-09-09,0.05730696767568588
2009-09-10,0.055086515843868256
2009-09-11,0.052823759615421295
2009-09-12,0.050078071653842926
2009-09-13,0.04766217619180679
2009-09-14,0.04583090543746948
2009-09-15,0.04464602842926979
2009-09-16,0.046268824487924576
2009-09-17,0.054432373493909836
2009-09-18,0.06613363325595856
2009-09-19,0.07222958654165268
2009-09-20,0.06749586015939713
2009-09-21,0.06187070161104202
2009-09-22,0.07041815668344498
2009-09-23,0.13583488762378693
2009-09-24,0.17450639605522156
2009-09-25,0.15203320980072021
2009-09-26,0.12893706560134888
2009-09-27,0.1766868233680725
2009-09-28,0.2742655873298645
2009-09-29,0.2641126215457916
2009-09-30,0.19192993640899658
2009-10-01,0.14113794267177582
2009-10-02,0.11691442877054214
2009-10-03,0.10018886625766754
2009-10-04,0.0887022465467453
2009-10-05,0.08988668024539948
2009-10-06,0.09893733263015747
2009-10-07,0.10414770990610123
2009-10-08,0.0948718786239624
2009-10-09,0.08994318544864655
2009-10-10,0.08600977063179016
2009-10-11,0.08523891866207123
2009-10-12,0.09128692746162415
2009-10-13,0.10489338636398315
2009-10-14,0.11150282621383667
2009-10-15,0.12190929055213928
2009-10-16,0.12411445379257202
2009-10-17,0.11456027626991272
2009-10-18,0.1075969785451889
2009-10-19,0.09830398857593536
2009-10-20,0.09358809143304825
2009-10-21,0.09021130204200745
2009-10-22,0.08695201575756073
2009-10-23,0.08364938944578171
2009-10-24,0.08939649164676666
2009-10-25,0.10083397477865219
2009-10-26,0.09823254495859146
2009-10-27,0.1128605455160141
2009-10-28,0.2160997986793518
2009-10-29,0.24978932738304138
2009-10-30,0.20607930421829224
2009-10-31,0.16802583634853363
2009-11-01,0.2748275399208069
2009-11-02,0.5321237444877625
2009-11-03,0.4565291702747345
2009-11-04,0.313579797744751
2009-11-05,0.23464082181453705
2009-11-06,0.1911476105451584
2009-11-07,0.17192770540714264
2009-11-08,0.16141745448112488
2009-11-09,0.15457765758037567
2009-11-10,0.1828712522983551
2009-11-11,3.828596591949463
2009-11-12,12.44245719909668
2009-11-13,10.964841842651367
2009-11-14,5.857173919677734
2009-11-15,2.735523223876953
2009-11-16,1.5400819778442383
2009-11-17,1.0703619718551636
2009-11-18,0.8368208408355713
2009-11-19,0.716669499874115
2009-11-20,0.7008862495422363
2009-11-21,0.6225270628929138
2009-11-22,0.5646706819534302
2009-11-23,1.2550029754638672
2009-11-24,2.585304021835327
2009-11-25,2.007890224456787
2009-11-26,1.3996284008026123
2009-11-27,1.2315654754638672
2009-11-28,1.2187671661376953
2009-11-29,1.0073310136795044
2009-11-30,0.840766191482544
2009-12-01,0.768370509147644
2009-12-02,1.5529156923294067
2009-12-03,7.4775776863098145
2009-12-04,6.248575210571289
2009-12-05,3.575639486312866
2009-12-06,2.8317956924438477
2009-12-07,1.9319238662719727
2009-12-08,1.5356206893920898
2009-12-09,4.36939001083374
2009-12-10,6.195582866668701
2009-12-11,3.875504970550537
2009-12-12,2.2520744800567627
2009-12-13,1.8983045816421509
2009-12-14,2.4282453060150146
2009-12-15,1.9979089498519897
2009-12-16,1.5455882549285889
2009-12-17,1.2415592670440674
2009-12-18,1.1003272533416748
2009-12-19,1.5965421199798584
2009-12-20,1.9576318264007568
2009-12-21,1.7371538877487183
2009-12-22,1.4133316278457642
2009-12-23,1.165668249130249
2009-12-24,1.060855507850647
2009-12-25,3.51655650138855
2009-12-26,8.180190086364746
2009-12-27,5.351559162139893
2009-12-28,3.08953857421875
2009-12-29,2.0655713081359863
2009-12-30,1.5494239330291748
2009-12-31,1.2635340690612793
2010-01-01,1.2620925903320312
2010-01-02,1.1578103303909302
2010-01-03,1.037346601486206
2010-01-04,0.9274192452430725
2010-01-05,0.8399431109428406
2010-01-06,0.7696617841720581
2010-01-07,0.7135912775993347
2010-01-08,0.688210129737854
2010-01-09,0.6672611236572266
2010-01-10,0.6331480741500854
2010-01-11,0.5966490507125854
2010-01-12,0.5740503072738647
2010-01-13,0.5589385628700256
2010-01-14,0.5430456399917603
2010-01-15,0.5356765985488892
2010-01-16,0.5368226766586304
2010-01-17,2.009765863418579
2010-01-18,4.671057224273682
2010-01-19,3.3439106941223145
2010-01-20,2.1081526279449463
2010-01-21,1.6500849723815918
2010-01-22,2.1900737285614014
2010-01-23,2.3985862731933594
2010-01-24,1.8369059562683105
2010-01-25,5.734871864318848
2010-01-26,6.911413192749023
2010-01-27,4.214277267456055
2010-01-28,2.5077602863311768
2010-01-29,1.7995235919952393
2010-01-30,1.629929542541504
2010-01-31,1.834343433380127
2010-02-01,1.595528244972229
2010-02-02,1.5421849489212036
2010-02-03,2.34076189994812
2010-02-04,2.3660426139831543
2010-02-05,5.281406402587891
2010-02-06,14.923049926757812
2010-02-07,10.624923706054688
2010-02-08,5.686080455780029
2010-02-09,3.5830774307250977
2010-02-10,3.110222339630127
2010-02-11,2.488100528717041
2010-02-12,1.9910457134246826
2010-02-13,1.7554304599761963
2010-02-14,1.6262191534042358
2010-02-15,1.512854814529419
2010-02-16,1.5098624229431152
2010-02-17,1.355787754058838
2010-02-18,1.206769585609436
2010-02-19,1.1100194454193115
2010-02-20,1.0423002243041992
2010-02-21,0.9615241885185242
2010-02-22,1.0843487977981567
2010-02-23,1.4404741525650024
2010-02-24,1.4348781108856201
2010-02-25,1.5870027542114258
2010-02-26,1.397632360458374
2010-02-27,1.2147670984268188
2010-02-28,1.087788462638855
2010-03-01,0.9974982738494873
2010-03-02,1.0108088254928589
2010-03-03,1.650620460510254
2010-03-04,1.8966134786605835
2010-03-05,1.6289300918579102
2010-03-06,1.3528990745544434
2010-03-07,1.1413397789001465
2010-03-08,1.0542902946472168
2010-03-09,0.9605409502983093
2010-03-10,0.941239595413208
2010-03-11,0.9365960955619812
2010-03-12,1.016135811805725
2010-03-13,1.9438174962997437
2010-03-14,2.631049633026123
2010-03-15,2.0856618881225586
2010-03-16,1.5712637901306152
2010-03-17,1.272435188293457
2010-03-18,1.1051456928253174
2010-03-19,1.0062059164047241
2010-03-20,0.9343166947364807
2010-03-21,0.8966176509857178
2010-03-22,0.9247512817382812
2010-03-23,0.9685707688331604
2010-03-24,0.9099230170249939
2010-03-25,0.8568169474601746
2010-03-26,0.835145890712738
2010-03-27,0.8225036263465881
2010-03-28,0.8294698596000671
2010-03-29,2.439436674118042
2010-03-30,3.6325855255126953
2010-03-31,2.550386905670166
2010-04-01,1.739081859588623
2010-04-02,1.3542400598526
2010-04-03,1.1229933500289917
2010-04-04,0.9833859205245972
2010-04-05,0.8962857723236084
2010-04-06,0.8314709663391113
2010-04-07,0.7846448421478271
2010-04-08,0.7459894418716431
2010-04-09,0.7423900961875916
2010-04-10,0.7141903638839722
2010-04-11,0.671489417552948
2010-04-12,0.6382161974906921
2010-04-13,0.6102095246315002
2010-04-14,0.5836381316184998
2010-04-15,0.5638483166694641
2010-04-16,0.5564467906951904
2010-04-17,0.5280358195304871
2010-04-18,0.49298232793807983
2010-04-19,0.46270495653152466
2010-04-20,0.4547252655029297
2010-04-21,0.4747617542743683
2010-04-22,0.5027144551277161
2010-04-23,0.48323625326156616
2010-04-24,0.46513834595680237
2010-04-25,0.511715292930603
2010-04-26,0.5744543075561523
2010-04-27,0.5252894759178162
2010-04-28,0.46650004386901855
2010-04-29,0.42490166425704956
2010-04-30,0.4067665636539459
2010-05-01,0.39148521423339844
2010-05-02,0.3690773844718933
2010-05-03,0.3535359501838684
2010-05-04,0.3466879427433014
2010-05-05,0.3348677456378937
2010-05-06,0.31868407130241394
2010-05-07,0.3126209080219269
2010-05-08,0.30424612760543823
2010-05-09,0.28108689188957214
2010-05-10,0.25893712043762207
2010-05-11,0.256036639213562
2010-05-12,0.25532132387161255
2010-05-13,0.24444721639156342
2010-05-14,0.2349289208650589
2010-05-15,0.23510156571865082
2010-05-16,0.28915512561798096
2010-05-17,1.2267963886260986
2010-05-18,2.9084062576293945
2010-05-19,2.9296531677246094
2010-05-20,2.3270351886749268
2010-05-21,1.37608003616333
2010-05-22,0.8724963665008545
2010-05-23,0.835791289806366
2010-05-24,1.075918436050415
2010-05-25,1.0045534372329712
2010-05-26,0.7696763277053833
2010-05-27,0.5847949981689453
2010-05-28,0.4998396635055542
2010-05-29,0.662428617477417
2010-05-30,0.9158554077148438
2010-05-31,0.7966809868812561
2010-06-01,1.0330631732940674
2010-06-02,1.383143424987793
2010-06-03,1.2753745317459106
2010-06-04,0.9211611151695251
2010-06-05,0.6561351418495178
2010-06-06,0.5063002109527588
2010-06-07,0.4564954936504364
2010-06-08,0.4308493435382843
2010-06-09,0.37268397212028503
2010-06-10,0.3264023959636688
2010-06-11,0.2999085485935211
2010-06-12,0.30682313442230225
2010-06-13,0.4977196156978607
2010-06-14,0.6179503202438354
2010-06-15,0.5263440012931824
2010-06-16,0.5490549206733704
2010-06-17,0.6106035113334656
2010-06-18,0.4799638092517853
2010-06-19,0.3610150218009949
2010-06-20,0.3014362156391144
2010-06-21,0.2593461871147156
2010-06-22,0.22957360744476318
2010-06-23,0.21111765503883362
2010-06-24,0.20101824402809143
2010-06-25,0.18766802549362183
2010-06-26,0.1813950389623642
2010-06-27,0.17269276082515717
2010-06-28,0.1598290652036667
2010-06-29,0.15386849641799927
2010-06-30,0.1744636446237564
2010-07-01,0.18519189953804016
2010-07-02,0.17046695947647095
2010-07-03,0.15122468769550323
2010-07-04,0.13916976749897003
2010-07-05,0.13005854189395905
2010-07-06,0.12131211161613464
2010-07-07,0.11549432575702667
2010-07-08,0.11244858056306839
2010-07-09,0.12882764637470245
2010-07-10,0.15913158655166626
2010-07-11,0.16133099794387817
2010-07-12,0.1479746252298355
2010-07-13,0.14875932037830353
2010-07-14,0.20624102652072906
2010-07-15,0.2469789981842041
2010-07-16,0.21817368268966675
2010-07-17,0.24517911672592163
2010-07-18,0.31699317693710327
2010-07-19,0.2694871425628662
2010-07-20,0.24339920282363892
2010-07-21,0.23639915883541107
2010-07-22,0.19437240064144135
2010-07-23,0.15718546509742737
2010-07-24,0.13702240586280823
2010-07-25,0.12440676242113113
2010-07-26,0.11384593695402145
2010-07-27,0.1763063669204712
2010-07-28,0.29191750288009644
2010-07-29,0.2535834312438965
2010-07-30,0.19666926562786102
2010-07-31,0.16630667448043823
2010-08-01,0.1874682903289795
2010-08-02,0.2080053687095642
2010-08-03,0.17906883358955383
2010-08-04,0.1655307561159134
2010-08-05,0.2109387218952179
2010-08-06,0.25831228494644165
2010-08-07,0.2294456958770752
2010-08-08,0.17604926228523254
2010-08-09,0.1411040872335434
2010-08-10,0.13265152275562286
2010-08-11,0.1419561356306076
2010-08-12,0.14497654139995575
2010-08-13,0.14211314916610718
2010-08-14,0.12415819615125656
2010-08-15,0.10767805576324463
2010-08-16,0.09741762280464172
2010-08-17,0.09760196506977081
2010-08-18,0.13475845754146576
2010-08-19,0.20775027573108673
2010-08-20,0.2512936294078827
2010-08-21,0.20631618797779083
2010-08-22,0.15592339634895325
2010-08-23,0.12890633940696716
2010-08-24,0.12899838387966156
2010-08-25,0.13549035787582397
2010-08-26,0.12399935722351074
2010-08-27,0.1079685315489769
2010-08-28,0.09538349509239197
2010-08-29,0.08640484511852264
2010-08-30,0.08040516823530197
2010-08-31,0.07527649402618408
2010-09-01,0.07036177068948746
2010-09-02,0.06740139424800873
2010-09-03,0.06608810275793076
2010-09-04,0.06300561875104904
2010-09-05,0.05941849946975708
2010-09-06,0.057615991681814194
2010-09-07,0.05588372051715851
2010-09-08,0.05527564883232117
2010-09-09,0.05436321347951889
2010-09-10,0.052159883081912994
2010-09-11,0.05183836817741394
2010-09-12,0.05351746454834938
2010-09-13,0.05239038169384003
2010-09-14,0.05061700940132141
2010-09-15,0.04898791387677193
2010-09-16,0.04771227389574051
2010-09-17,0.04550926759839058
2010-09-18,0.044074200093746185
2010-09-19,0.043261006474494934
2010-09-20,0.042775336652994156
2010-09-21,0.041209425777196884
2010-09-22,0.0402713343501091
2010-09-23,0.039006635546684265
2010-09-24,0.038517117500305176
2010-09-25,0.03737197816371918
2010-09-26,0.049063608050346375
2010-09-27,0.14135119318962097
2010-09-28,0.2572075128555298
2010-09-29,0.40559887886047363
2010-09-30,3.9489269256591797
2010-10-01,4.025035858154297
2010-10-02,1.6784627437591553
2010-10-03,0.706423282623291
2010-10-04,0.4238790273666382
2010-10-05,0.30304697155952454
2010-10-06,0.23995882272720337
2010-10-07,0.2025056928396225
2010-10-08,0.17416557669639587
2010-10-09,0.15903949737548828
2010-10-10,0.1472182422876358
2010-10-11,0.1364750862121582
2010-10-12,0.12873435020446777
2010-10-13,0.1221025362610817
2010-10-14,0.174080029129982
2010-10-15,0.2399766892194748
2010-10-16,0.22060464322566986
2010-10-17,0.18875670433044434
2010-10-18,0.16641893982887268
2010-10-19,0.14677882194519043
2010-10-20,0.14168603718280792
2010-10-21,0.13954505324363708
2010-10-22,0.13035966455936432
2010-10-23,0.12810759246349335
2010-10-24,0.12024964392185211
2010-10-25,0.12130790948867798
2010-10-26,0.15361355245113373
2010-10-27,0.19083112478256226
2010-10-28,0.22607463598251343
2010-10-29,0.24716567993164062
2010-10-30,0.21644030511379242
2010-10-31,0.18078146874904633
2010-11-01,0.16161289811134338
2010-11-02,0.15060493350028992
2010-11-03,0.14617948234081268
2010-11-04,0.16495159268379211
2010-11-05,0.22946518659591675
2010-11-06,0.23566991090774536
2010-11-07,0.2179054468870163
2010-11-08,0.20174236595630646
2010-11-09,0.18540683388710022
2010-11-10,0.1745890974998474
2010-11-11,0.16264037787914276
2010-11-12,0.15699298679828644
2010-11-13,0.1554124504327774
2010-11-14,0.15286292135715485
2010-11-15,0.1516193002462387
2010-11-16,0.15463969111442566
2010-11-17,0.1835755854845047
2010-11-18,0.1967884600162506
2010-11-19,0.18539394438266754
2010-11-20,0.17672432959079742
2010-11-21,0.17170093953609467
2010-11-22,0.16347017884254456
2010-11-23,0.15729473531246185
2010-11-24,0.150542750954628
2010-11-25,0.15143238008022308
2010-11-26,0.1530553549528122
2010-11-27,0.15511491894721985
2010-11-28,0.15426583588123322
2010-11-29,0.1553935408592224
2010-11-30,0.1545543521642685
2010-12-01,0.24670672416687012
2010-12-02,0.32801422476768494
2010-12-03,0.2950652539730072
2010-12-04,0.2562134563922882
2010-12-05,0.2517359256744385
2010-12-06,0.24318388104438782
2010-12-07,0.22676704823970795
2010-12-08,0.2122524529695511
2010-12-09,0.20020118355751038
2010-12-10,0.19202877581119537
2010-12-11,0.1871199905872345
2010-12-12,0.2073255032300949
2010-12-13,0.2812867760658264
2010-12-14,0.28251999616622925
2010-12-15,0.2578442692756653
2010-12-16,0.2792707681655884
2010-12-17,0.4525689482688904
2010-12-18,0.44670188426971436
2010-12-19,0.412543386220932
2010-12-20,0.37083595991134644
2010-12-21,0.3256145417690277
2010-12-22,0.30072811245918274
2010-12-23,0.2761881351470947
2010-12-24,0.25929421186447144
2010-12-25,0.2433646023273468
2010-12-26,0.2763090133666992
2010-12-27,0.29965487122535706
2010-12-28,0.29409971833229065
2010-12-29,0.28316858410835266
2010-12-30,0.27483323216438293
2010-12-31,0.2730022966861725
2011-01-01,0.278169721364975
2011-01-02,0.33524462580680847
2011-01-03,0.42617785930633545
2011-01-04,0.39337435364723206
2011-01-05,0.34494537115097046
2011-01-06,0.32818496227264404
2011-01-07,0.3257242441177368
2011-01-08,0.3133641481399536
2011-01-09,0.2975252568721771
2011-01-10,0.278769850730896
2011-01-11,0.2784377634525299
2011-01-12,0.2919993996620178
2011-01-13,0.2884628176689148
2011-01-14,0.2779359519481659
2011-01-15,0.27265664935112
2011-01-16,0.2691147029399872
2011-01-17,0.26403161883354187
2011-01-18,0.265476256608963
2011-01-19,0.28741008043289185
2011-01-20,0.28716808557510376
2011-01-21,0.27346765995025635
2011-01-22,0.2647262215614319
2011-01-23,0.25530773401260376
2011-01-24,0.24563242495059967
2011-01-25,0.2414032220840454
2011-01-26,0.2823135256767273
2011-01-27,0.4071463942527771
2011-01-28,0.4066331684589386
2011-01-29,0.36697983741760254
2011-01-30,0.3377239406108856
2011-01-31,0.31654104590415955
2011-02-01,0.29838526248931885
2011-02-02,0.33771398663520813
2011-02-03,0.39597856998443604
2011-02-04,0.4303310513496399
2011-02-05,1.0789719820022583
2011-02-06,1.772752285003662
2011-02-07,1.3116753101348877
2011-02-08,0.9170141816139221
2011-02-09,0.6984596848487854
2011-02-10,0.5761973857879639
2011-02-11,0.49019718170166016
2011-02-12,0.44261422753334045
2011-02-13,0.4055136442184448
2011-02-14,0.38085633516311646
2011-02-15,0.36153119802474976
2011-02-16,0.34583231806755066
2011-02-17,0.33652999997138977
2011-02-18,0.3244997262954712
2011-02-19,0.3113899230957031
2011-02-20,0.30094194412231445
2011-02-21,0.29207876324653625
2011-02-22,0.2855558395385742
2011-02-23,0.27979040145874023
2011-02-24,0.27521368861198425
2011-02-25,0.29350459575653076
2011-02-26,0.318624883890152
2011-02-27,0.3131038546562195
2011-02-28,0.348627507686615
2011-03-01,0.8249731063842773
2011-03-02,0.9590778946876526
2011-03-03,0.752983033657074
2011-03-04,0.5706738233566284
2011-03-05,0.4723210036754608
2011-03-06,0.769574761390686
2011-03-07,1.7308906316757202
2011-03-08,1.418774127960205
2011-03-09,0.9769054055213928
2011-03-10,1.1686160564422607
2011-03-11,1.8016555309295654
2011-03-12,1.4457917213439941
2011-03-13,1.0296558141708374
2011-03-14,0.7842690944671631
2011-03-15,0.6818941831588745
2011-03-16,0.7265446186065674
2011-03-17,0.77534419298172
2011-03-18,0.6920294165611267
2011-03-19,0.5900062322616577
2011-03-20,0.5153142809867859
2011-03-21,0.4671458899974823
2011-03-22,0.43690335750579834
2011-03-23,0.41512900590896606
2011-03-24,0.5378632545471191
2011-03-25,0.6407712697982788
2011-03-26,0.5779180526733398
2011-03-27,0.7338049411773682
2011-03-28,1.1072458028793335
2011-03-29,1.0525492429733276
2011-03-30,1.5239781141281128
2011-03-31,2.7548599243164062
2011-04-01,2.3087620735168457
2011-04-02,1.5733909606933594
2011-04-03,1.0996263027191162
2011-04-04,0.851134717464447
2011-04-05,0.798277735710144
2011-04-06,0.8015717267990112
2011-04-07,0.6964565515518188
2011-04-08,0.6087806224822998
2011-04-09,0.7091948986053467
2011-04-10,1.053511619567871
2011-04-11,1.0367618799209595
2011-04-12,0.840965747833252
2011-04-13,0.6771265268325806
2011-04-14,0.5700263381004333
2011-04-15,0.5015746355056763
2011-04-16,0.5289331078529358
2011-04-17,0.6147192716598511
2011-04-18,0.5540858507156372
2011-04-19,0.48357880115509033
2011-04-20,0.43335720896720886
2011-04-21,0.40018463134765625
2011-04-22,0.40894758701324463
2011-04-23,0.45626968145370483
2011-04-24,0.4504956603050232
2011-04-25,0.41596633195877075
2011-04-26,0.3905380964279175
2011-04-27,0.36769169569015503
2011-04-28,0.3461839258670807
2011-04-29,0.3279688358306885
2011-04-30,0.3042314648628235
2011-05-01,0.2845548987388611
2011-05-02,0.2625988721847534
2011-05-03,0.2434891015291214
2011-05-04,0.5269388556480408
2011-05-05,0.9458134174346924
2011-05-06,0.7720999717712402
2011-05-07,0.5600717067718506
2011-05-08,0.4519784152507782
2011-05-09,0.40810996294021606
2011-05-10,0.35392722487449646
2011-05-11,0.30979740619659424
2011-05-12,0.28558140993118286
2011-05-13,0.2846202850341797
2011-05-14,0.3256656527519226
2011-05-15,0.36347636580467224
2011-05-16,0.37709060311317444
2011-05-17,0.42671260237693787
2011-05-18,0.40579143166542053
2011-05-19,0.3524090051651001
2011-05-20,0.30042698979377747
2011-05-21,0.26196372509002686
2011-05-22,0.23342959582805634
2011-05-23,0.2257690131664276
2011-05-24,0.22270673513412476
2011-05-25,0.20419764518737793
2011-05-26,0.18372602760791779
2011-05-27,0.18165448307991028
2011-05-28,0.230201855301857
2011-05-29,0.24278278648853302
2011-05-30,0.21403037011623383
2011-05-31,0.18690752983093262
2011-06-01,0.16811713576316833
2011-06-02,0.15441425144672394
2011-06-03,0.1367773860692978
2011-06-04,0.12320509552955627
2011-06-05,0.11470690369606018
2011-06-06,0.10692950338125229
2011-06-07,0.09983213245868683
2011-06-08,0.09340080618858337
2011-06-09,0.09079492092132568
2011-06-10,0.09210564941167831
2011-06-11,0.11390335857868195
2011-06-12,0.15683309733867645
2011-06-13,0.16641363501548767
2011-06-14,0.14246885478496552
2011-06-15,0.11546871066093445
2011-06-16,0.09855513274669647
2011-06-17,0.0904698371887207
2011-06-18,0.08814236521720886
2011-06-19,0.08440911769866943
2011-06-20,0.0786738470196724
2011-06-21,0.07315748929977417
2011-06-22,0.07219252735376358
2011-06-23,0.07090148329734802
2011-06-24,0.06606857478618622
2011-06-25,0.06289223581552505
2011-06-26,0.058763425797224045
2011-06-27,0.05726267397403717
2011-06-28,0.0720813199877739
2011-06-29,0.19717296957969666
2011-06-30,0.25124332308769226
2011-07-01,0.18794849514961243
2011-07-02,0.13032609224319458
2011-07-03,0.10050524771213531
2011-07-04,0.09308256953954697
2011-07-05,0.10115032643079758
2011-07-06,0.11345284432172775
2011-07-07,0.12852458655834198
2011-07-08,0.14957919716835022
2011-07-09,0.3333362340927124
2011-07-10,0.38176077604293823
2011-07-11,0.2641594409942627
2011-07-12,0.17208418250083923
2011-07-13,0.13024917244911194
2011-07-14,0.10742773860692978
2011-07-15,0.08971544355154037
2011-07-16,0.0746104046702385
2011-07-17,0.06685702502727509
2011-07-18,0.061253782361745834
2011-07-19,0.056857481598854065
2011-07-20,0.054434068500995636
2011-07-21,0.053108032792806625
2011-07-22,0.050764549523591995
2011-07-23,0.04696493223309517
2011-07-24,0.04491919279098511
2011-07-25,0.05452291667461395
2011-07-26,0.0807650238275528
2011-07-27,0.08606941998004913
2011-07-28,0.07115167379379272
2011-07-29,0.05794930085539818
2011-07-30,0.052642349153757095
2011-07-31,0.058908186852931976
2011-08-01,0.06423477083444595
2011-08-02,0.05727670341730118
2011-08-03,0.050231754779815674
2011-08-04,0.04819042980670929
2011-08-05,0.04553048685193062
2011-08-06,0.04990944266319275
2011-08-07,0.057245757430791855
2011-08-08,0.05547282472252846
2011-08-09,0.04763921722769737
2011-08-10,0.04056590795516968
2011-08-11,0.03630060330033302
2011-08-12,0.03639915585517883
2011-08-13,0.04306952282786369
2011-08-14,0.05609484761953354
2011-08-15,0.07523272186517715
2011-08-16,0.0735541358590126
2011-08-17,0.06097583845257759
2011-08-18,0.04936346411705017
2011-08-19,0.04272285848855972
2011-08-20,0.03932574391365051
2011-08-21,0.039484214037656784
2011-08-22,0.04362334683537483
2011-08-23,0.041493970900774
2011-08-24,0.0368109792470932
2011-08-25,0.032602954655885696
2011-08-26,0.02928256057202816
2011-08-27,0.03154269605875015
2011-08-28,0.030151156708598137
2011-08-29,0.03368566185235977
2011-08-30,0.041834138333797455
2011-08-31,0.044314127415418625
2011-09-01,0.03896908834576607
2011-09-02,0.036042220890522
2011-09-03,0.03342137113213539
2011-09-04,0.03053240478038788
2011-09-05,0.029354659840464592
2011-09-06,0.06322167068719864
2011-09-07,0.11226615309715271
2011-09-08,0.10224071890115738
2011-09-09,0.0773153305053711
2011-09-10,0.06033894419670105
2011-09-11,0.049927569925785065
2011-09-12,0.04309973120689392
2011-09-13,0.03846904635429382
2011-09-14,0.03520216420292854
2011-09-15,0.03420569375157356
2011-09-16,0.036324527114629745
2011-09-17,0.03650331869721413
2011-09-18,0.036888882517814636
2011-09-19,0.03557823598384857
2011-09-20,0.03506923094391823
2011-09-21,0.061806436628103256
2011-09-22,0.10677206516265869
2011-09-23,0.19157171249389648
2011-09-24,0.3674312233924866
2011-09-25,0.37762635946273804
2011-09-26,0.3027908205986023
2011-09-27,0.23365552723407745
2011-09-28,0.23691847920417786
2011-09-29,0.2531675100326538
2011-09-30,0.19000475108623505
2011-10-01,0.13468758761882782
2011-10-02,0.10434557497501373
2011-10-03,0.08732827752828598
2011-10-04,0.07606814801692963
2011-10-05,0.06795759499073029
2011-10-06,0.06183840334415436
2011-10-07,0.057938352227211
2011-10-08,0.05433489754796028
2011-10-09,0.051868099719285965
2011-10-10,0.052980199456214905
2011-10-11,0.05656825378537178
2011-10-12,0.07822094857692719
2011-10-13,0.10115493834018707
2011-10-14,0.10282620042562485
2011-10-15,0.08871273696422577
2011-10-16,0.07706662267446518
2011-10-17,0.06860486418008804
2011-10-18,0.0620337538421154
2011-10-19,0.18612317740917206
2011-10-20,0.4279385805130005
2011-10-21,0.34503817558288574
2011-10-22,0.22340592741966248
2011-10-23,0.15941821038722992
2011-10-24,0.13011060655117035
2011-10-25,0.10842853784561157
2011-10-26,0.096903495490551
2011-10-27,0.08652256429195404
2011-10-28,0.08769261837005615
2011-10-29,0.14259472489356995
2011-10-30,0.22614437341690063
2011-10-31,0.20597748458385468
2011-11-01,0.17026913166046143
2011-11-02,0.14554254710674286
2011-11-03,0.12885673344135284
2011-11-04,0.6622775793075562
2011-11-05,1.8404085636138916
2011-11-06,1.321631669998169
2011-11-07,0.7242527008056641
2011-11-08,0.4561612904071808
2011-11-09,0.3407745361328125
2011-11-10,0.27875977754592896
2011-11-11,0.23947036266326904
2011-11-12,0.21842774748802185
2011-11-13,0.19814752042293549
2011-11-14,0.18451973795890808
2011-11-15,0.1727418750524521
2011-11-16,0.16983306407928467
2011-11-17,0.36296066641807556
2011-11-18,0.7435668110847473
2011-11-19,0.6356925964355469
2011-11-20,0.46515947580337524
2011-11-21,0.35849693417549133
2011-11-22,0.29871535301208496
2011-11-23,0.28053975105285645
2011-11-24,0.28158071637153625
2011-11-25,0.26140064001083374
2011-11-26,0.2334957718849182
2011-11-27,0.21516403555870056
2011-11-28,0.20235194265842438
2011-11-29,1.5391699075698853
2011-11-30,3.283020496368408
2011-12-01,2.205227851867676
2011-12-02,1.1957566738128662
2011-12-03,0.7556151151657104
2011-12-04,0.5587450265884399
2011-12-05,0.45641613006591797
2011-12-06,0.3927806615829468
2011-12-07,0.3997866213321686
2011-12-08,0.6165234446525574
2011-12-09,0.6078352928161621
2011-12-10,0.5011684894561768
2011-12-11,0.4262634515762329
2011-12-12,0.37219664454460144
2011-12-13,0.3410187363624573
2011-12-14,0.3153073191642761
2011-12-15,0.2998046278953552
2011-12-16,0.2906501889228821
2011-12-17,0.4616665840148926
2011-12-18,0.6461375951766968
2011-12-19,0.5910494923591614
2011-12-20,0.4938971996307373
2011-12-21,0.6276451349258423
2011-12-22,1.2205328941345215
2011-12-23,1.3318895101547241
2011-12-24,1.0818406343460083
2011-12-25,0.7997702360153198
2011-12-26,0.6115772724151611
2011-12-27,0.6450499296188354
2011-12-28,1.012050986289978
2011-12-29,0.9040555357933044
2011-12-30,0.7076469659805298
2011-12-31,0.5788653492927551
2012-01-01,0.5051355957984924
2012-01-02,0.46171069145202637
2012-01-03,0.43209975957870483
2012-01-04,0.391835480928421
2012-01-05,0.3574632704257965
2012-01-06,0.34161195158958435
2012-01-07,0.3295004963874817
2012-01-08,0.3170340657234192
2012-01-09,0.3146994113922119
2012-01-10,0.3335338532924652
2012-01-11,0.3873007893562317
2012-01-12,0.5922249555587769
2012-01-13,0.5887781381607056
2012-01-14,0.5086719989776611
2012-01-15,0.43626126646995544
2012-01-16,0.39548781514167786
2012-01-17,0.36928173899650574
2012-01-18,0.3854789733886719
2012-01-19,0.3927808701992035
2012-01-20,0.3712853193283081
2012-01-21,0.43160784244537354
2012-01-22,0.63300621509552
2012-01-23,0.6476547718048096
2012-01-24,0.6157810091972351
2012-01-25,0.5473141670227051
2012-01-26,0.485368549823761
2012-01-27,0.5496402382850647
2012-01-28,0.692114531993866
2012-01-29,0.6270032525062561
2012-01-30,0.5322084426879883
2012-01-31,0.4682709574699402
2012-02-01,0.43116357922554016
2012-02-02,0.40853339433670044
2012-02-03,0.38179293274879456
2012-02-04,0.36243245005607605
2012-02-05,0.3957445025444031
2012-02-06,0.501157820224762
2012-02-07,0.4825189411640167
2012-02-08,0.43819230794906616
2012-02-09,0.40118274092674255
2012-02-10,0.37490248680114746
2012-02-11,0.3544783592224121
2012-02-12,0.3398755192756653
2012-02-13,0.323436975479126
2012-02-14,0.31074613332748413
2012-02-15,0.3024877905845642
2012-02-16,0.31926652789115906
2012-02-17,0.3792880177497864
2012-02-18,0.3767684996128082
2012-02-19,0.4325164556503296
2012-02-20,0.8870633244514465
2012-02-21,0.8881610631942749
2012-02-22,0.7364591360092163
2012-02-23,0.681036651134491
2012-02-24,0.8391249775886536
2012-02-25,0.8926602005958557
2012-02-26,0.7417857050895691
2012-02-27,0.6057692766189575
2012-02-28,0.6313354969024658
2012-02-29,0.5978262424468994
2012-03-01,0.5870856642723083
2012-03-02,0.5580341815948486
2012-03-03,1.3032703399658203
2012-03-04,2.445950508117676
2012-03-05,1.8643629550933838
2012-03-06,1.2386953830718994
2012-03-07,0.8908740282058716
2012-03-08,0.7233479022979736
2012-03-09,0.6815362572669983
2012-03-10,0.6874482035636902
2012-03-11,0.6170192956924438
2012-03-12,0.5488561987876892
2012-03-13,0.5088346004486084
2012-03-14,0.4703919291496277
2012-03-15,0.4418320655822754
2012-03-16,0.41670435667037964
2012-03-17,0.45209839940071106
2012-03-18,0.6067137122154236
2012-03-19,0.728499710559845
2012-03-20,0.6728573441505432
2012-03-21,0.8474949598312378
2012-03-22,1.108045220375061
2012-03-23,0.9330750107765198
2012-03-24,1.5708580017089844
2012-03-25,4.898615837097168
2012-03-26,4.674272060394287
2012-03-27,2.77384090423584
2012-03-28,1.6489617824554443
2012-03-29,1.1484107971191406
2012-03-30,0.8848386406898499
2012-03-31,0.796012282371521
2012-04-01,0.7707005143165588
2012-04-02,0.6799452304840088
2012-04-03,0.5952602028846741
2012-04-04,0.5986614227294922
2012-04-05,0.6436101794242859
2012-04-06,0.6530648469924927
2012-04-07,0.6098585724830627
2012-04-08,0.5400377511978149
2012-04-09,0.4814004898071289
2012-04-10,0.43613487482070923
2012-04-11,0.3994717299938202
2012-04-12,0.3703687787055969
2012-04-13,0.3451826870441437
2012-04-14,0.33424386382102966
2012-04-15,0.32045602798461914
2012-04-16,0.30300742387771606
2012-04-17,0.2831762433052063
2012-04-18,0.2777444124221802
2012-04-19,0.2939445376396179
2012-04-20,0.2882969379425049
2012-04-21,0.2754763662815094
2012-04-22,0.3734564781188965
2012-04-23,0.7096710205078125
2012-04-24,0.7165871858596802
2012-04-25,0.5717504620552063
2012-04-26,0.5291178822517395
2012-04-27,0.4971432387828827
2012-04-28,0.4286128878593445
2012-04-29,0.36983922123908997
2012-04-30,0.33227160573005676
2012-05-01,0.30627140402793884
2012-05-02,0.2768619954586029
2012-05-03,0.2529073655605316
2012-05-04,0.22947445511817932
2012-05-05,0.2573736011981964
2012-05-06,0.384683221578598
2012-05-07,0.41258180141448975
2012-05-08,0.34239330887794495
2012-05-09,0.3308185338973999
2012-05-10,0.4474083185195923
2012-05-11,0.40445634722709656
2012-05-12,0.3236026167869568
2012-05-13,0.2830531597137451
2012-05-14,0.3822515308856964
2012-05-15,1.122218370437622
2012-05-16,1.5950212478637695
2012-05-17,1.2322025299072266
2012-05-18,0.805092453956604
2012-05-19,0.5468199849128723
2012-05-20,0.41060671210289
2012-05-21,0.3315389156341553
2012-05-22,0.30843618512153625
2012-05-23,0.5019198060035706
2012-05-24,0.8005046844482422
2012-05-25,0.6666914224624634
2012-05-26,0.48689621686935425
2012-05-27,0.3580014109611511
2012-05-28,0.29171425104141235
2012-05-29,0.2844575047492981
2012-05-30,0.36840784549713135
2012-05-31,0.3941159248352051
2012-06-01,0.3757004737854004
2012-06-02,0.45341792702674866
2012-06-03,0.415024995803833
2012-06-04,0.3263254165649414
2012-06-05,0.26500555872917175
2012-06-06,0.2874821722507477
2012-06-07,0.3424493372440338
2012-06-08,0.31091657280921936
2012-06-09,0.2580578625202179
2012-06-10,0.21685536205768585
2012-06-11,0.21055564284324646
2012-06-12,0.2570086121559143
2012-06-13,0.27881762385368347
2012-06-14,0.24463018774986267
2012-06-15,0.2045956552028656
2012-06-16,0.17915743589401245
2012-06-17,0.15638792514801025
2012-06-18,0.14124782383441925
2012-06-19,0.1350320279598236
2012-06-20,0.13257327675819397
2012-06-21,0.12761962413787842
2012-06-22,0.12824083864688873
2012-06-23,0.13599663972854614
2012-06-24,0.12811864912509918
2012-06-25,0.11942709982395172
2012-06-26,0.11671862751245499
2012-06-27,0.10746637731790543
2012-06-28,0.0977536216378212
2012-06-29,0.09022326022386551
2012-06-30,0.0853528305888176
2012-07-01,0.08389066904783249
2012-07-02,0.08017377555370331
2012-07-03,0.07500414550304413
2012-07-04,0.06880756467580795
2012-07-05,0.06602189689874649
2012-07-06,0.06671850383281708
2012-07-07,0.06742417812347412
2012-07-08,0.06263481080532074
2012-07-09,0.0640702024102211
2012-07-10,0.1503056287765503
2012-07-11,0.5540924072265625
2012-07-12,0.6275824308395386
2012-07-13,0.45533743500709534
2012-07-14,0.3685746192932129
2012-07-15,0.2813085615634918
2012-07-16,0.20416858792304993
2012-07-17,0.15752050280570984
2012-07-18,0.12634313106536865
2012-07-19,0.10786744207143784
2012-07-20,0.10573719441890717
2012-07-21,0.17790178954601288
2012-07-22,0.32381850481033325
2012-07-23,0.4005852937698364
2012-07-24,0.35741961002349854
2012-07-25,0.2929909825325012
2012-07-26,0.21967606246471405
2012-07-27,0.1877913475036621
2012-07-28,0.21856892108917236
2012-07-29,0.2590333819389343
2012-07-30,0.2449340671300888
2012-07-31,0.1900429129600525
2012-08-01,0.15014971792697906
2012-08-02,0.1257767230272293
2012-08-03,0.10642444342374802
2012-08-04,0.09253731369972229
2012-08-05,0.08425058424472809
2012-08-06,0.08354514837265015
2012-08-07,0.10962256044149399
2012-08-08,0.1611602008342743
2012-08-09,0.16862747073173523
2012-08-10,0.1897718906402588
2012-08-11,0.2837504744529724
2012-08-12,0.345243364572525
2012-08-13,0.30137112736701965
2012-08-14,0.22444571554660797
2012-08-15,0.16534355282783508
2012-08-16,0.13232512772083282
2012-08-17,0.11453758180141449
2012-08-18,0.10185941308736801
2012-08-19,0.13948488235473633
2012-08-20,0.2608114778995514
2012-08-21,0.2745306193828583
2012-08-22,0.22702395915985107
2012-08-23,0.1841786801815033
2012-08-24,0.14912398159503937
2012-08-25,0.12410637736320496
2012-08-26,0.1079157367348671
2012-08-27,0.09518440812826157
2012-08-28,0.08818110823631287
2012-08-29,0.08530361205339432
2012-08-30,0.08084529638290405
2012-08-31,0.07484722137451172
2012-09-01,0.06877897679805756
2012-09-02,0.07880517840385437
2012-09-03,0.7493754029273987
2012-09-04,1.352996826171875
2012-09-05,0.8634738326072693
2012-09-06,0.5028517246246338
2012-09-07,0.36945122480392456
2012-09-08,0.33029139041900635
2012-09-09,0.3670271933078766
2012-09-10,0.30214405059814453
2012-09-11,0.22472593188285828
2012-09-12,0.17628826200962067
2012-09-13,0.14617985486984253
2012-09-14,0.12801875174045563
2012-09-15,0.11449520289897919
2012-09-16,0.12036532908678055
2012-09-17,0.14287716150283813
2012-09-18,0.7418051362037659
2012-09-19,2.9585819244384766
2012-09-20,2.2323455810546875
2012-09-21,1.1177408695220947
2012-09-22,0.6043100357055664
2012-09-23,0.40630418062210083
2012-09-24,0.3036956787109375
2012-09-25,0.24472501873970032
2012-09-26,0.20838789641857147
2012-09-27,0.18404772877693176
2012-09-28,0.18734481930732727
2012-09-29,0.43243926763534546
2012-09-30,0.7741565704345703
2012-10-01,0.6437498927116394
2012-10-02,0.5456312894821167
2012-10-03,0.4703208804130554
2012-10-04,0.3728817403316498
2012-10-05,0.2960923910140991
2012-10-06,0.24862606823444366
2012-10-07,0.2682056725025177
2012-10-08,0.40051865577697754
2012-10-09,0.5042675137519836
2012-10-10,0.4436744451522827
2012-10-11,0.35147011280059814
2012-10-12,0.2861785590648651
2012-10-13,0.24387535452842712
2012-10-14,0.22439226508140564
2012-10-15,0.24008844792842865
2012-10-16,0.286507248878479
2012-10-17,0.27219682931900024
2012-10-18,0.23876847326755524
2012-10-19,0.24345360696315765
2012-10-20,0.24812859296798706
2012-10-21,0.22684073448181152
2012-10-22,0.20861448347568512
2012-10-23,0.19448992609977722
2012-10-24,0.18074698746204376
2012-10-25,0.17068935930728912
2012-10-26,0.1630173921585083
2012-10-27,0.15683569014072418
2012-10-28,0.15081787109375
2012-10-29,0.14967186748981476
2012-10-30,0.15477418899536133
2012-10-31,0.15830141305923462
2012-11-01,0.15686818957328796
2012-11-02,0.15514051914215088
2012-11-03,0.14889785647392273
2012-11-04,0.14599452912807465
2012-11-05,0.14185556769371033
2012-11-06,0.14002136886119843
2012-11-07,0.14034584164619446
2012-11-08,0.13997521996498108
2012-11-09,0.1393190175294876
2012-11-10,0.14153403043746948
2012-11-11,0.14003300666809082
2012-11-12,0.1363321989774704
2012-11-13,0.15251055359840393
2012-11-14,0.18602852523326874
2012-11-15,0.19574996829032898
2012-11-16,0.20737184584140778
2012-11-17,0.19720561802387238
2012-11-18,0.1821165382862091
2012-11-19,0.17162156105041504
2012-11-20,0.1662445217370987
2012-11-21,0.1615728735923767
2012-11-22,0.1563677191734314
2012-11-23,0.15567299723625183
2012-11-24,0.14594343304634094
2012-11-25,0.1454250067472458
2012-11-26,0.1435185819864273
2012-11-27,0.14109493792057037
2012-11-28,0.1446879506111145
2012-11-29,0.1472916603088379
2012-11-30,0.14454083144664764
2012-12-01,0.1465110033750534
2012-12-02,0.14634771645069122
2012-12-03,0.14504405856132507
2012-12-04,0.14509367942810059
2012-12-05,0.14337235689163208
2012-12-06,0.14357660710811615
2012-12-07,0.14749494194984436
2012-12-08,0.17219795286655426
2012-12-09,0.18128935992717743
2012-12-10,0.18384744226932526
2012-12-11,0.18401826918125153
2012-12-12,0.17973892390727997
2012-12-13,0.18722502887248993
2012-12-14,0.20149052143096924
2012-12-15,0.19503624737262726
2012-12-16,0.19051378965377808
2012-12-17,0.22902880609035492
2012-12-18,0.30773210525512695
2012-12-19,0.3057122528553009
2012-12-20,0.26701509952545166
2012-12-21,0.3191225528717041
2012-12-22,0.3826587498188019
2012-12-23,0.35037553310394287
2012-12-24,0.3024679720401764
2012-12-25,0.28488215804100037
2012-12-26,0.6589629650115967
2012-12-27,1.7895784378051758
2012-12-28,1.389534831047058
2012-12-29,0.9614365100860596
2012-12-30,0.8859862685203552
2012-12-31,0.7044483423233032
2013-01-01,0.5553674101829529
2013-01-02,0.6599120497703552
2013-01-03,0.7316731810569763
2013-01-04,0.6619503498077393
2013-01-05,0.5490832328796387
2013-01-06,0.4683210849761963
2013-01-07,0.42202749848365784
2013-01-08,0.389700710773468
2013-01-09,0.3645656406879425
2013-01-10,0.344597727060318
2013-01-11,0.3372999429702759
2013-01-12,0.3631678819656372
2013-01-13,0.35594671964645386
2013-01-14,0.3664962351322174
2013-01-15,0.43663713335990906
2013-01-16,0.5133193731307983
2013-01-17,1.6391675472259521
2013-01-18,7.45578670501709
2013-01-19,4.980690956115723
2013-01-20,2.6111369132995605
2013-01-21,1.5520843267440796
2013-01-22,1.0836551189422607
2013-01-23,0.8522899746894836
2013-01-24,0.7200281620025635
2013-01-25,0.6137447953224182
2013-01-26,0.5884045958518982
2013-01-27,0.5565855503082275
2013-01-28,0.5278761386871338
2013-01-29,0.5326755046844482
2013-01-30,0.515022873878479
2013-01-31,0.8609349727630615
2013-02-01,1.0444730520248413
2013-02-02,0.8920170068740845
2013-02-03,0.7232375144958496
2013-02-04,0.6168929934501648
2013-02-05,0.5409761071205139
2013-02-06,0.49300628900527954
2013-02-07,0.4725780785083771
2013-02-08,1.1460009813308716
2013-02-09,2.027864456176758
2013-02-10,1.6181244850158691
2013-02-11,1.172129511833191
2013-02-12,1.0973519086837769
2013-02-13,0.9930251836776733
2013-02-14,1.0878539085388184
2013-02-15,0.9260285496711731
2013-02-16,0.866142213344574
2013-02-17,1.0096890926361084
2013-02-18,0.8822319507598877
2013-02-19,0.8427539467811584
2013-02-20,1.0263376235961914
2013-02-21,0.9225351214408875
2013-02-22,0.9008545279502869
2013-02-23,1.7237260341644287
2013-02-24,2.6594417095184326
2013-02-25,2.0162322521209717
2013-02-26,2.3919646739959717
2013-02-27,4.276188373565674
2013-02-28,3.0339488983154297
2013-03-01,1.9231352806091309
2013-03-02,1.3707354068756104
2013-03-03,1.094177007675171
2013-03-04,0.9182641506195068
2013-03-05,0.8083762526512146
2013-03-06,0.8711691498756409
2013-03-07,0.9092479348182678
2013-03-08,0.8331855535507202
2013-03-09,0.7470856308937073
2013-03-10,0.6798930764198303
2013-03-11,0.6385455131530762
2013-03-12,1.1594645977020264
2013-03-13,1.9360426664352417
2013-03-14,1.6408865451812744
2013-03-15,1.202112078666687
2013-03-16,0.9669121503829956
2013-03-17,0.8243018388748169
2013-03-18,0.7637783288955688
2013-03-19,0.8331187963485718
2013-03-20,0.8011516332626343
2013-03-21,0.7303885221481323
2013-03-22,0.6641567945480347
2013-03-23,0.6011266708374023
2013-03-24,0.8218643665313721
2013-03-25,1.4623560905456543
2013-03-26,1.3545821905136108
2013-03-27,1.0846821069717407
2013-03-28,0.8798301219940186
2013-03-29,0.7526060342788696
2013-03-30,0.6694090366363525
2013-03-31,0.798651933670044
2013-04-01,1.1892337799072266
2013-04-02,1.1705002784729004
2013-04-03,0.9602945446968079
2013-04-04,1.064133882522583
2013-04-05,1.7056745290756226
2013-04-06,1.796907901763916
2013-04-07,1.4111993312835693
2013-04-08,1.0908725261688232
2013-04-09,0.8916336297988892
2013-04-10,0.7608872652053833
2013-04-11,0.6689707636833191
2013-04-12,0.7415440082550049
2013-04-13,0.8813175559043884
2013-04-14,0.7798032164573669
2013-04-15,0.6826611161231995
2013-04-16,0.617506742477417
2013-04-17,0.56109219789505
2013-04-18,0.5175886154174805
2013-04-19,0.5254326462745667
2013-04-20,0.7845476269721985
2013-04-21,0.7823939919471741
2013-04-22,0.658801257610321
2013-04-23,0.5655789375305176
2013-04-24,0.5104256868362427
2013-04-25,0.4640234708786011
2013-04-26,0.4196651577949524
2013-04-27,0.3940126895904541
2013-04-28,0.41042670607566833
2013-04-29,1.113520860671997
2013-04-30,1.7481749057769775
2013-05-01,1.3469895124435425
2013-05-02,0.9563926458358765
2013-05-03,0.731011152267456
2013-05-04,0.6014603972434998
2013-05-05,0.5134132504463196
2013-05-06,0.7600269317626953
2013-05-07,1.5564438104629517
2013-05-08,1.6089668273925781
2013-05-09,1.395503044128418
2013-05-10,1.1111772060394287
2013-05-11,0.8460404872894287
2013-05-12,0.711055338382721
2013-05-13,0.601535975933075
2013-05-14,0.5114573836326599
2013-05-15,0.46026819944381714
2013-05-16,0.4081198573112488
2013-05-17,0.36262866854667664
2013-05-18,0.37180450558662415
2013-05-19,0.8443202972412109
2013-05-20,1.581418514251709
2013-05-21,1.645918607711792
2013-05-22,1.2188670635223389
2013-05-23,1.2588063478469849
2013-05-24,1.7510144710540771
2013-05-25,1.3172117471694946
2013-05-26,0.8803868889808655
2013-05-27,0.6497644186019897
2013-05-28,0.5266643762588501
2013-05-29,0.44463640451431274
2013-05-30,0.3855879604816437
2013-05-31,0.33975329995155334
2013-06-01,0.3059234917163849
2013-06-02,0.27579930424690247
2013-06-03,0.45525193214416504
2013-06-04,0.8078537583351135
2013-06-05,0.6806624531745911
2013-06-06,0.5397753119468689
2013-06-07,1.869757890701294
2013-06-08,4.497830867767334
2013-06-09,3.3852128982543945
2013-06-10,2.9472532272338867
2013-06-11,3.4995687007904053
2013-06-12,2.3259570598602295
2013-06-13,1.4688812494277954
2013-06-14,1.0777695178985596
2013-06-15,0.786880373954773
2013-06-16,0.6071699857711792
2013-06-17,0.48866045475006104
2013-06-18,0.49013978242874146
2013-06-19,0.633696436882019
2013-06-20,0.5948110222816467
2013-06-21,0.49146440625190735
2013-06-22,0.39891552925109863
2013-06-23,0.3681710362434387
2013-06-24,0.3627702295780182
2013-06-25,0.35731640458106995
2013-06-26,0.42969295382499695
2013-06-27,0.4803432822227478
2013-06-28,0.5106199979782104
2013-06-29,0.8346062898635864
2013-06-30,1.9370872974395752
2013-07-01,3.427196502685547
2013-07-02,3.404604196548462
2013-07-03,5.484714508056641
2013-07-04,6.948624134063721
2013-07-05,5.095062732696533
2013-07-06,3.097355365753174
2013-07-07,1.8480112552642822
2013-07-08,1.7599915266036987
2013-07-09,2.161684989929199
2013-07-10,1.8428163528442383
2013-07-11,3.2368369102478027
2013-07-12,4.69701623916626
2013-07-13,3.3135080337524414
2013-07-14,2.731905460357666
2013-07-15,2.6042795181274414
2013-07-16,1.977156639099121
2013-07-17,1.3227463960647583
2013-07-18,0.9608297348022461
2013-07-19,0.7591707706451416
2013-07-20,0.6215868592262268
2013-07-21,0.5543192625045776
2013-07-22,0.5144254565238953
2013-07-23,0.46472296118736267
2013-07-24,0.421749472618103
2013-07-25,0.43013647198677063
2013-07-26,0.4378049075603485
2013-07-27,0.4661984443664551
2013-07-28,0.6109751462936401
2013-07-29,0.7442677021026611
2013-07-30,0.6793593764305115
2013-07-31,0.5336954593658447
2013-08-01,0.7029038667678833
2013-08-02,1.0023863315582275
2013-08-03,0.7877123355865479
2013-08-04,0.5825222730636597
2013-08-05,0.4528486430644989
2013-08-06,0.44451916217803955
2013-08-07,0.46796703338623047
2013-08-08,0.4028080999851227
2013-08-09,0.3566681444644928
2013-08-10,0.3594179153442383
2013-08-11,0.3764101564884186
2013-08-12,0.35501953959465027
2013-08-13,0.35449540615081787
2013-08-14,0.3482757806777954
2013-08-15,0.3127290904521942
2013-08-16,0.2742347717285156
2013-08-17,0.27337536215782166
2013-08-18,0.3289976716041565
2013-08-19,0.4000992178916931
2013-08-20,0.427240788936615
2013-08-21,0.7878166437149048
2013-08-22,1.1812540292739868
2013-08-23,0.9048543572425842
2013-08-24,0.6643503904342651
2013-08-25,0.48387813568115234
2013-08-26,0.3853445053100586
2013-08-27,0.3269006311893463
2013-08-28,0.2872235178947449
2013-08-29,0.258127361536026
2013-08-30,0.23149700462818146
2013-08-31,0.20958179235458374
2013-09-01,0.26035913825035095
2013-09-02,0.506563127040863
2013-09-03,0.5857774615287781
2013-09-04,0.4493067264556885
2013-09-05,0.3396635055541992
2013-09-06,0.27324214577674866
2013-09-07,0.23576989769935608
2013-09-08,0.21379727125167847
2013-09-09,0.19786617159843445
2013-09-10,0.18702450394630432
2013-09-11,0.1757669895887375
2013-09-12,0.16773384809494019
2013-09-13,0.16231179237365723
2013-09-14,0.1548638790845871
2013-09-15,0.15153038501739502
2013-09-16,0.14683526754379272
2013-09-17,0.14164429903030396
2013-09-18,0.13437491655349731
2013-09-19,0.13351309299468994
2013-09-20,0.13907060027122498
2013-09-21,0.16352421045303345
2013-09-22,0.2685292065143585
2013-09-23,0.3041340410709381
2013-09-24,0.258078008890152
2013-09-25,0.21367879211902618
2013-09-26,0.18880920112133026
2013-09-27,0.17195849120616913
2013-09-28,0.15702606737613678
2013-09-29,0.1459827721118927
2013-09-30,0.1443289816379547
2013-10-01,0.14095404744148254
2013-10-02,0.13544069230556488
2013-10-03,0.13430067896842957
2013-10-04,0.13019388914108276
2013-10-05,0.1265142410993576
2013-10-06,0.1215013712644577
2013-10-07,0.17650654911994934
2013-10-08,0.29754456877708435
2013-10-09,0.2984233796596527
2013-10-10,0.2726118564605713
2013-10-11,0.2970084249973297
2013-10-12,0.2707563042640686
2013-10-13,0.24023671448230743
2013-10-14,0.22874899208545685
2013-10-15,0.21474671363830566
2013-10-16,0.1974802315235138
2013-10-17,0.1862703263759613
2013-10-18,0.1781727373600006
2013-10-19,0.17344863712787628
2013-10-20,0.16851776838302612
2013-10-21,0.16332098841667175
2013-10-22,0.15795451402664185
2013-10-23,0.15304383635520935
2013-10-24,0.14871597290039062
2013-10-25,0.14175987243652344
2013-10-26,0.1413697451353073
2013-10-27,0.1361548751592636
2013-10-28,0.13982513546943665
2013-10-29,0.14094538986682892
2013-10-30,0.14260290563106537
2013-10-31,0.13879451155662537
2013-11-01,0.1556670218706131
2013-11-02,0.19741490483283997
2013-11-03,0.19024810194969177
2013-11-04,0.17387506365776062
2013-11-05,0.17282600700855255
2013-11-06,0.16397534310817719
2013-11-07,0.15745702385902405
2013-11-08,0.1527317613363266
2013-11-09,0.15280833840370178
2013-11-10,0.15089352428913116
2013-11-11,0.14691422879695892
2013-11-12,0.14337503910064697
2013-11-13,0.14551831781864166
2013-11-14,0.14802764356136322
2013-11-15,0.14954239130020142
2013-11-16,0.14569218456745148
2013-11-17,0.1490340381860733
2013-11-18,0.1583436280488968
2013-11-19,0.1602514088153839
2013-11-20,0.15541638433933258
2013-11-21,0.15657801926136017
2013-11-22,0.1567995250225067
2013-11-23,0.1534298062324524
2013-11-24,0.1491319090127945
2013-11-25,0.14583204686641693
2013-11-26,0.16385795176029205
2013-11-27,0.5671882629394531
2013-11-28,0.887277364730835
2013-11-29,0.6441539525985718
2013-11-30,0.4379599690437317
2013-12-01,0.3526059091091156
2013-12-02,0.3068447709083557
2013-12-03,0.27649277448654175
2013-12-04,0.25516477227211
2013-12-05,0.2485063672065735
2013-12-06,0.2504563331604004
2013-12-07,0.2661955654621124
2013-12-08,0.30830538272857666
2013-12-09,0.38566291332244873
2013-12-10,0.6558541059494019
2013-12-11,0.8483023643493652
2013-12-12,0.6665773987770081
2013-12-13,0.5005339980125427
2013-12-14,0.5762741565704346
2013-12-15,1.0145397186279297
2013-12-16,0.9299607872962952
2013-12-17,0.6999697089195251
2013-12-18,0.5437374114990234
2013-12-19,0.4642711877822876
2013-12-20,0.41336923837661743
2013-12-21,0.37800949811935425
2013-12-22,0.35952162742614746
2013-12-23,1.3889851570129395
2013-12-24,3.5594139099121094
2013-12-25,2.4645321369171143
2013-12-26,1.3662980794906616
2013-12-27,0.913381814956665
2013-12-28,0.7062117457389832
2013-12-29,2.3700482845306396
2013-12-30,4.8188934326171875
2013-12-31,3.20387601852417
2014-01-01,1.8181095123291016
2014-01-02,1.2474191188812256
2014-01-03,1.1922218799591064
2014-01-04,1.0566060543060303
2014-01-05,0.8930717706680298
2014-01-06,1.5240213871002197
2014-01-07,1.5842171907424927
2014-01-08,1.1653368473052979
2014-01-09,0.9296216368675232
2014-01-10,1.132335901260376
2014-01-11,5.404281139373779
2014-01-12,8.0466890335083
2014-01-13,4.695776462554932
2014-01-14,2.8315160274505615
2014-01-15,2.4586057662963867
2014-01-16,1.9600790739059448
2014-01-17,1.4863510131835938
2014-01-18,1.1964170932769775
2014-01-19,0.9989445209503174
2014-01-20,0.8719040751457214
2014-01-21,0.7984907031059265
2014-01-22,0.7921959757804871
2014-01-23,0.7293259501457214
2014-01-24,0.6833996772766113
2014-01-25,0.6291662454605103
2014-01-26,0.5800127983093262
2014-01-27,0.5548679828643799
2014-01-28,0.5416200757026672
2014-01-29,0.543083667755127
2014-01-30,0.5142993927001953
2014-01-31,0.4991498589515686
2014-02-01,0.4876445531845093
2014-02-02,0.48303931951522827
2014-02-03,0.509614109992981
2014-02-04,0.6102297306060791
2014-02-05,0.8234321475028992
2014-02-06,1.0562149286270142
2014-02-07,0.9163190722465515
2014-02-08,0.7726738452911377
2014-02-09,0.6852826476097107
2014-02-10,0.6311840415000916
2014-02-11,0.6086694002151489
2014-02-12,0.623887300491333
2014-02-13,1.2533142566680908
2014-02-14,2.3766844272613525
2014-02-15,2.893798351287842
2014-02-16,2.8195576667785645
2014-02-17,2.2028956413269043
2014-02-18,1.6721842288970947
2014-02-19,1.6036262512207031
2014-02-20,1.8434182405471802
2014-02-21,1.8731558322906494
2014-02-22,2.0982682704925537
2014-02-23,1.6819062232971191
2014-02-24,1.3162384033203125
2014-02-25,1.0784399509429932
2014-02-26,0.9265627264976501
2014-02-27,0.8292115926742554
2014-02-28,0.773281455039978
2014-03-01,0.7012226581573486
2014-03-02,0.6584186553955078
2014-03-03,0.6787508130073547
2014-03-04,0.8478627800941467
2014-03-05,0.7987909317016602
2014-03-06,0.7566558718681335
2014-03-07,4.762290000915527
2014-03-08,9.949240684509277
2014-03-09,6.720335960388184
2014-03-10,3.8504631519317627
2014-03-11,2.5695559978485107
2014-03-12,2.1254589557647705
2014-03-13,2.1811439990997314
2014-03-14,1.7092314958572388
2014-03-15,1.3992431163787842
2014-03-16,1.3156675100326538
2014-03-17,1.804988145828247
2014-03-18,2.546703577041626
2014-03-19,2.613421678543091
2014-03-20,2.2055773735046387
2014-03-21,1.6980186700820923
2014-03-22,1.404510736465454
2014-03-23,1.2747398614883423
2014-03-24,1.2825045585632324
2014-03-25,1.1360230445861816
2014-03-26,1.0778052806854248
2014-03-27,0.9512970447540283
2014-03-28,0.9118908047676086
2014-03-29,1.120444655418396
2014-03-30,1.5267363786697388
2014-03-31,1.3840042352676392
2014-04-01,1.1493580341339111
2014-04-02,1.0091609954833984
2014-04-03,0.8944295644760132
2014-04-04,0.8171176910400391
2014-04-05,0.7493160367012024
2014-04-06,0.6957132816314697
2014-04-07,1.2717608213424683
2014-04-08,2.6841776371002197
2014-04-09,2.195172071456909
2014-04-10,1.5333693027496338
2014-04-11,1.172037959098816
2014-04-12,0.9641292095184326
2014-04-13,0.8391838669776917
2014-04-14,0.7561802864074707
2014-04-15,1.162578821182251
2014-04-16,2.1039958000183105
2014-04-17,1.6772973537445068
2014-04-18,1.2424935102462769
2014-04-19,1.549985408782959
2014-04-20,2.579867124557495
2014-04-21,2.05060076713562
2014-04-22,1.4625563621520996
2014-04-23,1.145447015762329
2014-04-24,0.9343560934066772
2014-04-25,1.0431092977523804
2014-04-26,1.2651337385177612
2014-04-27,1.0804625749588013
2014-04-28,0.8967258334159851
2014-04-29,0.8318936824798584
2014-04-30,0.9242813587188721
2014-05-01,0.9349241256713867
2014-05-02,0.8268038034439087
2014-05-03,0.7244994044303894
2014-05-04,0.6548294425010681
2014-05-05,0.59104323387146
2014-05-06,0.5458505153656006
2014-05-07,0.5075692534446716
2014-05-08,0.48014765977859497
2014-05-09,0.4542894661426544
2014-05-10,0.4549092650413513
2014-05-11,0.4760516583919525
2014-05-12,0.45161789655685425
2014-05-13,0.41737449169158936
2014-05-14,0.3846702575683594
2014-05-15,1.2001020908355713
2014-05-16,7.006613254547119
2014-05-17,4.543212890625
2014-05-18,2.30682373046875
2014-05-19,1.3496406078338623
2014-05-20,0.9810277223587036
2014-05-21,0.7710286974906921
2014-05-22,0.6263751983642578
2014-05-23,0.5347834229469299
2014-05-24,0.4786445200443268
2014-05-25,0.43068501353263855
2014-05-26,0.4015441834926605
2014-05-27,0.3868838846683502
2014-05-28,0.38336291909217834
2014-05-29,0.35394784808158875
2014-05-30,0.32793936133384705
2014-05-31,0.320843905210495
2014-06-01,0.30711829662323
2014-06-02,0.2867182195186615
2014-06-03,0.2792402505874634
2014-06-04,0.2899389863014221
2014-06-05,0.2734595239162445
2014-06-06,0.2525327503681183
2014-06-07,0.23244106769561768
2014-06-08,0.22270065546035767
2014-06-09,0.22072654962539673
2014-06-10,0.2319624423980713
2014-06-11,0.2837318480014801
2014-06-12,0.3605775535106659
2014-06-13,0.396319180727005
2014-06-14,0.33939623832702637
2014-06-15,0.276371568441391
2014-06-16,0.23611772060394287
2014-06-17,0.21216760575771332
2014-06-18,0.19784440100193024
2014-06-19,0.19156116247177124
2014-06-20,0.19443485140800476
2014-06-21,0.20723412930965424
2014-06-22,0.2112865000963211
2014-06-23,0.1922827959060669
2014-06-24,0.17012205719947815
2014-06-25,0.16301724314689636
2014-06-26,0.15819212794303894
2014-06-27,0.15302196145057678
2014-06-28,0.15164774656295776
2014-06-29,0.14406533539295197
2014-06-30,0.13378971815109253
2014-07-01,0.12652957439422607
2014-07-02,0.11864334344863892
2014-07-03,0.11629234254360199
2014-07-04,0.12308569997549057
2014-07-05,0.11656589806079865
2014-07-06,0.10600262880325317
2014-07-07,0.09889205545186996
2014-07-08,0.09245463460683823
2014-07-09,0.08700516819953918
2014-07-10,0.09098521620035172
2014-07-11,0.10826750844717026
2014-07-12,0.10920120030641556
2014-07-13,0.0980750024318695
2014-07-14,0.08879910409450531
2014-07-15,0.1024848073720932
2014-07-16,0.14057192206382751
2014-07-17,0.14765837788581848
2014-07-18,0.12407311052083969
2014-07-19,0.1081308126449585
2014-07-20,0.11046152561903
2014-07-21,0.22597096860408783
2014-07-22,0.36193689703941345
2014-07-23,0.2869475781917572
2014-07-24,0.2395162135362625
2014-07-25,0.2547314167022705
2014-07-26,0.2196231186389923
2014-07-27,0.18665780127048492
2014-07-28,0.1770613044500351
2014-07-29,0.1508694440126419
2014-07-30,0.12598413228988647
2014-07-31,0.11353369057178497
2014-08-01,0.17117750644683838
2014-08-02,0.29643571376800537
2014-08-03,0.26497936248779297
2014-08-04,0.20054662227630615
2014-08-05,0.15778811275959015
2014-08-06,0.13637465238571167
2014-08-07,0.11836972832679749
2014-08-08,0.10884463787078857
2014-08-09,0.14408151805400848
2014-08-10,0.20734649896621704
2014-08-11,0.4087865352630615
2014-08-12,0.9036164283752441
2014-08-13,0.8527876138687134
2014-08-14,0.5198933482170105
2014-08-15,0.31701838970184326
2014-08-16,0.22416776418685913
2014-08-17,0.18128103017807007
2014-08-18,0.18247294425964355
2014-08-19,0.24507828056812286
2014-08-20,0.24475905299186707
2014-08-21,0.1996605396270752
2014-08-22,0.16173848509788513
2014-08-23,0.143191397190094
2014-08-24,0.13395322859287262
2014-08-25,0.1241496130824089
2014-08-26,0.11271712183952332
2014-08-27,0.10459639132022858
2014-08-28,0.0973566547036171
2014-08-29,0.09120600670576096
2014-08-30,0.08821205794811249
2014-08-31,0.0848618745803833
2014-09-01,0.08029185980558395
2014-09-02,0.0782247930765152
2014-09-03,0.07932489365339279
2014-09-04,0.09373778849840164
2014-09-05,0.11913007497787476
2014-09-06,0.12409317493438721
2014-09-07,0.11718475818634033
2014-09-08,0.12254620343446732
2014-09-09,0.14148354530334473
2014-09-10,0.13316433131694794
2014-09-11,0.11771125346422195
2014-09-12,0.10406291484832764
2014-09-13,0.10074998438358307
2014-09-14,0.10146163403987885
2014-09-15,0.09880117326974869
2014-09-16,0.0978328138589859
2014-09-17,0.10122857242822647
2014-09-18,0.10236486047506332
2014-09-19,0.09739648550748825
2014-09-20,0.09083311259746552
2014-09-21,0.08632145076990128
2014-09-22,0.08264724910259247
2014-09-23,0.08122995495796204
2014-09-24,0.10550308972597122
2014-09-25,0.1424996256828308
2014-09-26,0.14452794194221497
2014-09-27,0.12589599192142487
2014-09-28,0.11002258211374283
2014-09-29,0.10816942900419235
2014-09-30,0.11594980210065842
2014-10-01,0.10903333872556686
2014-10-02,0.10319068282842636
2014-10-03,0.09859730303287506
2014-10-04,0.09410300105810165
2014-10-05,0.08959335088729858
2014-10-06,0.08488762378692627
2014-10-07,0.08094152808189392
2014-10-08,0.07775916904211044
2014-10-09,0.07392321527004242
2014-10-10,0.08191575109958649
2014-10-11,0.10396772623062134
2014-10-12,0.12005822360515594
2014-10-13,0.13152506947517395
2014-10-14,0.14592424035072327
2014-10-15,0.3676570653915405
2014-10-16,0.4884471893310547
2014-10-17,0.3505445122718811
2014-10-18,0.23791667819023132
2014-10-19,0.18071743845939636
2014-10-20,0.15190845727920532
2014-10-21,0.1346108317375183
2014-10-22,0.12157835066318512
2014-10-23,0.1112082228064537
2014-10-24,0.10566800832748413
2014-10-25,0.10153057426214218
2014-10-26,0.09636406600475311
2014-10-27,0.09743750095367432
2014-10-28,0.09611673653125763
2014-10-29,0.09206007421016693
2014-10-30,0.09020998328924179
2014-10-31,0.08796712756156921
2014-11-01,0.10717208683490753
2014-11-02,0.13387581706047058
2014-11-03,0.1388215571641922
2014-11-04,0.13047930598258972
2014-11-05,0.12290432304143906
2014-11-06,0.12849704921245575
2014-11-07,0.1510217934846878
2014-11-08,0.14841735363006592
2014-11-09,0.13609297573566437
2014-11-10,0.13294686377048492
2014-11-11,0.1279985010623932
2014-11-12,0.12317031621932983
2014-11-13,0.12078440189361572
2014-11-14,0.11650314927101135
2014-11-15,0.11523576080799103
2014-11-16,0.11606135964393616
2014-11-17,0.1619245857000351
2014-11-18,0.2685390114784241
2014-11-19,0.25345903635025024
2014-11-20,0.2116982340812683
2014-11-21,0.18028955161571503
2014-11-22,0.16897059977054596
2014-11-23,0.1609942764043808
2014-11-24,0.2146066427230835
2014-11-25,0.26700904965400696
2014-11-26,0.7216615080833435
2014-11-27,1.503244161605835
2014-11-28,1.083897352218628
2014-11-29,0.6482287645339966
2014-11-30,0.45464855432510376
2014-12-01,0.3653165400028229
2014-12-02,0.31082093715667725
2014-12-03,0.2741854190826416
2014-12-04,0.2480286806821823
2014-12-05,0.23136574029922485
2014-12-06,0.2243930846452713
2014-12-07,0.23298907279968262
2014-12-08,0.2272503525018692
2014-12-09,0.2606615424156189
2014-12-10,0.3311648666858673
2014-12-11,0.32378146052360535
2014-12-12,0.29107552766799927
2014-12-13,0.26802122592926025
2014-12-14,0.24820441007614136
2014-12-15,0.23631314933300018
2014-12-16,0.2327968031167984
2014-12-17,0.2459612488746643
2014-12-18,0.2372167706489563
2014-12-19,0.22521531581878662
2014-12-20,0.21847452223300934
2014-12-21,0.21870899200439453
2014-12-22,0.2352692186832428
2014-12-23,0.3050941824913025
2014-12-24,1.33136785030365
2014-12-25,3.7707223892211914
2014-12-26,2.4225802421569824
2014-12-27,1.2943145036697388
2014-12-28,0.8410665392875671
2014-12-29,0.8933541774749756
2014-12-30,1.3682074546813965
2014-12-31,1.1725727319717407
2015-01-01,0.8511990904808044
2015-01-02,0.6617258787155151
2015-01-03,0.6005751490592957
2015-01-04,0.6900488138198853
2015-01-05,0.7494627833366394
2015-01-06,0.6568421125411987
2015-01-07,0.5563811659812927
2015-01-08,0.4941652715206146
2015-01-09,0.44636595249176025
2015-01-10,0.40785375237464905
2015-01-11,0.3790205717086792
2015-01-12,0.8967434167861938
2015-01-13,2.094630002975464
2015-01-14,1.888437032699585
2015-01-15,1.2909431457519531
2015-01-16,0.9513747096061707
2015-01-17,0.7571372985839844
2015-01-18,0.7065298557281494
2015-01-19,0.7360066175460815
2015-01-20,0.6666824817657471
2015-01-21,0.5873140692710876
2015-01-22,0.5259586572647095
2015-01-23,0.5681355595588684
2015-01-24,1.4460761547088623
2015-01-25,1.8243582248687744
2015-01-26,1.4414360523223877
2015-01-27,1.147927165031433
2015-01-28,0.9148041009902954
2015-01-29,0.7456404566764832
2015-01-30,0.6546909213066101
2015-01-31,0.5956965684890747
2015-02-01,0.5444543957710266
2015-02-02,0.6159564852714539
2015-02-03,0.7274875640869141
2015-02-04,0.6669665575027466
2015-02-05,0.6001269221305847
2015-02-06,0.5522707104682922
2015-02-07,0.5013688802719116
2015-02-08,0.47318190336227417
2015-02-09,0.5130912065505981
2015-02-10,1.3315200805664062
2015-02-11,2.021243095397949
2015-02-12,1.5477819442749023
2015-02-13,1.1533255577087402
2015-02-14,0.8645204305648804
2015-02-15,0.7149910926818848
2015-02-16,0.632947564125061
2015-02-17,0.6589049696922302
2015-02-18,0.7094777822494507
2015-02-19,0.6753585338592529
2015-02-20,0.6072350740432739
2015-02-21,0.5782976746559143
2015-02-22,0.7283227443695068
2015-02-23,1.0936040878295898
2015-02-24,1.099714994430542
2015-02-25,0.9730590581893921
2015-02-26,1.6817502975463867
2015-02-27,2.2665090560913086
2015-02-28,2.005469560623169
2015-03-01,1.6123270988464355
2015-03-02,2.162421464920044
2015-03-03,2.160630464553833
2015-03-04,2.1895978450775146
2015-03-05,4.029027938842773
2015-03-06,5.778654098510742
2015-03-07,3.792181968688965
2015-03-08,2.4952898025512695
2015-03-09,1.857796311378479
2015-03-10,1.4918829202651978
2015-03-11,1.2704907655715942
2015-03-12,1.1588469743728638
2015-03-13,1.0018874406814575
2015-03-14,0.9910704493522644
2015-03-15,1.2269892692565918
2015-03-16,1.1077213287353516
2015-03-17,0.9480985403060913
2015-03-18,0.828951358795166
2015-03-19,0.8027930855751038
2015-03-20,1.258979320526123
2015-03-21,1.5090562105178833
2015-03-22,1.277318000793457
2015-03-23,1.0522977113723755
2015-03-24,0.8880673050880432
2015-03-25,0.7854292988777161
2015-03-26,0.816108226776123
2015-03-27,0.994499683380127
2015-03-28,1.2139549255371094
2015-03-29,1.0489308834075928
2015-03-30,0.9269567728042603
2015-03-31,0.8981131911277771
2015-04-01,0.8019924163818359
2015-04-02,0.7135272026062012
2015-04-03,0.6548199653625488
2015-04-04,0.6085403561592102
2015-04-05,0.5596873760223389
2015-04-06,0.5279223918914795
2015-04-07,0.5155416131019592
2015-04-08,0.5157002210617065
2015-04-09,0.6935786008834839
2015-04-10,1.1758716106414795
2015-04-11,1.2030754089355469
2015-04-12,0.9246213436126709
2015-04-13,0.7290247678756714
2015-04-14,0.6821154356002808
2015-04-15,1.0804402828216553
2015-04-16,1.9486541748046875
2015-04-17,2.068413496017456
2015-04-18,1.529801368713379
2015-04-19,1.5650699138641357
2015-04-20,4.916358470916748
2015-04-21,4.696052551269531
2015-04-22,2.7751471996307373
2015-04-23,1.7400028705596924
2015-04-24,1.2330405712127686
2015-04-25,0.9827246069908142
2015-04-26,0.9865739941596985
2015-04-27,0.9827519655227661
2015-04-28,0.8614339828491211
2015-04-29,0.7533611059188843
2015-04-30,0.6977086067199707
2015-05-01,1.4657578468322754
2015-05-02,2.3990163803100586
2015-05-03,1.9137887954711914
2015-05-04,1.3444387912750244
2015-05-05,1.0025728940963745
2015-05-06,0.8041390180587769
2015-05-07,0.6825484037399292
2015-05-08,0.601137638092041
2015-05-09,0.5539731383323669
2015-05-10,0.5434503555297852
2015-05-11,0.547610342502594
2015-05-12,0.5082497000694275
2015-05-13,0.4619256258010864
2015-05-14,0.4086257815361023
2015-05-15,0.3787870407104492
2015-05-16,0.36077219247817993
2015-05-17,0.33665549755096436
2015-05-18,0.3169212341308594
2015-05-19,0.3132479786872864
2015-05-20,0.3240519165992737
2015-05-21,0.33961719274520874
2015-05-22,0.3670973777770996
2015-05-23,0.32918471097946167
2015-05-24,0.29558077454566956
2015-05-25,0.2748050391674042
2015-05-26,0.25004342198371887
2015-05-27,0.24365462362766266
2015-05-28,0.2585678696632385
2015-05-29,0.2448122799396515
2015-05-30,0.22547726333141327
2015-05-31,0.20558691024780273
2015-06-01,0.2342294454574585
2015-06-02,0.33370649814605713
2015-06-03,0.38232454657554626
2015-06-04,0.3508703112602234
2015-06-05,0.29812341928482056
2015-06-06,0.2626420855522156
2015-06-07,0.22835466265678406
2015-06-08,0.20176666975021362
2015-06-09,0.261352002620697
2015-06-10,0.3548526465892792
2015-06-11,0.31455665826797485
2015-06-12,0.2470940798521042
2015-06-13,0.2073066085577011
2015-06-14,0.1849917769432068
2015-06-15,0.16543705761432648
2015-06-16,0.15002067387104034
2015-06-17,0.14288970828056335
2015-06-18,0.14805272221565247
2015-06-19,0.21070073544979095
2015-06-20,0.27592799067497253
2015-06-21,0.25494223833084106
2015-06-22,0.20325984060764313
2015-06-23,0.1648811250925064
2015-06-24,0.14183977246284485
2015-06-25,0.1425672173500061
2015-06-26,0.20473815500736237
2015-06-27,0.745556116104126
2015-06-28,1.0164494514465332
2015-06-29,0.6208130717277527
2015-06-30,0.43653881549835205
2015-07-01,0.41890692710876465
2015-07-02,0.36651867628097534
2015-07-03,0.38683634996414185
2015-07-04,0.4545011520385742
2015-07-05,0.4988024830818176
2015-07-06,0.5965315699577332
2015-07-07,0.6256500482559204
2015-07-08,0.5657973885536194
2015-07-09,0.416648805141449
2015-07-10,0.30517664551734924
2015-07-11,0.23387646675109863
2015-07-12,0.1905704140663147
2015-07-13,0.1921846866607666
2015-07-14,0.26221907138824463
2015-07-15,0.2792917788028717
2015-07-16,0.23247067630290985
2015-07-17,0.1850682646036148
2015-07-18,0.16124612092971802
2015-07-19,0.21061331033706665
2015-07-20,0.2634282112121582
2015-07-21,0.24986132979393005
2015-07-22,0.22265887260437012
2015-07-23,0.18454036116600037
2015-07-24,0.15847767889499664
2015-07-25,0.13916261494159698
2015-07-26,0.1225237101316452
2015-07-27,0.11043520271778107
2015-07-28,0.11422745883464813
2015-07-29,0.12034840881824493
2015-07-30,0.11597730964422226
2015-07-31,0.11075253039598465
2015-08-01,0.1018303856253624
2015-08-02,0.09111793339252472
2015-08-03,0.08259543031454086
2015-08-04,0.07605276256799698
2015-08-05,0.071965292096138
2015-08-06,0.07663213461637497
2015-08-07,0.09744541347026825
2015-08-08,0.11205505579710007
2015-08-09,0.10531467944383621
2015-08-10,0.0956384688615799
2015-08-11,0.1059480682015419
2015-08-12,0.13286398351192474
2015-08-13,0.12467093765735626
2015-08-14,0.1029902845621109
2015-08-15,0.0884132832288742
2015-08-16,0.07885711640119553
2015-08-17,0.07168224453926086
2015-08-18,0.07217027992010117
2015-08-19,0.08482374250888824
2015-08-20,0.09657825529575348
2015-08-21,0.09322527796030045
2015-08-22,0.08123257011175156
2015-08-23,0.07168373465538025
2015-08-24,0.06617915630340576
2015-08-25,0.06265892088413239
2015-08-26,0.05865897610783577
2015-08-27,0.05452197417616844
2015-08-28,0.05163518711924553
2015-08-29,0.04972594231367111
2015-08-30,0.04885776340961456
2015-08-31,0.07957687973976135
2015-09-01,0.10618996620178223
2015-09-02,0.0993175134062767
2015-09-03,0.09147750586271286
2015-09-04,0.10249051451683044
2015-09-05,0.10732650756835938
2015-09-06,0.09424692392349243
2015-09-07,0.08034463226795197
2015-09-08,0.07260733097791672
2015-09-09,0.07118882238864899
2015-09-10,0.08717591315507889
2015-09-11,0.10797493904829025
2015-09-12,0.11612199246883392
2015-09-13,0.11164338141679764
2015-09-14,0.09651663154363632
2015-09-15,0.08358874917030334
2015-09-16,0.07317487895488739
2015-09-17,0.0662764236330986
2015-09-18,0.06161101907491684
2015-09-19,0.057886525988578796
2015-09-20,0.05420184135437012
2015-09-21,0.05368632823228836
2015-09-22,0.052652884274721146
2015-09-23,0.04904830455780029
2015-09-24,0.04808811843395233
2015-09-25,0.0995507687330246
2015-09-26,0.26232942938804626
2015-09-27,0.38797956705093384
2015-09-28,0.4254480004310608
2015-09-29,0.4401656985282898
2015-09-30,0.49214524030685425
2015-10-01,0.40342170000076294
2015-10-02,1.0748318433761597
2015-10-03,9.06429386138916
2015-10-04,7.273651123046875
2015-10-05,3.7969064712524414
2015-10-06,1.823427438735962
2015-10-07,1.011435627937317
2015-10-08,0.6687348484992981
2015-10-09,0.5013734102249146
2015-10-10,0.4428706169128418
2015-10-11,0.4634662866592407
2015-10-12,0.4005037546157837
2015-10-13,0.3369391858577728
2015-10-14,0.29016998410224915
2015-10-15,0.2582855224609375
2015-10-16,0.24370041489601135
2015-10-17,0.22468236088752747
2015-10-18,0.2125319242477417
2015-10-19,0.20080366730690002
2015-10-20,0.1944241225719452
2015-10-21,0.1890498548746109
2015-10-22,0.18471229076385498
2015-10-23,0.17445573210716248
2015-10-24,0.16624198853969574
2015-10-25,0.16204753518104553
2015-10-26,0.16022206842899323
2015-10-27,0.17814889550209045
2015-10-28,0.36074912548065186
2015-10-29,0.5911105871200562
2015-10-30,0.5084598064422607
2015-10-31,0.38687634468078613
2015-11-01,0.34254875779151917
2015-11-02,2.075373649597168
2015-11-03,4.834407806396484
2015-11-04,3.352328300476074
2015-11-05,1.9260306358337402
2015-11-06,1.218644380569458
2015-11-07,1.049835443496704
2015-11-08,1.1720530986785889
2015-11-09,2.695735216140747
2015-11-10,5.982017517089844
2015-11-11,4.3702216148376465
2015-11-12,2.3912882804870605
2015-11-13,1.4479074478149414
2015-11-14,1.0353986024856567
2015-11-15,0.8163485527038574
2015-11-16,0.693382978439331
2015-11-17,0.6202976107597351
2015-11-18,0.5705666542053223
2015-11-19,1.8759708404541016
2015-11-20,5.042111873626709
2015-11-21,3.329669237136841
2015-11-22,1.9065107107162476
2015-11-23,1.2905933856964111
2015-11-24,0.9664652347564697
2015-11-25,0.7979807257652283
2015-11-26,0.7021160125732422
2015-11-27,0.6346635818481445
2015-11-28,0.5864187479019165
2015-11-29,0.5440123081207275
2015-11-30,0.818149209022522
2015-12-01,1.7724553346633911
2015-12-02,1.8957276344299316
2015-12-03,1.6737961769104004
2015-12-04,1.2589688301086426
2015-12-05,0.976882815361023
2015-12-06,0.8124154806137085
2015-12-07,0.7107676267623901
2015-12-08,0.655419111251831
2015-12-09,0.6222801208496094
2015-12-10,0.5849778056144714
2015-12-11,0.5552606582641602
2015-12-12,0.5311737060546875
2015-12-13,0.5075228214263916
2015-12-14,0.500923752784729
2015-12-15,0.5373595952987671
2015-12-16,0.5175608396530151
2015-12-17,1.1309643983840942
2015-12-18,3.1497838497161865
2015-12-19,2.610564947128296
2015-12-20,1.660529375076294
2015-12-21,1.1878514289855957
2015-12-22,3.338423252105713
2015-12-23,15.101885795593262
2015-12-24,17.670394897460938
2015-12-25,11.327799797058105
2015-12-26,5.889260292053223
2015-12-27,3.464299440383911
2015-12-28,2.4516029357910156
2015-12-29,2.787121057510376
2015-12-30,9.058698654174805
2015-12-31,13.83862590789795
2016-01-01,9.590559959411621
2016-01-02,5.007237911224365
2016-01-03,2.9715309143066406
2016-01-04,2.112365961074829
2016-01-05,1.7757487297058105
2016-01-06,1.4424407482147217
2016-01-07,1.2171541452407837
2016-01-08,1.0918267965316772
2016-01-09,1.039608359336853
2016-01-10,1.0571726560592651
2016-01-11,1.070921540260315
2016-01-12,0.9843152761459351
2016-01-13,0.9092962741851807
2016-01-14,0.8429805040359497
2016-01-15,0.851033091545105
2016-01-16,1.1050450801849365
2016-01-17,1.1954596042633057
2016-01-18,1.139972448348999
2016-01-19,1.0372782945632935
2016-01-20,0.9183486700057983
2016-01-21,0.8400847315788269
2016-01-22,0.8362231254577637
2016-01-23,1.0095406770706177
2016-01-24,1.1094446182250977
2016-01-25,1.2349936962127686
2016-01-26,1.3382004499435425
2016-01-27,1.3822978734970093
2016-01-28,1.2675446271896362
2016-01-29,1.1354879140853882
2016-01-30,1.017115831375122
2016-01-31,0.9460652470588684
2016-02-01,0.8976105451583862
2016-02-02,0.864688515663147
2016-02-03,1.0648573637008667
2016-02-04,2.3512539863586426
2016-02-05,2.6375985145568848
2016-02-06,1.941557765007019
2016-02-07,1.4622931480407715
2016-02-08,1.2064001560211182
2016-02-09,1.084956169128418
2016-02-10,1.001791000366211
2016-02-11,0.9095824360847473
2016-02-12,0.8428727388381958
2016-02-13,0.8072113990783691
2016-02-14,0.7655929327011108
2016-02-15,0.7152639627456665
2016-02-16,3.291086196899414
2016-02-17,5.49200439453125
2016-02-18,3.9822850227355957
2016-02-19,2.5672733783721924
2016-02-20,1.840010166168213
2016-02-21,1.5038175582885742
2016-02-22,1.3198342323303223
2016-02-23,2.0210347175598145
2016-02-24,7.236238956451416
2016-02-25,8.068058013916016
2016-02-26,4.879561424255371
2016-02-27,2.8974978923797607
2016-02-28,2.0077579021453857
2016-02-29,1.6218630075454712
2016-03-01,1.3850926160812378
2016-03-02,1.2789338827133179
2016-03-03,1.1899113655090332
2016-03-04,1.1103668212890625
2016-03-05,1.0404149293899536
2016-03-06,0.9804586172103882
2016-03-07,0.9200106859207153
2016-03-08,0.8829437494277954
2016-03-09,0.8493710160255432
2016-03-10,0.8194388151168823
2016-03-11,0.7814739346504211
2016-03-12,0.7526316046714783
2016-03-13,0.7626495361328125
2016-03-14,1.004369854927063
2016-03-15,1.2544831037521362
2016-03-16,1.181043267250061
2016-03-17,1.0009400844573975
2016-03-18,0.8662903904914856
2016-03-19,0.7971693873405457
2016-03-20,0.7567104697227478
2016-03-21,0.7313106656074524
2016-03-22,0.6875897645950317
2016-03-23,0.6663421392440796
2016-03-24,0.6438804864883423
2016-03-25,0.6236244440078735
2016-03-26,0.6070885062217712
2016-03-27,0.8671261668205261
2016-03-28,3.0226478576660156
2016-03-29,2.880286693572998
2016-03-30,1.8977136611938477
2016-03-31,1.3594892024993896
2016-04-01,1.15713369846344
2016-04-02,1.3620762825012207
2016-04-03,1.3922182321548462
2016-04-04,1.150526523590088
2016-04-05,0.9545536041259766
2016-04-06,0.8260151743888855
2016-04-07,0.7835605144500732
2016-04-08,0.7470575571060181
2016-04-09,0.6980025768280029
2016-04-10,0.6362879872322083
2016-04-11,0.61347895860672
2016-04-12,0.6597430109977722
2016-04-13,0.778657078742981
2016-04-14,0.7168841361999512
2016-04-15,0.6465767621994019
2016-04-16,0.5938595533370972
2016-04-17,0.557837963104248
2016-04-18,0.5429094433784485
2016-04-19,0.5307135581970215
2016-04-20,0.5019602179527283
2016-04-21,0.4751203954219818
2016-04-22,0.5113441944122314
2016-04-23,0.6868727207183838
2016-04-24,0.6631374359130859
2016-04-25,0.5818835496902466
2016-04-26,0.5201789140701294
2016-04-27,0.4769167900085449
2016-04-28,0.5491247773170471
2016-04-29,0.6567325592041016
2016-04-30,0.5881340503692627
2016-05-01,0.5474103689193726
2016-05-02,0.594094455242157
2016-05-03,1.0253229141235352
2016-05-04,1.4583076238632202
2016-05-05,1.332640528678894
2016-05-06,2.1089882850646973
2016-05-07,2.1365888118743896
2016-05-08,1.4885708093643188
2016-05-09,1.0167049169540405
2016-05-10,0.7962615489959717
2016-05-11,0.6620174646377563
2016-05-12,0.609671950340271
2016-05-13,0.7778782248497009
2016-05-14,0.8798282146453857
2016-05-15,0.7397511601448059
2016-05-16,0.5898458361625671
2016-05-17,0.5865626335144043
2016-05-18,0.7429519295692444
2016-05-19,0.7583273649215698
2016-05-20,0.778831958770752
2016-05-21,0.9847230911254883
2016-05-22,1.5467801094055176
2016-05-23,1.382083773612976
2016-05-24,1.029679298400879
2016-05-25,0.7780272364616394
2016-05-26,0.6222281455993652
2016-05-27,0.5262829065322876
2016-05-28,0.46078014373779297
2016-05-29,0.46145978569984436
2016-05-30,0.5971450805664062
2016-05-31,0.5715851187705994
2016-06-01,0.49037104845046997
2016-06-02,0.4228792190551758
2016-06-03,0.40679535269737244
2016-06-04,0.4254702031612396
2016-06-05,0.891337513923645
2016-06-06,1.7078499794006348
2016-06-07,2.030238389968872
2016-06-08,1.6760029792785645
2016-06-09,1.058152437210083
2016-06-10,0.7180846929550171
2016-06-11,0.5497570633888245
2016-06-12,0.45531484484672546
2016-06-13,0.3893211781978607
2016-06-14,0.339481920003891
2016-06-15,0.33696216344833374
2016-06-16,0.3993239402770996
2016-06-17,0.3796449303627014
2016-06-18,0.3384397625923157
2016-06-19,0.2950945496559143
2016-06-20,0.26532191038131714
2016-06-21,0.24359819293022156
2016-06-22,0.22582022845745087
2016-06-23,0.22575944662094116
2016-06-24,0.3771302103996277
2016-06-25,0.5192698836326599
2016-06-26,0.4392662048339844
2016-06-27,0.3295009732246399
2016-06-28,0.3337744474411011
2016-06-29,0.519056499004364
2016-06-30,0.5933511853218079
2016-07-01,0.6002591848373413
2016-07-02,0.5282894968986511
2016-07-03,0.7678119540214539
2016-07-04,1.2803490161895752
2016-07-05,1.1731538772583008
2016-07-06,0.8839595317840576
2016-07-07,0.6657993197441101
2016-07-08,0.5645899772644043
2016-07-09,0.5164936780929565
2016-07-10,0.47560030221939087
2016-07-11,0.4048154950141907
2016-07-12,0.3876661956310272
2016-07-13,0.3560910224914551
2016-07-14,0.30835646390914917
2016-07-15,0.3079621195793152
2016-07-16,0.3973086476325989
2016-07-17,0.41484034061431885
2016-07-18,0.35859158635139465
2016-07-19,0.2958526909351349
2016-07-20,0.25414472818374634
2016-07-21,0.22475343942642212
2016-07-22,0.20305006206035614
2016-07-23,0.19261051714420319
2016-07-24,0.18452543020248413
2016-07-25,0.1702587753534317
2016-07-26,0.15956898033618927
2016-07-27,0.1690017431974411
2016-07-28,0.18726412951946259
2016-07-29,0.1727062612771988
2016-07-30,0.1513029932975769
2016-07-31,0.15402528643608093
2016-08-01,0.57050621509552
2016-08-02,1.0401644706726074
2016-08-03,0.9011842608451843
2016-08-04,0.6655800938606262
2016-08-05,0.5817009806632996
2016-08-06,0.654951810836792
2016-08-07,0.5267167091369629
2016-08-08,0.4866742193698883
2016-08-09,0.5147855877876282
2016-08-10,0.4374118149280548
2016-08-11,0.33638831973075867
2016-08-12,0.26411956548690796
2016-08-13,0.21831563115119934
2016-08-14,0.1886174976825714
2016-08-15,0.17053484916687012
2016-08-16,0.15601946413516998
2016-08-17,0.14349357783794403
2016-08-18,0.13478422164916992
2016-08-19,0.13082651793956757
2016-08-20,0.1397654116153717
2016-08-21,0.15138795971870422
2016-08-22,0.1474638730287552
2016-08-23,0.13288620114326477
2016-08-24,0.12085391581058502
2016-08-25,0.11432841420173645
2016-08-26,0.10681477189064026
2016-08-27,0.10572177171707153
2016-08-28,0.11151980608701706
2016-08-29,0.10632476210594177
2016-08-30,0.09757404029369354
2016-08-31,0.09475704282522202
2016-09-01,0.10201717168092728
2016-09-02,0.12356603145599365
2016-09-03,0.1731131374835968
2016-09-04,0.1689571589231491
2016-09-05,0.14341764152050018
2016-09-06,0.12409736216068268
2016-09-07,0.11037088930606842
2016-09-08,0.1017170399427414
2016-09-09,0.09374258667230606
2016-09-10,0.08813279867172241
2016-09-11,0.08374273777008057
2016-09-12,0.08066446334123611
2016-09-13,0.07816057652235031
2016-09-14,0.07537084817886353
2016-09-15,0.07246635109186172
2016-09-16,0.07051137834787369
2016-09-17,0.06878944486379623
2016-09-18,0.06892696022987366
2016-09-19,0.12140461057424545
2016-09-20,0.19645081460475922
2016-09-21,0.21060270071029663
2016-09-22,0.24777939915657043
2016-09-23,0.23150531947612762
2016-09-24,0.18596425652503967
2016-09-25,0.1491084098815918
2016-09-26,0.13543006777763367
2016-09-27,0.20354682207107544
2016-09-28,0.39911437034606934
2016-09-29,2.486541509628296
2016-09-30,3.566722869873047
2016-10-01,1.977347731590271
2016-10-02,0.909349799156189
2016-10-03,0.5205078721046448
2016-10-04,0.3669627606868744
2016-10-05,0.29616397619247437
2016-10-06,0.2530987858772278
2016-10-07,0.2568883001804352
2016-10-08,6.842800617218018
2016-10-09,22.5775203704834
2016-10-10,9.988293647766113
2016-10-11,3.5032107830047607
2016-10-12,1.7522003650665283
2016-10-13,1.127654790878296
2016-10-14,0.82757568359375
2016-10-15,0.6724811792373657
2016-10-16,0.5800255537033081
2016-10-17,0.5144361853599548
2016-10-18,0.4603514075279236
2016-10-19,0.4200889468193054
2016-10-20,0.3886711299419403
2016-10-21,0.36376553773880005
2016-10-22,0.34050169587135315
2016-10-23,0.31889116764068604
2016-10-24,0.3017418086528778
2016-10-25,0.2835872173309326
2016-10-26,0.2740400731563568
2016-10-27,0.2672012448310852
2016-10-28,0.257211834192276
2016-10-29,0.2572469413280487
2016-10-30,0.24833309650421143
2016-10-31,0.23712998628616333
2016-11-01,0.23927535116672516
2016-11-02,0.24012237787246704
2016-11-03,0.23578448593616486
2016-11-04,0.22689780592918396
2016-11-05,0.22178621590137482
2016-11-06,0.22034935653209686
2016-11-07,0.21404698491096497
2016-11-08,0.2187431901693344
2016-11-09,0.21082931756973267
2016-11-10,0.2061382383108139
2016-11-11,0.20395797491073608
2016-11-12,0.19843409955501556
2016-11-13,0.20298629999160767
2016-11-14,0.21678869426250458
2016-11-15,0.2612903416156769
2016-11-16,0.2620229423046112
2016-11-17,0.24815131723880768
2016-11-18,0.24376948177814484
2016-11-19,0.23873311281204224
2016-11-20,0.22202640771865845
2016-11-21,0.21676096320152283
2016-11-22,0.21559971570968628
2016-11-23,0.21422231197357178
2016-11-24,0.2129872888326645
2016-11-25,0.2227373719215393
2016-11-26,0.21396049857139587
2016-11-27,0.2123585343360901
2016-11-28,0.21259060502052307
2016-11-29,0.21027472615242004
2016-11-30,0.2163475751876831
2016-12-01,0.22864599525928497
2016-12-02,0.22967836260795593
2016-12-03,0.21958190202713013
2016-12-04,0.22281977534294128
2016-12-05,0.29541441798210144
2016-12-06,0.4242604374885559
2016-12-07,0.594549298286438
2016-12-08,0.4998181164264679
2016-12-09,0.4037948548793793
2016-12-10,0.3517965078353882
2016-12-11,0.32232826948165894
2016-12-12,0.3039873242378235
2016-12-13,0.3027682304382324
2016-12-14,0.2870907187461853
2016-12-15,0.2738707959651947
2016-12-16,0.2674468457698822
2016-12-17,0.2650565505027771
2016-12-18,0.2709062397480011
2016-12-19,0.2881805896759033
2016-12-20,0.30314016342163086
2016-12-21,0.29564574360847473
2016-12-22,0.2867473363876343
2016-12-23,0.27177268266677856
2016-12-24,0.2676904797554016
2016-12-25,0.26929792761802673
2016-12-26,0.2644234001636505
2016-12-27,0.2632070779800415
2016-12-28,0.2606830298900604
2016-12-29,0.2755129039287567
2016-12-30,0.28803691267967224
2016-12-31,0.28202542662620544
2017-01-01,0.28419631719589233
2017-01-02,1.1922483444213867
2017-01-03,2.9481167793273926
2017-01-04,2.5973377227783203
2017-01-05,1.5236202478408813
2017-01-06,0.9567583203315735
2017-01-07,0.8957080841064453
2017-01-08,0.8451573848724365
2017-01-09,0.7057827115058899
2017-01-10,0.6531414985656738
2017-01-11,0.6890721321105957
2017-01-12,0.8598547577857971
2017-01-13,0.9104629755020142
2017-01-14,0.800687313079834
2017-01-15,0.6941537857055664
2017-01-16,0.6162768602371216
2017-01-17,0.5761182904243469
2017-01-18,0.5587748289108276
2017-01-19,0.517693042755127
2017-01-20,0.49979016184806824
2017-01-21,0.5502515435218811
2017-01-22,0.7193909883499146
2017-01-23,1.435860514640808
2017-01-24,1.7234995365142822
2017-01-25,1.291366696357727
2017-01-26,0.9651330709457397
2017-01-27,0.7711689472198486
2017-01-28,0.65516197681427
2017-01-29,0.5835593938827515
2017-01-30,0.5359120965003967
2017-01-31,0.5018543004989624
2017-02-01,0.4751686453819275
2017-02-02,0.4522689878940582
2017-02-03,0.43837785720825195
2017-02-04,0.43832269310951233
2017-02-05,0.42196783423423767
2017-02-06,0.41020116209983826
2017-02-07,0.40334975719451904
2017-02-08,0.4181528687477112
2017-02-09,0.586729884147644
2017-02-10,0.6590278744697571
2017-02-11,0.5915346145629883
2017-02-12,0.5257145166397095
2017-02-13,0.4952859878540039
2017-02-14,0.45460957288742065
2017-02-15,0.46673309803009033
2017-02-16,0.5089742541313171
2017-02-17,0.4805547893047333
2017-02-18,0.44602739810943604
2017-02-19,0.42468583583831787
2017-02-20,0.40242213010787964
2017-02-21,0.3839800953865051
2017-02-22,0.37618860602378845
2017-02-23,0.3676890730857849
2017-02-24,0.35856539011001587
2017-02-25,0.34778425097465515
2017-02-26,0.33706462383270264
2017-02-27,0.32888656854629517
2017-02-28,0.32342028617858887
2017-03-01,0.3250589668750763
2017-03-02,0.6448398232460022
2017-03-03,0.7930104732513428
2017-03-04,0.6602859497070312
2017-03-05,0.5390056371688843
2017-03-06,0.46641138195991516
2017-03-07,0.42061716318130493
2017-03-08,0.3956379294395447
2017-03-09,0.3729468286037445
2017-03-10,0.35986679792404175
2017-03-11,0.3415508568286896
2017-03-12,0.3249891996383667
2017-03-13,0.3242349326610565
2017-03-14,0.4651130735874176
2017-03-15,0.5387593507766724
2017-03-16,0.4944482743740082
2017-03-17,0.4469204545021057
2017-03-18,0.45061036944389343
2017-03-19,0.4836784601211548
2017-03-20,0.450056254863739
2017-03-21,0.4209895730018616
2017-03-22,0.411824494600296
2017-03-23,0.39130479097366333
2017-03-24,0.3689277172088623
2017-03-25,0.353362500667572
2017-03-26,0.3429497182369232
2017-03-27,0.33750152587890625
2017-03-28,0.33734363317489624
2017-03-29,0.3262573182582855
2017-03-30,0.31158652901649475
2017-03-31,0.44182920455932617
2017-04-01,0.622230052947998
2017-04-02,0.5499545335769653
2017-04-03,0.5006101131439209
2017-04-04,0.6729863882064819
2017-04-05,0.8213390111923218
2017-04-06,1.2168582677841187
2017-04-07,1.2129392623901367
2017-04-08,0.9111799597740173
2017-04-09,0.6742896437644958
2017-04-10,0.5456824898719788
2017-04-11,0.4669685661792755
2017-04-12,0.408360093832016
2017-04-13,0.3709687292575836
2017-04-14,0.34847015142440796
2017-04-15,0.3312107026576996
2017-04-16,0.31207984685897827
2017-04-17,0.29552966356277466
2017-04-18,0.28696146607398987
2017-04-19,0.285831093788147
2017-04-20,0.2839736044406891
2017-04-21,0.27994078397750854
2017-04-22,0.2743875980377197
2017-04-23,0.35330936312675476
2017-04-24,2.542814254760742
2017-04-25,13.072732925415039
2017-04-26,12.793427467346191
2017-04-27,6.276391983032227
2017-04-28,2.984166383743286
2017-04-29,1.8001582622528076
2017-04-30,1.2558692693710327
2017-05-01,1.0151984691619873
2017-05-02,1.1258697509765625
2017-05-03,1.0448189973831177
2017-05-04,0.8364226818084717
2017-05-05,1.342968463897705
2017-05-06,1.7894271612167358
2017-05-07,1.4011569023132324
2017-05-08,1.0180879831314087
2017-05-09,0.7851802706718445
2017-05-10,0.7607797384262085
2017-05-11,0.708960771560669
2017-05-12,0.6368210315704346
2017-05-13,0.5965179204940796
2017-05-14,0.635923445224762
2017-05-15,0.5620946884155273
2017-05-16,0.48337846994400024
2017-05-17,0.4265667200088501
2017-05-18,0.3787352442741394
2017-05-19,0.3527463376522064
2017-05-20,0.3378545343875885
2017-05-21,0.3138788342475891
2017-05-22,0.3413681089878082
2017-05-23,0.7305005788803101
2017-05-24,1.638030767440796
2017-05-25,2.471776008605957
2017-05-26,2.164361000061035
2017-05-27,1.3324579000473022
2017-05-28,0.9330421686172485
2017-05-29,0.8205347657203674
2017-05-30,0.7121016979217529
2017-05-31,0.6840172410011292
2017-06-01,0.5729803442955017
2017-06-02,0.4833274781703949
2017-06-03,0.4071674942970276
2017-06-04,0.3654327392578125
2017-06-05,0.5438233017921448
2017-06-06,1.172764539718628
2017-06-07,1.1071351766586304
2017-06-08,0.7784521579742432
2017-06-09,0.5649217367172241
2017-06-10,0.44542136788368225
2017-06-11,0.36931347846984863
2017-06-12,0.31717994809150696
2017-06-13,0.29036402702331543
2017-06-14,0.2865714728832245
2017-06-15,0.28949588537216187
2017-06-16,0.34327268600463867
2017-06-17,0.4769374132156372
2017-06-18,0.5695390105247498
2017-06-19,0.6240614056587219
2017-06-20,3.5852036476135254
2017-06-21,5.714105606079102
2017-06-22,3.6636950969696045
2017-06-23,2.015547513961792
2017-06-24,1.608166217803955
2017-06-25,1.772868037223816
2017-06-26,1.2816150188446045
2017-06-27,0.8602400422096252
2017-06-28,0.6322247982025146
2017-06-29,0.503861129283905
2017-06-30,0.6012508869171143
2017-07-01,0.8474444150924683
2017-07-02,0.7025886178016663
2017-07-03,0.5424073338508606
2017-07-04,0.4654434323310852
2017-07-05,0.4542454183101654
2017-07-06,0.449158251285553
2017-07-07,0.39599624276161194
2017-07-08,0.35444819927215576
2017-07-09,0.34804803133010864
2017-07-10,0.31854790449142456
2017-07-11,0.28104251623153687
2017-07-12,0.2469319999217987
2017-07-13,0.23038935661315918
2017-07-14,0.22069138288497925
2017-07-15,0.21157638728618622
2017-07-16,0.2072702944278717
2017-07-17,0.21116529405117035
2017-07-18,0.2324676811695099
2017-07-19,0.22965393960475922
2017-07-20,0.20576190948486328
2017-07-21,0.18159598112106323
2017-07-22,0.16265447437763214
2017-07-23,0.18098032474517822
2017-07-24,0.2462618350982666
2017-07-25,0.237147256731987
2017-07-26,0.19346925616264343
2017-07-27,0.16627730429172516
2017-07-28,0.1582048535346985
2017-07-29,0.15585333108901978
2017-07-30,0.14802241325378418
2017-07-31,0.133751779794693
2017-08-01,0.12237932533025742
2017-08-02,0.11469507962465286
2017-08-03,0.10822507739067078
2017-08-04,0.10310281813144684
2017-08-05,0.10572434961795807
2017-08-06,0.10507749021053314
2017-08-07,0.11141633242368698
2017-08-08,0.17039816081523895
2017-08-09,0.2201313078403473
2017-08-10,0.19359105825424194
2017-08-11,0.15994101762771606
2017-08-12,0.17571097612380981
2017-08-13,0.22347885370254517
2017-08-14,0.23014304041862488
2017-08-15,0.22048886120319366
2017-08-16,0.20275434851646423
2017-08-17,0.17218945920467377
2017-08-18,0.15394818782806396
2017-08-19,0.14438246190547943
2017-08-20,0.13362307846546173
2017-08-21,0.11706909537315369
2017-08-22,0.10442911088466644
2017-08-23,0.0983816534280777
2017-08-24,0.09609724581241608
2017-08-25,0.09332399070262909
2017-08-26,0.08859150111675262
2017-08-27,0.08252685517072678
2017-08-28,0.0792057141661644
2017-08-29,0.08320130407810211
2017-08-30,0.08960916101932526
2017-08-31,0.08834123611450195
2017-09-01,0.1369345784187317
2017-09-02,0.2946111559867859
2017-09-03,0.3022569417953491
2017-09-04,0.2204911857843399
2017-09-05,0.1612919569015503
2017-09-06,0.14964592456817627
2017-09-07,0.16119414567947388
2017-09-08,0.14165808260440826
2017-09-09,0.12120695412158966
2017-09-10,0.10781101882457733
2017-09-11,0.10606814175844193
2017-09-12,0.13413141667842865
2017-09-13,0.1724320650100708
2017-09-14,0.16025246679782867
2017-09-15,0.13708467781543732
2017-09-16,0.12076886743307114
2017-09-17,0.1084127277135849
2017-09-18,0.09798755496740341
2017-09-19,0.09002507477998734
2017-09-20,0.08462385088205338
2017-09-21,0.08199693262577057
2017-09-22,0.08111114799976349
2017-09-23,0.07744411379098892
2017-09-24,0.07329697161912918
2017-09-25,0.07036727666854858
2017-09-26,0.06885681301355362
2017-09-27,0.06744435429573059
2017-09-28,0.06347458809614182
2017-09-29,0.0635538250207901
2017-09-30,0.06264279037714005
2017-10-01,0.05940873175859451
2017-10-02,0.05864845588803291
2017-10-03,0.05798444151878357
2017-10-04,0.05734816938638687
2017-10-05,0.056864652782678604
2017-10-06,0.05578438192605972
2017-10-07,0.06072695925831795
2017-10-08,0.06793699413537979
2017-10-09,0.07520457357168198
2017-10-10,0.08104318380355835
2017-10-11,0.08783400803804398
2017-10-12,0.0882941484451294
2017-10-13,0.08600424230098724
2017-10-14,0.08166585117578506
2017-10-15,0.07623276114463806
2017-10-16,0.07733853161334991
2017-10-17,0.07970500737428665
2017-10-18,0.07686960697174072
2017-10-19,0.07500554621219635
2017-10-20,0.07345615327358246
2017-10-21,0.07177238911390305
2017-10-22,0.0686490535736084
2017-10-23,0.07219621539115906
2017-10-24,0.1348722279071808
2017-10-25,0.168883815407753
2017-10-26,0.14730948209762573
2017-10-27,0.12347975373268127
2017-10-28,0.10619248449802399
2017-10-29,0.1028636172413826
2017-10-30,0.10263894498348236
2017-10-31,0.09783457219600677
2017-11-01,0.0964258536696434
2017-11-02,0.09205564111471176
2017-11-03,0.09322727471590042
2017-11-04,0.090438611805439
2017-11-05,0.09062396734952927
2017-11-06,0.08970971405506134
2017-11-07,0.08846214413642883
2017-11-08,0.09509041905403137
2017-11-09,0.10565077513456345
2017-11-10,0.1200103908777237
2017-11-11,0.11843706667423248
2017-11-12,0.11587801575660706
2017-11-13,0.1390836536884308
2017-11-14,0.16355419158935547
2017-11-15,0.15736578404903412
2017-11-16,0.14495691657066345
2017-11-17,0.13107645511627197
2017-11-18,0.1273958534002304
2017-11-19,0.12169517576694489
2017-11-20,0.11945895850658417
2017-11-21,0.12149952352046967
2017-11-22,0.11896154284477234
2017-11-23,0.1185024082660675
2017-11-24,0.12025057524442673
2017-11-25,0.11894926428794861
2017-11-26,0.11241020262241364
2017-11-27,0.11269766092300415
2017-11-28,0.11347226053476334
2017-11-29,0.11074282974004745
2017-11-30,0.11300089955329895
2017-12-01,0.10988952964544296
2017-12-02,0.11074308305978775
2017-12-03,0.11636529117822647
2017-12-04,0.11712481081485748
2017-12-05,0.11760430037975311
2017-12-06,0.12615568935871124
2017-12-07,0.1343817114830017
2017-12-08,0.16901668906211853
2017-12-09,0.29024598002433777
2017-12-10,0.35971182584762573
2017-12-11,0.322530061006546
2017-12-12,0.2649877071380615
2017-12-13,0.22501058876514435
2017-12-14,0.19667622447013855
2017-12-15,0.17911605536937714
2017-12-16,0.1709829568862915
2017-12-17,0.16839610040187836
2017-12-18,0.16445471346378326
2017-12-19,0.169078066945076
2017-12-20,0.18588422238826752
2017-12-21,0.2581835389137268
2017-12-22,0.2545149326324463
2017-12-23,0.22511190176010132
2017-12-24,0.20762601494789124
2017-12-25,0.18907853960990906
2017-12-26,0.17347338795661926
2017-12-27,0.16533301770687103
2017-12-28,0.16098055243492126
2017-12-29,0.15723267197608948
2017-12-30,0.15336167812347412
2017-12-31,0.1488397866487503
2018-01-01,0.1426691710948944
2018-01-02,0.14024421572685242
2018-01-03,0.13849012553691864
2018-01-04,0.13847734034061432
2018-01-05,0.1366550624370575
2018-01-06,0.13147421181201935
2018-01-07,0.12721781432628632
2018-01-08,0.1337631642818451
2018-01-09,0.1403307467699051
2018-01-10,0.13783910870552063
2018-01-11,0.1430974304676056
2018-01-12,0.17483177781105042
2018-01-13,0.47570234537124634
2018-01-14,0.5408138632774353
2018-01-15,0.4193294942378998
2018-01-16,0.3262024223804474
2018-01-17,0.3703339397907257
2018-01-18,0.5575181245803833
2018-01-19,0.512444257736206
2018-01-20,0.4650135040283203
2018-01-21,0.44386985898017883
2018-01-22,0.41189640760421753
2018-01-23,0.6423307061195374
2018-01-24,0.9522750377655029
2018-01-25,0.7620507478713989
2018-01-26,0.5451129674911499
2018-01-27,0.4385300874710083
2018-01-28,0.5538599491119385
2018-01-29,2.305830240249634
2018-01-30,3.5386056900024414
2018-01-31,2.2702128887176514
2018-02-01,1.2901488542556763
2018-02-02,0.9418138861656189
2018-02-03,0.8025245666503906
2018-02-04,1.1586883068084717
2018-02-05,2.301431179046631
2018-02-06,1.7675836086273193
2018-02-07,1.3248536586761475
2018-02-08,1.5476362705230713
2018-02-09,1.2143471240997314
2018-02-10,0.9339211583137512
2018-02-11,0.9109841585159302
2018-02-12,0.9049320220947266
2018-02-13,0.8513725996017456
2018-02-14,0.7329460382461548
2018-02-15,0.6445519924163818
2018-02-16,0.5843460559844971
2018-02-17,0.5315441489219666
2018-02-18,0.5237540006637573
2018-02-19,0.5041623711585999
2018-02-20,0.5362879633903503
2018-02-21,0.5121473670005798
2018-02-22,0.47593945264816284
2018-02-23,0.4438258409500122
2018-02-24,0.41924285888671875
2018-02-25,0.4005899429321289
2018-02-26,0.395499587059021
2018-02-27,0.4282664358615875
2018-02-28,0.41222184896469116
2018-03-01,0.5641889572143555
2018-03-02,1.02705717086792
2018-03-03,0.9001091122627258
2018-03-04,0.69048011302948
2018-03-05,0.5606579780578613
2018-03-06,0.563226044178009
2018-03-07,0.9084119200706482
2018-03-08,0.9156961441040039
2018-03-09,0.7704496383666992
2018-03-10,0.6330274343490601
2018-03-11,0.5995660424232483
2018-03-12,1.3706676959991455
2018-03-13,2.4652488231658936
2018-03-14,1.9343740940093994
2018-03-15,1.2815614938735962
2018-03-16,0.9569666981697083
2018-03-17,0.7849570512771606
2018-03-18,0.6905601620674133
2018-03-19,0.626183032989502
2018-03-20,0.9546803832054138
2018-03-21,2.107097625732422
2018-03-22,2.151406764984131
2018-03-23,1.569596529006958
2018-03-24,1.1719236373901367
2018-03-25,1.918168306350708
2018-03-26,2.2314507961273193
2018-03-27,1.6216754913330078
2018-03-28,1.2106616497039795
2018-03-29,0.9996646642684937
2018-03-30,0.8640772104263306
2018-03-31,0.7611072063446045
2018-04-01,0.6695618033409119
2018-04-02,0.6014734506607056
2018-04-03,0.5528945922851562
2018-04-04,0.5195935964584351
2018-04-05,0.48337507247924805
2018-04-06,0.4614260494709015
2018-04-07,0.55323725938797
2018-04-08,1.0197802782058716
2018-04-09,0.9341994524002075
2018-04-10,0.7565235495567322
2018-04-11,0.6270422339439392
2018-04-12,0.5552792549133301
2018-04-13,0.5006244778633118
2018-04-14,0.454664021730423
2018-04-15,0.5649446845054626
2018-04-16,2.671394109725952
2018-04-17,3.2184665203094482
2018-04-18,2.113032579421997
2018-04-19,1.3268342018127441
2018-04-20,0.9505957365036011
2018-04-21,0.7381778359413147
2018-04-22,0.6277815103530884
2018-04-23,0.6395682692527771
2018-04-24,1.8811267614364624
2018-04-25,4.431582450866699
2018-04-26,3.943333387374878
2018-04-27,2.7861733436584473
2018-04-28,2.135280132293701
2018-04-29,1.5205680131912231
2018-04-30,1.1031051874160767
2018-05-01,0.9028846025466919
2018-05-02,0.7756606340408325
2018-05-03,0.6723383069038391
2018-05-04,0.5927566289901733
2018-05-05,0.521665632724762
2018-05-06,0.48900994658470154
2018-05-07,0.4781592786312103
2018-05-08,0.4404952824115753
2018-05-09,0.4023197591304779
2018-05-10,0.3901243805885315
2018-05-11,0.392771452665329
2018-05-12,0.40201589465141296
2018-05-13,0.3768173158168793
2018-05-14,0.3420301675796509
2018-05-15,0.3117738664150238
2018-05-16,0.4433102011680603
2018-05-17,0.8248873949050903
2018-05-18,1.773223638534546
2018-05-19,3.303455114364624
2018-05-20,3.3216710090637207
2018-05-21,2.236576795578003
2018-05-22,1.6796252727508545
2018-05-23,1.3914499282836914
2018-05-24,1.0652799606323242
2018-05-25,0.7960052490234375
2018-05-26,0.6717799305915833
2018-05-27,0.6476772427558899
2018-05-28,0.6296035051345825
2018-05-29,0.8359311819076538
2018-05-30,0.9690065979957581
2018-05-31,0.8320484161376953
2018-06-01,0.6542717218399048
2018-06-02,0.5814112424850464
2018-06-03,0.5881630778312683
2018-06-04,0.562219500541687
2018-06-05,0.5188624262809753
2018-06-06,0.43481525778770447
2018-06-07,0.3760276436805725
2018-06-08,0.3305656611919403
2018-06-09,0.29427072405815125
2018-06-10,0.2840139865875244
2018-06-11,0.4260854721069336
2018-06-12,0.5282812118530273
2018-06-13,0.4529818892478943
2018-06-14,0.39158955216407776
2018-06-15,0.3735068440437317
2018-06-16,0.320266455411911
2018-06-17,0.27544647455215454
2018-06-18,0.2449864149093628
2018-06-19,0.2198389172554016
2018-06-20,0.20899075269699097
2018-06-21,0.20649924874305725
2018-06-22,0.20119702816009521
2018-06-23,0.18810074031352997
2018-06-24,0.18142522871494293
2018-06-25,0.1800713837146759
2018-06-26,0.19362857937812805
2018-06-27,0.2121891975402832
2018-06-28,0.1956818699836731
2018-06-29,0.17132142186164856
2018-06-30,0.1503000259399414
2018-07-01,0.13529273867607117
2018-07-02,0.12292344123125076
2018-07-03,0.11306575685739517
2018-07-04,0.11853651702404022
2018-07-05,0.148744136095047
2018-07-06,0.17220376431941986
2018-07-07,0.20826385915279388
2018-07-08,0.24438579380512238
2018-07-09,0.20749787986278534
2018-07-10,0.16573694348335266
2018-07-11,0.14037126302719116
2018-07-12,0.12474633753299713
2018-07-13,0.1134280115365982
2018-07-14,0.10312216728925705
2018-07-15,0.09436435252428055
2018-07-16,0.08714050054550171
2018-07-17,0.09871019423007965
2018-07-18,0.12202873080968857
2018-07-19,0.11749018728733063
2018-07-20,0.09982386231422424
2018-07-21,0.09003378450870514
2018-07-22,0.1309276670217514
2018-07-23,0.29206550121307373
2018-07-24,0.32915347814559937
2018-07-25,0.28674811124801636
2018-07-26,0.26537084579467773
2018-07-27,0.21336546540260315
2018-07-28,0.16589410603046417
2018-07-29,0.14804300665855408
2018-07-30,0.1713726967573166
2018-07-31,0.21813303232192993
2018-08-01,0.2543198764324188
2018-08-02,0.4802905321121216
2018-08-03,1.4735445976257324
2018-08-04,1.8425921201705933
2018-08-05,1.0785613059997559
2018-08-06,0.582115888595581
2018-08-07,0.40343278646469116
2018-08-08,0.9166267514228821
2018-08-09,2.1521754264831543
2018-08-10,1.5991348028182983
2018-08-11,1.0216679573059082
2018-08-12,1.0140382051467896
2018-08-13,1.0921865701675415
2018-08-14,1.1344423294067383
2018-08-15,0.8209438323974609
2018-08-16,0.544137716293335
2018-08-17,0.3869575262069702
2018-08-18,0.335419237613678
2018-08-19,0.5475285053253174
2018-08-20,1.6409189701080322
2018-08-21,2.529366970062256
2018-08-22,1.992131233215332
2018-08-23,1.18648099899292
2018-08-24,0.7210865020751953
2018-08-25,0.49271678924560547
2018-08-26,0.3801347017288208
2018-08-27,0.3085203468799591
2018-08-28,0.2676621675491333
2018-08-29,0.2509566843509674
2018-08-30,0.25119081139564514
2018-08-31,0.41623443365097046
2018-09-01,0.7184114456176758
2018-09-02,0.6741182208061218
2018-09-03,0.4960426092147827
2018-09-04,0.3905062973499298
2018-09-05,0.33059045672416687
2018-09-06,0.2749198377132416
2018-09-07,0.2344648540019989
2018-09-08,0.22299720346927643
2018-09-09,0.2391718327999115
2018-09-10,0.26767075061798096
2018-09-11,0.3696921467781067
2018-09-12,0.7609463334083557
2018-09-13,0.8404802083969116
2018-09-14,0.6785179972648621
2018-09-15,2.325949192047119
2018-09-16,14.37357234954834
2018-09-17,41.61827087402344
2018-09-18,28.262561798095703
2018-09-19,11.4656400680542
2018-09-20,4.871133327484131
2018-09-21,2.6713900566101074
2018-09-22,1.7895724773406982
2018-09-23,1.3210359811782837
2018-09-24,1.0742437839508057
2018-09-25,0.9068096280097961
2018-09-26,0.8629788756370544
2018-09-27,1.0293974876403809
2018-09-28,1.25175142288208
2018-09-29,1.1605359315872192
2018-09-30,0.9337417483329773
2018-10-01,0.7630267143249512
2018-10-02,0.65953528881073
2018-10-03,0.5931284427642822
2018-10-04,0.5451679825782776
2018-10-05,0.4990014433860779
2018-10-06,0.623701274394989
2018-10-07,0.8551369905471802
2018-10-08,0.7459386587142944
2018-10-09,0.6178663969039917
2018-10-10,0.596428632736206
2018-10-11,4.287652492523193
2018-10-12,9.461695671081543
2018-10-13,4.940813064575195
2018-10-14,2.4203643798828125
2018-10-15,1.5348660945892334
2018-10-16,1.1639316082000732
2018-10-17,0.998425304889679
2018-10-18,0.8963749408721924
2018-10-19,0.7839797735214233
2018-10-20,0.7287127375602722
2018-10-21,0.7011985778808594
2018-10-22,0.6441264152526855
2018-10-23,0.590918242931366
2018-10-24,0.5488216876983643
2018-10-25,0.5225498676300049
2018-10-26,1.9394575357437134
2018-10-27,5.376920700073242
2018-10-28,4.081040859222412
2018-10-29,2.4120278358459473
2018-10-30,1.5705034732818604
2018-10-31,1.1690462827682495
2018-11-01,0.963039755821228
2018-11-02,0.8772954344749451
2018-11-03,0.870862603187561
2018-11-04,0.7968785166740417
2018-11-05,2.194758653640747
2018-11-06,4.580071926116943
2018-11-07,3.537639856338501
2018-11-08,2.194481372833252
2018-11-09,1.6136116981506348
2018-11-10,1.697548270225525
2018-11-11,1.4983696937561035
2018-11-12,3.2716190814971924
2018-11-13,21.538002014160156
2018-11-14,20.21949005126953
2018-11-15,15.08131217956543
2018-11-16,12.304265022277832
2018-11-17,6.740456581115723
2018-11-18,3.750351905822754
2018-11-19,2.554236650466919
2018-11-20,1.9905208349227905
2018-11-21,1.6332446336746216
2018-11-22,1.4078733921051025
2018-11-23,1.2635411024093628
2018-11-24,2.0872788429260254
2018-11-25,3.579766273498535
2018-11-26,2.794813632965088
2018-11-27,2.0302040576934814
2018-11-28,1.631589651107788
2018-11-29,1.3272494077682495
2018-11-30,1.1809545755386353
2018-12-01,1.1990728378295898
2018-12-02,1.4180259704589844
2018-12-03,1.5473856925964355
2018-12-04,1.352834701538086
2018-12-05,1.1742916107177734
2018-12-06,1.0571857690811157
2018-12-07,0.9580833911895752
2018-12-08,0.8965940475463867
2018-12-09,2.7340633869171143
2018-12-10,7.657075881958008
2018-12-11,6.523090839385986
2018-12-12,3.9824910163879395
2018-12-13,2.6484663486480713
2018-12-14,3.1145715713500977
2018-12-15,5.840696334838867
2018-12-16,5.723690986633301
2018-12-17,3.7438063621520996
2018-12-18,2.5189483165740967
2018-12-19,1.8960835933685303
2018-12-20,2.500436305999756
2018-12-21,7.898425102233887
2018-12-22,7.0453081130981445
2018-12-23,4.134456634521484
2018-12-24,2.7469849586486816
2018-12-25,2.048116683959961
2018-12-26,1.6677457094192505
2018-12-27,1.462172508239746
2018-12-28,2.7438879013061523
2018-12-29,6.456076622009277
2018-12-30,5.028866767883301
2018-12-31,3.444512367248535
2019-01-01,2.920118808746338
2019-01-02,2.3577935695648193
2019-01-03,2.2918944358825684
2019-01-04,3.5149428844451904
2019-01-05,4.510225296020508
2019-01-06,3.252227306365967
2019-01-07,2.31596040725708
2019-01-08,1.8481183052062988
2019-01-09,1.568220853805542
2019-01-10,1.4024171829223633
2019-01-11,1.2684991359710693
2019-01-12,1.172889232635498
2019-01-13,2.1124894618988037
2019-01-14,3.4171934127807617
2019-01-15,2.814053535461426
2019-01-16,2.112264394760132
2019-01-17,1.7670979499816895
2019-01-18,1.5987234115600586
2019-01-19,1.4636400938034058
2019-01-20,2.5469744205474854
2019-01-21,2.732140302658081
2019-01-22,2.090627670288086
2019-01-23,1.6732059717178345
2019-01-24,3.5783233642578125
2019-01-25,4.926677703857422
2019-01-26,3.387929677963257
2019-01-27,2.3707425594329834
2019-01-28,1.875740885734558
2019-01-29,1.7003929615020752
2019-01-30,1.6760294437408447
2019-01-31,1.5013322830200195
2019-02-01,1.3129878044128418
2019-02-02,1.1805543899536133
2019-02-03,1.1119998693466187
2019-02-04,1.0571701526641846
2019-02-05,1.0203605890274048
2019-02-06,0.9885833859443665
2019-02-07,0.9639756679534912
2019-02-08,0.9326973557472229
2019-02-09,0.8890157341957092
2019-02-10,0.8446984887123108
2019-02-11,0.8119964599609375
2019-02-12,0.9061239361763
2019-02-13,1.1615641117095947
2019-02-14,1.140725016593933
2019-02-15,1.0497009754180908
2019-02-16,1.263702154159546
2019-02-17,1.9050447940826416
2019-02-18,4.0007243156433105
2019-02-19,4.447811603546143
2019-02-20,3.839452028274536
2019-02-21,5.832962512969971
2019-02-22,7.826541900634766
2019-02-23,16.152931213378906
2019-02-24,15.132922172546387
2019-02-25,8.572430610656738
2019-02-26,4.620169162750244
2019-02-27,3.101365566253662
2019-02-28,2.5655388832092285
2019-03-01,2.716580629348755
2019-03-02,4.287162780761719
2019-03-03,3.7510151863098145
2019-03-04,5.659756183624268
2019-03-05,4.994156360626221
2019-03-06,3.66501522064209
2019-03-07,2.6603991985321045
2019-03-08,2.183824062347412
2019-03-09,2.0035738945007324
2019-03-10,1.916016697883606
2019-03-11,1.8267849683761597
2019-03-12,1.6435259580612183
2019-03-13,1.4510512351989746
2019-03-14,1.356323480606079
2019-03-15,1.4606561660766602
2019-03-16,1.6907678842544556
2019-03-17,1.5017831325531006
2019-03-18,1.3225737810134888
2019-03-19,1.205573320388794
2019-03-20,1.138080358505249
2019-03-21,4.061694145202637
2019-03-22,5.860057830810547
2019-03-23,3.950596332550049
2019-03-24,2.5339126586914062
2019-03-25,1.98879873752594
2019-03-26,1.8874335289001465
2019-03-27,1.8001662492752075
2019-03-28,1.5257850885391235
2019-03-29,1.375325083732605
2019-03-30,1.276475429534912
2019-03-31,1.2033510208129883
2019-04-01,1.1122474670410156
2019-04-02,1.0976471900939941
2019-04-03,1.1944630146026611
2019-04-04,1.125594139099121
2019-04-05,1.463043212890625
2019-04-06,2.2684848308563232
2019-04-07,1.8810721635818481
2019-04-08,2.0393052101135254
2019-04-09,3.6189637184143066
2019-04-10,3.5321483612060547
2019-04-11,2.3911874294281006
2019-04-12,4.8157806396484375
2019-04-13,21.952152252197266
2019-04-14,20.110795974731445
2019-04-15,10.605283737182617
2019-04-16,5.248414993286133
2019-04-17,3.2657594680786133
2019-04-18,2.4047229290008545
2019-04-19,3.4852378368377686
2019-04-20,5.846151828765869
2019-04-21,4.157026290893555
2019-04-22,2.754009485244751
2019-04-23,2.0682435035705566
2019-04-24,1.6905604600906372
2019-04-25,1.461357831954956
2019-04-26,1.491768479347229
2019-04-27,1.4798686504364014
2019-04-28,1.3062365055084229
2019-04-29,1.1723191738128662
2019-04-30,1.0688244104385376
2019-05-01,0.9956015348434448
2019-05-02,0.9196807146072388
2019-05-03,0.8585216999053955
2019-05-04,0.8448004722595215
2019-05-05,0.9839351177215576
2019-05-06,1.0846848487854004
2019-05-07,0.9443807005882263
2019-05-08,0.8229882121086121
2019-05-09,0.7496124505996704
2019-05-10,0.6885576844215393
2019-05-11,0.6850452423095703
2019-05-12,0.7315793037414551
2019-05-13,0.8297837972640991
2019-05-14,0.8509615659713745
2019-05-15,0.7436975240707397
2019-05-16,0.6674743294715881
2019-05-17,0.6179547905921936
2019-05-18,0.5725617408752441
2019-05-19,0.5340811610221863
2019-05-20,0.49401646852493286
2019-05-21,0.4781617820262909
2019-05-22,0.45619213581085205
2019-05-23,0.44248223304748535
2019-05-24,0.4419206380844116
2019-05-25,0.41366955637931824
2019-05-26,0.41909658908843994
2019-05-27,0.4434192180633545
2019-05-28,0.40764302015304565
2019-05-29,0.37243494391441345
2019-05-30,0.34543687105178833
2019-05-31,0.339275985956192
2019-06-01,0.3752509355545044
2019-06-02,0.37452349066734314
2019-06-03,0.3458978235721588
2019-06-04,0.31367629766464233
2019-06-05,0.29614531993865967
2019-06-06,0.29233813285827637
2019-06-07,0.29620301723480225
2019-06-08,0.5322774648666382
2019-06-09,1.249546766281128
2019-06-10,1.5380581617355347
2019-06-11,1.2748247385025024
2019-06-12,0.8554431200027466
2019-06-13,0.8423255085945129
2019-06-14,0.8834172487258911
2019-06-15,0.668324887752533
2019-06-16,0.5145676136016846
2019-06-17,0.4257756471633911
2019-06-18,0.3873462378978729
2019-06-19,0.47915250062942505
2019-06-20,0.7916164994239807
2019-06-21,0.7756381034851074
2019-06-22,0.5586796402931213
2019-06-23,0.44533154368400574
2019-06-24,0.3834224343299866
2019-06-25,0.3307030498981476
2019-06-26,0.2969162166118622
2019-06-27,0.27094289660453796
2019-06-28,0.2522149085998535
2019-06-29,0.2384936809539795
2019-06-30,0.22632884979248047
2019-07-01,0.2128201723098755
2019-07-02,0.2010294497013092
2019-07-03,0.19574254751205444
2019-07-04,0.21177902817726135
2019-07-05,0.2679491937160492
2019-07-06,0.2733479142189026
2019-07-07,0.273069828748703
2019-07-08,0.3103126883506775
2019-07-09,0.30348488688468933
2019-07-10,0.26862606406211853
2019-07-11,0.24244654178619385
2019-07-12,0.2740571200847626
2019-07-13,0.303052693605423
2019-07-14,0.26439619064331055
2019-07-15,0.22062961757183075
2019-07-16,0.19813068211078644
2019-07-17,0.18741536140441895
2019-07-18,0.18399834632873535
2019-07-19,0.19140410423278809
2019-07-20,0.19768688082695007
2019-07-21,0.2046993523836136
2019-07-22,0.1902710646390915
2019-07-23,0.4697680175304413
2019-07-24,0.8601654171943665
2019-07-25,0.6040324568748474
2019-07-26,0.37889406085014343
2019-07-27,0.27957460284233093
2019-07-28,0.23077216744422913
2019-07-29,0.2007272094488144
2019-07-30,0.17871269583702087
2019-07-31,0.17336003482341766
2019-08-01,0.19772447645664215
2019-08-02,0.2949928939342499
2019-08-03,0.3893915116786957
2019-08-04,0.34803342819213867
2019-08-05,0.3021034598350525
2019-08-06,0.2952452301979065
2019-08-07,0.33746638894081116
2019-08-08,0.3836173713207245
2019-08-09,0.3246047794818878
2019-08-10,0.2506027817726135
2019-08-11,0.20557284355163574
2019-08-12,0.17860004305839539
2019-08-13,0.17222681641578674
2019-08-14,0.24686108529567719
2019-08-15,0.32288461923599243
2019-08-16,0.29336410760879517
2019-08-17,0.2646947503089905
2019-08-18,0.23647497594356537
2019-08-19,0.23266485333442688
2019-08-20,0.25806349515914917
2019-08-21,0.25486236810684204
2019-08-22,0.3096519708633423
2019-08-23,0.3461248576641083
2019-08-24,0.36484426259994507
2019-08-25,0.467294305562973
2019-08-26,0.38132092356681824
2019-08-27,0.2909225523471832
2019-08-28,0.259277880191803
2019-08-29,0.2369270771741867
2019-08-30,0.20528680086135864
2019-08-31,0.18193121254444122
2019-09-01,0.16143128275871277
2019-09-02,0.1490337997674942
2019-09-03,0.1390581876039505
2019-09-04,0.13125067949295044
2019-09-05,0.13398437201976776
2019-09-06,0.15488570928573608
2019-09-07,0.15502865612506866
2019-09-08,0.14270083606243134
2019-09-09,0.1300564557313919
2019-09-10,0.12274488061666489
2019-09-11,0.11799442023038864
2019-09-12,0.11366654932498932
2019-09-13,0.11133860796689987
2019-09-14,0.11079689860343933
2019-09-15,0.10909046232700348
2019-09-16,0.10552407056093216
2019-09-17,0.10006511211395264
2019-09-18,0.09666942059993744
2019-09-19,0.0939367264509201
2019-09-20,0.09192578494548798
2019-09-21,0.09244939684867859
2019-09-22,0.09066371619701385
2019-09-23,0.08789926767349243
2019-09-24,0.08381728827953339
2019-09-25,0.08410054445266724
2019-09-26,0.08346898853778839
2019-09-27,0.08151812851428986
2019-09-28,0.08371561765670776
2019-09-29,0.08440510928630829
2019-09-30,0.0838313102722168
2019-10-01,0.08393360674381256
2019-10-02,0.08189938217401505
2019-10-03,0.07735586166381836
2019-10-04,0.0744965523481369
2019-10-05,0.07816972583532333
2019-10-06,0.08392723649740219
2019-10-07,0.0840475857257843
2019-10-08,0.08003660291433334
2019-10-09,0.07802458107471466
2019-10-10,0.07499247044324875
2019-10-11,0.07336083799600601
2019-10-12,0.07420843839645386
2019-10-13,0.08488886803388596
2019-10-14,0.10471760481595993
2019-10-15,0.10519713908433914
2019-10-16,0.11735590547323227
2019-10-17,0.14113542437553406
2019-10-18,0.13093195855617523
2019-10-19,0.11604700237512589
2019-10-20,0.24898479878902435
2019-10-21,0.4102054238319397
2019-10-22,0.33525463938713074
2019-10-23,0.27502989768981934
2019-10-24,0.21603655815124512
2019-10-25,0.1829431653022766
2019-10-26,0.15964679419994354
2019-10-27,0.14826570451259613
2019-10-28,0.13735878467559814
2019-10-29,0.13397960364818573
2019-10-30,0.13873903453350067
2019-10-31,0.21780961751937866
2019-11-01,0.35477414727211
2019-11-02,0.33110734820365906
2019-11-03,0.2530376613140106
2019-11-04,0.21734003722667694
2019-11-05,0.19711266458034515
2019-11-06,0.17551717162132263
2019-11-07,0.16935476660728455
2019-11-08,0.1737203150987625
2019-11-09,0.18040311336517334
2019-11-10,0.17682981491088867
2019-11-11,0.1676367074251175
2019-11-12,0.22613584995269775
2019-11-13,0.36870309710502625
2019-11-14,0.33039140701293945
2019-11-15,0.2906552851200104
2019-11-16,0.2953246533870697
2019-11-17,0.26593291759490967
2019-11-18,0.24834255874156952
2019-11-19,0.2752634882926941
2019-11-20,0.26390910148620605
2019-11-21,0.244954913854599
2019-11-22,0.22667211294174194
2019-11-23,0.3055819272994995
2019-11-24,0.6521111726760864
2019-11-25,0.6243350505828857
2019-11-26,0.4697880744934082
2019-11-27,0.38908851146698
2019-11-28,0.3748151659965515
2019-11-29,0.3332168459892273
2019-11-30,0.31649112701416016
2019-12-01,0.8653349876403809
2019-12-02,1.4796150922775269
2019-12-03,1.0284137725830078
2019-12-04,0.662243127822876
2019-12-05,0.4924424886703491
2019-12-06,0.4245106279850006
2019-12-07,0.3621768057346344
2019-12-08,0.3354937732219696
2019-12-09,0.32227373123168945
2019-12-10,0.3110869526863098
2019-12-11,0.4237094819545746
2019-12-12,0.49538978934288025
2019-12-13,0.9041832685470581
2019-12-14,2.2144570350646973
2019-12-15,2.1737136840820312
2019-12-16,1.3743922710418701
2019-12-17,1.0712720155715942
2019-12-18,1.3305072784423828
2019-12-19,1.0569603443145752
2019-12-20,0.7807971239089966
2019-12-21,0.6351327896118164
2019-12-22,0.5549505352973938
2019-12-23,0.6156502366065979
2019-12-24,0.9176926016807556
2019-12-25,0.8363643884658813
2019-12-26,0.6868849992752075
2019-12-27,0.595518946647644
2019-12-28,0.5394529700279236
2019-12-29,0.5250017642974854
2019-12-30,0.6204858422279358
2019-12-31,0.636902928352356
2020-01-01,0.5646142363548279
2020-01-02,0.5260742902755737
2020-01-03,0.8670693635940552
2020-01-04,3.722654104232788
2020-01-05,4.1827802658081055
2020-01-06,2.490032196044922
2020-01-07,1.522019386291504
2020-01-08,1.2038061618804932
2020-01-09,0.9659159183502197
2020-01-10,0.8151184320449829
2020-01-11,0.7193065881729126
2020-01-12,0.8551954627037048
2020-01-13,1.3420218229293823
2020-01-14,2.3288557529449463
2020-01-15,2.5897271633148193
2020-01-16,1.846365213394165
2020-01-17,1.2896716594696045
2020-01-18,1.0117104053497314
2020-01-19,0.8893149495124817
2020-01-20,0.8309900760650635
2020-01-21,0.7643674612045288
2020-01-22,0.6872433423995972
2020-01-23,0.6312748193740845
2020-01-24,0.6319732666015625
2020-01-25,3.056584596633911
2020-01-26,4.356215000152588
2020-01-27,2.879470109939575
2020-01-28,1.9178760051727295
2020-01-29,1.3947267532348633
2020-01-30,1.1059844493865967
2020-01-31,1.0467151403427124
2020-02-01,1.5261105298995972
2020-02-02,1.8455294370651245
2020-02-03,1.5128395557403564
2020-02-04,1.2098982334136963
2020-02-05,1.0575753450393677
2020-02-06,5.455514907836914
2020-02-07,28.6404972076416
2020-02-08,15.256877899169922
2020-02-09,6.460747241973877
2020-02-10,3.562265634536743
2020-02-11,3.157937526702881
2020-02-12,4.07151460647583
2020-02-13,4.25805139541626
2020-02-14,4.403900146484375
2020-02-15,3.128934144973755
2020-02-16,2.183563232421875
2020-02-17,1.7327040433883667
2020-02-18,1.4698039293289185
2020-02-19,1.4638750553131104
2020-02-20,1.8119630813598633
2020-02-21,2.0455057621002197
2020-02-22,1.6881380081176758
2020-02-23,1.4575403928756714
2020-02-24,1.3378007411956787
2020-02-25,1.5927627086639404
2020-02-26,2.0146753787994385
2020-02-27,1.7402784824371338
2020-02-28,1.4466328620910645
2020-02-29,1.2620891332626343
2020-03-01,1.0995029211044312
2020-03-02,1.0278968811035156
2020-03-03,1.0207538604736328
2020-03-04,1.0748260021209717
2020-03-05,1.0301432609558105
2020-03-06,0.9777654409408569
2020-03-07,0.9092058539390564
2020-03-08,0.8417432308197021
2020-03-09,0.8161466121673584
2020-03-10,0.7978807091712952
2020-03-11,0.7689823508262634
2020-03-12,0.7401555776596069
2020-03-13,0.7339394092559814
2020-03-14,0.7324872016906738
2020-03-15,0.7127424478530884
2020-03-16,0.6814405918121338
2020-03-17,0.664682149887085
2020-03-18,0.659381628036499
2020-03-19,0.643803060054779
2020-03-20,0.6626489162445068
2020-03-21,0.6388020515441895
2020-03-22,0.6451943516731262
2020-03-23,0.7197728753089905
2020-03-24,1.046900749206543
2020-03-25,2.8288984298706055
2020-03-26,3.6797122955322266
2020-03-27,2.459850311279297
2020-03-28,1.5993973016738892
2020-03-29,1.2018396854400635
2020-03-30,0.9990132451057434
2020-03-31,0.8695290684700012
2020-04-01,0.8241562247276306
2020-04-02,0.7701122760772705
2020-04-03,0.7093862891197205
2020-04-04,0.6570723652839661
2020-04-05,0.6216632127761841
2020-04-06,0.6071604490280151
2020-04-07,0.5976289510726929
2020-04-08,0.5863387584686279
2020-04-09,0.5765612125396729
2020-04-10,0.5516155958175659
2020-04-11,0.5117209553718567
2020-04-12,0.5127543807029724
2020-04-13,1.2731661796569824
2020-04-14,1.6360338926315308
2020-04-15,1.1961627006530762
2020-04-16,0.8704659342765808
2020-04-17,0.7191554307937622
2020-04-18,0.6945790648460388
2020-04-19,0.6744163036346436
2020-04-20,0.8320762515068054
2020-04-21,1.0684943199157715
2020-04-22,0.9060859680175781
2020-04-23,0.7513993978500366
2020-04-24,0.7112795114517212
2020-04-25,0.6661514043807983
2020-04-26,0.7684679627418518
2020-04-27,1.0331907272338867
2020-04-28,0.896111249923706
2020-04-29,0.7407703399658203
2020-04-30,2.5970475673675537
2020-05-01,4.682260990142822
2020-05-02,3.219359874725342
2020-05-03,1.9480226039886475
2020-05-04,1.28858482837677
2020-05-05,0.9522554278373718
2020-05-06,0.808864951133728
2020-05-07,0.7215297818183899
2020-05-08,0.6539008617401123
2020-05-09,0.6136773824691772
2020-05-10,0.5650872588157654
2020-05-11,0.5335842370986938
2020-05-12,0.4954218864440918
2020-05-13,0.47041821479797363
2020-05-14,0.4522351622581482
2020-05-15,0.42457595467567444
2020-05-16,0.3991209864616394
2020-05-17,0.3743635416030884
2020-05-18,0.3536839783191681
2020-05-19,0.4692077934741974
2020-05-20,1.4894168376922607
2020-05-21,5.357207298278809
2020-05-22,9.252400398254395
2020-05-23,6.3315935134887695
2020-05-24,3.3909192085266113
2020-05-25,2.19095516204834
2020-05-26,1.8841569423675537
2020-05-27,1.7693629264831543
2020-05-28,3.256983518600464
2020-05-29,4.152225494384766
2020-05-30,3.966749906539917
2020-05-31,2.706928253173828
2020-06-01,1.724863886833191
2020-06-02,1.1959667205810547
2020-06-03,0.9325829744338989
2020-06-04,0.7686077952384949
2020-06-05,0.6714282631874084
2020-06-06,0.6338838934898376
2020-06-07,0.5921196937561035
2020-06-08,0.5261116027832031
2020-06-09,0.478328675031662
2020-06-10,0.4495081305503845
2020-06-11,0.6318224668502808
2020-06-12,1.6179317235946655
2020-06-13,1.4569356441497803
2020-06-14,0.9758017063140869
2020-06-15,0.7775742411613464
2020-06-16,1.2799935340881348
2020-06-17,2.4803223609924316
2020-06-18,2.630115509033203
2020-06-19,2.1558613777160645
2020-06-20,2.5242104530334473
2020-06-21,2.3396575450897217
2020-06-22,1.5626111030578613
2020-06-23,1.0551955699920654
2020-06-24,0.8071302771568298
2020-06-25,0.6493713855743408
2020-06-26,0.5757436752319336
2020-06-27,0.5050961375236511
2020-06-28,0.4608556926250458
2020-06-29,0.4581543207168579
2020-06-30,0.44622641801834106
2020-07-01,0.43362948298454285
2020-07-02,0.4456835389137268
2020-07-03,0.4150178134441376
2020-07-04,0.38308185338974
2020-07-05,0.37163662910461426
2020-07-06,0.3630615472793579
2020-07-07,0.345164030790329
2020-07-08,0.36793413758277893
2020-07-09,0.37563034892082214
2020-07-10,0.35407954454421997
2020-07-11,0.4151865243911743
2020-07-12,0.46220654249191284
2020-07-13,0.4514625370502472
2020-07-14,0.44439268112182617
2020-07-15,0.37266576290130615
2020-07-16,0.31208479404449463
2020-07-17,0.3320264518260956
2020-07-18,0.5095407366752625
2020-07-19,0.5546829104423523
2020-07-20,0.44944724440574646
2020-07-21,0.35703974962234497
2020-07-22,0.29868143796920776
2020-07-23,0.2811878025531769
2020-07-24,0.38011208176612854
2020-07-25,0.45920610427856445
2020-07-26,0.38506096601486206
2020-07-27,0.30884450674057007
2020-07-28,0.27601158618927
2020-07-29,0.365984708070755
2020-07-30,0.4561886787414551
2020-07-31,0.3969701826572418
2020-08-01,0.3282249867916107
2020-08-02,0.27813801169395447
2020-08-03,0.31271693110466003
2020-08-04,2.373960256576538
2020-08-05,2.20224666595459
2020-08-06,1.3966763019561768
2020-08-07,1.184432029724121
2020-08-08,0.9696099162101746
2020-08-09,0.7634623050689697
2020-08-10,0.6163787245750427
2020-08-11,0.48697859048843384
2020-08-12,0.40124082565307617
2020-08-13,0.3621974289417267
2020-08-14,0.38251811265945435
2020-08-15,0.772884726524353
2020-08-16,1.5874364376068115
2020-08-17,1.651728868484497
2020-08-18,1.3095500469207764
2020-08-19,0.8748550415039062
2020-08-20,0.62604820728302
2020-08-21,0.556482195854187
2020-08-22,0.6825886964797974
2020-08-23,0.7492530941963196
2020-08-24,0.5933809280395508
2020-08-25,0.46517491340637207
2020-08-26,0.381091833114624
2020-08-27,0.3255557417869568
2020-08-28,0.2917821407318115
2020-08-29,0.2686639726161957
2020-08-30,0.2537306547164917
2020-08-31,0.27837178111076355
2020-09-01,0.3675079941749573
2020-09-02,0.36099034547805786
2020-09-03,0.3068503439426422
2020-09-04,0.26118844747543335
2020-09-05,0.23091933131217957
2020-09-06,0.21226660907268524
2020-09-07,0.19926980137825012
2020-09-08,0.18959778547286987
2020-09-09,0.1903090924024582
2020-09-10,0.20396827161312103
2020-09-11,0.2523113191127777
2020-09-12,0.3008989691734314
2020-09-13,0.2831738293170929
2020-09-14,0.24592065811157227
2020-09-15,0.22217807173728943
2020-09-16,0.20462070405483246
2020-09-17,0.26518192887306213
2020-09-18,1.2973017692565918
2020-09-19,1.3708869218826294
2020-09-20,0.8186553716659546
2020-09-21,0.506041407585144
2020-09-22,0.37264224886894226
2020-09-23,0.3056448698043823
2020-09-24,0.2807559370994568
2020-09-25,0.4768768548965454
2020-09-26,1.0187479257583618
2020-09-27,0.9284953474998474
2020-09-28,0.6481395363807678
2020-09-29,0.5817744135856628
2020-09-30,1.042372465133667
2020-10-01,1.0378050804138184
2020-10-02,0.7424604892730713
2020-10-03,0.53739994764328
2020-10-04,0.4337553083896637
2020-10-05,0.37290292978286743
2020-10-06,0.33371877670288086
2020-10-07,0.30592191219329834
2020-10-08,0.28255778551101685
2020-10-09,0.2685117721557617
2020-10-10,0.29271015524864197
2020-10-11,0.9569815993309021
2020-10-12,2.1343178749084473
2020-10-13,1.7931973934173584
2020-10-14,1.0977883338928223
2020-10-15,0.7319142818450928
2020-10-16,0.7041313648223877
2020-10-17,0.8596632480621338
2020-10-18,0.7131276726722717
2020-10-19,0.5670409798622131
2020-10-20,0.4871521592140198
2020-10-21,0.44259071350097656
2020-10-22,0.4109758734703064
2020-10-23,0.38621047139167786
2020-10-24,0.361441433429718
2020-10-25,0.358167439699173
2020-10-26,0.3631524443626404
2020-10-27,0.35266146063804626
2020-10-28,0.34591805934906006
2020-10-29,0.43977564573287964
2020-10-30,0.5885164737701416
2020-10-31,0.5551535487174988
2020-11-01,0.5613827705383301
2020-11-02,0.6468448042869568
2020-11-03,0.5628958940505981
2020-11-04,0.48158499598503113
2020-11-05,0.43280228972435
2020-11-06,0.403294175863266
2020-11-07,0.3825736939907074
2020-11-08,0.3636161684989929
2020-11-09,0.34606143832206726
2020-11-10,0.3364090323448181
2020-11-11,0.37185654044151306
2020-11-12,6.065032958984375
2020-11-13,11.576276779174805
2020-11-14,5.833404064178467
2020-11-15,2.6878933906555176
2020-11-16,1.632148265838623
2020-11-17,1.1622332334518433
2020-11-18,0.9234848618507385
2020-11-19,0.7852088212966919
2020-11-20,0.7057252526283264
2020-11-21,0.6433184742927551
2020-11-22,0.5993382930755615
2020-11-23,0.5643182396888733
2020-11-24,0.540661096572876
2020-11-25,0.5257115364074707
2020-11-26,0.5131821036338806
2020-11-27,0.5454308986663818
2020-11-28,0.5260142087936401
2020-11-29,0.50145024061203
2020-11-30,2.0708723068237305
2020-12-01,4.204031944274902
2020-12-02,2.808490514755249
2020-12-03,1.680336833000183
2020-12-04,1.221686601638794
2020-12-05,1.6421477794647217
2020-12-06,1.9067339897155762
2020-12-07,1.6106454133987427
2020-12-08,1.484030842781067
2020-12-09,1.2205359935760498
2020-12-10,1.014933466911316
2020-12-11,0.8877589106559753
2020-12-12,0.809834361076355
2020-12-13,0.770671546459198
2020-12-14,1.997948408126831
2020-12-15,3.664377450942993
2020-12-16,4.152132987976074
2020-12-17,5.238404273986816
2020-12-18,3.7242319583892822
2020-12-19,2.353078603744507
2020-12-20,2.1762242317199707
2020-12-21,2.844728708267212
2020-12-22,2.2640669345855713
2020-12-23,1.6854462623596191
2020-12-24,2.336944580078125
2020-12-25,10.062454223632812
2020-12-26,7.553096771240234
2020-12-27,4.092903137207031
2020-12-28,2.59104323387146
2020-12-29,1.9161655902862549
2020-12-30,1.5491118431091309
2020-12-31,1.348572015762329
2021-01-01,1.241836667060852
2021-01-02,1.6983851194381714
2021-01-03,3.8581180572509766
2021-01-04,4.686820030212402
2021-01-05,3.110304117202759
2021-01-06,2.1255946159362793
2021-01-07,1.6458882093429565
2021-01-08,1.6618685722351074
2021-01-09,2.040226697921753
2021-01-10,1.7712868452072144
2021-01-11,1.453803539276123
2021-01-12,1.3246735334396362
2021-01-13,1.2143367528915405
2021-01-14,1.130698800086975
2021-01-15,1.103261947631836
2021-01-16,1.1161673069000244
2021-01-17,1.0428298711776733
2021-01-18,0.9571697115898132
2021-01-19,0.9026715159416199
2021-01-20,0.855195164680481
2021-01-21,0.8214448094367981
2021-01-22,0.8118219971656799
2021-01-23,0.7855175137519836
2021-01-24,0.7634533643722534
2021-01-25,0.8278713226318359
2021-01-26,1.5725969076156616
2021-01-27,2.42069673538208
2021-01-28,3.57517671585083
2021-01-29,3.1013646125793457
2021-01-30,2.182650089263916
2021-01-31,2.3739891052246094
2021-02-01,3.4879703521728516
2021-02-02,2.8303308486938477
2021-02-03,2.0369162559509277
2021-02-04,1.5967347621917725
2021-02-05,1.4040625095367432
2021-02-06,1.3559621572494507
2021-02-07,2.1767616271972656
2021-02-08,2.7074828147888184
2021-02-09,2.1600561141967773
2021-02-10,1.7124207019805908
2021-02-11,1.942495346069336
2021-02-12,3.2590479850769043
2021-02-13,5.691707611083984
2021-02-14,8.57374382019043
2021-02-15,8.353533744812012
2021-02-16,9.489118576049805
2021-02-17,7.76383113861084
2021-02-18,5.457765102386475
2021-02-19,7.513236999511719
2021-02-20,6.614636421203613
2021-02-21,4.321138381958008
2021-02-22,3.352651834487915
2021-02-23,3.4786558151245117
2021-02-24,2.770721912384033
2021-02-25,2.2408413887023926
2021-02-26,2.076936721801758
2021-02-27,2.586005449295044
2021-02-28,2.6072945594787598
2021-03-01,3.0430970191955566
2021-03-02,3.7622101306915283
2021-03-03,2.8168721199035645
2021-03-04,2.1775214672088623
2021-03-05,1.8256428241729736
2021-03-06,1.6004284620285034
2021-03-07,1.4409428834915161
2021-03-08,1.2871981859207153
2021-03-09,1.2099238634109497
2021-03-10,1.1648027896881104
2021-03-11,1.1218446493148804
2021-03-12,1.089341163635254
2021-03-13,1.0516124963760376
2021-03-14,1.0108058452606201
2021-03-15,0.9907530546188354
2021-03-16,1.3800673484802246
2021-03-17,2.062894821166992
2021-03-18,2.0842630863189697
2021-03-19,2.7098793983459473
2021-03-20,2.60563588142395
2021-03-21,2.002365827560425
2021-03-22,1.5994924306869507
2021-03-23,1.3752973079681396
2021-03-24,1.2387893199920654
2021-03-25,1.2481169700622559
2021-03-26,2.0872650146484375
2021-03-27,3.2945892810821533
2021-03-28,3.890918731689453
2021-03-29,3.501150369644165
2021-03-30,2.402708053588867
2021-03-31,2.2437429428100586
2021-04-01,2.9535603523254395
2021-04-02,2.369349479675293
2021-04-03,1.7726069688796997
2021-04-04,1.476525902748108
2021-04-05,1.2991377115249634
2021-04-06,1.1818766593933105
2021-04-07,1.0964654684066772
2021-04-08,1.0271728038787842
2021-04-09,1.0094417333602905
2021-04-10,1.0679388046264648
2021-04-11,1.1585056781768799
2021-04-12,1.0972692966461182
2021-04-13,0.9753104448318481
2021-04-14,0.9024839401245117
2021-04-15,0.9107164144515991
2021-04-16,0.8917322754859924
2021-04-17,0.8300796151161194
2021-04-18,0.7812681198120117
2021-04-19,0.7486974000930786
2021-04-20,0.7093636393547058
2021-04-21,0.6799854040145874
2021-04-22,0.6426698565483093
2021-04-23,0.6102415323257446
2021-04-24,0.7021788954734802
2021-04-25,0.9749350547790527
2021-04-26,0.8760899305343628
2021-04-27,0.753383994102478
2021-04-28,0.6753724217414856
2021-04-29,0.6206433176994324
2021-04-30,1.1875675916671753
2021-05-01,1.3333462476730347
2021-05-02,1.0189883708953857
2021-05-03,0.9026221036911011
2021-05-04,1.0596377849578857
2021-05-05,1.031286597251892
2021-05-06,0.839117169380188
2021-05-07,0.9208404421806335
2021-05-08,1.0757970809936523
2021-05-09,0.9083707332611084
2021-05-10,1.0133432149887085
2021-05-11,1.2614549398422241
2021-05-12,1.2350640296936035
2021-05-13,1.4224952459335327
2021-05-14,1.1291080713272095
2021-05-15,0.8769851326942444
2021-05-16,0.7396344542503357
2021-05-17,0.6635315418243408
2021-05-18,0.6053088903427124
2021-05-19,0.5628576278686523
2021-05-20,0.5228431224822998
2021-05-21,0.4874383211135864
2021-05-22,0.45378413796424866
2021-05-23,0.4330301880836487
2021-05-24,0.41211873292922974
2021-05-25,0.39951249957084656
2021-05-26,0.3928930163383484
2021-05-27,0.37284988164901733
2021-05-28,0.3542603850364685
2021-05-29,0.38442790508270264
2021-05-30,0.4611724615097046
2021-05-31,0.4483852982521057
2021-06-01,0.40629804134368896
2021-06-02,0.3877667188644409
2021-06-03,0.6202172040939331
2021-06-04,1.0453665256500244
2021-06-05,0.9141356945037842
2021-06-06,0.6599204540252686
2021-06-07,0.5172300338745117
2021-06-08,0.4943777620792389
2021-06-09,0.5028595328330994
2021-06-10,0.562781035900116
2021-06-11,0.9144980907440186
2021-06-12,0.9411501288414001
2021-06-13,0.7504914999008179
2021-06-14,0.5851283669471741
2021-06-15,0.49739870429039
2021-06-16,0.4249371588230133
2021-06-17,0.37013810873031616
2021-06-18,0.3335529565811157
2021-06-19,0.3092201352119446
2021-06-20,0.3473970890045166
2021-06-21,0.47254955768585205
2021-06-22,0.4906662106513977
2021-06-23,0.5064169764518738
2021-06-24,0.43522408604621887
2021-06-25,0.3587166666984558
2021-06-26,0.32155531644821167
2021-06-27,0.29968369007110596
2021-06-28,0.2814842760562897
2021-06-29,0.2647803723812103
2021-06-30,0.25037094950675964
2021-07-01,0.23627957701683044
2021-07-02,0.3391976058483124
2021-07-03,0.569989800453186
2021-07-04,0.4752742648124695
2021-07-05,0.35483938455581665
2021-07-06,0.2960672080516815
2021-07-07,0.25661927461624146
2021-07-08,0.41537588834762573
2021-07-09,1.0667686462402344
2021-07-10,0.9011569619178772
2021-07-11,0.567072331905365
2021-07-12,0.4109041392803192
2021-07-13,0.3323103189468384
2021-07-14,0.31431737542152405
2021-07-15,0.3355752229690552
2021-07-16,0.3171396553516388
2021-07-17,0.2867085933685303
2021-07-18,0.261832594871521
2021-07-19,0.49358752369880676
2021-07-20,0.9313732981681824
2021-07-21,0.7195489406585693
2021-07-22,0.483426958322525
2021-07-23,0.353465735912323
2021-07-24,0.2877212166786194
2021-07-25,0.2536577880382538
2021-07-26,0.23266954720020294
2021-07-27,0.23043033480644226
2021-07-28,0.23079466819763184
2021-07-29,0.21680599451065063
2021-07-30,0.1948854923248291
2021-07-31,0.17788074910640717
2021-08-01,0.1789710968732834
2021-08-02,0.1873110979795456
2021-08-03,0.19364652037620544
2021-08-04,0.20951175689697266
2021-08-05,0.20035776495933533
2021-08-06,0.18214109539985657
2021-08-07,0.20976915955543518
2021-08-08,0.260871946811676
2021-08-09,0.23442059755325317
2021-08-10,0.20130765438079834
2021-08-11,0.18451574444770813
2021-08-12,0.17092415690422058
2021-08-13,0.15868379175662994
2021-08-14,0.16111351549625397
2021-08-15,0.23037350177764893
2021-08-16,0.3599824607372284
2021-08-17,0.4135904908180237
2021-08-18,0.44085657596588135
2021-08-19,0.39221251010894775
2021-08-20,0.35863053798675537
2021-08-21,0.4295162558555603
2021-08-22,0.4087282717227936
2021-08-23,0.33795803785324097
2021-08-24,0.2685176432132721
2021-08-25,0.22455458343029022
2021-08-26,0.2019728124141693
2021-08-27,0.1825602650642395
2021-08-28,0.16391414403915405
2021-08-29,0.1503642350435257
2021-08-30,0.14104191958904266
2021-08-31,0.13165362179279327
2021-09-01,0.14487113058567047
2021-09-02,0.19761785864830017
2021-09-03,0.19689640402793884
2021-09-04,0.1726999282836914
2021-09-05,0.15423904359340668
2021-09-06,0.14162522554397583
2021-09-07,0.1347690373659134
2021-09-08,0.15336105227470398
2021-09-09,0.21271148324012756
2021-09-10,0.23460641503334045
2021-09-11,0.19747719168663025
2021-09-12,0.16662821173667908
2021-09-13,0.14707419276237488
2021-09-14,0.133063405752182
2021-09-15,0.1260617971420288
2021-09-16,0.13477823138237
2021-09-17,0.1439465582370758
2021-09-18,0.13957151770591736
2021-09-19,0.1329490691423416
2021-09-20,0.12639932334423065
2021-09-21,0.16403815150260925
2021-09-22,0.3806420564651489
2021-09-23,0.7019269466400146
2021-09-24,0.5481006503105164
2021-09-25,0.3523806929588318
2021-09-26,0.2515925168991089
2021-09-27,0.20749129354953766
2021-09-28,0.17864036560058594
2021-09-29,0.1584581434726715
2021-09-30,0.14751552045345306
2021-10-01,0.14143705368041992
2021-10-02,0.13803571462631226
2021-10-03,0.13244441151618958
2021-10-04,0.1364102065563202
2021-10-05,0.1442689746618271
2021-10-06,0.14599204063415527
2021-10-07,0.1472899168729782
2021-10-08,0.15653789043426514
2021-10-09,0.4002418518066406
2021-10-10,0.7592618465423584
2021-10-11,0.5542408227920532
2021-10-12,0.37250855565071106
2021-10-13,0.28434547781944275
2021-10-14,0.23590633273124695
2021-10-15,0.2063167691230774
2021-10-16,0.1896289438009262
2021-10-17,0.17738576233386993
2021-10-18,0.16601017117500305
2021-10-19,0.15817967057228088
2021-10-20,0.15322326123714447
2021-10-21,0.14598584175109863
2021-10-22,0.1426554024219513
2021-10-23,0.13971422612667084
2021-10-24,0.13634707033634186
2021-10-25,0.13634362816810608
2021-10-26,0.1526239663362503
2021-10-27,0.15901777148246765
2021-10-28,0.16148285567760468
2021-10-29,0.17852197587490082
2021-10-30,0.1880098283290863
2021-10-31,0.17688167095184326
2021-11-01,0.16788877546787262
2021-11-02,0.16111959517002106
2021-11-03,0.15598684549331665
2021-11-04,0.16223879158496857
2021-11-05,0.1829267144203186
2021-11-06,0.1795433759689331
2021-11-07,0.17250578105449677
2021-11-08,0.1725897192955017
2021-11-09,0.176158607006073
2021-11-10,0.17009355127811432
2021-11-11,0.1678047925233841
2021-11-12,0.1621016263961792
2021-11-13,0.15730775892734528
2021-11-14,0.15738101303577423
2021-11-15,0.15173158049583435
2021-11-16,0.15785065293312073
2021-11-17,0.158392995595932
2021-11-18,0.1576264500617981
2021-11-19,0.15483272075653076
2021-11-20,0.1547083556652069
2021-11-21,0.15965023636817932
2021-11-22,0.22629091143608093
2021-11-23,0.33033013343811035
2021-11-24,0.3065245449542999
2021-11-25,0.26287662982940674
2021-11-26,0.2412176877260208
2021-11-27,0.23792989552021027
2021-11-28,0.22298237681388855
2021-11-29,0.2043440192937851
2021-11-30,0.20238380134105682
2021-12-01,0.19990894198417664
2021-12-02,0.1928732842206955
2021-12-03,0.19047418236732483
2021-12-04,0.19210542738437653
2021-12-05,0.18559247255325317
2021-12-06,0.18386973440647125
2021-12-07,0.18268537521362305
2021-12-08,0.19103845953941345
2021-12-09,0.21833351254463196
2021-12-10,0.22108517587184906
2021-12-11,0.2155790627002716
2021-12-12,0.2462255209684372
2021-12-13,0.2864849865436554
2021-12-14,0.26681506633758545
2021-12-15,0.24593114852905273
2021-12-16,0.23799146711826324
2021-12-17,0.22328683733940125
2021-12-18,0.21994854509830475
2021-12-19,0.40672820806503296
2021-12-20,0.7034975290298462
2021-12-21,0.5544385313987732
2021-12-22,0.4727741479873657
2021-12-23,0.3974250555038452
2021-12-24,0.3419010043144226
2021-12-25,0.3047153055667877
2021-12-26,0.28070303797721863
2021-12-27,0.26928582787513733
2021-12-28,0.2564772963523865
2021-12-29,0.24739477038383484
2021-12-30,0.26499679684638977
2021-12-31,0.3125014305114746
2022-01-01,0.3066868782043457
2022-01-02,0.4349972605705261
2022-01-03,9.161290168762207
2022-01-04,8.491138458251953
2022-01-05,4.049428462982178
2022-01-06,1.9668667316436768
2022-01-07,1.2350889444351196
2022-01-08,0.9092282056808472
2022-01-09,0.7388109564781189
2022-01-10,0.8455721139907837
2022-01-11,0.9150373935699463
2022-01-12,0.7711895704269409
2022-01-13,0.6555226445198059
2022-01-14,0.5824682116508484
2022-01-15,0.5350995659828186
2022-01-16,1.0564541816711426
2022-01-17,2.2810885906219482
2022-01-18,2.0407919883728027
2022-01-19,1.5188945531845093
2022-01-20,1.4019731283187866
2022-01-21,1.8093026876449585
2022-01-22,1.6299166679382324
2022-01-23,1.290055274963379
2022-01-24,1.1544373035430908
2022-01-25,1.0634243488311768
2022-01-26,0.9647673964500427
2022-01-27,0.8442396521568298
2022-01-28,0.7395644187927246
2022-01-29,0.7155896425247192
2022-01-30,0.6749376058578491
2022-01-31,0.6213021278381348
2022-02-01,0.5924814939498901
2022-02-02,0.5629714131355286
2022-02-03,0.6050425171852112
2022-02-04,0.9875527620315552
2022-02-05,1.6255466938018799
2022-02-06,1.4109559059143066
2022-02-07,1.1771256923675537
2022-02-08,1.4089853763580322
2022-02-09,1.2350730895996094
2022-02-10,1.0320953130722046
2022-02-11,0.8851644396781921
2022-02-12,0.798560619354248
2022-02-13,0.7463861107826233
2022-02-14,0.7162231206893921
2022-02-15,0.6634241342544556
2022-02-16,0.6226838231086731
2022-02-17,0.6050094962120056
2022-02-18,0.7410865426063538
2022-02-19,0.8847972750663757
2022-02-20,0.8048335313796997
2022-02-21,0.6970660090446472
2022-02-22,0.657393217086792
2022-02-23,0.7003250122070312
2022-02-24,0.8128921985626221
2022-02-25,0.836068868637085
2022-02-26,0.7787007093429565
2022-02-27,0.8810490369796753
2022-02-28,1.2528362274169922
2022-03-01,1.0921577215194702
2022-03-02,0.9060063362121582
2022-03-03,0.7886079549789429
2022-03-04,0.7095965147018433
2022-03-05,0.6492550373077393
2022-03-06,0.6140503883361816
2022-03-07,0.5830003619194031
2022-03-08,0.5874519348144531
2022-03-09,1.520300030708313
2022-03-10,2.9203972816467285
2022-03-11,2.1573238372802734
2022-03-12,3.087151527404785
2022-03-13,3.980465888977051
2022-03-14,2.7263972759246826
2022-03-15,1.793942928314209
2022-03-16,2.6125924587249756
2022-03-17,11.140695571899414
2022-03-18,10.129903793334961
2022-03-19,5.530240535736084
2022-03-20,3.1307270526885986
2022-03-21,2.0771567821502686
2022-03-22,1.5791053771972656
2022-03-23,1.6068220138549805
2022-03-24,2.161904811859131
2022-03-25,2.1018543243408203
2022-03-26,1.6643760204315186
2022-03-27,1.328850269317627
2022-03-28,1.1102930307388306
2022-03-29,0.983381986618042
2022-03-30,0.8961602449417114
2022-03-31,1.81026029586792
2022-04-01,3.1875948905944824
2022-04-02,2.368852138519287
2022-04-03,1.6470210552215576
2022-04-04,1.2551000118255615
2022-04-05,1.6120696067810059
2022-04-06,2.7409915924072266
2022-04-07,2.656266689300537
2022-04-08,2.2614858150482178
2022-04-09,1.7094366550445557
2022-04-10,1.3351283073425293
2022-04-11,1.1136598587036133
2022-04-12,0.9853211641311646
2022-04-13,0.8952533006668091
2022-04-14,0.8336560726165771
2022-04-15,0.7752945423126221
2022-04-16,0.7519353628158569
2022-04-17,0.7605124115943909
2022-04-18,1.726614236831665
2022-04-19,3.317593812942505
2022-04-20,2.3585970401763916
2022-04-21,1.5656309127807617
2022-04-22,1.1880416870117188
2022-04-23,0.9741084575653076
2022-04-24,0.8405694961547852
2022-04-25,0.7444891929626465
2022-04-26,0.7369569540023804
2022-04-27,0.7591962218284607
2022-04-28,0.6879326701164246
2022-04-29,0.6305922269821167
2022-04-30,0.5995758175849915
2022-05-01,0.6294691562652588
2022-05-02,0.7174544334411621
2022-05-03,0.698979377746582
2022-05-04,0.6372374296188354
2022-05-05,0.5637512803077698
2022-05-06,0.5337620973587036
2022-05-07,0.6573827862739563
2022-05-08,0.7411512136459351
2022-05-09,0.658076286315918
2022-05-10,0.5679242610931396
2022-05-11,0.5052462220191956
2022-05-12,0.4586987793445587
2022-05-13,0.4253377914428711
2022-05-14,0.43431371450424194
2022-05-15,0.45558786392211914
2022-05-16,0.4415736496448517
2022-05-17,0.42303466796875
2022-05-18,0.38645288348197937
2022-05-19,0.3541151285171509
2022-05-20,0.356113076210022
2022-05-21,0.4079217314720154
2022-05-22,0.4142637252807617
2022-05-23,0.4205164909362793
2022-05-24,0.6327625513076782
2022-05-25,0.7416359186172485
2022-05-26,0.5872371792793274
2022-05-27,0.7509866952896118
2022-05-28,1.0433852672576904
2022-05-29,0.7948670387268066
2022-05-30,0.5683513879776001
2022-05-31,0.4553684890270233
2022-06-01,0.381061851978302
2022-06-02,0.3358187675476074
2022-06-03,0.3063868284225464
2022-06-04,0.2900494337081909
2022-06-05,0.2705771327018738
2022-06-06,0.25238221883773804
2022-06-07,0.23547235131263733
2022-06-08,0.23384571075439453
2022-06-09,0.2488461285829544
2022-06-10,0.2358812689781189
2022-06-11,0.21486365795135498
2022-06-12,0.2086009681224823
2022-06-13,0.2029068022966385
2022-06-14,0.19975890219211578
2022-06-15,0.19812655448913574
2022-06-16,0.3015197515487671
2022-06-17,0.46159058809280396
2022-06-18,0.4155556559562683
2022-06-19,0.3115296959877014
2022-06-20,0.24574756622314453
2022-06-21,0.21538838744163513
2022-06-22,0.20129145681858063
2022-06-23,0.19109198451042175
2022-06-24,0.18289116024971008
2022-06-25,0.16757453978061676
2022-06-26,0.1560097187757492
2022-06-27,0.15383875370025635
2022-06-28,0.1599569320678711
2022-06-29,0.15289799869060516
2022-06-30,0.14885078370571136
2022-07-01,0.1421155333518982
2022-07-02,0.1323709636926651
2022-07-03,0.12962262332439423
2022-07-04,0.13767974078655243
2022-07-05,0.14341364800930023
2022-07-06,0.17151880264282227
2022-07-07,0.204355850815773
2022-07-08,0.2421632707118988
2022-07-09,0.28952813148498535
2022-07-10,0.3142191767692566
2022-07-11,0.32562780380249023
2022-07-12,0.26189130544662476
2022-07-13,0.23508577048778534
2022-07-14,0.25353533029556274
2022-07-15,0.22025161981582642
2022-07-16,0.20898157358169556
2022-07-17,0.22130346298217773
2022-07-18,0.19463706016540527
2022-07-19,0.16539931297302246
2022-07-20,0.14506950974464417
2022-07-21,0.14422594010829926
2022-07-22,0.15155799686908722
2022-07-23,0.14165064692497253
2022-07-24,0.13259346783161163
2022-07-25,0.12528832256793976
2022-07-26,0.1349034160375595
2022-07-27,0.15349243581295013
2022-07-28,0.15922316908836365
2022-07-29,0.16785076260566711
2022-07-30,0.16390490531921387
2022-07-31,0.1789546012878418
2022-08-01,0.23809772729873657
2022-08-02,0.2260632961988449
2022-08-03,0.17943435907363892
2022-08-04,0.15002521872520447
2022-08-05,0.13455228507518768
2022-08-06,0.12365493178367615
2022-08-07,0.11751969903707504
2022-08-08,0.11159664392471313
2022-08-09,0.10390491783618927
2022-08-10,0.10158544778823853
2022-08-11,0.1067708358168602
2022-08-12,0.12105705589056015
2022-08-13,0.12209470570087433
2022-08-14,0.1072043627500534
2022-08-15,0.11684819310903549
2022-08-16,0.14037659764289856
2022-08-17,0.13702957332134247
2022-08-18,0.11763911694288254
2022-08-19,0.10573602467775345
2022-08-20,0.10150321573019028
2022-08-21,0.12556689977645874
2022-08-22,0.17330408096313477
2022-08-23,0.1868094950914383
2022-08-24,0.16665975749492645
2022-08-25,0.15076996386051178
2022-08-26,0.13766686618328094
2022-08-27,0.12650907039642334
2022-08-28,0.1186496913433075
2022-08-29,0.10784699767827988
2022-08-30,0.09787385910749435
2022-08-31,0.09579312801361084
2022-09-01,0.08865085989236832
2022-09-02,0.08203583210706711
2022-09-03,0.07731492817401886
2022-09-04,0.0763341635465622
2022-09-05,0.08418179303407669
2022-09-06,0.11023472994565964
2022-09-07,0.12631282210350037
2022-09-08,0.13069987297058105
2022-09-09,0.12321721017360687
2022-09-10,0.12049412727355957
2022-09-11,0.1515396684408188
2022-09-12,0.17951920628547668
2022-09-13,0.16612493991851807
2022-09-14,0.13549505174160004
2022-09-15,0.11304920166730881
2022-09-16,0.09896765649318695
2022-09-17,0.08920212090015411
2022-09-18,0.08373447507619858
2022-09-19,0.07865045964717865
2022-09-20,0.07486975193023682
2022-09-21,0.07151078432798386
2022-09-22,0.07003959268331528
2022-09-23,0.06776350736618042
2022-09-24,0.06558985263109207
2022-09-25,0.06474994122982025
2022-09-26,0.06570684909820557
2022-09-27,0.06435003131628036
2022-09-28,0.06261596083641052
2022-09-29,0.062115371227264404
2022-09-30,0.1893390715122223
2022-10-01,0.7154150009155273
2022-10-02,0.7779079675674438
2022-10-03,0.4979743957519531
2022-10-04,0.3048492670059204
2022-10-05,0.21518106758594513
2022-10-06,0.1698521375656128
2022-10-07,0.14529447257518768
2022-10-08,0.12744146585464478
2022-10-09,0.1168886125087738
2022-10-10,0.11033546179533005
2022-10-11,0.10491123795509338
2022-10-12,0.10165771096944809
2022-10-13,0.10558994114398956
2022-10-14,0.11374029517173767
2022-10-15,0.11282474547624588
2022-10-16,0.1062285527586937
2022-10-17,0.11154618859291077
2022-10-18,0.11663466691970825
2022-10-19,0.11361757665872574
2022-10-20,0.10851605236530304
2022-10-21,0.10428524017333984
2022-10-22,0.10261447727680206
2022-10-23,0.09865832328796387
2022-10-24,0.09520360827445984
2022-10-25,0.0933753103017807
2022-10-26,0.09601563960313797
2022-10-27,0.09359374642372131
2022-10-28,0.0908203125
2022-10-29,0.09015288949012756
2022-10-30,0.092374786734581
2022-10-31,0.09955549240112305
2022-11-01,0.11840587854385376
2022-11-02,0.1207832619547844
2022-11-03,0.11881333589553833
2022-11-04,0.11587491631507874
2022-11-05,0.111429862678051
2022-11-06,0.10857703536748886
2022-11-07,0.10752453655004501
2022-11-08,0.10264916718006134
2022-11-09,0.09793006628751755
2022-11-10,0.0989433154463768
2022-11-11,0.17582160234451294
2022-11-12,0.33036285638809204
2022-11-13,0.31484076380729675
2022-11-14,0.24017180502414703
2022-11-15,0.19465002417564392
2022-11-16,0.19444456696510315
2022-11-17,0.1779971867799759
2022-11-18,0.16592702269554138
2022-11-19,0.15354889631271362
2022-11-20,0.1450091153383255
2022-11-21,0.14603567123413086
2022-11-22,0.14484581351280212
2022-11-23,0.1415208876132965
2022-11-24,0.1390794813632965
2022-11-25,0.1600513607263565
2022-11-26,0.2121446132659912
2022-11-27,0.32631853222846985
2022-11-28,0.5406116843223572
2022-11-29,0.44299212098121643
2022-11-30,0.5214020013809204
2022-12-01,0.9153713583946228
2022-12-02,0.7114153504371643
2022-12-03,0.5174135565757751
2022-12-04,0.476859986782074
2022-12-05,0.3975866734981537
2022-12-06,0.33180809020996094
2022-12-07,0.3192352056503296
2022-12-08,0.3173235356807709
2022-12-09,0.30422070622444153
2022-12-10,0.2939484417438507
2022-12-11,0.2769613265991211
2022-12-12,0.26004359126091003
2022-12-13,0.24450165033340454
2022-12-14,0.2357029914855957
2022-12-15,0.480976402759552
2022-12-16,1.1753524541854858
2022-12-17,0.9658071994781494
2022-12-18,0.6557063460350037
2022-12-19,0.4912946820259094
2022-12-20,0.40291309356689453
2022-12-21,0.3556425869464874
2022-12-22,0.5972840785980225
2022-12-23,1.363854169845581
2022-12-24,1.1419367790222168
2022-12-25,0.8073792457580566
2022-12-26,0.6091808080673218
2022-12-27,0.5010150671005249
2022-12-28,0.44811031222343445
2022-12-29,0.4153470993041992
2022-12-30,0.3915744721889496
2022-12-31,0.4293650686740875
2023-01-01,0.6069169044494629
2023-01-02,0.571766197681427
2023-01-03,0.4941411018371582
2023-01-04,0.5941482782363892
2023-01-05,1.064027190208435
2023-01-06,0.9198838472366333
2023-01-07,0.6934927701950073
2023-01-08,0.5758352279663086
2023-01-09,0.5825576782226562
2023-01-10,0.5411539077758789
2023-01-11,0.4894595742225647
2023-01-12,0.4578193426132202
2023-01-13,0.5982378125190735
2023-01-14,0.7133816480636597
2023-01-15,0.6381925940513611
2023-01-16,0.5391198992729187
2023-01-17,0.5020108222961426
2023-01-18,0.5369545817375183
2023-01-19,0.5118906497955322
2023-01-20,0.4696201980113983
2023-01-21,0.4330645203590393
2023-01-22,0.6146073937416077
2023-01-23,1.898186445236206
2023-01-24,1.969827651977539
2023-01-25,2.265101432800293
2023-01-26,3.941396951675415
2023-01-27,2.9437315464019775
2023-01-28,1.7637853622436523
2023-01-29,1.2050971984863281
2023-01-30,1.1378740072250366
2023-01-31,1.34634268283844
2023-02-01,1.2820297479629517
2023-02-02,1.3148128986358643
2023-02-03,1.5481185913085938
2023-02-04,1.4338353872299194
2023-02-05,1.1404832601547241
2023-02-06,0.9495084881782532
2023-02-07,0.8163684010505676
2023-02-08,0.7318377494812012
2023-02-09,0.6747339963912964
2023-02-10,0.6376490592956543
2023-02-11,0.6420684456825256
2023-02-12,2.3797683715820312
2023-02-13,5.422708034515381
2023-02-14,3.6232151985168457
2023-02-15,2.1166889667510986
2023-02-16,1.455396056175232
2023-02-17,1.4510538578033447
2023-02-18,1.6894655227661133
2023-02-19,1.3682124614715576
2023-02-20,1.126079797744751
2023-02-21,1.040967583656311
2023-02-22,1.0193482637405396
2023-02-23,1.0921061038970947
2023-02-24,0.9804162979125977
2023-02-25,0.950157642364502
2023-02-26,1.146944522857666
2023-02-27,1.0311799049377441
2023-02-28,0.90616375207901
2023-03-01,0.8058075308799744
2023-03-02,1.2283527851104736
2023-03-03,2.398155450820923
2023-03-04,2.4938063621520996
2023-03-05,1.7793748378753662
2023-03-06,1.2843396663665771
2023-03-07,1.0264158248901367
2023-03-08,0.8763460516929626
2023-03-09,0.7690610289573669
2023-03-10,0.725701630115509
2023-03-11,0.7370406985282898
2023-03-12,0.7795405387878418
2023-03-13,1.0556347370147705
2023-03-14,0.9854764938354492
2023-03-15,0.8366692066192627
2023-03-16,0.7280330657958984
2023-03-17,0.7074100375175476
2023-03-18,1.4740514755249023
2023-03-19,1.6813304424285889
2023-03-20,1.3375545740127563
2023-03-21,1.0284334421157837
2023-03-22,0.9452136754989624
2023-03-23,0.9639435410499573
2023-03-24,0.8798638582229614
2023-03-25,0.811116635799408
2023-03-26,0.9089511036872864
2023-03-27,2.2164368629455566
2023-03-28,2.8368937969207764
2023-03-29,2.1914007663726807
2023-03-30,1.6579049825668335
2023-03-31,1.3039138317108154
2023-04-01,1.2086390256881714
2023-04-02,1.1449466943740845
2023-04-03,0.9805733561515808
2023-04-04,0.8547196984291077
2023-04-05,0.761027991771698
2023-04-06,0.7198970913887024
2023-04-07,1.5946698188781738
2023-04-08,7.307320594787598
2023-04-09,11.770276069641113
2023-04-10,6.964483261108398
2023-04-11,3.728087902069092
2023-04-12,2.3758392333984375
2023-04-13,1.7067875862121582
2023-04-14,1.581712245941162
2023-04-15,1.9307094812393188
2023-04-16,1.715951681137085
2023-04-17,1.3939076662063599
2023-04-18,1.1373282670974731
2023-04-19,0.9685526490211487
2023-04-20,0.8578879833221436
2023-04-21,0.7700679898262024
2023-04-22,0.8120669722557068
2023-04-23,1.0349057912826538
2023-04-24,0.9881067276000977
2023-04-25,0.8409212827682495
2023-04-26,0.7497775554656982
2023-04-27,0.7220205068588257
2023-04-28,1.2657593488693237
2023-04-29,1.6543614864349365
2023-04-30,2.4721338748931885
2023-05-01,3.4401559829711914
2023-05-02,2.483440399169922
2023-05-03,1.6420503854751587
2023-05-04,1.1949844360351562
2023-05-05,0.9449345469474792
2023-05-06,0.8117434978485107
2023-05-07,0.7217764854431152
2023-05-08,0.6499823927879333
2023-05-09,0.6070138216018677
2023-05-10,0.56449294090271
2023-05-11,0.5206645727157593
2023-05-12,0.48946985602378845
2023-05-13,0.45653653144836426
2023-05-14,0.43641573190689087
2023-05-15,0.4212644696235657
2023-05-16,0.40874752402305603
2023-05-17,0.48917356133461
2023-05-18,0.5374351739883423
2023-05-19,0.4986870288848877
2023-05-20,0.466732919216156
2023-05-21,0.42512744665145874
2023-05-22,0.3971262276172638
2023-05-23,0.36580890417099
2023-05-24,0.34415218234062195
2023-05-25,0.3241633176803589
2023-05-26,0.3130778670310974
2023-05-27,0.3413205146789551
2023-05-28,0.47801968455314636
2023-05-29,0.6413202881813049
2023-05-30,0.6860953569412231
2023-05-31,0.5692529082298279
2023-06-01,0.46343696117401123
2023-06-02,0.39872846007347107
2023-06-03,0.35352128744125366
2023-06-04,0.319221556186676
2023-06-05,0.29555386304855347
2023-06-06,0.28300124406814575
2023-06-07,0.27886226773262024
2023-06-08,0.30795878171920776
2023-06-09,0.29249921441078186
2023-06-10,0.2670633792877197
2023-06-11,0.2515600025653839
2023-06-12,0.2509683668613434
2023-06-13,0.25345128774642944
2023-06-14,0.24296467006206512
2023-06-15,0.2272878736257553
2023-06-16,0.21473708748817444
2023-06-17,0.20395924150943756
2023-06-18,0.18876029551029205
2023-06-19,0.22151967883110046
2023-06-20,0.4767771363258362
2023-06-21,0.7501894235610962
2023-06-22,0.9322757124900818
2023-06-23,1.0662697553634644
2023-06-24,1.0073541402816772
2023-06-25,0.7161425352096558
2023-06-26,0.5149872899055481
2023-06-27,0.9423849582672119
2023-06-28,1.3842549324035645
2023-06-29,0.954718828201294
2023-06-30,0.5959908366203308
2023-07-01,0.5932407379150391
2023-07-02,0.7367969751358032
2023-07-03,0.6219866275787354
2023-07-04,0.5071488618850708
2023-07-05,0.43573907017707825
2023-07-06,0.4531736969947815
2023-07-07,0.4663686454296112
2023-07-08,0.5776466131210327
2023-07-09,0.9153275489807129
2023-07-10,0.9676097631454468
2023-07-11,0.7051138877868652
2023-07-12,0.48875948786735535
2023-07-13,0.377444863319397
2023-07-14,0.344348669052124
2023-07-15,0.38276737928390503
2023-07-16,0.39846423268318176
2023-07-17,0.3537660837173462
2023-07-18,0.2902901768684387
2023-07-19,0.2531668245792389
2023-07-20,0.2510368525981903
2023-07-21,0.25492316484451294
2023-07-22,0.23478753864765167
2023-07-23,0.2186565101146698
2023-07-24,0.22722233831882477
2023-07-25,0.22975470125675201
2023-07-26,0.20492130517959595
2023-07-27,0.18008388578891754
2023-07-28,0.16272953152656555
2023-07-29,0.14895817637443542
2023-07-30,0.1426398903131485
2023-07-31,0.14730076491832733
2023-08-01,0.14931412041187286
2023-08-02,0.14231283962726593
2023-08-03,0.1407693475484848
2023-08-04,0.146417036652565
2023-08-05,0.14560957252979279
2023-08-06,0.14296570420265198
2023-08-07,0.15571516752243042
2023-08-08,0.1636524796485901
2023-08-09,0.15255330502986908
2023-08-10,0.17026537656784058
2023-08-11,0.1969813108444214
2023-08-12,0.18177539110183716
2023-08-13,0.15537415444850922
2023-08-14,0.13773004710674286
2023-08-15,0.1380620300769806
2023-08-16,0.14416854083538055
2023-08-17,0.1325913518667221
2023-08-18,0.11947841942310333
2023-08-19,0.10928497463464737
2023-08-20,0.1011827290058136
2023-08-21,0.09584452211856842
2023-08-22,0.09236952662467957
2023-08-23,0.08789167553186417
2023-08-24,0.08447397500276566
2023-08-25,0.08917714655399323
2023-08-26,0.09653638303279877
2023-08-27,0.10152094811201096
2023-08-28,0.13712675869464874
2023-08-29,0.20266303420066833
2023-08-30,0.25934189558029175
2023-08-31,0.5081689357757568
2023-09-01,0.46095412969589233
2023-09-02,0.2999950051307678
2023-09-03,0.20976626873016357
2023-09-04,0.1646580547094345
2023-09-05,0.1375008523464203
2023-09-06,0.12033507972955704
2023-09-07,0.10950444638729095
2023-09-08,0.10321110486984253
2023-09-09,0.12047823518514633
2023-09-10,0.1687602996826172
2023-09-11,0.1751655638217926
2023-09-12,0.15395578742027283
2023-09-13,0.14196375012397766
2023-09-14,0.1322387456893921
2023-09-15,0.11952855437994003
2023-09-16,0.10867486894130707
2023-09-17,0.11215516924858093
2023-09-18,0.12183524668216705
2023-09-19,0.11533486098051071
2023-09-20,0.10698963701725006
2023-09-21,0.10123773664236069
2023-09-22,0.09925517439842224
2023-09-23,0.1831040382385254
2023-09-24,0.32374924421310425
2023-09-25,0.27658000588417053
2023-09-26,0.20564818382263184
2023-09-27,0.16561394929885864
2023-09-28,0.14210008084774017
2023-09-29,0.12602482736110687
2023-09-30,0.11446402221918106
2023-10-01,0.103126659989357
2023-10-02,0.0962967574596405
2023-10-03,0.0908244326710701
2023-10-04,0.08708373457193375
2023-10-05,0.084524966776371
2023-10-06,0.08667824417352676
2023-10-07,0.09139993786811829
2023-10-08,0.09057492762804031
2023-10-09,0.08764157444238663
2023-10-10,0.0852866917848587
2023-10-11,0.08584077656269073
2023-10-12,0.10254155844449997
2023-10-13,0.11714477092027664
2023-10-14,0.1336633712053299
2023-10-15,0.16218456625938416
2023-10-16,0.15407776832580566
2023-10-17,0.13474488258361816
2023-10-18,0.12156130373477936
2023-10-19,0.1115422174334526
2023-10-20,0.11425276845693588
2023-10-21,0.12014418095350266
2023-10-22,0.11391478031873703
2023-10-23,0.10561797022819519
2023-10-24,0.1028873547911644
2023-10-25,0.10104163736104965
2023-10-26,0.09809302538633347
2023-10-27,0.09466011822223663
2023-10-28,0.09221580624580383
2023-10-29,0.08865779638290405
2023-10-30,0.08491376787424088
2023-10-31,0.09145108610391617
2023-11-01,0.0941774919629097
2023-11-02,0.09474261105060577
2023-11-03,0.09673812985420227
2023-11-04,0.10049927234649658
2023-11-05,0.10149229317903519
2023-11-06,0.10123294591903687
2023-11-07,0.10046948492527008
2023-11-08,0.10001122951507568
2023-11-09,0.09948907047510147
2023-11-10,0.10024300217628479
2023-11-11,0.10547861456871033
2023-11-12,0.1099906861782074
2023-11-13,0.11036641150712967
2023-11-14,0.10582485049962997
2023-11-15,0.10530629754066467
2023-11-16,0.10961738973855972
2023-11-17,0.10970833897590637
2023-11-18,0.10639673471450806
2023-11-19,0.10497774183750153
2023-11-20,0.10453847050666809
2023-11-21,0.11393127590417862
2023-11-22,0.2722124457359314
2023-11-23,0.37517452239990234
2023-11-24,0.30074891448020935
2023-11-25,0.22498035430908203
2023-11-26,0.1885918527841568
2023-11-27,0.17366722226142883
2023-11-28,0.16010700166225433
2023-11-29,0.15192891657352448
2023-11-30,0.1467747986316681
2023-12-01,0.14523333311080933
2023-12-02,0.14687752723693848
2023-12-03,0.15896180272102356
2023-12-04,0.17340373992919922
2023-12-05,0.16805864870548248
2023-12-06,0.16051235795021057
2023-12-07,0.15801958739757538
2023-12-08,0.15507632493972778
2023-12-09,0.15202316641807556
2023-12-10,0.1877475082874298
2023-12-11,0.7059481739997864
2023-12-12,0.7793540954589844
2023-12-13,0.543920636177063
2023-12-14,0.3806377053260803
2023-12-15,0.3098752796649933
2023-12-16,0.269257128238678
2023-12-17,1.4456360340118408
2023-12-18,4.677770614624023
2023-12-19,3.1910271644592285
2023-12-20,1.5708017349243164
2023-12-21,0.904643714427948
2023-12-22,0.643247127532959
2023-12-23,0.5182154178619385
2023-12-24,0.44859039783477783
2023-12-25,0.40262067317962646
2023-12-26,0.5014415979385376
2023-12-27,2.1178810596466064
2023-12-28,3.674945831298828
2023-12-29,2.364535331726074
2023-12-30,1.3381071090698242
2023-12-31,0.8872100114822388
2024-01-01,0.6798052191734314
2024-01-02,0.5647695064544678
2024-01-03,0.49545401334762573
2024-01-04,0.46035873889923096
2024-01-05,0.43196892738342285
2024-01-06,0.5322113633155823
2024-01-07,0.9516713619232178
2024-01-08,0.8728247880935669
2024-01-09,3.9366981983184814
2024-01-10,10.044814109802246
2024-01-11,6.052054405212402
2024-01-12,3.0875093936920166
2024-01-13,2.3417158126831055
2024-01-14,1.9005217552185059
2024-01-15,1.4334698915481567
2024-01-16,1.1531052589416504
2024-01-17,1.0559465885162354
2024-01-18,0.8928446769714355
2024-01-19,0.7921705842018127
2024-01-20,0.7293084859848022
2024-01-21,0.660043478012085
2024-01-22,0.5935250520706177
2024-01-23,0.5559197664260864
2024-01-24,0.5446934700012207
2024-01-25,0.6196693778038025
2024-01-26,0.9180257320404053
2024-01-27,0.9872420430183411
2024-01-28,1.4607758522033691
2024-01-29,1.8959569931030273
2024-01-30,1.479705810546875
2024-01-31,1.1503703594207764
2024-02-01,1.0046212673187256
2024-02-02,0.8900101184844971
2024-02-03,0.7828655242919922
2024-02-04,0.6947094798088074
2024-02-05,0.6476848125457764
2024-02-06,0.6030071973800659
2024-02-07,0.5664706826210022
2024-02-08,0.5358169078826904
2024-02-09,0.5263248085975647
2024-02-10,0.5260956287384033
2024-02-11,0.5878024697303772
2024-02-12,1.1040048599243164
2024-02-13,2.2213149070739746
2024-02-14,2.0058465003967285
2024-02-15,1.42378568649292
2024-02-16,1.0729024410247803
2024-02-17,0.885986328125
2024-02-18,0.7649705410003662
2024-02-19,0.6830955743789673
2024-02-20,0.6266663074493408
2024-02-21,0.588009774684906
2024-02-22,0.5652449727058411
2024-02-23,0.6167044639587402
2024-02-24,0.7656300067901611
2024-02-25,0.7241805791854858
2024-02-26,0.6519007086753845
2024-02-27,0.6630187034606934
2024-02-28,0.8959193229675293
2024-02-29,1.1512573957443237
2024-03-01,1.193446397781372
2024-03-02,2.201502799987793
2024-03-03,2.7418808937072754
2024-03-04,2.0216190814971924
2024-03-05,1.4303122758865356
2024-03-06,1.362305760383606
2024-03-07,1.7974083423614502
2024-03-08,1.5232727527618408
2024-03-09,2.0154941082000732
2024-03-10,3.4739530086517334
2024-03-11,2.5711042881011963
2024-03-12,1.7243597507476807
2024-03-13,1.3019803762435913
2024-03-14,1.0686758756637573
2024-03-15,0.9917503595352173
2024-03-16,0.9792265295982361
2024-03-17,0.905353307723999
2024-03-18,0.8275424838066101
2024-03-19,0.7677412629127502
2024-03-20,0.7110871076583862
2024-03-21,0.6633929014205933
2024-03-22,0.6421692371368408
2024-03-23,0.928610622882843
2024-03-24,1.3347961902618408
2024-03-25,1.134239912033081
2024-03-26,0.936120331287384
2024-03-27,1.4550703763961792
2024-03-28,5.077855110168457
2024-03-29,4.8069305419921875
2024-03-30,3.009827136993408
2024-03-31,1.943333387374878
2024-04-01,1.419629693031311
2024-04-02,1.159061074256897
2024-04-03,1.1414920091629028
2024-04-04,1.265904426574707
2024-04-05,1.1075960397720337
2024-04-06,0.9387317895889282
2024-04-07,0.8100619316101074
2024-04-08,0.7419447302818298
2024-04-09,0.7267882823944092
2024-04-10,0.729490339756012
2024-04-11,0.7311890721321106
2024-04-12,0.8599900603294373
2024-04-13,0.8168822526931763
2024-04-14,0.7126399278640747
2024-04-15,0.6412941813468933
2024-04-16,0.6009774208068848
2024-04-17,0.5689274072647095
2024-04-18,0.5357410907745361
2024-04-19,0.5085904598236084
2024-04-20,0.4944203794002533
2024-04-21,0.5306389331817627
2024-04-22,0.6483981609344482
2024-04-23,0.594703197479248
2024-04-24,0.5468939542770386
2024-04-25,0.5009906888008118
2024-04-26,0.4693436622619629
2024-04-27,0.44384273886680603
2024-04-28,0.42087244987487793
2024-04-29,0.3965420424938202
2024-04-30,0.37466153502464294
2024-05-01,0.35927993059158325
2024-05-02,0.3424922227859497
2024-05-03,0.32007890939712524
2024-05-04,0.353457510471344
2024-05-05,0.8867737054824829
2024-05-06,1.464749813079834
2024-05-07,1.2753944396972656
2024-05-08,0.9644904136657715
2024-05-09,0.8795605301856995
2024-05-10,0.8609216809272766
2024-05-11,0.6890170574188232
2024-05-12,0.5552835464477539
2024-05-13,0.4688292145729065
2024-05-14,0.9048388004302979
2024-05-15,2.4460816383361816
2024-05-16,2.040370225906372
2024-05-17,1.3213073015213013
2024-05-18,1.0024884939193726
2024-05-19,0.8601946234703064
2024-05-20,0.7038694620132446
2024-05-21,0.583901047706604
2024-05-22,0.49776551127433777
2024-05-23,0.43854254484176636
2024-05-24,0.4817391037940979
2024-05-25,0.5842628479003906
2024-05-26,0.5299645066261292
2024-05-27,0.6378762722015381
2024-05-28,0.7684611678123474
2024-05-29,0.6170831918716431
2024-05-30,0.48336783051490784
2024-05-31,0.40919822454452515
2024-06-01,0.3560183048248291
2024-06-02,0.32247763872146606
2024-06-03,0.3140358328819275
2024-06-04,0.31572872400283813
2024-06-05,0.30105260014533997
2024-06-06,0.2830941081047058
2024-06-07,0.2722226679325104
2024-06-08,0.25330954790115356
2024-06-09,0.23041200637817383
2024-06-10,0.2246067225933075
2024-06-11,0.22111967206001282
2024-06-12,0.20729294419288635
2024-06-13,0.19318798184394836
2024-06-14,0.17989660799503326
2024-06-15,0.16970175504684448
2024-06-16,0.15809118747711182
2024-06-17,0.14958107471466064
2024-06-18,0.1437940001487732
2024-06-19,0.13676956295967102
2024-06-20,0.12878751754760742
2024-06-21,0.12511610984802246
2024-06-22,0.11733148247003555
2024-06-23,0.11175525188446045
2024-06-24,0.10680639743804932
2024-06-25,0.10121596604585648
2024-06-26,0.0964679941534996
2024-06-27,0.09367571771144867
2024-06-28,0.09246714413166046
2024-06-29,0.08937393128871918
2024-06-30,0.08933162689208984
2024-07-01,0.1114446371793747
2024-07-02,0.11912599951028824
2024-07-03,0.10555654019117355
2024-07-04,0.09427529573440552
2024-07-05,0.0905003473162651
2024-07-06,0.09286780655384064
2024-07-07,0.12337011098861694
2024-07-08,0.1787337362766266
2024-07-09,0.1779484748840332
2024-07-10,0.1440543532371521
2024-07-11,0.12466053664684296
2024-07-12,0.17312130331993103
2024-07-13,0.2909211814403534
2024-07-14,0.24502412974834442
2024-07-15,0.17854347825050354
2024-07-16,0.14538271725177765
2024-07-17,0.12635409832000732
2024-07-18,0.1346711814403534
2024-07-19,0.2030927836894989
2024-07-20,0.2809700667858124
2024-07-21,0.29732346534729004
2024-07-22,0.501653790473938
2024-07-23,0.8169299960136414
2024-07-24,0.7463528513908386
2024-07-25,0.898178219795227
2024-07-26,1.0952963829040527
2024-07-27,0.7964728474617004
2024-07-28,0.4975302219390869
2024-07-29,0.41055533289909363
2024-07-30,0.5052084922790527
2024-07-31,0.40857386589050293
2024-08-01,0.300679087638855
2024-08-02,0.24234959483146667
2024-08-03,0.5364945530891418
2024-08-04,1.0541422367095947
2024-08-05,0.7807610630989075
2024-08-06,0.5984045267105103
2024-08-07,0.7471109628677368
2024-08-08,9.532303810119629
2024-08-09,20.611108779907227
2024-08-10,9.846648216247559
2024-08-11,3.72511625289917
2024-08-12,1.834137201309204
2024-08-13,1.1597496271133423
2024-08-14,0.8789808750152588
2024-08-15,0.6940698623657227
2024-08-16,0.5647414326667786
2024-08-17,0.486621618270874
2024-08-18,0.44980788230895996
2024-08-19,0.4318966865539551
2024-08-20,0.3962838351726532
2024-08-21,0.35539403557777405
2024-08-22,0.32060131430625916
2024-08-23,0.29296836256980896
2024-08-24,0.2726480960845947
2024-08-25,0.2555810213088989
2024-08-26,0.24005764722824097
2024-08-27,0.22318126261234283
2024-08-28,0.2096562683582306
2024-08-29,0.19462013244628906
2024-08-30,0.22166864573955536
2024-08-31,0.32707479596138
2024-09-01,0.3994382321834564
2024-09-02,0.5664430260658264
2024-09-03,0.5943280458450317
2024-09-04,0.44567930698394775
2024-09-05,0.34312573075294495
2024-09-06,0.2854401469230652
2024-09-07,0.25821274518966675
2024-09-08,0.23853586614131927
2024-09-09,0.22040557861328125
2024-09-10,0.20426428318023682
2024-09-11,0.18908749520778656
2024-09-12,0.17848582565784454
2024-09-13,0.18776503205299377
2024-09-14,0.2048514187335968
2024-09-15,0.2004600316286087
2024-09-16,0.4118261933326721
2024-09-17,1.4625484943389893
2024-09-18,1.5814869403839111
2024-09-19,1.0671370029449463
2024-09-20,0.7530644536018372
2024-09-21,0.5530058741569519
2024-09-22,0.443569153547287
2024-09-23,0.37430810928344727
2024-09-24,0.36552608013153076
2024-09-25,0.7931098937988281
2024-09-26,1.5694972276687622
2024-09-27,3.30143666267395
2024-09-28,3.6413516998291016
2024-09-29,2.107085704803467
2024-09-30,1.4235478639602661
2024-10-01,1.1979451179504395
2024-10-02,0.9249595999717712
2024-10-03,0.7173268795013428
2024-10-04,0.589349627494812
2024-10-05,0.5053349733352661
2024-10-06,0.44786274433135986
2024-10-07,0.401261568069458
2024-10-08,0.36305373907089233
2024-10-09,0.33808067440986633
2024-10-10,0.31669217348098755
2024-10-11,0.2988590896129608
2024-10-12,0.2823032736778259
2024-10-13,0.26760637760162354
2024-10-14,0.25747227668762207
2024-10-15,0.2537117302417755
2024-10-16,0.25283578038215637
2024-10-17,0.2461797595024109
2024-10-18,0.23719052970409393
2024-10-19,0.22986549139022827
2024-10-20,0.22466640174388885
2024-10-21,0.22335967421531677
2024-10-22,0.22142139077186584
2024-10-23,0.21980959177017212
2024-10-24,0.2130802869796753
2024-10-25,0.21058374643325806
2024-10-26,0.20535755157470703
2024-10-27,0.2099469006061554
2024-10-28,0.2177516222000122
2024-10-29,0.22145578265190125
2024-10-30,0.2117462158203125
2024-10-31,0.20491859316825867
2024-11-01,0.2033003866672516
2024-11-02,0.20279046893119812
2024-11-03,0.20119427144527435
2024-11-04,0.1998681128025055
2024-11-05,0.20196415483951569
2024-11-06,0.1984037160873413
2024-11-07,0.23391929268836975
2024-11-08,0.2908468544483185
2024-11-09,0.2789057195186615
2024-11-10,0.26018524169921875
2024-11-11,0.274848073720932
2024-11-12,0.31195932626724243
2024-11-13,0.29365453124046326
2024-11-14,0.38862690329551697
2024-11-15,0.6178475618362427
2024-11-16,0.5811866521835327
2024-11-17,0.463723361492157
2024-11-18,0.38697952032089233
2024-11-19,0.3473082184791565
2024-11-20,0.34461334347724915
2024-11-21,0.4292157292366028
2024-11-22,0.42392274737358093
2024-11-23,0.37118765711784363
2024-11-24,0.339046835899353
2024-11-25,0.315515398979187
2024-11-26,0.305641770362854
2024-11-27,0.3135945200920105
2024-11-28,0.3086625337600708
2024-11-29,0.31329095363616943
2024-11-30,0.30104583501815796
2024-12-01,0.2890423834323883
2024-12-02,0.27986299991607666
2024-12-03,0.2759096622467041
2024-12-04,0.27188748121261597
2024-12-05,0.25835156440734863
2024-12-06,0.2597690224647522
2024-12-07,0.25632306933403015
2024-12-08,0.2533584237098694
2024-12-09,0.26616325974464417
2024-12-10,0.32523292303085327
2024-12-11,3.2538087368011475
2024-12-12,7.173746585845947
2024-12-13,4.026581764221191
2024-12-14,2.0378408432006836
2024-12-15,1.2891725301742554
2024-12-16,0.9422056674957275
2024-12-17,0.7783859968185425
2024-12-18,0.677348256111145
2024-12-19,0.6164106130599976
2024-12-20,0.5680782198905945
2024-12-21,0.523680567741394
2024-12-22,0.4935811460018158
2024-12-23,0.4593345522880554
2024-12-24,0.4374946057796478
2024-12-25,0.4172123074531555
2024-12-26,0.40249887108802795
2024-12-27,0.3889334201812744
2024-12-28,0.3890347480773926
2024-12-29,0.45459356904029846
2024-12-30,0.5873522758483887
2024-12-31,0.5912824869155884
2025-01-01,0.5424134135246277
2025-01-02,0.49055230617523193
2025-01-03,0.45367634296417236
2025-01-04,0.4298662543296814
2025-01-05,0.40874573588371277
2025-01-06,0.4086877405643463
2025-01-07,0.4795900285243988
2025-01-08,0.47205430269241333
2025-01-09,0.4412696361541748
2025-01-10,0.4139420986175537
2025-01-11,0.4389055073261261
2025-01-12,0.4744858145713806
2025-01-13,0.4597776234149933
2025-01-14,0.43864819407463074
2025-01-15,0.4212239682674408
2025-01-16,0.39907947182655334
2025-01-17,0.3847099542617798
2025-01-18,0.3829306364059448
2025-01-19,0.38751229643821716
2025-01-20,0.39657294750213623
2025-01-21,0.3904964327812195
2025-01-22,0.3818219304084778
2025-01-23,0.36574292182922363
2025-01-24,0.3521592915058136
2025-01-25,0.34248191118240356
2025-01-26,0.3420772850513458
2025-01-27,0.34898826479911804
2025-01-28,0.3669760525226593
2025-01-29,0.36627674102783203
2025-01-30,0.3655644953250885
2025-01-31,0.37469321489334106
2025-02-01,1.020315408706665
2025-02-02,1.659191370010376
2025-02-03,1.2977293729782104
2025-02-04,0.93100905418396
2025-02-05,0.7312180995941162
2025-02-06,0.6263893842697144
2025-02-07,0.577384352684021
2025-02-08,0.5248470306396484
2025-02-09,0.4963022768497467
2025-02-10,0.48259237408638
2025-02-11,0.5049801468849182
2025-02-12,1.0590208768844604
2025-02-13,2.606947898864746
2025-02-14,2.6972053050994873
2025-02-15,1.9082536697387695
2025-02-16,2.1949262619018555
2025-02-17,2.332500696182251
2025-02-18,1.6959196329116821
2025-02-19,1.2779195308685303
2025-02-20,1.2629672288894653
2025-02-21,1.0727427005767822
2025-02-22,0.9014171957969666
2025-02-23,0.802592933177948
2025-02-24,0.7317157983779907
2025-02-25,0.6847797632217407
2025-02-26,0.6428819894790649
2025-02-27,0.6837095022201538
2025-02-28,0.7566763162612915
2025-03-01,0.7108357548713684
2025-03-02,0.6505876779556274
2025-03-03,0.5933985710144043
2025-03-04,0.5604774951934814
2025-03-05,1.0218322277069092
2025-03-06,2.0070979595184326
2025-03-07,1.6600147485733032
2025-03-08,1.2338371276855469
2025-03-09,0.9666448831558228
2025-03-10,0.8221410512924194
2025-03-11,0.7352691292762756
2025-03-12,0.6594870090484619
2025-03-13,0.6102830171585083
2025-03-14,0.5720371007919312
2025-03-15,0.549676239490509
2025-03-16,1.0234912633895874
2025-03-17,2.8135814666748047
2025-03-18,2.487312078475952
2025-03-19,1.6580954790115356
2025-03-20,1.3107008934020996
2025-03-21,1.2741420269012451
2025-03-22,1.0635771751403809
2025-03-23,0.8863036632537842
2025-03-24,0.8683003187179565
2025-03-25,0.9725334644317627
2025-03-26,0.8847620487213135
2025-03-27,0.7668898701667786
2025-03-28,0.6903078556060791
2025-03-29,0.6382511854171753
2025-03-30,0.6004075407981873
2025-03-31,0.606602132320404
2025-04-01,0.692633330821991
2025-04-02,0.6527979969978333
2025-04-03,0.5907191634178162
2025-04-04,0.5415021777153015
2025-04-05,0.4998841881752014
2025-04-06,0.4639637768268585
2025-04-07,1.4520808458328247
2025-04-08,6.861427307128906
2025-04-09,4.64066743850708
2025-04-10,2.9550094604492188
2025-04-11,3.969850778579712
2025-04-12,4.412531852722168
2025-04-13,2.9808783531188965
2025-04-14,1.887843132019043
2025-04-15,1.3526463508605957
2025-04-16,1.0701051950454712
2025-04-17,0.888785719871521
2025-04-18,0.779485821723938
2025-04-19,0.7024903297424316
2025-04-20,0.636806070804596
2025-04-21,0.5830717086791992
2025-04-22,0.5458315014839172
2025-04-23,0.5163697600364685
2025-04-24,0.4931216239929199
2025-04-25,0.4761775732040405
2025-04-26,0.47622838616371155
2025-04-27,0.46747052669525146
2025-04-28,0.4305838644504547
2025-04-29,0.40226829051971436
2025-04-30,0.38313138484954834
2025-05-01,0.36623525619506836
2025-05-02,0.35238000750541687
2025-05-03,0.3803943991661072
2025-05-04,0.6903331875801086
2025-05-05,0.9425786137580872
2025-05-06,0.7498003840446472
2025-05-07,0.5663596391677856
2025-05-08,0.4670103192329407
2025-05-09,0.7418445944786072
2025-05-10,1.1635016202926636
2025-05-11,1.1030124425888062
2025-05-12,2.5313894748687744
2025-05-13,7.404906749725342
2025-05-14,6.756236553192139
2025-05-15,4.517823219299316
2025-05-16,2.6138064861297607
2025-05-17,1.6907902956008911
2025-05-18,1.238948106765747
2025-05-19,0.9306621551513672
2025-05-20,0.7513856887817383
2025-05-21,0.6701158285140991
2025-05-22,0.643258810043335
2025-05-23,0.556252658367157
2025-05-24,0.48919451236724854
2025-05-25,0.4427129328250885
2025-05-26,0.41141507029533386
2025-05-27,0.5043779611587524
2025-05-28,0.8683724403381348
2025-05-29,0.9999344348907471
2025-05-30,1.536818504333496
2025-05-31,1.9135656356811523
2025-06-01,1.3453365564346313
2025-06-02,0.9329516887664795
2025-06-03,0.6949528455734253
2025-06-04,0.5619774460792542
2025-06-05,0.8022546768188477
2025-06-06,1.5179678201675415
2025-06-07,1.4284099340438843
2025-06-08,1.4324179887771606
2025-06-09,1.1098610162734985
2025-06-10,0.9364538192749023
2025-06-11,1.067426323890686
2025-06-12,0.9583329558372498
2025-06-13,0.9169459342956543
2025-06-14,1.113708257675171
2025-06-15,0.9814938306808472
2025-06-16,1.1773738861083984
2025-06-17,1.6569324731826782
2025-06-18,1.4196010828018188
2025-06-19,0.9540356397628784
2025-06-20,0.7037553787231445
2025-06-21,0.571384847164154
2025-06-22,0.46472057700157166
2025-06-23,0.3931646943092346
2025-06-24,0.34571415185928345
2025-06-25,0.3229637145996094
2025-06-26,0.3458263576030731
2025-06-27,0.34769779443740845
2025-06-28,0.3881385326385498
2025-06-29,0.4174598455429077
2025-06-30,0.4011978209018707
2025-07-01,0.41776761412620544
2025-07-02,0.7699418067932129
2025-07-03,1.1603460311889648
2025-07-04,0.822800874710083
2025-07-05,0.5438483357429504
2025-07-06,1.1923925876617432
2025-07-07,4.660642147064209
2025-07-08,3.815382957458496
2025-07-09,2.3120031356811523
2025-07-10,2.944774627685547
2025-07-11,3.7613039016723633
2025-07-12,2.4468541145324707
2025-07-13,1.4636156558990479
2025-07-14,1.1677343845367432
2025-07-15,1.6813268661499023
2025-07-16,3.0846574306488037
2025-07-17,2.900319814682007
2025-07-18,1.9433369636535645
2025-07-19,1.7504022121429443
2025-07-20,2.2137186527252197
2025-07-21,2.334177017211914
2025-07-22,1.9458749294281006
2025-07-23,1.3981221914291382
2025-07-24,0.933074414730072
2025-07-25,0.683464765548706
2025-07-26,0.5562110543251038
2025-07-27,0.49006927013397217
2025-07-28,0.48211389780044556
2025-07-29,0.5315115451812744
2025-07-30,0.48608914017677307
2025-07-31,0.4213249087333679
2025-08-01,0.4282493591308594
2025-08-02,0.5133126378059387
2025-08-03,0.5179499983787537
2025-08-04,0.44844183325767517
2025-08-05,0.5340330004692078
2025-08-06,0.9786953926086426
2025-08-07,1.3461298942565918
2025-08-08,1.328787088394165
2025-08-09,0.9470802545547485
2025-08-10,0.6510347127914429
2025-08-11,0.5892367959022522
2025-08-12,0.7965715527534485
2025-08-13,0.9439650774002075
2025-08-14,1.04746413230896
2025-08-15,0.9426528215408325
2025-08-16,0.7053067684173584
2025-08-17,0.5501376986503601
2025-08-18,0.4509325325489044
2025-08-19,0.39117538928985596
2025-08-20,0.35034117102622986
2025-08-21,0.3175789415836334
2025-08-22,0.2976849675178528
2025-08-23,0.28262484073638916
2025-08-24,0.28010648488998413
2025-08-25,0.27463898062705994
2025-08-26,0.25969499349594116
2025-08-27,0.24554985761642456
2025-08-28,0.23270639777183533
2025-08-29,0.2258579432964325
2025-08-30,0.21261237561702728
2025-08-31,0.20618051290512085
2025-09-01,0.1985311657190323
2025-09-02,0.1902501881122589
2025-09-03,0.18430279195308685
2025-09-04,0.1863361895084381
2025-09-05,0.18629977107048035
2025-09-06,0.18869131803512573
2025-09-07,0.20248542726039886
2025-09-08,0.21299579739570618
2025-09-09,0.19981759786605835
2025-09-10,0.18659549951553345
2025-09-11,0.17819029092788696
2025-09-12,0.1712471842765808
2025-09-13,0.16348440945148468
2025-09-14,0.15402907133102417
2025-09-15,0.1481655240058899
2025-09-16,0.14445489645004272
2025-09-17,0.14101678133010864
2025-09-18,0.14092731475830078
2025-09-19,0.13825206458568573
2025-09-20,0.1318817287683487
2025-09-21,0.12746843695640564
2025-09-22,0.12365756928920746
2025-09-23,0.1191435232758522
2025-09-24,0.11522473394870758
2025-09-25,0.11623892188072205
2025-09-26,0.1279912292957306
2025-09-27,0.2412908375263214
2025-09-28,0.35436391830444336
2025-09-29,0.3404850959777832
2025-09-30,0.6329699754714966
2025-10-01,0.8638419508934021
2025-10-02,0.584966778755188
2025-10-03,0.3785424828529358
2025-10-04,0.28350409865379333
2025-10-05,0.23696601390838623
2025-10-06,0.20952820777893066
2025-10-07,0.1911376267671585
2025-10-08,0.18266962468624115
2025-10-09,0.1820775419473648
2025-10-10,0.1747499704360962
2025-10-11,0.19249576330184937
2025-10-12,0.2963421940803528
2025-10-13,0.42430466413497925
2025-10-14,0.3739888072013855
2025-10-15,0.29370078444480896
2025-10-16,0.24314865469932556
2025-10-17,0.2149544358253479
2025-10-18,0.19728437066078186
2025-10-19,0.1854684054851532
2025-10-20,0.17882026731967926
2025-10-21,0.17129503190517426
2025-10-22,0.16528844833374023
2025-10-23,0.16028711199760437
2025-10-24,0.15389513969421387
2025-10-25,0.15172713994979858
2025-10-26,0.1493082046508789
2025-10-27,0.22229966521263123
2025-10-28,0.6961184740066528
2025-10-29,0.9450964331626892
2025-10-30,0.8188629746437073
2025-10-31,0.6503911018371582
2025-11-01,0.4884335994720459
2025-11-02,0.38844192028045654
2025-11-03,0.4001482427120209
2025-11-04,0.46326181292533875
2025-11-05,0.4179021120071411
2025-11-06,0.3519614338874817
2025-11-07,0.3201681673526764
2025-11-08,0.29429417848587036
2025-11-09,0.29267024993896484
2025-11-10,0.3072076439857483
2025-11-11,0.2997382879257202
2025-11-12,0.2781011164188385
2025-11-13,0.26359909772872925
2025-11-14,0.25636592507362366
2025-11-15,0.24965515732765198
2025-11-16,0.23563677072525024
2025-11-17,0.22746163606643677
2025-11-18,0.22712726891040802
2025-11-19,0.22273077070713043
2025-11-20,0.22688516974449158
2025-11-21,0.23334847390651703
2025-11-22,0.25021442770957947
2025-11-23,0.251640647649765
2025-11-24,0.24435999989509583
2025-11-25,0.23952385783195496
2025-11-26,0.236054927110672
2025-11-27,0.24328386783599854
2025-11-28,0.23677989840507507
2025-11-29,0.231500506401062
2025-11-30,0.22411784529685974
2025-12-01,0.23275145888328552
2025-12-02,0.36776700615882874
2025-12-03,0.6339151859283447
2025-12-04,0.5669829249382019
2025-12-05,0.45414575934410095
2025-12-06,0.4415574073791504
2025-12-07,0.3977641463279724
2025-12-08,0.3628270626068115
2025-12-09,0.37529611587524414
2025-12-10,0.3576180636882782
2025-12-11,0.3299914598464966
2025-12-12,0.3153620660305023
2025-12-13,0.3100249171257019
2025-12-14,0.30250197649002075
2025-12-15,0.31248748302459717
2025-12-16,0.3006581664085388
2025-12-17,0.2933260500431061
2025-12-18,0.30003008246421814
2025-12-19,0.5715685486793518
2025-12-20,0.7621815800666809
2025-12-21,0.6466223001480103
2025-12-22,0.5190082788467407
2025-12-23,0.4510006606578827
2025-12-24,0.40676724910736084
2025-12-25,0.3814159035682678
2025-12-26,0.3741372525691986
2025-12-27,0.360352486371994
2025-12-28,0.34294426441192627
2025-12-29,0.33117759227752686
2025-12-30,0.32830435037612915
2025-12-31,0.31370168924331665