Date,Flow
1980-01-01,14.074503898620605
1980-01-02,13.560746192932129
1980-01-03,13.216876983642578
1980-01-04,13.010664939880371
1980-01-05,13.762598037719727
1980-01-06,15.526973724365234
1980-01-07,15.875349998474121
1980-01-08,15.372035026550293
1980-01-09,15.457573890686035
1980-01-10,15.79128646850586
1980-01-11,18.718955993652344
1980-01-12,42.201934814453125
1980-01-13,60.8046875
1980-01-14,52.94832229614258
1980-01-15,52.92344284057617
1980-01-16,54.46371841430664
1980-01-17,41.4496955871582
1980-01-18,48.03879165649414
1980-01-19,89.25395965576172
1980-01-20,102.88054656982422
1980-01-21,66.81666564941406
1980-01-22,45.52995681762695
1980-01-23,48.525291442871094
1980-01-24,61.992950439453125
1980-01-25,56.48046112060547
1980-01-26,42.72465515136719
1980-01-27,34.33677673339844
1980-01-28,29.927764892578125
1980-01-29,26.90907096862793
1980-01-30,24.747962951660156
1980-01-31,23.647289276123047
1980-02-01,23.484195709228516
1980-02-02,22.626371383666992
1980-02-03,21.354135513305664
1980-02-04,20.353710174560547
1980-02-05,19.703611373901367
1980-02-06,18.89311981201172
1980-02-07,18.86587905883789
1980-02-08,19.128082275390625
1980-02-09,19.07526397705078
1980-02-10,23.665176391601562
1980-02-11,31.810440063476562
1980-02-12,32.57410430908203
1980-02-13,30.357330322265625
1980-02-14,28.306941986083984
1980-02-15,27.376562118530273
1980-02-16,27.40428924560547
1980-02-17,27.190547943115234
1980-02-18,25.091249465942383
1980-02-19,22.563587188720703
1980-02-20,21.240718841552734
1980-02-21,21.083377838134766
1980-02-22,22.13132667541504
1980-02-23,23.656841278076172
1980-02-24,23.480060577392578
1980-02-25,22.703994750976562
1980-02-26,24.339223861694336
1980-02-27,26.988094329833984
1980-02-28,25.813682556152344
1980-02-29,23.707670211791992
1980-03-01,22.012020111083984
1980-03-02,20.99148941040039
1980-03-03,21.74826431274414
1980-03-04,23.851451873779297
1980-03-05,30.069475173950195
1980-03-06,43.80957794189453
1980-03-07,51.57053756713867
1980-03-08,50.01527786254883
1980-03-09,58.572731018066406
1980-03-10,63.47952651977539
1980-03-11,50.7620849609375
1980-03-12,40.38939666748047
1980-03-13,33.61445617675781
1980-03-14,32.6395149230957
1980-03-15,33.93353271484375
1980-03-16,30.90483283996582
1980-03-17,29.315265655517578
1980-03-18,65.35514831542969
1980-03-19,106.24227142333984
1980-03-20,89.77151489257812
1980-03-21,114.70638275146484
1980-03-22,182.9964141845703
1980-03-23,140.4744110107422
1980-03-24,97.24726867675781
1980-03-25,109.11992645263672
1980-03-26,117.58849334716797
1980-03-27,85.10066223144531
1980-03-28,60.00162887573242
1980-03-29,55.13983917236328
1980-03-30,68.91941833496094
1980-03-31,75.29292297363281
1980-04-01,65.31967163085938
1980-04-02,50.73240661621094
1980-04-03,41.30301284790039
1980-04-04,35.740169525146484
1980-04-05,32.37812423706055
1980-04-06,29.534982681274414
1980-04-07,27.150650024414062
1980-04-08,26.222698211669922
1980-04-09,30.704986572265625
1980-04-10,47.862857818603516
1980-04-11,47.97582244873047
1980-04-12,38.44147491455078
1980-04-13,37.80069351196289
1980-04-14,49.49616241455078
1980-04-15,65.62548065185547
1980-04-16,68.42320251464844
1980-04-17,51.92362594604492
1980-04-18,39.15901184082031
1980-04-19,32.096824645996094
1980-04-20,28.311309814453125
1980-04-21,25.902963638305664
1980-04-22,24.079898834228516
1980-04-23,22.514432907104492
1980-04-24,21.165252685546875
1980-04-25,20.203716278076172
1980-04-26,20.08270263671875
1980-04-27,20.40430450439453
1980-04-28,20.601093292236328
1980-04-29,20.32120132446289
1980-04-30,20.145673751831055
1980-05-01,20.0135498046875
1980-05-02,18.716554641723633
1980-05-03,17.409114837646484
1980-05-04,16.36895751953125
1980-05-05,15.596542358398438
1980-05-06,14.905499458312988
1980-05-07,14.345846176147461
1980-05-08,13.815202713012695
1980-05-09,13.318285942077637
1980-05-10,12.98575210571289
1980-05-11,12.608612060546875
1980-05-12,12.418216705322266
1980-05-13,12.084733963012695
1980-05-14,12.076290130615234
1980-05-15,12.888442993164062
1980-05-16,13.129241943359375
1980-05-17,12.092666625976562
1980-05-18,12.509851455688477
1980-05-19,16.41703224182129
1980-05-20,22.813392639160156
1980-05-21,54.673519134521484
1980-05-22,104.19413757324219
1980-05-23,74.93155670166016
1980-05-24,46.545326232910156
1980-05-25,37.242149353027344
1980-05-26,34.24237060546875
1980-05-27,28.963340759277344
1980-05-28,22.471893310546875
1980-05-29,18.349178314208984
1980-05-30,15.977790832519531
1980-05-31,14.833414077758789
1980-06-01,14.527107238769531
1980-06-02,14.064383506774902
1980-06-03,13.165672302246094
1980-06-04,12.112741470336914
1980-06-05,10.953481674194336
1980-06-06,10.05436897277832
1980-06-07,9.751543045043945
1980-06-08,10.046549797058105
1980-06-09,10.085700988769531
1980-06-10,9.417072296142578
1980-06-11,8.836417198181152
1980-06-12,8.41862678527832
1980-06-13,7.977394104003906
1980-06-14,7.540675640106201
1980-06-15,7.236739635467529
1980-06-16,7.030196666717529
1980-06-17,7.087404251098633
1980-06-18,8.038896560668945
1980-06-19,9.51077938079834
1980-06-20,10.02913761138916
1980-06-21,9.024369239807129
1980-06-22,7.929730415344238
1980-06-23,7.217722415924072
1980-06-24,6.674769878387451
1980-06-25,9.44827651977539
1980-06-26,59.26390838623047
1980-06-27,128.22500610351562
1980-06-28,106.22235870361328
1980-06-29,53.32989501953125
1980-06-30,29.068754196166992
1980-07-01,20.181119918823242
1980-07-02,15.745908737182617
1980-07-03,13.125359535217285
1980-07-04,11.818997383117676
1980-07-05,12.369255065917969
1980-07-06,12.873018264770508
1980-07-07,11.464996337890625
1980-07-08,9.866775512695312
1980-07-09,9.30848503112793
1980-07-10,15.72671890258789
1980-07-11,24.406230926513672
1980-07-12,22.732816696166992
1980-07-13,19.791717529296875
1980-07-14,23.24401092529297
1980-07-15,22.147550582885742
1980-07-16,15.77444839477539
1980-07-17,12.624892234802246
1980-07-18,13.530153274536133
1980-07-19,15.462915420532227
1980-07-20,14.347519874572754
1980-07-21,11.388212203979492
1980-07-22,9.263533592224121
1980-07-23,9.41788101196289
1980-07-24,13.853769302368164
1980-07-25,16.920198440551758
1980-07-26,13.582924842834473
1980-07-27,10.367059707641602
1980-07-28,8.529064178466797
1980-07-29,7.981884956359863
1980-07-30,8.307191848754883
1980-07-31,7.840328216552734
1980-08-01,7.332642555236816
1980-08-02,7.947916507720947
1980-08-03,8.745353698730469
1980-08-04,7.9625563621521
1980-08-05,6.93399715423584
1980-08-06,6.257328033447266
1980-08-07,5.81977653503418
1980-08-08,5.437516212463379
1980-08-09,5.11449670791626
1980-08-10,4.944032669067383
1980-08-11,4.863532066345215
1980-08-12,4.685813903808594
1980-08-13,4.4907708168029785
1980-08-14,4.371399879455566
1980-08-15,4.359519958496094
1980-08-16,4.391249179840088
1980-08-17,4.342872619628906
1980-08-18,4.210716724395752
1980-08-19,4.240678787231445
1980-08-20,4.686043739318848
1980-08-21,5.093849182128906
1980-08-22,5.318857669830322
1980-08-23,6.048681735992432
1980-08-24,6.352330207824707
1980-08-25,5.77604341506958
1980-08-26,5.1609344482421875
1980-08-27,4.625946521759033
1980-08-28,4.214092254638672
1980-08-29,3.8998937606811523
1980-08-30,3.659029245376587
1980-08-31,3.498328685760498
1980-09-01,3.3924503326416016
1980-09-02,3.3076863288879395
1980-09-03,3.4040122032165527
1980-09-04,4.6241044998168945
1980-09-05,6.491298675537109
1980-09-06,6.873699188232422
1980-09-07,5.8681488037109375
1980-09-08,4.967292785644531
1980-09-09,4.413099765777588
1980-09-10,4.078474521636963
1980-09-11,3.9009430408477783
1980-09-12,3.7425801753997803
1980-09-13,3.5433595180511475
1980-09-14,3.3598580360412598
1980-09-15,3.241447687149048
1980-09-16,3.1660752296447754
1980-09-17,3.2736382484436035
1980-09-18,3.49977970123291
1980-09-19,3.657993793487549
1980-09-20,3.6733407974243164
1980-09-21,3.7095277309417725
1980-09-22,3.6830053329467773
1980-09-23,3.486154556274414
1980-09-24,3.331235647201538
1980-09-25,3.659468650817871
1980-09-26,5.082541465759277
1980-09-27,6.420586585998535
1980-09-28,5.646990776062012
1980-09-29,4.854746341705322
1980-09-30,5.195810317993164
1980-10-01,8.434009552001953
1980-10-02,13.817618370056152
1980-10-03,13.939501762390137
1980-10-04,10.645339965820312
1980-10-05,8.186535835266113
1980-10-06,6.766918659210205
1980-10-07,6.045265197753906
1980-10-08,5.43795108795166
1980-10-09,4.967076301574707
1980-10-10,4.592488765716553
1980-10-11,4.305591583251953
1980-10-12,4.112545013427734
1980-10-13,3.9482293128967285
1980-10-14,3.8484725952148438
1980-10-15,3.7900238037109375
1980-10-16,3.756483793258667
1980-10-17,3.744382858276367
1980-10-18,3.714643955230713
1980-10-19,4.749802112579346
1980-10-20,7.669541358947754
1980-10-21,9.3109769821167
1980-10-22,7.714173316955566
1980-10-23,6.244892597198486
1980-10-24,5.4061737060546875
1980-10-25,5.205164432525635
1980-10-26,6.09121036529541
1980-10-27,7.10897970199585
1980-10-28,6.692695617675781
1980-10-29,6.273675441741943
1980-10-30,7.2311482429504395
1980-10-31,10.550230026245117
1980-11-01,13.020240783691406
1980-11-02,10.953853607177734
1980-11-03,8.756978034973145
1980-11-04,7.980069637298584
1980-11-05,9.420849800109863
1980-11-06,11.4060697555542
1980-11-07,10.136069297790527
1980-11-08,8.58509635925293
1980-11-09,7.5661115646362305
1980-11-10,6.959545135498047
1980-11-11,6.444411754608154
1980-11-12,6.139219284057617
1980-11-13,6.016725540161133
1980-11-14,5.974268913269043
1980-11-15,5.861800193786621
1980-11-16,6.050857067108154
1980-11-17,6.684486389160156
1980-11-18,8.125821113586426
1980-11-19,11.021798133850098
1980-11-20,12.183612823486328
1980-11-21,10.568001747131348
1980-11-22,9.14178466796875
1980-11-23,8.321928024291992
1980-11-24,9.399322509765625
1980-11-25,17.122215270996094
1980-11-26,23.913328170776367
1980-11-27,19.51024627685547
1980-11-28,17.083284378051758
1980-11-29,17.48717498779297
1980-11-30,15.228293418884277
1980-12-01,12.759180068969727
1980-12-02,11.21007251739502
1980-12-03,10.14891242980957
1980-12-04,9.37569808959961
1980-12-05,8.87372875213623
1980-12-06,8.592745780944824
1980-12-07,8.468514442443848
1980-12-08,8.29405403137207
1980-12-09,8.102652549743652
1980-12-10,9.396334648132324
1980-12-11,14.311263084411621
1980-12-12,16.646331787109375
1980-12-13,14.026473999023438
1980-12-14,11.849328994750977
1980-12-15,10.519336700439453
1980-12-16,9.738471984863281
1980-12-17,9.368928909301758
1980-12-18,9.226816177368164
1980-12-19,8.929983139038086
1980-12-20,8.555855751037598
1980-12-21,8.289414405822754
1980-12-22,8.05506706237793
1980-12-23,7.891229152679443
1980-12-24,7.946215629577637
1980-12-25,8.012251853942871
1980-12-26,7.840632438659668
1980-12-27,7.56227970123291
1980-12-28,8.015517234802246
1980-12-29,9.514596939086914
1980-12-30,11.50749397277832
1980-12-31,11.956090927124023
1981-01-01,11.347116470336914
1981-01-02,10.668795585632324
1981-01-03,9.934202194213867
1981-01-04,9.394702911376953
1981-01-05,8.918086051940918
1981-01-06,8.491802215576172
1981-01-07,8.43690013885498
1981-01-08,8.644745826721191
1981-01-09,8.556713104248047
1981-01-10,8.246813774108887
1981-01-11,7.966444492340088
1981-01-12,7.669581890106201
1981-01-13,7.441184997558594
1981-01-14,7.334305763244629
1981-01-15,7.366308689117432
1981-01-16,7.389846324920654
1981-01-17,7.217338562011719
1981-01-18,7.095808506011963
1981-01-19,7.064988136291504
1981-01-20,7.0969696044921875
1981-01-21,7.436776161193848
1981-01-22,9.050102233886719
1981-01-23,10.781105041503906
1981-01-24,10.28411865234375
1981-01-25,9.465402603149414
1981-01-26,8.965934753417969
1981-01-27,8.695930480957031
1981-01-28,8.518193244934082
1981-01-29,8.369298934936523
1981-01-30,8.210164070129395
1981-01-31,8.468317031860352
1981-02-01,8.959787368774414
1981-02-02,10.500412940979004
1981-02-03,15.132153511047363
1981-02-04,16.43523406982422
1981-02-05,14.151159286499023
1981-02-06,12.416557312011719
1981-02-07,11.509875297546387
1981-02-08,11.585246086120605
1981-02-09,13.377997398376465
1981-02-10,14.490402221679688
1981-02-11,45.71814727783203
1981-02-12,108.74227905273438
1981-02-13,111.8177719116211
1981-02-14,66.9159927368164
1981-02-15,41.19206619262695
1981-02-16,29.42888641357422
1981-02-17,23.66004180908203
1981-02-18,20.68072509765625
1981-02-19,21.14140510559082
1981-02-20,33.126739501953125
1981-02-21,46.861610412597656
1981-02-22,41.029117584228516
1981-02-23,30.976512908935547
1981-02-24,26.133953094482422
1981-02-25,23.261756896972656
1981-02-26,19.924503326416016
1981-02-27,17.51757049560547
1981-02-28,15.742436408996582
1981-03-01,14.689702987670898
1981-03-02,13.991987228393555
1981-03-03,13.37714958190918
1981-03-04,12.83864974975586
1981-03-05,17.341949462890625
1981-03-06,27.19649887084961
1981-03-07,29.121292114257812
1981-03-08,23.736576080322266
1981-03-09,19.327613830566406
1981-03-10,16.651281356811523
1981-03-11,15.024120330810547
1981-03-12,14.034195899963379
1981-03-13,13.241153717041016
1981-03-14,12.629830360412598
1981-03-15,12.135919570922852
1981-03-16,11.73462963104248
1981-03-17,11.855154037475586
1981-03-18,11.811283111572266
1981-03-19,11.634422302246094
1981-03-20,11.481691360473633
1981-03-21,11.196910858154297
1981-03-22,10.902968406677246
1981-03-23,19.46161460876465
1981-03-24,40.160400390625
1981-03-25,44.82135009765625
1981-03-26,33.207420349121094
1981-03-27,24.526376724243164
1981-03-28,20.02303123474121
1981-03-29,17.269428253173828
1981-03-30,17.328603744506836
1981-03-31,24.232606887817383
1981-04-01,31.055986404418945
1981-04-02,28.635108947753906
1981-04-03,25.568265914916992
1981-04-04,21.065521240234375
1981-04-05,18.302913665771484
1981-04-06,18.954389572143555
1981-04-07,19.794206619262695
1981-04-08,17.48128890991211
1981-04-09,16.01319122314453
1981-04-10,16.685836791992188
1981-04-11,17.3447322845459
1981-04-12,15.708024978637695
1981-04-13,13.958077430725098
1981-04-14,12.780977249145508
1981-04-15,11.978446960449219
1981-04-16,11.402945518493652
1981-04-17,10.765725135803223
1981-04-18,10.46939468383789
1981-04-19,10.146679878234863
1981-04-20,10.044015884399414
1981-04-21,10.903841972351074
1981-04-22,11.4120512008667
1981-04-23,10.595951080322266
1981-04-24,10.079322814941406
1981-04-25,10.005115509033203
1981-04-26,9.698360443115234
1981-04-27,9.05841064453125
1981-04-28,8.524855613708496
1981-04-29,8.085003852844238
1981-04-30,7.747826099395752
1981-05-01,7.511562824249268
1981-05-02,7.251308917999268
1981-05-03,6.885985374450684
1981-05-04,6.609194755554199
1981-05-05,6.448189735412598
1981-05-06,6.2455291748046875
1981-05-07,6.259690284729004
1981-05-08,6.969789981842041
1981-05-09,7.538286209106445
1981-05-10,7.161885738372803
1981-05-11,6.997917175292969
1981-05-12,7.314182281494141
1981-05-13,7.304104804992676
1981-05-14,6.760363578796387
1981-05-15,6.216085433959961
1981-05-16,5.796028137207031
1981-05-17,5.487834930419922
1981-05-18,5.263108253479004
1981-05-19,5.221614360809326
1981-05-20,6.633190155029297
1981-05-21,11.95693588256836
1981-05-22,16.092037200927734
1981-05-23,13.245983123779297
1981-05-24,9.874828338623047
1981-05-25,7.901183128356934
1981-05-26,6.8051910400390625
1981-05-27,6.193864345550537
1981-05-28,6.541062355041504
1981-05-29,8.133439064025879
1981-05-30,8.524903297424316
1981-05-31,7.429562091827393
1981-06-01,6.975103378295898
1981-06-02,9.746883392333984
1981-06-03,13.69424819946289
1981-06-04,13.357390403747559
1981-06-05,10.537282943725586
1981-06-06,8.875732421875
1981-06-07,9.506861686706543
1981-06-08,10.786946296691895
1981-06-09,9.475590705871582
1981-06-10,7.8265156745910645
1981-06-11,6.767027854919434
1981-06-12,6.412145614624023
1981-06-13,6.569787502288818
1981-06-14,6.661196708679199
1981-06-15,6.1728291511535645
1981-06-16,5.38109827041626
1981-06-17,4.668865203857422
1981-06-18,4.516380310058594
1981-06-19,5.794991493225098
1981-06-20,7.135397911071777
1981-06-21,6.694509029388428
1981-06-22,5.681630611419678
1981-06-23,4.8709564208984375
1981-06-24,4.237161636352539
1981-06-25,3.7741599082946777
1981-06-26,3.536618709564209
1981-06-27,3.4313478469848633
1981-06-28,3.2763450145721436
1981-06-29,3.0421814918518066
1981-06-30,2.831709861755371
1981-07-01,2.6995277404785156
1981-07-02,2.8119630813598633
1981-07-03,4.638733863830566
1981-07-04,49.867862701416016
1981-07-05,77.29548645019531
1981-07-06,51.676971435546875
1981-07-07,27.29719352722168
1981-07-08,17.06377410888672
1981-07-09,11.47313117980957
1981-07-10,8.160051345825195
1981-07-11,6.376204967498779
1981-07-12,5.528440475463867
1981-07-13,5.143934726715088
1981-07-14,4.91064453125
1981-07-15,4.688772201538086
1981-07-16,4.800891399383545
1981-07-17,6.275879859924316
1981-07-18,7.894721031188965
1981-07-19,7.070723056793213
1981-07-20,6.157774448394775
1981-07-21,6.575178146362305
1981-07-22,6.966635227203369
1981-07-23,5.95181941986084
1981-07-24,5.126494407653809
1981-07-25,6.152146339416504
1981-07-26,9.582090377807617
1981-07-27,10.468241691589355
1981-07-28,8.760839462280273
1981-07-29,9.551719665527344
1981-07-30,12.732473373413086
1981-07-31,11.419744491577148
1981-08-01,8.21176528930664
1981-08-02,6.082033157348633
1981-08-03,5.122824668884277
1981-08-04,4.922189235687256
1981-08-05,4.77423095703125
1981-08-06,4.501913070678711
1981-08-07,4.642514228820801
1981-08-08,5.032837867736816
1981-08-09,5.333974361419678
1981-08-10,5.609340190887451
1981-08-11,5.416265487670898
1981-08-12,10.537328720092773
1981-08-13,18.15066146850586
1981-08-14,16.90313720703125
1981-08-15,10.824095726013184
1981-08-16,7.423059463500977
1981-08-17,5.919795513153076
1981-08-18,5.233304023742676
1981-08-19,5.594350814819336
1981-08-20,8.909228324890137
1981-08-21,11.146783828735352
1981-08-22,9.021553039550781
1981-08-23,6.755552291870117
1981-08-24,5.456129550933838
1981-08-25,4.684767723083496
1981-08-26,4.131655216217041
1981-08-27,3.6791090965270996
1981-08-28,3.3686885833740234
1981-08-29,3.1439480781555176
1981-08-30,3.0736207962036133
1981-08-31,3.329948902130127
1981-09-01,3.7354185581207275
1981-09-02,3.9303839206695557
1981-09-03,3.9975881576538086
1981-09-04,4.143163204193115
1981-09-05,5.9163689613342285
1981-09-06,12.208291053771973
1981-09-07,23.856508255004883
1981-09-08,37.252220153808594
1981-09-09,37.578697204589844
1981-09-10,24.44493865966797
1981-09-11,14.629228591918945
1981-09-12,9.817070960998535
1981-09-13,7.385383605957031
1981-09-14,6.012194633483887
1981-09-15,5.233532428741455
1981-09-16,5.501507759094238
1981-09-17,7.907876014709473
1981-09-18,10.214742660522461
1981-09-19,9.244072914123535
1981-09-20,7.378273963928223
1981-09-21,6.0498199462890625
1981-09-22,5.206618309020996
1981-09-23,4.650947093963623
1981-09-24,4.266314506530762
1981-09-25,3.974246025085449
1981-09-26,3.752105712890625
1981-09-27,3.6097147464752197
1981-09-28,3.4497318267822266
1981-09-29,3.2669641971588135
1981-09-30,3.127333641052246
1981-10-01,3.060725212097168
1981-10-02,3.0540685653686523
1981-10-03,3.1906633377075195
1981-10-04,3.3507275581359863
1981-10-05,3.295321226119995
1981-10-06,3.1655375957489014
1981-10-07,3.039844036102295
1981-10-08,2.9725236892700195
1981-10-09,2.909588098526001
1981-10-10,2.9008474349975586
1981-10-11,2.943963050842285
1981-10-12,3.0117111206054688
1981-10-13,3.02239990234375
1981-10-14,2.9250588417053223
1981-10-15,2.8155357837677
1981-10-16,2.7464208602905273
1981-10-17,2.688812255859375
1981-10-18,2.632267713546753
1981-10-19,2.6861000061035156
1981-10-20,2.7839174270629883
1981-10-21,2.776183843612671
1981-10-22,2.733976125717163
1981-10-23,2.7447924613952637
1981-10-24,2.9300544261932373
1981-10-25,3.456791400909424
1981-10-26,6.233969211578369
1981-10-27,38.172096252441406
1981-10-28,68.64554595947266
1981-10-29,53.30754089355469
1981-10-30,27.059646606445312
1981-10-31,15.372740745544434
1981-11-01,10.70789909362793
1981-11-02,8.698390007019043
1981-11-03,7.54494571685791
1981-11-04,6.78139591217041
1981-11-05,6.257122039794922
1981-11-06,6.060413360595703
1981-11-07,6.133213043212891
1981-11-08,6.044719696044922
1981-11-09,5.80836296081543
1981-11-10,5.528036594390869
1981-11-11,5.25835657119751
1981-11-12,5.062877655029297
1981-11-13,4.882144927978516
1981-11-14,4.7837138175964355
1981-11-15,4.775204181671143
1981-11-16,4.771766185760498
1981-11-17,4.669575214385986
1981-11-18,4.573163986206055
1981-11-19,4.545563220977783
1981-11-20,4.554715633392334
1981-11-21,4.425753116607666
1981-11-22,4.312525749206543
1981-11-23,4.319405555725098
1981-11-24,4.418661117553711
1981-11-25,4.922978401184082
1981-11-26,5.757879257202148
1981-11-27,5.791197299957275
1981-11-28,5.4988884925842285
1981-11-29,5.300885200500488
1981-11-30,5.106757640838623
1981-12-01,4.981097221374512
1981-12-02,5.59112548828125
1981-12-03,7.458985328674316
1981-12-04,8.35589599609375
1981-12-05,8.076925277709961
1981-12-06,7.621259689331055
1981-12-07,7.006768226623535
1981-12-08,6.491277694702148
1981-12-09,5.992737770080566
1981-12-10,5.66847038269043
1981-12-11,5.486476421356201
1981-12-12,5.2994561195373535
1981-12-13,5.188599586486816
1981-12-14,5.173673629760742
1981-12-15,11.40872573852539
1981-12-16,34.18876647949219
1981-12-17,46.102821350097656
1981-12-18,32.99757766723633
1981-12-19,21.939863204956055
1981-12-20,16.12550926208496
1981-12-21,12.797569274902344
1981-12-22,11.307184219360352
1981-12-23,11.434983253479004
1981-12-24,12.096772193908691
1981-12-25,20.839427947998047
1981-12-26,41.810203552246094
1981-12-27,48.51201629638672
1981-12-28,36.10994338989258
1981-12-29,25.880577087402344
1981-12-30,20.058494567871094
1981-12-31,24.433794021606445
1982-01-01,58.94506072998047
1982-01-02,83.77113342285156
1982-01-03,73.9277114868164
1982-01-04,101.02059936523438
1982-01-05,140.76885986328125
1982-01-06,110.53585815429688
1982-01-07,64.00006103515625
1982-01-08,40.43064880371094
1982-01-09,29.922344207763672
1982-01-10,24.073938369750977
1982-01-11,20.098047256469727
1982-01-12,17.466907501220703
1982-01-13,16.03194808959961
1982-01-14,15.771210670471191
1982-01-15,16.493310928344727
1982-01-16,18.001672744750977
1982-01-17,19.040443420410156
1982-01-18,17.875761032104492
1982-01-19,17.172321319580078
1982-01-20,20.565969467163086
1982-01-21,29.470638275146484
1982-01-22,40.13404083251953
1982-01-23,47.929908752441406
1982-01-24,62.91520690917969
1982-01-25,69.6070785522461
1982-01-26,54.39183044433594
1982-01-27,40.90061569213867
1982-01-28,30.974157333374023
1982-01-29,25.967769622802734
1982-01-30,23.562402725219727
1982-01-31,22.47157096862793
1982-02-01,23.764074325561523
1982-02-02,29.060705184936523
1982-02-03,72.74115753173828
1982-02-04,148.6732635498047
1982-02-05,152.47605895996094
1982-02-06,89.30665588378906
1982-02-07,56.62824630737305
1982-02-08,40.70633316040039
1982-02-09,32.31520080566406
1982-02-10,32.14406967163086
1982-02-11,33.22861099243164
1982-02-12,29.80396270751953
1982-02-13,30.578025817871094
1982-02-14,36.05886459350586
1982-02-15,36.149662017822266
1982-02-16,33.70173263549805
1982-02-17,54.74332046508789
1982-02-18,100.38839721679688
1982-02-19,109.53377532958984
1982-02-20,78.90128326416016
1982-02-21,55.25333786010742
1982-02-22,41.612342834472656
1982-02-23,33.022003173828125
1982-02-24,27.80190658569336
1982-02-25,25.20900535583496
1982-02-26,23.235519409179688
1982-02-27,29.07456398010254
1982-02-28,49.78216552734375
1982-03-01,66.53963470458984
1982-03-02,63.557952880859375
1982-03-03,54.25725173950195
1982-03-04,45.72124481201172
1982-03-05,38.95976638793945
1982-03-06,33.83341979980469
1982-03-07,50.002559661865234
1982-03-08,87.14624786376953
1982-03-09,91.016845703125
1982-03-10,63.92582702636719
1982-03-11,46.34965515136719
1982-03-12,37.422183990478516
1982-03-13,32.0495491027832
1982-03-14,28.82122230529785
1982-03-15,26.309036254882812
1982-03-16,25.698415756225586
1982-03-17,26.707170486450195
1982-03-18,25.668956756591797
1982-03-19,23.737098693847656
1982-03-20,22.686447143554688
1982-03-21,25.569591522216797
1982-03-22,33.03607177734375
1982-03-23,35.176048278808594
1982-03-24,29.43155860900879
1982-03-25,24.921066284179688
1982-03-26,22.43413543701172
1982-03-27,21.107906341552734
1982-03-28,19.728851318359375
1982-03-29,18.360464096069336
1982-03-30,17.241117477416992
1982-03-31,16.937698364257812
1982-04-01,17.073949813842773
1982-04-02,16.936368942260742
1982-04-03,16.610624313354492
1982-04-04,16.910015106201172
1982-04-05,17.08941650390625
1982-04-06,16.607072830200195
1982-04-07,16.416717529296875
1982-04-08,15.732562065124512
1982-04-09,16.696380615234375
1982-04-10,19.374347686767578
1982-04-11,19.920713424682617
1982-04-12,18.370866775512695
1982-04-13,16.968708038330078
1982-04-14,16.040029525756836
1982-04-15,15.295022010803223
1982-04-16,14.737013816833496
1982-04-17,14.604747772216797
1982-04-18,15.516490936279297
1982-04-19,16.48590660095215
1982-04-20,16.133302688598633
1982-04-21,16.647872924804688
1982-04-22,16.798025131225586
1982-04-23,15.430209159851074
1982-04-24,14.039712905883789
1982-04-25,13.088180541992188
1982-04-26,16.00552749633789
1982-04-27,38.014652252197266
1982-04-28,74.82373046875
1982-04-29,77.80561065673828
1982-04-30,53.037437438964844
1982-05-01,34.82371520996094
1982-05-02,26.13434410095215
1982-05-03,22.172563552856445
1982-05-04,19.915611267089844
1982-05-05,17.70939826965332
1982-05-06,15.859417915344238
1982-05-07,14.540410041809082
1982-05-08,13.443685531616211
1982-05-09,12.802181243896484
1982-05-10,12.433082580566406
1982-05-11,11.682186126708984
1982-05-12,11.027902603149414
1982-05-13,10.569339752197266
1982-05-14,10.104519844055176
1982-05-15,9.587895393371582
1982-05-16,9.183246612548828
1982-05-17,9.391880989074707
1982-05-18,9.98235034942627
1982-05-19,10.256590843200684
1982-05-20,10.759357452392578
1982-05-21,12.086980819702148
1982-05-22,13.326171875
1982-05-23,14.60419750213623
1982-05-24,23.038105010986328
1982-05-25,39.470619201660156
1982-05-26,48.29389953613281
1982-05-27,46.78666305541992
1982-05-28,44.6785888671875
1982-05-29,44.481300354003906
1982-05-30,51.870758056640625
1982-05-31,56.96004867553711
1982-06-01,52.98017501831055
1982-06-02,49.094444274902344
1982-06-03,46.4015007019043
1982-06-04,55.481475830078125
1982-06-05,74.06551361083984
1982-06-06,85.48088836669922
1982-06-07,67.03843688964844
1982-06-08,41.19825744628906
1982-06-09,28.308622360229492
1982-06-10,56.00353240966797
1982-06-11,166.69972229003906
1982-06-12,218.95437622070312
1982-06-13,144.13241577148438
1982-06-14,101.56068420410156
1982-06-15,85.9947280883789
1982-06-16,58.664756774902344
1982-06-17,48.27537536621094
1982-06-18,68.96290588378906
1982-06-19,93.51727294921875
1982-06-20,79.65526580810547
1982-06-21,51.47867965698242
1982-06-22,35.6899528503418
1982-06-23,28.669450759887695
1982-06-24,24.50252342224121
1982-06-25,20.592329025268555
1982-06-26,18.134239196777344
1982-06-27,16.515033721923828
1982-06-28,15.597949028015137
1982-06-29,16.730987548828125
1982-06-30,20.831371307373047
1982-07-01,22.287487030029297
1982-07-02,18.963315963745117
1982-07-03,15.66706371307373
1982-07-04,14.99971866607666
1982-07-05,16.661155700683594
1982-07-06,17.74152946472168
1982-07-07,16.16464614868164
1982-07-08,13.717750549316406
1982-07-09,12.596899032592773
1982-07-10,13.440374374389648
1982-07-11,16.2021541595459
1982-07-12,18.433000564575195
1982-07-13,19.25078582763672
1982-07-14,20.862014770507812
1982-07-15,23.599458694458008
1982-07-16,24.723957061767578
1982-07-17,21.926143646240234
1982-07-18,17.486875534057617
1982-07-19,14.265089988708496
1982-07-20,12.28205680847168
1982-07-21,10.968698501586914
1982-07-22,9.966455459594727
1982-07-23,9.620882034301758
1982-07-24,10.469239234924316
1982-07-25,11.746047973632812
1982-07-26,11.475166320800781
1982-07-27,10.376029968261719
1982-07-28,9.607046127319336
1982-07-29,9.64344596862793
1982-07-30,11.118922233581543
1982-07-31,14.397770881652832
1982-08-01,19.95947265625
1982-08-02,22.999326705932617
1982-08-03,18.46553611755371
1982-08-04,13.607649803161621
1982-08-05,10.934711456298828
1982-08-06,10.034607887268066
1982-08-07,9.69868278503418
1982-08-08,8.948902130126953
1982-08-09,9.695356369018555
1982-08-10,13.05072021484375
1982-08-11,15.773015975952148
1982-08-12,18.92330551147461
1982-08-13,22.141525268554688
1982-08-14,18.385534286499023
1982-08-15,13.738713264465332
1982-08-16,11.175211906433105
1982-08-17,10.150179862976074
1982-08-18,10.72515869140625
1982-08-19,11.713866233825684
1982-08-20,10.870430946350098
1982-08-21,9.433013916015625
1982-08-22,8.209043502807617
1982-08-23,7.492922782897949
1982-08-24,7.021252632141113
1982-08-25,6.705995559692383
1982-08-26,6.582745552062988
1982-08-27,6.4433770179748535
1982-08-28,6.123785972595215
1982-08-29,5.830358505249023
1982-08-30,5.534119129180908
1982-08-31,5.277519702911377
1982-09-01,5.203081130981445
1982-09-02,5.351627826690674
1982-09-03,5.495204448699951
1982-09-04,5.4373650550842285
1982-09-05,5.167771339416504
1982-09-06,4.839860439300537
1982-09-07,4.6011834144592285
1982-09-08,4.411290168762207
1982-09-09,4.232611179351807
1982-09-10,4.100658893585205
1982-09-11,4.0632710456848145
1982-09-12,4.123044490814209
1982-09-13,4.099910259246826
1982-09-14,4.011327743530273
1982-09-15,3.989907741546631
1982-09-16,3.984149932861328
1982-09-17,3.861872673034668
1982-09-18,3.689211368560791
1982-09-19,3.6415271759033203
1982-09-20,3.877139091491699
1982-09-21,4.288980484008789
1982-09-22,4.507683277130127
1982-09-23,4.4351725578308105
1982-09-24,4.195691108703613
1982-09-25,3.9805104732513428
1982-09-26,4.170687675476074
1982-09-27,5.538799285888672
1982-09-28,7.260754585266113
1982-09-29,6.504441261291504
1982-09-30,5.425772666931152
1982-10-01,4.775765419006348
1982-10-02,4.361901760101318
1982-10-03,4.105367183685303
1982-10-04,3.9697513580322266
1982-10-05,3.8548126220703125
1982-10-06,3.810429573059082
1982-10-07,3.805696725845337
1982-10-08,3.8795905113220215
1982-10-09,4.302140712738037
1982-10-10,4.899651050567627
1982-10-11,5.166215896606445
1982-10-12,5.201905727386475
1982-10-13,6.016803741455078
1982-10-14,10.799677848815918
1982-10-15,16.715614318847656
1982-10-16,13.378771781921387
1982-10-17,9.445752143859863
1982-10-18,7.473546504974365
1982-10-19,6.575813293457031
1982-10-20,6.014606475830078
1982-10-21,5.585544586181641
1982-10-22,5.354272842407227
1982-10-23,5.181666374206543
1982-10-24,5.248172760009766
1982-10-25,19.39801788330078
1982-10-26,60.00278091430664
1982-10-27,79.95616912841797
1982-10-28,48.692317962646484
1982-10-29,27.286819458007812
1982-10-30,18.259872436523438
1982-10-31,14.044059753417969
1982-11-01,11.826370239257812
1982-11-02,10.53347396850586
1982-11-03,9.728899002075195
1982-11-04,11.573755264282227
1982-11-05,21.51813316345215
1982-11-06,27.65528106689453
1982-11-07,21.340681076049805
1982-11-08,16.131019592285156
1982-11-09,13.454813957214355
1982-11-10,11.87404727935791
1982-11-11,10.83548641204834
1982-11-12,10.233799934387207
1982-11-13,12.029582977294922
1982-11-14,17.29104995727539
1982-11-15,19.257631301879883
1982-11-16,17.79878807067871
1982-11-17,15.787313461303711
1982-11-18,13.88303279876709
1982-11-19,12.675263404846191
1982-11-20,12.042457580566406
1982-11-21,11.478522300720215
1982-11-22,10.959226608276367
1982-11-23,10.599671363830566
1982-11-24,10.27409839630127
1982-11-25,9.817323684692383
1982-11-26,9.489376068115234
1982-11-27,9.325165748596191
1982-11-28,9.523043632507324
1982-11-29,11.363822937011719
1982-11-30,15.57154369354248
1982-12-01,18.635074615478516
1982-12-02,18.49347686767578
1982-12-03,17.83562469482422
1982-12-04,15.920577049255371
1982-12-05,14.326385498046875
1982-12-06,14.36105728149414
1982-12-07,17.096477508544922
1982-12-08,18.02972412109375
1982-12-09,15.689974784851074
1982-12-10,13.726834297180176
1982-12-11,13.357203483581543
1982-12-12,41.26864242553711
1982-12-13,74.68303680419922
1982-12-14,65.51618194580078
1982-12-15,43.23299789428711
1982-12-16,49.7044677734375
1982-12-17,73.79874420166016
1982-12-18,71.72815704345703
1982-12-19,48.91088104248047
1982-12-20,34.776546478271484
1982-12-21,28.237144470214844
1982-12-22,23.7977294921875
1982-12-23,20.628503799438477
1982-12-24,18.75394058227539
1982-12-25,17.4952449798584
1982-12-26,16.557344436645508
1982-12-27,15.683599472045898
1982-12-28,15.117405891418457
1982-12-29,17.014963150024414
1982-12-30,26.711894989013672
1982-12-31,37.51687240600586
1983-01-01,38.83539581298828
1983-01-02,38.26274871826172
1983-01-03,43.22153091430664
1983-01-04,49.518733978271484
1983-01-05,42.215065002441406
1983-01-06,33.63969421386719
1983-01-07,28.986461639404297
1983-01-08,24.78253173828125
1983-01-09,21.749919891357422
1983-01-10,19.8077335357666
1983-01-11,18.882373809814453
1983-01-12,18.344449996948242
1983-01-13,17.697837829589844
1983-01-14,16.849714279174805
1983-01-15,15.882269859313965
1983-01-16,15.33083724975586
1983-01-17,14.8106107711792
1983-01-18,14.22055435180664
1983-01-19,13.853191375732422
1983-01-20,13.474063873291016
1983-01-21,13.140865325927734
1983-01-22,15.464548110961914
1983-01-23,25.55272102355957
1983-01-24,38.84821319580078
1983-01-25,41.087432861328125
1983-01-26,33.04573059082031
1983-01-27,26.615005493164062
1983-01-28,23.515647888183594
1983-01-29,21.453306198120117
1983-01-30,19.513469696044922
1983-01-31,18.295700073242188
1983-02-01,17.21577262878418
1983-02-02,22.814775466918945
1983-02-03,55.66364669799805
1983-02-04,83.75259399414062
1983-02-05,60.88652801513672
1983-02-06,43.77056884765625
1983-02-07,45.08358383178711
1983-02-08,50.41780471801758
1983-02-09,43.265464782714844
1983-02-10,35.18975067138672
1983-02-11,34.01428985595703
1983-02-12,38.746543884277344
1983-02-13,39.498680114746094
1983-02-14,62.179656982421875
1983-02-15,145.1705780029297
1983-02-16,195.3192901611328
1983-02-17,142.4364013671875
1983-02-18,96.47754669189453
1983-02-19,68.07933807373047
1983-02-20,50.631263732910156
1983-02-21,41.03065490722656
1983-02-22,34.78744888305664
1983-02-23,38.624088287353516
1983-02-24,56.32660675048828
1983-02-25,67.31285095214844
1983-02-26,60.638343811035156
1983-02-27,49.77240753173828
1983-02-28,40.18092727661133
1983-03-01,41.91506576538086
1983-03-02,63.40711212158203
1983-03-03,72.40312194824219
1983-03-04,55.23979949951172
1983-03-05,42.24381637573242
1983-03-06,46.511512756347656
1983-03-07,75.20596313476562
1983-03-08,93.09600067138672
1983-03-09,85.2705078125
1983-03-10,75.44821166992188
1983-03-11,72.43966674804688
1983-03-12,68.49664306640625
1983-03-13,56.226585388183594
1983-03-14,43.851016998291016
1983-03-15,35.81477355957031
1983-03-16,32.01311492919922
1983-03-17,32.47434997558594
1983-03-18,97.40868377685547
1983-03-19,226.0234375
1983-03-20,238.32276916503906
1983-03-21,156.77059936523438
1983-03-22,124.99573516845703
1983-03-23,96.93014526367188
1983-03-24,69.3056869506836
1983-03-25,55.06010818481445
1983-03-26,48.13909149169922
1983-03-27,51.34003448486328
1983-03-28,83.29254150390625
1983-03-29,100.36247253417969
1983-03-30,73.19840240478516
1983-03-31,56.27750778198242
1983-04-01,55.50846862792969
1983-04-02,76.98471069335938
1983-04-03,139.54733276367188
1983-04-04,178.14407348632812
1983-04-05,125.1478042602539
1983-04-06,83.64987182617188
1983-04-07,68.95410919189453
1983-04-08,63.854618072509766
1983-04-09,74.40875244140625
1983-04-10,117.77932739257812
1983-04-11,144.49014282226562
1983-04-12,103.64617919921875
1983-04-13,70.79568481445312
1983-04-14,53.98930358886719
1983-04-15,96.57666015625
1983-04-16,208.1671905517578
1983-04-17,210.47520446777344
1983-04-18,137.64993286132812
1983-04-19,120.38902282714844
1983-04-20,104.6031265258789
1983-04-21,75.35615539550781
1983-04-22,57.536346435546875
1983-04-23,54.93030548095703
1983-04-24,93.16896057128906
1983-04-25,135.0499267578125
1983-04-26,117.7688217163086
1983-04-27,79.68783569335938
1983-04-28,58.4970817565918
1983-04-29,47.48481369018555
1983-04-30,40.97787857055664
1983-05-01,36.97725296020508
1983-05-02,34.12374496459961
1983-05-03,31.81624984741211
1983-05-04,33.51896667480469
1983-05-05,38.18125534057617
1983-05-06,36.78443145751953
1983-05-07,32.1414909362793
1983-05-08,28.8183650970459
1983-05-09,27.33174705505371
1983-05-10,26.473106384277344
1983-05-11,24.65445899963379
1983-05-12,23.248865127563477
1983-05-13,22.134634017944336
1983-05-14,21.563817977905273
1983-05-15,22.091346740722656
1983-05-16,23.681873321533203
1983-05-17,26.268146514892578
1983-05-18,27.143999099731445
1983-05-19,23.91200065612793
1983-05-20,27.446990966796875
1983-05-21,45.23193359375
1983-05-22,58.490474700927734
1983-05-23,54.785804748535156
1983-05-24,43.59666442871094
1983-05-25,33.21025085449219
1983-05-26,27.209915161132812
1983-05-27,24.709558486938477
1983-05-28,22.347501754760742
1983-05-29,20.180648803710938
1983-05-30,20.7333984375
1983-05-31,23.45989990234375
1983-06-01,23.11683464050293
1983-06-02,20.283309936523438
1983-06-03,17.936174392700195
1983-06-04,16.7578125
1983-06-05,16.835336685180664
1983-06-06,16.82316017150879
1983-06-07,17.0400390625
1983-06-08,24.86025619506836
1983-06-09,35.35060119628906
1983-06-10,31.559162139892578
1983-06-11,23.439937591552734
1983-06-12,18.42892074584961
1983-06-13,15.848641395568848
1983-06-14,14.55532169342041
1983-06-15,14.344538688659668
1983-06-16,14.984563827514648
1983-06-17,14.809865951538086
1983-06-18,13.674132347106934
1983-06-19,13.6104154586792
1983-06-20,14.809578895568848
1983-06-21,17.464662551879883
1983-06-22,21.179975509643555
1983-06-23,21.34332847595215
1983-06-24,18.302101135253906
1983-06-25,14.925210952758789
1983-06-26,12.782859802246094
1983-06-27,11.38961410522461
1983-06-28,10.653817176818848
1983-06-29,11.084840774536133
1983-06-30,13.340934753417969
1983-07-01,15.028387069702148
1983-07-02,15.118940353393555
1983-07-03,13.962440490722656
1983-07-04,12.273788452148438
1983-07-05,11.622230529785156
1983-07-06,12.109904289245605
1983-07-07,11.80893325805664
1983-07-08,10.442656517028809
1983-07-09,9.117107391357422
1983-07-10,8.271662712097168
1983-07-11,7.640769004821777
1983-07-12,7.28374719619751
1983-07-13,7.039391040802002
1983-07-14,6.649714469909668
1983-07-15,6.234999179840088
1983-07-16,5.966949462890625
1983-07-17,5.7069501876831055
1983-07-18,5.426927089691162
1983-07-19,5.414342880249023
1983-07-20,5.589984893798828
1983-07-21,5.428749084472656
1983-07-22,5.22743034362793
1983-07-23,5.245142459869385
1983-07-24,5.564481258392334
1983-07-25,5.851567268371582
1983-07-26,6.041409969329834
1983-07-27,6.081501483917236
1983-07-28,5.823320388793945
1983-07-29,5.271674156188965
1983-07-30,4.791691303253174
1983-07-31,4.501136302947998
1983-08-01,4.394467353820801
1983-08-02,4.5866522789001465
1983-08-03,4.892609119415283
1983-08-04,4.9791178703308105
1983-08-05,4.888187885284424
1983-08-06,4.716585636138916
1983-08-07,4.79835844039917
1983-08-08,4.975010871887207
1983-08-09,4.77587890625
1983-08-10,4.451129913330078
1983-08-11,4.19059419631958
1983-08-12,4.119312763214111
1983-08-13,4.271160125732422
1983-08-14,4.341285705566406
1983-08-15,4.050346851348877
1983-08-16,3.73529052734375
1983-08-17,3.5365874767303467
1983-08-18,3.388167381286621
1983-08-19,3.2321553230285645
1983-08-20,3.075169324874878
1983-08-21,2.939237594604492
1983-08-22,2.861644983291626
1983-08-23,2.922149181365967
1983-08-24,3.540916919708252
1983-08-25,4.865971565246582
1983-08-26,5.4898481369018555
1983-08-27,4.822454452514648
1983-08-28,4.115744113922119
1983-08-29,3.685141086578369
1983-08-30,3.377784252166748
1983-08-31,3.132612943649292
1983-09-01,2.9647083282470703
1983-09-02,3.0166115760803223
1983-09-03,3.3545613288879395
1983-09-04,3.5635390281677246
1983-09-05,3.380600929260254
1983-09-06,3.143481492996216
1983-09-07,2.9280824661254883
1983-09-08,2.739004611968994
1983-09-09,2.594797134399414
1983-09-10,2.5090298652648926
1983-09-11,2.4629573822021484
1983-09-12,2.420811891555786
1983-09-13,2.5349957942962646
1983-09-14,3.771665573120117
1983-09-15,6.849374294281006
1983-09-16,8.269956588745117
1983-09-17,6.330151557922363
1983-09-18,4.75642728805542
1983-09-19,3.961383819580078
1983-09-20,3.520275831222534
1983-09-21,3.4625496864318848
1983-09-22,4.092021465301514
1983-09-23,4.769540786743164
1983-09-24,4.345822334289551
1983-09-25,3.8367857933044434
1983-09-26,3.497237205505371
1983-09-27,3.2650504112243652
1983-09-28,3.1071431636810303
1983-09-29,3.0112271308898926
1983-09-30,3.0291805267333984
1983-10-01,3.3600375652313232
1983-10-02,3.761777877807617
1983-10-03,3.6559391021728516
1983-10-04,3.4202795028686523
1983-10-05,3.2232940196990967
1983-10-06,3.1732327938079834
1983-10-07,3.187102794647217
1983-10-08,3.081172227859497
1983-10-09,2.9638731479644775
1983-10-10,2.9271018505096436
1983-10-11,2.9767825603485107
1983-10-12,3.3055663108825684
1983-10-13,4.145357608795166
1983-10-14,5.055054664611816
1983-10-15,5.448942184448242
1983-10-16,4.838344097137451
1983-10-17,4.216257095336914
1983-10-18,3.8606531620025635
1983-10-19,3.630404233932495
1983-10-20,3.4876160621643066
1983-10-21,3.5974292755126953
1983-10-22,4.306124210357666
1983-10-23,6.196169376373291
1983-10-24,13.000723838806152
1983-10-25,22.235328674316406
1983-10-26,21.309844970703125
1983-10-27,15.800748825073242
1983-10-28,10.712889671325684
1983-10-29,8.056395530700684
1983-10-30,6.597139835357666
1983-10-31,5.813834190368652
1983-11-01,5.416894912719727
1983-11-02,5.255217552185059
1983-11-03,5.107186317443848
1983-11-04,5.104287147521973
1983-11-05,5.396101474761963
1983-11-06,5.587521076202393
1983-11-07,5.471774101257324
1983-11-08,5.3862409591674805
1983-11-09,5.174362659454346
1983-11-10,6.056508541107178
1983-11-11,10.712448120117188
1983-11-12,15.28018569946289
1983-11-13,12.119068145751953
1983-11-14,9.239967346191406
1983-11-15,10.343765258789062
1983-11-16,24.521026611328125
1983-11-17,38.434974670410156
1983-11-18,27.71169090270996
1983-11-19,17.861648559570312
1983-11-20,14.013896942138672
1983-11-21,18.5371150970459
1983-11-22,26.52373695373535
1983-11-23,23.227039337158203
1983-11-24,19.451339721679688
1983-11-25,76.45191192626953
1983-11-26,154.71792602539062
1983-11-27,102.52889251708984
1983-11-28,52.752662658691406
1983-11-29,32.32406234741211
1983-11-30,25.38351821899414
1983-12-01,20.424924850463867
1983-12-02,17.1803035736084
1983-12-03,16.74858856201172
1983-12-04,35.554019927978516
1983-12-05,74.10347747802734
1983-12-06,91.43358612060547
1983-12-07,115.6939926147461
1983-12-08,104.84265899658203
1983-12-09,60.959693908691406
1983-12-10,38.0681266784668
1983-12-11,28.257381439208984
1983-12-12,48.06047821044922
1983-12-13,122.48904418945312
1983-12-14,149.93106079101562
1983-12-15,88.3963851928711
1983-12-16,53.14645767211914
1983-12-17,37.18806457519531
1983-12-18,29.369274139404297
1983-12-19,25.354524612426758
1983-12-20,23.48978614807129
1983-12-21,21.844181060791016
1983-12-22,27.598941802978516
1983-12-23,46.225521087646484
1983-12-24,52.16865539550781
1983-12-25,39.883262634277344
1983-12-26,30.56900978088379
1983-12-27,25.867536544799805
1983-12-28,33.64944076538086
1983-12-29,78.39013671875
1983-12-30,109.33729553222656
1983-12-31,81.61287689208984
1984-01-01,52.07501983642578
1984-01-02,37.63155746459961
1984-01-03,31.291078567504883
1984-01-04,27.953624725341797
1984-01-05,26.029991149902344
1984-01-06,25.193706512451172
1984-01-07,24.304889678955078
1984-01-08,22.589513778686523
1984-01-09,20.88510513305664
1984-01-10,35.242942810058594
1984-01-11,115.09107971191406
1984-01-12,172.241455078125
1984-01-13,121.20985412597656
1984-01-14,74.15560150146484
1984-01-15,57.936790466308594
1984-01-16,49.25635528564453
1984-01-17,40.48664093017578
1984-01-18,40.19001007080078
1984-01-19,75.14041137695312
1984-01-20,98.23472595214844
1984-01-21,75.8138656616211
1984-01-22,55.08185577392578
1984-01-23,42.240509033203125
1984-01-24,40.16425323486328
1984-01-25,56.34996795654297
1984-01-26,70.45865631103516
1984-01-27,59.63648986816406
1984-01-28,46.652496337890625
1984-01-29,38.745849609375
1984-01-30,33.80854415893555
1984-01-31,31.27360725402832
1984-02-01,29.791728973388672
1984-02-02,27.103668212890625
1984-02-03,25.619239807128906
1984-02-04,28.95928955078125
1984-02-05,34.29530715942383
1984-02-06,35.54240798950195
1984-02-07,34.553993225097656
1984-02-08,31.327085494995117
1984-02-09,27.259044647216797
1984-02-10,25.644262313842773
1984-02-11,25.599430084228516
1984-02-12,26.187366485595703
1984-02-13,25.896583557128906
1984-02-14,102.47200012207031
1984-02-15,225.67822265625
1984-02-16,215.06838989257812
1984-02-17,118.06421661376953
1984-02-18,70.50172424316406
1984-02-19,49.76472473144531
1984-02-20,39.57447814941406
1984-02-21,33.940185546875
1984-02-22,29.85662269592285
1984-02-23,57.25878143310547
1984-02-24,137.48037719726562
1984-02-25,165.7893829345703
1984-02-26,105.34648132324219
1984-02-27,86.40316009521484
1984-02-28,127.25714111328125
1984-02-29,148.5923309326172
1984-03-01,106.17179107666016
1984-03-02,71.60987854003906
1984-03-03,52.31633758544922
1984-03-04,42.21685791015625
1984-03-05,43.68752670288086
1984-03-06,122.38633728027344
1984-03-07,207.1446533203125
1984-03-08,179.08433532714844
1984-03-09,112.34453582763672
1984-03-10,74.71195220947266
1984-03-11,55.53112030029297
1984-03-12,44.92135238647461
1984-03-13,48.527435302734375
1984-03-14,73.1239013671875
1984-03-15,82.90101623535156
1984-03-16,63.3337287902832
1984-03-17,49.69048309326172
1984-03-18,41.332393646240234
1984-03-19,38.73439025878906
1984-03-20,42.993534088134766
1984-03-21,73.3457260131836
1984-03-22,102.2439193725586
1984-03-23,88.86441802978516
1984-03-24,61.77066421508789
1984-03-25,50.75712585449219
1984-03-26,62.87925720214844
1984-03-27,76.73622131347656
1984-03-28,78.05101013183594
1984-03-29,203.6372528076172
1984-03-30,317.93988037109375
1984-03-31,202.95175170898438
1984-04-01,113.6309814453125
1984-04-02,73.32476043701172
1984-04-03,56.033809661865234
1984-04-04,52.76306915283203
1984-04-05,82.17262268066406
1984-04-06,104.58434295654297
1984-04-07,81.5885009765625
1984-04-08,60.352169036865234
1984-04-09,51.74080276489258
1984-04-10,69.58848571777344
1984-04-11,102.42466735839844
1984-04-12,99.97994995117188
1984-04-13,73.47904968261719
1984-04-14,56.66577911376953
1984-04-15,48.53858184814453
1984-04-16,44.2889404296875
1984-04-17,39.963199615478516
1984-04-18,36.113059997558594
1984-04-19,33.08726501464844
1984-04-20,30.661405563354492
1984-04-21,28.87312889099121
1984-04-22,27.89559555053711
1984-04-23,35.9605827331543
1984-04-24,51.93743896484375
1984-04-25,53.71255111694336
1984-04-26,42.370758056640625
1984-04-27,34.341468811035156
1984-04-28,30.255807876586914
1984-04-29,28.26244354248047
1984-04-30,27.294878005981445
1984-05-01,26.978229522705078
1984-05-02,26.096860885620117
1984-05-03,26.000703811645508
1984-05-04,29.720232009887695
1984-05-05,32.83014678955078
1984-05-06,30.851404190063477
1984-05-07,45.703514099121094
1984-05-08,83.6663818359375
1984-05-09,97.67002868652344
1984-05-10,73.99617767333984
1984-05-11,50.484580993652344
1984-05-12,37.673805236816406
1984-05-13,31.202932357788086
1984-05-14,27.59018898010254
1984-05-15,24.99234390258789
1984-05-16,22.82965087890625
1984-05-17,21.127939224243164
1984-05-18,19.794029235839844
1984-05-19,18.946744918823242
1984-05-20,18.26067352294922
1984-05-21,17.314342498779297
1984-05-22,16.40131950378418
1984-05-23,17.511777877807617
1984-05-24,24.0059814453125
1984-05-25,28.350006103515625
1984-05-26,23.869590759277344
1984-05-27,21.678401947021484
1984-05-28,30.829729080200195
1984-05-29,55.67734909057617
1984-05-30,85.86929321289062
1984-05-31,92.7740478515625
1984-06-01,65.85189819335938
1984-06-02,43.39410400390625
1984-06-03,31.6746768951416
1984-06-04,25.16228675842285
1984-06-05,21.143518447875977
1984-06-06,18.70964813232422
1984-06-07,17.288639068603516
1984-06-08,16.356792449951172
1984-06-09,15.595184326171875
1984-06-10,14.606161117553711
1984-06-11,13.560884475708008
1984-06-12,12.809103965759277
1984-06-13,12.291069030761719
1984-06-14,11.80172061920166
1984-06-15,11.57930850982666
1984-06-16,11.93643569946289
1984-06-17,13.57091999053955
1984-06-18,16.298168182373047
1984-06-19,16.48116111755371
1984-06-20,15.05069351196289
1984-06-21,13.797146797180176
1984-06-22,12.748863220214844
1984-06-23,11.893706321716309
1984-06-24,11.100773811340332
1984-06-25,10.93419361114502
1984-06-26,10.856693267822266
1984-06-27,10.064355850219727
1984-06-28,9.978509902954102
1984-06-29,12.627397537231445
1984-06-30,17.970993041992188
1984-07-01,22.37195587158203
1984-07-02,21.952003479003906
1984-07-03,18.16970443725586
1984-07-04,15.491531372070312
1984-07-05,13.623527526855469
1984-07-06,15.854745864868164
1984-07-07,22.277320861816406
1984-07-08,25.398611068725586
1984-07-09,22.24707794189453
1984-07-10,16.467798233032227
1984-07-11,14.36201286315918
1984-07-12,15.240020751953125
1984-07-13,15.922699928283691
1984-07-14,19.803937911987305
1984-07-15,23.516361236572266
1984-07-16,21.88393783569336
1984-07-17,22.218032836914062
1984-07-18,46.51995849609375
1984-07-19,91.88916778564453
1984-07-20,86.12542724609375
1984-07-21,51.37873840332031
1984-07-22,37.66850280761719
1984-07-23,31.83732032775879
1984-07-24,25.29978370666504
1984-07-25,20.76229476928711
1984-07-26,23.039690017700195
1984-07-27,42.177852630615234
1984-07-28,82.72994232177734
1984-07-29,144.92739868164062
1984-07-30,189.02166748046875
1984-07-31,151.06707763671875
1984-08-01,85.76542663574219
1984-08-02,55.19889831542969
1984-08-03,42.852657318115234
1984-08-04,34.81446075439453
1984-08-05,27.801490783691406
1984-08-06,23.24701499938965
1984-08-07,20.48625373840332
1984-08-08,18.664234161376953
1984-08-09,17.974124908447266
1984-08-10,20.09884262084961
1984-08-11,28.861783981323242
1984-08-12,48.493404388427734
1984-08-13,69.02961730957031
1984-08-14,73.95877838134766
1984-08-15,61.763397216796875
1984-08-16,43.089900970458984
1984-08-17,29.890384674072266
1984-08-18,22.901662826538086
1984-08-19,19.43423080444336
1984-08-20,17.864070892333984
1984-08-21,16.555147171020508
1984-08-22,14.95372486114502
1984-08-23,13.699434280395508
1984-08-24,12.888075828552246
1984-08-25,12.306447982788086
1984-08-26,11.711099624633789
1984-08-27,11.114535331726074
1984-08-28,10.866320610046387
1984-08-29,11.264707565307617
1984-08-30,12.49599552154541
1984-08-31,14.420148849487305
1984-09-01,17.03504180908203
1984-09-02,17.241653442382812
1984-09-03,14.361629486083984
1984-09-04,12.641731262207031
1984-09-05,12.724093437194824
1984-09-06,12.662436485290527
1984-09-07,11.578475952148438
1984-09-08,10.60664176940918
1984-09-09,9.915757179260254
1984-09-10,9.505823135375977
1984-09-11,9.259918212890625
1984-09-12,9.019198417663574
1984-09-13,8.712898254394531
1984-09-14,8.545347213745117
1984-09-15,8.384367942810059
1984-09-16,8.0852632522583
1984-09-17,7.7795867919921875
1984-09-18,7.5170698165893555
1984-09-19,7.353840351104736
1984-09-20,7.205089092254639
1984-09-21,7.0794572830200195
1984-09-22,6.893899917602539
1984-09-23,6.629302501678467
1984-09-24,6.3929924964904785
1984-09-25,6.261841773986816
1984-09-26,6.272804260253906
1984-09-27,6.320826530456543
1984-09-28,6.51330041885376
1984-09-29,6.362468242645264
1984-09-30,6.270317554473877
1984-10-01,13.177773475646973
1984-10-02,25.31414031982422
1984-10-03,25.284175872802734
1984-10-04,17.453018188476562
1984-10-05,12.693378448486328
1984-10-06,10.47716236114502
1984-10-07,9.319070816040039
1984-10-08,8.578657150268555
1984-10-09,8.096240043640137
1984-10-10,7.731756687164307
1984-10-11,7.427350997924805
1984-10-12,7.134289741516113
1984-10-13,6.9030961990356445
1984-10-14,6.692834854125977
1984-10-15,6.569529056549072
1984-10-16,6.453118801116943
1984-10-17,6.3774542808532715
1984-10-18,6.5653395652771
1984-10-19,6.908519268035889
1984-10-20,7.000598907470703
1984-10-21,6.694310665130615
1984-10-22,6.519767761230469
1984-10-23,6.666190147399902
1984-10-24,6.866865158081055
1984-10-25,6.773355960845947
1984-10-26,6.690583229064941
1984-10-27,6.597782135009766
1984-10-28,6.446982383728027
1984-10-29,6.325984954833984
1984-10-30,6.590213775634766
1984-10-31,6.9872145652771
1984-11-01,6.972311019897461
1984-11-02,6.870419502258301
1984-11-03,6.727725505828857
1984-11-04,6.677838325500488
1984-11-05,6.949352741241455
1984-11-06,7.4478535652160645
1984-11-07,7.409067630767822
1984-11-08,7.167903900146484
1984-11-09,7.0178422927856445
1984-11-10,6.911777973175049
1984-11-11,7.022804260253906
1984-11-12,7.651130199432373
1984-11-13,8.181640625
1984-11-14,7.897514820098877
1984-11-15,7.605717182159424
1984-11-16,7.374284744262695
1984-11-17,7.144171237945557
1984-11-18,7.103220462799072
1984-11-19,7.226080894470215
1984-11-20,7.797000885009766
1984-11-21,8.615702629089355
1984-11-22,8.28553581237793
1984-11-23,7.78232479095459
1984-11-24,7.554935932159424
1984-11-25,7.421478271484375
1984-11-26,7.373193264007568
1984-11-27,7.376191139221191
1984-11-28,8.36398696899414
1984-11-29,12.724597930908203
1984-11-30,16.614673614501953
1984-12-01,13.84395694732666
1984-12-02,11.267035484313965
1984-12-03,11.789950370788574
1984-12-04,15.286768913269043
1984-12-05,19.425981521606445
1984-12-06,26.68410301208496
1984-12-07,30.97332000732422
1984-12-08,24.676746368408203
1984-12-09,18.507097244262695
1984-12-10,15.316110610961914
1984-12-11,13.580904006958008
1984-12-12,12.53068733215332
1984-12-13,11.781614303588867
1984-12-14,11.189563751220703
1984-12-15,10.85124683380127
1984-12-16,10.535542488098145
1984-12-17,10.204679489135742
1984-12-18,10.025028228759766
1984-12-19,9.77525806427002
1984-12-20,9.541200637817383
1984-12-21,9.652385711669922
1984-12-22,10.24570369720459
1984-12-23,10.738618850708008
1984-12-24,10.625053405761719
1984-12-25,10.161887168884277
1984-12-26,9.624567985534668
1984-12-27,9.354633331298828
1984-12-28,9.19009017944336
1984-12-29,9.034109115600586
1984-12-30,8.798869132995605
1984-12-31,8.637843132019043
1985-01-01,8.593610763549805
1985-01-02,8.669602394104004
1985-01-03,35.94508361816406
1985-01-04,117.90582275390625
1985-01-05,152.9588623046875
1985-01-06,105.12445831298828
1985-01-07,58.86770248413086
1985-01-08,37.2349853515625
1985-01-09,27.554386138916016
1985-01-10,22.52187156677246
1985-01-11,19.578125
1985-01-12,18.030750274658203
1985-01-13,16.650415420532227
1985-01-14,15.352025985717773
1985-01-15,14.393655776977539
1985-01-16,13.67029857635498
1985-01-17,13.338083267211914
1985-01-18,13.916741371154785
1985-01-19,14.504766464233398
1985-01-20,14.034197807312012
1985-01-21,13.276451110839844
1985-01-22,12.699455261230469
1985-01-23,12.517385482788086
1985-01-24,12.099496841430664
1985-01-25,11.823421478271484
1985-01-26,11.681143760681152
1985-01-27,11.423237800598145
1985-01-28,11.427241325378418
1985-01-29,12.244415283203125
1985-01-30,13.133736610412598
1985-01-31,15.035514831542969
1985-02-01,55.69868087768555
1985-02-02,179.75076293945312
1985-02-03,247.49127197265625
1985-02-04,165.7676239013672
1985-02-05,92.1043472290039
1985-02-06,68.0499267578125
1985-02-07,76.46708679199219
1985-02-08,74.3489761352539
1985-02-09,56.9670295715332
1985-02-10,42.87873077392578
1985-02-11,35.92888641357422
1985-02-12,53.8700065612793
1985-02-13,90.45854949951172
1985-02-14,91.06165313720703
1985-02-15,64.15034484863281
1985-02-16,46.063629150390625
1985-02-17,36.444435119628906
1985-02-18,31.224056243896484
1985-02-19,28.023847579956055
1985-02-20,26.383575439453125
1985-02-21,25.0158748626709
1985-02-22,23.172637939453125
1985-02-23,22.121801376342773
1985-02-24,21.239273071289062
1985-02-25,20.58627700805664
1985-02-26,31.39493751525879
1985-02-27,57.63068389892578
1985-02-28,62.91742706298828
1985-03-01,45.642581939697266
1985-03-02,34.191932678222656
1985-03-03,28.29314613342285
1985-03-04,24.84880828857422
1985-03-05,22.734813690185547
1985-03-06,21.291481018066406
1985-03-07,19.894432067871094
1985-03-08,18.852680206298828
1985-03-09,18.284793853759766
1985-03-10,17.73975372314453
1985-03-11,17.033540725708008
1985-03-12,16.678709030151367
1985-03-13,16.347612380981445
1985-03-14,15.751193046569824
1985-03-15,15.346100807189941
1985-03-16,14.949494361877441
1985-03-17,14.48622989654541
1985-03-18,14.240652084350586
1985-03-19,13.717342376708984
1985-03-20,13.281938552856445
1985-03-21,13.287694931030273
1985-03-22,15.753252029418945
1985-03-23,25.69009780883789
1985-03-24,36.093292236328125
1985-03-25,36.99917984008789
1985-03-26,32.7021484375
1985-03-27,26.078317642211914
1985-03-28,22.049726486206055
1985-03-29,19.457834243774414
1985-03-30,17.685943603515625
1985-03-31,16.502233505249023
1985-04-01,15.721068382263184
1985-04-02,15.11473274230957
1985-04-03,14.42252254486084
1985-04-04,13.878517150878906
1985-04-05,13.503948211669922
1985-04-06,13.251490592956543
1985-04-07,13.311699867248535
1985-04-08,13.186402320861816
1985-04-09,12.67650318145752
1985-04-10,11.940057754516602
1985-04-11,11.330358505249023
1985-04-12,11.135772705078125
1985-04-13,10.961527824401855
1985-04-14,10.802376747131348
1985-04-15,10.620979309082031
1985-04-16,10.545167922973633
1985-04-17,10.982421875
1985-04-18,11.428119659423828
1985-04-19,10.916345596313477
1985-04-20,10.279844284057617
1985-04-21,9.680807113647461
1985-04-22,9.161513328552246
1985-04-23,8.69958209991455
1985-04-24,8.347053527832031
1985-04-25,8.322978019714355
1985-04-26,8.563401222229004
1985-04-27,8.493354797363281
1985-04-28,8.263012886047363
1985-04-29,8.167571067810059
1985-04-30,7.883851051330566
1985-05-01,7.419931411743164
1985-05-02,7.2104058265686035
1985-05-03,9.279741287231445
1985-05-04,13.577728271484375
1985-05-05,14.435441970825195
1985-05-06,11.914194107055664
1985-05-07,9.879841804504395
1985-05-08,8.495415687561035
1985-05-09,7.648345947265625
1985-05-10,7.25773811340332
1985-05-11,7.139299392700195
1985-05-12,7.202332496643066
1985-05-13,7.257961273193359
1985-05-14,7.183313846588135
1985-05-15,6.9193010330200195
1985-05-16,7.467995643615723
1985-05-17,11.60713005065918
1985-05-18,16.528568267822266
1985-05-19,14.133752822875977
1985-05-20,10.7892427444458
1985-05-21,9.514932632446289
1985-05-22,9.666683197021484
1985-05-23,12.782261848449707
1985-05-24,17.55178451538086
1985-05-25,19.32550048828125
1985-05-26,16.879810333251953
1985-05-27,12.708486557006836
1985-05-28,9.873878479003906
1985-05-29,8.274524688720703
1985-05-30,7.3547234535217285
1985-05-31,6.708321571350098
1985-06-01,6.320417404174805
1985-06-02,5.991017818450928
1985-06-03,5.5653557777404785
1985-06-04,5.252079010009766
1985-06-05,5.508646011352539
1985-06-06,7.913540363311768
1985-06-07,11.99274730682373
1985-06-08,13.89168930053711
1985-06-09,15.546340942382812
1985-06-10,14.50194263458252
1985-06-11,10.90114974975586
1985-06-12,9.413984298706055
1985-06-13,10.320714950561523
1985-06-14,10.081816673278809
1985-06-15,8.261833190917969
1985-06-16,7.30626106262207
1985-06-17,7.754239082336426
1985-06-18,8.063436508178711
1985-06-19,7.1944804191589355
1985-06-20,6.349949836730957
1985-06-21,5.692329406738281
1985-06-22,5.1466522216796875
1985-06-23,4.751222610473633
1985-06-24,4.490269660949707
1985-06-25,4.311285018920898
1985-06-26,4.162938594818115
1985-06-27,4.01725959777832
1985-06-28,3.7918524742126465
1985-06-29,3.684967517852783
1985-06-30,4.153727054595947
1985-07-01,5.684879302978516
1985-07-02,7.464318752288818
1985-07-03,7.739688873291016
1985-07-04,6.764353275299072
1985-07-05,5.944869518280029
1985-07-06,5.7811737060546875
1985-07-07,5.981446266174316
1985-07-08,5.901796340942383
1985-07-09,5.251911163330078
1985-07-10,4.697384834289551
1985-07-11,4.773092269897461
1985-07-12,5.561580657958984
1985-07-13,7.312278747558594
1985-07-14,10.634648323059082
1985-07-15,12.149928092956543
1985-07-16,10.440719604492188
1985-07-17,9.041747093200684
1985-07-18,8.145793914794922
1985-07-19,6.601105213165283
1985-07-20,5.3492431640625
1985-07-21,4.589817047119141
1985-07-22,4.307938575744629
1985-07-23,5.103496551513672
1985-07-24,7.037217617034912
1985-07-25,16.98886489868164
1985-07-26,41.1611442565918
1985-07-27,56.12324142456055
1985-07-28,58.96314239501953
1985-07-29,62.090599060058594
1985-07-30,50.54651641845703
1985-07-31,34.1346435546875
1985-08-01,33.481597900390625
1985-08-02,42.150970458984375
1985-08-03,38.76362991333008
1985-08-04,25.434114456176758
1985-08-05,16.887470245361328
1985-08-06,12.433672904968262
1985-08-07,10.26380729675293
1985-08-08,9.881805419921875
1985-08-09,13.075249671936035
1985-08-10,16.002235412597656
1985-08-11,14.028364181518555
1985-08-12,10.908823013305664
1985-08-13,8.89473819732666
1985-08-14,7.62806510925293
1985-08-15,6.742311954498291
1985-08-16,6.118916034698486
1985-08-17,7.612470626831055
1985-08-18,49.148155212402344
1985-08-19,99.42404174804688
1985-08-20,90.91096496582031
1985-08-21,66.00045776367188
1985-08-22,77.27796173095703
1985-08-23,70.77091217041016
1985-08-24,42.46397018432617
1985-08-25,32.85198211669922
1985-08-26,47.062713623046875
1985-08-27,61.66300964355469
1985-08-28,55.62499237060547
1985-08-29,40.61371994018555
1985-08-30,29.60291290283203
1985-08-31,27.933944702148438
1985-09-01,26.214534759521484
1985-09-02,20.639314651489258
1985-09-03,16.274555206298828
1985-09-04,13.618626594543457
1985-09-05,11.780876159667969
1985-09-06,10.45600700378418
1985-09-07,9.471296310424805
1985-09-08,8.787537574768066
1985-09-09,8.372583389282227
1985-09-10,8.047236442565918
1985-09-11,7.683029651641846
1985-09-12,7.464326858520508
1985-09-13,7.434728622436523
1985-09-14,7.115733623504639
1985-09-15,6.811361312866211
1985-09-16,6.5229411125183105
1985-09-17,6.265290260314941
1985-09-18,6.041413307189941
1985-09-19,5.831333637237549
1985-09-20,5.6358747482299805
1985-09-21,5.451247692108154
1985-09-22,5.351840019226074
1985-09-23,5.3702497482299805
1985-09-24,5.356891632080078
1985-09-25,5.30491828918457
1985-09-26,5.283183574676514
1985-09-27,5.336930751800537
1985-09-28,5.464092254638672
1985-09-29,5.316821098327637
1985-09-30,5.063268661499023
1985-10-01,4.860580921173096
1985-10-02,4.994757652282715
1985-10-03,7.267144680023193
1985-10-04,14.055435180664062
1985-10-05,19.63222312927246
1985-10-06,17.529314041137695
1985-10-07,12.645156860351562
1985-10-08,9.610036849975586
1985-10-09,7.9803900718688965
1985-10-10,7.039182662963867
1985-10-11,6.467033863067627
1985-10-12,6.123157024383545
1985-10-13,5.955489158630371
1985-10-14,5.673356056213379
1985-10-15,5.528079509735107
1985-10-16,5.958156585693359
1985-10-17,6.5883660316467285
1985-10-18,6.4679059982299805
1985-10-19,5.949480056762695
1985-10-20,5.529051780700684
1985-10-21,5.494251251220703
1985-10-22,6.599621295928955
1985-10-23,8.409666061401367
1985-10-24,8.513301849365234
1985-10-25,7.647757530212402
1985-10-26,6.802484035491943
1985-10-27,6.174432754516602
1985-10-28,5.799798965454102
1985-10-29,5.543450355529785
1985-10-30,5.382938385009766
1985-10-31,5.532786846160889
1985-11-01,6.534087181091309
1985-11-02,10.210742950439453
1985-11-03,18.788522720336914
1985-11-04,46.544830322265625
1985-11-05,83.64381408691406
1985-11-06,87.68861389160156
1985-11-07,57.457191467285156
1985-11-08,34.54340362548828
1985-11-09,23.303895950317383
1985-11-10,18.09288215637207
1985-11-11,15.324462890625
1985-11-12,13.624100685119629
1985-11-13,12.956474304199219
1985-11-14,13.189213752746582
1985-11-15,13.021499633789062
1985-11-16,12.253189086914062
1985-11-17,11.568548202514648
1985-11-18,11.202402114868164
1985-11-19,10.760024070739746
1985-11-20,10.99526596069336
1985-11-21,78.66046905517578
1985-11-22,267.94525146484375
1985-11-23,350.3777160644531
1985-11-24,221.40286254882812
1985-11-25,106.13092041015625
1985-11-26,58.37316131591797
1985-11-27,40.17487716674805
1985-11-28,31.80765151977539
1985-11-29,29.89627456665039
1985-11-30,72.38427734375
1985-12-01,138.03665161132812
1985-12-02,135.3393096923828
1985-12-03,90.62147521972656
1985-12-04,59.9402961730957
1985-12-05,41.957576751708984
1985-12-06,33.2933235168457
1985-12-07,28.760744094848633
1985-12-08,25.55377197265625
1985-12-09,23.224802017211914
1985-12-10,21.599271774291992
1985-12-11,20.350107192993164
1985-12-12,19.661354064941406
1985-12-13,24.95831298828125
1985-12-14,43.706459045410156
1985-12-15,50.501827239990234
1985-12-16,38.86093521118164
1985-12-17,30.13332176208496
1985-12-18,25.33573341369629
1985-12-19,22.735891342163086
1985-12-20,21.058063507080078
1985-12-21,19.72568130493164
1985-12-22,18.700889587402344
1985-12-23,17.71900177001953
1985-12-24,17.11367416381836
1985-12-25,16.510604858398438
1985-12-26,16.134315490722656
1985-12-27,15.72709846496582
1985-12-28,15.239046096801758
1985-12-29,14.68344783782959
1985-12-30,14.312202453613281
1985-12-31,14.107366561889648
1986-01-01,14.288620948791504
1986-01-02,14.713229179382324
1986-01-03,14.752693176269531
1986-01-04,14.594024658203125
1986-01-05,14.193618774414062
1986-01-06,13.741691589355469
1986-01-07,13.407726287841797
1986-01-08,13.1240234375
1986-01-09,12.91048812866211
1986-01-10,12.608534812927246
1986-01-11,12.471029281616211
1986-01-12,12.280884742736816
1986-01-13,12.157022476196289
1986-01-14,12.05842399597168
1986-01-15,11.812270164489746
1986-01-16,11.567967414855957
1986-01-17,11.500572204589844
1986-01-18,11.50959300994873
1986-01-19,11.724231719970703
1986-01-20,12.965860366821289
1986-01-21,14.481751441955566
1986-01-22,14.091766357421875
1986-01-23,13.362412452697754
1986-01-24,12.818146705627441
1986-01-25,12.341839790344238
1986-01-26,13.112465858459473
1986-01-27,15.789717674255371
1986-01-28,16.99502944946289
1986-01-29,15.615248680114746
1986-01-30,14.934765815734863
1986-01-31,14.534868240356445
1986-02-01,14.068581581115723
1986-02-02,13.76806354522705
1986-02-03,13.51529312133789
1986-02-04,13.35817813873291
1986-02-05,13.271099090576172
1986-02-06,13.338508605957031
1986-02-07,15.569121360778809
1986-02-08,23.03485107421875
1986-02-09,27.364322662353516
1986-02-10,22.96377944946289
1986-02-11,20.95568084716797
1986-02-12,24.154155731201172
1986-02-13,26.24961280822754
1986-02-14,23.127410888671875
1986-02-15,20.601980209350586
1986-02-16,20.32186508178711
1986-02-17,19.94747543334961
1986-02-18,19.546714782714844
1986-02-19,20.91733169555664
1986-02-20,22.867921829223633
1986-02-21,22.892316818237305
1986-02-22,21.476327896118164
1986-02-23,19.834169387817383
1986-02-24,18.889184951782227
1986-02-25,18.64202117919922
1986-02-26,18.77243995666504
1986-02-27,18.835792541503906
1986-02-28,20.59540367126465
1986-03-01,21.288314819335938
1986-03-02,19.728261947631836
1986-03-03,18.18183135986328
1986-03-04,17.063018798828125
1986-03-05,16.043729782104492
1986-03-06,15.318705558776855
1986-03-07,14.63711929321289
1986-03-08,14.061356544494629
1986-03-09,13.765588760375977
1986-03-10,13.425321578979492
1986-03-11,13.226574897766113
1986-03-12,12.985208511352539
1986-03-13,13.41888427734375
1986-03-14,30.22968292236328
1986-03-15,71.71009826660156
1986-03-16,82.04907989501953
1986-03-17,54.540130615234375
1986-03-18,36.585025787353516
1986-03-19,29.751806259155273
1986-03-20,35.50080871582031
1986-03-21,45.46226119995117
1986-03-22,41.591468811035156
1986-03-23,32.407508850097656
1986-03-24,25.843994140625
1986-03-25,22.581863403320312
1986-03-26,20.324459075927734
1986-03-27,18.81634521484375
1986-03-28,17.658283233642578
1986-03-29,16.546899795532227
1986-03-30,15.659955978393555
1986-03-31,15.079267501831055
1986-04-01,14.523725509643555
1986-04-02,14.082307815551758
1986-04-03,13.595643997192383
1986-04-04,13.214495658874512
1986-04-05,12.802623748779297
1986-04-06,12.439571380615234
1986-04-07,12.240021705627441
1986-04-08,12.147470474243164
1986-04-09,11.968454360961914
1986-04-10,11.65015983581543
1986-04-11,11.185436248779297
1986-04-12,10.771907806396484
1986-04-13,10.40335464477539
1986-04-14,10.082294464111328
1986-04-15,9.885787010192871
1986-04-16,9.875941276550293
1986-04-17,9.897862434387207
1986-04-18,9.715704917907715
1986-04-19,9.342279434204102
1986-04-20,8.988407135009766
1986-04-21,9.389399528503418
1986-04-22,10.82905101776123
1986-04-23,11.404733657836914
1986-04-24,10.511208534240723
1986-04-25,9.700294494628906
1986-04-26,10.202461242675781
1986-04-27,11.734891891479492
1986-04-28,12.043661117553711
1986-04-29,10.77866268157959
1986-04-30,9.593390464782715
1986-05-01,8.7112398147583
1986-05-02,8.171613693237305
1986-05-03,7.574243545532227
1986-05-04,6.9890241622924805
1986-05-05,6.6787519454956055
1986-05-06,6.553374290466309
1986-05-07,6.3592023849487305
1986-05-08,6.098939418792725
1986-05-09,5.842679977416992
1986-05-10,5.606060981750488
1986-05-11,5.384225845336914
1986-05-12,5.310028076171875
1986-05-13,5.339766502380371
1986-05-14,5.84800910949707
1986-05-15,6.810063362121582
1986-05-16,6.695896625518799
1986-05-17,6.212883472442627
1986-05-18,5.791204929351807
1986-05-19,5.612059593200684
1986-05-20,6.958717346191406
1986-05-21,11.224989891052246
1986-05-22,14.087299346923828
1986-05-23,11.95978832244873
1986-05-24,9.42726993560791
1986-05-25,8.244799613952637
1986-05-26,8.115816116333008
1986-05-27,8.248760223388672
1986-05-28,8.739882469177246
1986-05-29,9.533365249633789
1986-05-30,9.304604530334473
1986-05-31,8.575559616088867
1986-06-01,7.8542070388793945
1986-06-02,6.9366302490234375
1986-06-03,6.151716232299805
1986-06-04,5.582749843597412
1986-06-05,5.156767845153809
1986-06-06,4.83297061920166
1986-06-07,4.522512912750244
1986-06-08,4.688977241516113
1986-06-09,5.508988857269287
1986-06-10,5.791013717651367
1986-06-11,5.095846176147461
1986-06-12,4.532942771911621
1986-06-13,4.240457534790039
1986-06-14,4.013851642608643
1986-06-15,3.7918455600738525
1986-06-16,3.635814666748047
1986-06-17,3.5381178855895996
1986-06-18,3.4290502071380615
1986-06-19,3.2516090869903564
1986-06-20,3.07997465133667
1986-06-21,2.9480972290039062
1986-06-22,2.7947773933410645
1986-06-23,2.685481548309326
1986-06-24,2.6480019092559814
1986-06-25,2.6358911991119385
1986-06-26,2.55401873588562
1986-06-27,2.4288294315338135
1986-06-28,2.3806302547454834
1986-06-29,2.5155739784240723
1986-06-30,2.996060371398926
1986-07-01,3.7903730869293213
1986-07-02,4.51685094833374
1986-07-03,5.412801265716553
1986-07-04,5.6427178382873535
1986-07-05,4.626662731170654
1986-07-06,3.694850444793701
1986-07-07,3.121751308441162
1986-07-08,2.732292652130127
1986-07-09,2.4465818405151367
1986-07-10,2.284921407699585
1986-07-11,2.3400626182556152
1986-07-12,2.5985474586486816
1986-07-13,2.6972174644470215
1986-07-14,2.5495519638061523
1986-07-15,2.3492307662963867
1986-07-16,2.242927074432373
1986-07-17,2.237677574157715
1986-07-18,2.1497204303741455
1986-07-19,1.9955224990844727
1986-07-20,1.8307908773422241
1986-07-21,1.7223411798477173
1986-07-22,1.7813329696655273
1986-07-23,2.1252715587615967
1986-07-24,2.6789069175720215
1986-07-25,3.100010871887207
1986-07-26,3.3109514713287354
1986-07-27,3.787214517593384
1986-07-28,4.643889427185059
1986-07-29,4.715416431427002
1986-07-30,4.073624610900879
1986-07-31,3.4992566108703613
1986-08-01,2.8950140476226807
1986-08-02,2.438610315322876
1986-08-03,2.2271530628204346
1986-08-04,2.286571741104126
1986-08-05,2.5397467613220215
1986-08-06,2.9402475357055664
1986-08-07,3.4041826725006104
1986-08-08,3.423830032348633
1986-08-09,3.117133617401123
1986-08-10,2.821566581726074
1986-08-11,2.6702818870544434
1986-08-12,4.276587963104248
1986-08-13,12.944683074951172
1986-08-14,20.41357421875
1986-08-15,15.524394989013672
1986-08-16,9.182653427124023
1986-08-17,6.0812225341796875
1986-08-18,5.221954822540283
1986-08-19,5.949122905731201
1986-08-20,8.00790786743164
1986-08-21,12.949750900268555
1986-08-22,16.76542091369629
1986-08-23,12.677486419677734
1986-08-24,9.145589828491211
1986-08-25,8.387039184570312
1986-08-26,7.4999308586120605
1986-08-27,6.041899681091309
1986-08-28,6.272831439971924
1986-08-29,8.421647071838379
1986-08-30,8.863261222839355
1986-08-31,6.949256896972656
1986-09-01,5.461948871612549
1986-09-02,4.74967622756958
1986-09-03,4.669918537139893
1986-09-04,5.21291971206665
1986-09-05,6.288786888122559
1986-09-06,8.1674222946167
1986-09-07,9.459955215454102
1986-09-08,7.840871334075928
1986-09-09,6.164995193481445
1986-09-10,5.137686252593994
1986-09-11,4.546432018280029
1986-09-12,4.12742805480957
1986-09-13,3.800994873046875
1986-09-14,3.4953272342681885
1986-09-15,3.2366766929626465
1986-09-16,3.040073871612549
1986-09-17,2.8802030086517334
1986-09-18,2.7485129833221436
1986-09-19,2.6402835845947266
1986-09-20,2.5925469398498535
1986-09-21,2.633387565612793
1986-09-22,2.680196762084961
1986-09-23,2.60758900642395
1986-09-24,2.5131497383117676
1986-09-25,2.4143595695495605
1986-09-26,2.3212108612060547
1986-09-27,2.2274839878082275
1986-09-28,2.1729636192321777
1986-09-29,2.157865285873413
1986-09-30,2.1594324111938477
1986-10-01,2.1250009536743164
1986-10-02,2.05655837059021
1986-10-03,1.9921035766601562
1986-10-04,1.9367365837097168
1986-10-05,1.8734632730484009
1986-10-06,1.810340404510498
1986-10-07,1.775914192199707
1986-10-08,1.7816123962402344
1986-10-09,1.85992431640625
1986-10-10,2.040626287460327
1986-10-11,2.2579286098480225
1986-10-12,2.3165645599365234
1986-10-13,2.2752084732055664
1986-10-14,2.7500104904174805
1986-10-15,4.725412368774414
1986-10-16,6.055749893188477
1986-10-17,5.042582035064697
1986-10-18,3.9771828651428223
1986-10-19,3.353161334991455
1986-10-20,3.017692804336548
1986-10-21,2.8640849590301514
1986-10-22,2.7524538040161133
1986-10-23,2.692326068878174
1986-10-24,2.593486785888672
1986-10-25,2.6333131790161133
1986-10-26,3.3284971714019775
1986-10-27,5.344513416290283
1986-10-28,6.7613205909729
1986-10-29,5.786991119384766
1986-10-30,4.649721622467041
1986-10-31,3.939786672592163
1986-11-01,3.561150074005127
1986-11-02,3.61984920501709
1986-11-03,3.8605685234069824
1986-11-04,3.915099620819092
1986-11-05,3.8501453399658203
1986-11-06,4.090821266174316
1986-11-07,5.244690418243408
1986-11-08,8.031671524047852
1986-11-09,11.424566268920898
1986-11-10,9.908367156982422
1986-11-11,7.700160980224609
1986-11-12,7.757341384887695
1986-11-13,12.744131088256836
1986-11-14,17.325252532958984
1986-11-15,14.410689353942871
1986-11-16,12.867121696472168
1986-11-17,13.372451782226562
1986-11-18,11.483205795288086
1986-11-19,10.158721923828125
1986-11-20,10.133831977844238
1986-11-21,13.394298553466797
1986-11-22,16.939666748046875
1986-11-23,14.15890121459961
1986-11-24,11.209492683410645
1986-11-25,9.589822769165039
1986-11-26,9.659321784973145
1986-11-27,13.69492244720459
1986-11-28,17.011089324951172
1986-11-29,14.552159309387207
1986-11-30,11.867300033569336
1986-12-01,10.12734603881836
1986-12-02,12.399629592895508
1986-12-03,25.35723876953125
1986-12-04,35.26005172729492
1986-12-05,28.158103942871094
1986-12-06,19.68269157409668
1986-12-07,14.89037036895752
1986-12-08,12.442355155944824
1986-12-09,11.33389663696289
1986-12-10,12.838590621948242
1986-12-11,27.14681625366211
1986-12-12,50.125213623046875
1986-12-13,55.33393478393555
1986-12-14,40.669708251953125
1986-12-15,27.495481491088867
1986-12-16,20.382131576538086
1986-12-17,16.822532653808594
1986-12-18,14.856330871582031
1986-12-19,13.872588157653809
1986-12-20,13.329018592834473
1986-12-21,12.398726463317871
1986-12-22,11.543458938598633
1986-12-23,10.830513000488281
1986-12-24,21.11092185974121
1986-12-25,68.06758117675781
1986-12-26,100.41397857666016
1986-12-27,69.49506378173828
1986-12-28,42.811012268066406
1986-12-29,29.08713150024414
1986-12-30,22.221712112426758
1986-12-31,18.62088394165039
1987-01-01,21.955547332763672
1987-01-02,45.18879699707031
1987-01-03,62.70405197143555
1987-01-04,48.949134826660156
1987-01-05,34.511775970458984
1987-01-06,26.004615783691406
1987-01-07,21.278013229370117
1987-01-08,18.743370056152344
1987-01-09,16.975175857543945
1987-01-10,15.678050994873047
1987-01-11,15.490793228149414
1987-01-12,15.669422149658203
1987-01-13,14.864704132080078
1987-01-14,13.99274730682373
1987-01-15,13.499408721923828
1987-01-16,13.202579498291016
1987-01-17,13.088542938232422
1987-01-18,15.930350303649902
1987-01-19,78.66632843017578
1987-01-20,165.1543426513672
1987-01-21,149.19801330566406
1987-01-22,112.37823486328125
1987-01-23,134.35708618164062
1987-01-24,124.37275695800781
1987-01-25,80.8560562133789
1987-01-26,60.82025909423828
1987-01-27,52.4724006652832
1987-01-28,44.13935089111328
1987-01-29,37.64643859863281
1987-01-30,35.432884216308594
1987-01-31,44.88737487792969
1987-02-01,56.10954666137695
1987-02-02,57.082923889160156
1987-02-03,62.86929702758789
1987-02-04,69.33893585205078
1987-02-05,56.17272186279297
1987-02-06,42.471431732177734
1987-02-07,33.6578483581543
1987-02-08,29.46582794189453
1987-02-09,26.30948829650879
1987-02-10,23.690597534179688
1987-02-11,21.463823318481445
1987-02-12,20.06510353088379
1987-02-13,19.49191665649414
1987-02-14,18.715442657470703
1987-02-15,18.09952163696289
1987-02-16,18.131242752075195
1987-02-17,21.78093910217285
1987-02-18,29.15971565246582
1987-02-19,33.53606033325195
1987-02-20,36.32919692993164
1987-02-21,39.236785888671875
1987-02-22,43.0750617980957
1987-02-23,77.68043518066406
1987-02-24,115.52583312988281
1987-02-25,95.56295013427734
1987-02-26,67.20620727539062
1987-02-27,72.89127349853516
1987-02-28,193.44435119628906
1987-03-01,409.31585693359375
1987-03-02,465.1783447265625
1987-03-03,269.0936279296875
1987-03-04,138.83384704589844
1987-03-05,82.96174621582031
1987-03-06,58.3702507019043
1987-03-07,45.30755615234375
1987-03-08,38.80125045776367
1987-03-09,37.17002868652344
1987-03-10,39.195777893066406
1987-03-11,44.019535064697266
1987-03-12,43.53412628173828
1987-03-13,37.448307037353516
1987-03-14,32.52846145629883
1987-03-15,29.24714469909668
1987-03-16,27.142173767089844
1987-03-17,25.722681045532227
1987-03-18,24.929113388061523
1987-03-19,24.446372985839844
1987-03-20,26.559167861938477
1987-03-21,28.8122615814209
1987-03-22,27.04926109313965
1987-03-23,24.726898193359375
1987-03-24,22.940149307250977
1987-03-25,21.867523193359375
1987-03-26,21.495450973510742
1987-03-27,21.424562454223633
1987-03-28,20.967342376708984
1987-03-29,20.821121215820312
1987-03-30,21.639915466308594
1987-03-31,31.738224029541016
1987-04-01,47.30445098876953
1987-04-02,42.23502731323242
1987-04-03,33.9656982421875
1987-04-04,33.72352981567383
1987-04-05,42.712890625
1987-04-06,44.06918716430664
1987-04-07,37.07240676879883
1987-04-08,30.94746971130371
1987-04-09,26.877737045288086
1987-04-10,23.939250946044922
1987-04-11,22.009532928466797
1987-04-12,20.911022186279297
1987-04-13,20.6956844329834
1987-04-14,20.915550231933594
1987-04-15,30.133874893188477
1987-04-16,229.2882080078125
1987-04-17,532.3401489257812
1987-04-18,395.488525390625
1987-04-19,210.42552185058594
1987-04-20,120.7616958618164
1987-04-21,77.34016418457031
1987-04-22,55.62721252441406
1987-04-23,43.72867965698242
1987-04-24,44.22401428222656
1987-04-25,71.17096710205078
1987-04-26,106.40461730957031
1987-04-27,99.50634002685547
1987-04-28,68.54281616210938
1987-04-29,49.84832000732422
1987-04-30,39.31278610229492
1987-05-01,33.5994758605957
1987-05-02,30.158435821533203
1987-05-03,27.935283660888672
1987-05-04,26.294967651367188
1987-05-05,24.78386878967285
1987-05-06,23.636795043945312
1987-05-07,22.025785446166992
1987-05-08,20.88001251220703
1987-05-09,19.847898483276367
1987-05-10,18.728918075561523
1987-05-11,17.90477752685547
1987-05-12,16.917612075805664
1987-05-13,16.125349044799805
1987-05-14,15.91667366027832
1987-05-15,15.94941520690918
1987-05-16,15.438728332519531
1987-05-17,14.671004295349121
1987-05-18,13.820218086242676
1987-05-19,13.254745483398438
1987-05-20,14.019852638244629
1987-05-21,16.142417907714844
1987-05-22,16.3387508392334
1987-05-23,14.582151412963867
1987-05-24,13.590938568115234
1987-05-25,13.586601257324219
1987-05-26,14.68602180480957
1987-05-27,17.66862678527832
1987-05-28,18.663862228393555
1987-05-29,16.441280364990234
1987-05-30,14.116336822509766
1987-05-31,12.539018630981445
1987-06-01,11.609271049499512
1987-06-02,11.530643463134766
1987-06-03,11.984527587890625
1987-06-04,11.818785667419434
1987-06-05,12.387467384338379
1987-06-06,12.87608814239502
1987-06-07,11.608153343200684
1987-06-08,10.314260482788086
1987-06-09,9.321107864379883
1987-06-10,8.55580997467041
1987-06-11,7.9984540939331055
1987-06-12,7.477024078369141
1987-06-13,7.20939826965332
1987-06-14,7.264072895050049
1987-06-15,7.748566627502441
1987-06-16,7.867326736450195
1987-06-17,8.094117164611816
1987-06-18,8.697423934936523
1987-06-19,9.262550354003906
1987-06-20,9.555163383483887
1987-06-21,8.986780166625977
1987-06-22,8.110441207885742
1987-06-23,7.638831615447998
1987-06-24,7.44222354888916
1987-06-25,7.2637176513671875
1987-06-26,7.191230297088623
1987-06-27,8.259706497192383
1987-06-28,9.650460243225098
1987-06-29,8.845617294311523
1987-06-30,7.4997172355651855
1987-07-01,6.585770130157471
1987-07-02,6.531561851501465
1987-07-03,9.685629844665527
1987-07-04,22.151521682739258
1987-07-05,48.46680450439453
1987-07-06,60.3846435546875
1987-07-07,41.02434158325195
1987-07-08,24.529415130615234
1987-07-09,17.1385555267334
1987-07-10,13.528410911560059
1987-07-11,11.012323379516602
1987-07-12,9.742722511291504
1987-07-13,9.804657936096191
1987-07-14,10.934283256530762
1987-07-15,11.44839859008789
1987-07-16,9.82919979095459
1987-07-17,8.271141052246094
1987-07-18,7.205726146697998
1987-07-19,6.508921146392822
1987-07-20,6.031357765197754
1987-07-21,5.594196319580078
1987-07-22,5.227839469909668
1987-07-23,4.967535495758057
1987-07-24,4.745042324066162
1987-07-25,4.632655143737793
1987-07-26,4.564599990844727
1987-07-27,4.505805492401123
1987-07-28,4.410067081451416
1987-07-29,4.262773036956787
1987-07-30,4.205094337463379
1987-07-31,4.193135738372803
1987-08-01,4.176356792449951
1987-08-02,4.191555023193359
1987-08-03,4.1665568351745605
1987-08-04,4.123904228210449
1987-08-05,4.255119323730469
1987-08-06,4.438210964202881
1987-08-07,4.3967719078063965
1987-08-08,5.430220603942871
1987-08-09,7.255319595336914
1987-08-10,6.460466384887695
1987-08-11,5.292300701141357
1987-08-12,4.55553674697876
1987-08-13,4.1052327156066895
1987-08-14,3.75884747505188
1987-08-15,3.5558648109436035
1987-08-16,3.5789241790771484
1987-08-17,3.63692045211792
1987-08-18,3.5143017768859863
1987-08-19,3.3741910457611084
1987-08-20,3.3804216384887695
1987-08-21,3.411527156829834
1987-08-22,3.4357948303222656
1987-08-23,3.4267466068267822
1987-08-24,3.271002769470215
1987-08-25,3.0908193588256836
1987-08-26,3.0232510566711426
1987-08-27,3.106565237045288
1987-08-28,3.194730043411255
1987-08-29,3.1248228549957275
1987-08-30,3.0557079315185547
1987-08-31,3.125227451324463
1987-09-01,3.4207425117492676
1987-09-02,3.7022459506988525
1987-09-03,3.543165683746338
1987-09-04,3.3072524070739746
1987-09-05,3.352107048034668
1987-09-06,4.281148433685303
1987-09-07,7.840757846832275
1987-09-08,35.29576110839844
1987-09-09,65.88694763183594
1987-09-10,46.01658248901367
1987-09-11,24.11894416809082
1987-09-12,16.416027069091797
1987-09-13,14.83856201171875
1987-09-14,14.402950286865234
1987-09-15,12.291353225708008
1987-09-16,9.40463924407959
1987-09-17,7.607659816741943
1987-09-18,6.64015531539917
1987-09-19,5.965754985809326
1987-09-20,5.696070671081543
1987-09-21,5.952460765838623
1987-09-22,5.902313232421875
1987-09-23,5.3873114585876465
1987-09-24,4.922271251678467
1987-09-25,4.604264259338379
1987-09-26,4.365545272827148
1987-09-27,4.211721420288086
1987-09-28,4.115920543670654
1987-09-29,3.949754238128662
1987-09-30,4.0952630043029785
1987-10-01,4.917471408843994
1987-10-02,5.486429214477539
1987-10-03,5.099769592285156
1987-10-04,4.679687023162842
1987-10-05,4.38601016998291
1987-10-06,4.176376819610596
1987-10-07,4.188689231872559
1987-10-08,4.355043411254883
1987-10-09,4.376474857330322
1987-10-10,4.227391242980957
1987-10-11,4.087006092071533
1987-10-12,4.013003349304199
1987-10-13,4.125904560089111
1987-10-14,4.004412651062012
1987-10-15,3.8670711517333984
1987-10-16,3.7871179580688477
1987-10-17,3.749124050140381
1987-10-18,3.6881706714630127
1987-10-19,3.6039440631866455
1987-10-20,3.581260919570923
1987-10-21,3.5328009128570557
1987-10-22,3.5187103748321533
1987-10-23,3.496148109436035
1987-10-24,3.491328239440918
1987-10-25,3.4980156421661377
1987-10-26,3.4338512420654297
1987-10-27,3.5362699031829834
1987-10-28,4.2759528160095215
1987-10-29,5.258843898773193
1987-10-30,5.073171615600586
1987-10-31,4.6548967361450195
1987-11-01,4.452585220336914
1987-11-02,4.338865756988525
1987-11-03,4.271716117858887
1987-11-04,4.208491325378418
1987-11-05,4.126694679260254
1987-11-06,3.98647403717041
1987-11-07,3.952406167984009
1987-11-08,4.014772891998291
1987-11-09,3.968437433242798
1987-11-10,4.131918907165527
1987-11-11,6.014530181884766
1987-11-12,9.599629402160645
1987-11-13,9.74242115020752
1987-11-14,8.08457088470459
1987-11-15,6.893999099731445
1987-11-16,6.1622748374938965
1987-11-17,5.756448745727539
1987-11-18,5.831482887268066
1987-11-19,6.307417869567871
1987-11-20,6.330852508544922
1987-11-21,6.093951225280762
1987-11-22,5.8283772468566895
1987-11-23,5.561158180236816
1987-11-24,5.425564765930176
1987-11-25,5.299173831939697
1987-11-26,5.239239692687988
1987-11-27,9.425577163696289
1987-11-28,21.575326919555664
1987-11-29,29.17669105529785
1987-11-30,28.336711883544922
1987-12-01,24.593997955322266
1987-12-02,17.194412231445312
1987-12-03,12.637255668640137
1987-12-04,10.324338912963867
1987-12-05,8.988383293151855
1987-12-06,8.21712875366211
1987-12-07,7.710480690002441
1987-12-08,7.382114410400391
1987-12-09,7.26753044128418
1987-12-10,7.749570846557617
1987-12-11,11.92950439453125
1987-12-12,18.203744888305664
1987-12-13,16.084257125854492
1987-12-14,12.547079086303711
1987-12-15,12.393467903137207
1987-12-16,18.849720001220703
1987-12-17,22.459999084472656
1987-12-18,17.60527801513672
1987-12-19,13.681069374084473
1987-12-20,11.520042419433594
1987-12-21,10.516658782958984
1987-12-22,10.850116729736328
1987-12-23,11.527362823486328
1987-12-24,11.359495162963867
1987-12-25,10.731122970581055
1987-12-26,10.836358070373535
1987-12-27,12.323505401611328
1987-12-28,26.79975700378418
1987-12-29,54.61705780029297
1987-12-30,59.569786071777344
1987-12-31,39.067447662353516
1988-01-01,25.776138305664062
1988-01-02,22.505475997924805
1988-01-03,26.434337615966797
1988-01-04,33.31808853149414
1988-01-05,37.268150329589844
1988-01-06,31.746047973632812
1988-01-07,24.638002395629883
1988-01-08,21.062637329101562
1988-01-09,21.049779891967773
1988-01-10,20.53071403503418
1988-01-11,18.767972946166992
1988-01-12,17.105470657348633
1988-01-13,16.98883628845215
1988-01-14,18.666263580322266
1988-01-15,18.175556182861328
1988-01-16,16.384593963623047
1988-01-17,15.620603561401367
1988-01-18,18.415645599365234
1988-01-19,29.768693923950195
1988-01-20,55.12194061279297
1988-01-21,83.10034942626953
1988-01-22,79.65656280517578
1988-01-23,54.098052978515625
1988-01-24,37.083351135253906
1988-01-25,29.59425163269043
1988-01-26,30.34527587890625
1988-01-27,31.276302337646484
1988-01-28,26.323970794677734
1988-01-29,21.953922271728516
1988-01-30,19.562795639038086
1988-01-31,18.504297256469727
1988-02-01,17.863126754760742
1988-02-02,17.32181739807129
1988-02-03,17.794721603393555
1988-02-04,27.677278518676758
1988-02-05,43.620269775390625
1988-02-06,44.03251647949219
1988-02-07,34.144081115722656
1988-02-08,26.416555404663086
1988-02-09,22.012914657592773
1988-02-10,19.362525939941406
1988-02-11,18.28839111328125
1988-02-12,18.7077693939209
1988-02-13,19.5864315032959
1988-02-14,18.812299728393555
1988-02-15,17.49428939819336
1988-02-16,19.191486358642578
1988-02-17,21.775447845458984
1988-02-18,20.769010543823242
1988-02-19,19.592594146728516
1988-02-20,21.377784729003906
1988-02-21,23.127328872680664
1988-02-22,21.027097702026367
1988-02-23,18.643648147583008
1988-02-24,17.509037017822266
1988-02-25,17.177547454833984
1988-02-26,16.59393310546875
1988-02-27,15.620214462280273
1988-02-28,14.787666320800781
1988-02-29,14.11501693725586
1988-03-01,13.541515350341797
1988-03-02,13.241366386413574
1988-03-03,12.952836990356445
1988-03-04,13.029420852661133
1988-03-05,13.714159965515137
1988-03-06,14.572068214416504
1988-03-07,14.121102333068848
1988-03-08,13.394991874694824
1988-03-09,13.30561351776123
1988-03-10,16.539207458496094
1988-03-11,22.148771286010742
1988-03-12,22.99367904663086
1988-03-13,20.518936157226562
1988-03-14,19.334430694580078
1988-03-15,18.298675537109375
1988-03-16,16.72610092163086
1988-03-17,15.185722351074219
1988-03-18,13.979312896728516
1988-03-19,14.79520034790039
1988-03-20,18.166641235351562
1988-03-21,19.403425216674805
1988-03-22,17.77632713317871
1988-03-23,15.875961303710938
1988-03-24,14.652257919311523
1988-03-25,13.867384910583496
1988-03-26,13.804795265197754
1988-03-27,15.509854316711426
1988-03-28,17.24017333984375
1988-03-29,15.749237060546875
1988-03-30,14.346467971801758
1988-03-31,13.464529991149902
1988-04-01,12.767834663391113
1988-04-02,12.304293632507324
1988-04-03,12.015005111694336
1988-04-04,12.318692207336426
1988-04-05,13.553796768188477
1988-04-06,14.30953598022461
1988-04-07,15.049690246582031
1988-04-08,18.517559051513672
1988-04-09,19.982582092285156
1988-04-10,17.407346725463867
1988-04-11,14.794801712036133
1988-04-12,13.71004867553711
1988-04-13,15.757035255432129
1988-04-14,18.71299171447754
1988-04-15,17.68580436706543
1988-04-16,15.559563636779785
1988-04-17,13.867148399353027
1988-04-18,12.658485412597656
1988-04-19,17.559066772460938
1988-04-20,33.044071197509766
1988-04-21,38.404457092285156
1988-04-22,28.295970916748047
1988-04-23,21.075435638427734
1988-04-24,17.38481903076172
1988-04-25,15.216863632202148
1988-04-26,13.486359596252441
1988-04-27,12.261528968811035
1988-04-28,11.58152961730957
1988-04-29,11.13604736328125
1988-04-30,10.518869400024414
1988-05-01,9.89853286743164
1988-05-02,9.413719177246094
1988-05-03,9.088886260986328
1988-05-04,9.35798454284668
1988-05-05,12.897805213928223
1988-05-06,19.308517456054688
1988-05-07,21.50800323486328
1988-05-08,18.54184341430664
1988-05-09,14.68079662322998
1988-05-10,12.775495529174805
1988-05-11,12.594072341918945
1988-05-12,12.368396759033203
1988-05-13,11.03862190246582
1988-05-14,9.831034660339355
1988-05-15,9.109382629394531
1988-05-16,9.348494529724121
1988-05-17,14.0271635055542
1988-05-18,22.88025665283203
1988-05-19,26.846729278564453
1988-05-20,21.888078689575195
1988-05-21,16.934850692749023
1988-05-22,13.616130828857422
1988-05-23,11.358379364013672
1988-05-24,10.521265983581543
1988-05-25,10.735275268554688
1988-05-26,11.303192138671875
1988-05-27,10.657769203186035
1988-05-28,9.334226608276367
1988-05-29,8.369769096374512
1988-05-30,7.602614402770996
1988-05-31,6.994245529174805
1988-06-01,6.4768218994140625
1988-06-02,6.051058769226074
1988-06-03,5.929490089416504
1988-06-04,6.293785095214844
1988-06-05,6.627339839935303
1988-06-06,6.262702941894531
1988-06-07,5.746334075927734
1988-06-08,5.260136127471924
1988-06-09,4.980076313018799
1988-06-10,5.749655246734619
1988-06-11,7.515657901763916
1988-06-12,7.408957481384277
1988-06-13,6.3422346115112305
1988-06-14,5.4932732582092285
1988-06-15,4.921982765197754
1988-06-16,4.567241191864014
1988-06-17,4.594433784484863
1988-06-18,5.396761894226074
1988-06-19,6.429083347320557
1988-06-20,6.728638172149658
1988-06-21,6.612381935119629
1988-06-22,6.132994651794434
1988-06-23,5.421789169311523
1988-06-24,4.810460090637207
1988-06-25,4.664758682250977
1988-06-26,4.7469377517700195
1988-06-27,4.946643352508545
1988-06-28,5.069604873657227
1988-06-29,4.559358596801758
1988-06-30,4.049455642700195
1988-07-01,3.839940071105957
1988-07-02,3.736112594604492
1988-07-03,3.4256222248077393
1988-07-04,3.1501264572143555
1988-07-05,2.990514039993286
1988-07-06,2.8880884647369385
1988-07-07,2.750566005706787
1988-07-08,2.6076362133026123
1988-07-09,2.5644679069519043
1988-07-10,2.6909544467926025
1988-07-11,2.8419418334960938
1988-07-12,3.035026788711548
1988-07-13,3.639327049255371
1988-07-14,4.377614974975586
1988-07-15,4.04486608505249
1988-07-16,3.449568033218384
1988-07-17,2.9951655864715576
1988-07-18,2.7256691455841064
1988-07-19,2.7694778442382812
1988-07-20,3.179753303527832
1988-07-21,3.5746750831604004
1988-07-22,4.131301403045654
1988-07-23,6.38662052154541
1988-07-24,9.70896053314209
1988-07-25,9.709009170532227
1988-07-26,7.281429290771484
1988-07-27,5.828962326049805
1988-07-28,5.713757038116455
1988-07-29,6.2873382568359375
1988-07-30,5.979961395263672
1988-07-31,5.044068336486816
1988-08-01,4.386602878570557
1988-08-02,3.91978120803833
1988-08-03,3.3774633407592773
1988-08-04,2.993109941482544
1988-08-05,2.82212233543396
1988-08-06,2.7591612339019775
1988-08-07,2.6734108924865723
1988-08-08,2.5390889644622803
1988-08-09,2.3669424057006836
1988-08-10,2.1787004470825195
1988-08-11,2.0742499828338623
1988-08-12,2.0883162021636963
1988-08-13,2.092503070831299
1988-08-14,1.9985699653625488
1988-08-15,1.9190325736999512
1988-08-16,1.8841592073440552
1988-08-17,1.8299084901809692
1988-08-18,1.727203130722046
1988-08-19,1.601055383682251
1988-08-20,1.5709800720214844
1988-08-21,1.818126916885376
1988-08-22,2.2823755741119385
1988-08-23,2.4548542499542236
1988-08-24,2.3074333667755127
1988-08-25,2.166354179382324
1988-08-26,2.031346559524536
1988-08-27,1.84367835521698
1988-08-28,1.7671229839324951
1988-08-29,3.9421403408050537
1988-08-30,8.045924186706543
1988-08-31,9.206607818603516
1988-09-01,7.20871114730835
1988-09-02,5.035494327545166
1988-09-03,3.6954264640808105
1988-09-04,3.2416021823883057
1988-09-05,5.472729682922363
1988-09-06,8.339192390441895
1988-09-07,7.650743007659912
1988-09-08,5.647697448730469
1988-09-09,4.891636371612549
1988-09-10,8.115058898925781
1988-09-11,13.09669303894043
1988-09-12,11.807039260864258
1988-09-13,8.106918334960938
1988-09-14,5.772136688232422
1988-09-15,4.659543037414551
1988-09-16,4.084493637084961
1988-09-17,3.9520506858825684
1988-09-18,4.940462589263916
1988-09-19,6.289708137512207
1988-09-20,5.8826799392700195
1988-09-21,4.926781177520752
1988-09-22,4.123032569885254
1988-09-23,3.529099464416504
1988-09-24,3.3089895248413086
1988-09-25,3.59383225440979
1988-09-26,4.095728874206543
1988-09-27,4.056141376495361
1988-09-28,3.6296162605285645
1988-09-29,3.233593225479126
1988-09-30,2.988593339920044
1988-10-01,2.877652168273926
1988-10-02,2.8265132904052734
1988-10-03,3.8078346252441406
1988-10-04,14.847488403320312
1988-10-05,31.023616790771484
1988-10-06,27.361703872680664
1988-10-07,16.416866302490234
1988-10-08,10.319306373596191
1988-10-09,7.5476274490356445
1988-10-10,6.179845809936523
1988-10-11,5.3509626388549805
1988-10-12,4.781317234039307
1988-10-13,4.431874752044678
1988-10-14,4.198868274688721
1988-10-15,4.018131732940674
1988-10-16,3.8819594383239746
1988-10-17,3.7182583808898926
1988-10-18,3.563418388366699
1988-10-19,3.574864149093628
1988-10-20,3.9166362285614014
1988-10-21,4.700336456298828
1988-10-22,6.509471893310547
1988-10-23,8.239789009094238
1988-10-24,7.445492744445801
1988-10-25,6.2271037101745605
1988-10-26,5.340061187744141
1988-10-27,4.766485214233398
1988-10-28,4.440871238708496
1988-10-29,4.257195949554443
1988-10-30,4.066208839416504
1988-10-31,3.9660756587982178
1988-11-01,13.318751335144043
1988-11-02,29.171213150024414
1988-11-03,29.645015716552734
1988-11-04,19.630008697509766
1988-11-05,13.790332794189453
1988-11-06,12.426777839660645
1988-11-07,11.893826484680176
1988-11-08,10.146127700805664
1988-11-09,8.726956367492676
1988-11-10,7.6930646896362305
1988-11-11,7.110288619995117
1988-11-12,6.752898693084717
1988-11-13,6.403306007385254
1988-11-14,6.213401794433594
1988-11-15,6.1054768562316895
1988-11-16,5.927732944488525
1988-11-17,6.259146213531494
1988-11-18,8.184789657592773
1988-11-19,9.765046119689941
1988-11-20,9.084209442138672
1988-11-21,8.667428970336914
1988-11-22,8.312724113464355
1988-11-23,7.566878795623779
1988-11-24,7.0741987228393555
1988-11-25,6.799082279205322
1988-11-26,6.578517913818359
1988-11-27,6.450342178344727
1988-11-28,12.357815742492676
1988-11-29,32.73919677734375
1988-11-30,35.74687194824219
1988-12-01,23.95448112487793
1988-12-02,16.106792449951172
1988-12-03,12.41261100769043
1988-12-04,10.451079368591309
1988-12-05,9.202902793884277
1988-12-06,8.500920295715332
1988-12-07,8.066252708435059
1988-12-08,7.7408623695373535
1988-12-09,7.601369857788086
1988-12-10,8.145026206970215
1988-12-11,8.804478645324707
1988-12-12,8.37739372253418
1988-12-13,7.870774745941162
1988-12-14,7.511674404144287
1988-12-15,7.221956729888916
1988-12-16,6.987744331359863
1988-12-17,6.811028480529785
1988-12-18,6.658993721008301
1988-12-19,6.484722137451172
1988-12-20,6.376169681549072
1988-12-21,6.285451889038086
1988-12-22,6.320022106170654
1988-12-23,6.436360836029053
1988-12-24,6.452756881713867
1988-12-25,6.516972541809082
1988-12-26,6.572522163391113
1988-12-27,6.4639482498168945
1988-12-28,6.315066814422607
1988-12-29,6.196875095367432
1988-12-30,6.311446189880371
1988-12-31,6.632359981536865
1989-01-01,10.363748550415039
1989-01-02,19.870647430419922
1989-01-03,24.189605712890625
1989-01-04,19.126014709472656
1989-01-05,14.567034721374512
1989-01-06,12.221637725830078
1989-01-07,12.19003677368164
1989-01-08,12.872365951538086
1989-01-09,12.726759910583496
1989-01-10,12.836240768432617
1989-01-11,13.4146089553833
1989-01-12,13.732881546020508
1989-01-13,16.581148147583008
1989-01-14,21.822193145751953
1989-01-15,21.78240203857422
1989-01-16,19.619014739990234
1989-01-17,18.302650451660156
1989-01-18,15.595948219299316
1989-01-19,13.521825790405273
1989-01-20,12.191023826599121
1989-01-21,11.199736595153809
1989-01-22,10.467289924621582
1989-01-23,9.830282211303711
1989-01-24,9.401361465454102
1989-01-25,9.098095893859863
1989-01-26,8.881476402282715
1989-01-27,8.745315551757812
1989-01-28,8.66813850402832
1989-01-29,8.49077320098877
1989-01-30,8.33496379852295
1989-01-31,8.3731050491333
1989-02-01,8.35069465637207
1989-02-02,8.102816581726074
1989-02-03,7.826931953430176
1989-02-04,7.549359321594238
1989-02-05,7.673945426940918
1989-02-06,9.19566535949707
1989-02-07,12.161718368530273
1989-02-08,15.18490219116211
1989-02-09,15.959064483642578
1989-02-10,13.921063423156738
1989-02-11,11.892955780029297
1989-02-12,10.586350440979004
1989-02-13,9.832977294921875
1989-02-14,9.381004333496094
1989-02-15,9.036332130432129
1989-02-16,8.570820808410645
1989-02-17,9.437604904174805
1989-02-18,15.058048248291016
1989-02-19,23.471511840820312
1989-02-20,26.549781799316406
1989-02-21,70.83576202392578
1989-02-22,168.40948486328125
1989-02-23,208.43853759765625
1989-02-24,152.40077209472656
1989-02-25,97.31625366210938
1989-02-26,63.094085693359375
1989-02-27,55.17552185058594
1989-02-28,134.8911590576172
1989-03-01,220.8457489013672
1989-03-02,166.80413818359375
1989-03-03,100.56056213378906
1989-03-04,74.35514831542969
1989-03-05,63.844757080078125
1989-03-06,77.16578674316406
1989-03-07,139.6036376953125
1989-03-08,155.54983520507812
1989-03-09,108.3362045288086
1989-03-10,72.60051727294922
1989-03-11,53.362789154052734
1989-03-12,42.21109390258789
1989-03-13,35.57461166381836
1989-03-14,32.013973236083984
1989-03-15,33.050899505615234
1989-03-16,38.10442352294922
1989-03-17,39.9859733581543
1989-03-18,35.0289306640625
1989-03-19,32.20708465576172
1989-03-20,31.01859474182129
1989-03-21,30.338863372802734
1989-03-22,36.305442810058594
1989-03-23,74.98466491699219
1989-03-24,225.5941162109375
1989-03-25,315.58013916015625
1989-03-26,203.10357666015625
1989-03-27,111.78448486328125
1989-03-28,69.1336669921875
1989-03-29,49.92527770996094
1989-03-30,48.172950744628906
1989-03-31,60.665916442871094
1989-04-01,61.700050354003906
1989-04-02,47.193790435791016
1989-04-03,37.01887893676758
1989-04-04,31.957015991210938
1989-04-05,32.50700378417969
1989-04-06,42.24800109863281
1989-04-07,62.643310546875
1989-04-08,84.32374572753906
1989-04-09,91.82443237304688
1989-04-10,75.55220794677734
1989-04-11,54.676109313964844
1989-04-12,42.53055953979492
1989-04-13,34.793968200683594
1989-04-14,29.9887752532959
1989-04-15,30.346050262451172
1989-04-16,40.29509353637695
1989-04-17,46.64178466796875
1989-04-18,38.80767822265625
1989-04-19,31.55411148071289
1989-04-20,27.38182258605957
1989-04-21,24.72930145263672
1989-04-22,22.33159828186035
1989-04-23,20.573925018310547
1989-04-24,19.238605499267578
1989-04-25,18.124561309814453
1989-04-26,17.383230209350586
1989-04-27,17.554006576538086
1989-04-28,19.658906936645508
1989-04-29,21.982177734375
1989-04-30,25.364347457885742
1989-05-01,34.80266189575195
1989-05-02,99.24150848388672
1989-05-03,215.44647216796875
1989-05-04,156.11949157714844
1989-05-05,88.84255981445312
1989-05-06,97.46272277832031
1989-05-07,164.38803100585938
1989-05-08,137.4137420654297
1989-05-09,87.37889099121094
1989-05-10,71.00253295898438
1989-05-11,77.65733337402344
1989-05-12,66.62549591064453
1989-05-13,50.42608642578125
1989-05-14,38.32232666015625
1989-05-15,32.968414306640625
1989-05-16,34.19637680053711
1989-05-17,34.532508850097656
1989-05-18,29.257699966430664
1989-05-19,24.931087493896484
1989-05-20,22.25124168395996
1989-05-21,20.709081649780273
1989-05-22,19.237459182739258
1989-05-23,19.274412155151367
1989-05-24,26.14461326599121
1989-05-25,30.185941696166992
1989-05-26,23.708297729492188
1989-05-27,18.795169830322266
1989-05-28,16.06707763671875
1989-05-29,14.395118713378906
1989-05-30,13.206863403320312
1989-05-31,12.43459415435791
1989-06-01,11.70466423034668
1989-06-02,11.150062561035156
1989-06-03,11.320756912231445
1989-06-04,12.18051528930664
1989-06-05,13.078407287597656
1989-06-06,17.80048370361328
1989-06-07,25.587799072265625
1989-06-08,30.91622543334961
1989-06-09,39.236968994140625
1989-06-10,61.07499313354492
1989-06-11,61.88726043701172
1989-06-12,40.480281829833984
1989-06-13,35.65439987182617
1989-06-14,37.69807434082031
1989-06-15,31.24403953552246
1989-06-16,28.12332534790039
1989-06-17,35.114479064941406
1989-06-18,38.42537307739258
1989-06-19,29.420543670654297
1989-06-20,21.8895206451416
1989-06-21,21.631999969482422
1989-06-22,26.862224578857422
1989-06-23,30.78272819519043
1989-06-24,35.53952407836914
1989-06-25,45.17630386352539
1989-06-26,43.72928237915039
1989-06-27,30.721166610717773
1989-06-28,22.722444534301758
1989-06-29,19.191329956054688
1989-06-30,16.972930908203125
1989-07-01,14.740936279296875
1989-07-02,12.715794563293457
1989-07-03,11.381196975708008
1989-07-04,10.82030963897705
1989-07-05,12.337913513183594
1989-07-06,18.051916122436523
1989-07-07,24.124313354492188
1989-07-08,24.09271812438965
1989-07-09,20.234622955322266
1989-07-10,15.82017993927002
1989-07-11,12.913616180419922
1989-07-12,11.276237487792969
1989-07-13,11.420084953308105
1989-07-14,13.29655647277832
1989-07-15,14.04022216796875
1989-07-16,17.63118553161621
1989-07-17,38.854801177978516
1989-07-18,52.66920852661133
1989-07-19,41.615657806396484
1989-07-20,28.937692642211914
1989-07-21,25.498994827270508
1989-07-22,23.836841583251953
1989-07-23,20.916444778442383
1989-07-24,17.803613662719727
1989-07-25,15.028674125671387
1989-07-26,13.793607711791992
1989-07-27,17.414592742919922
1989-07-28,26.574459075927734
1989-07-29,28.85820198059082
1989-07-30,21.327274322509766
1989-07-31,17.572492599487305
1989-08-01,21.146387100219727
1989-08-02,24.750713348388672
1989-08-03,21.807634353637695
1989-08-04,17.08535385131836
1989-08-05,13.515579223632812
1989-08-06,11.363751411437988
1989-08-07,10.193096160888672
1989-08-08,9.454675674438477
1989-08-09,8.80319595336914
1989-08-10,8.17936897277832
1989-08-11,7.702070236206055
1989-08-12,7.376606464385986
1989-08-13,7.149112701416016
1989-08-14,7.122467994689941
1989-08-15,7.773627758026123
1989-08-16,8.77177906036377
1989-08-17,9.896027565002441
1989-08-18,21.48442840576172
1989-08-19,45.33678436279297
1989-08-20,50.27556228637695
1989-08-21,34.53171920776367
1989-08-22,21.79494857788086
1989-08-23,15.810256004333496
1989-08-24,13.95713996887207
1989-08-25,14.161345481872559
1989-08-26,14.84266471862793
1989-08-27,16.99736976623535
1989-08-28,20.515811920166016
1989-08-29,19.82944679260254
1989-08-30,16.52486801147461
1989-08-31,15.270233154296875
1989-09-01,13.811863899230957
1989-09-02,11.355542182922363
1989-09-03,9.688899993896484
1989-09-04,8.737517356872559
1989-09-05,8.143891334533691
1989-09-06,7.911423206329346
1989-09-07,7.875515937805176
1989-09-08,7.605286598205566
1989-09-09,7.267009735107422
1989-09-10,6.8825764656066895
1989-09-11,6.519763469696045
1989-09-12,6.222492694854736
1989-09-13,6.114102363586426
1989-09-14,6.1249823570251465
1989-09-15,6.027807712554932
1989-09-16,6.182699203491211
1989-09-17,7.733832836151123
1989-09-18,9.698308944702148
1989-09-19,8.730703353881836
1989-09-20,7.708812713623047
1989-09-21,7.650325775146484
1989-09-22,9.054734230041504
1989-09-23,12.460577011108398
1989-09-24,15.470129013061523
1989-09-25,13.648229598999023
1989-09-26,22.12006378173828
1989-09-27,46.935882568359375
1989-09-28,44.55638122558594
1989-09-29,27.814332962036133
1989-09-30,19.050495147705078
1989-10-01,40.886375427246094
1989-10-02,178.5211944580078
1989-10-03,333.62646484375
1989-10-04,244.1256103515625
1989-10-05,114.86802673339844
1989-10-06,58.07715606689453
1989-10-07,37.514747619628906
1989-10-08,28.181447982788086
1989-10-09,23.264705657958984
1989-10-10,20.173887252807617
1989-10-11,18.013084411621094
1989-10-12,16.361501693725586
1989-10-13,15.16606330871582
1989-10-14,14.254011154174805
1989-10-15,13.521326065063477
1989-10-16,12.952054023742676
1989-10-17,12.353635787963867
1989-10-18,13.040149688720703
1989-10-19,22.492565155029297
1989-10-20,41.75030517578125
1989-10-21,45.632041931152344
1989-10-22,33.060943603515625
1989-10-23,24.001262664794922
1989-10-24,19.377105712890625
1989-10-25,16.790054321289062
1989-10-26,15.129682540893555
1989-10-27,13.98392105102539
1989-10-28,13.122947692871094
1989-10-29,12.4273099899292
1989-10-30,11.937620162963867
1989-10-31,11.66193675994873
1989-11-01,11.3311185836792
1989-11-02,11.536844253540039
1989-11-03,13.067619323730469
1989-11-04,14.305310249328613
1989-11-05,13.621805191040039
1989-11-06,12.606954574584961
1989-11-07,11.99087905883789
1989-11-08,11.765830993652344
1989-11-09,13.197284698486328
1989-11-10,17.76572036743164
1989-11-11,19.975601196289062
1989-11-12,17.38575553894043
1989-11-13,15.011436462402344
1989-11-14,13.529868125915527
1989-11-15,12.86813735961914
1989-11-16,16.61184310913086
1989-11-17,30.713394165039062
1989-11-18,33.169349670410156
1989-11-19,25.706628799438477
1989-11-20,20.13349151611328
1989-11-21,17.17323112487793
1989-11-22,15.301753997802734
1989-11-23,20.365596771240234
1989-11-24,34.1525993347168
1989-11-25,36.61160659790039
1989-11-26,30.500930786132812
1989-11-27,25.726581573486328
1989-11-28,22.87746238708496
1989-11-29,21.18667221069336
1989-11-30,19.12270736694336
1989-12-01,17.206466674804688
1989-12-02,15.940410614013672
1989-12-03,15.080021858215332
1989-12-04,14.333015441894531
1989-12-05,13.682430267333984
1989-12-06,13.203532218933105
1989-12-07,12.793209075927734
1989-12-08,20.972885131835938
1989-12-09,43.15531539916992
1989-12-10,54.055702209472656
1989-12-11,48.494083404541016
1989-12-12,49.324676513671875
1989-12-13,86.31716918945312
1989-12-14,122.15638732910156
1989-12-15,97.22736358642578
1989-12-16,66.20823669433594
1989-12-17,48.16887664794922
1989-12-18,37.19924545288086
1989-12-19,30.840850830078125
1989-12-20,27.376636505126953
1989-12-21,25.810379028320312
1989-12-22,23.748035430908203
1989-12-23,21.503795623779297
1989-12-24,19.74127769470215
1989-12-25,18.83428192138672
1989-12-26,17.948562622070312
1989-12-27,17.364500045776367
1989-12-28,16.932010650634766
1989-12-29,16.8701171875
1989-12-30,17.23867416381836
1989-12-31,20.792755126953125
1990-01-01,43.09782028198242
1990-01-02,79.70425415039062
1990-01-03,66.47374725341797
1990-01-04,46.52452087402344
1990-01-05,37.69182586669922
1990-01-06,36.44902420043945
1990-01-07,38.436607360839844
1990-01-08,52.25373840332031
1990-01-09,86.06817626953125
1990-01-10,95.12811279296875
1990-01-11,64.27073669433594
1990-01-12,44.30607604980469
1990-01-13,34.968719482421875
1990-01-14,29.48115348815918
1990-01-15,25.859371185302734
1990-01-16,23.87809181213379
1990-01-17,22.330402374267578
1990-01-18,21.322856903076172
1990-01-19,20.52256965637207
1990-01-20,19.696285247802734
1990-01-21,22.26838493347168
1990-01-22,32.81036376953125
1990-01-23,38.33064651489258
1990-01-24,33.04644775390625
1990-01-25,37.38371276855469
1990-01-26,99.04425048828125
1990-01-27,153.20567321777344
1990-01-28,110.595947265625
1990-01-29,67.60599517822266
1990-01-30,49.27775192260742
1990-01-31,44.710914611816406
1990-02-01,40.43400573730469
1990-02-02,34.03883361816406
1990-02-03,29.95733070373535
1990-02-04,31.140493392944336
1990-02-05,40.338714599609375
1990-02-06,43.00434875488281
1990-02-07,35.117950439453125
1990-02-08,29.76943588256836
1990-02-09,26.40668296813965
1990-02-10,38.13005447387695
1990-02-11,71.61116790771484
1990-02-12,81.58872985839844
1990-02-13,59.017913818359375
1990-02-14,43.27143478393555
1990-02-15,34.585601806640625
1990-02-16,37.12777328491211
1990-02-17,59.20207214355469
1990-02-18,71.6705322265625
1990-02-19,62.15673065185547
1990-02-20,72.48235321044922
1990-02-21,75.01038360595703
1990-02-22,56.57365417480469
1990-02-23,55.40996551513672
1990-02-24,62.017208099365234
1990-02-25,54.44027328491211
1990-02-26,43.59357452392578
1990-02-27,36.053985595703125
1990-02-28,30.73511505126953
1990-03-01,27.75160026550293
1990-03-02,26.00619888305664
1990-03-03,29.802539825439453
1990-03-04,43.85371780395508
1990-03-05,49.683876037597656
1990-03-06,40.25737762451172
1990-03-07,33.20674514770508
1990-03-08,29.073143005371094
1990-03-09,26.308876037597656
1990-03-10,24.572614669799805
1990-03-11,23.1763973236084
1990-03-12,22.05207633972168
1990-03-13,21.105634689331055
1990-03-14,20.322895050048828
1990-03-15,19.68742561340332
1990-03-16,19.64125633239746
1990-03-17,23.674165725708008
1990-03-18,35.88364791870117
1990-03-19,42.52501678466797
1990-03-20,36.19577407836914
1990-03-21,31.846858978271484
1990-03-22,27.893037796020508
1990-03-23,24.64259910583496
1990-03-24,22.537933349609375
1990-03-25,21.206905364990234
1990-03-26,20.162189483642578
1990-03-27,19.399545669555664
1990-03-28,18.648283004760742
1990-03-29,22.480674743652344
1990-03-30,37.08992004394531
1990-03-31,50.97627258300781
1990-04-01,58.25297546386719
1990-04-02,57.75213623046875
1990-04-03,53.522640228271484
1990-04-04,48.722930908203125
1990-04-05,38.898223876953125
1990-04-06,31.314706802368164
1990-04-07,31.269725799560547
1990-04-08,34.80439758300781
1990-04-09,32.02932357788086
1990-04-10,27.78917121887207
1990-04-11,25.45387840270996
1990-04-12,24.774024963378906
1990-04-13,23.555747985839844
1990-04-14,21.630687713623047
1990-04-15,24.159385681152344
1990-04-16,36.025848388671875
1990-04-17,43.72333526611328
1990-04-18,36.07408905029297
1990-04-19,28.869333267211914
1990-04-20,24.128725051879883
1990-04-21,21.777381896972656
1990-04-22,20.934091567993164
1990-04-23,20.276769638061523
1990-04-24,18.776193618774414
1990-04-25,17.48187828063965
1990-04-26,16.376192092895508
1990-04-27,15.406639099121094
1990-04-28,14.605143547058105
1990-04-29,14.37986946105957
1990-04-30,15.860757827758789
1990-05-01,20.308162689208984
1990-05-02,25.134273529052734
1990-05-03,28.11990737915039
1990-05-04,43.88452911376953
1990-05-05,79.76117706298828
1990-05-06,100.39462280273438
1990-05-07,80.67979431152344
1990-05-08,53.36478805541992
1990-05-09,37.532291412353516
1990-05-10,35.56105422973633
1990-05-11,52.26472473144531
1990-05-12,59.557472229003906
1990-05-13,42.94325256347656
1990-05-14,32.62169647216797
1990-05-15,27.286928176879883
1990-05-16,22.775402069091797
1990-05-17,19.710933685302734
1990-05-18,17.798242568969727
1990-05-19,16.574295043945312
1990-05-20,15.169793128967285
1990-05-21,14.215763092041016
1990-05-22,15.543937683105469
1990-05-23,25.062538146972656
1990-05-24,36.117515563964844
1990-05-25,28.791645050048828
1990-05-26,21.649768829345703
1990-05-27,19.497989654541016
1990-05-28,26.36858367919922
1990-05-29,82.44420623779297
1990-05-30,167.82501220703125
1990-05-31,136.42945861816406
1990-06-01,73.87120056152344
1990-06-02,43.08652877807617
1990-06-03,30.324861526489258
1990-06-04,24.42555046081543
1990-06-05,21.123748779296875
1990-06-06,18.689260482788086
1990-06-07,16.813922882080078
1990-06-08,15.610239028930664
1990-06-09,15.348553657531738
1990-06-10,15.563605308532715
1990-06-11,15.063607215881348
1990-06-12,13.884124755859375
1990-06-13,12.4764986038208
1990-06-14,11.430801391601562
1990-06-15,10.782615661621094
1990-06-16,10.246848106384277
1990-06-17,9.934759140014648
1990-06-18,9.597169876098633
1990-06-19,9.554018020629883
1990-06-20,9.56411075592041
1990-06-21,8.949462890625
1990-06-22,8.506564140319824
1990-06-23,8.435404777526855
1990-06-24,8.631927490234375
1990-06-25,8.491028785705566
1990-06-26,7.980377674102783
1990-06-27,7.633599281311035
1990-06-28,7.560669898986816
1990-06-29,7.348392486572266
1990-06-30,7.073383331298828
1990-07-01,7.0084099769592285
1990-07-02,7.138737678527832
1990-07-03,6.951024055480957
1990-07-04,6.4086713790893555
1990-07-05,5.960878372192383
1990-07-06,5.586596488952637
1990-07-07,5.266772270202637
1990-07-08,5.072086334228516
1990-07-09,4.952065467834473
1990-07-10,5.045670032501221
1990-07-11,5.407865047454834
1990-07-12,6.170096397399902
1990-07-13,7.164519309997559
1990-07-14,8.559122085571289
1990-07-15,11.495956420898438
1990-07-16,13.70191764831543
1990-07-17,11.93684196472168
1990-07-18,9.699644088745117
1990-07-19,8.625540733337402
1990-07-20,8.199446678161621
1990-07-21,7.6369524002075195
1990-07-22,6.943968296051025
1990-07-23,6.388912677764893
1990-07-24,5.837043762207031
1990-07-25,5.311744689941406
1990-07-26,4.907491683959961
1990-07-27,4.600298881530762
1990-07-28,4.341244220733643
1990-07-29,4.144861221313477
1990-07-30,4.0207648277282715
1990-07-31,3.9636669158935547
1990-08-01,3.90285325050354
1990-08-02,3.708944320678711
1990-08-03,3.5559849739074707
1990-08-04,3.5117058753967285
1990-08-05,3.493281602859497
1990-08-06,3.583066940307617
1990-08-07,4.428228378295898
1990-08-08,5.665647029876709
1990-08-09,5.5235185623168945
1990-08-10,5.329012870788574
1990-08-11,5.561590671539307
1990-08-12,5.256100177764893
1990-08-13,4.655961036682129
1990-08-14,4.250256538391113
1990-08-15,4.160190105438232
1990-08-16,4.543942451477051
1990-08-17,5.911319255828857
1990-08-18,7.241616725921631
1990-08-19,6.3750410079956055
1990-08-20,5.2973809242248535
1990-08-21,4.821494102478027
1990-08-22,5.059135913848877
1990-08-23,7.775081634521484
1990-08-24,13.336343765258789
1990-08-25,14.136906623840332
1990-08-26,10.94896411895752
1990-08-27,8.4597749710083
1990-08-28,6.865313529968262
1990-08-29,5.69688606262207
1990-08-30,4.97403621673584
1990-08-31,4.5754618644714355
1990-09-01,4.231476783752441
1990-09-02,3.9127562046051025
1990-09-03,3.6968131065368652
1990-09-04,3.5081512928009033
1990-09-05,3.3749303817749023
1990-09-06,3.2613511085510254
1990-09-07,3.160583734512329
1990-09-08,3.063746452331543
1990-09-09,3.0597524642944336
1990-09-10,3.351036310195923
1990-09-11,3.8572158813476562
1990-09-12,4.1469573974609375
1990-09-13,4.490180492401123
1990-09-14,5.276712894439697
1990-09-15,6.189975738525391
1990-09-16,5.959770202636719
1990-09-17,4.992420196533203
1990-09-18,4.273083209991455
1990-09-19,3.8333916664123535
1990-09-20,3.6317708492279053
1990-09-21,3.51692795753479
1990-09-22,3.5165939331054688
1990-09-23,3.5023722648620605
1990-09-24,3.437894821166992
1990-09-25,3.329190254211426
1990-09-26,3.2278714179992676
1990-09-27,3.127349853515625
1990-09-28,3.0008180141448975
1990-09-29,2.9049410820007324
1990-09-30,2.862480878829956
1990-10-01,2.8801918029785156
1990-10-02,2.9030606746673584
1990-10-03,2.8651340007781982
1990-10-04,2.87697172164917
1990-10-05,3.083167552947998
1990-10-06,3.2916126251220703
1990-10-07,3.238903522491455
1990-10-08,3.157670259475708
1990-10-09,3.0668678283691406
1990-10-10,3.048534393310547
1990-10-11,13.04869556427002
1990-10-12,59.28490447998047
1990-10-13,111.62387084960938
1990-10-14,91.34335327148438
1990-10-15,58.496402740478516
1990-10-16,31.512638092041016
1990-10-17,18.603248596191406
1990-10-18,14.023932456970215
1990-10-19,15.402289390563965
1990-10-20,18.597469329833984
1990-10-21,15.38852310180664
1990-10-22,12.558908462524414
1990-10-23,60.17176818847656
1990-10-24,189.83755493164062
1990-10-25,180.79153442382812
1990-10-26,107.34496307373047
1990-10-27,76.28472900390625
1990-10-28,50.308563232421875
1990-10-29,33.30280685424805
1990-10-30,24.513761520385742
1990-10-31,19.759784698486328
1990-11-01,17.207401275634766
1990-11-02,15.514911651611328
1990-11-03,14.240506172180176
1990-11-04,13.242688179016113
1990-11-05,12.472607612609863
1990-11-06,11.831182479858398
1990-11-07,11.317051887512207
1990-11-08,10.873236656188965
1990-11-09,10.589703559875488
1990-11-10,20.177270889282227
1990-11-11,53.282997131347656
1990-11-12,64.1982421875
1990-11-13,42.78697967529297
1990-11-14,28.122203826904297
1990-11-15,21.237545013427734
1990-11-16,17.924591064453125
1990-11-17,15.952347755432129
1990-11-18,14.658846855163574
1990-11-19,13.758594512939453
1990-11-20,13.033482551574707
1990-11-21,12.473028182983398
1990-11-22,12.055007934570312
1990-11-23,11.68585205078125
1990-11-24,11.323470115661621
1990-11-25,11.002187728881836
1990-11-26,10.742012977600098
1990-11-27,10.547290802001953
1990-11-28,10.391203880310059
1990-11-29,11.601806640625
1990-11-30,14.775741577148438
1990-12-01,15.591861724853516
1990-12-02,14.272333145141602
1990-12-03,16.770381927490234
1990-12-04,41.40953063964844
1990-12-05,79.54722595214844
1990-12-06,61.36247253417969
1990-12-07,38.37666320800781
1990-12-08,28.903961181640625
1990-12-09,27.796297073364258
1990-12-10,26.02493667602539
1990-12-11,22.105926513671875
1990-12-12,19.183448791503906
1990-12-13,17.353267669677734
1990-12-14,16.055877685546875
1990-12-15,15.144554138183594
1990-12-16,14.668867111206055
1990-12-17,14.354650497436523
1990-12-18,13.977651596069336
1990-12-19,14.225749015808105
1990-12-20,16.24411392211914
1990-12-21,19.061338424682617
1990-12-22,22.361196517944336
1990-12-23,24.689598083496094
1990-12-24,26.097782135009766
1990-12-25,29.79330825805664
1990-12-26,26.426700592041016
1990-12-27,21.692913055419922
1990-12-28,19.839195251464844
1990-12-29,22.178428649902344
1990-12-30,26.730274200439453
1990-12-31,34.056087493896484
1991-01-01,39.25199890136719
1991-01-02,34.69368362426758
1991-01-03,27.444416046142578
1991-01-04,25.50774383544922
1991-01-05,25.457548141479492
1991-01-06,23.195499420166016
1991-01-07,28.353729248046875
1991-01-08,61.97063446044922
1991-01-09,95.11023712158203
1991-01-10,87.69662475585938
1991-01-11,120.24198150634766
1991-01-12,217.135009765625
1991-01-13,228.8391876220703
1991-01-14,138.53787231445312
1991-01-15,77.6285400390625
1991-01-16,59.326683044433594
1991-01-17,69.7921371459961
1991-01-18,73.08414459228516
1991-01-19,54.49039077758789
1991-01-20,52.20867919921875
1991-01-21,64.98654174804688
1991-01-22,64.25858306884766
1991-01-23,49.694358825683594
1991-01-24,38.4669189453125
1991-01-25,32.97875213623047
1991-01-26,29.719310760498047
1991-01-27,26.80251693725586
1991-01-28,24.838790893554688
1991-01-29,23.66522216796875
1991-01-30,24.133930206298828
1991-01-31,31.055400848388672
1991-02-01,37.807701110839844
1991-02-02,32.08648681640625
1991-02-03,27.0863037109375
1991-02-04,24.177778244018555
1991-02-05,22.431110382080078
1991-02-06,21.670875549316406
1991-02-07,23.453960418701172
1991-02-08,26.845754623413086
1991-02-09,27.249767303466797
1991-02-10,24.843461990356445
1991-02-11,22.65726089477539
1991-02-12,21.054494857788086
1991-02-13,19.948848724365234
1991-02-14,20.523921966552734
1991-02-15,22.989791870117188
1991-02-16,23.70599365234375
1991-02-17,22.090787887573242
1991-02-18,21.895092010498047
1991-02-19,26.73298454284668
1991-02-20,32.326290130615234
1991-02-21,31.74525260925293
1991-02-22,28.655223846435547
1991-02-23,25.501354217529297
1991-02-24,23.620494842529297
1991-02-25,22.069643020629883
1991-02-26,21.511672973632812
1991-02-27,23.68157386779785
1991-02-28,24.964845657348633
1991-03-01,22.868396759033203
1991-03-02,25.62643814086914
1991-03-03,53.66252517700195
1991-03-04,139.69403076171875
1991-03-05,188.42138671875
1991-03-06,126.49417877197266
1991-03-07,77.34043884277344
1991-03-08,54.81448745727539
1991-03-09,44.674842834472656
1991-03-10,39.423675537109375
1991-03-11,34.25845718383789
1991-03-12,29.94696807861328
1991-03-13,28.594196319580078
1991-03-14,34.996482849121094
1991-03-15,43.184913635253906
1991-03-16,40.74552536010742
1991-03-17,33.8538818359375
1991-03-18,36.00065994262695
1991-03-19,49.60044479370117
1991-03-20,52.88996505737305
1991-03-21,41.76823806762695
1991-03-22,33.91071319580078
1991-03-23,31.335308074951172
1991-03-24,33.833091735839844
1991-03-25,34.46425247192383
1991-03-26,29.533187866210938
1991-03-27,26.117822647094727
1991-03-28,24.474361419677734
1991-03-29,58.77555465698242
1991-03-30,251.7700958251953
1991-03-31,429.76727294921875
1991-04-01,245.1722412109375
1991-04-02,120.87329864501953
1991-04-03,72.07733154296875
1991-04-04,51.499542236328125
1991-04-05,41.673274993896484
1991-04-06,37.09081268310547
1991-04-07,34.21665954589844
1991-04-08,30.896820068359375
1991-04-09,28.416765213012695
1991-04-10,26.840152740478516
1991-04-11,25.703577041625977
1991-04-12,24.076618194580078
1991-04-13,22.862335205078125
1991-04-14,23.224088668823242
1991-04-15,25.739456176757812
1991-04-16,33.955284118652344
1991-04-17,43.052268981933594
1991-04-18,36.3564453125
1991-04-19,29.13530921936035
1991-04-20,31.53152084350586
1991-04-21,51.607452392578125
1991-04-22,70.43952941894531
1991-04-23,65.22907257080078
1991-04-24,47.47311019897461
1991-04-25,36.07539749145508
1991-04-26,29.585731506347656
1991-04-27,26.03070640563965
1991-04-28,24.049930572509766
1991-04-29,24.154193878173828
1991-04-30,33.638031005859375
1991-05-01,50.140377044677734
1991-05-02,50.504432678222656
1991-05-03,38.29248046875
1991-05-04,29.098819732666016
1991-05-05,24.37740707397461
1991-05-06,23.711883544921875
1991-05-07,26.994686126708984
1991-05-08,27.375572204589844
1991-05-09,23.389711380004883
1991-05-10,20.453407287597656
1991-05-11,18.899795532226562
1991-05-12,17.99197006225586
1991-05-13,17.090089797973633
1991-05-14,16.192060470581055
1991-05-15,15.676717758178711
1991-05-16,15.244285583496094
1991-05-17,14.421985626220703
1991-05-18,13.848148345947266
1991-05-19,14.35592269897461
1991-05-20,22.099946975708008
1991-05-21,44.064910888671875
1991-05-22,54.429969787597656
1991-05-23,40.68916702270508
1991-05-24,28.59132957458496
1991-05-25,22.15997886657715
1991-05-26,18.455528259277344
1991-05-27,16.241710662841797
1991-05-28,15.697466850280762
1991-05-29,17.075590133666992
1991-05-30,17.51292610168457
1991-05-31,15.608311653137207
1991-06-01,14.694700241088867
1991-06-02,16.461606979370117
1991-06-03,18.698362350463867
1991-06-04,18.874906539916992
1991-06-05,16.11056900024414
1991-06-06,13.500550270080566
1991-06-07,11.85522747039795
1991-06-08,10.88841438293457
1991-06-09,10.227165222167969
1991-06-10,9.739933013916016
1991-06-11,9.26793098449707
1991-06-12,8.778579711914062
1991-06-13,8.462724685668945
1991-06-14,8.252835273742676
1991-06-15,7.956437110900879
1991-06-16,7.875385284423828
1991-06-17,8.266093254089355
1991-06-18,9.422658920288086
1991-06-19,13.679320335388184
1991-06-20,21.12713050842285
1991-06-21,23.71445083618164
1991-06-22,20.14836883544922
1991-06-23,17.067764282226562
1991-06-24,14.293901443481445
1991-06-25,11.863626480102539
1991-06-26,10.080310821533203
1991-06-27,8.880500793457031
1991-06-28,8.158982276916504
1991-06-29,7.586780548095703
1991-06-30,7.108498573303223
1991-07-01,6.85690450668335
1991-07-02,6.794040203094482
1991-07-03,8.983294486999512
1991-07-04,14.036842346191406
1991-07-05,17.87673568725586
1991-07-06,17.642738342285156
1991-07-07,15.647869110107422
1991-07-08,12.147017478942871
1991-07-09,9.76862621307373
1991-07-10,8.658824920654297
1991-07-11,8.885008811950684
1991-07-12,9.817207336425781
1991-07-13,10.725947380065918
1991-07-14,10.60446834564209
1991-07-15,9.23420238494873
1991-07-16,7.756636619567871
1991-07-17,6.87577486038208
1991-07-18,6.715760231018066
1991-07-19,7.0341901779174805
1991-07-20,7.37028694152832
1991-07-21,7.642372131347656
1991-07-22,7.463149547576904
1991-07-23,6.745300769805908
1991-07-24,5.987639427185059
1991-07-25,5.614877223968506
1991-07-26,6.521378040313721
1991-07-27,9.372077941894531
1991-07-28,12.386890411376953
1991-07-29,13.077630043029785
1991-07-30,11.916511535644531
1991-07-31,12.25692367553711
1991-08-01,13.298724174499512
1991-08-02,12.644527435302734
1991-08-03,11.642613410949707
1991-08-04,10.568670272827148
1991-08-05,9.495834350585938
1991-08-06,8.506574630737305
1991-08-07,7.860443592071533
1991-08-08,8.442296981811523
1991-08-09,10.894128799438477
1991-08-10,13.761519432067871
1991-08-11,13.542326927185059
1991-08-12,10.811014175415039
1991-08-13,9.458900451660156
1991-08-14,10.731752395629883
1991-08-15,17.740177154541016
1991-08-16,22.12313461303711
1991-08-17,17.14731216430664
1991-08-18,11.932391166687012
1991-08-19,9.12372875213623
1991-08-20,7.612424373626709
1991-08-21,6.807249546051025
1991-08-22,6.310646057128906
1991-08-23,5.924325942993164
1991-08-24,5.602270126342773
1991-08-25,5.352119445800781
1991-08-26,5.368993759155273
1991-08-27,6.049766540527344
1991-08-28,7.817432403564453
1991-08-29,9.336901664733887
1991-08-30,8.76325511932373
1991-08-31,7.434593200683594
1991-09-01,6.303219795227051
1991-09-02,5.6243510246276855
1991-09-03,5.2084832191467285
1991-09-04,4.88400936126709
1991-09-05,4.649257659912109
1991-09-06,4.523130416870117
1991-09-07,4.6286540031433105
1991-09-08,4.929063320159912
1991-09-09,5.1000261306762695
1991-09-10,4.758070945739746
1991-09-11,4.408876895904541
1991-09-12,4.1999688148498535
1991-09-13,3.997502326965332
1991-09-14,3.8810079097747803
1991-09-15,3.902503490447998
1991-09-16,3.920010805130005
1991-09-17,3.8046817779541016
1991-09-18,3.7013189792633057
1991-09-19,3.9354138374328613
1991-09-20,5.851855754852295
1991-09-21,9.298944473266602
1991-09-22,9.284517288208008
1991-09-23,7.254885673522949
1991-09-24,6.412443161010742
1991-09-25,12.81460952758789
1991-09-26,22.36211585998535
1991-09-27,21.123905181884766
1991-09-28,13.259745597839355
1991-09-29,9.117635726928711
1991-09-30,7.221410751342773
1991-10-01,6.142607688903809
1991-10-02,5.5421552658081055
1991-10-03,5.717808723449707
1991-10-04,6.3981099128723145
1991-10-05,6.467200756072998
1991-10-06,7.042383670806885
1991-10-07,8.931117057800293
1991-10-08,8.977898597717285
1991-10-09,7.476541519165039
1991-10-10,6.42103385925293
1991-10-11,5.801008701324463
1991-10-12,5.359245300292969
1991-10-13,5.027801513671875
1991-10-14,4.81412410736084
1991-10-15,4.756309509277344
1991-10-16,5.192904472351074
1991-10-17,6.2654829025268555
1991-10-18,6.885085582733154
1991-10-19,6.633886337280273
1991-10-20,5.953670501708984
1991-10-21,5.427779197692871
1991-10-22,5.139533996582031
1991-10-23,4.9650373458862305
1991-10-24,4.861090183258057
1991-10-25,4.7825751304626465
1991-10-26,4.703231334686279
1991-10-27,4.651057243347168
1991-10-28,4.567207336425781
1991-10-29,4.432294845581055
1991-10-30,4.299070835113525
1991-10-31,4.2560319900512695
1991-11-01,4.247688293457031
1991-11-02,4.334331035614014
1991-11-03,4.337310791015625
1991-11-04,4.397582054138184
1991-11-05,4.382890701293945
1991-11-06,4.463629245758057
1991-11-07,4.532426834106445
1991-11-08,4.532810211181641
1991-11-09,4.827193260192871
1991-11-10,6.440352916717529
1991-11-11,10.57371711730957
1991-11-12,13.807991027832031
1991-11-13,11.623758316040039
1991-11-14,9.253252029418945
1991-11-15,8.061124801635742
1991-11-16,7.352798938751221
1991-11-17,6.8323259353637695
1991-11-18,6.359217643737793
1991-11-19,6.168349742889404
1991-11-20,6.0542893409729
1991-11-21,5.921432971954346
1991-11-22,5.876683712005615
1991-11-23,6.203460216522217
1991-11-24,6.518383979797363
1991-11-25,6.170188903808594
1991-11-26,5.867316246032715
1991-11-27,5.717001914978027
1991-11-28,5.647083282470703
1991-11-29,5.657380104064941
1991-11-30,5.680420398712158
1991-12-01,5.758296966552734
1991-12-02,6.791502952575684
1991-12-03,9.115516662597656
1991-12-04,12.216049194335938
1991-12-05,14.141186714172363
1991-12-06,11.680480003356934
1991-12-07,9.579453468322754
1991-12-08,8.489778518676758
1991-12-09,7.866844654083252
1991-12-10,7.610650062561035
1991-12-11,8.206162452697754
1991-12-12,8.668723106384277
1991-12-13,8.162781715393066
1991-12-14,7.611485004425049
1991-12-15,7.394228935241699
1991-12-16,7.335658073425293
1991-12-17,6.995091438293457
1991-12-18,6.758392810821533
1991-12-19,6.469780921936035
1991-12-20,6.374972820281982
1991-12-21,6.288780212402344
1991-12-22,6.210606098175049
1991-12-23,6.290539741516113
1991-12-24,6.770521640777588
1991-12-25,7.384054660797119
1991-12-26,7.33736515045166
1991-12-27,7.248274326324463
1991-12-28,8.441295623779297
1991-12-29,19.86056137084961
1991-12-30,37.876014709472656
1991-12-31,36.60543441772461
1992-01-01,23.94705581665039
1992-01-02,16.722681045532227
1992-01-03,20.962949752807617
1992-01-04,113.82305908203125
1992-01-05,217.13075256347656
1992-01-06,170.6226806640625
1992-01-07,85.91168212890625
1992-01-08,46.626556396484375
1992-01-09,30.981342315673828
1992-01-10,24.418928146362305
1992-01-11,20.838565826416016
1992-01-12,18.254562377929688
1992-01-13,16.591773986816406
1992-01-14,16.504985809326172
1992-01-15,17.31307601928711
1992-01-16,16.82567596435547
1992-01-17,15.401266098022461
1992-01-18,13.951391220092773
1992-01-19,13.032394409179688
1992-01-20,12.41126823425293
1992-01-21,11.933338165283203
1992-01-22,11.601921081542969
1992-01-23,13.919168472290039
1992-01-24,25.77783966064453
1992-01-25,36.35141372680664
1992-01-26,29.644851684570312
1992-01-27,22.71434211730957
1992-01-28,19.147035598754883
1992-01-29,17.668315887451172
1992-01-30,16.643978118896484
1992-01-31,15.415462493896484
1992-02-01,14.333434104919434
1992-02-02,13.367355346679688
1992-02-03,12.69067668914795
1992-02-04,12.227463722229004
1992-02-05,11.897880554199219
1992-02-06,11.507366180419922
1992-02-07,11.156290054321289
1992-02-08,10.907257080078125
1992-02-09,10.716432571411133
1992-02-10,10.505864143371582
1992-02-11,10.305191040039062
1992-02-12,10.150955200195312
1992-02-13,10.107857704162598
1992-02-14,10.147383689880371
1992-02-15,12.21641731262207
1992-02-16,23.244844436645508
1992-02-17,34.394287109375
1992-02-18,30.912738800048828
1992-02-19,27.729721069335938
1992-02-20,26.220882415771484
1992-02-21,22.886503219604492
1992-02-22,19.017868041992188
1992-02-23,17.682544708251953
1992-02-24,22.325281143188477
1992-02-25,32.74535369873047
1992-02-26,78.44733428955078
1992-02-27,132.74713134765625
1992-02-28,111.55154418945312
1992-02-29,65.29873657226562
1992-03-01,41.23533630371094
1992-03-02,30.190471649169922
1992-03-03,25.16764259338379
1992-03-04,22.021987915039062
1992-03-05,19.854812622070312
1992-03-06,20.628795623779297
1992-03-07,43.11668395996094
1992-03-08,70.6651611328125
1992-03-09,63.01835632324219
1992-03-10,47.59917068481445
1992-03-11,52.66134262084961
1992-03-12,57.97113800048828
1992-03-13,44.97788619995117
1992-03-14,34.232810974121094
1992-03-15,27.545249938964844
1992-03-16,23.84075927734375
1992-03-17,21.396087646484375
1992-03-18,19.643692016601562
1992-03-19,19.799514770507812
1992-03-20,21.330923080444336
1992-03-21,21.462886810302734
1992-03-22,19.679702758789062
1992-03-23,19.15526580810547
1992-03-24,19.5063533782959
1992-03-25,18.711345672607422
1992-03-26,20.08968734741211
1992-03-27,28.56390380859375
1992-03-28,34.5264892578125
1992-03-29,29.294248580932617
1992-03-30,24.13125228881836
1992-03-31,21.171009063720703
1992-04-01,19.285377502441406
1992-04-02,17.697345733642578
1992-04-03,16.68376922607422
1992-04-04,15.859212875366211
1992-04-05,15.683754920959473
1992-04-06,15.706765174865723
1992-04-07,15.035091400146484
1992-04-08,14.487979888916016
1992-04-09,13.939102172851562
1992-04-10,13.43321418762207
1992-04-11,12.976522445678711
1992-04-12,12.698391914367676
1992-04-13,12.810588836669922
1992-04-14,12.915822982788086
1992-04-15,12.25496768951416
1992-04-16,11.747041702270508
1992-04-17,11.566781997680664
1992-04-18,11.513124465942383
1992-04-19,11.284354209899902
1992-04-20,10.955831527709961
1992-04-21,23.060962677001953
1992-04-22,98.4870376586914
1992-04-23,155.92076110839844
1992-04-24,92.7911376953125
1992-04-25,50.23616027832031
1992-04-26,33.1771125793457
1992-04-27,25.41661834716797
1992-04-28,21.54897117614746
1992-04-29,19.744842529296875
1992-04-30,18.231910705566406
1992-05-01,16.76422882080078
1992-05-02,15.662627220153809
1992-05-03,14.661900520324707
1992-05-04,13.473350524902344
1992-05-05,12.473030090332031
1992-05-06,12.279953002929688
1992-05-07,13.758293151855469
1992-05-08,20.847578048706055
1992-05-09,32.759010314941406
1992-05-10,33.68820571899414
1992-05-11,26.344276428222656
1992-05-12,20.00790023803711
1992-05-13,16.24678611755371
1992-05-14,14.337810516357422
1992-05-15,13.706500053405762
1992-05-16,13.781949043273926
1992-05-17,13.662508010864258
1992-05-18,13.255322456359863
1992-05-19,13.791705131530762
1992-05-20,13.558419227600098
1992-05-21,12.338430404663086
1992-05-22,11.138500213623047
1992-05-23,10.264150619506836
1992-05-24,9.63687515258789
1992-05-25,9.029749870300293
1992-05-26,8.720402717590332
1992-05-27,9.048983573913574
1992-05-28,9.502878189086914
1992-05-29,10.439985275268555
1992-05-30,14.090015411376953
1992-05-31,20.0900821685791
1992-06-01,21.76883316040039
1992-06-02,17.290267944335938
1992-06-03,13.444393157958984
1992-06-04,13.06264591217041
1992-06-05,20.15886878967285
1992-06-06,29.12120246887207
1992-06-07,23.589202880859375
1992-06-08,17.27332305908203
1992-06-09,18.699214935302734
1992-06-10,34.82677459716797
1992-06-11,45.72617721557617
1992-06-12,34.161041259765625
1992-06-13,24.35273551940918
1992-06-14,19.687217712402344
1992-06-15,21.10344123840332
1992-06-16,34.66261291503906
1992-06-17,49.73286437988281
1992-06-18,45.137882232666016
1992-06-19,30.144710540771484
1992-06-20,21.670303344726562
1992-06-21,17.482887268066406
1992-06-22,15.893996238708496
1992-06-23,14.946481704711914
1992-06-24,13.385599136352539
1992-06-25,13.579270362854004
1992-06-26,14.942017555236816
1992-06-27,16.0833683013916
1992-06-28,15.547561645507812
1992-06-29,13.125210762023926
1992-06-30,10.990500450134277
1992-07-01,9.720782279968262
1992-07-02,9.463058471679688
1992-07-03,10.182294845581055
1992-07-04,11.783453941345215
1992-07-05,13.143832206726074
1992-07-06,11.922586441040039
1992-07-07,11.001957893371582
1992-07-08,10.444835662841797
1992-07-09,9.036079406738281
1992-07-10,7.920425891876221
1992-07-11,7.128480911254883
1992-07-12,6.5369062423706055
1992-07-13,6.016915798187256
1992-07-14,5.544954299926758
1992-07-15,5.155208587646484
1992-07-16,4.889033317565918
1992-07-17,4.717968940734863
1992-07-18,4.640335559844971
1992-07-19,4.634342670440674
1992-07-20,4.619381904602051
1992-07-21,4.479611873626709
1992-07-22,4.582261085510254
1992-07-23,8.958866119384766
1992-07-24,18.952484130859375
1992-07-25,22.94580078125
1992-07-26,17.247209548950195
1992-07-27,11.79676628112793
1992-07-28,9.596680641174316
1992-07-29,8.886998176574707
1992-07-30,7.817612648010254
1992-07-31,6.754151344299316
1992-08-01,6.319978713989258
1992-08-02,6.003558158874512
1992-08-03,5.470973968505859
1992-08-04,5.111854076385498
1992-08-05,4.802581787109375
1992-08-06,4.621799468994141
1992-08-07,4.772671699523926
1992-08-08,4.909560203552246
1992-08-09,4.732972145080566
1992-08-10,4.4879913330078125
1992-08-11,4.225051403045654
1992-08-12,4.112268447875977
1992-08-13,4.599692344665527
1992-08-14,9.579665184020996
1992-08-15,25.7354736328125
1992-08-16,33.252159118652344
1992-08-17,26.606136322021484
1992-08-18,19.959550857543945
1992-08-19,17.49119758605957
1992-08-20,14.098949432373047
1992-08-21,11.389606475830078
1992-08-22,9.574718475341797
1992-08-23,8.22585678100586
1992-08-24,7.2180047035217285
1992-08-25,6.504399299621582
1992-08-26,6.195101737976074
1992-08-27,6.552581310272217
1992-08-28,7.255157470703125
1992-08-29,7.529864311218262
1992-08-30,7.128996849060059
1992-08-31,6.276121139526367
1992-09-01,5.565227508544922
1992-09-02,5.069153785705566
1992-09-03,4.823714256286621
1992-09-04,5.060390472412109
1992-09-05,5.866565704345703
1992-09-06,7.006972789764404
1992-09-07,7.816657066345215
1992-09-08,7.514087677001953
1992-09-09,6.720656394958496
1992-09-10,6.006726264953613
1992-09-11,5.541665554046631
1992-09-12,5.571382522583008
1992-09-13,5.628251075744629
1992-09-14,5.177966594696045
1992-09-15,4.7125396728515625
1992-09-16,4.409074783325195
1992-09-17,4.189035892486572
1992-09-18,4.016082286834717
1992-09-19,3.9709863662719727
1992-09-20,4.212642192840576
1992-09-21,4.7414116859436035
1992-09-22,5.00677490234375
1992-09-23,4.859638214111328
1992-09-24,4.957728862762451
1992-09-25,5.060148239135742
1992-09-26,5.042759895324707
1992-09-27,5.19942045211792
1992-09-28,5.455221176147461
1992-09-29,5.953013896942139
1992-09-30,6.161322116851807
1992-10-01,5.529707908630371
1992-10-02,4.895677089691162
1992-10-03,4.5318145751953125
1992-10-04,5.668442726135254
1992-10-05,16.450599670410156
1992-10-06,28.439239501953125
1992-10-07,24.40091896057129
1992-10-08,16.062870025634766
1992-10-09,11.979363441467285
1992-10-10,11.662065505981445
1992-10-11,11.837434768676758
1992-10-12,10.062392234802246
1992-10-13,8.366601943969727
1992-10-14,7.3080010414123535
1992-10-15,6.648538589477539
1992-10-16,6.09391975402832
1992-10-17,5.687709808349609
1992-10-18,5.4306640625
1992-10-19,5.278601169586182
1992-10-20,5.160638809204102
1992-10-21,5.068215847015381
1992-10-22,4.972033500671387
1992-10-23,4.77992582321167
1992-10-24,4.700930118560791
1992-10-25,4.637585163116455
1992-10-26,4.506678104400635
1992-10-27,4.460431098937988
1992-10-28,4.42047643661499
1992-10-29,4.635011672973633
1992-10-30,4.949516773223877
1992-10-31,6.739706516265869
1992-11-01,12.095184326171875
1992-11-02,16.67029571533203
1992-11-03,22.35961151123047
1992-11-04,44.24358367919922
1992-11-05,62.69845199584961
1992-11-06,66.5807876586914
1992-11-07,48.80773162841797
1992-11-08,30.140235900878906
1992-11-09,20.47293472290039
1992-11-10,15.823356628417969
1992-11-11,13.392256736755371
1992-11-12,14.130210876464844
1992-11-13,25.46759033203125
1992-11-14,39.030941009521484
1992-11-15,32.61788558959961
1992-11-16,23.328933715820312
1992-11-17,17.952383041381836
1992-11-18,15.021353721618652
1992-11-19,13.379796981811523
1992-11-20,12.195372581481934
1992-11-21,11.993578910827637
1992-11-22,15.062294960021973
1992-11-23,31.684980392456055
1992-11-24,59.538238525390625
1992-11-25,61.88618850708008
1992-11-26,55.67850875854492
1992-11-27,64.71994018554688
1992-11-28,65.69908905029297
1992-11-29,46.135581970214844
1992-11-30,32.8074951171875
1992-12-01,25.49713134765625
1992-12-02,21.75442886352539
1992-12-03,19.165834426879883
1992-12-04,17.186058044433594
1992-12-05,15.849886894226074
1992-12-06,14.878039360046387
1992-12-07,14.229851722717285
1992-12-08,13.588884353637695
1992-12-09,13.046623229980469
1992-12-10,17.438386917114258
1992-12-11,38.74896240234375
1992-12-12,54.37086486816406
1992-12-13,42.07343292236328
1992-12-14,29.919391632080078
1992-12-15,23.301542282104492
1992-12-16,19.707164764404297
1992-12-17,18.94133186340332
1992-12-18,23.55000877380371
1992-12-19,28.658092498779297
1992-12-20,26.840469360351562
1992-12-21,32.826175689697266
1992-12-22,39.22006607055664
1992-12-23,32.603206634521484
1992-12-24,27.69029998779297
1992-12-25,25.39780044555664
1992-12-26,22.300952911376953
1992-12-27,19.94186019897461
1992-12-28,21.94331932067871
1992-12-29,33.73219299316406
1992-12-30,43.704498291015625
1992-12-31,39.652122497558594
1993-01-01,31.43136215209961
1993-01-02,25.683460235595703
1993-01-03,22.04168701171875
1993-01-04,19.638805389404297
1993-01-05,25.411466598510742
1993-01-06,46.97262191772461
1993-01-07,55.903785705566406
1993-01-08,65.50520324707031
1993-01-09,124.9339828491211
1993-01-10,172.2113037109375
1993-01-11,137.74221801757812
1993-01-12,97.8246078491211
1993-01-13,83.55791473388672
1993-01-14,75.36321258544922
1993-01-15,59.1080207824707
1993-01-16,45.06353759765625
1993-01-17,38.554931640625
1993-01-18,34.18438720703125
1993-01-19,30.19274139404297
1993-01-20,27.473909378051758
1993-01-21,28.220993041992188
1993-01-22,51.548606872558594
1993-01-23,76.66388702392578
1993-01-24,69.37956237792969
1993-01-25,62.830482482910156
1993-01-26,58.905967712402344
1993-01-27,45.866756439208984
1993-01-28,35.58404541015625
1993-01-29,29.91310691833496
1993-01-30,26.667369842529297
1993-01-31,24.271495819091797
1993-02-01,22.837440490722656
1993-02-02,21.8355770111084
1993-02-03,20.72711944580078
1993-02-04,19.49684715270996
1993-02-05,18.824983596801758
1993-02-06,18.138154983520508
1993-02-07,17.623443603515625
1993-02-08,17.402673721313477
1993-02-09,17.52326774597168
1993-02-10,17.44559097290039
1993-02-11,16.847734451293945
1993-02-12,20.24603271484375
1993-02-13,34.06767654418945
1993-02-14,42.95240020751953
1993-02-15,34.92871856689453
1993-02-16,30.899744033813477
1993-02-17,39.31769561767578
1993-02-18,45.70640182495117
1993-02-19,38.3470458984375
1993-02-20,31.38950538635254
1993-02-21,31.318456649780273
1993-02-22,44.50825881958008
1993-02-23,52.96047592163086
1993-02-24,42.954959869384766
1993-02-25,34.475547790527344
1993-02-26,29.95093536376953
1993-02-27,29.984594345092773
1993-02-28,32.92376708984375
1993-03-01,32.827754974365234
1993-03-02,31.163551330566406
1993-03-03,35.673057556152344
1993-03-04,204.20208740234375
1993-03-05,400.6322021484375
1993-03-06,305.83880615234375
1993-03-07,158.02645874023438
1993-03-08,87.84774780273438
1993-03-09,60.565757751464844
1993-03-10,46.79538345336914
1993-03-11,38.97938537597656
1993-03-12,34.73722839355469
1993-03-13,91.89502716064453
1993-03-14,184.20303344726562
1993-03-15,174.81277465820312
1993-03-16,113.46249389648438
1993-03-17,91.84413146972656
1993-03-18,107.31993103027344
1993-03-19,116.00997161865234
1993-03-20,88.3428726196289
1993-03-21,65.2624282836914
1993-03-22,54.14181137084961
1993-03-23,49.99863815307617
1993-03-24,63.16242218017578
1993-03-25,101.83905792236328
1993-03-26,111.95689392089844
1993-03-27,141.26487731933594
1993-03-28,219.39151000976562
1993-03-29,215.5130157470703
1993-03-30,136.9151153564453
1993-03-31,86.93769073486328
1993-04-01,70.54229736328125
1993-04-02,78.76026916503906
1993-04-03,74.38420867919922
1993-04-04,58.4903678894043
1993-04-05,59.89590835571289
1993-04-06,117.74089050292969
1993-04-07,166.63510131835938
1993-04-08,128.37330627441406
1993-04-09,84.50563049316406
1993-04-10,92.53646850585938
1993-04-11,134.4298553466797
1993-04-12,126.55543518066406
1993-04-13,86.37945556640625
1993-04-14,62.039676666259766
1993-04-15,49.99742126464844
1993-04-16,88.30108642578125
1993-04-17,187.2461395263672
1993-04-18,177.00851440429688
1993-04-19,106.48400115966797
1993-04-20,69.8675765991211
1993-04-21,54.116355895996094
1993-04-22,48.58988952636719
1993-04-23,45.52273178100586
1993-04-24,39.91548156738281
1993-04-25,35.67715072631836
1993-04-26,33.54998016357422
1993-04-27,35.12689208984375
1993-04-28,36.048892974853516
1993-04-29,31.754066467285156
1993-04-30,28.89188575744629
1993-05-01,27.058862686157227
1993-05-02,25.56601333618164
1993-05-03,24.178443908691406
1993-05-04,23.606178283691406
1993-05-05,27.215679168701172
1993-05-06,33.90122985839844
1993-05-07,33.708683013916016
1993-05-08,28.33078384399414
1993-05-09,24.653884887695312
1993-05-10,23.640804290771484
1993-05-11,23.34258270263672
1993-05-12,21.969560623168945
1993-05-13,20.900646209716797
1993-05-14,22.321876525878906
1993-05-15,25.550674438476562
1993-05-16,24.884334564208984
1993-05-17,21.461576461791992
1993-05-18,18.970102310180664
1993-05-19,19.79348373413086
1993-05-20,23.799230575561523
1993-05-21,24.771753311157227
1993-05-22,21.287078857421875
1993-05-23,18.573482513427734
1993-05-24,16.9904727935791
1993-05-25,15.816756248474121
1993-05-26,15.207393646240234
1993-05-27,15.687276840209961
1993-05-28,15.68277645111084
1993-05-29,14.845320701599121
1993-05-30,14.576821327209473
1993-05-31,15.0933198928833
1993-06-01,17.240232467651367
1993-06-02,18.570825576782227
1993-06-03,16.647197723388672
1993-06-04,14.835907936096191
1993-06-05,14.914722442626953
1993-06-06,15.529631614685059
1993-06-07,14.4299955368042
1993-06-08,12.88961124420166
1993-06-09,11.898374557495117
1993-06-10,11.098081588745117
1993-06-11,10.384600639343262
1993-06-12,10.149797439575195
1993-06-13,10.735054016113281
1993-06-14,13.66363525390625
1993-06-15,15.833846092224121
1993-06-16,13.262603759765625
1993-06-17,11.054893493652344
1993-06-18,9.8560152053833
1993-06-19,9.172657012939453
1993-06-20,8.676250457763672
1993-06-21,8.109883308410645
1993-06-22,7.737219333648682
1993-06-23,7.616462707519531
1993-06-24,7.275994300842285
1993-06-25,6.85911750793457
1993-06-26,6.501617431640625
1993-06-27,6.25927734375
1993-06-28,6.271081924438477
1993-06-29,6.358661651611328
1993-06-30,6.65634822845459
1993-07-01,7.079687595367432
1993-07-02,8.266400337219238
1993-07-03,17.388341903686523
1993-07-04,25.147123336791992
1993-07-05,21.144983291625977
1993-07-06,16.31764030456543
1993-07-07,13.634434700012207
1993-07-08,11.621320724487305
1993-07-09,9.61451530456543
1993-07-10,8.232438087463379
1993-07-11,7.564288139343262
1993-07-12,7.262577056884766
1993-07-13,7.426311492919922
1993-07-14,7.9105000495910645
1993-07-15,8.026238441467285
1993-07-16,7.7417778968811035
1993-07-17,7.3141679763793945
1993-07-18,6.644322872161865
1993-07-19,6.44322395324707
1993-07-20,9.140013694763184
1993-07-21,12.554903030395508
1993-07-22,11.608102798461914
1993-07-23,8.71164321899414
1993-07-24,7.3005595207214355
1993-07-25,7.75917387008667
1993-07-26,11.164091110229492
1993-07-27,15.040637969970703
1993-07-28,15.270661354064941
1993-07-29,12.658549308776855
1993-07-30,9.519197463989258
1993-07-31,7.442630767822266
1993-08-01,6.299724578857422
1993-08-02,5.70797061920166
1993-08-03,5.577332496643066
1993-08-04,6.8054046630859375
1993-08-05,8.915730476379395
1993-08-06,9.631193161010742
1993-08-07,9.134943962097168
1993-08-08,8.451616287231445
1993-08-09,7.297130107879639
1993-08-10,6.2923078536987305
1993-08-11,5.566069602966309
1993-08-12,5.135960578918457
1993-08-13,5.434669494628906
1993-08-14,7.145888328552246
1993-08-15,8.833572387695312
1993-08-16,7.864323139190674
1993-08-17,6.596732139587402
1993-08-18,6.017768859863281
1993-08-19,5.697576999664307
1993-08-20,5.281872749328613
1993-08-21,5.000424385070801
1993-08-22,4.930683135986328
1993-08-23,4.79038667678833
1993-08-24,4.497262954711914
1993-08-25,4.230031967163086
1993-08-26,4.226634979248047
1993-08-27,4.785428524017334
1993-08-28,5.427119731903076
1993-08-29,5.115260124206543
1993-08-30,4.500079154968262
1993-08-31,4.084740161895752
1993-09-01,3.809539318084717
1993-09-02,3.6226484775543213
1993-09-03,3.6801090240478516
1993-09-04,4.069318771362305
1993-09-05,5.223415851593018
1993-09-06,6.514926910400391
1993-09-07,6.291984558105469
1993-09-08,5.610541343688965
1993-09-09,5.338205337524414
1993-09-10,5.0542378425598145
1993-09-11,4.567262172698975
1993-09-12,4.115447521209717
1993-09-13,3.8483779430389404
1993-09-14,3.6911706924438477
1993-09-15,3.572934627532959
1993-09-16,3.596635103225708
1993-09-17,4.349305152893066
1993-09-18,6.641604900360107
1993-09-19,9.74604320526123
1993-09-20,9.231466293334961
1993-09-21,6.967311382293701
1993-09-22,5.930561065673828
1993-09-23,5.460630416870117
1993-09-24,4.882229328155518
1993-09-25,4.468048572540283
1993-09-26,4.394227981567383
1993-09-27,4.384370803833008
1993-09-28,4.251730442047119
1993-09-29,4.126291275024414
1993-09-30,3.907564640045166
1993-10-01,3.721722364425659
1993-10-02,3.5506134033203125
1993-10-03,3.447052240371704
1993-10-04,3.361607789993286
1993-10-05,3.287787675857544
1993-10-06,3.2021384239196777
1993-10-07,3.1804895401000977
1993-10-08,3.2129313945770264
1993-10-09,3.24216890335083
1993-10-10,3.2565183639526367
1993-10-11,3.3500115871429443
1993-10-12,3.456141948699951
1993-10-13,3.6150925159454346
1993-10-14,3.6980040073394775
1993-10-15,3.614072799682617
1993-10-16,3.5297489166259766
1993-10-17,3.4614882469177246
1993-10-18,3.440772771835327
1993-10-19,3.3820154666900635
1993-10-20,3.305994987487793
1993-10-21,3.291473627090454
1993-10-22,3.5679211616516113
1993-10-23,3.946082592010498
1993-10-24,3.8560428619384766
1993-10-25,3.673532009124756
1993-10-26,3.5861122608184814
1993-10-27,3.586735963821411
1993-10-28,3.601499557495117
1993-10-29,3.5677900314331055
1993-10-30,4.120443820953369
1993-10-31,6.396435260772705
1993-11-01,8.888562202453613
1993-11-02,8.097580909729004
1993-11-03,6.640455722808838
1993-11-04,5.764261245727539
1993-11-05,5.614657878875732
1993-11-06,6.712690353393555
1993-11-07,8.769763946533203
1993-11-08,8.93747615814209
1993-11-09,7.677961349487305
1993-11-10,6.645801544189453
1993-11-11,6.067224502563477
1993-11-12,5.801876068115234
1993-11-13,5.589699745178223
1993-11-14,5.461463928222656
1993-11-15,5.355377197265625
1993-11-16,5.205046653747559
1993-11-17,5.1220808029174805
1993-11-18,5.081066608428955
1993-11-19,5.033970832824707
1993-11-20,5.006357192993164
1993-11-21,5.010141849517822
1993-11-22,4.986648082733154
1993-11-23,4.997704982757568
1993-11-24,4.959308624267578
1993-11-25,4.9001545906066895
1993-11-26,4.695810794830322
1993-11-27,6.009374618530273
1993-11-28,29.580276489257812
1993-11-29,52.07044982910156
1993-11-30,36.76216125488281
1993-12-01,20.829601287841797
1993-12-02,13.866964340209961
1993-12-03,10.916827201843262
1993-12-04,9.565705299377441
1993-12-05,15.802367210388184
1993-12-06,41.192665100097656
1993-12-07,43.71036148071289
1993-12-08,28.0712833404541
1993-12-09,18.438533782958984
1993-12-10,14.259352684020996
1993-12-11,12.911972045898438
1993-12-12,12.948596954345703
1993-12-13,11.744630813598633
1993-12-14,10.551595687866211
1993-12-15,11.946916580200195
1993-12-16,21.961456298828125
1993-12-17,30.5780029296875
1993-12-18,24.501861572265625
1993-12-19,19.200138092041016
1993-12-20,16.851947784423828
1993-12-21,21.36734390258789
1993-12-22,35.38050842285156
1993-12-23,37.96985626220703
1993-12-24,32.281410217285156
1993-12-25,26.6304931640625
1993-12-26,21.352699279785156
1993-12-27,17.887042999267578
1993-12-28,15.829639434814453
1993-12-29,15.204346656799316
1993-12-30,16.043060302734375
1993-12-31,16.30729866027832
1994-01-01,15.669844627380371
1994-01-02,17.4149227142334
1994-01-03,21.7596435546875
1994-01-04,27.757184982299805
1994-01-05,38.089996337890625
1994-01-06,40.0653076171875
1994-01-07,31.284696578979492
1994-01-08,27.09250831604004
1994-01-09,29.898847579956055
1994-01-10,29.452369689941406
1994-01-11,24.16146469116211
1994-01-12,26.654178619384766
1994-01-13,46.15400695800781
1994-01-14,56.29436492919922
1994-01-15,44.30885314941406
1994-01-16,32.36880874633789
1994-01-17,24.909889221191406
1994-01-18,31.955190658569336
1994-01-19,42.54500198364258
1994-01-20,34.176204681396484
1994-01-21,27.293575286865234
1994-01-22,24.27860450744629
1994-01-23,22.612934112548828
1994-01-24,22.54002571105957
1994-01-25,23.28655242919922
1994-01-26,23.81513214111328
1994-01-27,23.41878890991211
1994-01-28,42.424041748046875
1994-01-29,88.71694946289062
1994-01-30,93.23652648925781
1994-01-31,58.94086456298828
1994-02-01,41.29372024536133
1994-02-02,31.928266525268555
1994-02-03,26.622270584106445
1994-02-04,22.987930297851562
1994-02-05,21.290170669555664
1994-02-06,21.97242546081543
1994-02-07,22.080524444580078
1994-02-08,20.359580993652344
1994-02-09,19.85747718811035
1994-02-10,25.08797836303711
1994-02-11,44.61635971069336
1994-02-12,61.295204162597656
1994-02-13,60.518524169921875
1994-02-14,55.29020690917969
1994-02-15,50.80381393432617
1994-02-16,45.40543746948242
1994-02-17,39.008846282958984
1994-02-18,32.623836517333984
1994-02-19,28.3753662109375
1994-02-20,25.779172897338867
1994-02-21,23.96042251586914
1994-02-22,22.581695556640625
1994-02-23,23.479785919189453
1994-02-24,77.93002319335938
1994-02-25,151.8824462890625
1994-02-26,111.14772033691406
1994-02-27,67.7691650390625
1994-02-28,46.40055847167969
1994-03-01,36.36800003051758
1994-03-02,109.81297302246094
1994-03-03,265.7215576171875
1994-03-04,290.3605651855469
1994-03-05,169.76116943359375
1994-03-06,99.08050537109375
1994-03-07,66.88562774658203
1994-03-08,51.12925338745117
1994-03-09,42.19607925415039
1994-03-10,50.87943649291992
1994-03-11,83.21142578125
1994-03-12,81.8619155883789
1994-03-13,58.12451934814453
1994-03-14,44.08323287963867
1994-03-15,37.11693572998047
1994-03-16,32.686222076416016
1994-03-17,29.620315551757812
1994-03-18,27.211727142333984
1994-03-19,25.431743621826172
1994-03-20,24.06060028076172
1994-03-21,23.04313087463379
1994-03-22,24.084379196166992
1994-03-23,25.887664794921875
1994-03-24,24.649078369140625
1994-03-25,26.440387725830078
1994-03-26,34.85586166381836
1994-03-27,47.135746002197266
1994-03-28,114.60733032226562
1994-03-29,276.0314636230469
1994-03-30,335.2667541503906
1994-03-31,199.36827087402344
1994-04-01,116.2903060913086
1994-04-02,76.60150146484375
1994-04-03,56.17963409423828
1994-04-04,45.58308410644531
1994-04-05,38.87432861328125
1994-04-06,34.592681884765625
1994-04-07,33.024208068847656
1994-04-08,31.721750259399414
1994-04-09,28.738113403320312
1994-04-10,26.64059829711914
1994-04-11,25.42713737487793
1994-04-12,24.696575164794922
1994-04-13,25.797874450683594
1994-04-14,28.969505310058594
1994-04-15,31.134967803955078
1994-04-16,51.0922737121582
1994-04-17,73.10523986816406
1994-04-18,61.779823303222656
1994-04-19,42.74628448486328
1994-04-20,32.900028228759766
1994-04-21,27.532150268554688
1994-04-22,24.254392623901367
1994-04-23,22.04570770263672
1994-04-24,20.46700668334961
1994-04-25,19.21609878540039
1994-04-26,18.234249114990234
1994-04-27,17.664052963256836
1994-04-28,17.834823608398438
1994-04-29,17.9644832611084
1994-04-30,17.425033569335938
1994-05-01,16.99721908569336
1994-05-02,16.306957244873047
1994-05-03,15.476370811462402
1994-05-04,16.544174194335938
1994-05-05,22.075515747070312
1994-05-06,26.434913635253906
1994-05-07,22.82437515258789
1994-05-08,19.435455322265625
1994-05-09,18.520835876464844
1994-05-10,17.41602325439453
1994-05-11,15.699665069580078
1994-05-12,14.434850692749023
1994-05-13,13.368001937866211
1994-05-14,12.38792896270752
1994-05-15,11.80528736114502
1994-05-16,11.796585083007812
1994-05-17,12.216919898986816
1994-05-18,11.992714881896973
1994-05-19,11.18021011352539
1994-05-20,10.645597457885742
1994-05-21,10.236549377441406
1994-05-22,9.850147247314453
1994-05-23,9.529327392578125
1994-05-24,9.108551979064941
1994-05-25,8.624645233154297
1994-05-26,8.527647972106934
1994-05-27,9.85405445098877
1994-05-28,11.835335731506348
1994-05-29,11.334663391113281
1994-05-30,10.013538360595703
1994-05-31,9.067085266113281
1994-06-01,8.319183349609375
1994-06-02,7.786306381225586
1994-06-03,7.2342209815979
1994-06-04,6.816296100616455
1994-06-05,6.641033172607422
1994-06-06,6.796233654022217
1994-06-07,6.989958763122559
1994-06-08,7.253378868103027
1994-06-09,7.836679935455322
1994-06-10,8.302410125732422
1994-06-11,9.375452041625977
1994-06-12,11.71000862121582
1994-06-13,11.700887680053711
1994-06-14,9.853437423706055
1994-06-15,8.354022979736328
1994-06-16,7.552238941192627
1994-06-17,7.693713188171387
1994-06-18,8.725147247314453
1994-06-19,8.776883125305176
1994-06-20,7.760164260864258
1994-06-21,6.993464946746826
1994-06-22,6.9932098388671875
1994-06-23,7.50227689743042
1994-06-24,8.096637725830078
1994-06-25,8.678977966308594
1994-06-26,7.811553001403809
1994-06-27,7.036281108856201
1994-06-28,7.4752516746521
1994-06-29,8.353843688964844
1994-06-30,9.139989852905273
1994-07-01,12.564140319824219
1994-07-02,14.407018661499023
1994-07-03,12.329561233520508
1994-07-04,10.07034969329834
1994-07-05,9.785160064697266
1994-07-06,9.423237800598145
1994-07-07,8.098939895629883
1994-07-08,6.913149833679199
1994-07-09,6.124138832092285
1994-07-10,5.690229892730713
1994-07-11,5.67336893081665
1994-07-12,5.7483930587768555
1994-07-13,5.694279670715332
1994-07-14,5.641253471374512
1994-07-15,5.480831623077393
1994-07-16,5.265639305114746
1994-07-17,5.081934452056885
1994-07-18,5.177377700805664
1994-07-19,5.632940292358398
1994-07-20,6.343962669372559
1994-07-21,8.061351776123047
1994-07-22,12.333023071289062
1994-07-23,17.517309188842773
1994-07-24,18.403425216674805
1994-07-25,15.638771057128906
1994-07-26,13.256875991821289
1994-07-27,14.414144515991211
1994-07-28,24.282089233398438
1994-07-29,43.751014709472656
1994-07-30,57.778255462646484
1994-07-31,49.375125885009766
1994-08-01,34.149024963378906
1994-08-02,27.211252212524414
1994-08-03,24.72865104675293
1994-08-04,20.86639976501465
1994-08-05,17.18870735168457
1994-08-06,15.239996910095215
1994-08-07,13.75169563293457
1994-08-08,11.361433982849121
1994-08-09,9.481400489807129
1994-08-10,8.256431579589844
1994-08-11,7.380424499511719
1994-08-12,6.729246139526367
1994-08-13,6.364989280700684
1994-08-14,6.201663970947266
1994-08-15,6.880361557006836
1994-08-16,13.193761825561523
1994-08-17,25.987071990966797
1994-08-18,32.78788375854492
1994-08-19,27.737905502319336
1994-08-20,21.021968841552734
1994-08-21,17.959030151367188
1994-08-22,15.585655212402344
1994-08-23,13.656951904296875
1994-08-24,11.143854141235352
1994-08-25,9.268145561218262
1994-08-26,8.14173698425293
1994-08-27,7.584866523742676
1994-08-28,7.486090660095215
1994-08-29,7.574535846710205
1994-08-30,8.87916088104248
1994-08-31,10.426607131958008
1994-09-01,9.951884269714355
1994-09-02,11.493987083435059
1994-09-03,19.184099197387695
1994-09-04,23.060230255126953
1994-09-05,17.264759063720703
1994-09-06,12.493605613708496
1994-09-07,10.159750938415527
1994-09-08,8.72763729095459
1994-09-09,7.655357360839844
1994-09-10,6.978877067565918
1994-09-11,6.4736833572387695
1994-09-12,6.035715579986572
1994-09-13,5.6890130043029785
1994-09-14,5.43363618850708
1994-09-15,5.222699165344238
1994-09-16,4.998098373413086
1994-09-17,4.827841758728027
1994-09-18,4.885677337646484
1994-09-19,5.126804828643799
1994-09-20,5.152351379394531
1994-09-21,4.98391056060791
1994-09-22,4.8882622718811035
1994-09-23,4.8155035972595215
1994-09-24,4.774147987365723
1994-09-25,5.20058536529541
1994-09-26,6.509058952331543
1994-09-27,7.510794639587402
1994-09-28,6.899497985839844
1994-09-29,5.966851234436035
1994-09-30,5.356431007385254
1994-10-01,4.9385857582092285
1994-10-02,4.686153411865234
1994-10-03,4.568112850189209
1994-10-04,4.549220561981201
1994-10-05,4.446394920349121
1994-10-06,4.334957599639893
1994-10-07,4.252403259277344
1994-10-08,4.184018135070801
1994-10-09,4.128202438354492
1994-10-10,4.196745872497559
1994-10-11,4.472269535064697
1994-10-12,4.694736003875732
1994-10-13,4.6557722091674805
1994-10-14,4.945074081420898
1994-10-15,5.833038330078125
1994-10-16,6.3410539627075195
1994-10-17,5.878745079040527
1994-10-18,5.350979804992676
1994-10-19,5.002086162567139
1994-10-20,4.839270114898682
1994-10-21,4.866960525512695
1994-10-22,4.88204288482666
1994-10-23,4.934333801269531
1994-10-24,5.520575046539307
1994-10-25,6.001265525817871
1994-10-26,5.626020908355713
1994-10-27,5.219400405883789
1994-10-28,4.967565059661865
1994-10-29,4.781070232391357
1994-10-30,4.707356929779053
1994-10-31,4.700054168701172
1994-11-01,4.8583984375
1994-11-02,5.140074729919434
1994-11-03,5.272846698760986
1994-11-04,5.285422325134277
1994-11-05,5.121761798858643
1994-11-06,4.976408958435059
1994-11-07,4.952000617980957
1994-11-08,4.98737907409668
1994-11-09,4.970552921295166
1994-11-10,4.9629130363464355
1994-11-11,5.2739410400390625
1994-11-12,5.791840553283691
1994-11-13,5.736784934997559
1994-11-14,5.640895843505859
1994-11-15,5.537130832672119
1994-11-16,5.426107883453369
1994-11-17,5.27187967300415
1994-11-18,5.144854545593262
1994-11-19,5.140228271484375
1994-11-20,5.063338756561279
1994-11-21,5.335389137268066
1994-11-22,7.43448543548584
1994-11-23,10.099063873291016
1994-11-24,8.639471054077148
1994-11-25,7.197896480560303
1994-11-26,6.455898284912109
1994-11-27,6.202446937561035
1994-11-28,7.26585578918457
1994-11-29,9.856844902038574
1994-11-30,10.950881004333496
1994-12-01,10.637414932250977
1994-12-02,9.430353164672852
1994-12-03,8.45077133178711
1994-12-04,7.865094184875488
1994-12-05,7.8544464111328125
1994-12-06,8.893403053283691
1994-12-07,9.28169059753418
1994-12-08,8.489372253417969
1994-12-09,7.7401556968688965
1994-12-10,7.332766532897949
1994-12-11,7.456645965576172
1994-12-12,8.565044403076172
1994-12-13,9.192789077758789
1994-12-14,8.675874710083008
1994-12-15,8.516708374023438
1994-12-16,8.590439796447754
1994-12-17,8.206180572509766
1994-12-18,8.002076148986816
1994-12-19,7.9065093994140625
1994-12-20,7.581077575683594
1994-12-21,7.371919631958008
1994-12-22,7.166800022125244
1994-12-23,7.464499473571777
1994-12-24,9.337180137634277
1994-12-25,11.086263656616211
1994-12-26,10.101020812988281
1994-12-27,9.008316040039062
1994-12-28,8.398127555847168
1994-12-29,7.985435485839844
1994-12-30,7.5844011306762695
1994-12-31,7.31541109085083
1995-01-01,7.511590480804443
1995-01-02,8.231264114379883
1995-01-03,8.296374320983887
1995-01-04,7.85709285736084
1995-01-05,7.496009826660156
1995-01-06,7.265081882476807
1995-01-07,13.808907508850098
1995-01-08,32.75770568847656
1995-01-09,38.4412727355957
1995-01-10,27.026269912719727
1995-01-11,18.825321197509766
1995-01-12,15.075148582458496
1995-01-13,13.565510749816895
1995-01-14,12.874717712402344
1995-01-15,53.987022399902344
1995-01-16,170.1573486328125
1995-01-17,198.79656982421875
1995-01-18,103.65575408935547
1995-01-19,52.16276931762695
1995-01-20,35.595176696777344
1995-01-21,33.532291412353516
1995-01-22,31.03737449645996
1995-01-23,25.414979934692383
1995-01-24,21.433837890625
1995-01-25,19.036911010742188
1995-01-26,17.03529167175293
1995-01-27,15.688172340393066
1995-01-28,16.267786026000977
1995-01-29,22.0548038482666
1995-01-30,27.56092071533203
1995-01-31,26.482627868652344
1995-02-01,23.738739013671875
1995-02-02,21.28628921508789
1995-02-03,19.79818344116211
1995-02-04,19.264907836914062
1995-02-05,19.352767944335938
1995-02-06,18.705581665039062
1995-02-07,16.951292037963867
1995-02-08,15.70415210723877
1995-02-09,15.050548553466797
1995-02-10,14.205220222473145
1995-02-11,13.792768478393555
1995-02-12,13.952446937561035
1995-02-13,13.9462308883667
1995-02-14,13.335681915283203
1995-02-15,14.034074783325195
1995-02-16,52.32388687133789
1995-02-17,157.026611328125
1995-02-18,206.3948211669922
1995-02-19,152.84454345703125
1995-02-20,99.47224426269531
1995-02-21,64.17646026611328
1995-02-22,45.142311096191406
1995-02-23,34.57443618774414
1995-02-24,28.481101989746094
1995-02-25,24.659587860107422
1995-02-26,22.0476131439209
1995-02-27,20.276634216308594
1995-02-28,22.41476058959961
1995-03-01,59.123416900634766
1995-03-02,111.83263397216797
1995-03-03,101.26842498779297
1995-03-04,65.47037506103516
1995-03-05,49.40658950805664
1995-03-06,43.156314849853516
1995-03-07,40.89372253417969
1995-03-08,58.02143859863281
1995-03-09,105.27088165283203
1995-03-10,119.85244750976562
1995-03-11,79.88849639892578
1995-03-12,53.82477569580078
1995-03-13,40.641357421875
1995-03-14,33.33584213256836
1995-03-15,28.884862899780273
1995-03-16,26.08155059814453
1995-03-17,24.396066665649414
1995-03-18,22.84803581237793
1995-03-19,21.34720802307129
1995-03-20,20.014385223388672
1995-03-21,20.11135482788086
1995-03-22,21.305416107177734
1995-03-23,21.165542602539062
1995-03-24,19.811246871948242
1995-03-25,18.509902954101562
1995-03-26,17.323192596435547
1995-03-27,16.54061508178711
1995-03-28,16.348079681396484
1995-03-29,16.142484664916992
1995-03-30,15.537548065185547
1995-03-31,14.977411270141602
1995-04-01,14.44552230834961
1995-04-02,13.94858169555664
1995-04-03,13.644868850708008
1995-04-04,13.310956954956055
1995-04-05,13.05356502532959
1995-04-06,12.664776802062988
1995-04-07,12.373787879943848
1995-04-08,12.115957260131836
1995-04-09,11.838272094726562
1995-04-10,11.48781681060791
1995-04-11,11.070086479187012
1995-04-12,11.014459609985352
1995-04-13,12.385785102844238
1995-04-14,13.961442947387695
1995-04-15,13.494720458984375
1995-04-16,12.359557151794434
1995-04-17,11.604795455932617
1995-04-18,11.045872688293457
1995-04-19,10.590600967407227
1995-04-20,10.172921180725098
1995-04-21,9.752127647399902
1995-04-22,9.506816864013672
1995-04-23,9.383148193359375
1995-04-24,9.653307914733887
1995-04-25,10.642584800720215
1995-04-26,10.992620468139648
1995-04-27,10.198938369750977
1995-04-28,9.506900787353516
1995-04-29,8.985879898071289
1995-04-30,8.525564193725586
1995-05-01,8.34129810333252
1995-05-02,9.59843635559082
1995-05-03,14.59915828704834
1995-05-04,18.470298767089844
1995-05-05,15.566622734069824
1995-05-06,12.637685775756836
1995-05-07,10.773247718811035
1995-05-08,9.51959228515625
1995-05-09,8.679604530334473
1995-05-10,9.067197799682617
1995-05-11,12.163482666015625
1995-05-12,14.265798568725586
1995-05-13,12.769088745117188
1995-05-14,13.074041366577148
1995-05-15,15.88493824005127
1995-05-16,16.69451141357422
1995-05-17,14.184332847595215
1995-05-18,11.5809326171875
1995-05-19,10.474421501159668
1995-05-20,11.445245742797852
1995-05-21,12.089158058166504
1995-05-22,10.328957557678223
1995-05-23,8.794912338256836
1995-05-24,7.792369365692139
1995-05-25,7.108480453491211
1995-05-26,6.7517900466918945
1995-05-27,7.383145809173584
1995-05-28,9.784524917602539
1995-05-29,12.643814086914062
1995-05-30,13.111625671386719
1995-05-31,10.988175392150879
1995-06-01,8.937727928161621
1995-06-02,10.42615795135498
1995-06-03,23.874629974365234
1995-06-04,33.930335998535156
1995-06-05,25.17376708984375
1995-06-06,19.906326293945312
1995-06-07,28.141332626342773
1995-06-08,33.795570373535156
1995-06-09,24.19048500061035
1995-06-10,18.065441131591797
1995-06-11,17.050151824951172
1995-06-12,21.663036346435547
1995-06-13,33.602691650390625
1995-06-14,36.38316345214844
1995-06-15,24.884353637695312
1995-06-16,17.04970359802246
1995-06-17,13.3589448928833
1995-06-18,11.380948066711426
1995-06-19,11.022385597229004
1995-06-20,15.350638389587402
1995-06-21,20.659151077270508
1995-06-22,23.90009117126465
1995-06-23,48.82527160644531
1995-06-24,85.44490051269531
1995-06-25,91.49937438964844
1995-06-26,77.66130065917969
1995-06-27,67.08568572998047
1995-06-28,82.0789566040039
1995-06-29,246.15052795410156
1995-06-30,369.9010009765625
1995-07-01,279.0185546875
1995-07-02,161.2047576904297
1995-07-03,98.19647216796875
1995-07-04,62.928741455078125
1995-07-05,47.32109451293945
1995-07-06,43.341461181640625
1995-07-07,56.519996643066406
1995-07-08,66.43916320800781
1995-07-09,52.76953125
1995-07-10,35.88715744018555
1995-07-11,28.02312469482422
1995-07-12,24.507659912109375
1995-07-13,20.991212844848633
1995-07-14,17.761932373046875
1995-07-15,15.397927284240723
1995-07-16,14.337512969970703
1995-07-17,15.561203002929688
1995-07-18,17.63886070251465
1995-07-19,17.118093490600586
1995-07-20,14.81125259399414
1995-07-21,12.870816230773926
1995-07-22,12.680074691772461
1995-07-23,13.574055671691895
1995-07-24,13.222684860229492
1995-07-25,13.048407554626465
1995-07-26,14.941343307495117
1995-07-27,17.29453468322754
1995-07-28,17.54616928100586
1995-07-29,16.929931640625
1995-07-30,16.22823715209961
1995-07-31,17.572751998901367
1995-08-01,18.693208694458008
1995-08-02,16.803239822387695
1995-08-03,13.548441886901855
1995-08-04,11.22213363647461
1995-08-05,9.741874694824219
1995-08-06,8.659770965576172
1995-08-07,7.86015510559082
1995-08-08,7.281688690185547
1995-08-09,6.849719524383545
1995-08-10,6.634237289428711
1995-08-11,6.513340950012207
1995-08-12,6.303071022033691
1995-08-13,6.026999473571777
1995-08-14,5.687476634979248
1995-08-15,5.370783805847168
1995-08-16,5.10252046585083
1995-08-17,4.856850624084473
1995-08-18,4.599108695983887
1995-08-19,4.447885513305664
1995-08-20,4.406452655792236
1995-08-21,4.293028354644775
1995-08-22,4.146526336669922
1995-08-23,4.007314205169678
1995-08-24,3.8658342361450195
1995-08-25,3.7965784072875977
1995-08-26,3.839670181274414
1995-08-27,7.557706356048584
1995-08-28,41.5290412902832
1995-08-29,68.09724426269531
1995-08-30,44.06340789794922
1995-08-31,22.950122833251953
1995-09-01,15.00843334197998
1995-09-02,13.899580001831055
1995-09-03,13.9900484085083
1995-09-04,11.396966934204102
1995-09-05,9.148058891296387
1995-09-06,7.865557670593262
1995-09-07,7.086653709411621
1995-09-08,6.547348976135254
1995-09-09,6.101049423217773
1995-09-10,5.758079528808594
1995-09-11,5.581269264221191
1995-09-12,5.566831111907959
1995-09-13,5.526695251464844
1995-09-14,5.309417724609375
1995-09-15,5.095494270324707
1995-09-16,5.172837734222412
1995-09-17,6.114057540893555
1995-09-18,8.101579666137695
1995-09-19,8.167399406433105
1995-09-20,7.027568340301514
1995-09-21,6.182227611541748
1995-09-22,6.178029537200928
1995-09-23,7.555953502655029
1995-09-24,9.410402297973633
1995-09-25,9.411787986755371
1995-09-26,8.47222900390625
1995-09-27,7.78893518447876
1995-09-28,7.190031051635742
1995-09-29,6.499473571777344
1995-09-30,5.972303867340088
1995-10-01,5.653179168701172
1995-10-02,5.436347484588623
1995-10-03,5.222609996795654
1995-10-04,7.934579849243164
1995-10-05,46.112953186035156
1995-10-06,100.68975830078125
1995-10-07,88.68453216552734
1995-10-08,48.02075958251953
1995-10-09,26.996814727783203
1995-10-10,18.232479095458984
1995-10-11,14.255037307739258
1995-10-12,11.951826095581055
1995-10-13,10.592480659484863
1995-10-14,10.345071792602539
1995-10-15,14.167369842529297
1995-10-16,20.36090087890625
1995-10-17,19.366138458251953
1995-10-18,15.312627792358398
1995-10-19,12.504792213439941
1995-10-20,16.372879028320312
1995-10-21,63.963470458984375
1995-10-22,89.69189453125
1995-10-23,60.08721160888672
1995-10-24,36.00214385986328
1995-10-25,24.35264015197754
1995-10-26,18.535621643066406
1995-10-27,15.622161865234375
1995-10-28,33.48788833618164
1995-10-29,66.31166076660156
1995-10-30,62.764617919921875
1995-10-31,39.73273468017578
1995-11-01,28.859220504760742
1995-11-02,28.68958282470703
1995-11-03,34.078277587890625
1995-11-04,36.935298919677734
1995-11-05,33.472572326660156
1995-11-06,26.822036743164062
1995-11-07,44.61144256591797
1995-11-08,99.84739685058594
1995-11-09,111.43594360351562
1995-11-10,68.50730895996094
1995-11-11,57.49615478515625
1995-11-12,97.62552642822266
1995-11-13,116.86892700195312
1995-11-14,78.72630310058594
1995-11-15,53.80210494995117
1995-11-16,41.87434387207031
1995-11-17,33.42072677612305
1995-11-18,27.964426040649414
1995-11-19,24.580867767333984
1995-11-20,22.27326202392578
1995-11-21,20.628276824951172
1995-11-22,19.377513885498047
1995-11-23,18.402713775634766
1995-11-24,17.87242317199707
1995-11-25,19.017475128173828
1995-11-26,20.146615982055664
1995-11-27,19.32054901123047
1995-11-28,18.07732391357422
1995-11-29,17.750154495239258
1995-11-30,19.341384887695312
1995-12-01,20.072166442871094
1995-12-02,18.567106246948242
1995-12-03,17.15310287475586
1995-12-04,16.288129806518555
1995-12-05,15.848679542541504
1995-12-06,15.588545799255371
1995-12-07,16.12342643737793
1995-12-08,18.061962127685547
1995-12-09,25.953811645507812
1995-12-10,39.38121032714844
1995-12-11,40.826805114746094
1995-12-12,31.536048889160156
1995-12-13,25.210277557373047
1995-12-14,22.3192138671875
1995-12-15,20.690427780151367
1995-12-16,19.50847053527832
1995-12-17,18.804546356201172
1995-12-18,18.04791831970215
1995-12-19,20.084253311157227
1995-12-20,31.32347869873047
1995-12-21,39.44522476196289
1995-12-22,33.20878601074219
1995-12-23,27.073543548583984
1995-12-24,23.450485229492188
1995-12-25,20.943471908569336
1995-12-26,19.16600799560547
1995-12-27,17.869775772094727
1995-12-28,16.752267837524414
1995-12-29,15.928707122802734
1995-12-30,15.256505966186523
1995-12-31,14.895367622375488
1996-01-01,15.14876937866211
1996-01-02,16.72263526916504
1996-01-03,20.082536697387695
1996-01-04,22.56521987915039
1996-01-05,21.592269897460938
1996-01-06,19.711090087890625
1996-01-07,20.151458740234375
1996-01-08,22.313993453979492
1996-01-09,22.85110855102539
1996-01-10,22.732799530029297
1996-01-11,22.525508880615234
1996-01-12,21.82736587524414
1996-01-13,23.12615966796875
1996-01-14,27.33072280883789
1996-01-15,36.94419860839844
1996-01-16,52.0034294128418
1996-01-17,57.77068328857422
1996-01-18,53.33836364746094
1996-01-19,74.27303314208984
1996-01-20,117.72123718261719
1996-01-21,105.71600341796875
1996-01-22,68.17619323730469
1996-01-23,47.295654296875
1996-01-24,44.086544036865234
1996-01-25,56.53519821166992
1996-01-26,60.25693130493164
1996-01-27,73.99889373779297
1996-01-28,124.44745635986328
1996-01-29,124.33635711669922
1996-01-30,81.92984008789062
1996-01-31,58.68431091308594
1996-02-01,51.45818328857422
1996-02-02,45.601959228515625
1996-02-03,42.701438903808594
1996-02-04,41.02313995361328
1996-02-05,36.423828125
1996-02-06,33.9697265625
1996-02-07,34.00349807739258
1996-02-08,40.68169403076172
1996-02-09,69.36360168457031
1996-02-10,107.23434448242188
1996-02-11,118.76708221435547
1996-02-12,102.67304992675781
1996-02-13,78.83944702148438
1996-02-14,58.94589614868164
1996-02-15,46.62070846557617
1996-02-16,60.31194305419922
1996-02-17,85.53199005126953
1996-02-18,80.67752075195312
1996-02-19,59.34416198730469
1996-02-20,58.58049774169922
1996-02-21,84.22673034667969
1996-02-22,90.81990051269531
1996-02-23,67.628662109375
1996-02-24,51.44169616699219
1996-02-25,42.47843933105469
1996-02-26,36.374107360839844
1996-02-27,32.309776306152344
1996-02-28,29.64057731628418
1996-02-29,27.97003936767578
1996-03-01,26.291868209838867
1996-03-02,24.66236686706543
1996-03-03,23.542421340942383
1996-03-04,22.460399627685547
1996-03-05,21.520252227783203
1996-03-06,24.205501556396484
1996-03-07,60.02326202392578
1996-03-08,127.14183044433594
1996-03-09,131.94277954101562
1996-03-10,90.75550079345703
1996-03-11,63.518150329589844
1996-03-12,48.010860443115234
1996-03-13,38.92778015136719
1996-03-14,33.35736083984375
1996-03-15,31.053630828857422
1996-03-16,29.762126922607422
1996-03-17,29.41385269165039
1996-03-18,34.31331253051758
1996-03-19,69.07431030273438
1996-03-20,106.61050415039062
1996-03-21,97.04521179199219
1996-03-22,67.03836059570312
1996-03-23,48.7485237121582
1996-03-24,38.39707565307617
1996-03-25,32.87289810180664
1996-03-26,30.375648498535156
1996-03-27,28.42751693725586
1996-03-28,33.00107955932617
1996-03-29,56.761260986328125
1996-03-30,72.198486328125
1996-03-31,56.55807876586914
1996-04-01,48.60707092285156
1996-04-02,56.938018798828125
1996-04-03,61.142120361328125
1996-04-04,48.60030746459961
1996-04-05,39.40045166015625
1996-04-06,33.71177291870117
1996-04-07,30.76096534729004
1996-04-08,29.4454345703125
1996-04-09,32.969818115234375
1996-04-10,40.51655197143555
1996-04-11,39.66624450683594
1996-04-12,34.45113754272461
1996-04-13,30.227245330810547
1996-04-14,27.766700744628906
1996-04-15,26.860004425048828
1996-04-16,27.794757843017578
1996-04-17,28.819011688232422
1996-04-18,26.632606506347656
1996-04-19,24.276470184326172
1996-04-20,23.307079315185547
1996-04-21,23.36495018005371
1996-04-22,23.613250732421875
1996-04-23,22.59568977355957
1996-04-24,21.07915496826172
1996-04-25,19.68377113342285
1996-04-26,19.298093795776367
1996-04-27,20.740989685058594
1996-04-28,21.318347930908203
1996-04-29,19.904754638671875
1996-04-30,31.046466827392578
1996-05-01,56.339996337890625
1996-05-02,59.40459060668945
1996-05-03,42.26524353027344
1996-05-04,31.321910858154297
1996-05-05,25.484729766845703
1996-05-06,23.98643684387207
1996-05-07,32.47907257080078
1996-05-08,50.425537109375
1996-05-09,55.595497131347656
1996-05-10,40.61267852783203
1996-05-11,29.642091751098633
1996-05-12,25.164581298828125
1996-05-13,22.900890350341797
1996-05-14,20.370445251464844
1996-05-15,19.272014617919922
1996-05-16,29.414478302001953
1996-05-17,58.73341369628906
1996-05-18,69.00599670410156
1996-05-19,51.47887420654297
1996-05-20,34.51374816894531
1996-05-21,25.541513442993164
1996-05-22,20.723411560058594
1996-05-23,17.802654266357422
1996-05-24,16.181344985961914
1996-05-25,16.889442443847656
1996-05-26,19.65134048461914
1996-05-27,22.240697860717773
1996-05-28,34.32603454589844
1996-05-29,53.226043701171875
1996-05-30,53.3370246887207
1996-05-31,39.902000427246094
1996-06-01,28.28887367248535
1996-06-02,21.763818740844727
1996-06-03,18.030838012695312
1996-06-04,15.934677124023438
1996-06-05,15.651268005371094
1996-06-06,16.261293411254883
1996-06-07,15.782514572143555
1996-06-08,14.411651611328125
1996-06-09,15.25451946258545
1996-06-10,20.81548309326172
1996-06-11,26.048171997070312
1996-06-12,23.429975509643555
1996-06-13,21.112783432006836
1996-06-14,19.85332489013672
1996-06-15,17.275476455688477
1996-06-16,15.05150032043457
1996-06-17,14.199817657470703
1996-06-18,13.46377944946289
1996-06-19,12.101016998291016
1996-06-20,11.015177726745605
1996-06-21,10.51708984375
1996-06-22,10.013437271118164
1996-06-23,9.338798522949219
1996-06-24,8.83288288116455
1996-06-25,8.821747779846191
1996-06-26,8.99496078491211
1996-06-27,8.621678352355957
1996-06-28,7.804729461669922
1996-06-29,7.206233501434326
1996-06-30,6.787184715270996
1996-07-01,6.4879584312438965
1996-07-02,6.345821857452393
1996-07-03,6.676316261291504
1996-07-04,7.073916912078857
1996-07-05,6.688470363616943
1996-07-06,6.196771144866943
1996-07-07,5.966640472412109
1996-07-08,5.94284725189209
1996-07-09,6.567112922668457
1996-07-10,7.347053527832031
1996-07-11,6.887945175170898
1996-07-12,6.484221458435059
1996-07-13,7.747966766357422
1996-07-14,10.304832458496094
1996-07-15,10.855392456054688
1996-07-16,10.856657981872559
1996-07-17,11.038288116455078
1996-07-18,9.447072982788086
1996-07-19,8.177794456481934
1996-07-20,7.410400867462158
1996-07-21,6.6285905838012695
1996-07-22,5.940207481384277
1996-07-23,5.562806129455566
1996-07-24,5.741994857788086
1996-07-25,7.823453903198242
1996-07-26,15.353395462036133
1996-07-27,21.4107723236084
1996-07-28,16.410429000854492
1996-07-29,12.696157455444336
1996-07-30,12.741765975952148
1996-07-31,12.773113250732422
1996-08-01,15.48671817779541
1996-08-02,25.539817810058594
1996-08-03,28.53297233581543
1996-08-04,22.158845901489258
1996-08-05,17.07717514038086
1996-08-06,13.321856498718262
1996-08-07,25.698389053344727
1996-08-08,59.26325225830078
1996-08-09,63.1805534362793
1996-08-10,40.08545684814453
1996-08-11,27.916072845458984
1996-08-12,21.03412628173828
1996-08-13,23.680477142333984
1996-08-14,30.742204666137695
1996-08-15,26.456233978271484
1996-08-16,18.795434951782227
1996-08-17,14.500245094299316
1996-08-18,12.578893661499023
1996-08-19,11.583513259887695
1996-08-20,10.51540470123291
1996-08-21,9.414587020874023
1996-08-22,8.682497024536133
1996-08-23,8.394211769104004
1996-08-24,8.422951698303223
1996-08-25,9.858573913574219
1996-08-26,12.304285049438477
1996-08-27,13.122069358825684
1996-08-28,14.940282821655273
1996-08-29,17.409042358398438
1996-08-30,16.917709350585938
1996-08-31,13.470529556274414
1996-09-01,10.877676010131836
1996-09-02,9.290144920349121
1996-09-03,13.088119506835938
1996-09-04,45.848663330078125
1996-09-05,121.19524383544922
1996-09-06,413.3585510253906
1996-09-07,691.8851318359375
1996-09-08,517.2431030273438
1996-09-09,221.61781311035156
1996-09-10,101.07744598388672
1996-09-11,75.88186645507812
1996-09-12,93.52696990966797
1996-09-13,98.20697021484375
1996-09-14,67.94361114501953
1996-09-15,45.887229919433594
1996-09-16,35.425899505615234
1996-09-17,35.500892639160156
1996-09-18,40.028907775878906
1996-09-19,35.82051467895508
1996-09-20,28.652666091918945
1996-09-21,23.892948150634766
1996-09-22,21.47109603881836
1996-09-23,20.407745361328125
1996-09-24,19.1738338470459
1996-09-25,17.555782318115234
1996-09-26,17.23628807067871
1996-09-27,18.579755783081055
1996-09-28,18.911060333251953
1996-09-29,19.589988708496094
1996-09-30,25.16109275817871
1996-10-01,33.77016830444336
1996-10-02,48.47444152832031
1996-10-03,58.245155334472656
1996-10-04,49.31232452392578
1996-10-05,35.3331184387207
1996-10-06,26.75490951538086
1996-10-07,22.428972244262695
1996-10-08,67.65043640136719
1996-10-09,187.27037048339844
1996-10-10,227.5338134765625
1996-10-11,133.24330139160156
1996-10-12,74.11837768554688
1996-10-13,48.30152130126953
1996-10-14,36.57671356201172
1996-10-15,30.125455856323242
1996-10-16,26.09618377685547
1996-10-17,23.40564727783203
1996-10-18,23.158159255981445
1996-10-19,30.966245651245117
1996-10-20,37.00836181640625
1996-10-21,32.0185546875
1996-10-22,26.390356063842773
1996-10-23,22.83478355407715
1996-10-24,20.72022247314453
1996-10-25,19.129283905029297
1996-10-26,18.00975799560547
1996-10-27,17.357030868530273
1996-10-28,16.696849822998047
1996-10-29,16.00429916381836
1996-10-30,15.327921867370605
1996-10-31,14.72441577911377
1996-11-01,14.119467735290527
1996-11-02,16.169368743896484
1996-11-03,22.971324920654297
1996-11-04,26.577985763549805
1996-11-05,22.705028533935547
1996-11-06,20.009490966796875
1996-11-07,18.571887969970703
1996-11-08,22.068681716918945
1996-11-09,35.93205261230469
1996-11-10,41.45353698730469
1996-11-11,32.28700256347656
1996-11-12,26.046030044555664
1996-11-13,22.333234786987305
1996-11-14,20.011178970336914
1996-11-15,18.784875869750977
1996-11-16,18.00460433959961
1996-11-17,17.06979751586914
1996-11-18,16.620365142822266
1996-11-19,17.769426345825195
1996-11-20,19.312549591064453
1996-11-21,19.34445571899414
1996-11-22,21.459819793701172
1996-11-23,24.853254318237305
1996-11-24,23.636348724365234
1996-11-25,21.24492835998535
1996-11-26,24.039304733276367
1996-11-27,35.71767044067383
1996-11-28,38.96059799194336
1996-11-29,30.826120376586914
1996-11-30,25.5885009765625
1996-12-01,58.13871765136719
1996-12-02,154.5414276123047
1996-12-03,175.72683715820312
1996-12-04,100.80753326416016
1996-12-05,60.442752838134766
1996-12-06,55.085575103759766
1996-12-07,76.97061157226562
1996-12-08,95.20384979248047
1996-12-09,87.86874389648438
1996-12-10,61.52677917480469
1996-12-11,44.85019302368164
1996-12-12,36.94682312011719
1996-12-13,34.78633117675781
1996-12-14,38.937767028808594
1996-12-15,40.00499725341797
1996-12-16,34.09388732910156
1996-12-17,29.526527404785156
1996-12-18,27.90521240234375
1996-12-19,30.53071403503418
1996-12-20,37.06746292114258
1996-12-21,37.945919036865234
1996-12-22,32.138484954833984
1996-12-23,28.579193115234375
1996-12-24,28.024446487426758
1996-12-25,31.529151916503906
1996-12-26,33.896995544433594
1996-12-27,31.694759368896484
1996-12-28,31.659114837646484
1996-12-29,30.956300735473633
1996-12-30,28.32666015625
1996-12-31,26.31080436706543
1997-01-01,25.00522232055664
1997-01-02,24.163040161132812
1997-01-03,23.384567260742188
1997-01-04,22.238813400268555
1997-01-05,21.9135799407959
1997-01-06,23.79704475402832
1997-01-07,25.028043746948242
1997-01-08,23.097423553466797
1997-01-09,29.873584747314453
1997-01-10,63.449729919433594
1997-01-11,93.19288635253906
1997-01-12,79.76998138427734
1997-01-13,59.411659240722656
1997-01-14,45.372737884521484
1997-01-15,36.81050109863281
1997-01-16,43.8106689453125
1997-01-17,63.33123016357422
1997-01-18,61.74971008300781
1997-01-19,46.877891540527344
1997-01-20,37.34953308105469
1997-01-21,33.39994812011719
1997-01-22,32.481727600097656
1997-01-23,33.05155944824219
1997-01-24,34.55400085449219
1997-01-25,39.94674301147461
1997-01-26,46.099788665771484
1997-01-27,41.90678787231445
1997-01-28,38.89143371582031
1997-01-29,47.937843322753906
1997-01-30,52.82275390625
1997-01-31,45.19839096069336
1997-02-01,38.933448791503906
1997-02-02,33.93539810180664
1997-02-03,30.149309158325195
1997-02-04,27.56526756286621
1997-02-05,27.200233459472656
1997-02-06,28.375974655151367
1997-02-07,27.69719696044922
1997-02-08,29.231422424316406
1997-02-09,42.65641784667969
1997-02-10,51.979652404785156
1997-02-11,43.86648178100586
1997-02-12,37.43815231323242
1997-02-13,33.63718032836914
1997-02-14,54.670616149902344
1997-02-15,154.95098876953125
1997-02-16,238.73004150390625
1997-02-17,164.55279541015625
1997-02-18,100.05380249023438
1997-02-19,66.80838012695312
1997-02-20,51.510868072509766
1997-02-21,43.28146743774414
1997-02-22,40.122161865234375
1997-02-23,42.25170135498047
1997-02-24,39.80077362060547
1997-02-25,34.134796142578125
1997-02-26,30.629066467285156
1997-02-27,29.39165496826172
1997-02-28,33.76641845703125
1997-03-01,58.8774299621582
1997-03-02,95.22000885009766
1997-03-03,87.684814453125
1997-03-04,85.0197982788086
1997-03-05,81.98709106445312
1997-03-06,65.91393280029297
1997-03-07,64.52410125732422
1997-03-08,56.62774658203125
1997-03-09,45.48046112060547
1997-03-10,38.301048278808594
1997-03-11,33.95933151245117
1997-03-12,30.47446060180664
1997-03-13,28.369037628173828
1997-03-14,30.35350799560547
1997-03-15,41.13679504394531
1997-03-16,46.81317901611328
1997-03-17,38.42400360107422
1997-03-18,31.960786819458008
1997-03-19,37.97438049316406
1997-03-20,71.51150512695312
1997-03-21,91.87371826171875
1997-03-22,66.10736083984375
1997-03-23,47.51799392700195
1997-03-24,38.0725212097168
1997-03-25,32.8072395324707
1997-03-26,32.238136291503906
1997-03-27,37.88309097290039
1997-03-28,37.83050537109375
1997-03-29,33.59710693359375
1997-03-30,30.089826583862305
1997-03-31,27.822933197021484
1997-04-01,26.641742706298828
1997-04-02,25.072776794433594
1997-04-03,23.568391799926758
1997-04-04,22.536542892456055
1997-04-05,21.78919219970703
1997-04-06,21.991085052490234
1997-04-07,25.777786254882812
1997-04-08,28.61102294921875
1997-04-09,25.31717872619629
1997-04-10,22.469642639160156
1997-04-11,20.503751754760742
1997-04-12,20.930965423583984
1997-04-13,28.023677825927734
1997-04-14,34.9320068359375
1997-04-15,29.897293090820312
1997-04-16,24.715988159179688
1997-04-17,22.136043548583984
1997-04-18,20.7510929107666
1997-04-19,19.53880500793457
1997-04-20,18.78839111328125
1997-04-21,18.34540557861328
1997-04-22,20.248319625854492
1997-04-23,38.746124267578125
1997-04-24,80.08574676513672
1997-04-25,92.98250579833984
1997-04-26,64.8351821899414
1997-04-27,45.042240142822266
1997-04-28,65.37789154052734
1997-04-29,209.68165588378906
1997-04-30,298.1192626953125
1997-05-01,186.0327606201172
1997-05-02,105.4202651977539
1997-05-03,72.32705688476562
1997-05-04,65.16434478759766
1997-05-05,60.43888854980469
1997-05-06,48.19477844238281
1997-05-07,39.35594177246094
1997-05-08,33.65296936035156
1997-05-09,30.208534240722656
1997-05-10,28.690879821777344
1997-05-11,27.21853256225586
1997-05-12,25.01677131652832
1997-05-13,23.544721603393555
1997-05-14,22.354976654052734
1997-05-15,21.259624481201172
1997-05-16,20.12140655517578
1997-05-17,18.804224014282227
1997-05-18,17.929288864135742
1997-05-19,17.388277053833008
1997-05-20,16.551963806152344
1997-05-21,15.715956687927246
1997-05-22,15.08015251159668
1997-05-23,14.302285194396973
1997-05-24,13.793119430541992
1997-05-25,13.49783992767334
1997-05-26,14.017098426818848
1997-05-27,16.20177459716797
1997-05-28,17.10613250732422
1997-05-29,15.614534378051758
1997-05-30,14.02573299407959
1997-05-31,13.053215980529785
1997-06-01,13.000982284545898
1997-06-02,16.00558853149414
1997-06-03,24.472854614257812
1997-06-04,33.82966995239258
1997-06-05,34.007850646972656
1997-06-06,25.932798385620117
1997-06-07,22.164749145507812
1997-06-08,20.630687713623047
1997-06-09,17.813560485839844
1997-06-10,15.617860794067383
1997-06-11,14.201984405517578
1997-06-12,13.36296558380127
1997-06-13,14.762078285217285
1997-06-14,18.40886688232422
1997-06-15,20.740093231201172
1997-06-16,19.607847213745117
1997-06-17,16.338970184326172
1997-06-18,14.442593574523926
1997-06-19,14.263715744018555
1997-06-20,13.797670364379883
1997-06-21,12.502213478088379
1997-06-22,11.707891464233398
1997-06-23,10.991059303283691
1997-06-24,10.155312538146973
1997-06-25,9.428033828735352
1997-06-26,9.133323669433594
1997-06-27,9.376140594482422
1997-06-28,9.800188064575195
1997-06-29,9.659607887268066
1997-06-30,8.838025093078613
1997-07-01,8.883942604064941
1997-07-02,10.665399551391602
1997-07-03,11.680736541748047
1997-07-04,10.859573364257812
1997-07-05,9.55356502532959
1997-07-06,8.635528564453125
1997-07-07,8.26772689819336
1997-07-08,7.880860328674316
1997-07-09,7.433302402496338
1997-07-10,7.158356666564941
1997-07-11,6.98838996887207
1997-07-12,6.744339942932129
1997-07-13,6.379010200500488
1997-07-14,6.027523994445801
1997-07-15,5.799831390380859
1997-07-16,6.2265472412109375
1997-07-17,8.571203231811523
1997-07-18,11.203068733215332
1997-07-19,10.740336418151855
1997-07-20,8.948957443237305
1997-07-21,7.908398628234863
1997-07-22,8.114232063293457
1997-07-23,12.821308135986328
1997-07-24,26.022808074951172
1997-07-25,36.45426940917969
1997-07-26,30.120227813720703
1997-07-27,19.562606811523438
1997-07-28,14.142247200012207
1997-07-29,12.8477783203125
1997-07-30,12.996148109436035
1997-07-31,12.256766319274902
1997-08-01,10.834516525268555
1997-08-02,9.086280822753906
1997-08-03,7.890792369842529
1997-08-04,7.256656646728516
1997-08-05,7.427884101867676
1997-08-06,8.014883041381836
1997-08-07,7.688992977142334
1997-08-08,7.218799591064453
1997-08-09,6.826131343841553
1997-08-10,6.406435489654541
1997-08-11,6.2437615394592285
1997-08-12,6.0808539390563965
1997-08-13,5.761630058288574
1997-08-14,5.5129170417785645
1997-08-15,5.3342742919921875
1997-08-16,5.159510612487793
1997-08-17,4.944403648376465
1997-08-18,4.696957588195801
1997-08-19,4.453155517578125
1997-08-20,4.8640546798706055
1997-08-21,6.66726016998291
1997-08-22,8.081693649291992
1997-08-23,6.9371490478515625
1997-08-24,5.722842216491699
1997-08-25,5.0877556800842285
1997-08-26,4.892759799957275
1997-08-27,4.849720478057861
1997-08-28,4.677797794342041
1997-08-29,4.476541042327881
1997-08-30,4.280980587005615
1997-08-31,4.088464736938477
1997-09-01,3.9773263931274414
1997-09-02,4.1146392822265625
1997-09-03,4.474612712860107
1997-09-04,4.615293979644775
1997-09-05,4.481380462646484
1997-09-06,4.16134786605835
1997-09-07,3.9363231658935547
1997-09-08,3.7709999084472656
1997-09-09,3.7659783363342285
1997-09-10,6.392802715301514
1997-09-11,12.427764892578125
1997-09-12,14.67344856262207
1997-09-13,11.356988906860352
1997-09-14,8.232954025268555
1997-09-15,6.641213417053223
1997-09-16,6.099373817443848
1997-09-17,5.762951374053955
1997-09-18,5.225447654724121
1997-09-19,4.939165115356445
1997-09-20,4.804338455200195
1997-09-21,4.5566558837890625
1997-09-22,4.295036315917969
1997-09-23,4.133300304412842
1997-09-24,4.538829326629639
1997-09-25,6.674873352050781
1997-09-26,9.273073196411133
1997-09-27,8.470376968383789
1997-09-28,6.891897201538086
1997-09-29,6.329980850219727
1997-09-30,6.20966911315918
1997-10-01,5.60850715637207
1997-10-02,4.989645004272461
1997-10-03,4.644939422607422
1997-10-04,4.419231414794922
1997-10-05,4.2408061027526855
1997-10-06,4.089973449707031
1997-10-07,3.933915138244629
1997-10-08,3.817397356033325
1997-10-09,3.733428478240967
1997-10-10,3.6779580116271973
1997-10-11,3.6716675758361816
1997-10-12,3.6775617599487305
1997-10-13,3.6650962829589844
1997-10-14,3.658151626586914
1997-10-15,3.8035428524017334
1997-10-16,4.3137664794921875
1997-10-17,4.692593097686768
1997-10-18,4.9789533615112305
1997-10-19,7.368512153625488
1997-10-20,12.600301742553711
1997-10-21,14.275455474853516
1997-10-22,10.844111442565918
1997-10-23,8.226999282836914
1997-10-24,6.913515090942383
1997-10-25,6.341331958770752
1997-10-26,6.691383361816406
1997-10-27,12.465766906738281
1997-10-28,26.02398681640625
1997-10-29,24.093578338623047
1997-10-30,16.06995391845703
1997-10-31,11.465883255004883
1997-11-01,9.70068359375
1997-11-02,10.231820106506348
1997-11-03,12.213582038879395
1997-11-04,12.067117691040039
1997-11-05,10.402386665344238
1997-11-06,9.133365631103516
1997-11-07,8.562865257263184
1997-11-08,8.582590103149414
1997-11-09,8.505254745483398
1997-11-10,8.114027976989746
1997-11-11,7.712366104125977
1997-11-12,7.407262325286865
1997-11-13,7.733850479125977
1997-11-14,12.001930236816406
1997-11-15,19.546546936035156
1997-11-16,20.81092071533203
1997-11-17,16.504512786865234
1997-11-18,13.230745315551758
1997-11-19,11.29788589477539
1997-11-20,10.20179271697998
1997-11-21,10.67293643951416
1997-11-22,24.91584014892578
1997-11-23,40.18247604370117
1997-11-24,35.30229949951172
1997-11-25,23.85630989074707
1997-11-26,17.526750564575195
1997-11-27,14.38174057006836
1997-11-28,12.60159683227539
1997-11-29,11.675586700439453
1997-11-30,11.639141082763672
1997-12-01,14.380809783935547
1997-12-02,17.344085693359375
1997-12-03,16.280424118041992
1997-12-04,14.36211109161377
1997-12-05,13.388578414916992
1997-12-06,12.95664119720459
1997-12-07,12.198137283325195
1997-12-08,11.342926025390625
1997-12-09,10.709390640258789
1997-12-10,10.670991897583008
1997-12-11,11.88170051574707
1997-12-12,12.958767890930176
1997-12-13,12.30696964263916
1997-12-14,11.53240966796875
1997-12-15,10.873302459716797
1997-12-16,10.430581092834473
1997-12-17,10.094170570373535
1997-12-18,9.878090858459473
1997-12-19,9.677968978881836
1997-12-20,9.566519737243652
1997-12-21,9.436620712280273
1997-12-22,10.20328140258789
1997-12-23,14.217483520507812
1997-12-24,19.2064266204834
1997-12-25,25.258934020996094
1997-12-26,31.497337341308594
1997-12-27,32.350040435791016
1997-12-28,40.04661560058594
1997-12-29,44.08192443847656
1997-12-30,39.36449432373047
1997-12-31,36.83696746826172
1998-01-01,30.78816032409668
1998-01-02,24.969133377075195
1998-01-03,21.69442367553711
1998-01-04,20.27944564819336
1998-01-05,18.997350692749023
1998-01-06,18.67806053161621
1998-01-07,28.502870559692383
1998-01-08,68.72108459472656
1998-01-09,111.26284790039062
1998-01-10,99.78632354736328
1998-01-11,60.6251220703125
1998-01-12,39.239009857177734
1998-01-13,30.26011848449707
1998-01-14,26.52654266357422
1998-01-15,32.193939208984375
1998-01-16,108.20121002197266
1998-01-17,174.33224487304688
1998-01-18,136.76048278808594
1998-01-19,96.06602478027344
1998-01-20,90.98949432373047
1998-01-21,80.74336242675781
1998-01-22,57.32893753051758
1998-01-23,76.7906723022461
1998-01-24,140.93748474121094
1998-01-25,155.96470642089844
1998-01-26,108.06461334228516
1998-01-27,91.52432250976562
1998-01-28,159.8339385986328
1998-01-29,209.34967041015625
1998-01-30,146.33425903320312
1998-01-31,87.70321655273438
1998-02-01,59.371559143066406
1998-02-02,44.75663757324219
1998-02-03,38.08035659790039
1998-02-04,102.3489990234375
1998-02-05,236.9036865234375
1998-02-06,255.64686584472656
1998-02-07,163.4741668701172
1998-02-08,100.03630828857422
1998-02-09,69.31631469726562
1998-02-10,52.33935546875
1998-02-11,45.14982986450195
1998-02-12,48.57475280761719
1998-02-13,50.951324462890625
1998-02-14,43.64910125732422
1998-02-15,37.63894271850586
1998-02-16,41.15745544433594
1998-02-17,201.68331909179688
1998-02-18,382.76806640625
1998-02-19,295.8495178222656
1998-02-20,155.79403686523438
1998-02-21,90.26539611816406
1998-02-22,62.61116027832031
1998-02-23,55.773704528808594
1998-02-24,72.34517669677734
1998-02-25,82.02552795410156
1998-02-26,62.629852294921875
1998-02-27,47.831459045410156
1998-02-28,41.48100662231445
1998-03-01,38.804603576660156
1998-03-02,36.547607421875
1998-03-03,35.190269470214844
1998-03-04,34.060428619384766
1998-03-05,31.76598358154297
1998-03-06,29.39028549194336
1998-03-07,27.594127655029297
1998-03-08,36.554927825927734
1998-03-09,161.1577911376953
1998-03-10,260.48651123046875
1998-03-11,170.67648315429688
1998-03-12,103.50047302246094
1998-03-13,70.53101348876953
1998-03-14,52.968753814697266
1998-03-15,43.347679138183594
1998-03-16,37.64288330078125
1998-03-17,34.20565414428711
1998-03-18,36.97697448730469
1998-03-19,192.81533813476562
1998-03-20,335.90020751953125
1998-03-21,300.7101135253906
1998-03-22,218.39205932617188
1998-03-23,139.32379150390625
1998-03-24,88.64747619628906
1998-03-25,64.09835815429688
1998-03-26,51.71315383911133
1998-03-27,44.15861892700195
1998-03-28,39.31599426269531
1998-03-29,35.731719970703125
1998-03-30,32.82538604736328
1998-03-31,30.637540817260742
1998-04-01,29.416704177856445
1998-04-02,29.56188201904297
1998-04-03,29.482229232788086
1998-04-04,30.099021911621094
1998-04-05,33.94404602050781
1998-04-06,35.1329345703125
1998-04-07,30.94890785217285
1998-04-08,28.08370018005371
1998-04-09,34.161956787109375
1998-04-10,51.855796813964844
1998-04-11,56.25355529785156
1998-04-12,43.33002853393555
1998-04-13,34.24138259887695
1998-04-14,29.899240493774414
1998-04-15,28.30514144897461
1998-04-16,27.30774688720703
1998-04-17,43.62034606933594
1998-04-18,97.5189437866211
1998-04-19,141.52967834472656
1998-04-20,143.6351318359375
1998-04-21,125.45916748046875
1998-04-22,84.44235229492188
1998-04-23,60.67799377441406
1998-04-24,49.35735321044922
1998-04-25,41.541595458984375
1998-04-26,35.911834716796875
1998-04-27,31.94189453125
1998-04-28,29.545238494873047
1998-04-29,28.093055725097656
1998-04-30,26.7281436920166
1998-05-01,27.005062103271484
1998-05-02,31.96481704711914
1998-05-03,36.955814361572266
1998-05-04,33.597900390625
1998-05-05,31.079578399658203
1998-05-06,29.367456436157227
1998-05-07,26.768373489379883
1998-05-08,39.490020751953125
1998-05-09,78.14497375488281
1998-05-10,81.97701263427734
1998-05-11,76.62141418457031
1998-05-12,83.19905090332031
1998-05-13,68.79415130615234
1998-05-14,49.70064926147461
1998-05-15,37.72520065307617
1998-05-16,31.17853355407715
1998-05-17,27.883365631103516
1998-05-18,27.307903289794922
1998-05-19,27.022876739501953
1998-05-20,24.311513900756836
1998-05-21,22.667308807373047
1998-05-22,21.638681411743164
1998-05-23,20.367481231689453
1998-05-24,20.875415802001953
1998-05-25,24.589900970458984
1998-05-26,28.933177947998047
1998-05-27,29.880355834960938
1998-05-28,30.7092227935791
1998-05-29,30.60846519470215
1998-05-30,26.005165100097656
1998-05-31,22.637407302856445
1998-06-01,21.10193634033203
1998-06-02,20.405925750732422
1998-06-03,21.18984603881836
1998-06-04,21.41707420349121
1998-06-05,21.79517364501953
1998-06-06,25.2409725189209
1998-06-07,27.372909545898438
1998-06-08,23.93367576599121
1998-06-09,19.795381546020508
1998-06-10,18.286596298217773
1998-06-11,19.394428253173828
1998-06-12,20.951847076416016
1998-06-13,20.52412223815918
1998-06-14,18.124513626098633
1998-06-15,16.657644271850586
1998-06-16,17.312362670898438
1998-06-17,18.002901077270508
1998-06-18,16.423843383789062
1998-06-19,14.47020149230957
1998-06-20,13.279949188232422
1998-06-21,12.751504898071289
1998-06-22,11.687540054321289
1998-06-23,11.039063453674316
1998-06-24,10.66324234008789
1998-06-25,10.132658958435059
1998-06-26,9.510313987731934
1998-06-27,9.067636489868164
1998-06-28,8.862736701965332
1998-06-29,8.743074417114258
1998-06-30,8.74206256866455
1998-07-01,9.071922302246094
1998-07-02,9.516386032104492
1998-07-03,9.131409645080566
1998-07-04,8.428589820861816
1998-07-05,7.824765205383301
1998-07-06,7.3895978927612305
1998-07-07,7.020560264587402
1998-07-08,6.685881614685059
1998-07-09,6.5622477531433105
1998-07-10,6.531575679779053
1998-07-11,6.282621383666992
1998-07-12,6.048229217529297
1998-07-13,5.927534103393555
1998-07-14,5.790981292724609
1998-07-15,5.551863670349121
1998-07-16,5.407402038574219
1998-07-17,5.799907684326172
1998-07-18,6.611896991729736
1998-07-19,6.411646366119385
1998-07-20,5.81857967376709
1998-07-21,5.467950820922852
1998-07-22,5.328149795532227
1998-07-23,5.25185489654541
1998-07-24,5.311413288116455
1998-07-25,5.420230865478516
1998-07-26,5.556646823883057
1998-07-27,6.256019592285156
1998-07-28,7.147305488586426
1998-07-29,7.466614723205566
1998-07-30,6.753505229949951
1998-07-31,5.935506820678711
1998-08-01,5.745936393737793
1998-08-02,5.765141010284424
1998-08-03,5.275984764099121
1998-08-04,4.815064430236816
1998-08-05,4.506437301635742
1998-08-06,4.268813610076904
1998-08-07,4.073470592498779
1998-08-08,4.0797119140625
1998-08-09,5.228070259094238
1998-08-10,8.483152389526367
1998-08-11,10.779661178588867
1998-08-12,10.282142639160156
1998-08-13,7.8888421058654785
1998-08-14,6.1537346839904785
1998-08-15,5.2757062911987305
1998-08-16,4.914117336273193
1998-08-17,5.495279312133789
1998-08-18,6.613372802734375
1998-08-19,6.474965572357178
1998-08-20,5.566334247589111
1998-08-21,4.879794120788574
1998-08-22,4.446831226348877
1998-08-23,4.172687530517578
1998-08-24,3.947432041168213
1998-08-25,3.7529959678649902
1998-08-26,3.606607437133789
1998-08-27,3.5848805904388428
1998-08-28,3.6245429515838623
1998-08-29,3.5659565925598145
1998-08-30,3.394625663757324
1998-08-31,3.2173984050750732
1998-09-01,3.0918726921081543
1998-09-02,2.985574722290039
1998-09-03,3.2663917541503906
1998-09-04,10.326318740844727
1998-09-05,17.260591506958008
1998-09-06,14.544116973876953
1998-09-07,9.412293434143066
1998-09-08,7.169456958770752
1998-09-09,7.391009330749512
1998-09-10,7.474756717681885
1998-09-11,6.227771282196045
1998-09-12,5.218689918518066
1998-09-13,4.647266387939453
1998-09-14,4.229827880859375
1998-09-15,3.901223659515381
1998-09-16,3.648101568222046
1998-09-17,3.463564395904541
1998-09-18,3.3172147274017334
1998-09-19,3.2423534393310547
1998-09-20,3.2141547203063965
1998-09-21,3.223616123199463
1998-09-22,3.4060873985290527
1998-09-23,3.6891565322875977
1998-09-24,3.639373779296875
1998-09-25,3.420897960662842
1998-09-26,3.265216112136841
1998-09-27,3.158562183380127
1998-09-28,3.0407586097717285
1998-09-29,2.9209022521972656
1998-09-30,2.887211799621582
1998-10-01,2.9483835697174072
1998-10-02,2.9905648231506348
1998-10-03,2.9354348182678223
1998-10-04,2.9072623252868652
1998-10-05,3.0715420246124268
1998-10-06,3.35770845413208
1998-10-07,3.468721628189087
1998-10-08,3.761855125427246
1998-10-09,4.907486438751221
1998-10-10,5.9190754890441895
1998-10-11,5.266972541809082
1998-10-12,4.471373558044434
1998-10-13,4.0302581787109375
1998-10-14,3.7786126136779785
1998-10-15,3.5955111980438232
1998-10-16,3.4559147357940674
1998-10-17,3.3598508834838867
1998-10-18,3.2990200519561768
1998-10-19,3.2333569526672363
1998-10-20,3.2306857109069824
1998-10-21,3.227083921432495
1998-10-22,3.2248499393463135
1998-10-23,3.1688499450683594
1998-10-24,3.121809482574463
1998-10-25,3.1747148036956787
1998-10-26,3.2298171520233154
1998-10-27,3.25356125831604
1998-10-28,3.211660861968994
1998-10-29,3.1414976119995117
1998-10-30,3.101515531539917
1998-10-31,3.1477227210998535
1998-11-01,3.1296539306640625
1998-11-02,3.2226850986480713
1998-11-03,3.4168288707733154
1998-11-04,3.7863059043884277
1998-11-05,4.2432169914245605
1998-11-06,4.2570695877075195
1998-11-07,4.087353706359863
1998-11-08,4.051247596740723
1998-11-09,4.076279640197754
1998-11-10,4.029001235961914
1998-11-11,4.0826592445373535
1998-11-12,4.399964809417725
1998-11-13,4.7474684715271
1998-11-14,4.680348873138428
1998-11-15,4.648447513580322
1998-11-16,4.865101337432861
1998-11-17,5.098657131195068
1998-11-18,5.158071517944336
1998-11-19,4.989086151123047
1998-11-20,4.875967979431152
1998-11-21,4.709134578704834
1998-11-22,4.618232250213623
1998-11-23,4.574001312255859
1998-11-24,4.533050537109375
1998-11-25,4.411647319793701
1998-11-26,4.4960246086120605
1998-11-27,4.705575942993164
1998-11-28,4.941393852233887
1998-11-29,4.927395343780518
1998-11-30,4.799765586853027
1998-12-01,4.662839412689209
1998-12-02,4.525580406188965
1998-12-03,4.5223846435546875
1998-12-04,4.467778205871582
1998-12-05,4.479568004608154
1998-12-06,4.506367206573486
1998-12-07,4.460947513580322
1998-12-08,4.371199607849121
1998-12-09,4.802993297576904
1998-12-10,6.369253158569336
1998-12-11,7.148050308227539
1998-12-12,6.3423686027526855
1998-12-13,8.541068077087402
1998-12-14,18.03217124938965
1998-12-15,23.1896915435791
1998-12-16,17.91166114807129
1998-12-17,16.27328872680664
1998-12-18,14.919458389282227
1998-12-19,11.896231651306152
1998-12-20,9.858312606811523
1998-12-21,8.85371208190918
1998-12-22,8.328943252563477
1998-12-23,8.016538619995117
1998-12-24,9.254049301147461
1998-12-25,12.38172721862793
1998-12-26,14.354336738586426
1998-12-27,13.615431785583496
1998-12-28,12.551589965820312
1998-12-29,11.888297080993652
1998-12-30,11.526883125305176
1998-12-31,11.02708625793457
1999-01-01,9.984137535095215
1999-01-02,9.079869270324707
1999-01-03,25.916044235229492
1999-01-04,63.06418228149414
1999-01-05,65.91483306884766
1999-01-06,41.98798370361328
1999-01-07,26.745655059814453
1999-01-08,19.979190826416016
1999-01-09,17.107595443725586
1999-01-10,16.282957077026367
1999-01-11,14.745335578918457
1999-01-12,12.954347610473633
1999-01-13,11.843610763549805
1999-01-14,11.137604713439941
1999-01-15,14.301470756530762
1999-01-16,22.76666831970215
1999-01-17,25.065439224243164
1999-01-18,21.62765121459961
1999-01-19,24.285701751708984
1999-01-20,26.889286041259766
1999-01-21,21.802358627319336
1999-01-22,17.29835319519043
1999-01-23,15.318364143371582
1999-01-24,61.36090850830078
1999-01-25,138.46005249023438
1999-01-26,128.5408172607422
1999-01-27,69.3397445678711
1999-01-28,39.82218551635742
1999-01-29,27.8533935546875
1999-01-30,22.065855026245117
1999-01-31,18.693622589111328
1999-02-01,17.760711669921875
1999-02-02,22.503732681274414
1999-02-03,29.318397521972656
1999-02-04,28.57617950439453
1999-02-05,23.690021514892578
1999-02-06,19.749263763427734
1999-02-07,17.350215911865234
1999-02-08,15.895431518554688
1999-02-09,14.915388107299805
1999-02-10,13.971732139587402
1999-02-11,13.242831230163574
1999-02-12,13.019100189208984
1999-02-13,13.58403205871582
1999-02-14,13.892034530639648
1999-02-15,13.081332206726074
1999-02-16,12.228628158569336
1999-02-17,11.76383113861084
1999-02-18,12.432755470275879
1999-02-19,17.22040557861328
1999-02-20,23.75875473022461
1999-02-21,23.616281509399414
1999-02-22,20.29446792602539
1999-02-23,17.5220947265625
1999-02-24,15.572181701660156
1999-02-25,14.42707633972168
1999-02-26,13.55687141418457
1999-02-27,12.831308364868164
1999-02-28,12.58373737335205
1999-03-01,13.513864517211914
1999-03-02,14.370122909545898
1999-03-03,14.10283374786377
1999-03-04,15.052629470825195
1999-03-05,16.150558471679688
1999-03-06,15.086324691772461
1999-03-07,14.05156421661377
1999-03-08,13.293539047241211
1999-03-09,12.642870903015137
1999-03-10,12.563512802124023
1999-03-11,12.932535171508789
1999-03-12,12.523920059204102
1999-03-13,11.983501434326172
1999-03-14,13.29582691192627
1999-03-15,31.471776962280273
1999-03-16,54.47621154785156
1999-03-17,48.61626434326172
1999-03-18,34.01012420654297
1999-03-19,25.351381301879883
1999-03-20,20.57114601135254
1999-03-21,20.801441192626953
1999-03-22,30.294479370117188
1999-03-23,36.07111358642578
1999-03-24,29.060379028320312
1999-03-25,23.643131256103516
1999-03-26,20.911113739013672
1999-03-27,19.43745994567871
1999-03-28,17.59052085876465
1999-03-29,16.001724243164062
1999-03-30,14.952638626098633
1999-03-31,14.115127563476562
1999-04-01,15.98507022857666
1999-04-02,25.7620792388916
1999-04-03,31.500186920166016
1999-04-04,25.883012771606445
1999-04-05,20.915828704833984
1999-04-06,17.844886779785156
1999-04-07,15.75364875793457
1999-04-08,14.326258659362793
1999-04-09,13.419937133789062
1999-04-10,12.761571884155273
1999-04-11,12.538249015808105
1999-04-12,13.42365550994873
1999-04-13,14.01148796081543
1999-04-14,12.937806129455566
1999-04-15,12.014198303222656
1999-04-16,12.128801345825195
1999-04-17,12.710323333740234
1999-04-18,12.124329566955566
1999-04-19,11.254730224609375
1999-04-20,10.587635040283203
1999-04-21,10.152298927307129
1999-04-22,9.688311576843262
1999-04-23,9.275735855102539
1999-04-24,8.894025802612305
1999-04-25,8.5695161819458
1999-04-26,8.269170761108398
1999-04-27,8.196439743041992
1999-04-28,9.966526985168457
1999-04-29,23.856576919555664
1999-04-30,67.28630828857422
1999-05-01,99.69132995605469
1999-05-02,79.302734375
1999-05-03,48.85780334472656
1999-05-04,31.053964614868164
1999-05-05,22.235572814941406
1999-05-06,17.92603302001953
1999-05-07,15.505645751953125
1999-05-08,14.455759048461914
1999-05-09,14.703612327575684
1999-05-10,14.19521427154541
1999-05-11,12.576905250549316
1999-05-12,11.062541961669922
1999-05-13,10.175280570983887
1999-05-14,17.07914161682129
1999-05-15,43.71278381347656
1999-05-16,58.36677932739258
1999-05-17,40.54198455810547
1999-05-18,25.72916030883789
1999-05-19,18.339977264404297
1999-05-20,14.8734712600708
1999-05-21,12.819462776184082
1999-05-22,11.38237476348877
1999-05-23,10.59511947631836
1999-05-24,9.962703704833984
1999-05-25,9.293012619018555
1999-05-26,8.697615623474121
1999-05-27,8.329516410827637
1999-05-28,8.010880470275879
1999-05-29,7.545290470123291
1999-05-30,7.11424446105957
1999-05-31,6.724498748779297
1999-06-01,6.354450702667236
1999-06-02,5.987327575683594
1999-06-03,5.642583847045898
1999-06-04,5.317121505737305
1999-06-05,5.030946731567383
1999-06-06,4.776632308959961
1999-06-07,4.562943458557129
1999-06-08,4.373872756958008
1999-06-09,4.177236080169678
1999-06-10,3.9884142875671387
1999-06-11,3.837569236755371
1999-06-12,3.768354654312134
1999-06-13,3.7360610961914062
1999-06-14,3.607085943222046
1999-06-15,3.578444004058838
1999-06-16,4.047807693481445
1999-06-17,5.695951461791992
1999-06-18,7.392180442810059
1999-06-19,7.123873710632324
1999-06-20,5.998727321624756
1999-06-21,5.566013813018799
1999-06-22,5.674681663513184
1999-06-23,5.487950325012207
1999-06-24,4.942620754241943
1999-06-25,4.3883585929870605
1999-06-26,4.190252304077148
1999-06-27,4.236751556396484
1999-06-28,4.291290283203125
1999-06-29,4.349168300628662
1999-06-30,4.2592997550964355
1999-07-01,4.5635905265808105
1999-07-02,6.923845291137695
1999-07-03,9.798151969909668
1999-07-04,8.642322540283203
1999-07-05,6.542458534240723
1999-07-06,5.222906589508057
1999-07-07,4.664132118225098
1999-07-08,4.9290995597839355
1999-07-09,5.611411094665527
1999-07-10,5.218898296356201
1999-07-11,4.696359634399414
1999-07-12,4.947824001312256
1999-07-13,6.255343914031982
1999-07-14,8.193326950073242
1999-07-15,9.324975967407227
1999-07-16,9.080230712890625
1999-07-17,7.481659889221191
1999-07-18,6.0308942794799805
1999-07-19,5.213333606719971
1999-07-20,4.603107452392578
1999-07-21,4.1646599769592285
1999-07-22,4.095125198364258
1999-07-23,4.834163188934326
1999-07-24,6.021775722503662
1999-07-25,6.315850734710693
1999-07-26,6.155585289001465
1999-07-27,5.23530387878418
1999-07-28,4.342788219451904
1999-07-29,3.9440739154815674
1999-07-30,4.1949639320373535
1999-07-31,4.763185501098633
1999-08-01,4.470118045806885
1999-08-02,3.895108699798584
1999-08-03,3.4585046768188477
1999-08-04,3.118901252746582
1999-08-05,2.817559242248535
1999-08-06,2.583773612976074
1999-08-07,2.418534755706787
1999-08-08,2.2959046363830566
1999-08-09,2.2182443141937256
1999-08-10,2.2132558822631836
1999-08-11,2.2215142250061035
1999-08-12,2.1423535346984863
1999-08-13,2.02659010887146
1999-08-14,2.035490036010742
1999-08-15,2.759173631668091
1999-08-16,4.329461097717285
1999-08-17,4.697355270385742
1999-08-18,3.8714687824249268
1999-08-19,3.100008010864258
1999-08-20,2.73866605758667
1999-08-21,3.022333860397339
1999-08-22,3.5312137603759766
1999-08-23,3.2674338817596436
1999-08-24,2.816175699234009
1999-08-25,2.664062976837158
1999-08-26,3.2104856967926025
1999-08-27,5.463923931121826
1999-08-28,8.13707160949707
1999-08-29,7.80250883102417
1999-08-30,5.789319038391113
1999-08-31,4.456264019012451
1999-09-01,3.618985652923584
1999-09-02,3.1021549701690674
1999-09-03,2.7596354484558105
1999-09-04,2.558147668838501
1999-09-05,8.564722061157227
1999-09-06,50.66447448730469
1999-09-07,77.14756774902344
1999-09-08,49.187137603759766
1999-09-09,24.423219680786133
1999-09-10,14.478195190429688
1999-09-11,10.919353485107422
1999-09-12,8.596054077148438
1999-09-13,6.889998912811279
1999-09-14,5.786691665649414
1999-09-15,6.888640403747559
1999-09-16,141.403076171875
1999-09-17,216.497802734375
1999-09-18,115.05338287353516
1999-09-19,51.283226013183594
1999-09-20,26.839231491088867
1999-09-21,18.564786911010742
1999-09-22,17.790231704711914
1999-09-23,17.74634552001953
1999-09-24,14.417099952697754
1999-09-25,11.626015663146973
1999-09-26,9.834734916687012
1999-09-27,10.0786771774292
1999-09-28,33.221858978271484
1999-09-29,95.742431640625
1999-09-30,137.45420837402344
1999-10-01,124.21883392333984
1999-10-02,69.41104125976562
1999-10-03,38.36738204956055
1999-10-04,25.4993953704834
1999-10-05,20.619525909423828
1999-10-06,18.21782684326172
1999-10-07,15.581424713134766
1999-10-08,13.618473052978516
1999-10-09,12.256033897399902
1999-10-10,11.91087532043457
1999-10-11,16.20736312866211
1999-10-12,25.086837768554688
1999-10-13,27.53148651123047
1999-10-14,26.11507797241211
1999-10-15,24.262636184692383
1999-10-16,19.436321258544922
1999-10-17,19.196027755737305
1999-10-18,31.318220138549805
1999-10-19,38.73170852661133
1999-10-20,34.298301696777344
1999-10-21,45.03840255737305
1999-10-22,47.40653991699219
1999-10-23,34.37135696411133
1999-10-24,25.388343811035156
1999-10-25,20.200843811035156
1999-10-26,17.06311798095703
1999-10-27,15.09971809387207
1999-10-28,13.700586318969727
1999-10-29,12.685314178466797
1999-10-30,11.93560791015625
1999-10-31,11.339813232421875
1999-11-01,10.956827163696289
1999-11-02,12.213449478149414
1999-11-03,16.4918212890625
1999-11-04,18.697771072387695
1999-11-05,16.342512130737305
1999-11-06,14.237234115600586
1999-11-07,12.867355346679688
1999-11-08,11.85690975189209
1999-11-09,11.232789039611816
1999-11-10,10.785357475280762
1999-11-11,10.33074951171875
1999-11-12,10.097015380859375
1999-11-13,9.966790199279785
1999-11-14,9.73560905456543
1999-11-15,9.425971984863281
1999-11-16,9.055498123168945
1999-11-17,8.807527542114258
1999-11-18,8.716756820678711
1999-11-19,8.648920059204102
1999-11-20,8.59660530090332
1999-11-21,8.506563186645508
1999-11-22,8.601777076721191
1999-11-23,8.954883575439453
1999-11-24,9.215251922607422
1999-11-25,9.102813720703125
1999-11-26,10.248740196228027
1999-11-27,16.56930160522461
1999-11-28,22.32387351989746
1999-11-29,18.9000244140625
1999-11-30,15.09257698059082
1999-12-01,12.93501091003418
1999-12-02,11.781732559204102
1999-12-03,11.009525299072266
1999-12-04,10.506958961486816
1999-12-05,10.124303817749023
1999-12-06,10.052133560180664
1999-12-07,10.581628799438477
1999-12-08,11.096455574035645
1999-12-09,10.676177024841309
1999-12-10,10.474496841430664
1999-12-11,11.02781867980957
1999-12-12,11.42128849029541
1999-12-13,10.960149765014648
1999-12-14,14.450615882873535
1999-12-15,25.94548797607422
1999-12-16,30.834442138671875
1999-12-17,23.95084571838379
1999-12-18,18.470842361450195
1999-12-19,15.624526023864746
1999-12-20,14.423891067504883
1999-12-21,15.185846328735352
1999-12-22,19.362064361572266
1999-12-23,22.54921531677246
1999-12-24,20.286266326904297
1999-12-25,17.69817352294922
1999-12-26,15.877806663513184
1999-12-27,14.342738151550293
1999-12-28,13.303837776184082
1999-12-29,12.523479461669922
1999-12-30,11.98666000366211
1999-12-31,11.610107421875
2000-01-01,11.3405122756958
2000-01-02,11.108305931091309
2000-01-03,10.87350082397461
2000-01-04,11.186161994934082
2000-01-05,14.181733131408691
2000-01-06,18.203676223754883
2000-01-07,16.9510498046875
2000-01-08,14.954476356506348
2000-01-09,14.336118698120117
2000-01-10,32.762508392333984
2000-01-11,67.86961364746094
2000-01-12,68.47601318359375
2000-01-13,44.036346435546875
2000-01-14,29.95520782470703
2000-01-15,23.106521606445312
2000-01-16,19.374317169189453
2000-01-17,17.050016403198242
2000-01-18,15.53054428100586
2000-01-19,15.06469440460205
2000-01-20,16.475650787353516
2000-01-21,18.50796127319336
2000-01-22,17.97966766357422
2000-01-23,16.533926010131836
2000-01-24,16.97854995727539
2000-01-25,21.644916534423828
2000-01-26,26.943527221679688
2000-01-27,26.047544479370117
2000-01-28,21.787757873535156
2000-01-29,18.802913665771484
2000-01-30,20.021751403808594
2000-01-31,26.839445114135742
2000-02-01,31.265336990356445
2000-02-02,29.834453582763672
2000-02-03,28.46893310546875
2000-02-04,29.438608169555664
2000-02-05,33.23293685913086
2000-02-06,36.19525909423828
2000-02-07,38.30043411254883
2000-02-08,41.93171691894531
2000-02-09,41.93315505981445
2000-02-10,37.32453536987305
2000-02-11,34.20576858520508
2000-02-12,44.260684967041016
2000-02-13,66.38946533203125
2000-02-14,80.38018035888672
2000-02-15,82.19635009765625
2000-02-16,72.8583755493164
2000-02-17,53.57014465332031
2000-02-18,43.80720520019531
2000-02-19,47.05426788330078
2000-02-20,47.95001220703125
2000-02-21,38.62522506713867
2000-02-22,31.081073760986328
2000-02-23,26.376663208007812
2000-02-24,23.861412048339844
2000-02-25,22.131057739257812
2000-02-26,20.683568954467773
2000-02-27,19.595088958740234
2000-02-28,19.69080924987793
2000-02-29,20.582284927368164
2000-03-01,20.04848289489746
2000-03-02,18.858661651611328
2000-03-03,17.76184844970703
2000-03-04,16.82837677001953
2000-03-05,16.267316818237305
2000-03-06,15.778068542480469
2000-03-07,15.222278594970703
2000-03-08,14.646286010742188
2000-03-09,14.338232040405273
2000-03-10,14.001276969909668
2000-03-11,13.654199600219727
2000-03-12,14.19218635559082
2000-03-13,15.530780792236328
2000-03-14,15.439516067504883
2000-03-15,14.457996368408203
2000-03-16,15.84250259399414
2000-03-17,50.99907302856445
2000-03-18,77.67615509033203
2000-03-19,56.096492767333984
2000-03-20,40.46312713623047
2000-03-21,50.034149169921875
2000-03-22,68.29644012451172
2000-03-23,59.75531768798828
2000-03-24,42.95514678955078
2000-03-25,32.37424850463867
2000-03-26,27.077289581298828
2000-03-27,25.130170822143555
2000-03-28,27.771162033081055
2000-03-29,30.034006118774414
2000-03-30,26.647506713867188
2000-03-31,23.639671325683594
2000-04-01,21.672677993774414
2000-04-02,19.852766036987305
2000-04-03,20.99733543395996
2000-04-04,28.361141204833984
2000-04-05,34.6832389831543
2000-04-06,29.90685272216797
2000-04-07,24.09876823425293
2000-04-08,24.541879653930664
2000-04-09,34.11134338378906
2000-04-10,38.276981353759766
2000-04-11,30.691049575805664
2000-04-12,24.805240631103516
2000-04-13,22.828365325927734
2000-04-14,26.80063819885254
2000-04-15,36.26858901977539
2000-04-16,51.048789978027344
2000-04-17,55.848907470703125
2000-04-18,50.30729675292969
2000-04-19,53.0313606262207
2000-04-20,51.00493621826172
2000-04-21,39.201393127441406
2000-04-22,30.788740158081055
2000-04-23,25.522777557373047
2000-04-24,22.23281478881836
2000-04-25,21.54334259033203
2000-04-26,26.08673095703125
2000-04-27,33.521690368652344
2000-04-28,41.63418960571289
2000-04-29,56.955116271972656
2000-04-30,59.2332878112793
2000-05-01,44.291805267333984
2000-05-02,33.32951736450195
2000-05-03,27.15505027770996
2000-05-04,23.43996810913086
2000-05-05,20.600378036499023
2000-05-06,18.535022735595703
2000-05-07,17.03350830078125
2000-05-08,15.822576522827148
2000-05-09,14.653806686401367
2000-05-10,13.647613525390625
2000-05-11,12.841652870178223
2000-05-12,12.196308135986328
2000-05-13,11.655498504638672
2000-05-14,11.137917518615723
2000-05-15,10.86342716217041
2000-05-16,10.501126289367676
2000-05-17,9.874606132507324
2000-05-18,9.580977439880371
2000-05-19,9.300680160522461
2000-05-20,8.872254371643066
2000-05-21,8.923009872436523
2000-05-22,11.437471389770508
2000-05-23,14.454947471618652
2000-05-24,14.019131660461426
2000-05-25,12.496726036071777
2000-05-26,12.008291244506836
2000-05-27,11.529730796813965
2000-05-28,10.792012214660645
2000-05-29,10.95034408569336
2000-05-30,11.122937202453613
2000-05-31,10.383934020996094
2000-06-01,9.085470199584961
2000-06-02,8.2062349319458
2000-06-03,7.693306922912598
2000-06-04,7.707667827606201
2000-06-05,8.451518058776855
2000-06-06,10.400333404541016
2000-06-07,13.574284553527832
2000-06-08,12.15191650390625
2000-06-09,9.647515296936035
2000-06-10,8.143877029418945
2000-06-11,7.168422698974609
2000-06-12,6.456933498382568
2000-06-13,5.911038398742676
2000-06-14,5.6105217933654785
2000-06-15,6.432099342346191
2000-06-16,10.855271339416504
2000-06-17,16.86289405822754
2000-06-18,15.37207317352295
2000-06-19,12.631488800048828
2000-06-20,14.584846496582031
2000-06-21,15.672521591186523
2000-06-22,12.80477523803711
2000-06-23,10.366619110107422
2000-06-24,8.846757888793945
2000-06-25,7.450174331665039
2000-06-26,6.680230140686035
2000-06-27,6.605639934539795
2000-06-28,8.015372276306152
2000-06-29,11.49969482421875
2000-06-30,14.388850212097168
2000-07-01,13.187427520751953
2000-07-02,9.786382675170898
2000-07-03,7.658323287963867
2000-07-04,6.4663496017456055
2000-07-05,5.895672798156738
2000-07-06,5.953812122344971
2000-07-07,6.116817474365234
2000-07-08,5.882384777069092
2000-07-09,5.4864726066589355
2000-07-10,5.125271320343018
2000-07-11,4.757620811462402
2000-07-12,4.549997329711914
2000-07-13,5.181092262268066
2000-07-14,6.798009872436523
2000-07-15,7.896730899810791
2000-07-16,7.5633955001831055
2000-07-17,6.764155864715576
2000-07-18,5.851193904876709
2000-07-19,5.1025543212890625
2000-07-20,4.563027381896973
2000-07-21,4.260398864746094
2000-07-22,4.104029655456543
2000-07-23,4.689451217651367
2000-07-24,7.790930271148682
2000-07-25,12.201580047607422
2000-07-26,14.210082054138184
2000-07-27,12.874871253967285
2000-07-28,10.397239685058594
2000-07-29,8.555740356445312
2000-07-30,7.9816789627075195
2000-07-31,7.8636884689331055
2000-08-01,8.353452682495117
2000-08-02,10.49087905883789
2000-08-03,12.658404350280762
2000-08-04,13.756379127502441
2000-08-05,13.983047485351562
2000-08-06,12.60561752319336
2000-08-07,10.014495849609375
2000-08-08,8.285372734069824
2000-08-09,7.396768569946289
2000-08-10,8.122684478759766
2000-08-11,11.790616989135742
2000-08-12,12.943485260009766
2000-08-13,10.38075065612793
2000-08-14,8.293954849243164
2000-08-15,6.895839691162109
2000-08-16,5.935965061187744
2000-08-17,5.314472198486328
2000-08-18,5.26068639755249
2000-08-19,5.900558948516846
2000-08-20,5.999046802520752
2000-08-21,5.327877998352051
2000-08-22,4.773509979248047
2000-08-23,4.36553955078125
2000-08-24,4.042667388916016
2000-08-25,3.8222479820251465
2000-08-26,3.7620773315429688
2000-08-27,4.5026960372924805
2000-08-28,10.044819831848145
2000-08-29,15.255942344665527
2000-08-30,13.905786514282227
2000-08-31,11.050494194030762
2000-09-01,11.34911060333252
2000-09-02,15.168767929077148
2000-09-03,22.861019134521484
2000-09-04,31.286195755004883
2000-09-05,32.167964935302734
2000-09-06,24.53449058532715
2000-09-07,16.713756561279297
2000-09-08,11.918501853942871
2000-09-09,9.259224891662598
2000-09-10,7.806116580963135
2000-09-11,6.843622207641602
2000-09-12,6.129849433898926
2000-09-13,5.578132629394531
2000-09-14,5.35368537902832
2000-09-15,6.072610855102539
2000-09-16,9.250358581542969
2000-09-17,9.923999786376953
2000-09-18,8.221117973327637
2000-09-19,8.119827270507812
2000-09-20,10.767841339111328
2000-09-21,11.667906761169434
2000-09-22,10.338079452514648
2000-09-23,13.48537826538086
2000-09-24,23.42105484008789
2000-09-25,28.173967361450195
2000-09-26,32.70017623901367
2000-09-27,37.29227828979492
2000-09-28,30.114450454711914
2000-09-29,20.09659194946289
2000-09-30,14.299452781677246
2000-10-01,11.272546768188477
2000-10-02,9.527278900146484
2000-10-03,8.395822525024414
2000-10-04,7.569367408752441
2000-10-05,6.919898986816406
2000-10-06,6.4247517585754395
2000-10-07,6.043593406677246
2000-10-08,5.823517322540283
2000-10-09,5.711442947387695
2000-10-10,5.541120529174805
2000-10-11,5.329997539520264
2000-10-12,5.155618667602539
2000-10-13,5.043978691101074
2000-10-14,5.03204345703125
2000-10-15,4.971116542816162
2000-10-16,4.9073686599731445
2000-10-17,4.806189060211182
2000-10-18,4.6659746170043945
2000-10-19,4.543133735656738
2000-10-20,4.454901695251465
2000-10-21,4.427164554595947
2000-10-22,4.3337082862854
2000-10-23,4.2035980224609375
2000-10-24,4.109170913696289
2000-10-25,4.104791641235352
2000-10-26,4.121109485626221
2000-10-27,4.08522367477417
2000-10-28,4.024631023406982
2000-10-29,3.931462287902832
2000-10-30,3.860295057296753
2000-10-31,3.8399319648742676
2000-11-01,3.9051952362060547
2000-11-02,4.142003536224365
2000-11-03,4.324447154998779
2000-11-04,4.402355194091797
2000-11-05,4.305430889129639
2000-11-06,4.3032426834106445
2000-11-07,4.367048263549805
2000-11-08,4.423544406890869
2000-11-09,4.512450218200684
2000-11-10,4.810124397277832
2000-11-11,5.227725505828857
2000-11-12,5.128134727478027
2000-11-13,4.945688247680664
2000-11-14,4.94596529006958
2000-11-15,5.329422950744629
2000-11-16,5.6976752281188965
2000-11-17,5.672755718231201
2000-11-18,5.563692092895508
2000-11-19,5.557106971740723
2000-11-20,5.7437028884887695
2000-11-21,6.077669620513916
2000-11-22,5.936182022094727
2000-11-23,5.672510623931885
2000-11-24,5.467485427856445
2000-11-25,5.735070705413818
2000-11-26,7.439889907836914
2000-11-27,9.735261917114258
2000-11-28,9.447112083435059
2000-11-29,8.25691032409668
2000-11-30,7.416181564331055
2000-12-01,6.897460460662842
2000-12-02,6.556609630584717
2000-12-03,6.333350658416748
2000-12-04,6.283390045166016
2000-12-05,6.153373718261719
2000-12-06,5.978635787963867
2000-12-07,5.814692497253418
2000-12-08,5.707494258880615
2000-12-09,5.6878252029418945
2000-12-10,5.590724945068359
2000-12-11,5.623808860778809
2000-12-12,5.799921035766602
2000-12-13,5.804320335388184
2000-12-14,5.813915729522705
2000-12-15,6.144693851470947
2000-12-16,6.694510459899902
2000-12-17,12.456478118896484
2000-12-18,21.351213455200195
2000-12-19,20.635820388793945
2000-12-20,15.681239128112793
2000-12-21,13.428308486938477
2000-12-22,11.507024765014648
2000-12-23,10.201391220092773
2000-12-24,9.256484985351562
2000-12-25,8.553454399108887
2000-12-26,8.0012845993042
2000-12-27,7.554008483886719
2000-12-28,7.301053047180176
2000-12-29,7.0477776527404785
2000-12-30,6.829507350921631
2000-12-31,6.680642127990723
2001-01-01,6.503985404968262
2001-01-02,6.282841682434082
2001-01-03,6.141095161437988
2001-01-04,6.065310478210449
2001-01-05,6.033954620361328
2001-01-06,6.012516021728516
2001-01-07,5.999024391174316
2001-01-08,6.171014785766602
2001-01-09,6.743538856506348
2001-01-10,7.42184591293335
2001-01-11,7.378903388977051
2001-01-12,7.209380149841309
2001-01-13,7.1816911697387695
2001-01-14,7.164209365844727
2001-01-15,7.064697742462158
2001-01-16,6.9957275390625
2001-01-17,6.860431671142578
2001-01-18,7.044273853302002
2001-01-19,9.005513191223145
2001-01-20,24.244304656982422
2001-01-21,54.02909469604492
2001-01-22,58.073387145996094
2001-01-23,36.715240478515625
2001-01-24,23.62415313720703
2001-01-25,17.51934242248535
2001-01-26,14.312687873840332
2001-01-27,12.503435134887695
2001-01-28,11.299478530883789
2001-01-29,10.4437837600708
2001-01-30,10.334892272949219
2001-01-31,11.401318550109863
2001-02-01,12.090160369873047
2001-02-02,11.209948539733887
2001-02-03,10.304384231567383
2001-02-04,9.632740020751953
2001-02-05,9.233564376831055
2001-02-06,9.085630416870117
2001-02-07,8.862383842468262
2001-02-08,8.60588550567627
2001-02-09,8.39927864074707
2001-02-10,8.29198932647705
2001-02-11,8.323088645935059
2001-02-12,8.313617706298828
2001-02-13,8.793365478515625
2001-02-14,10.085382461547852
2001-02-15,11.374356269836426
2001-02-16,12.821635246276855
2001-02-17,36.49235534667969
2001-02-18,66.539306640625
2001-02-19,59.05492401123047
2001-02-20,38.2646598815918
2001-02-21,25.950645446777344
2001-02-22,19.79204559326172
2001-02-23,17.54046058654785
2001-02-24,17.780712127685547
2001-02-25,16.652097702026367
2001-02-26,16.718048095703125
2001-02-27,17.241500854492188
2001-02-28,15.485334396362305
2001-03-01,13.838196754455566
2001-03-02,12.600728988647461
2001-03-03,12.12938404083252
2001-03-04,15.041587829589844
2001-03-05,26.753828048706055
2001-03-06,33.863014221191406
2001-03-07,28.54401397705078
2001-03-08,22.422889709472656
2001-03-09,18.40894317626953
2001-03-10,15.9390287399292
2001-03-11,14.17893123626709
2001-03-12,12.988374710083008
2001-03-13,12.618371963500977
2001-03-14,13.266938209533691
2001-03-15,15.635123252868652
2001-03-16,23.167110443115234
2001-03-17,29.276592254638672
2001-03-18,25.246742248535156
2001-03-19,20.148597717285156
2001-03-20,17.810972213745117
2001-03-21,49.37130355834961
2001-03-22,108.42190551757812
2001-03-23,111.45394134521484
2001-03-24,68.62317657470703
2001-03-25,42.18703842163086
2001-03-26,30.369237899780273
2001-03-27,24.441997528076172
2001-03-28,20.439777374267578
2001-03-29,25.41385269165039
2001-03-30,76.71774291992188
2001-03-31,124.24146270751953
2001-04-01,128.8928680419922
2001-04-02,146.20742797851562
2001-04-03,126.36857604980469
2001-04-04,83.02650451660156
2001-04-05,57.396305084228516
2001-04-06,41.90089416503906
2001-04-07,33.24281311035156
2001-04-08,27.89647674560547
2001-04-09,24.328853607177734
2001-04-10,21.72959327697754
2001-04-11,19.621536254882812
2001-04-12,18.02229881286621
2001-04-13,17.13239097595215
2001-04-14,16.784236907958984
2001-04-15,16.488758087158203
2001-04-16,15.661744117736816
2001-04-17,14.832633972167969
2001-04-18,14.358071327209473
2001-04-19,13.839181900024414
2001-04-20,12.986555099487305
2001-04-21,12.445638656616211
2001-04-22,11.957653045654297
2001-04-23,11.378889083862305
2001-04-24,10.8363037109375
2001-04-25,11.35568904876709
2001-04-26,14.273773193359375
2001-04-27,16.27910041809082
2001-04-28,14.510711669921875
2001-04-29,12.7525053024292
2001-04-30,11.498781204223633
2001-05-01,10.65920639038086
2001-05-02,10.060462951660156
2001-05-03,9.509774208068848
2001-05-04,9.010553359985352
2001-05-05,8.547127723693848
2001-05-06,8.096213340759277
2001-05-07,7.696228504180908
2001-05-08,7.342435836791992
2001-05-09,6.990952014923096
2001-05-10,6.802891731262207
2001-05-11,6.731777667999268
2001-05-12,6.758472442626953
2001-05-13,6.886305332183838
2001-05-14,6.78573751449585
2001-05-15,6.336374282836914
2001-05-16,7.523987293243408
2001-05-17,12.594680786132812
2001-05-18,17.48313331604004
2001-05-19,16.451128005981445
2001-05-20,12.751458168029785
2001-05-21,10.702320098876953
2001-05-22,11.16534423828125
2001-05-23,12.287593841552734
2001-05-24,11.855369567871094
2001-05-25,10.104293823242188
2001-05-26,11.908896446228027
2001-05-27,19.069366455078125
2001-05-28,21.007766723632812
2001-05-29,16.66314125061035
2001-05-30,13.507564544677734
2001-05-31,10.932960510253906
2001-06-01,11.070350646972656
2001-06-02,17.62234878540039
2001-06-03,21.765602111816406
2001-06-04,17.443912506103516
2001-06-05,12.777731895446777
2001-06-06,11.030274391174316
2001-06-07,12.184432983398438
2001-06-08,13.093352317810059
2001-06-09,11.294989585876465
2001-06-10,9.4447603225708
2001-06-11,7.983254432678223
2001-06-12,6.947657585144043
2001-06-13,6.576571464538574
2001-06-14,7.264254570007324
2001-06-15,8.227914810180664
2001-06-16,8.041990280151367
2001-06-17,7.338141441345215
2001-06-18,6.495484352111816
2001-06-19,5.6192946434021
2001-06-20,4.982386589050293
2001-06-21,4.555171966552734
2001-06-22,4.463719844818115
2001-06-23,5.139607906341553
2001-06-24,6.1875996589660645
2001-06-25,6.38481330871582
2001-06-26,5.974242210388184
2001-06-27,5.7350358963012695
2001-06-28,5.632158279418945
2001-06-29,5.271069049835205
2001-06-30,4.7062249183654785
2001-07-01,4.264300346374512
2001-07-02,4.0112786293029785
2001-07-03,3.8883886337280273
2001-07-04,3.9467761516571045
2001-07-05,5.184958457946777
2001-07-06,7.282314300537109
2001-07-07,7.450995445251465
2001-07-08,6.422544002532959
2001-07-09,6.914186477661133
2001-07-10,7.737559795379639
2001-07-11,6.923806190490723
2001-07-12,5.793859481811523
2001-07-13,4.949148654937744
2001-07-14,4.301016807556152
2001-07-15,3.908613443374634
2001-07-16,3.5095410346984863
2001-07-17,3.198524236679077
2001-07-18,3.0580554008483887
2001-07-19,3.093217372894287
2001-07-20,3.0972139835357666
2001-07-21,2.942955493927002
2001-07-22,2.7456960678100586
2001-07-23,2.548353672027588
2001-07-24,2.498047113418579
2001-07-25,2.6262919902801514
2001-07-26,3.0289194583892822
2001-07-27,5.583828926086426
2001-07-28,9.408035278320312
2001-07-29,10.762593269348145
2001-07-30,11.465108871459961
2001-07-31,11.535289764404297
2001-08-01,8.646136283874512
2001-08-02,6.52419376373291
2001-08-03,5.429835796356201
2001-08-04,4.58069372177124
2001-08-05,4.044154644012451
2001-08-06,3.6640634536743164
2001-08-07,3.268490791320801
2001-08-08,2.9503989219665527
2001-08-09,2.6899425983428955
2001-08-10,2.5113332271575928
2001-08-11,2.5975501537323
2001-08-12,3.5745677947998047
2001-08-13,5.407808303833008
2001-08-14,6.354557037353516
2001-08-15,6.12655782699585
2001-08-16,4.992417335510254
2001-08-17,4.033940315246582
2001-08-18,3.7013230323791504
2001-08-19,4.489148139953613
2001-08-20,5.5591840744018555
2001-08-21,5.4024434089660645
2001-08-22,4.462851047515869
2001-08-23,3.6453962326049805
2001-08-24,3.273519992828369
2001-08-25,3.3943557739257812
2001-08-26,3.4662821292877197
2001-08-27,3.1612277030944824
2001-08-28,2.8968472480773926
2001-08-29,2.750277519226074
2001-08-30,2.782944440841675
2001-08-31,2.926272392272949
2001-09-01,3.090763568878174
2001-09-02,3.4140312671661377
2001-09-03,3.6991491317749023
2001-09-04,3.701209306716919
2001-09-05,3.7642457485198975
2001-09-06,3.5720701217651367
2001-09-07,3.1720168590545654
2001-09-08,2.8409693241119385
2001-09-09,2.6057519912719727
2001-09-10,2.5060455799102783
2001-09-11,2.6313986778259277
2001-09-12,2.735332489013672
2001-09-13,2.59130859375
2001-09-14,2.3892922401428223
2001-09-15,2.2690916061401367
2001-09-16,2.187110662460327
2001-09-17,2.0841686725616455
2001-09-18,2.002857208251953
2001-09-19,1.9610613584518433
2001-09-20,1.970818042755127
2001-09-21,2.386756420135498
2001-09-22,3.0901670455932617
2001-09-23,3.2313504219055176
2001-09-24,3.2764315605163574
2001-09-25,4.5416951179504395
2001-09-26,6.153714179992676
2001-09-27,5.505871772766113
2001-09-28,4.34111213684082
2001-09-29,3.5720436573028564
2001-09-30,3.10477876663208
2001-10-01,2.80676007270813
2001-10-02,2.6063520908355713
2001-10-03,2.456839084625244
2001-10-04,2.331970691680908
2001-10-05,2.2256667613983154
2001-10-06,2.1944363117218018
2001-10-07,2.3067426681518555
2001-10-08,2.4038679599761963
2001-10-09,2.373546600341797
2001-10-10,2.323854684829712
2001-10-11,2.322707176208496
2001-10-12,2.272550582885742
2001-10-13,2.2184054851531982
2001-10-14,2.282301425933838
2001-10-15,2.6930763721466064
2001-10-16,3.1387581825256348
2001-10-17,3.042088031768799
2001-10-18,2.788754463195801
2001-10-19,2.6036698818206787
2001-10-20,2.4914097785949707
2001-10-21,2.413491725921631
2001-10-22,2.3725738525390625
2001-10-23,2.306553602218628
2001-10-24,2.2847859859466553
2001-10-25,2.2028560638427734
2001-10-26,2.117190361022949
2001-10-27,2.063194513320923
2001-10-28,2.038717746734619
2001-10-29,2.035444498062134
2001-10-30,2.053399085998535
2001-10-31,2.0657262802124023
2001-11-01,2.114701509475708
2001-11-02,2.233031749725342
2001-11-03,2.2507660388946533
2001-11-04,2.2407166957855225
2001-11-05,2.213496685028076
2001-11-06,2.1981112957000732
2001-11-07,2.2399544715881348
2001-11-08,2.34917950630188
2001-11-09,2.4051921367645264
2001-11-10,2.3350069522857666
2001-11-11,2.3527822494506836
2001-11-12,2.3108232021331787
2001-11-13,2.3263604640960693
2001-11-14,2.409050941467285
2001-11-15,2.5138661861419678
2001-11-16,2.5560460090637207
2001-11-17,2.588712215423584
2001-11-18,2.5435664653778076
2001-11-19,2.5526206493377686
2001-11-20,2.5620920658111572
2001-11-21,2.520120859146118
2001-11-22,2.537417411804199
2001-11-23,2.588292121887207
2001-11-24,2.6720504760742188
2001-11-25,2.808741807937622
2001-11-26,3.059494733810425
2001-11-27,3.2120742797851562
2001-11-28,3.2199015617370605
2001-11-29,3.098837375640869
2001-11-30,2.9946696758270264
2001-12-01,2.9625089168548584
2001-12-02,3.044684410095215
2001-12-03,3.0062191486358643
2001-12-04,3.039196491241455
2001-12-05,3.113513469696045
2001-12-06,3.1028378009796143
2001-12-07,3.0233306884765625
2001-12-08,2.9820358753204346
2001-12-09,2.978304386138916
2001-12-10,2.9801201820373535
2001-12-11,4.049387454986572
2001-12-12,7.270901203155518
2001-12-13,8.831750869750977
2001-12-14,7.6531243324279785
2001-12-15,6.2604899406433105
2001-12-16,5.369444847106934
2001-12-17,4.770719528198242
2001-12-18,4.849800109863281
2001-12-19,6.305083751678467
2001-12-20,7.2906646728515625
2001-12-21,6.20631742477417
2001-12-22,5.304144859313965
2001-12-23,4.8388285636901855
2001-12-24,4.7367072105407715
2001-12-25,5.124853610992432
2001-12-26,5.337433338165283
2001-12-27,4.957635879516602
2001-12-28,4.6264543533325195
2001-12-29,4.4429521560668945
2001-12-30,4.30578088760376
2001-12-31,4.1173906326293945
2002-01-01,3.8988850116729736
2002-01-02,3.800328254699707
2002-01-03,4.363813400268555
2002-01-04,5.271180629730225
2002-01-05,5.991168022155762
2002-01-06,6.662154674530029
2002-01-07,10.34502124786377
2002-01-08,14.008357048034668
2002-01-09,13.18716049194336
2002-01-10,12.381484985351562
2002-01-11,12.466821670532227
2002-01-12,11.456064224243164
2002-01-13,10.053997039794922
2002-01-14,9.256234169006348
2002-01-15,8.485161781311035
2002-01-16,7.680666446685791
2002-01-17,7.058757781982422
2002-01-18,6.742450714111328
2002-01-19,15.37441635131836
2002-01-20,50.057071685791016
2002-01-21,66.01139831542969
2002-01-22,48.13701248168945
2002-01-23,41.63493347167969
2002-01-24,56.77536392211914
2002-01-25,64.2754898071289
2002-01-26,49.965415954589844
2002-01-27,35.0997314453125
2002-01-28,24.493982315063477
2002-01-29,18.72168731689453
2002-01-30,15.427770614624023
2002-01-31,13.319334030151367
2002-02-01,11.863327980041504
2002-02-02,10.795416831970215
2002-02-03,9.950759887695312
2002-02-04,9.277566909790039
2002-02-05,8.779962539672852
2002-02-06,8.342670440673828
2002-02-07,10.981599807739258
2002-02-08,21.52765464782715
2002-02-09,28.8356876373291
2002-02-10,24.181682586669922
2002-02-11,19.165313720703125
2002-02-12,16.311044692993164
2002-02-13,13.748310089111328
2002-02-14,12.00330924987793
2002-02-15,10.798377990722656
2002-02-16,9.939538955688477
2002-02-17,9.356428146362305
2002-02-18,8.869001388549805
2002-02-19,8.479344367980957
2002-02-20,8.185272216796875
2002-02-21,8.041560173034668
2002-02-22,7.8724188804626465
2002-02-23,7.601021766662598
2002-02-24,7.327836990356445
2002-02-25,7.117324352264404
2002-02-26,6.979151725769043
2002-02-27,6.877061367034912
2002-02-28,6.76576042175293
2002-03-01,6.670836925506592
2002-03-02,7.231124401092529
2002-03-03,13.900491714477539
2002-03-04,25.28261947631836
2002-03-05,26.359601974487305
2002-03-06,20.046194076538086
2002-03-07,15.319501876831055
2002-03-08,12.614798545837402
2002-03-09,11.210472106933594
2002-03-10,11.417911529541016
2002-03-11,11.709142684936523
2002-03-12,10.977952003479004
2002-03-13,11.46286678314209
2002-03-14,15.178083419799805
2002-03-15,17.770694732666016
2002-03-16,15.748823165893555
2002-03-17,13.502680778503418
2002-03-18,15.156229019165039
2002-03-19,21.74311065673828
2002-03-20,23.848052978515625
2002-03-21,23.708908081054688
2002-03-22,27.358919143676758
2002-03-23,26.33414077758789
2002-03-24,20.6965389251709
2002-03-25,16.650537490844727
2002-03-26,15.131478309631348
2002-03-27,20.093063354492188
2002-03-28,25.183942794799805
2002-03-29,22.178190231323242
2002-03-30,17.89352035522461
2002-03-31,16.286094665527344
2002-04-01,18.817794799804688
2002-04-02,20.955196380615234
2002-04-03,18.23388671875
2002-04-04,15.424640655517578
2002-04-05,13.364066123962402
2002-04-06,11.773283958435059
2002-04-07,10.744780540466309
2002-04-08,9.998470306396484
2002-04-09,9.51027774810791
2002-04-10,9.56108283996582
2002-04-11,10.095627784729004
2002-04-12,10.147771835327148
2002-04-13,9.65093994140625
2002-04-14,9.252031326293945
2002-04-15,8.854713439941406
2002-04-16,8.406394958496094
2002-04-17,7.877666473388672
2002-04-18,7.380851745605469
2002-04-19,7.08973503112793
2002-04-20,7.059709072113037
2002-04-21,7.0507612228393555
2002-04-22,6.775669097900391
2002-04-23,6.481003284454346
2002-04-24,6.18168830871582
2002-04-25,5.951052188873291
2002-04-26,5.9033613204956055
2002-04-27,5.827442169189453
2002-04-28,5.621528148651123
2002-04-29,5.448676109313965
2002-04-30,5.195230007171631
2002-05-01,4.936781406402588
2002-05-02,4.962489128112793
2002-05-03,5.30864143371582
2002-05-04,6.340295791625977
2002-05-05,8.0944185256958
2002-05-06,8.87639331817627
2002-05-07,7.865823745727539
2002-05-08,6.847634315490723
2002-05-09,6.4082136154174805
2002-05-10,6.405081272125244
2002-05-11,6.131755352020264
2002-05-12,5.548124313354492
2002-05-13,5.211051940917969
2002-05-14,5.451164722442627
2002-05-15,6.169471740722656
2002-05-16,6.0119948387146
2002-05-17,5.3117523193359375
2002-05-18,4.781406402587891
2002-05-19,4.831770420074463
2002-05-20,4.974792003631592
2002-05-21,4.558363437652588
2002-05-22,4.187182903289795
2002-05-23,3.930055856704712
2002-05-24,3.7054941654205322
2002-05-25,3.584759473800659
2002-05-26,3.4142820835113525
2002-05-27,3.2188050746917725
2002-05-28,3.025132656097412
2002-05-29,2.8594348430633545
2002-05-30,2.7192423343658447
2002-05-31,2.7006189823150635
2002-06-01,2.830955743789673
2002-06-02,2.9891197681427
2002-06-03,3.1189000606536865
2002-06-04,2.946079969406128
2002-06-05,2.697648763656616
2002-06-06,2.565264940261841
2002-06-07,2.689119338989258
2002-06-08,3.1101315021514893
2002-06-09,3.066519021987915
2002-06-10,2.672301769256592
2002-06-11,2.366710662841797
2002-06-12,2.1529552936553955
2002-06-13,1.97502601146698
2002-06-14,1.876297116279602
2002-06-15,1.897647738456726
2002-06-16,1.971625804901123
2002-06-17,1.8834742307662964
2002-06-18,1.749719500541687
2002-06-19,1.6824698448181152
2002-06-20,1.6227757930755615
2002-06-21,1.5338420867919922
2002-06-22,1.4338598251342773
2002-06-23,1.3438547849655151
2002-06-24,1.2863974571228027
2002-06-25,1.2466682195663452
2002-06-26,1.237815499305725
2002-06-27,1.523150086402893
2002-06-28,2.43699312210083
2002-06-29,3.058867931365967
2002-06-30,2.8183610439300537
2002-07-01,2.3089351654052734
2002-07-02,2.001662015914917
2002-07-03,1.9184226989746094
2002-07-04,2.0515058040618896
2002-07-05,2.3286795616149902
2002-07-06,2.3806564807891846
2002-07-07,2.153184413909912
2002-07-08,1.8236838579177856
2002-07-09,1.5668997764587402
2002-07-10,1.3967045545578003
2002-07-11,1.3552652597427368
2002-07-12,1.5431299209594727
2002-07-13,1.7324488162994385
2002-07-14,1.7020926475524902
2002-07-15,1.724877953529358
2002-07-16,1.796665906906128
2002-07-17,1.6641796827316284
2002-07-18,1.4359341859817505
2002-07-19,1.2968326807022095
2002-07-20,1.242662787437439
2002-07-21,1.208547830581665
2002-07-22,1.2072992324829102
2002-07-23,1.2919745445251465
2002-07-24,1.515829086303711
2002-07-25,1.9449458122253418
2002-07-26,2.8953492641448975
2002-07-27,4.65183162689209
2002-07-28,5.69694709777832
2002-07-29,4.845440864562988
2002-07-30,3.4797885417938232
2002-07-31,2.539386749267578
2002-08-01,1.970428466796875
2002-08-02,1.6660857200622559
2002-08-03,1.5794333219528198
2002-08-04,1.5250581502914429
2002-08-05,1.3792061805725098
2002-08-06,1.2218087911605835
2002-08-07,1.1228458881378174
2002-08-08,1.0526068210601807
2002-08-09,0.9817797541618347
2002-08-10,0.9211527109146118
2002-08-11,0.8801589608192444
2002-08-12,0.8329842686653137
2002-08-13,0.7870352268218994
2002-08-14,0.7536646723747253
2002-08-15,0.7577334046363831
2002-08-16,0.8165522813796997
2002-08-17,0.9597351551055908
2002-08-18,1.1740761995315552
2002-08-19,1.2994089126586914
2002-08-20,1.2589751482009888
2002-08-21,1.1342588663101196
2002-08-22,1.0441021919250488
2002-08-23,1.0304185152053833
2002-08-24,0.9978551864624023
2002-08-25,0.9688440561294556
2002-08-26,0.9791083931922913
2002-08-27,1.0670151710510254
2002-08-28,1.3011342287063599
2002-08-29,1.603379487991333
2002-08-30,1.9038721323013306
2002-08-31,4.020356178283691
2002-09-01,24.238073348999023
2002-09-02,40.80038070678711
2002-09-03,28.14767074584961
2002-09-04,13.492873191833496
2002-09-05,7.307210922241211
2002-09-06,4.781562328338623
2002-09-07,3.4792466163635254
2002-09-08,2.7426748275756836
2002-09-09,2.306279182434082
2002-09-10,2.0328266620635986
2002-09-11,1.840440273284912
2002-09-12,1.686635971069336
2002-09-13,1.5560142993927002
2002-09-14,1.4892381429672241
2002-09-15,1.670276403427124
2002-09-16,2.4637668132781982
2002-09-17,3.5815420150756836
2002-09-18,3.9753835201263428
2002-09-19,4.781040668487549
2002-09-20,5.8690619468688965
2002-09-21,5.160473346710205
2002-09-22,3.985259771347046
2002-09-23,3.2200398445129395
2002-09-24,2.8045711517333984
2002-09-25,2.5452780723571777
2002-09-26,2.5064220428466797
2002-09-27,3.3316361904144287
2002-09-28,5.12203311920166
2002-09-29,5.284987926483154
2002-09-30,4.30906867980957
2002-10-01,3.442147970199585
2002-10-02,2.9178519248962402
2002-10-03,2.5826051235198975
2002-10-04,2.331059217453003
2002-10-05,2.1500158309936523
2002-10-06,2.005769729614258
2002-10-07,1.8711204528808594
2002-10-08,1.789137840270996
2002-10-09,1.8047864437103271
2002-10-10,1.8740346431732178
2002-10-11,25.227222442626953
2002-10-12,100.03303527832031
2002-10-13,121.12362670898438
2002-10-14,71.1629409790039
2002-10-15,40.72123336791992
2002-10-16,38.13843536376953
2002-10-17,60.49637985229492
2002-10-18,61.821311950683594
2002-10-19,36.55501174926758
2002-10-20,21.617862701416016
2002-10-21,15.039887428283691
2002-10-22,13.352694511413574
2002-10-23,14.163511276245117
2002-10-24,13.419044494628906
2002-10-25,11.478245735168457
2002-10-26,10.380105018615723
2002-10-27,10.37008285522461
2002-10-28,12.992355346679688
2002-10-29,37.725181579589844
2002-10-30,70.2547378540039
2002-10-31,72.701171875
2002-11-01,51.80590057373047
2002-11-02,32.49869918823242
2002-11-03,22.037328720092773
2002-11-04,16.888919830322266
2002-11-05,15.920265197753906
2002-11-06,28.849224090576172
2002-11-07,45.609561920166016
2002-11-08,41.673248291015625
2002-11-09,29.256650924682617
2002-11-10,21.397624969482422
2002-11-11,17.694114685058594
2002-11-12,48.40943908691406
2002-11-13,132.79734802246094
2002-11-14,150.4423828125
2002-11-15,84.5787582397461
2002-11-16,59.79231262207031
2002-11-17,130.5109405517578
2002-11-18,203.93267822265625
2002-11-19,159.29591369628906
2002-11-20,86.12566375732422
2002-11-21,50.4584846496582
2002-11-22,35.83081817626953
2002-11-23,28.32772445678711
2002-11-24,23.60956382751465
2002-11-25,20.56661033630371
2002-11-26,18.556907653808594
2002-11-27,16.996931076049805
2002-11-28,15.821172714233398
2002-11-29,14.82302474975586
2002-11-30,13.81319522857666
2002-12-01,12.99793815612793
2002-12-02,12.484187126159668
2002-12-03,12.030410766601562
2002-12-04,11.771492958068848
2002-12-05,16.7565860748291
2002-12-06,27.20071029663086
2002-12-07,30.826900482177734
2002-12-08,29.786460876464844
2002-12-09,31.80497932434082
2002-12-10,32.64225769042969
2002-12-11,34.05417251586914
2002-12-12,49.04750061035156
2002-12-13,90.23698425292969
2002-12-14,149.29345703125
2002-12-15,158.46826171875
2002-12-16,98.4500732421875
2002-12-17,60.376625061035156
2002-12-18,41.76704406738281
2002-12-19,32.23617935180664
2002-12-20,36.104209899902344
2002-12-21,51.145668029785156
2002-12-22,52.37604522705078
2002-12-23,40.13460159301758
2002-12-24,41.78748321533203
2002-12-25,94.552490234375
2002-12-26,136.45501708984375
2002-12-27,101.31560516357422
2002-12-28,64.27014923095703
2002-12-29,44.90351867675781
2002-12-30,34.827423095703125
2002-12-31,29.354333877563477
2003-01-01,34.857635498046875
2003-01-02,58.854366302490234
2003-01-03,70.26897430419922
2003-01-04,57.86289596557617
2003-01-05,49.05437088012695
2003-01-06,38.40378189086914
2003-01-07,31.26567840576172
2003-01-08,26.792583465576172
2003-01-09,23.471845626831055
2003-01-10,21.291709899902344
2003-01-11,19.864120483398438
2003-01-12,18.933446884155273
2003-01-13,18.03729248046875
2003-01-14,17.0256290435791
2003-01-15,16.298404693603516
2003-01-16,15.87539291381836
2003-01-17,15.528146743774414
2003-01-18,15.392256736755371
2003-01-19,14.889519691467285
2003-01-20,14.458745002746582
2003-01-21,14.005285263061523
2003-01-22,13.759366989135742
2003-01-23,13.880477905273438
2003-01-24,13.992087364196777
2003-01-25,13.641435623168945
2003-01-26,13.245891571044922
2003-01-27,13.154426574707031
2003-01-28,12.889212608337402
2003-01-29,12.914332389831543
2003-01-30,21.93370819091797
2003-01-31,45.3795166015625
2003-02-01,56.037742614746094
2003-02-02,45.57809066772461
2003-02-03,34.834293365478516
2003-02-04,28.94300079345703
2003-02-05,28.192203521728516
2003-02-06,27.617074966430664
2003-02-07,36.43326950073242
2003-02-08,55.93728256225586
2003-02-09,56.671173095703125
2003-02-10,45.762908935546875
2003-02-11,42.731414794921875
2003-02-12,41.3857421875
2003-02-13,34.92462921142578
2003-02-14,29.425371170043945
2003-02-15,27.697586059570312
2003-02-16,35.34835433959961
2003-02-17,49.475677490234375
2003-02-18,54.10018539428711
2003-02-19,51.056880950927734
2003-02-20,50.30906295776367
2003-02-21,47.882537841796875
2003-02-22,62.90829849243164
2003-02-23,128.39186096191406
2003-02-24,175.0157470703125
2003-02-25,116.30772399902344
2003-02-26,70.9694595336914
2003-02-27,56.87847900390625
2003-02-28,73.90035247802734
2003-03-01,96.40306854248047
2003-03-02,120.12091827392578
2003-03-03,142.67677307128906
2003-03-04,122.6362533569336
2003-03-05,83.14954376220703
2003-03-06,87.10494995117188
2003-03-07,122.58487701416016
2003-03-08,118.93267059326172
2003-03-09,84.12662506103516
2003-03-10,61.13319396972656
2003-03-11,47.311492919921875
2003-03-12,38.66102600097656
2003-03-13,33.74301528930664
2003-03-14,33.24060821533203
2003-03-15,34.26054763793945
2003-03-16,59.992393493652344
2003-03-17,109.90849304199219
2003-03-18,114.86247253417969
2003-03-19,80.69832611083984
2003-03-20,173.40640258789062
2003-03-21,390.5882873535156
2003-03-22,403.3191833496094
2003-03-23,214.35906982421875
2003-03-24,113.61962127685547
2003-03-25,73.36207580566406
2003-03-26,55.14555740356445
2003-03-27,45.86750793457031
2003-03-28,39.97664260864258
2003-03-29,35.620811462402344
2003-03-30,49.86512756347656
2003-03-31,85.96681213378906
2003-04-01,92.5474853515625
2003-04-02,65.30279541015625
2003-04-03,47.818424224853516
2003-04-04,38.491947174072266
2003-04-05,33.768218994140625
2003-04-06,31.627155303955078
2003-04-07,63.675418853759766
2003-04-08,145.5535430908203
2003-04-09,227.51475524902344
2003-04-10,424.3618469238281
2003-04-11,615.222900390625
2003-04-12,477.22027587890625
2003-04-13,257.59796142578125
2003-04-14,135.49050903320312
2003-04-15,85.78709411621094
2003-04-16,63.67317199707031
2003-04-17,51.62520980834961
2003-04-18,44.641883850097656
2003-04-19,42.25656509399414
2003-04-20,42.88324737548828
2003-04-21,39.926239013671875
2003-04-22,36.2969856262207
2003-04-23,33.449241638183594
2003-04-24,30.728134155273438
2003-04-25,28.508522033691406
2003-04-26,29.790817260742188
2003-04-27,35.027462005615234
2003-04-28,36.52908706665039
2003-04-29,31.996112823486328
2003-04-30,29.303430557250977
2003-05-01,29.546560287475586
2003-05-02,30.586923599243164
2003-05-03,30.207256317138672
2003-05-04,29.00051498413086
2003-05-05,28.600345611572266
2003-05-06,30.692630767822266
2003-05-07,33.99995422363281
2003-05-08,33.81566619873047
2003-05-09,29.16509246826172
2003-05-10,24.997943878173828
2003-05-11,22.373390197753906
2003-05-12,20.68259048461914
2003-05-13,19.232046127319336
2003-05-14,17.71202850341797
2003-05-15,18.20895004272461
2003-05-16,23.168537139892578
2003-05-17,27.37399673461914
2003-05-18,27.084129333496094
2003-05-19,32.406654357910156
2003-05-20,42.488643646240234
2003-05-21,42.41359329223633
2003-05-22,69.9383544921875
2003-05-23,161.74826049804688
2003-05-24,205.44308471679688
2003-05-25,161.02731323242188
2003-05-26,181.30718994140625
2003-05-27,222.36270141601562
2003-05-28,174.19493103027344
2003-05-29,113.45074462890625
2003-05-30,78.1331787109375
2003-05-31,61.1464958190918
2003-06-01,54.11882781982422
2003-06-02,48.588951110839844
2003-06-03,40.34053421020508
2003-06-04,52.47312927246094
2003-06-05,83.92158508300781
2003-06-06,83.39993286132812
2003-06-07,96.69046020507812
2003-06-08,206.0537109375
2003-06-09,256.97052001953125
2003-06-10,160.24078369140625
2003-06-11,93.21794891357422
2003-06-12,72.64842224121094
2003-06-13,74.4234390258789
2003-06-14,66.44482421875
2003-06-15,52.21288299560547
2003-06-16,63.98061752319336
2003-06-17,96.04181671142578
2003-06-18,109.58396911621094
2003-06-19,97.28947448730469
2003-06-20,81.54596710205078
2003-06-21,67.1727523803711
2003-06-22,50.14728546142578
2003-06-23,38.332984924316406
2003-06-24,31.536865234375
2003-06-25,27.16512107849121
2003-06-26,24.164703369140625
2003-06-27,22.020214080810547
2003-06-28,20.992115020751953
2003-06-29,20.811290740966797
2003-06-30,20.644275665283203
2003-07-01,20.44387435913086
2003-07-02,37.58089828491211
2003-07-03,81.14017486572266
2003-07-04,98.21587371826172
2003-07-05,64.87628173828125
2003-07-06,42.13160705566406
2003-07-07,34.00632858276367
2003-07-08,33.296138763427734
2003-07-09,31.06527328491211
2003-07-10,28.462060928344727
2003-07-11,26.597984313964844
2003-07-12,24.337570190429688
2003-07-13,25.555747985839844
2003-07-14,50.881717681884766
2003-07-15,70.71139526367188
2003-07-16,56.42890548706055
2003-07-17,39.51531219482422
2003-07-18,30.652246475219727
2003-07-19,25.621984481811523
2003-07-20,23.664201736450195
2003-07-21,21.808412551879883
2003-07-22,21.115062713623047
2003-07-23,26.960973739624023
2003-07-24,35.09825134277344
2003-07-25,32.652854919433594
2003-07-26,25.327407836914062
2003-07-27,20.45398712158203
2003-07-28,17.745071411132812
2003-07-29,16.540468215942383
2003-07-30,21.96251678466797
2003-07-31,37.14064025878906
2003-08-01,44.621917724609375
2003-08-02,44.138206481933594
2003-08-03,47.12093734741211
2003-08-04,64.18680572509766
2003-08-05,100.04733276367188
2003-08-06,119.55672454833984
2003-08-07,108.18246459960938
2003-08-08,83.94586181640625
2003-08-09,86.85688781738281
2003-08-10,153.81048583984375
2003-08-11,198.96615600585938
2003-08-12,161.12481689453125
2003-08-13,112.16667175292969
2003-08-14,84.8751449584961
2003-08-15,70.39029693603516
2003-08-16,57.767189025878906
2003-08-17,49.039791107177734
2003-08-18,49.468658447265625
2003-08-19,51.39165115356445
2003-08-20,44.918968200683594
2003-08-21,35.087852478027344
2003-08-22,29.035186767578125
2003-08-23,27.273433685302734
2003-08-24,29.636642456054688
2003-08-25,32.7669677734375
2003-08-26,30.295040130615234
2003-08-27,24.63618278503418
2003-08-28,20.73369598388672
2003-08-29,18.554317474365234
2003-08-30,18.28883934020996
2003-08-31,22.781082153320312
2003-09-01,32.10614776611328
2003-09-02,34.787933349609375
2003-09-03,26.965402603149414
2003-09-04,29.767650604248047
2003-09-05,54.64596176147461
2003-09-06,65.06550598144531
2003-09-07,42.97697830200195
2003-09-08,29.880290985107422
2003-09-09,24.572967529296875
2003-09-10,21.347797393798828
2003-09-11,18.743505477905273
2003-09-12,16.87409210205078
2003-09-13,15.758030891418457
2003-09-14,15.042062759399414
2003-09-15,14.495599746704102
2003-09-16,14.021648406982422
2003-09-17,13.411605834960938
2003-09-18,16.907909393310547
2003-09-19,39.11964416503906
2003-09-20,60.395423889160156
2003-09-21,45.919837951660156
2003-09-22,31.3114013671875
2003-09-23,42.55268478393555
2003-09-24,93.2168960571289
2003-09-25,90.65950012207031
2003-09-26,55.98241424560547
2003-09-27,35.66205978393555
2003-09-28,26.967880249023438
2003-09-29,23.03261375427246
2003-09-30,20.601537704467773
2003-10-01,18.631437301635742
2003-10-02,17.35771942138672
2003-10-03,16.37710189819336
2003-10-04,15.562295913696289
2003-10-05,14.844162940979004
2003-10-06,14.25758171081543
2003-10-07,13.730935096740723
2003-10-08,13.421928405761719
2003-10-09,13.687237739562988
2003-10-10,14.6912841796875
2003-10-11,15.744232177734375
2003-10-12,16.02539825439453
2003-10-13,15.490830421447754
2003-10-14,14.548644065856934
2003-10-15,14.422191619873047
2003-10-16,14.788987159729004
2003-10-17,14.302189826965332
2003-10-18,13.482792854309082
2003-10-19,12.828595161437988
2003-10-20,12.221118927001953
2003-10-21,11.724579811096191
2003-10-22,11.419123649597168
2003-10-23,11.286190032958984
2003-10-24,11.102472305297852
2003-10-25,10.809988021850586
2003-10-26,10.768189430236816
2003-10-27,11.166041374206543
2003-10-28,12.848974227905273
2003-10-29,20.276308059692383
2003-10-30,28.370807647705078
2003-10-31,27.015464782714844
2003-11-01,21.047761917114258
2003-11-02,17.376331329345703
2003-11-03,15.39865779876709
2003-11-04,14.276108741760254
2003-11-05,13.637210845947266
2003-11-06,13.23044204711914
2003-11-07,13.933095932006836
2003-11-08,15.24124813079834
2003-11-09,15.113954544067383
2003-11-10,14.196648597717285
2003-11-11,13.433255195617676
2003-11-12,12.988731384277344
2003-11-13,12.361557006835938
2003-11-14,11.913681983947754
2003-11-15,11.54786491394043
2003-11-16,11.534643173217773
2003-11-17,11.61764144897461
2003-11-18,11.443309783935547
2003-11-19,12.303608894348145
2003-11-20,17.070148468017578
2003-11-21,21.778583526611328
2003-11-22,19.14787483215332
2003-11-23,16.231243133544922
2003-11-24,14.568548202514648
2003-11-25,13.84567642211914
2003-11-26,13.620407104492188
2003-11-27,13.162043571472168
2003-11-28,13.885566711425781
2003-11-29,17.38631820678711
2003-11-30,19.573822021484375
2003-12-01,17.28187370300293
2003-12-02,15.087085723876953
2003-12-03,13.83875846862793
2003-12-04,13.406073570251465
2003-12-05,14.425233840942383
2003-12-06,17.465299606323242
2003-12-07,19.115097045898438
2003-12-08,17.725055694580078
2003-12-09,16.11310577392578
2003-12-10,18.1667537689209
2003-12-11,32.96979522705078
2003-12-12,46.62744140625
2003-12-13,38.38715744018555
2003-12-14,37.437835693359375
2003-12-15,57.972042083740234
2003-12-16,67.74763488769531
2003-12-17,54.664207458496094
2003-12-18,50.57017135620117
2003-12-19,46.72461700439453
2003-12-20,37.15814208984375
2003-12-21,30.603363037109375
2003-12-22,27.8880615234375
2003-12-23,27.37060546875
2003-12-24,25.908267974853516
2003-12-25,24.397777557373047
2003-12-26,22.73199462890625
2003-12-27,20.656892776489258
2003-12-28,19.2280216217041
2003-12-29,18.425098419189453
2003-12-30,17.935094833374023
2003-12-31,17.493953704833984
2004-01-01,16.963542938232422
2004-01-02,16.490188598632812
2004-01-03,16.17498779296875
2004-01-04,15.879446029663086
2004-01-05,16.002185821533203
2004-01-06,17.731597900390625
2004-01-07,19.623579025268555
2004-01-08,18.410812377929688
2004-01-09,17.31171417236328
2004-01-10,17.70975685119629
2004-01-11,17.898143768310547
2004-01-12,17.162044525146484
2004-01-13,17.108318328857422
2004-01-14,16.808931350708008
2004-01-15,16.1148624420166
2004-01-16,15.389015197753906
2004-01-17,14.899312973022461
2004-01-18,14.970208168029785
2004-01-19,16.725412368774414
2004-01-20,18.113807678222656
2004-01-21,17.059776306152344
2004-01-22,15.809081077575684
2004-01-23,14.98851203918457
2004-01-24,14.416584014892578
2004-01-25,17.05543327331543
2004-01-26,22.81155776977539
2004-01-27,25.45961570739746
2004-01-28,24.610857009887695
2004-01-29,23.871829986572266
2004-01-30,25.15399932861328
2004-01-31,26.488300323486328
2004-02-01,24.844444274902344
2004-02-02,22.127592086791992
2004-02-03,26.809406280517578
2004-02-04,44.00908660888672
2004-02-05,51.37098693847656
2004-02-06,45.222476959228516
2004-02-07,73.26815032958984
2004-02-08,105.3034439086914
2004-02-09,78.46710205078125
2004-02-10,53.06831359863281
2004-02-11,40.2547721862793
2004-02-12,34.06966018676758
2004-02-13,34.09919357299805
2004-02-14,34.38609313964844
2004-02-15,32.548500061035156
2004-02-16,38.17171096801758
2004-02-17,41.55320358276367
2004-02-18,36.595916748046875
2004-02-19,34.09327697753906
2004-02-20,32.74922180175781
2004-02-21,30.587533950805664
2004-02-22,27.760074615478516
2004-02-23,25.08316993713379
2004-02-24,23.017255783081055
2004-02-25,21.625450134277344
2004-02-26,20.849590301513672
2004-02-27,26.441425323486328
2004-02-28,37.21684265136719
2004-02-29,37.683162689208984
2004-03-01,31.835124969482422
2004-03-02,28.152812957763672
2004-03-03,26.397733688354492
2004-03-04,25.221824645996094
2004-03-05,23.3944091796875
2004-03-06,22.801761627197266
2004-03-07,24.47195816040039
2004-03-08,25.189998626708984
2004-03-09,23.044157028198242
2004-03-10,21.225135803222656
2004-03-11,19.897361755371094
2004-03-12,18.582775115966797
2004-03-13,17.937314987182617
2004-03-14,17.278982162475586
2004-03-15,17.120880126953125
2004-03-16,20.272443771362305
2004-03-17,29.0123348236084
2004-03-18,35.181209564208984
2004-03-19,32.522552490234375
2004-03-20,28.629823684692383
2004-03-21,24.561017990112305
2004-03-22,22.100324630737305
2004-03-23,20.170854568481445
2004-03-24,18.60197639465332
2004-03-25,17.552898406982422
2004-03-26,16.927032470703125
2004-03-27,16.440532684326172
2004-03-28,16.10428237915039
2004-03-29,15.693960189819336
2004-03-30,15.235391616821289
2004-03-31,16.27825355529785
2004-04-01,21.471660614013672
2004-04-02,25.87818145751953
2004-04-03,24.440290451049805
2004-04-04,21.20016098022461
2004-04-05,18.730602264404297
2004-04-06,16.868125915527344
2004-04-07,15.72728443145752
2004-04-08,15.117772102355957
2004-04-09,14.604238510131836
2004-04-10,14.084379196166992
2004-04-11,13.763931274414062
2004-04-12,19.16281509399414
2004-04-13,45.42643737792969
2004-04-14,73.80854034423828
2004-04-15,65.60859680175781
2004-04-16,46.036800384521484
2004-04-17,32.6574821472168
2004-04-18,25.755077362060547
2004-04-19,21.847904205322266
2004-04-20,19.313512802124023
2004-04-21,17.552282333374023
2004-04-22,16.43893051147461
2004-04-23,15.59389877319336
2004-04-24,14.81021785736084
2004-04-25,14.149734497070312
2004-04-26,14.149168968200684
2004-04-27,15.401666641235352
2004-04-28,16.2447566986084
2004-04-29,14.693387985229492
2004-04-30,13.471418380737305
2004-05-01,12.982653617858887
2004-05-02,15.002066612243652
2004-05-03,24.95245361328125
2004-05-04,37.099124908447266
2004-05-05,35.94099807739258
2004-05-06,26.284753799438477
2004-05-07,20.442367553710938
2004-05-08,16.917009353637695
2004-05-09,14.574590682983398
2004-05-10,13.465616226196289
2004-05-11,13.024123191833496
2004-05-12,12.256277084350586
2004-05-13,11.362064361572266
2004-05-14,10.731586456298828
2004-05-15,10.145023345947266
2004-05-16,9.572345733642578
2004-05-17,9.316413879394531
2004-05-18,9.517234802246094
2004-05-19,9.886110305786133
2004-05-20,10.290485382080078
2004-05-21,10.390219688415527
2004-05-22,10.071816444396973
2004-05-23,9.788606643676758
2004-05-24,9.65513801574707
2004-05-25,9.404242515563965
2004-05-26,8.651017189025879
2004-05-27,7.980517864227295
2004-05-28,7.962109565734863
2004-05-29,7.958828926086426
2004-05-30,7.803607940673828
2004-05-31,8.330240249633789
2004-06-01,8.691930770874023
2004-06-02,8.00997257232666
2004-06-03,7.160160541534424
2004-06-04,8.115851402282715
2004-06-05,13.478584289550781
2004-06-06,17.743183135986328
2004-06-07,13.735485076904297
2004-06-08,14.501500129699707
2004-06-09,20.311500549316406
2004-06-10,19.83297348022461
2004-06-11,14.54861831665039
2004-06-12,11.40545654296875
2004-06-13,9.759183883666992
2004-06-14,8.693183898925781
2004-06-15,8.357497215270996
2004-06-16,9.952131271362305
2004-06-17,13.25590705871582
2004-06-18,12.876687049865723
2004-06-19,10.513684272766113
2004-06-20,9.410642623901367
2004-06-21,8.509781837463379
2004-06-22,7.448531627655029
2004-06-23,7.643868923187256
2004-06-24,9.723992347717285
2004-06-25,11.92416763305664
2004-06-26,13.50876522064209
2004-06-27,15.380078315734863
2004-06-28,14.745707511901855
2004-06-29,12.907089233398438
2004-06-30,11.6825532913208
2004-07-01,10.364422798156738
2004-07-02,9.656255722045898
2004-07-03,10.046463012695312
2004-07-04,11.856496810913086
2004-07-05,13.581836700439453
2004-07-06,13.061614990234375
2004-07-07,10.857945442199707
2004-07-08,10.086559295654297
2004-07-09,11.418193817138672
2004-07-10,11.093487739562988
2004-07-11,9.650455474853516
2004-07-12,9.2470121383667
2004-07-13,8.854190826416016
2004-07-14,8.203651428222656
2004-07-15,7.299195289611816
2004-07-16,6.485700607299805
2004-07-17,5.945949554443359
2004-07-18,6.717914581298828
2004-07-19,10.264618873596191
2004-07-20,12.301923751831055
2004-07-21,10.178587913513184
2004-07-22,8.225480079650879
2004-07-23,7.631775856018066
2004-07-24,7.901315689086914
2004-07-25,7.71964168548584
2004-07-26,7.271703720092773
2004-07-27,8.361562728881836
2004-07-28,11.696781158447266
2004-07-29,20.8474178314209
2004-07-30,29.02124786376953
2004-07-31,25.076488494873047
2004-08-01,16.27253532409668
2004-08-02,12.041337966918945
2004-08-03,11.339459419250488
2004-08-04,11.109399795532227
2004-08-05,9.539640426635742
2004-08-06,8.150778770446777
2004-08-07,7.337717533111572
2004-08-08,6.491012096405029
2004-08-09,5.81854248046875
2004-08-10,5.330602169036865
2004-08-11,5.05593729019165
2004-08-12,5.636116981506348
2004-08-13,7.971038818359375
2004-08-14,14.564701080322266
2004-08-15,26.626750946044922
2004-08-16,29.277618408203125
2004-08-17,20.162443161010742
2004-08-18,14.651590347290039
2004-08-19,12.58675479888916
2004-08-20,10.536928176879883
2004-08-21,9.26268196105957
2004-08-22,10.616817474365234
2004-08-23,11.007003784179688
2004-08-24,9.032004356384277
2004-08-25,7.3562774658203125
2004-08-26,6.257615089416504
2004-08-27,5.541785717010498
2004-08-28,5.082731246948242
2004-08-29,4.8364996910095215
2004-08-30,19.723989486694336
2004-08-31,51.71351623535156
2004-09-01,47.476470947265625
2004-09-02,25.231788635253906
2004-09-03,15.19819450378418
2004-09-04,10.642535209655762
2004-09-05,8.499765396118164
2004-09-06,8.196492195129395
2004-09-07,13.903868675231934
2004-09-08,50.53494644165039
2004-09-09,97.177978515625
2004-09-10,90.66976928710938
2004-09-11,48.68756103515625
2004-09-12,26.63994789123535
2004-09-13,17.77290153503418
2004-09-14,14.055967330932617
2004-09-15,12.714011192321777
2004-09-16,11.902925491333008
2004-09-17,16.03711700439453
2004-09-18,34.69257354736328
2004-09-19,47.97019958496094
2004-09-20,37.48029708862305
2004-09-21,24.544750213623047
2004-09-22,17.377599716186523
2004-09-23,13.78218936920166
2004-09-24,11.538243293762207
2004-09-25,10.107117652893066
2004-09-26,9.079155921936035
2004-09-27,8.78957748413086
2004-09-28,22.159549713134766
2004-09-29,63.63597106933594
2004-09-30,79.05655670166016
2004-10-01,49.69844055175781
2004-10-02,34.701438903808594
2004-10-03,30.348373413085938
2004-10-04,25.42935562133789
2004-10-05,20.100948333740234
2004-10-06,16.529691696166992
2004-10-07,14.315228462219238
2004-10-08,12.613301277160645
2004-10-09,11.489651679992676
2004-10-10,10.70909309387207
2004-10-11,10.078497886657715
2004-10-12,9.630974769592285
2004-10-13,10.057027816772461
2004-10-14,11.934148788452148
2004-10-15,13.610320091247559
2004-10-16,13.256477355957031
2004-10-17,12.02717399597168
2004-10-18,10.784417152404785
2004-10-19,10.301182746887207
2004-10-20,10.878944396972656
2004-10-21,11.606449127197266
2004-10-22,11.289193153381348
2004-10-23,10.618290901184082
2004-10-24,10.08736801147461
2004-10-25,9.949331283569336
2004-10-26,9.962797164916992
2004-10-27,9.735407829284668
2004-10-28,9.467991828918457
2004-10-29,9.403491020202637
2004-10-30,9.33687973022461
2004-10-31,9.100578308105469
2004-11-01,8.715536117553711
2004-11-02,8.4235200881958
2004-11-03,8.185364723205566
2004-11-04,8.985054016113281
2004-11-05,13.000179290771484
2004-11-06,17.72278594970703
2004-11-07,15.671614646911621
2004-11-08,12.933746337890625
2004-11-09,11.164898872375488
2004-11-10,10.233084678649902
2004-11-11,9.716054916381836
2004-11-12,17.62965965270996
2004-11-13,47.07977294921875
2004-11-14,60.40186309814453
2004-11-15,41.02491760253906
2004-11-16,27.098520278930664
2004-11-17,20.649019241333008
2004-11-18,17.390775680541992
2004-11-19,15.44288158416748
2004-11-20,14.22692584991455
2004-11-21,13.498597145080566
2004-11-22,12.844236373901367
2004-11-23,14.040760040283203
2004-11-24,26.610431671142578
2004-11-25,50.66702651977539
2004-11-26,56.74006652832031
2004-11-27,41.64274215698242
2004-11-28,35.070587158203125
2004-11-29,40.35234069824219
2004-11-30,39.2447624206543
2004-12-01,31.048160552978516
2004-12-02,26.738805770874023
2004-12-03,23.96329116821289
2004-12-04,20.857677459716797
2004-12-05,18.591941833496094
2004-12-06,17.16904067993164
2004-12-07,16.51380729675293
2004-12-08,16.823562622070312
2004-12-09,17.663671493530273
2004-12-10,63.6854248046875
2004-12-11,139.19786071777344
2004-12-12,138.3451385498047
2004-12-13,82.03548431396484
2004-12-14,49.67716598510742
2004-12-15,35.37296676635742
2004-12-16,28.18465805053711
2004-12-17,23.66975975036621
2004-12-18,21.150772094726562
2004-12-19,19.455692291259766
2004-12-20,18.634090423583984
2004-12-21,17.942798614501953
2004-12-22,16.930984497070312
2004-12-23,17.568618774414062
2004-12-24,22.214523315429688
2004-12-25,26.04684066772461
2004-12-26,23.447887420654297
2004-12-27,20.523406982421875
2004-12-28,18.52621078491211
2004-12-29,17.08908462524414
2004-12-30,16.212215423583984
2004-12-31,15.67678451538086
2005-01-01,15.20542049407959
2005-01-02,14.783892631530762
2005-01-03,14.459157943725586
2005-01-04,14.1119384765625
2005-01-05,13.80019760131836
2005-01-06,13.60715103149414
2005-01-07,13.354058265686035
2005-01-08,13.158674240112305
2005-01-09,13.061532020568848
2005-01-10,12.991666793823242
2005-01-11,12.74975299835205
2005-01-12,12.509099960327148
2005-01-13,12.423701286315918
2005-01-14,43.77508544921875
2005-01-15,105.34477233886719
2005-01-16,111.1978759765625
2005-01-17,68.23760223388672
2005-01-18,44.7645149230957
2005-01-19,33.020992279052734
2005-01-20,26.478490829467773
2005-01-21,23.09038734436035
2005-01-22,21.486650466918945
2005-01-23,20.37717056274414
2005-01-24,19.407861709594727
2005-01-25,18.529277801513672
2005-01-26,18.563514709472656
2005-01-27,19.006135940551758
2005-01-28,18.898056030273438
2005-01-29,17.828014373779297
2005-01-30,17.717580795288086
2005-01-31,20.598854064941406
2005-02-01,22.94782829284668
2005-02-02,21.769800186157227
2005-02-03,22.019819259643555
2005-02-04,29.86896514892578
2005-02-05,37.35850524902344
2005-02-06,33.02017593383789
2005-02-07,27.197494506835938
2005-02-08,23.330270767211914
2005-02-09,21.312583923339844
2005-02-10,20.44023895263672
2005-02-11,19.87877082824707
2005-02-12,18.765926361083984
2005-02-13,17.4255313873291
2005-02-14,17.75240707397461
2005-02-15,21.59103775024414
2005-02-16,24.221643447875977
2005-02-17,22.202083587646484
2005-02-18,19.877492904663086
2005-02-19,18.202861785888672
2005-02-20,16.948881149291992
2005-02-21,16.54523277282715
2005-02-22,16.948108673095703
2005-02-23,17.52574920654297
2005-02-24,18.403461456298828
2005-02-25,24.255571365356445
2005-02-26,29.138259887695312
2005-02-27,25.492944717407227
2005-02-28,30.947349548339844
2005-03-01,58.04655456542969
2005-03-02,73.04681396484375
2005-03-03,56.159202575683594
2005-03-04,40.872413635253906
2005-03-05,31.9491024017334
2005-03-06,27.733898162841797
2005-03-07,24.696596145629883
2005-03-08,28.736541748046875
2005-03-09,39.068485260009766
2005-03-10,39.84260940551758
2005-03-11,33.647491455078125
2005-03-12,29.611902236938477
2005-03-13,26.519302368164062
2005-03-14,24.17070198059082
2005-03-15,23.34264373779297
2005-03-16,24.53160858154297
2005-03-17,39.297672271728516
2005-03-18,60.92329406738281
2005-03-19,59.91383361816406
2005-03-20,46.60359573364258
2005-03-21,36.766658782958984
2005-03-22,30.60946273803711
2005-03-23,31.626564025878906
2005-03-24,47.44731903076172
2005-03-25,59.33625030517578
2005-03-26,47.77016067504883
2005-03-27,37.03276443481445
2005-03-28,73.14725494384766
2005-03-29,149.25526428222656
2005-03-30,149.31358337402344
2005-03-31,92.86204528808594
2005-04-01,60.49108123779297
2005-04-02,47.76520538330078
2005-04-03,44.36846923828125
2005-04-04,40.86014938354492
2005-04-05,34.34959411621094
2005-04-06,29.67030143737793
2005-04-07,27.25963020324707
2005-04-08,37.28369903564453
2005-04-09,55.08505630493164
2005-04-10,53.78963088989258
2005-04-11,40.355594635009766
2005-04-12,32.12092590332031
2005-04-13,28.904905319213867
2005-04-14,30.62894630432129
2005-04-15,31.387588500976562
2005-04-16,27.807971954345703
2005-04-17,24.264297485351562
2005-04-18,21.908424377441406
2005-04-19,20.455081939697266
2005-04-20,19.322166442871094
2005-04-21,18.392240524291992
2005-04-22,17.558189392089844
2005-04-23,17.061939239501953
2005-04-24,16.97752571105957
2005-04-25,16.527441024780273
2005-04-26,15.695969581604004
2005-04-27,15.089910507202148
2005-04-28,14.546608924865723
2005-04-29,14.259023666381836
2005-04-30,15.133614540100098
2005-05-01,19.459339141845703
2005-05-02,23.924057006835938
2005-05-03,22.528270721435547
2005-05-04,19.155019760131836
2005-05-05,16.71979522705078
2005-05-06,15.960018157958984
2005-05-07,17.08973503112793
2005-05-08,17.558143615722656
2005-05-09,16.006261825561523
2005-05-10,14.413910865783691
2005-05-11,13.246817588806152
2005-05-12,12.565252304077148
2005-05-13,12.41855239868164
2005-05-14,12.446615219116211
2005-05-15,12.031885147094727
2005-05-16,11.668111801147461
2005-05-17,11.545332908630371
2005-05-18,10.899129867553711
2005-05-19,10.516033172607422
2005-05-20,11.228620529174805
2005-05-21,13.933622360229492
2005-05-22,15.59961986541748
2005-05-23,13.703117370605469
2005-05-24,12.00745677947998
2005-05-25,11.121221542358398
2005-05-26,10.344712257385254
2005-05-27,9.605711936950684
2005-05-28,8.87788200378418
2005-05-29,8.334624290466309
2005-05-30,7.962963104248047
2005-05-31,7.627272129058838
2005-06-01,7.48299503326416
2005-06-02,8.39001750946045
2005-06-03,12.183592796325684
2005-06-04,17.333341598510742
2005-06-05,17.10892105102539
2005-06-06,14.12473201751709
2005-06-07,12.452983856201172
2005-06-08,15.080111503601074
2005-06-09,20.451904296875
2005-06-10,23.55145263671875
2005-06-11,22.0007266998291
2005-06-12,17.016427993774414
2005-06-13,12.840211868286133
2005-06-14,10.738973617553711
2005-06-15,9.555888175964355
2005-06-16,8.478018760681152
2005-06-17,7.506865978240967
2005-06-18,6.825289726257324
2005-06-19,6.348848342895508
2005-06-20,6.106700897216797
2005-06-21,5.948638916015625
2005-06-22,5.827060222625732
2005-06-23,5.649140357971191
2005-06-24,5.379526138305664
2005-06-25,5.093292713165283
2005-06-26,4.845831871032715
2005-06-27,4.730760097503662
2005-06-28,4.963364601135254
2005-06-29,5.75610876083374
2005-06-30,6.770102500915527
2005-07-01,6.618285179138184
2005-07-02,5.90883731842041
2005-07-03,5.352370738983154
2005-07-04,5.305388450622559
2005-07-05,6.146073818206787
2005-07-06,7.038298606872559
2005-07-07,7.331780910491943
2005-07-08,10.904220581054688
2005-07-09,16.309720993041992
2005-07-10,13.55146312713623
2005-07-11,9.24050521850586
2005-07-12,6.985137939453125
2005-07-13,6.211538314819336
2005-07-14,6.4691162109375
2005-07-15,7.268937587738037
2005-07-16,7.473855495452881
2005-07-17,6.85944938659668
2005-07-18,5.987730026245117
2005-07-19,5.300436019897461
2005-07-20,4.990045547485352
2005-07-21,5.09464693069458
2005-07-22,5.420083999633789
2005-07-23,5.649938583374023
2005-07-24,5.574642181396484
2005-07-25,4.979829788208008
2005-07-26,4.355966091156006
2005-07-27,3.8888771533966064
2005-07-28,3.6614227294921875
2005-07-29,4.680304527282715
2005-07-30,8.777270317077637
2005-07-31,13.96955680847168
2005-08-01,14.4736328125
2005-08-02,11.886316299438477
2005-08-03,8.73669147491455
2005-08-04,6.5904364585876465
2005-08-05,5.394115447998047
2005-08-06,4.701794147491455
2005-08-07,4.480520248413086
2005-08-08,4.542952537536621
2005-08-09,5.353489875793457
2005-08-10,8.437439918518066
2005-08-11,11.620630264282227
2005-08-12,10.107998847961426
2005-08-13,7.405707836151123
2005-08-14,5.956652641296387
2005-08-15,5.647275924682617
2005-08-16,5.426273345947266
2005-08-17,5.268044471740723
2005-08-18,5.59401273727417
2005-08-19,5.867912292480469
2005-08-20,5.848896503448486
2005-08-21,6.076760292053223
2005-08-22,6.065695285797119
2005-08-23,5.397468090057373
2005-08-24,5.030457019805908
2005-08-25,4.797250747680664
2005-08-26,4.302574157714844
2005-08-27,3.8417816162109375
2005-08-28,3.543168783187866
2005-08-29,3.367788791656494
2005-08-30,3.22336483001709
2005-08-31,3.1447293758392334
2005-09-01,3.0398292541503906
2005-09-02,2.8808987140655518
2005-09-03,2.7377231121063232
2005-09-04,2.604524612426758
2005-09-05,2.498481035232544
2005-09-06,2.428696393966675
2005-09-07,2.3541440963745117
2005-09-08,2.2815465927124023
2005-09-09,2.2247843742370605
2005-09-10,2.1815412044525146
2005-09-11,2.1289186477661133
2005-09-12,2.074479579925537
2005-09-13,2.040435552597046
2005-09-14,2.0416760444641113
2005-09-15,2.058628559112549
2005-09-16,2.05112624168396
2005-09-17,2.0445327758789062
2005-09-18,2.0486979484558105
2005-09-19,2.00165057182312
2005-09-20,1.9741129875183105
2005-09-21,2.0766220092773438
2005-09-22,2.245211362838745
2005-09-23,2.2814934253692627
2005-09-24,2.1792492866516113
2005-09-25,2.054366111755371
2005-09-26,2.028672456741333
2005-09-27,2.0662550926208496
2005-09-28,2.1155283451080322
2005-09-29,2.069763660430908
2005-09-30,2.0053751468658447
2005-10-01,2.017998695373535
2005-10-02,2.0177206993103027
2005-10-03,1.9619108438491821
2005-10-04,1.890589952468872
2005-10-05,1.8518842458724976
2005-10-06,1.8897308111190796
2005-10-07,2.3810219764709473
2005-10-08,4.257331848144531
2005-10-09,7.184739589691162
2005-10-10,7.925490379333496
2005-10-11,6.564401626586914
2005-10-12,5.887148380279541
2005-10-13,5.480256080627441
2005-10-14,4.6661376953125
2005-10-15,3.9309909343719482
2005-10-16,3.4240288734436035
2005-10-17,3.075632333755493
2005-10-18,2.87917423248291
2005-10-19,2.783864974975586
2005-10-20,2.6602096557617188
2005-10-21,2.537019729614258
2005-10-22,2.5108323097229004
2005-10-23,2.6866707801818848
2005-10-24,2.869797945022583
2005-10-25,2.823472023010254
2005-10-26,2.7064411640167236
2005-10-27,2.602591037750244
2005-10-28,2.5646607875823975
2005-10-29,2.5230798721313477
2005-10-30,2.5133066177368164
2005-10-31,2.5633530616760254
2005-11-01,2.582615852355957
2005-11-02,2.6186041831970215
2005-11-03,2.6164636611938477
2005-11-04,2.6915905475616455
2005-11-05,2.688894748687744
2005-11-06,2.6609487533569336
2005-11-07,2.6493163108825684
2005-11-08,2.629265308380127
2005-11-09,2.667051315307617
2005-11-10,2.6874780654907227
2005-11-11,2.7872424125671387
2005-11-12,2.9446451663970947
2005-11-13,3.0169248580932617
2005-11-14,2.982581615447998
2005-11-15,2.9116384983062744
2005-11-16,2.915964126586914
2005-11-17,3.0583910942077637
2005-11-18,3.30318021774292
2005-11-19,3.3843915462493896
2005-11-20,3.3513216972351074
2005-11-21,3.7865326404571533
2005-11-22,8.842074394226074
2005-11-23,15.847441673278809
2005-11-24,13.604292869567871
2005-11-25,9.452224731445312
2005-11-26,7.054113388061523
2005-11-27,5.9924516677856445
2005-11-28,6.1882452964782715
2005-11-29,9.521942138671875
2005-11-30,18.31319808959961
2005-12-01,22.593734741210938
2005-12-02,15.37830924987793
2005-12-03,10.399690628051758
2005-12-04,8.238208770751953
2005-12-05,18.54828643798828
2005-12-06,52.58104705810547
2005-12-07,65.11388397216797
2005-12-08,40.2196044921875
2005-12-09,26.95675277709961
2005-12-10,25.306791305541992
2005-12-11,23.24063491821289
2005-12-12,18.543960571289062
2005-12-13,15.041778564453125
2005-12-14,12.681241989135742
2005-12-15,16.175018310546875
2005-12-16,47.38936996459961
2005-12-17,68.04367065429688
2005-12-18,50.38103103637695
2005-12-19,33.444480895996094
2005-12-20,23.676828384399414
2005-12-21,18.276704788208008
2005-12-22,15.11552619934082
2005-12-23,13.164801597595215
2005-12-24,12.060677528381348
2005-12-25,11.563863754272461
2005-12-26,12.392314910888672
2005-12-27,13.688273429870605
2005-12-28,12.88278579711914
2005-12-29,12.375551223754883
2005-12-30,12.815255165100098
2005-12-31,12.793647766113281
2006-01-01,12.014328002929688
2006-01-02,11.730245590209961
2006-01-03,15.028278350830078
2006-01-04,20.878334045410156
2006-01-05,20.05598258972168
2006-01-06,17.610382080078125
2006-01-07,17.124189376831055
2006-01-08,16.081676483154297
2006-01-09,14.221814155578613
2006-01-10,12.83742618560791
2006-01-11,12.14467716217041
2006-01-12,12.953372955322266
2006-01-13,14.623424530029297
2006-01-14,14.990403175354004
2006-01-15,16.41838836669922
2006-01-16,16.083288192749023
2006-01-17,14.181951522827148
2006-01-18,15.009577751159668
2006-01-19,19.408842086791992
2006-01-20,20.53621482849121
2006-01-21,17.972890853881836
2006-01-22,17.039905548095703
2006-01-23,17.275239944458008
2006-01-24,18.190950393676758
2006-01-25,18.743621826171875
2006-01-26,16.47099494934082
2006-01-27,14.323491096496582
2006-01-28,12.866938591003418
2006-01-29,11.983503341674805
2006-01-30,11.532278060913086
2006-01-31,11.650534629821777
2006-02-01,11.558256149291992
2006-02-02,11.205042839050293
2006-02-03,11.057012557983398
2006-02-04,11.894879341125488
2006-02-05,13.712560653686523
2006-02-06,14.282219886779785
2006-02-07,13.030987739562988
2006-02-08,11.938475608825684
2006-02-09,11.204032897949219
2006-02-10,10.741655349731445
2006-02-11,10.686330795288086
2006-02-12,13.027851104736328
2006-02-13,16.392316818237305
2006-02-14,15.700544357299805
2006-02-15,14.100871086120605
2006-02-16,12.9290771484375
2006-02-17,12.009284973144531
2006-02-18,11.335674285888672
2006-02-19,11.254417419433594
2006-02-20,11.329526901245117
2006-02-21,10.883588790893555
2006-02-22,10.502813339233398
2006-02-23,11.62860107421875
2006-02-24,15.081997871398926
2006-02-25,16.772043228149414
2006-02-26,15.080118179321289
2006-02-27,13.253719329833984
2006-02-28,11.999378204345703
2006-03-01,11.179141998291016
2006-03-02,10.612582206726074
2006-03-03,10.149885177612305
2006-03-04,9.750263214111328
2006-03-05,9.412383079528809
2006-03-06,9.181755065917969
2006-03-07,9.235616683959961
2006-03-08,9.321046829223633
2006-03-09,9.158041954040527
2006-03-10,9.011767387390137
2006-03-11,8.963051795959473
2006-03-12,9.169997215270996
2006-03-13,9.240148544311523
2006-03-14,8.886856079101562
2006-03-15,8.551994323730469
2006-03-16,8.242412567138672
2006-03-17,7.932179927825928
2006-03-18,7.681732177734375
2006-03-19,7.495980739593506
2006-03-20,7.440245628356934
2006-03-21,8.069257736206055
2006-03-22,10.340597152709961
2006-03-23,12.521430969238281
2006-03-24,11.723745346069336
2006-03-25,10.6279935836792
2006-03-26,10.13372802734375
2006-03-27,9.689177513122559
2006-03-28,9.168619155883789
2006-03-29,8.817011833190918
2006-03-30,8.501012802124023
2006-03-31,8.218084335327148
2006-04-01,8.030383110046387
2006-04-02,7.821113586425781
2006-04-03,7.78211784362793
2006-04-04,8.417535781860352
2006-04-05,8.984060287475586
2006-04-06,8.41944408416748
2006-04-07,7.799105644226074
2006-04-08,7.578627109527588
2006-04-09,7.983904838562012
2006-04-10,8.35507583618164
2006-04-11,7.779976844787598
2006-04-12,7.30136775970459
2006-04-13,6.982296466827393
2006-04-14,6.721107006072998
2006-04-15,6.498102188110352
2006-04-16,6.29751443862915
2006-04-17,6.144959449768066
2006-04-18,6.42679500579834
2006-04-19,6.682472229003906
2006-04-20,6.356749534606934
2006-04-21,5.998540878295898
2006-04-22,9.506624221801758
2006-04-23,18.736906051635742
2006-04-24,20.66229248046875
2006-04-25,14.753968238830566
2006-04-26,12.069095611572266
2006-04-27,17.88204574584961
2006-04-28,27.113178253173828
2006-04-29,25.832937240600586
2006-04-30,18.249250411987305
2006-05-01,13.364799499511719
2006-05-02,10.847800254821777
2006-05-03,9.238941192626953
2006-05-04,8.108839988708496
2006-05-05,7.330918788909912
2006-05-06,6.89192533493042
2006-05-07,7.3396735191345215
2006-05-08,9.722692489624023
2006-05-09,12.557252883911133
2006-05-10,11.775874137878418
2006-05-11,9.706071853637695
2006-05-12,8.281301498413086
2006-05-13,7.485292434692383
2006-05-14,7.569456100463867
2006-05-15,9.768329620361328
2006-05-16,11.84063720703125
2006-05-17,10.750738143920898
2006-05-18,9.17303466796875
2006-05-19,8.427044868469238
2006-05-20,7.894196033477783
2006-05-21,7.374190807342529
2006-05-22,6.800188064575195
2006-05-23,6.124810218811035
2006-05-24,5.574199199676514
2006-05-25,5.142169952392578
2006-05-26,4.880857467651367
2006-05-27,4.718364715576172
2006-05-28,4.5170464515686035
2006-05-29,4.2155232429504395
2006-05-30,3.959380865097046
2006-05-31,3.7710328102111816
2006-06-01,3.727776050567627
2006-06-02,4.170340061187744
2006-06-03,5.556388854980469
2006-06-04,6.994406700134277
2006-06-05,6.887854099273682
2006-06-06,5.91590690612793
2006-06-07,5.072900772094727
2006-06-08,4.540513515472412
2006-06-09,4.372687339782715
2006-06-10,4.236721992492676
2006-06-11,4.244987487792969
2006-06-12,6.133045196533203
2006-06-13,9.395223617553711
2006-06-14,17.371089935302734
2006-06-15,35.994441986083984
2006-06-16,39.8164176940918
2006-06-17,23.064409255981445
2006-06-18,13.394739151000977
2006-06-19,9.034537315368652
2006-06-20,6.853981018066406
2006-06-21,5.627125263214111
2006-06-22,4.855139255523682
2006-06-23,5.041912078857422
2006-06-24,8.71884536743164
2006-06-25,16.00035858154297
2006-06-26,22.085649490356445
2006-06-27,31.122774124145508
2006-06-28,50.92676544189453
2006-06-29,52.02214050292969
2006-06-30,32.84035873413086
2006-07-01,18.901248931884766
2006-07-02,12.356154441833496
2006-07-03,9.254972457885742
2006-07-04,7.714461803436279
2006-07-05,7.985847473144531
2006-07-06,20.61635971069336
2006-07-07,44.96381378173828
2006-07-08,43.624168395996094
2006-07-09,25.298568725585938
2006-07-10,15.241169929504395
2006-07-11,10.744105339050293
2006-07-12,8.4566011428833
2006-07-13,7.664638519287109
2006-07-14,8.39908504486084
2006-07-15,9.930360794067383
2006-07-16,10.196348190307617
2006-07-17,8.749703407287598
2006-07-18,6.983818054199219
2006-07-19,5.904911994934082
2006-07-20,5.539724349975586
2006-07-21,5.7527546882629395
2006-07-22,6.272570610046387
2006-07-23,9.982584953308105
2006-07-24,19.015228271484375
2006-07-25,23.171289443969727
2006-07-26,18.758480072021484
2006-07-27,15.152021408081055
2006-07-28,12.22736930847168
2006-07-29,9.80245304107666
2006-07-30,8.823320388793945
2006-07-31,8.622604370117188
2006-08-01,7.246064186096191
2006-08-02,5.948946475982666
2006-08-03,5.117104530334473
2006-08-04,4.6191205978393555
2006-08-05,4.273126125335693
2006-08-06,3.9772653579711914
2006-08-07,4.028429985046387
2006-08-08,4.327910900115967
2006-08-09,4.244926452636719
2006-08-10,3.9828944206237793
2006-08-11,3.8530044555664062
2006-08-12,4.217081069946289
2006-08-13,4.9811506271362305
2006-08-14,4.928739070892334
2006-08-15,4.37629508972168
2006-08-16,4.1985249519348145
2006-08-17,4.822259902954102
2006-08-18,5.222190856933594
2006-08-19,4.518862724304199
2006-08-20,3.8214478492736816
2006-08-21,3.421227216720581
2006-08-22,3.240323066711426
2006-08-23,3.338003635406494
2006-08-24,3.413132667541504
2006-08-25,3.232532501220703
2006-08-26,2.971268653869629
2006-08-27,2.7213916778564453
2006-08-28,2.5042784214019775
2006-08-29,2.355724811553955
2006-08-30,2.504257917404175
2006-08-31,4.080536365509033
2006-09-01,8.420021057128906
2006-09-02,13.7416410446167
2006-09-03,14.158968925476074
2006-09-04,10.211402893066406
2006-09-05,7.954629898071289
2006-09-06,8.42756462097168
2006-09-07,9.99929141998291
2006-09-08,9.370475769042969
2006-09-09,7.892707347869873
2006-09-10,6.658985614776611
2006-09-11,5.643711566925049
2006-09-12,4.906489849090576
2006-09-13,5.06868839263916
2006-09-14,11.380727767944336
2006-09-15,32.28538131713867
2006-09-16,34.124698638916016
2006-09-17,21.22507667541504
2006-09-18,12.773059844970703
2006-09-19,9.373421669006348
2006-09-20,8.5846529006958
2006-09-21,8.22964096069336
2006-09-22,7.1341142654418945
2006-09-23,6.227182388305664
2006-09-24,5.64006233215332
2006-09-25,5.564243316650391
2006-09-26,5.969147682189941
2006-09-27,5.890873908996582
2006-09-28,5.440550804138184
2006-09-29,5.470086574554443
2006-09-30,5.791937351226807
2006-10-01,5.496012210845947
2006-10-02,5.042140007019043
2006-10-03,4.619030952453613
2006-10-04,4.293181419372559
2006-10-05,4.046794414520264
2006-10-06,4.481176853179932
2006-10-07,6.991064548492432
2006-10-08,9.967364311218262
2006-10-09,10.223264694213867
2006-10-10,9.053874969482422
2006-10-11,7.368342876434326
2006-10-12,6.270547866821289
2006-10-13,5.822635650634766
2006-10-14,5.522162914276123
2006-10-15,5.136025428771973
2006-10-16,4.811793327331543
2006-10-17,5.356729507446289
2006-10-18,9.824657440185547
2006-10-19,16.083646774291992
2006-10-20,14.557957649230957
2006-10-21,11.785242080688477
2006-10-22,10.158509254455566
2006-10-23,9.16950511932373
2006-10-24,8.62277603149414
2006-10-25,7.723316192626953
2006-10-26,6.949352264404297
2006-10-27,6.785534858703613
2006-10-28,9.939705848693848
2006-10-29,16.583276748657227
2006-10-30,17.365211486816406
2006-10-31,13.784485816955566
2006-11-01,10.843883514404297
2006-11-02,9.179706573486328
2006-11-03,8.22299575805664
2006-11-04,7.624554634094238
2006-11-05,7.199148178100586
2006-11-06,6.847448348999023
2006-11-07,7.916738033294678
2006-11-08,15.665204048156738
2006-11-09,27.390480041503906
2006-11-10,27.85711669921875
2006-11-11,20.808637619018555
2006-11-12,19.726903915405273
2006-11-13,28.809127807617188
2006-11-14,31.706541061401367
2006-11-15,23.398283004760742
2006-11-16,33.15791702270508
2006-11-17,70.9093017578125
2006-11-18,80.69058990478516
2006-11-19,50.779850006103516
2006-11-20,31.27887535095215
2006-11-21,24.8919734954834
2006-11-22,98.62043762207031
2006-11-23,224.09048461914062
2006-11-24,232.62017822265625
2006-11-25,126.20021057128906
2006-11-26,65.52172088623047
2006-11-27,41.42706298828125
2006-11-28,31.02196502685547
2006-11-29,25.674427032470703
2006-11-30,22.446327209472656
2006-12-01,21.419429779052734
2006-12-02,22.712791442871094
2006-12-03,22.407684326171875
2006-12-04,19.875967025756836
2006-12-05,17.890235900878906
2006-12-06,16.310771942138672
2006-12-07,15.203673362731934
2006-12-08,14.468433380126953
2006-12-09,13.882316589355469
2006-12-10,13.106199264526367
2006-12-11,12.643072128295898
2006-12-12,12.26076602935791
2006-12-13,11.973377227783203
2006-12-14,11.921529769897461
2006-12-15,11.967246055603027
2006-12-16,11.732881546020508
2006-12-17,11.470900535583496
2006-12-18,11.239203453063965
2006-12-19,11.021663665771484
2006-12-20,10.754889488220215
2006-12-21,10.47787857055664
2006-12-22,13.737606048583984
2006-12-23,29.406654357910156
2006-12-24,42.37744140625
2006-12-25,47.1976203918457
2006-12-26,77.21636962890625
2006-12-27,89.84954071044922
2006-12-28,61.45452880859375
2006-12-29,39.70070266723633
2006-12-30,29.1912784576416
2006-12-31,24.075138092041016
2007-01-01,28.309228897094727
2007-01-02,62.913734436035156
2007-01-03,79.62325286865234
2007-01-04,54.22714614868164
2007-01-05,37.15659713745117
2007-01-06,35.85017395019531
2007-01-07,49.849212646484375
2007-01-08,87.67636108398438
2007-01-09,119.54934692382812
2007-01-10,95.62382507324219
2007-01-11,61.10462951660156
2007-01-12,41.602787017822266
2007-01-13,32.372554779052734
2007-01-14,27.55589485168457
2007-01-15,24.45058822631836
2007-01-16,22.217012405395508
2007-01-17,20.815452575683594
2007-01-18,19.879806518554688
2007-01-19,19.235858917236328
2007-01-20,19.09869956970215
2007-01-21,18.566129684448242
2007-01-22,21.154823303222656
2007-01-23,27.497756958007812
2007-01-24,29.592037200927734
2007-01-25,26.05086326599121
2007-01-26,22.73204803466797
2007-01-27,20.3172550201416
2007-01-28,18.60566520690918
2007-01-29,17.631229400634766
2007-01-30,16.898714065551758
2007-01-31,15.997203826904297
2007-02-01,15.490341186523438
2007-02-02,15.956521987915039
2007-02-03,17.099950790405273
2007-02-04,17.221805572509766
2007-02-05,16.503026962280273
2007-02-06,15.848785400390625
2007-02-07,15.09625244140625
2007-02-08,14.454510688781738
2007-02-09,13.985407829284668
2007-02-10,13.65126895904541
2007-02-11,13.264667510986328
2007-02-12,12.931480407714844
2007-02-13,14.340789794921875
2007-02-14,42.829315185546875
2007-02-15,77.17880249023438
2007-02-16,68.36800384521484
2007-02-17,48.07279586791992
2007-02-18,35.39833450317383
2007-02-19,28.81214714050293
2007-02-20,24.746135711669922
2007-02-21,22.648286819458008
2007-02-22,21.421113967895508
2007-02-23,20.076950073242188
2007-02-24,18.471084594726562
2007-02-25,19.822853088378906
2007-02-26,28.783695220947266
2007-02-27,35.32746887207031
2007-02-28,30.480224609375
2007-03-01,25.983196258544922
2007-03-02,60.90813446044922
2007-03-03,114.85418701171875
2007-03-04,104.91082763671875
2007-03-05,66.17630004882812
2007-03-06,43.776641845703125
2007-03-07,33.291587829589844
2007-03-08,27.46218490600586
2007-03-09,24.117206573486328
2007-03-10,21.793954849243164
2007-03-11,20.15824317932129
2007-03-12,19.175743103027344
2007-03-13,18.088930130004883
2007-03-14,17.173608779907227
2007-03-15,16.527873992919922
2007-03-16,27.66050910949707
2007-03-17,67.75605773925781
2007-03-18,87.8035888671875
2007-03-19,60.3433837890625
2007-03-20,40.17781066894531
2007-03-21,30.83323860168457
2007-03-22,26.018699645996094
2007-03-23,22.82097816467285
2007-03-24,20.60672950744629
2007-03-25,18.90804672241211
2007-03-26,17.621170043945312
2007-03-27,16.693235397338867
2007-03-28,16.012088775634766
2007-03-29,15.900660514831543
2007-03-30,17.43606185913086
2007-03-31,18.792301177978516
2007-04-01,17.68299674987793
2007-04-02,16.88858413696289
2007-04-03,16.162290573120117
2007-04-04,15.18955135345459
2007-04-05,14.348901748657227
2007-04-06,13.59223461151123
2007-04-07,13.0027437210083
2007-04-08,12.707995414733887
2007-04-09,12.215792655944824
2007-04-10,11.697031021118164
2007-04-11,11.8029146194458
2007-04-12,20.30617904663086
2007-04-13,34.454811096191406
2007-04-14,33.19123840332031
2007-04-15,61.9891357421875
2007-04-16,164.04193115234375
2007-04-17,190.5147705078125
2007-04-18,110.21714782714844
2007-04-19,63.53861999511719
2007-04-20,42.67064666748047
2007-04-21,32.54560089111328
2007-04-22,26.681766510009766
2007-04-23,23.020963668823242
2007-04-24,20.491180419921875
2007-04-25,18.606212615966797
2007-04-26,17.137292861938477
2007-04-27,16.08794593811035
2007-04-28,15.75361442565918
2007-04-29,15.39987850189209
2007-04-30,14.382250785827637
2007-05-01,13.397899627685547
2007-05-02,12.616263389587402
2007-05-03,11.81509017944336
2007-05-04,11.234420776367188
2007-05-05,11.146089553833008
2007-05-06,11.444292068481445
2007-05-07,11.647701263427734
2007-05-08,11.028242111206055
2007-05-09,10.637800216674805
2007-05-10,10.709575653076172
2007-05-11,10.701436996459961
2007-05-12,10.386277198791504
2007-05-13,10.3931303024292
2007-05-14,10.392505645751953
2007-05-15,9.711125373840332
2007-05-16,9.074321746826172
2007-05-17,8.647409439086914
2007-05-18,8.541852951049805
2007-05-19,8.405754089355469
2007-05-20,7.952681064605713
2007-05-21,7.527486801147461
2007-05-22,7.126863956451416
2007-05-23,6.752153396606445
2007-05-24,6.492084503173828
2007-05-25,6.272681713104248
2007-05-26,6.024933815002441
2007-05-27,5.736820220947266
2007-05-28,5.459393501281738
2007-05-29,5.177221775054932
2007-05-30,4.9530439376831055
2007-05-31,4.772332668304443
2007-06-01,4.664989948272705
2007-06-02,4.600592136383057
2007-06-03,5.172735691070557
2007-06-04,8.146522521972656
2007-06-05,11.556497573852539
2007-06-06,10.18297004699707
2007-06-07,8.567768096923828
2007-06-08,7.4168524742126465
2007-06-09,6.36484956741333
2007-06-10,5.63519287109375
2007-06-11,5.306506156921387
2007-06-12,5.730758190155029
2007-06-13,6.499481201171875
2007-06-14,6.491884231567383
2007-06-15,6.0908203125
2007-06-16,5.663254737854004
2007-06-17,5.420586109161377
2007-06-18,5.224745750427246
2007-06-19,4.828977584838867
2007-06-20,4.510489463806152
2007-06-21,4.485382556915283
2007-06-22,4.5263519287109375
2007-06-23,4.347041130065918
2007-06-24,4.133254051208496
2007-06-25,3.913367986679077
2007-06-26,4.043677806854248
2007-06-27,4.462181568145752
2007-06-28,4.705434799194336
2007-06-29,4.727885723114014
2007-06-30,4.681232452392578
2007-07-01,4.747251033782959
2007-07-02,4.596611499786377
2007-07-03,4.024471282958984
2007-07-04,3.588973045349121
2007-07-05,3.3742516040802
2007-07-06,3.3267645835876465
2007-07-07,3.452080249786377
2007-07-08,3.52923846244812
2007-07-09,3.320913076400757
2007-07-10,3.374209403991699
2007-07-11,4.217018127441406
2007-07-12,5.167141914367676
2007-07-13,4.899065017700195
2007-07-14,4.065701484680176
2007-07-15,3.5472147464752197
2007-07-16,3.2340550422668457
2007-07-17,3.171168327331543
2007-07-18,3.7337160110473633
2007-07-19,4.711239814758301
2007-07-20,4.666431427001953
2007-07-21,4.093123435974121
2007-07-22,3.5966639518737793
2007-07-23,3.175413131713867
2007-07-24,3.086728096008301
2007-07-25,3.3212242126464844
2007-07-26,3.6984827518463135
2007-07-27,3.902296543121338
2007-07-28,3.692840814590454
2007-07-29,3.479814052581787
2007-07-30,3.6201958656311035
2007-07-31,4.9258599281311035
2007-08-01,5.775388240814209
2007-08-02,4.622145652770996
2007-08-03,3.548947811126709
2007-08-04,3.0559868812561035
2007-08-05,2.846785068511963
2007-08-06,2.608454704284668
2007-08-07,2.397900342941284
2007-08-08,2.2080891132354736
2007-08-09,2.0402159690856934
2007-08-10,1.8979768753051758
2007-08-11,1.8103888034820557
2007-08-12,1.775141954421997
2007-08-13,1.7267719507217407
2007-08-14,1.6641041040420532
2007-08-15,1.585888385772705
2007-08-16,1.5136747360229492
2007-08-17,1.4763916730880737
2007-08-18,1.4848554134368896
2007-08-19,1.47590172290802
2007-08-20,1.4137122631072998
2007-08-21,1.3689124584197998
2007-08-22,1.416902780532837
2007-08-23,1.5776065587997437
2007-08-24,1.6338794231414795
2007-08-25,1.6014281511306763
2007-08-26,1.538333773612976
2007-08-27,1.4827202558517456
2007-08-28,1.4486274719238281
2007-08-29,1.4151151180267334
2007-08-30,1.4031246900558472
2007-08-31,1.4950612783432007
2007-09-01,1.5778560638427734
2007-09-02,1.5524998903274536
2007-09-03,1.468130350112915
2007-09-04,1.3725181818008423
2007-09-05,1.2923215627670288
2007-09-06,1.2317664623260498
2007-09-07,1.1793081760406494
2007-09-08,1.1351947784423828
2007-09-09,1.100285530090332
2007-09-10,1.0679274797439575
2007-09-11,1.0484375953674316
2007-09-12,1.0405585765838623
2007-09-13,1.0204981565475464
2007-09-14,1.086353063583374
2007-09-15,1.4981361627578735
2007-09-16,2.0881307125091553
2007-09-17,1.9906269311904907
2007-09-18,1.6796866655349731
2007-09-19,1.5016804933547974
2007-09-20,1.421247124671936
2007-09-21,1.3940852880477905
2007-09-22,1.3831617832183838
2007-09-23,1.3515901565551758
2007-09-24,1.284876823425293
2007-09-25,1.1972274780273438
2007-09-26,1.1441477537155151
2007-09-27,1.1034924983978271
2007-09-28,1.0619992017745972
2007-09-29,1.018048882484436
2007-09-30,0.9877103567123413
2007-10-01,0.9758085012435913
2007-10-02,0.9685760736465454
2007-10-03,0.9824429750442505
2007-10-04,1.00388503074646
2007-10-05,1.0212323665618896
2007-10-06,1.0353437662124634
2007-10-07,1.0356042385101318
2007-10-08,1.0144137144088745
2007-10-09,0.998620867729187
2007-10-10,0.9943517446517944
2007-10-11,0.9754554033279419
2007-10-12,0.9591051340103149
2007-10-13,0.945976972579956
2007-10-14,0.9441735744476318
2007-10-15,0.9481624960899353
2007-10-16,0.971406102180481
2007-10-17,0.9901779294013977
2007-10-18,1.0235031843185425
2007-10-19,1.0665510892868042
2007-10-20,1.280868649482727
2007-10-21,1.6137561798095703
2007-10-22,1.625298023223877
2007-10-23,1.5283653736114502
2007-10-24,1.627658724784851
2007-10-25,2.7680282592773438
2007-10-26,12.350044250488281
2007-10-27,36.6512336730957
2007-10-28,36.291446685791016
2007-10-29,18.316146850585938
2007-10-30,9.175164222717285
2007-10-31,5.9895219802856445
2007-11-01,4.725923538208008
2007-11-02,4.105893611907959
2007-11-03,3.654752016067505
2007-11-04,3.378627300262451
2007-11-05,3.1951663494110107
2007-11-06,3.0607059001922607
2007-11-07,2.953606605529785
2007-11-08,2.8975086212158203
2007-11-09,2.8766889572143555
2007-11-10,2.8277578353881836
2007-11-11,2.80098557472229
2007-11-12,2.8107218742370605
2007-11-13,2.7935574054718018
2007-11-14,2.7896876335144043
2007-11-15,2.8589553833007812
2007-11-16,3.2794041633605957
2007-11-17,3.7876996994018555
2007-11-18,3.7649412155151367
2007-11-19,3.550157070159912
2007-11-20,3.350180149078369
2007-11-21,3.246797800064087
2007-11-22,3.1635901927948
2007-11-23,3.1441357135772705
2007-11-24,3.195815086364746
2007-11-25,3.174710512161255
2007-11-26,3.1410510540008545
2007-11-27,3.2025256156921387
2007-11-28,3.335979700088501
2007-11-29,3.381152391433716
2007-11-30,3.348109483718872
2007-12-01,3.240562915802002
2007-12-02,3.21470308303833
2007-12-03,3.1845951080322266
2007-12-04,3.1260647773742676
2007-12-05,3.0633392333984375
2007-12-06,3.090541362762451
2007-12-07,3.0774593353271484
2007-12-08,3.10062313079834
2007-12-09,3.151216506958008
2007-12-10,3.1530048847198486
2007-12-11,3.1152758598327637
2007-12-12,3.096421241760254
2007-12-13,3.0397164821624756
2007-12-14,3.027477979660034
2007-12-15,3.0442049503326416
2007-12-16,4.020281791687012
2007-12-17,6.459681987762451
2007-12-18,7.377692222595215
2007-12-19,6.415812969207764
2007-12-20,5.589913368225098
2007-12-21,5.108670711517334
2007-12-22,4.92041540145874
2007-12-23,5.063318252563477
2007-12-24,5.402894973754883
2007-12-25,5.965686798095703
2007-12-26,5.793235778808594
2007-12-27,6.400877475738525
2007-12-28,7.3493499755859375
2007-12-29,7.695104598999023
2007-12-30,12.595121383666992
2007-12-31,30.09119987487793
2008-01-01,41.7542724609375
2008-01-02,30.324499130249023
2008-01-03,18.87529754638672
2008-01-04,12.977933883666992
2008-01-05,9.984214782714844
2008-01-06,8.4409818649292
2008-01-07,7.598224639892578
2008-01-08,7.059434413909912
2008-01-09,6.642590522766113
2008-01-10,6.317557334899902
2008-01-11,6.371173858642578
2008-01-12,6.818816661834717
2008-01-13,6.979413032531738
2008-01-14,6.5581183433532715
2008-01-15,6.114450454711914
2008-01-16,5.839488983154297
2008-01-17,5.915325164794922
2008-01-18,7.797042369842529
2008-01-19,11.005912780761719
2008-01-20,12.326860427856445
2008-01-21,11.900747299194336
2008-01-22,10.231698036193848
2008-01-23,9.351163864135742
2008-01-24,9.068527221679688
2008-01-25,8.541359901428223
2008-01-26,7.879358291625977
2008-01-27,7.3272833824157715
2008-01-28,6.964534282684326
2008-01-29,6.720547676086426
2008-01-30,6.898684501647949
2008-01-31,7.397408485412598
2008-02-01,11.504725456237793
2008-02-02,25.23724937438965
2008-02-03,33.837032318115234
2008-02-04,25.42304229736328
2008-02-05,19.794532775878906
2008-02-06,18.321786880493164
2008-02-07,15.904817581176758
2008-02-08,13.279886245727539
2008-02-09,11.228561401367188
2008-02-10,9.8416166305542
2008-02-11,8.869108200073242
2008-02-12,8.294672012329102
2008-02-13,9.046296119689941
2008-02-14,13.022881507873535
2008-02-15,16.708158493041992
2008-02-16,15.73780632019043
2008-02-17,13.458133697509766
2008-02-18,11.927960395812988
2008-02-19,11.331456184387207
2008-02-20,10.60962200164795
2008-02-21,9.65521240234375
2008-02-22,8.98890495300293
2008-02-23,8.894147872924805
2008-02-24,9.172918319702148
2008-02-25,9.224133491516113
2008-02-26,9.643104553222656
2008-02-27,11.887735366821289
2008-02-28,13.973846435546875
2008-02-29,12.844062805175781
2008-03-01,11.144668579101562
2008-03-02,9.960295677185059
2008-03-03,9.152429580688477
2008-03-04,9.5841646194458
2008-03-05,29.77352523803711
2008-03-06,51.5977783203125
2008-03-07,48.29109573364258
2008-03-08,50.43888473510742
2008-03-09,53.439002990722656
2008-03-10,39.320526123046875
2008-03-11,26.944438934326172
2008-03-12,20.35837173461914
2008-03-13,16.72989273071289
2008-03-14,14.48233413696289
2008-03-15,14.626518249511719
2008-03-16,19.073501586914062
2008-03-17,22.913599014282227
2008-03-18,20.769084930419922
2008-03-19,17.755769729614258
2008-03-20,18.336929321289062
2008-03-21,19.735076904296875
2008-03-22,17.579957962036133
2008-03-23,15.060073852539062
2008-03-24,13.430022239685059
2008-03-25,12.858020782470703
2008-03-26,12.353828430175781
2008-03-27,11.57888126373291
2008-03-28,10.832866668701172
2008-03-29,10.344730377197266
2008-03-30,11.086700439453125
2008-03-31,15.074065208435059
2008-04-01,26.77897834777832
2008-04-02,37.82316207885742
2008-04-03,36.530487060546875
2008-04-04,34.14060974121094
2008-04-05,58.30604553222656
2008-04-06,114.94264221191406
2008-04-07,138.81832885742188
2008-04-08,94.46033477783203
2008-04-09,56.201202392578125
2008-04-10,36.672630310058594
2008-04-11,27.236984252929688
2008-04-12,22.258686065673828
2008-04-13,19.702728271484375
2008-04-14,18.017887115478516
2008-04-15,16.38060760498047
2008-04-16,14.957306861877441
2008-04-17,13.671836853027344
2008-04-18,12.878922462463379
2008-04-19,12.329463005065918
2008-04-20,13.065122604370117
2008-04-21,17.115610122680664
2008-04-22,21.464630126953125
2008-04-23,20.594768524169922
2008-04-24,17.66062355041504
2008-04-25,14.975162506103516
2008-04-26,13.226238250732422
2008-04-27,12.769362449645996
2008-04-28,24.81111717224121
2008-04-29,55.1507568359375
2008-04-30,63.60313415527344
2008-05-01,42.8992919921875
2008-05-02,29.032981872558594
2008-05-03,21.720041275024414
2008-05-04,17.55573081970215
2008-05-05,15.12628173828125
2008-05-06,13.438440322875977
2008-05-07,12.140822410583496
2008-05-08,11.184797286987305
2008-05-09,11.776665687561035
2008-05-10,17.613798141479492
2008-05-11,20.500442504882812
2008-05-12,19.429088592529297
2008-05-13,19.608190536499023
2008-05-14,16.842254638671875
2008-05-15,14.037643432617188
2008-05-16,13.114489555358887
2008-05-17,13.754018783569336
2008-05-18,13.837682723999023
2008-05-19,13.53822135925293
2008-05-20,13.507152557373047
2008-05-21,12.845747947692871
2008-05-22,11.720953941345215
2008-05-23,10.30681037902832
2008-05-24,9.22962474822998
2008-05-25,8.671486854553223
2008-05-26,8.199357986450195
2008-05-27,7.720928192138672
2008-05-28,7.531333923339844
2008-05-29,7.998482704162598
2008-05-30,8.211137771606445
2008-05-31,7.691900253295898
2008-06-01,7.767430782318115
2008-06-02,8.096269607543945
2008-06-03,7.499988555908203
2008-06-04,6.725559234619141
2008-06-05,6.101347923278809
2008-06-06,5.472336769104004
2008-06-07,4.964829444885254
2008-06-08,4.530909061431885
2008-06-09,4.182621002197266
2008-06-10,3.9167284965515137
2008-06-11,3.6874332427978516
2008-06-12,3.504892110824585
2008-06-13,3.4979615211486816
2008-06-14,3.610534191131592
2008-06-15,3.604189872741699
2008-06-16,3.6181421279907227
2008-06-17,3.538400411605835
2008-06-18,3.3266642093658447
2008-06-19,3.0847883224487305
2008-06-20,2.903165817260742
2008-06-21,2.791438102722168
2008-06-22,2.9256415367126465
2008-06-23,4.653891086578369
2008-06-24,7.336398124694824
2008-06-25,7.7213616371154785
2008-06-26,5.997624397277832
2008-06-27,4.711905002593994
2008-06-28,4.121053695678711
2008-06-29,3.890777349472046
2008-06-30,5.145235061645508
2008-07-01,7.763284683227539
2008-07-02,8.248237609863281
2008-07-03,6.471590518951416
2008-07-04,5.027529716491699
2008-07-05,5.5433831214904785
2008-07-06,9.775952339172363
2008-07-07,13.94931411743164
2008-07-08,13.447559356689453
2008-07-09,10.89752197265625
2008-07-10,10.409454345703125
2008-07-11,10.481208801269531
2008-07-12,8.735807418823242
2008-07-13,6.74711799621582
2008-07-14,5.645611763000488
2008-07-15,5.344160079956055
2008-07-16,5.06397008895874
2008-07-17,4.378240585327148
2008-07-18,3.746263265609741
2008-07-19,3.284407377243042
2008-07-20,3.0055410861968994
2008-07-21,2.845763683319092
2008-07-22,2.6993887424468994
2008-07-23,2.752385139465332
2008-07-24,3.2947516441345215
2008-07-25,3.8439102172851562
2008-07-26,3.597010612487793
2008-07-27,3.2759413719177246
2008-07-28,3.0930700302124023
2008-07-29,2.868678092956543
2008-07-30,2.6381473541259766
2008-07-31,2.6243600845336914
2008-08-01,3.089130163192749
2008-08-02,3.6585140228271484
2008-08-03,3.6282124519348145
2008-08-04,3.3152644634246826
2008-08-05,2.809220552444458
2008-08-06,2.419804096221924
2008-08-07,2.1907589435577393
2008-08-08,2.021815061569214
2008-08-09,1.8812148571014404
2008-08-10,1.7957329750061035
2008-08-11,1.8306186199188232
2008-08-12,1.855025291442871
2008-08-13,1.795413613319397
2008-08-14,1.8464202880859375
2008-08-15,2.005934476852417
2008-08-16,2.010502338409424
2008-08-17,1.9161088466644287
2008-08-18,1.8043556213378906
2008-08-19,1.697106122970581
2008-08-20,1.5906704664230347
2008-08-21,1.522860050201416
2008-08-22,1.490713119506836
2008-08-23,1.445809006690979
2008-08-24,1.3679540157318115
2008-08-25,1.3274567127227783
2008-08-26,1.4313284158706665
2008-08-27,12.63710880279541
2008-08-28,65.39775085449219
2008-08-29,102.0495834350586
2008-08-30,62.95082092285156
2008-08-31,30.29095458984375
2008-09-01,17.415006637573242
2008-09-02,11.481378555297852
2008-09-03,8.14610481262207
2008-09-04,6.362442493438721
2008-09-05,5.864231109619141
2008-09-06,44.80943298339844
2008-09-07,81.7418212890625
2008-09-08,64.91153717041016
2008-09-09,32.08860778808594
2008-09-10,18.47487449645996
2008-09-11,16.023130416870117
2008-09-12,15.228639602661133
2008-09-13,12.470451354980469
2008-09-14,9.765412330627441
2008-09-15,7.864041805267334
2008-09-16,8.983327865600586
2008-09-17,17.618223190307617
2008-09-18,23.090351104736328
2008-09-19,17.158870697021484
2008-09-20,11.8319091796875
2008-09-21,8.857145309448242
2008-09-22,7.214550018310547
2008-09-23,6.221930027008057
2008-09-24,5.545604705810547
2008-09-25,5.151404857635498
2008-09-26,7.001712322235107
2008-09-27,15.087244033813477
2008-09-28,23.7774715423584
2008-09-29,23.55674171447754
2008-09-30,16.931987762451172
2008-10-01,13.18967342376709
2008-10-02,13.435932159423828
2008-10-03,13.026372909545898
2008-10-04,10.618188858032227
2008-10-05,8.686535835266113
2008-10-06,7.4167375564575195
2008-10-07,6.598910331726074
2008-10-08,6.1097846031188965
2008-10-09,5.8248114585876465
2008-10-10,5.772464752197266
2008-10-11,5.6739912033081055
2008-10-12,5.376041889190674
2008-10-13,5.02541446685791
2008-10-14,4.733455657958984
2008-10-15,4.572718620300293
2008-10-16,4.394117832183838
2008-10-17,4.288972854614258
2008-10-18,4.731413841247559
2008-10-19,5.4181413650512695
2008-10-20,5.551782131195068
2008-10-21,5.214916229248047
2008-10-22,4.852278232574463
2008-10-23,4.589942455291748
2008-10-24,4.452321529388428
2008-10-25,4.592775821685791
2008-10-26,5.373039245605469
2008-10-27,6.389453887939453
2008-10-28,6.174921989440918
2008-10-29,5.568513870239258
2008-10-30,5.104308128356934
2008-10-31,4.819499969482422
2008-11-01,4.689645767211914
2008-11-02,4.668553829193115
2008-11-03,4.5347700119018555
2008-11-04,4.59107780456543
2008-11-05,5.518438339233398
2008-11-06,7.122257232666016
2008-11-07,7.549854755401611
2008-11-08,6.856081008911133
2008-11-09,6.157105445861816
2008-11-10,5.7522101402282715
2008-11-11,5.446400165557861
2008-11-12,5.2437424659729
2008-11-13,5.210416793823242
2008-11-14,6.251692295074463
2008-11-15,9.752970695495605
2008-11-16,15.368353843688965
2008-11-17,17.332277297973633
2008-11-18,13.511548042297363
2008-11-19,10.37027359008789
2008-11-20,8.745712280273438
2008-11-21,7.782249450683594
2008-11-22,7.36535120010376
2008-11-23,7.064671516418457
2008-11-24,6.708809852600098
2008-11-25,6.780786514282227
2008-11-26,7.311513900756836
2008-11-27,7.567886829376221
2008-11-28,7.322949409484863
2008-11-29,7.041574954986572
2008-11-30,10.134151458740234
2008-12-01,23.882549285888672
2008-12-02,33.86787414550781
2008-12-03,26.812423706054688
2008-12-04,18.8780574798584
2008-12-05,14.525481224060059
2008-12-06,12.159357070922852
2008-12-07,10.768661499023438
2008-12-08,9.87975025177002
2008-12-09,9.177495956420898
2008-12-10,8.837517738342285
2008-12-11,27.291702270507812
2008-12-12,109.36318969726562
2008-12-13,149.11744689941406
2008-12-14,88.68451690673828
2008-12-15,48.2366943359375
2008-12-16,30.82845687866211
2008-12-17,23.91197967529297
2008-12-18,22.415382385253906
2008-12-19,20.873668670654297
2008-12-20,19.911754608154297
2008-12-21,29.377424240112305
2008-12-22,41.992488861083984
2008-12-23,40.037559509277344
2008-12-24,30.369850158691406
2008-12-25,26.85169792175293
2008-12-26,28.753164291381836
2008-12-27,28.1279239654541
2008-12-28,24.348007202148438
2008-12-29,21.534099578857422
2008-12-30,19.257604598999023
2008-12-31,17.070261001586914
2009-01-01,15.365852355957031
2009-01-02,14.307247161865234
2009-01-03,13.814079284667969
2009-01-04,13.98173713684082
2009-01-05,15.438774108886719
2009-01-06,32.20777130126953
2009-01-07,103.64701080322266
2009-01-08,151.87718200683594
2009-01-09,103.87718963623047
2009-01-10,59.989662170410156
2009-01-11,38.78850555419922
2009-01-12,29.093461990356445
2009-01-13,23.797893524169922
2009-01-14,20.451017379760742
2009-01-15,18.386577606201172
2009-01-16,16.928421020507812
2009-01-17,15.469507217407227
2009-01-18,14.314918518066406
2009-01-19,13.707578659057617
2009-01-20,13.141083717346191
2009-01-21,12.882765769958496
2009-01-22,12.488473892211914
2009-01-23,12.024682998657227
2009-01-24,11.737356185913086
2009-01-25,11.46480941772461
2009-01-26,11.147445678710938
2009-01-27,11.042102813720703
2009-01-28,13.439489364624023
2009-01-29,19.597537994384766
2009-01-30,22.893327713012695
2009-01-31,20.11836814880371
2009-02-01,17.36368751525879
2009-02-02,15.553253173828125
2009-02-03,15.235892295837402
2009-02-04,16.440515518188477
2009-02-05,16.652801513671875
2009-02-06,15.287653923034668
2009-02-07,14.003604888916016
2009-02-08,13.451264381408691
2009-02-09,13.073927879333496
2009-02-10,12.5899076461792
2009-02-11,12.151256561279297
2009-02-12,11.843494415283203
2009-02-13,11.641362190246582
2009-02-14,11.343692779541016
2009-02-15,10.979452133178711
2009-02-16,10.657793998718262
2009-02-17,10.537736892700195
2009-02-18,11.315595626831055
2009-02-19,14.855491638183594
2009-02-20,18.108537673950195
2009-02-21,17.10002899169922
2009-02-22,15.1945161819458
2009-02-23,13.926044464111328
2009-02-24,13.148895263671875
2009-02-25,12.45852279663086
2009-02-26,11.807729721069336
2009-02-27,11.454061508178711
2009-02-28,11.648981094360352
2009-03-01,24.313886642456055
2009-03-02,64.10769653320312
2009-03-03,86.51715850830078
2009-03-04,63.634605407714844
2009-03-05,50.905052185058594
2009-03-06,48.11740493774414
2009-03-07,47.775508880615234
2009-03-08,44.28010940551758
2009-03-09,37.72838592529297
2009-03-10,30.961774826049805
2009-03-11,25.58062171936035
2009-03-12,21.90728759765625
2009-03-13,19.347957611083984
2009-03-14,22.619251251220703
2009-03-15,57.154212951660156
2009-03-16,106.73698425292969
2009-03-17,118.28956604003906
2009-03-18,91.80250549316406
2009-03-19,61.14425277709961
2009-03-20,44.79997253417969
2009-03-21,36.18354797363281
2009-03-22,29.293376922607422
2009-03-23,24.593963623046875
2009-03-24,22.047760009765625
2009-03-25,20.034008026123047
2009-03-26,19.788301467895508
2009-03-27,25.74618911743164
2009-03-28,41.86155700683594
2009-03-29,69.291748046875
2009-03-30,79.98503112792969
2009-03-31,60.45210266113281
2009-04-01,42.449310302734375
2009-04-02,34.51350402832031
2009-04-03,36.064579010009766
2009-04-04,40.364383697509766
2009-04-05,36.92915344238281
2009-04-06,30.86476707458496
2009-04-07,28.470333099365234
2009-04-08,26.91516876220703
2009-04-09,23.925580978393555
2009-04-10,22.622787475585938
2009-04-11,26.028093338012695
2009-04-12,35.00214767456055
2009-04-13,35.632789611816406
2009-04-14,30.015869140625
2009-04-15,28.5090389251709
2009-04-16,29.10361671447754
2009-04-17,25.805160522460938
2009-04-18,22.15084457397461
2009-04-19,19.799453735351562
2009-04-20,19.303070068359375
2009-04-21,21.2913875579834
2009-04-22,22.700149536132812
2009-04-23,20.574485778808594
2009-04-24,18.200105667114258
2009-04-25,16.572429656982422
2009-04-26,15.324100494384766
2009-04-27,14.158723831176758
2009-04-28,13.132795333862305
2009-04-29,12.29330825805664
2009-04-30,11.629251480102539
2009-05-01,11.268695831298828
2009-05-02,10.996638298034668
2009-05-03,10.613717079162598
2009-05-04,10.287766456604004
2009-05-05,11.788957595825195
2009-05-06,22.220172882080078
2009-05-07,38.535179138183594
2009-05-08,34.9904899597168
2009-05-09,26.55414581298828
2009-05-10,23.37822723388672
2009-05-11,21.21675682067871
2009-05-12,19.042613983154297
2009-05-13,18.162826538085938
2009-05-14,15.613872528076172
2009-05-15,13.73574161529541
2009-05-16,13.235233306884766
2009-05-17,13.404821395874023
2009-05-18,13.397371292114258
2009-05-19,13.930917739868164
2009-05-20,12.949285507202148
2009-05-21,11.59373950958252
2009-05-22,10.430392265319824
2009-05-23,9.544445037841797
2009-05-24,8.879570960998535
2009-05-25,8.53349781036377
2009-05-26,8.783251762390137
2009-05-27,9.753211975097656
2009-05-28,10.419069290161133
2009-05-29,10.87050724029541
2009-05-30,11.756526947021484
2009-05-31,11.456331253051758
2009-06-01,10.269822120666504
2009-06-02,9.172337532043457
2009-06-03,8.629267692565918
2009-06-04,12.035573959350586
2009-06-05,47.43550109863281
2009-06-06,99.70828247070312
2009-06-07,99.71504974365234
2009-06-08,56.124900817871094
2009-06-09,32.04280090332031
2009-06-10,24.240337371826172
2009-06-11,25.468965530395508
2009-06-12,27.817506790161133
2009-06-13,26.33984375
2009-06-14,21.308612823486328
2009-06-15,17.687644958496094
2009-06-16,22.231788635253906
2009-06-17,41.94197082519531
2009-06-18,57.272857666015625
2009-06-19,49.959495544433594
2009-06-20,35.72079086303711
2009-06-21,24.193286895751953
2009-06-22,17.355031967163086
2009-06-23,13.520368576049805
2009-06-24,11.244620323181152
2009-06-25,9.782676696777344
2009-06-26,8.86341381072998
2009-06-27,8.38581371307373
2009-06-28,8.325155258178711
2009-06-29,8.033777236938477
2009-06-30,7.3808913230896
2009-07-01,6.720889091491699
2009-07-02,6.213894844055176
2009-07-03,5.807176113128662
2009-07-04,5.522406578063965
2009-07-05,5.385063648223877
2009-07-06,5.460056781768799
2009-07-07,5.569540023803711
2009-07-08,5.391498565673828
2009-07-09,5.002600193023682
2009-07-10,4.699185371398926
2009-07-11,4.526257038116455
2009-07-12,4.477659225463867
2009-07-13,4.661155700683594
2009-07-14,5.148507118225098
2009-07-15,5.27671480178833
2009-07-16,4.779767990112305
2009-07-17,4.384929656982422
2009-07-18,4.211385726928711
2009-07-19,4.081463813781738
2009-07-20,3.881662130355835
2009-07-21,3.865920066833496
2009-07-22,3.9092905521392822
2009-07-23,3.7853901386260986
2009-07-24,3.692560911178589
2009-07-25,3.6120729446411133
2009-07-26,3.403235673904419
2009-07-27,3.2300806045532227
2009-07-28,3.374635696411133
2009-07-29,3.870709180831909
2009-07-30,4.239914417266846
2009-07-31,4.433369159698486
2009-08-01,4.46062707901001
2009-08-02,4.371277809143066
2009-08-03,4.374728202819824
2009-08-04,4.3542656898498535
2009-08-05,3.9758248329162598
2009-08-06,3.697579860687256
2009-08-07,3.757261276245117
2009-08-08,3.7081031799316406
2009-08-09,3.3917396068573
2009-08-10,3.0654876232147217
2009-08-11,2.8278958797454834
2009-08-12,2.751865863800049
2009-08-13,2.828678607940674
2009-08-14,2.855106830596924
2009-08-15,2.7112741470336914
2009-08-16,2.558263063430786
2009-08-17,2.4913346767425537
2009-08-18,2.4819769859313965
2009-08-19,2.4253957271575928
2009-08-20,2.3766071796417236
2009-08-21,2.4813852310180664
2009-08-22,2.807893991470337
2009-08-23,3.5832619667053223
2009-08-24,4.326369762420654
2009-08-25,3.983163833618164
2009-08-26,3.3889341354370117
2009-08-27,2.939943313598633
2009-08-28,2.703822374343872
2009-08-29,2.7983155250549316
2009-08-30,3.120579242706299
2009-08-31,3.250584363937378
2009-09-01,3.425078868865967
2009-09-02,3.6520867347717285
2009-09-03,3.354527711868286
2009-09-04,2.938600540161133
2009-09-05,2.643801689147949
2009-09-06,2.4293928146362305
2009-09-07,2.2797086238861084
2009-09-08,2.203901529312134
2009-09-09,2.1558995246887207
2009-09-10,2.121607542037964
2009-09-11,2.0886037349700928
2009-09-12,2.0195727348327637
2009-09-13,1.9299795627593994
2009-09-14,1.8464934825897217
2009-09-15,1.7792599201202393
2009-09-16,1.7658660411834717
2009-09-17,1.9573410749435425
2009-09-18,2.5099287033081055
2009-09-19,3.1664576530456543
2009-09-20,3.1943953037261963
2009-09-21,2.8942599296569824
2009-09-22,2.711507558822632
2009-09-23,3.1150758266448975
2009-09-24,4.22576904296875
2009-09-25,4.723187446594238
2009-09-26,4.350899696350098
2009-09-27,5.062726974487305
2009-09-28,8.844257354736328
2009-09-29,10.757026672363281
2009-09-30,8.565351486206055
2009-10-01,6.065361022949219
2009-10-02,4.647965908050537
2009-10-03,3.9204487800598145
2009-10-04,3.449720859527588
2009-10-05,3.182511329650879
2009-10-06,3.204653024673462
2009-10-07,3.3668134212493896
2009-10-08,3.3313722610473633
2009-10-09,3.1329140663146973
2009-10-10,3.0043246746063232
2009-10-11,3.115510940551758
2009-10-12,3.4512836933135986
2009-10-13,3.77500057220459
2009-10-14,4.1406354904174805
2009-10-15,4.278546333312988
2009-10-16,4.504884719848633
2009-10-17,4.478816032409668
2009-10-18,4.165483474731445
2009-10-19,3.845863103866577
2009-10-20,3.572202205657959
2009-10-21,3.413248300552368
2009-10-22,3.2888827323913574
2009-10-23,3.163933277130127
2009-10-24,3.11580228805542
2009-10-25,3.295382261276245
2009-10-26,3.5564255714416504
2009-10-27,3.7583518028259277
2009-10-28,5.95535135269165
2009-10-29,10.91179370880127
2009-10-30,11.590192794799805
2009-10-31,8.791930198669434
2009-11-01,10.460320472717285
2009-11-02,24.18531036376953
2009-11-03,34.78474044799805
2009-11-04,23.268787384033203
2009-11-05,14.14066219329834
2009-11-06,10.069366455078125
2009-11-07,8.148199081420898
2009-11-08,7.189248561859131
2009-11-09,6.650696277618408
2009-11-10,6.815830230712891
2009-11-11,55.264427185058594
2009-11-12,226.7786407470703
2009-11-13,358.0240173339844
2009-11-14,259.48223876953125
2009-11-15,130.1558837890625
2009-11-16,64.16964721679688
2009-11-17,39.341182708740234
2009-11-18,28.962764739990234
2009-11-19,24.144062042236328
2009-11-20,22.559925079345703
2009-11-21,21.37857437133789
2009-11-22,18.970767974853516
2009-11-23,25.4938907623291
2009-11-24,52.110111236572266
2009-11-25,65.42993927001953
2009-11-26,49.17015838623047
2009-11-27,38.708396911621094
2009-11-28,35.03041076660156
2009-11-29,31.009136199951172
2009-11-30,25.76545524597168
2009-12-01,22.607654571533203
2009-12-02,30.081417083740234
2009-12-03,88.63520050048828
2009-12-04,118.80917358398438
2009-12-05,84.41730499267578
2009-12-06,64.6037368774414
2009-12-07,55.156951904296875
2009-12-08,43.8525505065918
2009-12-09,82.5416030883789
2009-12-10,136.0467529296875
2009-12-11,123.75894927978516
2009-12-12,76.09980773925781
2009-12-13,53.29759979248047
2009-12-14,57.84496307373047
2009-12-15,63.068599700927734
2009-12-16,49.886024475097656
2009-12-17,38.48149871826172
2009-12-18,31.577228546142578
2009-12-19,31.822250366210938
2009-12-20,41.975929260253906
2009-12-21,46.69048309326172
2009-12-22,41.23709487915039
2009-12-23,34.5421257019043
2009-12-24,30.331233978271484
2009-12-25,59.4915771484375
2009-12-26,141.89154052734375
2009-12-27,169.31204223632812
2009-12-28,104.0713882446289
2009-12-29,65.1281509399414
2009-12-30,46.402835845947266
2009-12-31,36.65956497192383
2010-01-01,33.17073059082031
2010-01-02,32.37215805053711
2010-01-03,29.39684295654297
2010-01-04,26.267919540405273
2010-01-05,23.75591278076172
2010-01-06,21.85718536376953
2010-01-07,20.36295509338379
2010-01-08,19.247146606445312
2010-01-09,18.70142364501953
2010-01-10,17.973142623901367
2010-01-11,17.099456787109375
2010-01-12,16.359783172607422
2010-01-13,15.908058166503906
2010-01-14,15.47346019744873
2010-01-15,15.21342658996582
2010-01-16,15.209390640258789
2010-01-17,26.789142608642578
2010-01-18,65.92292022705078
2010-01-19,86.70185852050781
2010-01-20,61.713470458984375
2010-01-21,45.10649490356445
2010-01-22,47.292877197265625
2010-01-23,58.0894660949707
2010-01-24,53.95560073852539
2010-01-25,95.3679428100586
2010-01-26,215.96868896484375
2010-01-27,194.78359985351562
2010-01-28,110.91407775878906
2010-01-29,65.66400146484375
2010-01-30,48.324981689453125
2010-01-31,44.156734466552734
2010-02-01,43.994850158691406
2010-02-02,41.65975570678711
2010-02-03,49.982337951660156
2010-02-04,63.21007537841797
2010-02-05,95.04883575439453
2010-02-06,202.52493286132812
2010-02-07,255.37872314453125
2010-02-08,172.24142456054688
2010-02-09,109.09107971191406
2010-02-10,80.42029571533203
2010-02-11,67.26136779785156
2010-02-12,54.66139221191406
2010-02-13,46.24354553222656
2010-02-14,42.10547637939453
2010-02-15,39.74269104003906
2010-02-16,39.72456359863281
2010-02-17,38.77504348754883
2010-02-18,34.67683792114258
2010-02-19,31.437095642089844
2010-02-20,29.453256607055664
2010-02-21,27.607328414916992
2010-02-22,27.51548194885254
2010-02-23,32.40211486816406
2010-02-24,36.90654754638672
2010-02-25,38.73648452758789
2010-02-26,38.86329650878906
2010-02-27,33.90898895263672
2010-02-28,29.8963680267334
2010-03-01,27.285675048828125
2010-03-02,25.992801666259766
2010-03-03,29.487091064453125
2010-03-04,34.346458435058594
2010-03-05,33.322235107421875
2010-03-06,29.751850128173828
2010-03-07,26.668941497802734
2010-03-08,24.503849029541016
2010-03-09,23.28197479248047
2010-03-10,22.381872177124023
2010-03-11,22.553804397583008
2010-03-12,23.499460220336914
2010-03-13,35.142372131347656
2010-03-14,62.2353515625
2010-03-15,73.55476379394531
2010-03-16,58.59971618652344
2010-03-17,43.158233642578125
2010-03-18,34.49448776245117
2010-03-19,29.855060577392578
2010-03-20,26.866809844970703
2010-03-21,24.872838973999023
2010-03-22,23.872234344482422
2010-03-23,23.309499740600586
2010-03-24,22.559907913208008
2010-03-25,21.446998596191406
2010-03-26,20.977872848510742
2010-03-27,21.19068145751953
2010-03-28,22.275806427001953
2010-03-29,54.41508102416992
2010-03-30,152.44041442871094
2010-03-31,139.4747772216797
2010-04-01,83.17017364501953
2010-04-02,53.625003814697266
2010-04-03,40.40746307373047
2010-04-04,33.08952713012695
2010-04-05,28.703136444091797
2010-04-06,25.992929458618164
2010-04-07,24.209857940673828
2010-04-08,22.93760108947754
2010-04-09,23.787986755371094
2010-04-10,32.143943786621094
2010-04-11,31.059309005737305
2010-04-12,25.97580337524414
2010-04-13,22.7259578704834
2010-04-14,20.73223304748535
2010-04-15,19.403676986694336
2010-04-16,18.435117721557617
2010-04-17,17.626623153686523
2010-04-18,16.694862365722656
2010-04-19,15.818275451660156
2010-04-20,15.147195816040039
2010-04-21,15.275138854980469
2010-04-22,16.233543395996094
2010-04-23,16.618459701538086
2010-04-24,15.808719635009766
2010-04-25,15.588062286376953
2010-04-26,16.436864852905273
2010-04-27,16.940759658813477
2010-04-28,15.643146514892578
2010-04-29,14.257455825805664
2010-04-30,13.267547607421875
2010-05-01,12.68259048461914
2010-05-02,12.140519142150879
2010-05-03,11.573858261108398
2010-05-04,11.164192199707031
2010-05-05,11.033803939819336
2010-05-06,10.649674415588379
2010-05-07,10.332015991210938
2010-05-08,10.007135391235352
2010-05-09,9.445452690124512
2010-05-10,8.81358814239502
2010-05-11,8.437732696533203
2010-05-12,8.426864624023438
2010-05-13,8.404759407043457
2010-05-14,8.168325424194336
2010-05-15,8.080870628356934
2010-05-16,9.141674041748047
2010-05-17,30.042160034179688
2010-05-18,75.59352111816406
2010-05-19,86.61598205566406
2010-05-20,57.358558654785156
2010-05-21,36.427818298339844
2010-05-22,24.96135902404785
2010-05-23,21.91227149963379
2010-05-24,23.606151580810547
2010-05-25,23.305347442626953
2010-05-26,20.168262481689453
2010-05-27,16.865915298461914
2010-05-28,14.625356674194336
2010-05-29,18.566390991210938
2010-05-30,29.80640983581543
2010-05-31,32.88259506225586
2010-06-01,26.684215545654297
2010-06-02,26.955551147460938
2010-06-03,27.500471115112305
2010-06-04,23.694923400878906
2010-06-05,18.464649200439453
2010-06-06,14.834636688232422
2010-06-07,12.784666061401367
2010-06-08,11.651604652404785
2010-06-09,10.545430183410645
2010-06-10,9.635449409484863
2010-06-11,9.031648635864258
2010-06-12,8.714584350585938
2010-06-13,10.016412734985352
2010-06-14,13.39064884185791
2010-06-15,15.562681198120117
2010-06-16,15.912931442260742
2010-06-17,19.189481735229492
2010-06-18,21.088638305664062
2010-06-19,16.44664764404297
2010-06-20,12.26817512512207
2010-06-21,9.920591354370117
2010-06-22,8.468132972717285
2010-06-23,7.545999050140381
2010-06-24,7.0298662185668945
2010-06-25,6.721383571624756
2010-06-26,6.292717933654785
2010-06-27,5.964729309082031
2010-06-28,5.577183723449707
2010-06-29,5.278656959533691
2010-06-30,5.161463737487793
2010-07-01,5.127372741699219
2010-07-02,4.919009685516357
2010-07-03,4.602893352508545
2010-07-04,4.344478607177734
2010-07-05,4.166078567504883
2010-07-06,3.984020233154297
2010-07-07,3.804417610168457
2010-07-08,3.6658077239990234
2010-07-09,3.73085880279541
2010-07-10,4.151395320892334
2010-07-11,4.6650471687316895
2010-07-12,4.691132545471191
2010-07-13,4.597021102905273
2010-07-14,6.648616790771484
2010-07-15,13.35033130645752
2010-07-16,14.673235893249512
2010-07-17,11.782904624938965
2010-07-18,14.953330039978027
2010-07-19,21.03174591064453
2010-07-20,17.608930587768555
2010-07-21,13.636280059814453
2010-07-22,11.293844223022461
2010-07-23,8.806342124938965
2010-07-24,6.970450401306152
2010-07-25,5.845389366149902
2010-07-26,5.119505882263184
2010-07-27,5.62070369720459
2010-07-28,8.434741020202637
2010-07-29,9.842619895935059
2010-07-30,8.235787391662598
2010-07-31,6.789990425109863
2010-08-01,6.088191986083984
2010-08-02,6.099587440490723
2010-08-03,5.974758625030518
2010-08-04,5.4407958984375
2010-08-05,5.321239471435547
2010-08-06,6.368515491485596
2010-08-07,7.314855575561523
2010-08-08,6.4540114402771
2010-08-09,5.302464962005615
2010-08-10,4.724155426025391
2010-08-11,4.8148322105407715
2010-08-12,5.491917133331299
2010-08-13,7.457666873931885
2010-08-14,8.96467113494873
2010-08-15,7.234274387359619
2010-08-16,5.707054138183594
2010-08-17,5.120859622955322
2010-08-18,6.5027995109558105
2010-08-19,10.166532516479492
2010-08-20,12.732391357421875
2010-08-21,11.405735969543457
2010-08-22,8.398903846740723
2010-08-23,6.363142967224121
2010-08-24,5.436252593994141
2010-08-25,5.115603446960449
2010-08-26,4.878967761993408
2010-08-27,4.474636077880859
2010-08-28,4.067037105560303
2010-08-29,3.761329174041748
2010-08-30,3.525695562362671
2010-08-31,3.337247371673584
2010-09-01,3.149890661239624
2010-09-02,2.969316005706787
2010-09-03,2.8479185104370117
2010-09-04,2.7610836029052734
2010-09-05,2.663356065750122
2010-09-06,2.5658438205718994
2010-09-07,2.5054116249084473
2010-09-08,2.4533615112304688
2010-09-09,2.42612886428833
2010-09-10,2.4040162563323975
2010-09-11,2.348145008087158
2010-09-12,2.3643577098846436
2010-09-13,2.424513578414917
2010-09-14,2.395988941192627
2010-09-15,2.3240644931793213
2010-09-16,2.2405641078948975
2010-09-17,2.1656534671783447
2010-09-18,2.0839433670043945
2010-09-19,2.031020164489746
2010-09-20,1.997903823852539
2010-09-21,1.9610315561294556
2010-09-22,1.9183100461959839
2010-09-23,1.9048529863357544
2010-09-24,1.947191834449768
2010-09-25,2.003695487976074
2010-09-26,2.045844078063965
2010-09-27,2.716064453125
2010-09-28,4.469820976257324
2010-09-29,7.007668972015381
2010-09-30,37.2264289855957
2010-10-01,95.91468048095703
2010-10-02,87.29830169677734
2010-10-03,42.137168884277344
2010-10-04,20.20267677307129
2010-10-05,12.653733253479004
2010-10-06,9.45610523223877
2010-10-07,7.758413314819336
2010-10-08,6.69103479385376
2010-10-09,5.922301292419434
2010-10-10,5.455770969390869
2010-10-11,5.070943355560303
2010-10-12,4.749446868896484
2010-10-13,4.53318452835083
2010-10-14,4.995238780975342
2010-10-15,6.436462879180908
2010-10-16,7.178246974945068
2010-10-17,6.474048614501953
2010-10-18,5.730681419372559
2010-10-19,5.209598064422607
2010-10-20,4.823831081390381
2010-10-21,4.811380863189697
2010-10-22,4.791073799133301
2010-10-23,4.58494234085083
2010-10-24,4.430813789367676
2010-10-25,4.27833890914917
2010-10-26,4.628349781036377
2010-10-27,7.190668106079102
2010-10-28,19.715070724487305
2010-10-29,34.91456604003906
2010-10-30,25.104249954223633
2010-10-31,14.814117431640625
2010-11-01,10.24970531463623
2010-11-02,8.321063995361328
2010-11-03,7.341195106506348
2010-11-04,7.082010269165039
2010-11-05,8.207368850708008
2010-11-06,9.758277893066406
2010-11-07,9.054697036743164
2010-11-08,8.096519470214844
2010-11-09,7.467835426330566
2010-11-10,6.952366352081299
2010-11-11,6.591208457946777
2010-11-12,6.313024520874023
2010-11-13,6.174105644226074
2010-11-14,6.108954906463623
2010-11-15,6.027531623840332
2010-11-16,5.999135971069336
2010-11-17,6.280689239501953
2010-11-18,6.682961463928223
2010-11-19,6.596790313720703
2010-11-20,6.339537143707275
2010-11-21,6.197473526000977
2010-11-22,6.0738420486450195
2010-11-23,5.920620441436768
2010-11-24,5.760909557342529
2010-11-25,5.664700984954834
2010-11-26,5.705133438110352
2010-11-27,5.764435768127441
2010-11-28,5.794247627258301
2010-11-29,5.776451587677002
2010-11-30,5.810367107391357
2010-12-01,7.938011169433594
2010-12-02,14.781256675720215
2010-12-03,17.35927963256836
2010-12-04,13.925777435302734
2010-12-05,11.544864654541016
2010-12-06,10.993162155151367
2010-12-07,10.16557502746582
2010-12-08,9.20470142364502
2010-12-09,8.458044052124023
2010-12-10,7.90644645690918
2010-12-11,7.586772918701172
2010-12-12,7.572596549987793
2010-12-13,8.42282485961914
2010-12-14,9.50217056274414
2010-12-15,9.053228378295898
2010-12-16,8.648920059204102
2010-12-17,9.842184066772461
2010-12-18,11.645038604736328
2010-12-19,11.548124313354492
2010-12-20,10.87448501586914
2010-12-21,10.06448745727539
2010-12-22,9.380847930908203
2010-12-23,8.992667198181152
2010-12-24,8.522159576416016
2010-12-25,8.179638862609863
2010-12-26,8.425545692443848
2010-12-27,9.604750633239746
2010-12-28,9.967778205871582
2010-12-29,9.707229614257812
2010-12-30,9.483765602111816
2010-12-31,9.319616317749023
2011-01-01,9.347524642944336
2011-01-02,10.109105110168457
2011-01-03,11.903271675109863
2011-01-04,12.406900405883789
2011-01-05,11.249491691589355
2011-01-06,10.345869064331055
2011-01-07,10.041695594787598
2011-01-08,9.810091018676758
2011-01-09,9.479971885681152
2011-01-10,9.04271125793457
2011-01-11,8.713905334472656
2011-01-12,8.76740837097168
2011-01-13,9.016876220703125
2011-01-14,8.93064022064209
2011-01-15,8.7123441696167
2011-01-16,8.63492488861084
2011-01-17,8.597596168518066
2011-01-18,8.60618782043457
2011-01-19,8.923781394958496
2011-01-20,9.250972747802734
2011-01-21,9.022228240966797
2011-01-22,8.656355857849121
2011-01-23,8.340277671813965
2011-01-24,8.084985733032227
2011-01-25,7.904082298278809
2011-01-26,8.283517837524414
2011-01-27,10.832828521728516
2011-01-28,13.8831787109375
2011-01-29,13.157748222351074
2011-01-30,11.71873664855957
2011-01-31,10.734498023986816
2011-02-01,10.058899879455566
2011-02-02,9.914323806762695
2011-02-03,10.722782135009766
2011-02-04,11.409866333007812
2011-02-05,14.131871223449707
2011-02-06,20.937360763549805
2011-02-07,22.993743896484375
2011-02-08,19.091888427734375
2011-02-09,15.8749361038208
2011-02-10,13.773660659790039
2011-02-11,12.427773475646973
2011-02-12,11.370856285095215
2011-02-13,10.731369018554688
2011-02-14,10.204495429992676
2011-02-15,9.843096733093262
2011-02-16,9.521856307983398
2011-02-17,9.254536628723145
2011-02-18,9.047133445739746
2011-02-19,8.800032615661621
2011-02-20,8.526597023010254
2011-02-21,8.302757263183594
2011-02-22,8.097747802734375
2011-02-23,7.948225021362305
2011-02-24,7.8739142417907715
2011-02-25,8.709582328796387
2011-02-26,11.41610050201416
2011-02-27,12.812093734741211
2011-02-28,12.64773941040039
2011-03-01,19.618492126464844
2011-03-02,29.886089324951172
2011-03-03,27.356048583984375
2011-03-04,20.634349822998047
2011-03-05,16.13884735107422
2011-03-06,18.669748306274414
2011-03-07,38.044944763183594
2011-03-08,52.561134338378906
2011-03-09,38.5205078125
2011-03-10,31.643861770629883
2011-03-11,40.3416862487793
2011-03-12,43.821388244628906
2011-03-13,33.3498420715332
2011-03-14,24.873477935791016
2011-03-15,20.292051315307617
2011-03-16,19.95364761352539
2011-03-17,22.623929977416992
2011-03-18,22.460756301879883
2011-03-19,19.308685302734375
2011-03-20,16.51275062561035
2011-03-21,14.606122016906738
2011-03-22,13.375173568725586
2011-03-23,12.577861785888672
2011-03-24,16.782297134399414
2011-03-25,26.98952293395996
2011-03-26,27.854450225830078
2011-03-27,26.264564514160156
2011-03-28,31.550739288330078
2011-03-29,34.01154327392578
2011-03-30,38.489715576171875
2011-03-31,57.139495849609375
2011-04-01,65.3208236694336
2011-04-02,49.903419494628906
2011-04-03,35.6549072265625
2011-04-04,26.87251091003418
2011-04-05,23.74742889404297
2011-04-06,25.691551208496094
2011-04-07,25.802509307861328
2011-04-08,21.99755096435547
2011-04-09,22.94276237487793
2011-04-10,36.49917221069336
2011-04-11,46.506229400634766
2011-04-12,38.493309020996094
2011-04-13,28.763402938842773
2011-04-14,22.87773895263672
2011-04-15,19.12472152709961
2011-04-16,19.28021240234375
2011-04-17,28.62577247619629
2011-04-18,37.348114013671875
2011-04-19,30.081775665283203
2011-04-20,22.84414291381836
2011-04-21,18.65559196472168
2011-04-22,16.785062789916992
2011-04-23,17.429035186767578
2011-04-24,18.675025939941406
2011-04-25,17.089160919189453
2011-04-26,15.1480712890625
2011-04-27,14.084761619567871
2011-04-28,13.466114044189453
2011-04-29,13.197617530822754
2011-04-30,12.831778526306152
2011-05-01,11.760298728942871
2011-05-02,10.734280586242676
2011-05-03,9.957645416259766
2011-05-04,13.210737228393555
2011-05-05,21.99282455444336
2011-05-06,25.01605796813965
2011-05-07,19.988380432128906
2011-05-08,16.235641479492188
2011-05-09,14.487923622131348
2011-05-10,13.263964653015137
2011-05-11,11.796394348144531
2011-05-12,10.742886543273926
2011-05-13,10.215775489807129
2011-05-14,10.254605293273926
2011-05-15,10.991374015808105
2011-05-16,12.253396034240723
2011-05-17,13.813920021057129
2011-05-18,15.453946113586426
2011-05-19,15.38664436340332
2011-05-20,13.18175220489502
2011-05-21,11.064255714416504
2011-05-22,9.68025016784668
2011-05-23,9.00149917602539
2011-05-24,9.368008613586426
2011-05-25,10.006170272827148
2011-05-26,9.683731079101562
2011-05-27,9.126039505004883
2011-05-28,8.589219093322754
2011-05-29,8.969149589538574
2011-05-30,8.47638988494873
2011-05-31,7.513664245605469
2011-06-01,6.643801212310791
2011-06-02,5.985293388366699
2011-06-03,5.461230278015137
2011-06-04,4.981671333312988
2011-06-05,4.623478889465332
2011-06-06,4.339439868927002
2011-06-07,4.1304931640625
2011-06-08,3.97764253616333
2011-06-09,3.8729028701782227
2011-06-10,4.090147018432617
2011-06-11,5.086629867553711
2011-06-12,6.607173442840576
2011-06-13,8.107823371887207
2011-06-14,7.7015700340271
2011-06-15,6.270074844360352
2011-06-16,5.112935543060303
2011-06-17,4.429056167602539
2011-06-18,4.076149940490723
2011-06-19,3.8659961223602295
2011-06-20,3.7321932315826416
2011-06-21,3.5523972511291504
2011-06-22,3.4447250366210938
2011-06-23,3.6653084754943848
2011-06-24,3.7849714756011963
2011-06-25,3.5644147396087646
2011-06-26,3.2390565872192383
2011-06-27,2.964864492416382
2011-06-28,3.402247190475464
2011-06-29,10.746478080749512
2011-06-30,21.079578399658203
2011-07-01,18.384376525878906
2011-07-02,11.275516510009766
2011-07-03,7.245842456817627
2011-07-04,5.586063385009766
2011-07-05,5.483320713043213
2011-07-06,6.241415977478027
2011-07-07,6.7930803298950195
2011-07-08,7.249791145324707
2011-07-09,8.768882751464844
2011-07-10,13.035573959350586
2011-07-11,13.527213096618652
2011-07-12,9.677335739135742
2011-07-13,6.752020359039307
2011-07-14,5.321078300476074
2011-07-15,4.503079414367676
2011-07-16,3.8172426223754883
2011-07-17,3.383657693862915
2011-07-18,3.148289680480957
2011-07-19,2.9377028942108154
2011-07-20,2.775190591812134
2011-07-21,2.657294750213623
2011-07-22,2.4878437519073486
2011-07-23,2.3255276679992676
2011-07-24,2.3136990070343018
2011-07-25,2.652101755142212
2011-07-26,3.1936309337615967
2011-07-27,3.386178970336914
2011-07-28,3.0378928184509277
2011-07-29,2.5828697681427
2011-07-30,2.272090435028076
2011-07-31,2.1283936500549316
2011-08-01,2.161431074142456
2011-08-02,2.170396327972412
2011-08-03,2.0249226093292236
2011-08-04,1.8895314931869507
2011-08-05,1.7978607416152954
2011-08-06,1.7801964282989502
2011-08-07,1.8787606954574585
2011-08-08,1.9601308107376099
2011-08-09,1.8817058801651
2011-08-10,1.7379380464553833
2011-08-11,1.6136350631713867
2011-08-12,1.541865348815918
2011-08-13,1.6626479625701904
2011-08-14,2.044811248779297
2011-08-15,2.6370787620544434
2011-08-16,2.958139657974243
2011-08-17,2.6733603477478027
2011-08-18,2.2413015365600586
2011-08-19,1.9341585636138916
2011-08-20,1.7412132024765015
2011-08-21,1.6369709968566895
2011-08-22,1.6155660152435303
2011-08-23,1.5619157552719116
2011-08-24,1.4495309591293335
2011-08-25,1.3652265071868896
2011-08-26,1.3130441904067993
2011-08-27,1.308848261833191
2011-08-28,1.331160068511963
2011-08-29,1.2957239151000977
2011-08-30,1.3356188535690308
2011-08-31,1.412706971168518
2011-09-01,1.4018375873565674
2011-09-02,1.3665072917938232
2011-09-03,1.360551118850708
2011-09-04,1.3442676067352295
2011-09-05,1.3073694705963135
2011-09-06,1.7549222707748413
2011-09-07,4.87130069732666
2011-09-08,8.619039535522461
2011-09-09,6.638314723968506
2011-09-10,4.3101091384887695
2011-09-11,3.1390323638916016
2011-09-12,2.5330498218536377
2011-09-13,2.1794729232788086
2011-09-14,1.9412513971328735
2011-09-15,1.7919808626174927
2011-09-16,1.7229634523391724
2011-09-17,1.7688688039779663
2011-09-18,1.7548604011535645
2011-09-19,1.735186219215393
2011-09-20,1.7177519798278809
2011-09-21,1.9110212326049805
2011-09-22,2.5296475887298584
2011-09-23,4.889068603515625
2011-09-24,15.705012321472168
2011-09-25,30.158069610595703
2011-09-26,23.42571258544922
2011-09-27,13.609903335571289
2011-09-28,9.790365219116211
2011-09-29,9.720479011535645
2011-09-30,8.69814395904541
2011-10-01,6.527572154998779
2011-10-02,5.048735618591309
2011-10-03,4.223776340484619
2011-10-04,3.7442073822021484
2011-10-05,3.375837564468384
2011-10-06,3.092007637023926
2011-10-07,2.8930466175079346
2011-10-08,2.7467093467712402
2011-10-09,2.6219217777252197
2011-10-10,2.5504684448242188
2011-10-11,2.6490697860717773
2011-10-12,3.929307460784912
2011-10-13,10.5366792678833
2011-10-14,16.94129180908203
2011-10-15,14.278618812561035
2011-10-16,9.79270076751709
2011-10-17,6.969813823699951
2011-10-18,5.428638458251953
2011-10-19,5.754481315612793
2011-10-20,9.8530855178833
2011-10-21,13.220827102661133
2011-10-22,10.537728309631348
2011-10-23,7.7429304122924805
2011-10-24,6.187563419342041
2011-10-25,5.321100234985352
2011-10-26,4.711785316467285
2011-10-27,4.314105033874512
2011-10-28,4.070505142211914
2011-10-29,5.074080467224121
2011-10-30,8.110919952392578
2011-10-31,9.776437759399414
2011-11-01,8.405202865600586
2011-11-02,6.985363483428955
2011-11-03,6.100611686706543
2011-11-04,15.208364486694336
2011-11-05,48.54015350341797
2011-11-06,66.01012420654297
2011-11-07,41.82963943481445
2011-11-08,24.042377471923828
2011-11-09,16.114910125732422
2011-11-10,12.503683090209961
2011-11-11,10.599481582641602
2011-11-12,9.440520286560059
2011-11-13,8.642980575561523
2011-11-14,8.003150939941406
2011-11-15,7.528194427490234
2011-11-16,7.551842212677002
2011-11-17,19.89447784423828
2011-11-18,60.09192657470703
2011-11-19,70.30200958251953
2011-11-20,44.13994598388672
2011-11-21,26.943405151367188
2011-11-22,19.187843322753906
2011-11-23,15.531255722045898
2011-11-24,14.088605880737305
2011-11-25,13.240833282470703
2011-11-26,11.942787170410156
2011-11-27,10.815220832824707
2011-11-28,9.966999053955078
2011-11-29,29.048046112060547
2011-11-30,79.95538330078125
2011-12-01,94.87007141113281
2011-12-02,59.03399658203125
2011-12-03,34.89237976074219
2011-12-04,24.177629470825195
2011-12-05,18.940078735351562
2011-12-06,16.033628463745117
2011-12-07,15.163212776184082
2011-12-08,19.369251251220703
2011-12-09,26.116596221923828
2011-12-10,23.013303756713867
2011-12-11,18.703044891357422
2011-12-12,16.003175735473633
2011-12-13,14.166952133178711
2011-12-14,13.020431518554688
2011-12-15,12.237076759338379
2011-12-16,11.729595184326172
2011-12-17,13.577037811279297
2011-12-18,18.623876571655273
2011-12-19,20.184757232666016
2011-12-20,17.729814529418945
2011-12-21,18.965852737426758
2011-12-22,32.25505828857422
2011-12-23,44.40207290649414
2011-12-24,40.62575149536133
2011-12-25,31.92009925842285
2011-12-26,24.23073959350586
2011-12-27,21.602741241455078
2011-12-28,28.170536041259766
2011-12-29,33.822486877441406
2011-12-30,27.74806022644043
2011-12-31,22.112808227539062
2012-01-01,18.753522872924805
2012-01-02,16.832958221435547
2012-01-03,15.770084381103516
2012-01-04,14.775403022766113
2012-01-05,13.588199615478516
2012-01-06,12.728384017944336
2012-01-07,12.166664123535156
2012-01-08,11.797654151916504
2012-01-09,11.56301498413086
2012-01-10,11.716145515441895
2012-01-11,13.677282333374023
2012-01-12,25.357994079589844
2012-01-13,44.01786422729492
2012-01-14,39.682777404785156
2012-01-15,28.929460525512695
2012-01-16,22.087940216064453
2012-01-17,18.35281753540039
2012-01-18,16.50387191772461
2012-01-19,15.59861946105957
2012-01-20,14.595854759216309
2012-01-21,14.272323608398438
2012-01-22,16.523374557495117
2012-01-23,19.564373016357422
2012-01-24,19.1660213470459
2012-01-25,18.108013153076172
2012-01-26,16.438236236572266
2012-01-27,15.628238677978516
2012-01-28,15.707612991333008
2012-01-29,15.114309310913086
2012-01-30,14.059321403503418
2012-01-31,13.131661415100098
2012-02-01,12.538816452026367
2012-02-02,12.270926475524902
2012-02-03,12.139774322509766
2012-02-04,11.90189266204834
2012-02-05,11.914685249328613
2012-02-06,12.950637817382812
2012-02-07,13.834388732910156
2012-02-08,13.142221450805664
2012-02-09,12.317096710205078
2012-02-10,11.691682815551758
2012-02-11,11.250476837158203
2012-02-12,10.904902458190918
2012-02-13,10.561103820800781
2012-02-14,10.234848976135254
2012-02-15,10.016230583190918
2012-02-16,9.953214645385742
2012-02-17,10.510941505432129
2012-02-18,11.021367073059082
2012-02-19,11.229856491088867
2012-02-20,14.784782409667969
2012-02-21,19.78082847595215
2012-02-22,18.745803833007812
2012-02-23,17.210529327392578
2012-02-24,19.536373138427734
2012-02-25,24.355937957763672
2012-02-26,24.00685691833496
2012-02-27,19.852291107177734
2012-02-28,17.688323974609375
2012-02-29,16.6087703704834
2012-03-01,15.850030899047852
2012-03-02,15.545949935913086
2012-03-03,19.10292625427246
2012-03-04,28.685665130615234
2012-03-05,30.718358993530273
2012-03-06,24.42494773864746
2012-03-07,19.415863037109375
2012-03-08,16.54607391357422
2012-03-09,15.218314170837402
2012-03-10,14.984341621398926
2012-03-11,14.493892669677734
2012-03-12,13.428293228149414
2012-03-13,12.688461303710938
2012-03-14,12.126277923583984
2012-03-15,11.535008430480957
2012-03-16,11.082009315490723
2012-03-17,11.470144271850586
2012-03-18,14.024518966674805
2012-03-19,16.85016441345215
2012-03-20,17.2283878326416
2012-03-21,19.187150955200195
2012-03-22,24.502668380737305
2012-03-23,24.737991333007812
2012-03-24,28.952756881713867
2012-03-25,89.55944061279297
2012-03-26,148.45944213867188
2012-03-27,115.7981948852539
2012-03-28,66.30027770996094
2012-03-29,40.667110443115234
2012-03-30,29.103878021240234
2012-03-31,23.582557678222656
2012-04-01,21.73284149169922
2012-04-02,20.365041732788086
2012-04-03,18.095779418945312
2012-04-04,16.719993591308594
2012-04-05,17.825109481811523
2012-04-06,19.8464298248291
2012-04-07,19.19985008239746
2012-04-08,17.027374267578125
2012-04-09,15.105786323547363
2012-04-10,13.724040985107422
2012-04-11,12.662847518920898
2012-04-12,11.835821151733398
2012-04-13,11.134568214416504
2012-04-14,10.563011169433594
2012-04-15,10.189301490783691
2012-04-16,9.791183471679688
2012-04-17,9.294374465942383
2012-04-18,8.959513664245605
2012-04-19,9.359146118164062
2012-04-20,9.958810806274414
2012-04-21,9.523523330688477
2012-04-22,10.11880111694336
2012-04-23,14.520013809204102
2012-04-24,19.643592834472656
2012-04-25,18.559040069580078
2012-04-26,16.44724464416504
2012-04-27,17.105690002441406
2012-04-28,16.890169143676758
2012-04-29,14.181720733642578
2012-04-30,12.069786071777344
2012-05-01,10.806957244873047
2012-05-02,9.93998908996582
2012-05-03,9.125509262084961
2012-05-04,8.322896957397461
2012-05-05,8.330812454223633
2012-05-06,11.160968780517578
2012-05-07,13.740718841552734
2012-05-08,12.349084854125977
2012-05-09,11.316559791564941
2012-05-10,15.859750747680664
2012-05-11,21.047792434692383
2012-05-12,16.978557586669922
2012-05-13,12.837969779968262
2012-05-14,12.671552658081055
2012-05-15,23.831918716430664
2012-05-16,41.316505432128906
2012-05-17,38.83045196533203
2012-05-18,27.540058135986328
2012-05-19,19.161407470703125
2012-05-20,14.264966011047363
2012-05-21,11.600577354431152
2012-05-22,10.133406639099121
2012-05-23,11.300878524780273
2012-05-24,15.565784454345703
2012-05-25,16.992902755737305
2012-05-26,14.070216178894043
2012-05-27,11.171499252319336
2012-05-28,9.138162612915039
2012-05-29,8.078902244567871
2012-05-30,8.005362510681152
2012-05-31,8.216999053955078
2012-06-01,8.693734169006348
2012-06-02,11.121906280517578
2012-06-03,12.718863487243652
2012-06-04,10.898139953613281
2012-06-05,8.931194305419922
2012-06-06,8.299854278564453
2012-06-07,8.985469818115234
2012-06-08,9.284235000610352
2012-06-09,8.25741195678711
2012-06-10,7.123196601867676
2012-06-11,6.579797267913818
2012-06-12,7.051425933837891
2012-06-13,7.94120979309082
2012-06-14,8.282052040100098
2012-06-15,7.696513652801514
2012-06-16,6.619246959686279
2012-06-17,5.756099700927734
2012-06-18,5.104592800140381
2012-06-19,4.775493621826172
2012-06-20,4.625429153442383
2012-06-21,4.444960117340088
2012-06-22,4.409987449645996
2012-06-23,5.100340366363525
2012-06-24,6.333795547485352
2012-06-25,5.949387550354004
2012-06-26,5.122271537780762
2012-06-27,4.505355358123779
2012-06-28,4.017566204071045
2012-06-29,3.6770808696746826
2012-06-30,3.405851125717163
2012-07-01,3.2408649921417236
2012-07-02,3.168152332305908
2012-07-03,3.1827008724212646
2012-07-04,3.169607639312744
2012-07-05,3.0016872882843018
2012-07-06,2.881621837615967
2012-07-07,2.8141534328460693
2012-07-08,2.671560049057007
2012-07-09,2.5955238342285156
2012-07-10,3.6161253452301025
2012-07-11,10.102123260498047
2012-07-12,15.812477111816406
2012-07-13,13.516145706176758
2012-07-14,9.608362197875977
2012-07-15,8.525224685668945
2012-07-16,8.323274612426758
2012-07-17,7.108578681945801
2012-07-18,5.9004669189453125
2012-07-19,5.0999860763549805
2012-07-20,5.167543411254883
2012-07-21,7.39383602142334
2012-07-22,11.382555961608887
2012-07-23,14.387399673461914
2012-07-24,13.403190612792969
2012-07-25,10.096281051635742
2012-07-26,7.341821670532227
2012-07-27,5.794454574584961
2012-07-28,5.112491607666016
2012-07-29,5.137060165405273
2012-07-30,5.043853759765625
2012-07-31,4.4865288734436035
2012-08-01,3.9769675731658936
2012-08-02,3.622525215148926
2012-08-03,3.2890515327453613
2012-08-04,3.056875467300415
2012-08-05,2.990219831466675
2012-08-06,2.97326397895813
2012-08-07,3.2428202629089355
2012-08-08,4.719248294830322
2012-08-09,7.2565741539001465
2012-08-10,8.247437477111816
2012-08-11,10.861517906188965
2012-08-12,17.84868049621582
2012-08-13,19.363616943359375
2012-08-14,14.164122581481934
2012-08-15,9.359060287475586
2012-08-16,6.680014133453369
2012-08-17,5.286546230316162
2012-08-18,4.440242767333984
2012-08-19,4.87265682220459
2012-08-20,9.545639038085938
2012-08-21,16.033432006835938
2012-08-22,13.66407585144043
2012-08-23,10.998391151428223
2012-08-24,10.890203475952148
2012-08-25,9.433675765991211
2012-08-26,7.2638840675354
2012-08-27,5.7740254402160645
2012-08-28,4.831906318664551
2012-08-29,4.413919925689697
2012-08-30,5.109677314758301
2012-08-31,6.083259582519531
2012-09-01,5.423836708068848
2012-09-02,4.56723690032959
2012-09-03,11.867192268371582
2012-09-04,25.453439712524414
2012-09-05,27.203453063964844
2012-09-06,19.406879425048828
2012-09-07,14.12563705444336
2012-09-08,11.512389183044434
2012-09-09,10.5836820602417
2012-09-10,9.405656814575195
2012-09-11,7.408510684967041
2012-09-12,5.948307037353516
2012-09-13,5.065876007080078
2012-09-14,4.514637470245361
2012-09-15,4.1466145515441895
2012-09-16,4.224288463592529
2012-09-17,5.418188571929932
2012-09-18,10.304597854614258
2012-09-19,24.090843200683594
2012-09-20,26.806453704833984
2012-09-21,17.650814056396484
2012-09-22,11.382696151733398
2012-09-23,8.444286346435547
2012-09-24,7.007318496704102
2012-09-25,6.0162458419799805
2012-09-26,5.314524173736572
2012-09-27,4.817893981933594
2012-09-28,4.615901947021484
2012-09-29,6.970691204071045
2012-09-30,12.317750930786133
2012-10-01,14.151886940002441
2012-10-02,12.57838249206543
2012-10-03,12.30190372467041
2012-10-04,11.316232681274414
2012-10-05,9.237386703491211
2012-10-06,7.498578071594238
2012-10-07,6.991210460662842
2012-10-08,8.610062599182129
2012-10-09,10.9177827835083
2012-10-10,11.052688598632812
2012-10-11,9.459514617919922
2012-10-12,7.891251087188721
2012-10-13,6.797028541564941
2012-10-14,6.120493412017822
2012-10-15,6.01734733581543
2012-10-16,6.949223041534424
2012-10-17,7.955026149749756
2012-10-18,7.38875675201416
2012-10-19,6.830441951751709
2012-10-20,7.188706874847412
2012-10-21,7.492363929748535
2012-10-22,6.873601913452148
2012-10-23,6.229565620422363
2012-10-24,5.721378803253174
2012-10-25,5.326803207397461
2012-10-26,5.0396409034729
2012-10-27,4.810223579406738
2012-10-28,4.658575057983398
2012-10-29,4.564640045166016
2012-10-30,4.673641204833984
2012-10-31,4.844803810119629
2012-11-01,4.8698649406433105
2012-11-02,4.834671974182129
2012-11-03,4.798809051513672
2012-11-04,4.68549108505249
2012-11-05,4.591283321380615
2012-11-06,4.524661064147949
2012-11-07,4.49049186706543
2012-11-08,4.489345073699951
2012-11-09,4.488995552062988
2012-11-10,4.517788887023926
2012-11-11,4.5611066818237305
2012-11-12,4.518677711486816
2012-11-13,4.537702560424805
2012-11-14,4.852222919464111
2012-11-15,5.159956932067871
2012-11-16,5.265967845916748
2012-11-17,5.250497341156006
2012-11-18,5.076013565063477
2012-11-19,4.904295921325684
2012-11-20,4.771791934967041
2012-11-21,4.728002548217773
2012-11-22,4.701779365539551
2012-11-23,4.681042671203613
2012-11-24,4.649390697479248
2012-11-25,4.534450531005859
2012-11-26,4.498015880584717
2012-11-27,4.50260066986084
2012-11-28,4.559286117553711
2012-11-29,4.68893575668335
2012-11-30,4.711963653564453
2012-12-01,4.70030403137207
2012-12-02,4.733606815338135
2012-12-03,4.716518402099609
2012-12-04,4.686305522918701
2012-12-05,4.675075531005859
2012-12-06,4.64905309677124
2012-12-07,4.630953311920166
2012-12-08,4.7750115394592285
2012-12-09,5.075010299682617
2012-12-10,5.1337080001831055
2012-12-11,5.144244194030762
2012-12-12,5.130362033843994
2012-12-13,5.041278839111328
2012-12-14,5.034307956695557
2012-12-15,5.075998306274414
2012-12-16,5.052958011627197
2012-12-17,5.430597305297852
2012-12-18,6.7416253089904785
2012-12-19,7.820941925048828
2012-12-20,7.487966537475586
2012-12-21,7.437543869018555
2012-12-22,8.626794815063477
2012-12-23,8.990477561950684
2012-12-24,8.178695678710938
2012-12-25,7.8709001541137695
2012-12-26,11.809497833251953
2012-12-27,27.56770896911621
2012-12-28,37.91788864135742
2012-12-29,27.192890167236328
2012-12-30,19.848604202270508
2012-12-31,16.214826583862305
2013-01-01,13.304647445678711
2013-01-02,13.132689476013184
2013-01-03,15.27746295928955
2013-01-04,15.424928665161133
2013-01-05,13.81064224243164
2013-01-06,11.970519065856934
2013-01-07,10.794023513793945
2013-01-08,9.999195098876953
2013-01-09,9.41307258605957
2013-01-10,8.964174270629883
2013-01-11,8.689806938171387
2013-01-12,8.946858406066895
2013-01-13,9.338769912719727
2013-01-14,9.681414604187012
2013-01-15,14.197066307067871
2013-01-16,26.46682357788086
2013-01-17,58.47711944580078
2013-01-18,157.5787353515625
2013-01-19,203.4769287109375
2013-01-20,116.60577392578125
2013-01-21,61.75635528564453
2013-01-22,38.27429962158203
2013-01-23,27.951860427856445
2013-01-24,22.676164627075195
2013-01-25,19.316146850585938
2013-01-26,16.953332901000977
2013-01-27,16.030590057373047
2013-01-28,15.145548820495605
2013-01-29,14.899674415588379
2013-01-30,14.707525253295898
2013-01-31,19.57439422607422
2013-02-01,33.73501205444336
2013-02-02,35.14073944091797
2013-02-03,27.64883041381836
2013-02-04,21.847076416015625
2013-02-05,18.31015396118164
2013-02-06,16.138652801513672
2013-02-07,14.878087997436523
2013-02-08,22.842334747314453
2013-02-09,44.55730438232422
2013-02-10,50.60655212402344
2013-02-11,37.417972564697266
2013-02-12,30.630447387695312
2013-02-13,29.620412826538086
2013-02-14,29.336002349853516
2013-02-15,28.990039825439453
2013-02-16,25.23480987548828
2013-02-17,24.655818939208984
2013-02-18,23.41848373413086
2013-02-19,21.152297973632812
2013-02-20,23.027265548706055
2013-02-21,23.92283058166504
2013-02-22,21.755611419677734
2013-02-23,24.92031478881836
2013-02-24,33.46320343017578
2013-02-25,34.54853057861328
2013-02-26,37.07972717285156
2013-02-27,62.95712661743164
2013-02-28,76.69172668457031
2013-03-01,54.22516632080078
2013-03-02,37.50792694091797
2013-03-03,28.904529571533203
2013-03-04,24.205760955810547
2013-03-05,21.120010375976562
2013-03-06,21.27716636657715
2013-03-07,25.705425262451172
2013-03-08,26.95732879638672
2013-03-09,23.862058639526367
2013-03-10,20.704246520996094
2013-03-11,18.69913101196289
2013-03-12,23.376304626464844
2013-03-13,38.91217041015625
2013-03-14,45.2126350402832
2013-03-15,35.7314453125
2013-03-16,27.40052604675293
2013-03-17,22.7828369140625
2013-03-18,20.283340454101562
2013-03-19,20.35384178161621
2013-03-20,20.846923828125
2013-03-21,19.519962310791016
2013-03-22,17.885026931762695
2013-03-23,16.54952621459961
2013-03-24,18.085765838623047
2013-03-25,29.34410858154297
2013-03-26,40.0023193359375
2013-03-27,34.60266876220703
2013-03-28,27.592369079589844
2013-03-29,22.728986740112305
2013-03-30,19.673189163208008
2013-03-31,19.468196868896484
2013-04-01,24.836204528808594
2013-04-02,29.252412796020508
2013-04-03,26.261199951171875
2013-04-04,23.85687255859375
2013-04-05,30.633617401123047
2013-04-06,41.81945037841797
2013-04-07,41.029258728027344
2013-04-08,32.415199279785156
2013-04-09,25.957494735717773
2013-04-10,21.817716598510742
2013-04-11,19.06218719482422
2013-04-12,18.567768096923828
2013-04-13,21.797143936157227
2013-04-14,23.68555450439453
2013-04-15,20.76456069946289
2013-04-16,18.713443756103516
2013-04-17,17.504518508911133
2013-04-18,16.030254364013672
2013-04-19,15.159022331237793
2013-04-20,17.419403076171875
2013-04-21,20.12561798095703
2013-04-22,18.412220001220703
2013-04-23,16.082324981689453
2013-04-24,14.49279499053955
2013-04-25,13.398001670837402
2013-04-26,12.376800537109375
2013-04-27,11.504904747009277
2013-04-28,11.428199768066406
2013-04-29,20.211044311523438
2013-04-30,42.304969787597656
2013-05-01,47.53371047973633
2013-05-02,34.32280731201172
2013-05-03,24.709495544433594
2013-05-04,19.430347442626953
2013-05-05,16.296123504638672
2013-05-06,17.028888702392578
2013-05-07,29.926834106445312
2013-05-08,51.297218322753906
2013-05-09,55.420936584472656
2013-05-10,46.56443786621094
2013-05-11,33.6980094909668
2013-05-12,25.535858154296875
2013-05-13,21.661659240722656
2013-05-14,18.355056762695312
2013-05-15,15.899052619934082
2013-05-16,14.144259452819824
2013-05-17,12.58253288269043
2013-05-18,11.810378074645996
2013-05-19,16.769786834716797
2013-05-20,27.049423217773438
2013-05-21,31.72602081298828
2013-05-22,28.112361907958984
2013-05-23,25.12929344177246
2013-05-24,29.08645248413086
2013-05-25,29.62961769104004
2013-05-26,22.710304260253906
2013-05-27,17.391212463378906
2013-05-28,14.33976936340332
2013-05-29,12.43918228149414
2013-05-30,10.992256164550781
2013-05-31,9.843609809875488
2013-06-01,8.939776420593262
2013-06-02,8.267775535583496
2013-06-03,9.676645278930664
2013-06-04,15.210509300231934
2013-06-05,17.466644287109375
2013-06-06,14.812950134277344
2013-06-07,21.934389114379883
2013-06-08,46.5766487121582
2013-06-09,56.625545501708984
2013-06-10,58.26835632324219
2013-06-11,74.93968200683594
2013-06-12,72.03096771240234
2013-06-13,46.83287811279297
2013-06-14,32.6071662902832
2013-06-15,24.888019561767578
2013-06-16,18.712209701538086
2013-06-17,15.08374309539795
2013-06-18,14.222552299499512
2013-06-19,17.259645462036133
2013-06-20,19.141704559326172
2013-06-21,15.787641525268555
2013-06-22,12.716585159301758
2013-06-23,10.899576187133789
2013-06-24,10.255376815795898
2013-06-25,10.142868995666504
2013-06-26,11.872581481933594
2013-06-27,15.453041076660156
2013-06-28,16.528703689575195
2013-06-29,16.819726943969727
2013-06-30,20.662776947021484
2013-07-01,26.94553565979004
2013-07-02,30.299842834472656
2013-07-03,44.70362091064453
2013-07-04,63.7042236328125
2013-07-05,60.0728874206543
2013-07-06,45.631675720214844
2013-07-07,36.29576873779297
2013-07-08,40.05481719970703
2013-07-09,57.688255310058594
2013-07-10,60.483787536621094
2013-07-11,66.4408950805664
2013-07-12,94.87812042236328
2013-07-13,94.99429321289062
2013-07-14,67.6773681640625
2013-07-15,51.778202056884766
2013-07-16,41.172611236572266
2013-07-17,29.824525833129883
2013-07-18,21.775325775146484
2013-07-19,17.93488121032715
2013-07-20,15.723776817321777
2013-07-21,14.441896438598633
2013-07-22,15.956877708435059
2013-07-23,17.96196746826172
2013-07-24,15.840620040893555
2013-07-25,13.654603958129883
2013-07-26,13.236084938049316
2013-07-27,13.599834442138672
2013-07-28,16.92239761352539
2013-07-29,22.175090789794922
2013-07-30,20.475845336914062
2013-07-31,16.03028106689453
2013-08-01,15.840776443481445
2013-08-02,21.746261596679688
2013-08-03,25.4107666015625
2013-08-04,22.06646728515625
2013-08-05,17.040468215942383
2013-08-06,13.726794242858887
2013-08-07,13.892129898071289
2013-08-08,13.976212501525879
2013-08-09,12.100674629211426
2013-08-10,11.285459518432617
2013-08-11,12.689178466796875
2013-08-12,13.891642570495605
2013-08-13,13.409430503845215
2013-08-14,13.998849868774414
2013-08-15,13.850915908813477
2013-08-16,11.451775550842285
2013-08-17,9.916997909545898
2013-08-18,12.682588577270508
2013-08-19,27.397260665893555
2013-08-20,40.71534729003906
2013-08-21,39.06621551513672
2013-08-22,34.89198684692383
2013-08-23,29.441368103027344
2013-08-24,21.82061767578125
2013-08-25,16.94422149658203
2013-08-26,13.564866065979004
2013-08-27,11.472657203674316
2013-08-28,10.078042030334473
2013-08-29,9.032164573669434
2013-08-30,8.273741722106934
2013-08-31,7.595422744750977
2013-09-01,8.538037300109863
2013-09-02,13.58161449432373
2013-09-03,17.197608947753906
2013-09-04,14.756631851196289
2013-09-05,11.511618614196777
2013-09-06,9.412650108337402
2013-09-07,8.057143211364746
2013-09-08,7.207639694213867
2013-09-09,6.684436321258545
2013-09-10,6.286218643188477
2013-09-11,5.940747261047363
2013-09-12,5.652901649475098
2013-09-13,5.568658828735352
2013-09-14,5.594821929931641
2013-09-15,5.400180816650391
2013-09-16,5.160407066345215
2013-09-17,4.9229278564453125
2013-09-18,4.700310230255127
2013-09-19,4.528136253356934
2013-09-20,4.574843883514404
2013-09-21,4.966267108917236
2013-09-22,6.094722747802734
2013-09-23,7.57633113861084
2013-09-24,7.642494201660156
2013-09-25,6.7383904457092285
2013-09-26,6.040488243103027
2013-09-27,5.547008037567139
2013-09-28,5.133305549621582
2013-09-29,4.830951690673828
2013-09-30,4.655508518218994
2013-10-01,4.579072952270508
2013-10-02,4.4470438957214355
2013-10-03,4.326772689819336
2013-10-04,4.274852752685547
2013-10-05,4.154224395751953
2013-10-06,4.019138813018799
2013-10-07,4.234101295471191
2013-10-08,5.313651084899902
2013-10-09,6.37730073928833
2013-10-10,6.369030952453613
2013-10-11,6.550875663757324
2013-10-12,6.653563976287842
2013-10-13,6.342627048492432
2013-10-14,6.126279354095459
2013-10-15,5.958969593048096
2013-10-16,5.634185791015625
2013-10-17,5.341760635375977
2013-10-18,5.195798397064209
2013-10-19,5.132117748260498
2013-10-20,5.093683242797852
2013-10-21,5.011641502380371
2013-10-22,4.853860855102539
2013-10-23,4.743829727172852
2013-10-24,4.635115146636963
2013-10-25,4.504025936126709
2013-10-26,4.380706310272217
2013-10-27,4.315006256103516
2013-10-28,4.275256633758545
2013-10-29,4.363039493560791
2013-10-30,4.419806957244873
2013-10-31,4.444816589355469
2013-11-01,4.522308349609375
2013-11-02,5.042423248291016
2013-11-03,5.532044410705566
2013-11-04,5.348813533782959
2013-11-05,5.134972095489502
2013-11-06,5.0898051261901855
2013-11-07,4.966361999511719
2013-11-08,4.875655651092529
2013-11-09,4.823394775390625
2013-11-10,4.816738605499268
2013-11-11,4.790644645690918
2013-11-12,4.709840297698975
2013-11-13,4.7198381423950195
2013-11-14,4.848013877868652
2013-11-15,4.891486167907715
2013-11-16,4.906638145446777
2013-11-17,4.952009201049805
2013-11-18,5.163951873779297
2013-11-19,5.373834609985352
2013-11-20,5.353139877319336
2013-11-21,5.19570255279541
2013-11-22,5.177610397338867
2013-11-23,5.165543079376221
2013-11-24,5.061537265777588
2013-11-25,4.944579601287842
2013-11-26,5.285121917724609
2013-11-27,13.11819839477539
2013-11-28,33.98577880859375
2013-11-29,35.0405158996582
2013-11-30,22.38064193725586
2013-12-01,14.918404579162598
2013-12-02,11.757118225097656
2013-12-03,10.168394088745117
2013-12-04,9.201364517211914
2013-12-05,8.773394584655762
2013-12-06,8.645492553710938
2013-12-07,9.078424453735352
2013-12-08,11.636701583862305
2013-12-09,15.238058090209961
2013-12-10,21.469959259033203
2013-12-11,29.291954040527344
2013-12-12,27.541406631469727
2013-12-13,20.320070266723633
2013-12-14,17.904035568237305
2013-12-15,24.777076721191406
2013-12-16,30.810331344604492
2013-12-17,24.887039184570312
2013-12-18,18.905288696289062
2013-12-19,15.46786880493164
2013-12-20,13.519754409790039
2013-12-21,12.229125022888184
2013-12-22,11.492255210876465
2013-12-23,23.029006958007812
2013-12-24,69.86885070800781
2013-12-25,91.92565155029297
2013-12-26,58.45817184448242
2013-12-27,34.34117126464844
2013-12-28,24.12685203552246
2013-12-29,36.571388244628906
2013-12-30,74.53616333007812
2013-12-31,82.56526947021484
2014-01-01,54.00996398925781
2014-01-02,35.690650939941406
2014-01-03,30.083213806152344
2014-01-04,28.915283203125
2014-01-05,25.27190399169922
2014-01-06,28.548866271972656
2014-01-07,35.93659210205078
2014-01-08,31.629148483276367
2014-01-09,25.02903938293457
2014-01-10,23.570926666259766
2014-01-11,84.05198669433594
2014-01-12,203.1581268310547
2014-01-13,208.42745971679688
2014-01-14,118.0780029296875
2014-01-15,76.65364074707031
2014-01-16,60.74469757080078
2014-01-17,46.38974380493164
2014-01-18,35.791107177734375
2014-01-19,29.450454711914062
2014-01-20,25.30994987487793
2014-01-21,22.697280883789062
2014-01-22,21.540985107421875
2014-01-23,20.856849670410156
2014-01-24,19.476863861083984
2014-01-25,18.180383682250977
2014-01-26,16.995018005371094
2014-01-27,16.049144744873047
2014-01-28,15.547547340393066
2014-01-29,15.327424049377441
2014-01-30,15.151664733886719
2014-01-31,14.541500091552734
2014-02-01,14.280717849731445
2014-02-02,14.136859893798828
2014-02-03,14.513008117675781
2014-02-04,16.522499084472656
2014-02-05,21.326772689819336
2014-02-06,27.35483169555664
2014-02-07,28.400188446044922
2014-02-08,23.63849639892578
2014-02-09,20.252613067626953
2014-02-10,18.279447555541992
2014-02-11,17.13155174255371
2014-02-12,16.50318145751953
2014-02-13,21.27529525756836
2014-02-14,39.30768585205078
2014-02-15,58.472206115722656
2014-02-16,61.923583984375
2014-02-17,53.73775100708008
2014-02-18,42.40890121459961
2014-02-19,36.367610931396484
2014-02-20,36.6926155090332
2014-02-21,39.68682861328125
2014-02-22,44.32658386230469
2014-02-23,43.42889404296875
2014-02-24,34.818153381347656
2014-02-25,28.4853515625
2014-02-26,24.27367401123047
2014-02-27,21.67095947265625
2014-02-28,19.987773895263672
2014-03-01,18.755666732788086
2014-03-02,17.465097427368164
2014-03-03,17.372133255004883
2014-03-04,20.479190826416016
2014-03-05,23.98394203186035
2014-03-06,22.45163345336914
2014-03-07,55.99970245361328
2014-03-08,143.10354614257812
2014-03-09,164.85728454589844
2014-03-10,109.77952575683594
2014-03-11,70.23736572265625
2014-03-12,52.247615814208984
2014-03-13,46.65953826904297
2014-03-14,42.273193359375
2014-03-15,34.60841751098633
2014-03-16,30.77052879333496
2014-03-17,34.02178955078125
2014-03-18,46.05945587158203
2014-03-19,56.04120635986328
2014-03-20,55.429595947265625
2014-03-21,46.759368896484375
2014-03-22,37.480140686035156
2014-03-23,32.3613166809082
2014-03-24,30.670631408691406
2014-03-25,29.600101470947266
2014-03-26,27.576461791992188
2014-03-27,26.324472427368164
2014-03-28,23.907310485839844
2014-03-29,23.49122428894043
2014-03-30,25.22907829284668
2014-03-31,26.02114486694336
2014-04-01,23.806350708007812
2014-04-02,21.74571990966797
2014-04-03,20.38956069946289
2014-04-04,19.17094612121582
2014-04-05,18.124757766723633
2014-04-06,17.19788360595703
2014-04-07,25.64093017578125
2014-04-08,57.91061782836914
2014-04-09,79.19415283203125
2014-04-10,58.30706787109375
2014-04-11,40.4244499206543
2014-04-12,30.893112182617188
2014-04-13,25.591157913208008
2014-04-14,22.442230224609375
2014-04-15,26.986745834350586
2014-04-16,55.94654846191406
2014-04-17,74.92576599121094
2014-04-18,54.496490478515625
2014-04-19,42.141380310058594
2014-04-20,46.67655563354492
2014-04-21,48.777809143066406
2014-04-22,38.397705078125
2014-04-23,30.744260787963867
2014-04-24,26.011741638183594
2014-04-25,25.189489364624023
2014-04-26,28.28982162475586
2014-04-27,27.578449249267578
2014-04-28,23.444658279418945
2014-04-29,20.970399856567383
2014-04-30,22.519372940063477
2014-05-01,28.407194137573242
2014-05-02,30.489273071289062
2014-05-03,25.315711975097656
2014-05-04,21.163867950439453
2014-05-05,18.599048614501953
2014-05-06,16.711254119873047
2014-05-07,15.472757339477539
2014-05-08,14.435296058654785
2014-05-09,13.751461029052734
2014-05-10,13.772371292114258
2014-05-11,14.829010963439941
2014-05-12,15.350318908691406
2014-05-13,14.017077445983887
2014-05-14,12.679959297180176
2014-05-15,20.109691619873047
2014-05-16,82.14320373535156
2014-05-17,120.87178039550781
2014-05-18,70.83494567871094
2014-05-19,40.782066345214844
2014-05-20,27.501712799072266
2014-05-21,21.456275939941406
2014-05-22,17.786853790283203
2014-05-23,15.26796817779541
2014-05-24,13.667984008789062
2014-05-25,12.516396522521973
2014-05-26,11.599206924438477
2014-05-27,11.339685440063477
2014-05-28,11.814611434936523
2014-05-29,11.86593246459961
2014-05-30,11.03470230102539
2014-05-31,10.60799789428711
2014-06-01,10.429792404174805
2014-06-02,9.888043403625488
2014-06-03,9.225569725036621
2014-06-04,8.918309211730957
2014-06-05,8.777865409851074
2014-06-06,8.481413841247559
2014-06-07,7.996756076812744
2014-06-08,7.477187633514404
2014-06-09,7.201736927032471
2014-06-10,7.27941370010376
2014-06-11,7.880184650421143
2014-06-12,9.599851608276367
2014-06-13,12.531051635742188
2014-06-14,13.592964172363281
2014-06-15,11.44250202178955
2014-06-16,9.194679260253906
2014-06-17,7.837098121643066
2014-06-18,7.15006160736084
2014-06-19,6.731253147125244
2014-06-20,6.535828590393066
2014-06-21,6.695263862609863
2014-06-22,6.85339879989624
2014-06-23,6.611939907073975
2014-06-24,6.041866302490234
2014-06-25,5.629043102264404
2014-06-26,5.503567695617676
2014-06-27,5.468048095703125
2014-06-28,5.437502861022949
2014-06-29,5.3328857421875
2014-06-30,5.061392784118652
2014-07-01,4.752506732940674
2014-07-02,4.44490909576416
2014-07-03,4.216169834136963
2014-07-04,4.114432334899902
2014-07-05,4.106367588043213
2014-07-06,3.965332508087158
2014-07-07,3.734164237976074
2014-07-08,3.5335562229156494
2014-07-09,3.327816963195801
2014-07-10,3.2817561626434326
2014-07-11,3.6196377277374268
2014-07-12,3.8975682258605957
2014-07-13,3.7016637325286865
2014-07-14,3.3725290298461914
2014-07-15,3.2888989448547363
2014-07-16,4.023326396942139
2014-07-17,5.613001823425293
2014-07-18,5.7268900871276855
2014-07-19,4.793085098266602
2014-07-20,4.272469520568848
2014-07-21,4.630678176879883
2014-07-22,5.630992412567139
2014-07-23,5.903553485870361
2014-07-24,5.600759506225586
2014-07-25,6.107629776000977
2014-07-26,6.320050239562988
2014-07-27,5.490420341491699
2014-07-28,4.947153091430664
2014-07-29,4.692220687866211
2014-07-30,4.257526874542236
2014-07-31,3.9610142707824707
2014-08-01,4.482640743255615
2014-08-02,7.002958297729492
2014-08-03,9.33056926727295
2014-08-04,7.858921527862549
2014-08-05,5.965641975402832
2014-08-06,4.815690994262695
2014-08-07,4.1532135009765625
2014-08-08,3.7794787883758545
2014-08-09,3.8747901916503906
2014-08-10,4.613080024719238
2014-08-11,5.90083646774292
2014-08-12,8.900084495544434
2014-08-13,12.8152494430542
2014-08-14,12.237092971801758
2014-08-15,8.715500831604004
2014-08-16,6.352664470672607
2014-08-17,5.248948574066162
2014-08-18,4.775045394897461
2014-08-19,5.1918439865112305
2014-08-20,5.719549179077148
2014-08-21,5.300597190856934
2014-08-22,4.568696022033691
2014-08-23,4.083835124969482
2014-08-24,3.994373321533203
2014-08-25,3.933039426803589
2014-08-26,3.6818089485168457
2014-08-27,3.400496006011963
2014-08-28,3.1811575889587402
2014-08-29,2.9669411182403564
2014-08-30,2.7911195755004883
2014-08-31,2.663238525390625
2014-09-01,2.540559768676758
2014-09-02,2.44954514503479
2014-09-03,2.4091591835021973
2014-09-04,2.626227617263794
2014-09-05,3.4054393768310547
2014-09-06,4.377529621124268
2014-09-07,4.633112907409668
2014-09-08,4.374942302703857
2014-09-09,4.8437089920043945
2014-09-10,5.535216331481934
2014-09-11,4.947696685791016
2014-09-12,4.307876110076904
2014-09-13,4.198418140411377
2014-09-14,4.381930828094482
2014-09-15,4.250410079956055
2014-09-16,3.9083304405212402
2014-09-17,3.798469305038452
2014-09-18,3.7792599201202393
2014-09-19,3.6158699989318848
2014-09-20,3.4155845642089844
2014-09-21,3.2076358795166016
2014-09-22,3.0229673385620117
2014-09-23,2.875314235687256
2014-09-24,2.9332306385040283
2014-09-25,3.280940532684326
2014-09-26,3.5967111587524414
2014-09-27,3.5547690391540527
2014-09-28,3.314403533935547
2014-09-29,3.149796962738037
2014-09-30,3.228883981704712
2014-10-01,3.284651756286621
2014-10-02,3.1479716300964355
2014-10-03,3.0455188751220703
2014-10-04,2.9749908447265625
2014-10-05,2.9403438568115234
2014-10-06,2.8539881706237793
2014-10-07,2.7421083450317383
2014-10-08,2.6615049839019775
2014-10-09,2.5782806873321533
2014-10-10,2.586313247680664
2014-10-11,3.138637065887451
2014-10-12,4.044278144836426
2014-10-13,4.425128936767578
2014-10-14,4.5981831550598145
2014-10-15,7.051462173461914
2014-10-16,11.71622371673584
2014-10-17,12.190322875976562
2014-10-18,8.836959838867188
2014-10-19,6.435387134552002
2014-10-20,5.169140815734863
2014-10-21,4.484213352203369
2014-10-22,4.053074836730957
2014-10-23,3.740090847015381
2014-10-24,3.509080410003662
2014-10-25,3.370279312133789
2014-10-26,3.254199981689453
2014-10-27,3.1500487327575684
2014-10-28,3.124765396118164
2014-10-29,3.0573203563690186
2014-10-30,2.9630777835845947
2014-10-31,2.9300179481506348
2014-11-01,3.1631243228912354
2014-11-02,4.309958457946777
2014-11-03,5.53070068359375
2014-11-04,5.350093364715576
2014-11-05,4.757815361022949
2014-11-06,4.432662010192871
2014-11-07,4.5293192863464355
2014-11-08,4.711343288421631
2014-11-09,4.532034873962402
2014-11-10,4.331567287445068
2014-11-11,4.244339942932129
2014-11-12,4.148724555969238
2014-11-13,4.015565395355225
2014-11-14,3.9580299854278564
2014-11-15,3.8770923614501953
2014-11-16,3.8634321689605713
2014-11-17,4.238395690917969
2014-11-18,5.528101444244385
2014-11-19,6.623610496520996
2014-11-20,6.122182846069336
2014-11-21,5.42927360534668
2014-11-22,5.011580944061279
2014-11-23,4.837210655212402
2014-11-24,5.365994930267334
2014-11-25,7.251267433166504
2014-11-26,12.077314376831055
2014-11-27,24.375873565673828
2014-11-28,30.864349365234375
2014-11-29,22.34020233154297
2014-11-30,14.857343673706055
2014-12-01,11.190796852111816
2014-12-02,9.265268325805664
2014-12-03,8.117948532104492
2014-12-04,7.39111328125
2014-12-05,6.893582820892334
2014-12-06,6.588027477264404
2014-12-07,6.621726989746094
2014-12-08,6.770442962646484
2014-12-09,7.068106651306152
2014-12-10,8.429869651794434
2014-12-11,9.136127471923828
2014-12-12,8.375304222106934
2014-12-13,7.634468078613281
2014-12-14,7.151189804077148
2014-12-15,6.780056476593018
2014-12-16,6.597118854522705
2014-12-17,6.64847993850708
2014-12-18,6.685135364532471
2014-12-19,6.453446388244629
2014-12-20,6.245671272277832
2014-12-21,6.124368190765381
2014-12-22,6.121948719024658
2014-12-23,6.561060905456543
2014-12-24,12.31601333618164
2014-12-25,31.491432189941406
2014-12-26,39.29680633544922
2014-12-27,26.69144058227539
2014-12-28,18.037599563598633
2014-12-29,15.275226593017578
2014-12-30,18.594316482543945
2014-12-31,21.90752601623535
2015-01-01,18.82207679748535
2015-01-02,15.089759826660156
2015-01-03,13.156189918518066
2015-01-04,13.951101303100586
2015-01-05,16.901948928833008
2015-01-06,17.56102180480957
2015-01-07,14.972574234008789
2015-01-08,12.688457489013672
2015-01-09,11.199688911437988
2015-01-10,10.283517837524414
2015-01-11,9.569031715393066
2015-01-12,11.660608291625977
2015-01-13,20.375774383544922
2015-01-14,25.879802703857422
2015-01-15,22.60703468322754
2015-01-16,17.9598445892334
2015-01-17,15.14712142944336
2015-01-18,13.650968551635742
2015-01-19,13.329822540283203
2015-01-20,12.810617446899414
2015-01-21,11.841390609741211
2015-01-22,10.972569465637207
2015-01-23,10.905119895935059
2015-01-24,17.715999603271484
2015-01-25,30.256959915161133
2015-01-26,31.452938079833984
2015-01-27,25.185773849487305
2015-01-28,20.081825256347656
2015-01-29,16.46059226989746
2015-01-30,14.243711471557617
2015-01-31,12.916831970214844
2015-02-01,11.933958053588867
2015-02-02,12.411300659179688
2015-02-03,15.721465110778809
2015-02-04,17.55272102355957
2015-02-05,15.853047370910645
2015-02-06,13.985309600830078
2015-02-07,12.607381820678711
2015-02-08,11.62965202331543
2015-02-09,11.393688201904297
2015-02-10,16.865135192871094
2015-02-11,27.28812599182129
2015-02-12,28.616371154785156
2015-02-13,22.76055145263672
2015-02-14,18.364803314208984
2015-02-15,15.267574310302734
2015-02-16,13.474181175231934
2015-02-17,12.829368591308594
2015-02-18,13.594328880310059
2015-02-19,13.85807991027832
2015-02-20,12.876604080200195
2015-02-21,12.050956726074219
2015-02-22,13.606157302856445
2015-02-23,20.27198028564453
2015-02-24,26.734312057495117
2015-02-25,25.852092742919922
2015-02-26,34.933265686035156
2015-02-27,49.694637298583984
2015-02-28,50.909019470214844
2015-03-01,41.36758804321289
2015-03-02,38.79828643798828
2015-03-03,42.97799301147461
2015-03-04,44.75587844848633
2015-03-05,66.69003295898438
2015-03-06,103.94873046875
2015-03-07,104.89329528808594
2015-03-08,68.7819595336914
2015-03-09,47.60822296142578
2015-03-10,36.55120086669922
2015-03-11,30.00850486755371
2015-03-12,26.448139190673828
2015-03-13,24.18477439880371
2015-03-14,22.19896697998047
2015-03-15,24.119220733642578
2015-03-16,25.707218170166016
2015-03-17,22.640830993652344
2015-03-18,19.680889129638672
2015-03-19,18.24078369140625
2015-03-20,22.685531616210938
2015-03-21,30.7799072265625
2015-03-22,31.271745681762695
2015-03-23,26.149171829223633
2015-03-24,21.922426223754883
2015-03-25,18.919466018676758
2015-03-26,17.863201141357422
2015-03-27,20.626625061035156
2015-03-28,26.545486450195312
2015-03-29,27.67194366455078
2015-03-30,23.08159637451172
2015-03-31,19.980539321899414
2015-04-01,17.774248123168945
2015-04-02,16.034957885742188
2015-04-03,14.812237739562988
2015-04-04,13.990564346313477
2015-04-05,13.298460960388184
2015-04-06,12.514756202697754
2015-04-07,11.985645294189453
2015-04-08,11.747194290161133
2015-04-09,12.154422760009766
2015-04-10,13.795209884643555
2015-04-11,14.656871795654297
2015-04-12,13.516793251037598
2015-04-13,12.026041984558105
2015-04-14,11.25906753540039
2015-04-15,12.674398422241211
2015-04-16,17.97575569152832
2015-04-17,23.526775360107422
2015-04-18,23.534360885620117
2015-04-19,21.498262405395508
2015-04-20,34.91293716430664
2015-04-21,49.826560974121094
2015-04-22,43.06023406982422
2015-04-23,30.12599754333496
2015-04-24,22.23065185546875
2015-04-25,17.86981773376465
2015-04-26,16.416797637939453
2015-04-27,16.620765686035156
2015-04-28,15.919112205505371
2015-04-29,14.332435607910156
2015-04-30,13.183398246765137
2015-05-01,19.730422973632812
2015-05-02,34.425559997558594
2015-05-03,37.62423324584961
2015-05-04,28.29633140563965
2015-05-05,21.036706924438477
2015-05-06,16.690048217773438
2015-05-07,14.006059646606445
2015-05-08,12.292917251586914
2015-05-09,11.214143753051758
2015-05-10,10.683804512023926
2015-05-11,10.462618827819824
2015-05-12,10.084848403930664
2015-05-13,9.540495872497559
2015-05-14,8.89797592163086
2015-05-15,8.092415809631348
2015-05-16,7.578867435455322
2015-05-17,7.216043472290039
2015-05-18,6.814810752868652
2015-05-19,6.788263320922852
2015-05-20,7.1081318855285645
2015-05-21,7.280154228210449
2015-05-22,8.291327476501465
2015-05-23,9.286023139953613
2015-05-24,8.197800636291504
2015-05-25,7.130644798278809
2015-05-26,6.405784606933594
2015-05-27,5.844148635864258
2015-05-28,5.5312581062316895
2015-05-29,5.298554420471191
2015-05-30,5.106788635253906
2015-05-31,4.9303297996521
2015-06-01,5.202530860900879
2015-06-02,7.1930317878723145
2015-06-03,10.18149471282959
2015-06-04,12.13087272644043
2015-06-05,11.570984840393066
2015-06-06,9.447844505310059
2015-06-07,7.638708591461182
2015-06-08,6.332338809967041
2015-06-09,6.2376017570495605
2015-06-10,7.663160800933838
2015-06-11,8.017220497131348
2015-06-12,6.7774200439453125
2015-06-13,5.6548967361450195
2015-06-14,5.001842498779297
2015-06-15,4.515949249267578
2015-06-16,4.096690654754639
2015-06-17,3.7619128227233887
2015-06-18,3.5493311882019043
2015-06-19,3.6559817790985107
2015-06-20,4.110324382781982
2015-06-21,4.588679313659668
2015-06-22,4.49247407913208
2015-06-23,4.00563907623291
2015-06-24,3.553637742996216
2015-06-25,3.277989625930786
2015-06-26,3.583972215652466
2015-06-27,5.386526107788086
2015-06-28,7.275844573974609
2015-06-29,7.021521091461182
2015-06-30,5.648571968078613
2015-07-01,5.02748441696167
2015-07-02,4.765519142150879
2015-07-03,4.938953876495361
2015-07-04,5.788646221160889
2015-07-05,6.66851806640625
2015-07-06,7.4181365966796875
2015-07-07,8.214548110961914
2015-07-08,7.958117485046387
2015-07-09,6.5906081199646
2015-07-10,5.194932460784912
2015-07-11,4.174282550811768
2015-07-12,3.4842026233673096
2015-07-13,3.250598669052124
2015-07-14,3.9192800521850586
2015-07-15,5.134140968322754
2015-07-16,5.433250427246094
2015-07-17,4.529713153839111
2015-07-18,3.686729907989502
2015-07-19,3.687843084335327
2015-07-20,4.407466411590576
2015-07-21,4.813871383666992
2015-07-22,4.651186943054199
2015-07-23,4.329166412353516
2015-07-24,4.191738128662109
2015-07-25,4.04548454284668
2015-07-26,3.471919536590576
2015-07-27,2.954617500305176
2015-07-28,2.763749837875366
2015-07-29,3.0819926261901855
2015-07-30,3.583749771118164
2015-07-31,3.8358192443847656
2015-08-01,3.785794734954834
2015-08-02,3.286412477493286
2015-08-03,2.771543502807617
2015-08-04,2.402052640914917
2015-08-05,2.1568667888641357
2015-08-06,2.075876474380493
2015-08-07,2.6015217304229736
2015-08-08,5.33534574508667
2015-08-09,7.744986534118652
2015-08-10,6.210419654846191
2015-08-11,4.91315221786499
2015-08-12,5.588741302490234
2015-08-13,6.2167439460754395
2015-08-14,5.044343948364258
2015-08-15,3.85170316696167
2015-08-16,3.143679141998291
2015-08-17,2.7272651195526123
2015-08-18,2.519141435623169
2015-08-19,2.7311513423919678
2015-08-20,3.8917033672332764
2015-08-21,5.0816240310668945
2015-08-22,4.667945861816406
2015-08-23,3.6670217514038086
2015-08-24,2.967033624649048
2015-08-25,2.59423828125
2015-08-26,2.347665309906006
2015-08-27,2.137687921524048
2015-08-28,1.963094711303711
2015-08-29,1.8518935441970825
2015-08-30,1.797216534614563
2015-08-31,1.9098247289657593
2015-09-01,2.202345132827759
2015-09-02,2.2990589141845703
2015-09-03,2.153688430786133
2015-09-04,2.0266711711883545
2015-09-05,1.9791339635849
2015-09-06,1.9258655309677124
2015-09-07,1.8288419246673584
2015-09-08,1.7403043508529663
2015-09-09,1.7090641260147095
2015-09-10,1.781857967376709
2015-09-11,2.031519889831543
2015-09-12,2.3033435344696045
2015-09-13,2.4456820487976074
2015-09-14,2.424030303955078
2015-09-15,2.2096686363220215
2015-09-16,2.0007436275482178
2015-09-17,1.8371951580047607
2015-09-18,1.7260429859161377
2015-09-19,1.6406631469726562
2015-09-20,1.565849781036377
2015-09-21,1.5146509408950806
2015-09-22,1.569513201713562
2015-09-23,1.6370495557785034
2015-09-24,1.606099009513855
2015-09-25,2.14361310005188
2015-09-26,5.857124328613281
2015-09-27,12.880363464355469
2015-09-28,16.79203224182129
2015-09-29,20.303966522216797
2015-09-30,35.908294677734375
2015-10-01,45.362396240234375
2015-10-02,31.322969436645508
2015-10-03,92.63861846923828
2015-10-04,177.70797729492188
2015-10-05,139.31024169921875
2015-10-06,77.23932647705078
2015-10-07,39.52843475341797
2015-10-08,23.535709381103516
2015-10-09,16.62010383605957
2015-10-10,13.18564224243164
2015-10-11,11.615774154663086
2015-10-12,10.697150230407715
2015-10-13,9.474564552307129
2015-10-14,8.414868354797363
2015-10-15,7.623050689697266
2015-10-16,7.081756591796875
2015-10-17,6.6716718673706055
2015-10-18,6.28732967376709
2015-10-19,6.006137371063232
2015-10-20,5.746417999267578
2015-10-21,5.571677207946777
2015-10-22,5.415897369384766
2015-10-23,5.241613864898682
2015-10-24,5.015120506286621
2015-10-25,4.867245197296143
2015-10-26,4.758368492126465
2015-10-27,4.90272855758667
2015-10-28,8.064838409423828
2015-10-29,19.813701629638672
2015-10-30,27.48297119140625
2015-10-31,20.788436889648438
2015-11-01,14.72265625
2015-11-02,27.567272186279297
2015-11-03,71.59671020507812
2015-11-04,91.95132446289062
2015-11-05,62.76238250732422
2015-11-06,39.88358688354492
2015-11-07,28.475486755371094
2015-11-08,24.851123809814453
2015-11-09,39.51616668701172
2015-11-10,94.69185638427734
2015-11-11,130.6278533935547
2015-11-12,90.33583068847656
2015-11-13,52.260398864746094
2015-11-14,33.581459045410156
2015-11-15,24.856002807617188
2015-11-16,20.15987777709961
2015-11-17,17.56915283203125
2015-11-18,16.01091194152832
2015-11-19,28.283475875854492
2015-11-20,77.97676849365234
2015-11-21,100.44532775878906
2015-11-22,63.498714447021484
2015-11-23,39.790679931640625
2015-11-24,28.50436019897461
2015-11-25,22.501846313476562
2015-11-26,19.31371307373047
2015-11-27,17.394702911376953
2015-11-28,16.027381896972656
2015-11-29,15.013494491577148
2015-11-30,18.881046295166016
2015-12-01,43.53693771362305
2015-12-02,73.63933563232422
2015-12-03,77.41027069091797
2015-12-04,65.77876281738281
2015-12-05,44.921390533447266
2015-12-06,32.0192985534668
2015-12-07,25.38888168334961
2015-12-08,21.88420867919922
2015-12-09,19.923892974853516
2015-12-10,18.462770462036133
2015-12-11,17.257099151611328
2015-12-12,16.264389038085938
2015-12-13,15.41498851776123
2015-12-14,14.786248207092285
2015-12-15,14.646427154541016
2015-12-16,14.50714111328125
2015-12-17,22.317359924316406
2015-12-18,57.281185150146484
2015-12-19,76.29499053955078
2015-12-20,52.84922790527344
2015-12-21,35.529685974121094
2015-12-22,61.58979415893555
2015-12-23,179.30723571777344
2015-12-24,285.8989562988281
2015-12-25,297.25885009765625
2015-12-26,224.43405151367188
2015-12-27,133.8586883544922
2015-12-28,82.43656921386719
2015-12-29,69.70903778076172
2015-12-30,122.92686462402344
2015-12-31,201.91903686523438
2016-01-01,194.7247314453125
2016-01-02,124.23516845703125
2016-01-03,75.44856262207031
2016-01-04,52.28559112548828
2016-01-05,41.58049774169922
2016-01-06,35.71190643310547
2016-01-07,30.485307693481445
2016-01-08,27.21012306213379
2016-01-09,25.303821563720703
2016-01-10,25.410808563232422
2016-01-11,27.381248474121094
2016-01-12,27.84046173095703
2016-01-13,25.35601234436035
2016-01-14,23.19977569580078
2016-01-15,22.15972900390625
2016-01-16,26.310609817504883
2016-01-17,35.520477294921875
2016-01-18,37.77743148803711
2016-01-19,33.361541748046875
2016-01-20,28.667200088500977
2016-01-21,25.239971160888672
2016-01-22,23.495546340942383
2016-01-23,23.963512420654297
2016-01-24,26.32473373413086
2016-01-25,27.758825302124023
2016-01-26,30.160146713256836
2016-01-27,33.447845458984375
2016-01-28,35.44143295288086
2016-01-29,33.22161865234375
2016-01-30,30.04966926574707
2016-01-31,27.110551834106445
2016-02-01,25.50592803955078
2016-02-02,24.575773239135742
2016-02-03,27.15235137939453
2016-02-04,47.409732818603516
2016-02-05,71.9744644165039
2016-02-06,60.563228607177734
2016-02-07,43.44743347167969
2016-02-08,34.13593292236328
2016-02-09,29.13582992553711
2016-02-10,26.596527099609375
2016-02-11,24.582904815673828
2016-02-12,22.69947052001953
2016-02-13,21.372114181518555
2016-02-14,20.445274353027344
2016-02-15,19.369787216186523
2016-02-16,43.59101104736328
2016-02-17,102.75483703613281
2016-02-18,117.30635833740234
2016-02-19,83.97734069824219
2016-02-20,57.692569732666016
2016-02-21,43.941097259521484
2016-02-22,37.16622543334961
2016-02-23,38.919124603271484
2016-02-24,89.27983093261719
2016-02-25,158.20559692382812
2016-02-26,136.1602325439453
2016-02-27,84.14814758300781
2016-02-28,55.25012969970703
2016-02-29,41.810997009277344
2016-03-01,35.216209411621094
2016-03-02,31.414810180664062
2016-03-03,29.56426429748535
2016-03-04,27.830957412719727
2016-03-05,26.21810531616211
2016-03-06,24.7341365814209
2016-03-07,23.41887855529785
2016-03-08,22.269453048706055
2016-03-09,21.43265151977539
2016-03-10,20.656848907470703
2016-03-11,19.864582061767578
2016-03-12,19.112167358398438
2016-03-13,18.78093147277832
2016-03-14,20.033824920654297
2016-03-15,22.451465606689453
2016-03-16,23.289897918701172
2016-03-17,22.033784866333008
2016-03-18,20.01810646057129
2016-03-19,18.59168243408203
2016-03-20,17.818899154663086
2016-03-21,17.51637077331543
2016-03-22,17.10396957397461
2016-03-23,16.469575881958008
2016-03-24,16.00904083251953
2016-03-25,15.539525985717773
2016-03-26,15.210211753845215
2016-03-27,17.477155685424805
2016-03-28,43.57939910888672
2016-03-29,74.17294311523438
2016-03-30,60.17180252075195
2016-03-31,40.8558349609375
2016-04-01,31.24419593811035
2016-04-02,28.170886993408203
2016-04-03,27.222219467163086
2016-04-04,24.434158325195312
2016-04-05,21.57956314086914
2016-04-06,19.54446792602539
2016-04-07,18.576738357543945
2016-04-08,19.45886993408203
2016-04-09,19.70002555847168
2016-04-10,18.2658748626709
2016-04-11,16.845388412475586
2016-04-12,16.40912628173828
2016-04-13,16.80509376525879
2016-04-14,16.656578063964844
2016-04-15,15.656230926513672
2016-04-16,14.82345962524414
2016-04-17,14.118719100952148
2016-04-18,13.599064826965332
2016-04-19,13.301515579223633
2016-04-20,12.94929027557373
2016-04-21,12.425800323486328
2016-04-22,12.398637771606445
2016-04-23,14.174262046813965
2016-04-24,15.941808700561523
2016-04-25,14.756025314331055
2016-04-26,13.363754272460938
2016-04-27,12.435799598693848
2016-04-28,13.483491897583008
2016-04-29,18.826290130615234
2016-04-30,21.74091339111328
2016-05-01,18.53565216064453
2016-05-02,18.034255981445312
2016-05-03,31.53325080871582
2016-05-04,72.02996063232422
2016-05-05,82.80848693847656
2016-05-06,81.66255187988281
2016-05-07,101.62178802490234
2016-05-08,81.25174713134766
2016-05-09,51.89286804199219
2016-05-10,34.9661865234375
2016-05-11,26.70476722717285
2016-05-12,22.301456451416016
2016-05-13,23.820289611816406
2016-05-14,30.819625854492188
2016-05-15,31.221359252929688
2016-05-16,24.79077911376953
2016-05-17,21.02945899963379
2016-05-18,23.50957489013672
2016-05-19,27.113269805908203
2016-05-20,25.026615142822266
2016-05-21,27.476112365722656
2016-05-22,50.74681854248047
2016-05-23,70.7767562866211
2016-05-24,53.9883918762207
2016-05-25,36.51368713378906
2016-05-26,26.562885284423828
2016-05-27,21.002620697021484
2016-05-28,17.832204818725586
2016-05-29,16.0140380859375
2016-05-30,15.556098937988281
2016-05-31,15.349699020385742
2016-06-01,14.03221607208252
2016-06-02,12.813867568969727
2016-06-03,12.710822105407715
2016-06-04,13.837392807006836
2016-06-05,17.543649673461914
2016-06-06,27.498945236206055
2016-06-07,35.4376106262207
2016-06-08,30.638729095458984
2016-06-09,22.533390045166016
2016-06-10,16.844478607177734
2016-06-11,13.853452682495117
2016-06-12,12.077675819396973
2016-06-13,10.773002624511719
2016-06-14,9.711487770080566
2016-06-15,9.133370399475098
2016-06-16,9.752110481262207
2016-06-17,10.907873153686523
2016-06-18,10.509573936462402
2016-06-19,9.652093887329102
2016-06-20,8.59566593170166
2016-06-21,7.829230785369873
2016-06-22,7.263263702392578
2016-06-23,6.937625408172607
2016-06-24,8.447216033935547
2016-06-25,13.689655303955078
2016-06-26,17.983291625976562
2016-06-27,14.795659065246582
2016-06-28,11.754691123962402
2016-06-29,12.36934757232666
2016-06-30,13.76443099975586
2016-07-01,13.40147876739502
2016-07-02,12.7769193649292
2016-07-03,16.490859985351562
2016-07-04,31.513647079467773
2016-07-05,50.814178466796875
2016-07-06,48.28215789794922
2016-07-07,34.33831024169922
2016-07-08,24.912395477294922
2016-07-09,20.590784072875977
2016-07-10,18.48225975036621
2016-07-11,16.21630096435547
2016-07-12,13.399918556213379
2016-07-13,11.740130424499512
2016-07-14,10.6419095993042
2016-07-15,10.074471473693848
2016-07-16,10.551466941833496
2016-07-17,11.377510070800781
2016-07-18,11.40591812133789
2016-07-19,10.378313064575195
2016-07-20,8.990437507629395
2016-07-21,7.929513454437256
2016-07-22,7.12342643737793
2016-07-23,6.542690277099609
2016-07-24,6.083380699157715
2016-07-25,5.658402442932129
2016-07-26,5.297367572784424
2016-07-27,5.266897201538086
2016-07-28,5.847434043884277
2016-07-29,6.396642208099365
2016-07-30,6.038190841674805
2016-07-31,5.592041969299316
2016-08-01,7.483050346374512
2016-08-02,11.499300956726074
2016-08-03,14.373295783996582
2016-08-04,15.94759464263916
2016-08-05,17.00414276123047
2016-08-06,18.126182556152344
2016-08-07,21.536876678466797
2016-08-08,24.937183380126953
2016-08-09,26.999439239501953
2016-08-10,25.130168914794922
2016-08-11,20.937246322631836
2016-08-12,15.393976211547852
2016-08-13,11.360834121704102
2016-08-14,8.956979751586914
2016-08-15,7.5687079429626465
2016-08-16,6.857073783874512
2016-08-17,6.508167266845703
2016-08-18,6.4303107261657715
2016-08-19,6.568027019500732
2016-08-20,6.295743942260742
2016-08-21,6.380835056304932
2016-08-22,6.9547648429870605
2016-08-23,7.143712043762207
2016-08-24,6.282223701477051
2016-08-25,5.529257774353027
2016-08-26,5.049883842468262
2016-08-27,4.732416152954102
2016-08-28,4.817842483520508
2016-08-29,5.110896587371826
2016-08-30,4.842358112335205
2016-08-31,4.414176940917969
2016-09-01,4.204294204711914
2016-09-02,4.442548751831055
2016-09-03,4.97674560546875
2016-09-04,5.039223670959473
2016-09-05,4.634886741638184
2016-09-06,4.24603796005249
2016-09-07,3.9631423950195312
2016-09-08,3.7247862815856934
2016-09-09,3.5372657775878906
2016-09-10,3.3743011951446533
2016-09-11,3.253570556640625
2016-09-12,3.1518807411193848
2016-09-13,3.0765128135681152
2016-09-14,3.0052521228790283
2016-09-15,2.9316647052764893
2016-09-16,2.861891746520996
2016-09-17,2.8287954330444336
2016-09-18,2.7990970611572266
2016-09-19,3.8875677585601807
2016-09-20,6.460226058959961
2016-09-21,7.544353485107422
2016-09-22,6.720500469207764
2016-09-23,6.402872085571289
2016-09-24,5.891509532928467
2016-09-25,5.061334133148193
2016-09-26,4.562467098236084
2016-09-27,5.205327033996582
2016-09-28,10.227322578430176
2016-09-29,44.82671356201172
2016-09-30,69.64180755615234
2016-10-01,50.795196533203125
2016-10-02,25.764616012573242
2016-10-03,14.540106773376465
2016-10-04,10.111289978027344
2016-10-05,8.059499740600586
2016-10-06,6.976531028747559
2016-10-07,6.767126560211182
2016-10-08,87.90338897705078
2016-10-09,299.6695251464844
2016-10-10,308.9808349609375
2016-10-11,131.50083923339844
2016-10-12,58.24716567993164
2016-10-13,33.32998275756836
2016-10-14,23.386024475097656
2016-10-15,18.454927444458008
2016-10-16,15.726198196411133
2016-10-17,13.950078964233398
2016-10-18,12.555682182312012
2016-10-19,11.409209251403809
2016-10-20,10.514907836914062
2016-10-21,9.844430923461914
2016-10-22,9.355124473571777
2016-10-23,8.870341300964355
2016-10-24,8.411044120788574
2016-10-25,8.023533821105957
2016-10-26,7.665408611297607
2016-10-27,7.462591171264648
2016-10-28,7.308889389038086
2016-10-29,7.105119705200195
2016-10-30,6.999180316925049
2016-10-31,6.807438850402832
2016-11-01,6.699516773223877
2016-11-02,6.828235626220703
2016-11-03,6.811829566955566
2016-11-04,6.666201114654541
2016-11-05,6.49456262588501
2016-11-06,6.427798271179199
2016-11-07,6.371936798095703
2016-11-08,6.334041118621826
2016-11-09,6.37124490737915
2016-11-10,6.232076168060303
2016-11-11,6.1564459800720215
2016-11-12,6.078249931335449
2016-11-13,6.046818733215332
2016-11-14,6.187275409698486
2016-11-15,6.41273832321167
2016-11-16,6.572274208068848
2016-11-17,6.5469160079956055
2016-11-18,6.511948108673096
2016-11-19,6.521664619445801
2016-11-20,6.403010368347168
2016-11-21,6.179268836975098
2016-11-22,6.126590251922607
2016-11-23,6.1668901443481445
2016-11-24,6.20713996887207
2016-11-25,6.316376686096191
2016-11-26,6.505273342132568
2016-11-27,6.35539436340332
2016-11-28,6.298715591430664
2016-11-29,6.307106971740723
2016-11-30,6.595426082611084
2016-12-01,7.639334678649902
2016-12-02,8.739307403564453
2016-12-03,8.753009796142578
2016-12-04,8.044548034667969
2016-12-05,8.325127601623535
2016-12-06,10.403837203979492
2016-12-07,14.930255889892578
2016-12-08,18.48649024963379
2016-12-09,15.012571334838867
2016-12-10,12.077224731445312
2016-12-11,10.48488712310791
2016-12-12,9.580743789672852
2016-12-13,9.195602416992188
2016-12-14,9.00268840789795
2016-12-15,8.499129295349121
2016-12-16,8.154694557189941
2016-12-17,7.9226579666137695
2016-12-18,7.851589202880859
2016-12-19,7.8927531242370605
2016-12-20,8.18884563446045
2016-12-21,8.208921432495117
2016-12-22,8.04949951171875
2016-12-23,7.8504157066345215
2016-12-24,7.667140960693359
2016-12-25,7.731515884399414
2016-12-26,7.879934787750244
2016-12-27,7.850129127502441
2016-12-28,7.786220550537109
2016-12-29,7.81600284576416
2016-12-30,8.067665100097656
2016-12-31,8.104622840881348
2017-01-01,7.903842926025391
2017-01-02,12.277312278747559
2017-01-03,34.29646682739258
2017-01-04,57.265777587890625
2017-01-05,50.1865348815918
2017-01-06,31.815948486328125
2017-01-07,23.191883087158203
2017-01-08,20.765243530273438
2017-01-09,18.27831268310547
2017-01-10,16.165695190429688
2017-01-11,16.084339141845703
2017-01-12,18.742263793945312
2017-01-13,22.02696990966797
2017-01-14,21.484071731567383
2017-01-15,18.888193130493164
2017-01-16,16.74751091003418
2017-01-17,15.2543306350708
2017-01-18,14.728187561035156
2017-01-19,14.297252655029297
2017-01-20,13.681857109069824
2017-01-21,15.147680282592773
2017-01-22,20.204845428466797
2017-01-23,40.11061096191406
2017-01-24,77.7044677734375
2017-01-25,77.14900207519531
2017-01-26,49.227867126464844
2017-01-27,32.59209442138672
2017-01-28,24.400785446166992
2017-01-29,20.108356475830078
2017-01-30,17.558361053466797
2017-01-31,15.91641902923584
2017-02-01,14.758132934570312
2017-02-02,13.959029197692871
2017-02-03,13.330078125
2017-02-04,12.951725006103516
2017-02-05,12.590048789978027
2017-02-06,12.173678398132324
2017-02-07,11.858808517456055
2017-02-08,11.727317810058594
2017-02-09,12.721461296081543
2017-02-10,14.546845436096191
2017-02-11,14.762940406799316
2017-02-12,13.623357772827148
2017-02-13,12.589274406433105
2017-02-14,11.794866561889648
2017-02-15,11.449470520019531
2017-02-16,11.915180206298828
2017-02-17,12.157862663269043
2017-02-18,11.545319557189941
2017-02-19,11.0238037109375
2017-02-20,10.618627548217773
2017-02-21,10.211808204650879
2017-02-22,10.02210521697998
2017-02-23,9.966431617736816
2017-02-24,10.00184154510498
2017-02-25,9.812112808227539
2017-02-26,9.634937286376953
2017-02-27,9.427345275878906
2017-02-28,9.205113410949707
2017-03-01,9.361331939697266
2017-03-02,12.912087440490723
2017-03-03,17.947776794433594
2017-03-04,17.13412857055664
2017-03-05,14.45700454711914
2017-03-06,12.697809219360352
2017-03-07,11.593354225158691
2017-03-08,10.882339477539062
2017-03-09,10.399467468261719
2017-03-10,9.95216178894043
2017-03-11,9.645185470581055
2017-03-12,9.223512649536133
2017-03-13,8.912200927734375
2017-03-14,10.003389358520508
2017-03-15,12.761717796325684
2017-03-16,13.353143692016602
2017-03-17,12.319178581237793
2017-03-18,11.806087493896484
2017-03-19,12.315759658813477
2017-03-20,12.409207344055176
2017-03-21,11.581140518188477
2017-03-22,10.95065689086914
2017-03-23,10.429047584533691
2017-03-24,9.83687686920166
2017-03-25,9.42761516571045
2017-03-26,9.165894508361816
2017-03-27,9.036277770996094
2017-03-28,9.136917114257812
2017-03-29,9.824846267700195
2017-03-30,10.328046798706055
2017-03-31,11.214629173278809
2017-04-01,15.487102508544922
2017-04-02,18.02564239501953
2017-04-03,15.828091621398926
2017-04-04,18.110057830810547
2017-04-05,24.055219650268555
2017-04-06,28.55994415283203
2017-04-07,31.70832061767578
2017-04-08,27.650894165039062
2017-04-09,20.92747688293457
2017-04-10,16.498563766479492
2017-04-11,13.971925735473633
2017-04-12,12.285181999206543
2017-04-13,11.01742935180664
2017-04-14,10.180499076843262
2017-04-15,9.658769607543945
2017-04-16,9.277671813964844
2017-04-17,8.839496612548828
2017-04-18,8.436651229858398
2017-04-19,8.305383682250977
2017-04-20,8.36378288269043
2017-04-21,8.460794448852539
2017-04-22,8.675024032592773
2017-04-23,12.71611499786377
2017-04-24,63.5516471862793
2017-04-25,268.75396728515625
2017-04-26,399.44012451171875
2017-04-27,267.5008239746094
2017-04-28,126.466552734375
2017-04-29,67.4139633178711
2017-04-30,44.868526458740234
2017-05-01,33.37565612792969
2017-05-02,29.55906867980957
2017-05-03,28.186981201171875
2017-05-04,23.81183624267578
2017-05-05,27.804683685302734
2017-05-06,43.493133544921875
2017-05-07,46.469093322753906
2017-05-08,35.36567687988281
2017-05-09,26.46624755859375
2017-05-10,22.748401641845703
2017-05-11,22.30596923828125
2017-05-12,21.019207000732422
2017-05-13,20.2706298828125
2017-05-14,20.890300750732422
2017-05-15,20.009174346923828
2017-05-16,17.152061462402344
2017-05-17,14.802276611328125
2017-05-18,13.131693840026855
2017-05-19,12.291461944580078
2017-05-20,12.54649543762207
2017-05-21,12.792198181152344
2017-05-22,13.383533477783203
2017-05-23,24.344816207885742
2017-05-24,71.87092590332031
2017-05-25,141.36236572265625
2017-05-26,141.39175415039062
2017-05-27,90.91610717773438
2017-05-28,54.45844650268555
2017-05-29,42.01249313354492
2017-05-30,37.20246887207031
2017-05-31,29.999412536621094
2017-06-01,24.969501495361328
2017-06-02,21.16301918029785
2017-06-03,17.846996307373047
2017-06-04,15.482786178588867
2017-06-05,15.87394905090332
2017-06-06,22.37177848815918
2017-06-07,27.334293365478516
2017-06-08,22.711734771728516
2017-06-09,17.613014221191406
2017-06-10,14.607794761657715
2017-06-11,12.654989242553711
2017-06-12,11.195527076721191
2017-06-13,10.4047212600708
2017-06-14,11.5252685546875
2017-06-15,13.752384185791016
2017-06-16,14.572364807128906
2017-06-17,19.971370697021484
2017-06-18,34.05360412597656
2017-06-19,50.18560028076172
2017-06-20,119.95916748046875
2017-06-21,199.55044555664062
2017-06-22,160.72665405273438
2017-06-23,92.89741516113281
2017-06-24,65.90994262695312
2017-06-25,66.56194305419922
2017-06-26,57.48467254638672
2017-06-27,38.45585250854492
2017-06-28,27.04924964904785
2017-06-29,20.681474685668945
2017-06-30,18.138477325439453
2017-07-01,18.62258529663086
2017-07-02,18.302589416503906
2017-07-03,15.922674179077148
2017-07-04,13.787569999694824
2017-07-05,13.049911499023438
2017-07-06,14.072124481201172
2017-07-07,14.79254150390625
2017-07-08,13.92261791229248
2017-07-09,13.473694801330566
2017-07-10,13.029864311218262
2017-07-11,11.504495620727539
2017-07-12,9.997488021850586
2017-07-13,9.104464530944824
2017-07-14,8.93000602722168
2017-07-15,8.847321510314941
2017-07-16,8.288143157958984
2017-07-17,7.664349555969238
2017-07-18,7.396671295166016
2017-07-19,7.510273456573486
2017-07-20,7.637275695800781
2017-07-21,7.3721113204956055
2017-07-22,6.704068183898926
2017-07-23,6.282383918762207
2017-07-24,6.363459587097168
2017-07-25,6.484805107116699
2017-07-26,6.016778945922852
2017-07-27,5.471417427062988
2017-07-28,5.310090065002441
2017-07-29,5.530936241149902
2017-07-30,5.724416732788086
2017-07-31,5.453843593597412
2017-08-01,4.9823431968688965
2017-08-02,4.62699031829834
2017-08-03,4.405902862548828
2017-08-04,4.28271484375
2017-08-05,4.236989974975586
2017-08-06,4.227329254150391
2017-08-07,4.305784702301025
2017-08-08,5.384173393249512
2017-08-09,7.536859512329102
2017-08-10,8.044628143310547
2017-08-11,6.7109479904174805
2017-08-12,5.9956536293029785
2017-08-13,6.673711776733398
2017-08-14,7.958850860595703
2017-08-15,8.621267318725586
2017-08-16,9.422642707824707
2017-08-17,10.17257308959961
2017-08-18,9.355843544006348
2017-08-19,7.635972023010254
2017-08-20,6.466398239135742
2017-08-21,5.654297351837158
2017-08-22,5.050084590911865
2017-08-23,4.676783561706543
2017-08-24,4.381829738616943
2017-08-25,4.243954181671143
2017-08-26,4.10282039642334
2017-08-27,3.9042470455169678
2017-08-28,3.7112064361572266
2017-08-29,3.7707080841064453
2017-08-30,4.414137840270996
2017-08-31,5.075763702392578
2017-09-01,5.16818904876709
2017-09-02,6.883774757385254
2017-09-03,10.156951904296875
2017-09-04,9.901200294494629
2017-09-05,7.583467960357666
2017-09-06,6.300182819366455
2017-09-07,7.128644943237305
2017-09-08,8.591280937194824
2017-09-09,7.369629859924316
2017-09-10,6.0635294914245605
2017-09-11,5.325730800628662
2017-09-12,5.38657808303833
2017-09-13,6.669105052947998
2017-09-14,7.9792938232421875
2017-09-15,7.289748191833496
2017-09-16,6.357197284698486
2017-09-17,5.584054946899414
2017-09-18,4.9602952003479
2017-09-19,4.494669437408447
2017-09-20,4.168726444244385
2017-09-21,3.947476387023926
2017-09-22,3.8010194301605225
2017-09-23,3.67333984375
2017-09-24,3.5074594020843506
2017-09-25,3.3539438247680664
2017-09-26,3.252887725830078
2017-09-27,3.1923840045928955
2017-09-28,3.0935935974121094
2017-09-29,2.9725887775421143
2017-09-30,2.9026713371276855
2017-10-01,2.8427536487579346
2017-10-02,2.7953548431396484
2017-10-03,2.766397476196289
2017-10-04,2.7377588748931885
2017-10-05,2.7210278511047363
2017-10-06,2.7127156257629395
2017-10-07,2.7192471027374268
2017-10-08,2.951327323913574
2017-10-09,3.379160165786743
2017-10-10,3.9471216201782227
2017-10-11,4.415968418121338
2017-10-12,4.398226261138916
2017-10-13,4.1667070388793945
2017-10-14,4.063789367675781
2017-10-15,3.947995662689209
2017-10-16,3.7316012382507324
2017-10-17,3.6559484004974365
2017-10-18,3.6634342670440674
2017-10-19,3.5466372966766357
2017-10-20,3.435678720474243
2017-10-21,3.348600387573242
2017-10-22,3.2819671630859375
2017-10-23,3.285698652267456
2017-10-24,4.5190839767456055
2017-10-25,7.911636829376221
2017-10-26,8.486559867858887
2017-10-27,6.837148666381836
2017-10-28,5.5472893714904785
2017-10-29,4.865737438201904
2017-10-30,4.636783599853516
2017-10-31,4.498354911804199
2017-11-01,4.335864067077637
2017-11-02,4.259036540985107
2017-11-03,4.109865188598633
2017-11-04,4.03774356842041
2017-11-05,4.135280132293701
2017-11-06,4.318881988525391
2017-11-07,4.258447647094727
2017-11-08,4.285258769989014
2017-11-09,4.621589183807373
2017-11-10,5.403436660766602
2017-11-11,5.987899303436279
2017-11-12,5.687086582183838
2017-11-13,5.620004177093506
2017-11-14,6.465276718139648
2017-11-15,7.203084945678711
2017-11-16,6.732637405395508
2017-11-17,6.096961498260498
2017-11-18,5.683618545532227
2017-11-19,5.483030796051025
2017-11-20,5.259786605834961
2017-11-21,5.173284530639648
2017-11-22,5.162564277648926
2017-11-23,5.060379505157471
2017-11-24,5.029203414916992
2017-11-25,5.042426109313965
2017-11-26,4.963324546813965
2017-11-27,4.853507995605469
2017-11-28,4.872352123260498
2017-11-29,4.85936975479126
2017-11-30,4.831549644470215
2017-12-01,4.81536340713501
2017-12-02,4.743950366973877
2017-12-03,4.798556804656982
2017-12-04,4.864406585693359
2017-12-05,4.869649887084961
2017-12-06,4.92055082321167
2017-12-07,5.201913356781006
2017-12-08,5.670490264892578
2017-12-09,6.847995758056641
2017-12-10,8.80201244354248
2017-12-11,9.62480354309082
2017-12-12,8.978513717651367
2017-12-13,8.012799263000488
2017-12-14,7.243672847747803
2017-12-15,6.623645305633545
2017-12-16,6.271485328674316
2017-12-17,6.098552703857422
2017-12-18,6.039735794067383
2017-12-19,5.9861063957214355
2017-12-20,6.098780155181885
2017-12-21,6.807846546173096
2017-12-22,7.809902191162109
2017-12-23,7.55426025390625
2017-12-24,7.0875139236450195
2017-12-25,6.86904239654541
2017-12-26,6.5606608390808105
2017-12-27,6.175447463989258
2017-12-28,5.9512529373168945
2017-12-29,5.827706813812256
2017-12-30,5.686770439147949
2017-12-31,5.557893753051758
2018-01-01,5.416254043579102
2018-01-02,5.236852645874023
2018-01-03,5.136523723602295
2018-01-04,5.027004241943359
2018-01-05,4.908265113830566
2018-01-06,4.768640995025635
2018-01-07,4.625870704650879
2018-01-08,4.578329086303711
2018-01-09,4.741509914398193
2018-01-10,4.8881378173828125
2018-01-11,4.903862476348877
2018-01-12,5.397543907165527
2018-01-13,9.716428756713867
2018-01-14,19.18133544921875
2018-01-15,18.36652946472168
2018-01-16,13.783945083618164
2018-01-17,11.51439094543457
2018-01-18,12.79743766784668
2018-01-19,14.933564186096191
2018-01-20,13.987305641174316
2018-01-21,13.122699737548828
2018-01-22,12.514412879943848
2018-01-23,13.286994934082031
2018-01-24,16.872413635253906
2018-01-25,18.138809204101562
2018-01-26,14.980969429016113
2018-01-27,12.323324203491211
2018-01-28,12.525218963623047
2018-01-29,27.150720596313477
2018-01-30,53.06664276123047
2018-01-31,54.555179595947266
2018-02-01,36.511985778808594
2018-02-02,25.192352294921875
2018-02-03,20.406856536865234
2018-02-04,22.635730743408203
2018-02-05,39.173213958740234
2018-02-06,49.72711944580078
2018-02-07,40.460975646972656
2018-02-08,47.60097122192383
2018-02-09,59.82128143310547
2018-02-10,43.7647705078125
2018-02-11,33.180938720703125
2018-02-12,32.678550720214844
2018-02-13,32.405670166015625
2018-02-14,27.73036766052246
2018-02-15,23.004188537597656
2018-02-16,19.83193588256836
2018-02-17,17.739521026611328
2018-02-18,16.528932571411133
2018-02-19,16.10007095336914
2018-02-20,15.56847858428955
2018-02-21,15.205896377563477
2018-02-22,14.312562942504883
2018-02-23,13.412508010864258
2018-02-24,12.70472240447998
2018-02-25,12.165037155151367
2018-02-26,11.833436965942383
2018-02-27,11.868463516235352
2018-02-28,11.949817657470703
2018-03-01,12.935572624206543
2018-03-02,18.025920867919922
2018-03-03,21.29998016357422
2018-03-04,18.345773696899414
2018-03-05,15.417620658874512
2018-03-06,14.552066802978516
2018-03-07,19.35527801513672
2018-03-08,25.34775161743164
2018-03-09,23.270509719848633
2018-03-10,19.456077575683594
2018-03-11,16.998937606811523
2018-03-12,23.309913635253906
2018-03-13,43.79869842529297
2018-03-14,52.17418670654297
2018-03-15,39.57012939453125
2018-03-16,28.500715255737305
2018-03-17,22.63715362548828
2018-03-18,19.637775421142578
2018-03-19,18.992568969726562
2018-03-20,22.37688636779785
2018-03-21,39.713134765625
2018-03-22,58.688419342041016
2018-03-23,51.307830810546875
2018-03-24,37.47473907470703
2018-03-25,42.56002426147461
2018-03-26,62.20954132080078
2018-03-27,56.790794372558594
2018-03-28,41.007110595703125
2018-03-29,31.621450424194336
2018-03-30,26.170625686645508
2018-03-31,22.660181045532227
2018-04-01,19.939266204833984
2018-04-02,17.88739013671875
2018-04-03,16.503013610839844
2018-04-04,15.53450870513916
2018-04-05,14.892578125
2018-04-06,14.2198486328125
2018-04-07,14.989531517028809
2018-04-08,22.17386245727539
2018-04-09,29.315235137939453
2018-04-10,25.383819580078125
2018-04-11,20.87848472595215
2018-04-12,17.850051879882812
2018-04-13,15.987692832946777
2018-04-14,14.5543851852417
2018-04-15,14.698732376098633
2018-04-16,33.553531646728516
2018-04-17,60.697296142578125
2018-04-18,55.50197982788086
2018-04-19,37.44987869262695
2018-04-20,26.850290298461914
2018-04-21,21.125465393066406
2018-04-22,17.757020950317383
2018-04-23,16.783214569091797
2018-04-24,31.451871871948242
2018-04-25,87.48070526123047
2018-04-26,133.09149169921875
2018-04-27,111.84004211425781
2018-04-28,87.15191650390625
2018-04-29,68.21759796142578
2018-04-30,46.95348358154297
2018-05-01,33.88191223144531
2018-05-02,27.1879940032959
2018-05-03,23.06111717224121
2018-05-04,20.042179107666016
2018-05-05,17.708145141601562
2018-05-06,16.319311141967773
2018-05-07,16.273807525634766
2018-05-08,15.741308212280273
2018-05-09,14.287209510803223
2018-05-10,13.295988082885742
2018-05-11,12.940918922424316
2018-05-12,12.64931869506836
2018-05-13,12.061107635498047
2018-05-14,11.238512992858887
2018-05-15,10.329581260681152
2018-05-16,10.98369026184082
2018-05-17,15.80333137512207
2018-05-18,38.29899215698242
2018-05-19,78.26347351074219
2018-05-20,90.480224609375
2018-05-21,62.102081298828125
2018-05-22,38.99225616455078
2018-05-23,28.05276870727539
2018-05-24,21.78925895690918
2018-05-25,17.869739532470703
2018-05-26,15.711164474487305
2018-05-27,16.511375427246094
2018-05-28,19.26915740966797
2018-05-29,20.343219757080078
2018-05-30,21.338809967041016
2018-05-31,20.151203155517578
2018-06-01,17.49655532836914
2018-06-02,16.005168914794922
2018-06-03,16.28894805908203
2018-06-04,16.050098419189453
2018-06-05,14.359171867370605
2018-06-06,12.31985855102539
2018-06-07,10.690650939941406
2018-06-08,9.484699249267578
2018-06-09,8.575386047363281
2018-06-10,8.306394577026367
2018-06-11,10.137443542480469
2018-06-12,12.47265911102295
2018-06-13,12.214336395263672
2018-06-14,10.420815467834473
2018-06-15,9.11921501159668
2018-06-16,8.104907989501953
2018-06-17,7.228200912475586
2018-06-18,6.6081390380859375
2018-06-19,6.114438056945801
2018-06-20,5.721906661987305
2018-06-21,5.506137847900391
2018-06-22,5.656641483306885
2018-06-23,6.2308735847473145
2018-06-24,6.726773738861084
2018-06-25,6.225584030151367
2018-06-26,6.054164886474609
2018-06-27,6.889660835266113
2018-06-28,7.193334579467773
2018-06-29,6.23636531829834
2018-06-30,5.33441162109375
2018-07-01,4.721409797668457
2018-07-02,4.2604899406433105
2018-07-03,3.9093642234802246
2018-07-04,3.7103309631347656
2018-07-05,3.6586763858795166
2018-07-06,3.906938076019287
2018-07-07,4.775556564331055
2018-07-08,5.757711887359619
2018-07-09,5.460352897644043
2018-07-10,4.602143287658691
2018-07-11,4.001961708068848
2018-07-12,3.6278271675109863
2018-07-13,3.372504711151123
2018-07-14,3.156383991241455
2018-07-15,2.9506282806396484
2018-07-16,2.7925775051116943
2018-07-17,2.7708325386047363
2018-07-18,2.878582239151001
2018-07-19,2.8217763900756836
2018-07-20,2.6270265579223633
2018-07-21,2.458946704864502
2018-07-22,2.9489364624023438
2018-07-23,5.191557884216309
2018-07-24,8.627859115600586
2018-07-25,10.146702766418457
2018-07-26,12.047021865844727
2018-07-27,12.278374671936035
2018-07-28,8.680091857910156
2018-07-29,5.981474876403809
2018-07-30,4.9831743240356445
2018-07-31,5.837161540985107
2018-08-01,11.11827278137207
2018-08-02,34.938533782958984
2018-08-03,100.22586822509766
2018-08-04,129.8407745361328
2018-08-05,90.19715881347656
2018-08-06,43.679718017578125
2018-08-07,23.270509719848633
2018-08-08,22.4694766998291
2018-08-09,35.26139831542969
2018-08-10,37.501441955566406
2018-08-11,26.235183715820312
2018-08-12,21.090606689453125
2018-08-13,22.29692268371582
2018-08-14,23.586591720581055
2018-08-15,20.720727920532227
2018-08-16,15.664508819580078
2018-08-17,11.80080795288086
2018-08-18,9.676342010498047
2018-08-19,9.922208786010742
2018-08-20,15.935912132263184
2018-08-21,24.957794189453125
2018-08-22,27.856088638305664
2018-08-23,23.495380401611328
2018-08-24,17.11946678161621
2018-08-25,12.439035415649414
2018-08-26,9.802886962890625
2018-08-27,8.300643920898438
2018-08-28,7.35161828994751
2018-08-29,7.249456405639648
2018-08-30,7.667964935302734
2018-08-31,8.66321086883545
2018-09-01,11.774142265319824
2018-09-02,15.228283882141113
2018-09-03,15.2559814453125
2018-09-04,12.372020721435547
2018-09-05,10.012181282043457
2018-09-06,8.401498794555664
2018-09-07,7.173585891723633
2018-09-08,6.452497482299805
2018-09-09,6.485957145690918
2018-09-10,7.689401149749756
2018-09-11,9.317988395690918
2018-09-12,10.918581008911133
2018-09-13,12.344021797180176
2018-09-14,12.16234016418457
2018-09-15,17.912090301513672
2018-09-16,84.33926391601562
2018-09-17,408.1839599609375
2018-09-18,652.8919067382812
2018-09-19,398.704345703125
2018-09-20,172.33908081054688
2018-09-21,81.65259552001953
2018-09-22,48.944175720214844
2018-09-23,34.6771125793457
2018-09-24,27.451480865478516
2018-09-25,23.20964241027832
2018-09-26,20.5699462890625
2018-09-27,19.722118377685547
2018-09-28,20.3173770904541
2018-09-29,20.588180541992188
2018-09-30,19.119171142578125
2018-10-01,16.958396911621094
2018-10-02,15.132532119750977
2018-10-03,13.860016822814941
2018-10-04,12.894576072692871
2018-10-05,12.050718307495117
2018-10-06,11.982069969177246
2018-10-07,12.990106582641602
2018-10-08,12.887301445007324
2018-10-09,12.017379760742188
2018-10-10,11.811995506286621
2018-10-11,60.074649810791016
2018-10-12,213.00833129882812
2018-10-13,301.3858947753906
2018-10-14,156.68023681640625
2018-10-15,75.21525573730469
2018-10-16,46.32459259033203
2018-10-17,34.81767654418945
2018-10-18,29.225048065185547
2018-10-19,25.25595474243164
2018-10-20,22.17159080505371
2018-10-21,20.351287841796875
2018-10-22,18.964738845825195
2018-10-23,17.504955291748047
2018-10-24,16.286972045898438
2018-10-25,15.386157035827637
2018-10-26,27.402931213378906
2018-10-27,82.52169799804688
2018-10-28,122.78565979003906
2018-10-29,89.61131286621094
2018-10-30,55.79149627685547
2018-10-31,38.10026168823242
2018-11-01,29.537433624267578
2018-11-02,25.530269622802734
2018-11-03,25.59891128540039
2018-11-04,27.17031478881836
2018-11-05,46.68366241455078
2018-11-06,93.49383544921875
2018-11-07,105.54994201660156
2018-11-08,75.4313735961914
2018-11-09,52.298004150390625
2018-11-10,50.16384506225586
2018-11-11,55.5943603515625
2018-11-12,80.6702651977539
2018-11-13,263.78033447265625
2018-11-14,412.28240966796875
2018-11-15,354.58782958984375
2018-11-16,326.56787109375
2018-11-17,257.0929260253906
2018-11-18,142.81089782714844
2018-11-19,83.82572937011719
2018-11-20,59.52983474731445
2018-11-21,47.39691925048828
2018-11-22,39.78797149658203
2018-11-23,35.07109069824219
2018-11-24,42.23107147216797
2018-11-25,69.49288940429688
2018-11-26,78.25883483886719
2018-11-27,58.10639953613281
2018-11-28,44.73653030395508
2018-11-29,37.067527770996094
2018-11-30,31.842227935791016
2018-12-01,30.067279815673828
2018-12-02,31.477020263671875
2018-12-03,34.32350158691406
2018-12-04,34.17363357543945
2018-12-05,30.611309051513672
2018-12-06,27.655473709106445
2018-12-07,25.4998836517334
2018-12-08,23.830257415771484
2018-12-09,39.173336029052734
2018-12-10,103.83821105957031
2018-12-11,149.77426147460938
2018-12-12,112.97274017333984
2018-12-13,75.34870910644531
2018-12-14,65.24916076660156
2018-12-15,96.94174194335938
2018-12-16,136.32205200195312
2018-12-17,122.81351470947266
2018-12-18,83.32395935058594
2018-12-19,58.45463562011719
2018-12-20,59.85682678222656
2018-12-21,156.48135375976562
2018-12-22,252.28636169433594
2018-12-23,180.13841247558594
2018-12-24,104.35479736328125
2018-12-25,69.67891693115234
2018-12-26,52.26264190673828
2018-12-27,43.26127243041992
2018-12-28,57.66816711425781
2018-12-29,129.77490234375
2018-12-30,168.10638427734375
2018-12-31,116.22494506835938
2019-01-01,84.1778335571289
2019-01-02,70.95933532714844
2019-01-03,63.87690353393555
2019-01-04,77.23530578613281
2019-01-05,100.5296630859375
2019-01-06,97.07174682617188
2019-01-07,71.2087631225586
2019-01-08,54.259429931640625
2019-01-09,44.78179168701172
2019-01-10,39.158531188964844
2019-01-11,35.46467208862305
2019-01-12,32.510684967041016
2019-01-13,38.58051300048828
2019-01-14,59.04473876953125
2019-01-15,68.22245788574219
2019-01-16,57.409542083740234
2019-01-17,47.925010681152344
2019-01-18,43.62153244018555
2019-01-19,41.32952880859375
2019-01-20,55.28434753417969
2019-01-21,75.44756317138672
2019-01-22,65.80636596679688
2019-01-23,50.43021774291992
2019-01-24,73.25955200195312
2019-01-25,131.15826416015625
2019-01-26,128.0908966064453
2019-01-27,84.7633285522461
2019-01-28,60.52769470214844
2019-01-29,49.48101806640625
2019-01-30,45.402992248535156
2019-01-31,42.23175048828125
2019-02-01,37.48600769042969
2019-02-02,33.564666748046875
2019-02-03,30.89773941040039
2019-02-04,29.36040687561035
2019-02-05,28.084077835083008
2019-02-06,27.282211303710938
2019-02-07,26.6680850982666
2019-02-08,26.11258888244629
2019-02-09,25.38629722595215
2019-02-10,24.25628089904785
2019-02-11,23.34964370727539
2019-02-12,24.421358108520508
2019-02-13,31.83867073059082
2019-02-14,39.233768463134766
2019-02-15,36.079402923583984
2019-02-16,34.985660552978516
2019-02-17,44.4015998840332
2019-02-18,95.55509948730469
2019-02-19,142.31776428222656
2019-02-20,124.16619873046875
2019-02-21,121.82257080078125
2019-02-22,164.80023193359375
2019-02-23,292.52984619140625
2019-02-24,438.33270263671875
2019-02-25,355.4036865234375
2019-02-26,195.85545349121094
2019-02-27,109.09892272949219
2019-02-28,76.82005310058594
2019-03-01,68.56681060791016
2019-03-02,87.95640563964844
2019-03-03,102.81680297851562
2019-03-04,107.51124572753906
2019-03-05,116.9539794921875
2019-03-06,94.77461242675781
2019-03-07,73.02159118652344
2019-03-08,57.92856216430664
2019-03-09,50.76116943359375
2019-03-10,47.773094177246094
2019-03-11,47.444522857666016
2019-03-12,46.405696868896484
2019-03-13,41.33941650390625
2019-03-14,37.032127380371094
2019-03-15,35.90740203857422
2019-03-16,38.1286506652832
2019-03-17,39.3287239074707
2019-03-18,35.67495346069336
2019-03-19,32.441829681396484
2019-03-20,30.299081802368164
2019-03-21,53.36893844604492
2019-03-22,98.32868957519531
2019-03-23,100.87860107421875
2019-03-24,69.18919372558594
2019-03-25,50.619178771972656
2019-03-26,44.24885559082031
2019-03-27,41.0379753112793
2019-03-28,36.70295715332031
2019-03-29,33.00739669799805
2019-03-30,31.1871395111084
2019-03-31,29.858476638793945
2019-04-01,28.547767639160156
2019-04-02,27.320484161376953
2019-04-03,26.980283737182617
2019-04-04,26.327512741088867
2019-04-05,28.33737564086914
2019-04-06,39.079463958740234
2019-04-07,47.45286560058594
2019-04-08,45.493247985839844
2019-04-09,58.06740951538086
2019-04-10,70.94996643066406
2019-04-11,62.295799255371094
2019-04-12,73.13436889648438
2019-04-13,224.8428497314453
2019-04-14,319.80615234375
2019-04-15,247.55487060546875
2019-04-16,148.94091796875
2019-04-17,88.69834899902344
2019-04-18,61.64984130859375
2019-04-19,71.45918273925781
2019-04-20,107.65730285644531
2019-04-21,102.36268615722656
2019-04-22,69.16477966308594
2019-04-23,51.042118072509766
2019-04-24,41.383941650390625
2019-04-25,35.84654235839844
2019-04-26,34.32734680175781
2019-04-27,34.709869384765625
2019-04-28,32.36042785644531
2019-04-29,29.10108184814453
2019-04-30,26.843433380126953
2019-05-01,25.01607894897461
2019-05-02,23.488590240478516
2019-05-03,22.063566207885742
2019-05-04,21.195716857910156
2019-05-05,22.073060989379883
2019-05-06,24.69635581970215
2019-05-07,25.123260498046875
2019-05-08,22.34208106994629
2019-05-09,20.214618682861328
2019-05-10,18.78306770324707
2019-05-11,17.897796630859375
2019-05-12,18.508747100830078
2019-05-13,21.10626792907715
2019-05-14,23.381793975830078
2019-05-15,21.931604385375977
2019-05-16,19.24421501159668
2019-05-17,17.49042320251465
2019-05-18,16.31345558166504
2019-05-19,15.306339263916016
2019-05-20,14.361478805541992
2019-05-21,13.55942153930664
2019-05-22,12.850769996643066
2019-05-23,12.382837295532227
2019-05-24,12.639078140258789
2019-05-25,12.915404319763184
2019-05-26,12.277298927307129
2019-05-27,11.793466567993164
2019-05-28,11.244132995605469
2019-05-29,10.57734489440918
2019-05-30,10.094173431396484
2019-05-31,10.01127815246582
2019-06-01,10.581113815307617
2019-06-02,11.203718185424805
2019-06-03,10.680042266845703
2019-06-04,9.934255599975586
2019-06-05,9.347043991088867
2019-06-06,9.324112892150879
2019-06-07,10.407670974731445
2019-06-08,22.490325927734375
2019-06-09,66.06753540039062
2019-06-10,99.75321197509766
2019-06-11,81.5928726196289
2019-06-12,54.79024124145508
2019-06-13,45.42342758178711
2019-06-14,64.99332427978516
2019-06-15,60.04835510253906
2019-06-16,38.110008239746094
2019-06-17,25.74980926513672
2019-06-18,20.983970642089844
2019-06-19,28.36441993713379
2019-06-20,49.63175582885742
2019-06-21,56.283546447753906
2019-06-22,44.0637092590332
2019-06-23,29.861431121826172
2019-06-24,23.43752670288086
2019-06-25,19.559825897216797
2019-06-26,16.558351516723633
2019-06-27,14.718262672424316
2019-06-28,13.215165138244629
2019-06-29,12.119473457336426
2019-06-30,11.458826065063477
2019-07-01,10.981598854064941
2019-07-02,10.399500846862793
2019-07-03,9.867692947387695
2019-07-04,9.77046012878418
2019-07-05,10.130541801452637
2019-07-06,10.69302749633789
2019-07-07,11.68891429901123
2019-07-08,14.138416290283203
2019-07-09,16.029050827026367
2019-07-10,14.608898162841797
2019-07-11,12.325662612915039
2019-07-12,11.07948112487793
2019-07-13,10.644591331481934
2019-07-14,9.925943374633789
2019-07-15,9.004011154174805
2019-07-16,8.26912784576416
2019-07-17,7.775214195251465
2019-07-18,7.519381523132324
2019-07-19,7.357519626617432
2019-07-20,7.311877250671387
2019-07-21,7.192192077636719
2019-07-22,7.049497127532959
2019-07-23,10.247715950012207
2019-07-24,22.969745635986328
2019-07-25,30.98615074157715
2019-07-26,21.315811157226562
2019-07-27,14.154333114624023
2019-07-28,11.01014232635498
2019-07-29,9.369471549987793
2019-07-30,8.338339805603027
2019-07-31,7.684646129608154
2019-08-01,7.873846054077148
2019-08-02,10.384469032287598
2019-08-03,14.711771011352539
2019-08-04,15.394451141357422
2019-08-05,12.771220207214355
2019-08-06,11.077838897705078
2019-08-07,10.814102172851562
2019-08-08,11.504008293151855
2019-08-09,11.15254020690918
2019-08-10,9.489767074584961
2019-08-11,8.104777336120605
2019-08-12,7.310359001159668
2019-08-13,7.060402870178223
2019-08-14,7.6813063621521
2019-08-15,8.449079513549805
2019-08-16,8.376635551452637
2019-08-17,8.40041446685791
2019-08-18,9.167359352111816
2019-08-19,9.28972053527832
2019-08-20,8.769012451171875
2019-08-21,9.009978294372559
2019-08-22,9.523109436035156
2019-08-23,10.343583106994629
2019-08-24,11.464774131774902
2019-08-25,17.043256759643555
2019-08-26,21.555070877075195
2019-08-27,15.788554191589355
2019-08-28,11.342835426330566
2019-08-29,9.433289527893066
2019-08-30,8.299100875854492
2019-08-31,7.421913146972656
2019-09-01,6.764791965484619
2019-09-02,6.232964038848877
2019-09-03,5.856809616088867
2019-09-04,5.564550876617432
2019-09-05,5.339695930480957
2019-09-06,5.30671501159668
2019-09-07,5.289680480957031
2019-09-08,5.1001081466674805
2019-09-09,4.883519172668457
2019-09-10,4.696084499359131
2019-09-11,4.609194755554199
2019-09-12,4.518068790435791
2019-09-13,4.417834281921387
2019-09-14,4.45983362197876
2019-09-15,4.566405296325684
2019-09-16,4.463651180267334
2019-09-17,4.288848400115967
2019-09-18,4.127535343170166
2019-09-19,4.106910705566406
2019-09-20,4.024989128112793
2019-09-21,3.929450750350952
2019-09-22,3.9059507846832275
2019-09-23,3.8316173553466797
2019-09-24,3.7107133865356445
2019-09-25,3.58854341506958
2019-09-26,3.5465893745422363
2019-09-27,3.523749589920044
2019-09-28,3.5270416736602783
2019-09-29,3.7710328102111816
2019-09-30,4.112490653991699
2019-10-01,4.132804870605469
2019-10-02,4.013666152954102
2019-10-03,3.7821872234344482
2019-10-04,3.5478715896606445
2019-10-05,3.4503514766693115
2019-10-06,3.633419990539551
2019-10-07,3.691239595413208
2019-10-08,3.597221612930298
2019-10-09,3.5424749851226807
2019-10-10,3.4488468170166016
2019-10-11,3.337841033935547
2019-10-12,3.307173728942871
2019-10-13,3.418342351913452
2019-10-14,3.72448468208313
2019-10-15,3.9914045333862305
2019-10-16,4.056422233581543
2019-10-17,4.859865188598633
2019-10-18,5.796004295349121
2019-10-19,5.281229496002197
2019-10-20,6.1639580726623535
2019-10-21,11.36397933959961
2019-10-22,15.19789981842041
2019-10-23,13.18136978149414
2019-10-24,11.994372367858887
2019-10-25,9.333230972290039
2019-10-26,7.5467448234558105
2019-10-27,6.563038349151611
2019-10-28,6.296814918518066
2019-10-29,6.301419258117676
2019-10-30,6.1516804695129395
2019-10-31,9.002859115600586
2019-11-01,24.45187759399414
2019-11-02,35.52009963989258
2019-11-03,24.501352310180664
2019-11-04,15.307211875915527
2019-11-05,11.498851776123047
2019-11-06,9.739665985107422
2019-11-07,8.531869888305664
2019-11-08,8.02603816986084
2019-11-09,7.969396114349365
2019-11-10,7.91879415512085
2019-11-11,7.636385917663574
2019-11-12,7.678884983062744
2019-11-13,9.126797676086426
2019-11-14,10.711420059204102
2019-11-15,9.956177711486816
2019-11-16,9.087358474731445
2019-11-17,8.388595581054688
2019-11-18,7.929501056671143
2019-11-19,8.219278335571289
2019-11-20,8.81351375579834
2019-11-21,8.513137817382812
2019-11-22,8.133584976196289
2019-11-23,8.70138931274414
2019-11-24,13.953604698181152
2019-11-25,22.25455665588379
2019-11-26,20.535703659057617
2019-11-27,16.031112670898438
2019-11-28,14.194652557373047
2019-11-29,13.775382041931152
2019-11-30,12.702323913574219
2019-12-01,20.20144271850586
2019-12-02,47.039127349853516
2019-12-03,55.10459899902344
2019-12-04,36.23781204223633
2019-12-05,23.4599552154541
2019-12-06,17.811954498291016
2019-12-07,15.125225067138672
2019-12-08,13.326053619384766
2019-12-09,12.353433609008789
2019-12-10,11.932300567626953
2019-12-11,13.533698081970215
2019-12-12,16.67926597595215
2019-12-13,20.96242332458496
2019-12-14,43.754364013671875
2019-12-15,73.56273651123047
2019-12-16,63.549495697021484
2019-12-17,42.13913345336914
2019-12-18,37.529991149902344
2019-12-19,37.700439453125
2019-12-20,29.442005157470703
2019-12-21,23.012344360351562
2019-12-22,19.704126358032227
2019-12-23,18.207197189331055
2019-12-24,18.949962615966797
2019-12-25,19.853384017944336
2019-12-26,18.316696166992188
2019-12-27,16.704669952392578
2019-12-28,15.634214401245117
2019-12-29,15.017084121704102
2019-12-30,15.965106010437012
2019-12-31,17.83224868774414
2020-01-01,17.431884765625
2020-01-02,16.001209259033203
2020-01-03,20.964557647705078
2020-01-04,62.623321533203125
2020-01-05,97.75360107421875
2020-01-06,75.78236389160156
2020-01-07,47.480010986328125
2020-01-08,35.68687057495117
2020-01-09,30.48983383178711
2020-01-10,25.350311279296875
2020-01-11,22.05315399169922
2020-01-12,23.053953170776367
2020-01-13,35.198081970214844
2020-01-14,57.339839935302734
2020-01-15,76.98615264892578
2020-01-16,72.04463958740234
2020-01-17,50.002967834472656
2020-01-18,35.643924713134766
2020-01-19,29.01990509033203
2020-01-20,26.051971435546875
2020-01-21,24.007444381713867
2020-01-22,21.87769317626953
2020-01-23,20.00045394897461
2020-01-24,19.43026351928711
2020-01-25,53.41883850097656
2020-01-26,104.98158264160156
2020-01-27,94.23770141601562
2020-01-28,60.2345085144043
2020-01-29,41.80946731567383
2020-01-30,32.429283142089844
2020-01-31,28.012344360351562
2020-02-01,29.17922592163086
2020-02-02,32.933658599853516
2020-02-03,31.5574951171875
2020-02-04,27.491254806518555
2020-02-05,25.328632354736328
2020-02-06,82.18824005126953
2020-02-07,415.38958740234375
2020-02-08,609.9705810546875
2020-02-09,294.1315612792969
2020-02-10,133.87535095214844
2020-02-11,91.8800048828125
2020-02-12,113.10289001464844
2020-02-13,143.11370849609375
2020-02-14,151.867919921875
2020-02-15,130.50880432128906
2020-02-16,86.72213745117188
2020-02-17,59.930137634277344
2020-02-18,47.094993591308594
2020-02-19,42.114280700683594
2020-02-20,43.62084197998047
2020-02-21,46.19383239746094
2020-02-22,43.9005012512207
2020-02-23,37.74958038330078
2020-02-24,34.247650146484375
2020-02-25,36.26594924926758
2020-02-26,46.590362548828125
2020-02-27,51.23906707763672
2020-02-28,43.12347412109375
2020-02-29,36.215728759765625
2020-03-01,31.827739715576172
2020-03-02,28.776609420776367
2020-03-03,27.79507064819336
2020-03-04,27.82957649230957
2020-03-05,27.796052932739258
2020-03-06,26.41564178466797
2020-03-07,25.0631103515625
2020-03-08,23.55735969543457
2020-03-09,22.358863830566406
2020-03-10,21.948637008666992
2020-03-11,21.51781463623047
2020-03-12,20.998836517333984
2020-03-13,20.567651748657227
2020-03-14,20.622644424438477
2020-03-15,20.590309143066406
2020-03-16,19.790746688842773
2020-03-17,19.144439697265625
2020-03-18,18.914077758789062
2020-03-19,18.744462966918945
2020-03-20,18.64642333984375
2020-03-21,19.104473114013672
2020-03-22,20.284183502197266
2020-03-23,22.144290924072266
2020-03-24,27.88638687133789
2020-03-25,56.23308181762695
2020-03-26,91.71977996826172
2020-03-27,87.69044494628906
2020-03-28,57.634639739990234
2020-03-29,40.0364990234375
2020-03-30,31.529081344604492
2020-03-31,26.835773468017578
2020-04-01,24.5352783203125
2020-04-02,23.66250228881836
2020-04-03,22.15123748779297
2020-04-04,20.611635208129883
2020-04-05,19.38652992248535
2020-04-06,18.556217193603516
2020-04-07,18.0444393157959
2020-04-08,17.651206970214844
2020-04-09,17.4171142578125
2020-04-10,17.691944122314453
2020-04-11,17.420066833496094
2020-04-12,16.422344207763672
2020-04-13,28.326478958129883
2020-04-14,49.2238655090332
2020-04-15,47.00531768798828
2020-04-16,32.910579681396484
2020-04-17,25.013641357421875
2020-04-18,21.797597885131836
2020-04-19,21.043495178222656
2020-04-20,21.785341262817383
2020-04-21,25.3978328704834
2020-04-22,26.503005981445312
2020-04-23,22.95783805847168
2020-04-24,20.912506103515625
2020-04-25,20.637962341308594
2020-04-26,20.98787498474121
2020-04-27,22.16992950439453
2020-04-28,21.30849838256836
2020-04-29,18.705970764160156
2020-04-30,38.3328857421875
2020-05-01,90.36686706542969
2020-05-02,102.09394073486328
2020-05-03,66.29364013671875
2020-05-04,42.535369873046875
2020-05-05,30.524240493774414
2020-05-06,24.641002655029297
2020-05-07,22.520206451416016
2020-05-08,20.545303344726562
2020-05-09,18.88831329345703
2020-05-10,17.657777786254883
2020-05-11,16.48352813720703
2020-05-12,15.567899703979492
2020-05-13,14.698204040527344
2020-05-14,14.15954875946045
2020-05-15,13.650456428527832
2020-05-16,12.982322692871094
2020-05-17,12.261045455932617
2020-05-18,11.598319053649902
2020-05-19,13.615095138549805
2020-05-20,43.53766632080078
2020-05-21,165.44509887695312
2020-05-22,310.33734130859375
2020-05-23,316.7655944824219
2020-05-24,189.6252899169922
2020-05-25,111.84455108642578
2020-05-26,97.2828369140625
2020-05-27,94.07717895507812
2020-05-28,93.86851501464844
2020-05-29,120.62095642089844
2020-05-30,111.30022430419922
2020-05-31,79.53938293457031
2020-06-01,54.89841842651367
2020-06-02,40.109718322753906
2020-06-03,31.59164810180664
2020-06-04,26.597270965576172
2020-06-05,23.115646362304688
2020-06-06,21.649765014648438
2020-06-07,22.913368225097656
2020-06-08,23.064136505126953
2020-06-09,20.04244613647461
2020-06-10,17.922515869140625
2020-06-11,18.551090240478516
2020-06-12,23.947416305541992
2020-06-13,25.243860244750977
2020-06-14,20.659738540649414
2020-06-15,17.98790740966797
2020-06-16,22.55303955078125
2020-06-17,39.76761245727539
2020-06-18,56.75436782836914
2020-06-19,56.445560455322266
2020-06-20,48.539405822753906
2020-06-21,42.49041748046875
2020-06-22,33.495155334472656
2020-06-23,25.55294418334961
2020-06-24,20.71703338623047
2020-06-25,17.965946197509766
2020-06-26,16.112783432006836
2020-06-27,14.879651069641113
2020-06-28,13.731732368469238
2020-06-29,13.248821258544922
2020-06-30,13.387046813964844
2020-07-01,13.259517669677734
2020-07-02,12.839573860168457
2020-07-03,12.24492073059082
2020-07-04,11.508468627929688
2020-07-05,10.825416564941406
2020-07-06,10.484427452087402
2020-07-07,10.261723518371582
2020-07-08,10.13284683227539
2020-07-09,10.635124206542969
2020-07-10,11.152848243713379
2020-07-11,11.440227508544922
2020-07-12,11.979754447937012
2020-07-13,11.597142219543457
2020-07-14,10.371003150939941
2020-07-15,9.289520263671875
2020-07-16,8.566600799560547
2020-07-17,8.537296295166016
2020-07-18,9.974897384643555
2020-07-19,11.968330383300781
2020-07-20,11.929117202758789
2020-07-21,10.269107818603516
2020-07-22,8.912367820739746
2020-07-23,8.6428861618042
2020-07-24,12.142183303833008
2020-07-25,19.635007858276367
2020-07-26,19.68874740600586
2020-07-27,14.81059455871582
2020-07-28,11.255230903625488
2020-07-29,9.950397491455078
2020-07-30,10.097463607788086
2020-07-31,10.423511505126953
2020-08-01,9.896867752075195
2020-08-02,9.24804401397705
2020-08-03,9.184751510620117
2020-08-04,21.306425094604492
2020-08-05,29.293031692504883
2020-08-06,26.533878326416016
2020-08-07,29.522823333740234
2020-08-08,36.2471809387207
2020-08-09,32.22320556640625
2020-08-10,23.643293380737305
2020-08-11,17.445533752441406
2020-08-12,14.204891204833984
2020-08-13,12.072286605834961
2020-08-14,12.521082878112793
2020-08-15,20.107261657714844
2020-08-16,38.26852798461914
2020-08-17,50.97467041015625
2020-08-18,42.74612808227539
2020-08-19,29.95066261291504
2020-08-20,20.857891082763672
2020-08-21,16.90201187133789
2020-08-22,18.049694061279297
2020-08-23,20.762197494506836
2020-08-24,19.013816833496094
2020-08-25,15.107467651367188
2020-08-26,12.564518928527832
2020-08-27,10.860231399536133
2020-08-28,9.718017578125
2020-08-29,8.984426498413086
2020-08-30,8.491740226745605
2020-08-31,8.928009033203125
2020-09-01,13.444313049316406
2020-09-02,21.025283813476562
2020-09-03,19.293306350708008
2020-09-04,14.383417129516602
2020-09-05,11.110437393188477
2020-09-06,9.292829513549805
2020-09-07,8.186726570129395
2020-09-08,7.527178764343262
2020-09-09,7.220058441162109
2020-09-10,7.339720726013184
2020-09-11,7.907031059265137
2020-09-12,8.754408836364746
2020-09-13,9.170722007751465
2020-09-14,8.668598175048828
2020-09-15,7.839575290679932
2020-09-16,7.247748374938965
2020-09-17,8.37924575805664
2020-09-18,29.910114288330078
2020-09-19,56.28262710571289
2020-09-20,42.57561111450195
2020-09-21,25.231285095214844
2020-09-22,16.941171646118164
2020-09-23,13.126653671264648
2020-09-24,11.309026718139648
2020-09-25,14.055778503417969
2020-09-26,28.66421127319336
2020-09-27,39.56480407714844
2020-09-28,30.072961807250977
2020-09-29,22.104297637939453
2020-09-30,27.673526763916016
2020-10-01,35.569366455078125
2020-10-02,29.674802780151367
2020-10-03,21.643695831298828
2020-10-04,16.83831024169922
2020-10-05,14.212509155273438
2020-10-06,12.628850936889648
2020-10-07,11.499397277832031
2020-10-08,10.665425300598145
2020-10-09,10.00484561920166
2020-10-10,10.233234405517578
2020-10-11,20.564029693603516
2020-10-12,51.75623321533203
2020-10-13,67.11312866210938
2020-10-14,50.14769744873047
2020-10-15,32.362274169921875
2020-10-16,24.47925567626953
2020-10-17,23.36688995361328
2020-10-18,21.885112762451172
2020-10-19,18.410350799560547
2020-10-20,15.946767807006836
2020-10-21,14.47182846069336
2020-10-22,13.52549934387207
2020-10-23,12.875102996826172
2020-10-24,12.243853569030762
2020-10-25,12.192461013793945
2020-10-26,16.094104766845703
2020-10-27,22.004444122314453
2020-10-28,19.256572723388672
2020-10-29,17.872074127197266
2020-10-30,25.31604766845703
2020-10-31,34.31839370727539
2020-11-01,32.2261962890625
2020-11-02,32.258060455322266
2020-11-03,31.802017211914062
2020-11-04,25.352855682373047
2020-11-05,20.707260131835938
2020-11-06,18.17936897277832
2020-11-07,16.681842803955078
2020-11-08,15.708706855773926
2020-11-09,14.866018295288086
2020-11-10,14.18832015991211
2020-11-11,15.236953735351562
2020-11-12,114.35189819335938
2020-11-13,340.9175720214844
2020-11-14,335.4786376953125
2020-11-15,161.74229431152344
2020-11-16,80.31602478027344
2020-11-17,50.93328094482422
2020-11-18,37.885005950927734
2020-11-19,31.009178161621094
2020-11-20,26.93392562866211
2020-11-21,24.466012954711914
2020-11-22,22.673778533935547
2020-11-23,21.382680892944336
2020-11-24,20.340286254882812
2020-11-25,19.482807159423828
2020-11-26,19.000892639160156
2020-11-27,19.138446807861328
2020-11-28,19.64858627319336
2020-11-29,18.719104766845703
2020-11-30,38.752506256103516
2020-12-01,94.45065307617188
2020-12-02,108.71429443359375
2020-12-03,68.12784576416016
2020-12-04,44.47481155395508
2020-12-05,43.97351837158203
2020-12-06,60.42695999145508
2020-12-07,59.891597747802734
2020-12-08,46.9661750793457
2020-12-09,37.77779006958008
2020-12-10,31.55601692199707
2020-12-11,27.634033203125
2020-12-12,25.31356430053711
2020-12-13,23.840848922729492
2020-12-14,45.426815032958984
2020-12-15,101.35944366455078
2020-12-16,130.06593322753906
2020-12-17,124.4468002319336
2020-12-18,112.18512725830078
2020-12-19,79.50191497802734
2020-12-20,59.830665588378906
2020-12-21,60.598731994628906
2020-12-22,60.31019592285156
2020-12-23,48.30214309692383
2020-12-24,45.96705627441406
2020-12-25,98.7602767944336
2020-12-26,137.35043334960938
2020-12-27,97.10445404052734
2020-12-28,63.361663818359375
2020-12-29,47.605716705322266
2020-12-30,39.39720153808594
2020-12-31,34.66392517089844
2021-01-01,32.085731506347656
2021-01-02,38.06980514526367
2021-01-03,63.20104217529297
2021-01-04,83.08335876464844
2021-01-05,73.48828887939453
2021-01-06,53.017494201660156
2021-01-07,41.76314926147461
2021-01-08,37.907684326171875
2021-01-09,41.970977783203125
2021-01-10,43.869720458984375
2021-01-11,37.879913330078125
2021-01-12,33.563560485839844
2021-01-13,30.98421859741211
2021-01-14,28.664459228515625
2021-01-15,27.478424072265625
2021-01-16,27.20520782470703
2021-01-17,26.776151657104492
2021-01-18,25.238269805908203
2021-01-19,23.912569046020508
2021-01-20,22.97003936767578
2021-01-21,22.141754150390625
2021-01-22,21.632495880126953
2021-01-23,21.34063720703125
2021-01-24,20.79741668701172
2021-01-25,21.689659118652344
2021-01-26,33.834373474121094
2021-01-27,55.834205627441406
2021-01-28,72.8193588256836
2021-01-29,77.23593139648438
2021-01-30,62.934906005859375
2021-01-31,52.38873291015625
2021-02-01,60.2973518371582
2021-02-02,65.59838104248047
2021-02-03,53.6995849609375
2021-02-04,42.69134521484375
2021-02-05,36.304622650146484
2021-02-06,33.172855377197266
2021-02-07,40.75092697143555
2021-02-08,57.09454345703125
2021-02-09,57.33841323852539
2021-02-10,46.2159538269043
2021-02-11,45.304054260253906
2021-02-12,65.68667602539062
2021-02-13,100.83094024658203
2021-02-14,136.3247528076172
2021-02-15,156.3088836669922
2021-02-16,175.2356719970703
2021-02-17,208.6018829345703
2021-02-18,177.5357666015625
2021-02-19,161.63478088378906
2021-02-20,173.85189819335938
2021-02-21,136.6433868408203
2021-02-22,97.22108459472656
2021-02-23,86.86686706542969
2021-02-24,81.91290283203125
2021-02-25,66.17619323730469
2021-02-26,57.48387145996094
2021-02-27,64.37693786621094
2021-02-28,76.31781768798828
2021-03-01,80.00706481933594
2021-03-02,95.1845703125
2021-03-03,94.8935317993164
2021-03-04,69.06353759765625
2021-03-05,54.33491134643555
2021-03-06,46.09939193725586
2021-03-07,40.80247497558594
2021-03-08,36.67345428466797
2021-03-09,33.461002349853516
2021-03-10,31.781028747558594
2021-03-11,30.6091251373291
2021-03-12,29.6281795501709
2021-03-13,28.766555786132812
2021-03-14,27.850624084472656
2021-03-15,26.98033332824707
2021-03-16,28.198286056518555
2021-03-17,32.569725036621094
2021-03-18,41.092933654785156
2021-03-19,68.23947143554688
2021-03-20,100.58624267578125
2021-03-21,80.84304809570312
2021-03-22,56.84849548339844
2021-03-23,44.15776443481445
2021-03-24,37.697418212890625
2021-03-25,35.45459747314453
2021-03-26,51.42792892456055
2021-03-27,98.13330078125
2021-03-28,127.32658386230469
2021-03-29,124.82109069824219
2021-03-30,96.86113739013672
2021-03-31,71.90345764160156
2021-04-01,78.11599731445312
2021-04-02,84.49978637695312
2021-04-03,64.17828369140625
2021-04-04,49.16869354248047
2021-04-05,41.357635498046875
2021-04-06,36.662269592285156
2021-04-07,33.52174377441406
2021-04-08,31.137643814086914
2021-04-09,29.628402709960938
2021-04-10,30.25600814819336
2021-04-11,34.922462463378906
2021-04-12,38.98760223388672
2021-04-13,35.277099609375
2021-04-14,30.702173233032227
2021-04-15,28.47319984436035
2021-04-16,27.700855255126953
2021-04-17,26.21776580810547
2021-04-18,24.667081832885742
2021-04-19,23.550701141357422
2021-04-20,22.6280517578125
2021-04-21,21.60688591003418
2021-04-22,20.75577163696289
2021-04-23,19.859861373901367
2021-04-24,20.350704193115234
2021-04-25,25.956361770629883
2021-04-26,31.60227394104004
2021-04-27,27.58642578125
2021-04-28,23.6737003326416
2021-04-29,21.386110305786133
2021-04-30,26.89820098876953
2021-05-01,40.624664306640625
2021-05-02,39.16356658935547
2021-05-03,31.857192993164062
2021-05-04,34.58062744140625
2021-05-05,39.49351119995117
2021-05-06,33.84247589111328
2021-05-07,28.36507797241211
2021-05-08,27.486146926879883
2021-05-09,26.020156860351562
2021-05-10,24.755844116210938
2021-05-11,26.406938552856445
2021-05-12,27.174217224121094
2021-05-13,27.78676986694336
2021-05-14,27.03728675842285
2021-05-15,23.17178726196289
2021-05-16,20.49907112121582
2021-05-17,18.828203201293945
2021-05-18,17.693584442138672
2021-05-19,16.81722640991211
2021-05-20,15.945858001708984
2021-05-21,15.031221389770508
2021-05-22,14.194058418273926
2021-05-23,13.613140106201172
2021-05-24,13.148730278015137
2021-05-25,12.685230255126953
2021-05-26,12.482906341552734
2021-05-27,12.30942153930664
2021-05-28,11.763376235961914
2021-05-29,11.671073913574219
2021-05-30,12.760287284851074
2021-05-31,13.755779266357422
2021-06-01,12.962448120117188
2021-06-02,12.038896560668945
2021-06-03,12.442817687988281
2021-06-04,14.679590225219727
2021-06-05,15.98421573638916
2021-06-06,14.901832580566406
2021-06-07,12.968966484069824
2021-06-08,12.198273658752441
2021-06-09,12.582813262939453
2021-06-10,13.474699020385742
2021-06-11,16.929445266723633
2021-06-12,22.34818458557129
2021-06-13,24.176483154296875
2021-06-14,21.81332778930664
2021-06-15,17.832706451416016
2021-06-16,15.38648796081543
2021-06-17,12.96839427947998
2021-06-18,11.233185768127441
2021-06-19,10.21692180633545
2021-06-20,9.792123794555664
2021-06-21,10.077756881713867
2021-06-22,10.86379337310791
2021-06-23,11.688095092773438
2021-06-24,12.069409370422363
2021-06-25,10.75810432434082
2021-06-26,9.534247398376465
2021-06-27,8.827421188354492
2021-06-28,8.360440254211426
2021-06-29,7.977112293243408
2021-06-30,7.5557098388671875
2021-07-01,7.2357587814331055
2021-07-02,8.943912506103516
2021-07-03,17.399301528930664
2021-07-04,23.280961990356445
2021-07-05,17.01156997680664
2021-07-06,12.168008804321289
2021-07-07,9.935843467712402
2021-07-08,9.88160514831543
2021-07-09,14.878323554992676
2021-07-10,19.366710662841797
2021-07-11,15.73171329498291
2021-07-12,11.83315372467041
2021-07-13,9.810476303100586
2021-07-14,8.89527702331543
2021-07-15,8.880456924438477
2021-07-16,8.882410049438477
2021-07-17,8.479313850402832
2021-07-18,9.122817993164062
2021-07-19,13.181175231933594
2021-07-20,20.295490264892578
2021-07-21,21.348756790161133
2021-07-22,15.763498306274414
2021-07-23,11.679692268371582
2021-07-24,9.392195701599121
2021-07-25,8.25161075592041
2021-07-26,7.737207889556885
2021-07-27,7.632381439208984
2021-07-28,7.802877426147461
2021-07-29,7.638622760772705
2021-07-30,7.118524551391602
2021-07-31,6.45761775970459
2021-08-01,6.061763763427734
2021-08-02,6.094163417816162
2021-08-03,6.261386871337891
2021-08-04,6.359592914581299
2021-08-05,6.395469665527344
2021-08-06,6.0508036613464355
2021-08-07,6.203644752502441
2021-08-08,7.760595798492432
2021-08-09,8.881477355957031
2021-08-10,7.768808364868164
2021-08-11,6.733548164367676
2021-08-12,6.25047492980957
2021-08-13,5.984989166259766
2021-08-14,5.886708736419678
2021-08-15,6.8535614013671875
2021-08-16,9.940333366394043
2021-08-17,13.435587882995605
2021-08-18,15.580318450927734
2021-08-19,15.003100395202637
2021-08-20,12.432991981506348
2021-08-21,10.343206405639648
2021-08-22,9.164325714111328
2021-08-23,8.113198280334473
2021-08-24,7.224071502685547
2021-08-25,6.46804666519165
2021-08-26,5.943241596221924
2021-08-27,5.68568229675293
2021-08-28,5.46027135848999
2021-08-29,5.100760459899902
2021-08-30,4.78468656539917
2021-08-31,4.567165374755859
2021-09-01,4.5597124099731445
2021-09-02,5.080593109130859
2021-09-03,5.592462539672852
2021-09-04,5.242055416107178
2021-09-05,4.78617525100708
2021-09-06,4.52001953125
2021-09-07,4.343189716339111
2021-09-08,4.456819534301758
2021-09-09,5.357365608215332
2021-09-10,6.697406768798828
2021-09-11,6.6808085441589355
2021-09-12,5.788639068603516
2021-09-13,5.110996246337891
2021-09-14,4.636216640472412
2021-09-15,4.314627647399902
2021-09-16,4.23893404006958
2021-09-17,4.504299163818359
2021-09-18,4.660462856292725
2021-09-19,4.5296549797058105
2021-09-20,4.3555192947387695
2021-09-21,4.58057975769043
2021-09-22,7.288461685180664
2021-09-23,13.786662101745605
2021-09-24,15.97611141204834
2021-09-25,11.97026252746582
2021-09-26,8.57104206085205
2021-09-27,6.832200050354004
2021-09-28,5.91890287399292
2021-09-29,5.325209617614746
2021-09-30,4.9453654289245605
2021-10-01,4.697728633880615
2021-10-02,4.542916774749756
2021-10-03,4.426070213317871
2021-10-04,4.347958564758301
2021-10-05,4.425510406494141
2021-10-06,4.594844818115234
2021-10-07,4.791128158569336
2021-10-08,5.087813377380371
2021-10-09,6.706859111785889
2021-10-10,10.777908325195312
2021-10-11,12.600467681884766
2021-10-12,10.079779624938965
2021-10-13,8.012332916259766
2021-10-14,6.808335781097412
2021-10-15,6.060335636138916
2021-10-16,5.570434093475342
2021-10-17,5.238105773925781
2021-10-18,5.022263050079346
2021-10-19,4.830264091491699
2021-10-20,4.679401874542236
2021-10-21,4.559874057769775
2021-10-22,4.443206787109375
2021-10-23,4.394129753112793
2021-10-24,4.369783878326416
2021-10-25,4.327260494232178
2021-10-26,4.52699089050293
2021-10-27,4.876701354980469
2021-10-28,4.878617286682129
2021-10-29,4.972500324249268
2021-10-30,5.4027299880981445
2021-10-31,5.623225212097168
2021-11-01,5.365719318389893
2021-11-02,5.186519622802734
2021-11-03,5.036478042602539
2021-11-04,5.008255958557129
2021-11-05,5.287167549133301
2021-11-06,5.61526346206665
2021-11-07,5.50910758972168
2021-11-08,5.368305206298828
2021-11-09,5.388157844543457
2021-11-10,5.416671276092529
2021-11-11,5.304656028747559
2021-11-12,5.2428107261657715
2021-11-13,5.287692546844482
2021-11-14,5.3668532371521
2021-11-15,5.292092323303223
2021-11-16,5.206428527832031
2021-11-17,5.284745216369629
2021-11-18,5.283536911010742
2021-11-19,5.207883358001709
2021-11-20,5.140942096710205
2021-11-21,5.199069976806641
2021-11-22,5.760207176208496
2021-11-23,7.1892876625061035
2021-11-24,8.286012649536133
2021-11-25,7.722358703613281
2021-11-26,7.034354209899902
2021-11-27,6.679782867431641
2021-11-28,6.496085166931152
2021-11-29,6.246668815612793
2021-11-30,6.054754257202148
2021-12-01,6.036069869995117
2021-12-02,5.976664066314697
2021-12-03,5.865548610687256
2021-12-04,5.8308563232421875
2021-12-05,5.844995021820068
2021-12-06,5.75089168548584
2021-12-07,5.674979209899902
2021-12-08,5.6775922775268555
2021-12-09,5.892216682434082
2021-12-10,6.125687599182129
2021-12-11,6.153110504150391
2021-12-12,6.655236721038818
2021-12-13,8.329545021057129
2021-12-14,8.99958610534668
2021-12-15,8.22413444519043
2021-12-16,7.576414108276367
2021-12-17,7.200075149536133
2021-12-18,6.887338638305664
2021-12-19,7.920655250549316
2021-12-20,11.092179298400879
2021-12-21,12.454805374145508
2021-12-22,10.822677612304688
2021-12-23,9.559097290039062
2021-12-24,8.669918060302734
2021-12-25,8.02975082397461
2021-12-26,7.540138244628906
2021-12-27,7.2175517082214355
2021-12-28,7.084656715393066
2021-12-29,6.939358711242676
2021-12-30,6.95352840423584
2021-12-31,7.5796380043029785
2022-01-01,8.099596977233887
2022-01-02,9.80096435546875
2022-01-03,95.52947998046875
2022-01-04,200.99778747558594
2022-01-05,134.51564025878906
2022-01-06,64.40266418457031
2022-01-07,35.573204040527344
2022-01-08,24.469697952270508
2022-01-09,19.3658447265625
2022-01-10,18.91642951965332
2022-01-11,20.943222045898438
2022-01-12,19.637916564941406
2022-01-13,16.796144485473633
2022-01-14,14.904845237731934
2022-01-15,13.669859886169434
2022-01-16,17.043001174926758
2022-01-17,31.409343719482422
2022-01-18,41.550357818603516
2022-01-19,36.08378219604492
2022-01-20,33.46189498901367
2022-01-21,42.000736236572266
2022-01-22,46.87055587768555
2022-01-23,37.91956329345703
2022-01-24,30.19333267211914
2022-01-25,26.639480590820312
2022-01-26,24.42626190185547
2022-01-27,21.999448776245117
2022-01-28,19.316638946533203
2022-01-29,17.794429779052734
2022-01-30,17.073251724243164
2022-01-31,16.147220611572266
2022-02-01,15.268326759338379
2022-02-02,14.660083770751953
2022-02-03,15.487939834594727
2022-02-04,28.232254028320312
2022-02-05,59.66111373901367
2022-02-06,66.95590209960938
2022-02-07,47.944393157958984
2022-02-08,40.40254592895508
2022-02-09,41.131690979003906
2022-02-10,34.561500549316406
2022-02-11,28.46491050720215
2022-02-12,24.510873794555664
2022-02-13,22.21131134033203
2022-02-14,20.751874923706055
2022-02-15,19.604381561279297
2022-02-16,18.130977630615234
2022-02-17,17.203655242919922
2022-02-18,17.695863723754883
2022-02-19,20.098968505859375
2022-02-20,20.5955810546875
2022-02-21,18.630123138427734
2022-02-22,17.102012634277344
2022-02-23,18.401472091674805
2022-02-24,27.478038787841797
2022-02-25,38.715843200683594
2022-02-26,38.495941162109375
2022-02-27,32.74242401123047
2022-02-28,33.61397171020508
2022-03-01,34.647274017333984
2022-03-02,29.181760787963867
2022-03-03,24.59402084350586
2022-03-04,21.63920783996582
2022-03-05,19.676010131835938
2022-03-06,18.235979080200195
2022-03-07,17.127351760864258
2022-03-08,16.810409545898438
2022-03-09,35.34942626953125
2022-03-10,80.12199401855469
2022-03-11,91.45091247558594
2022-03-12,81.63851928710938
2022-03-13,101.39684295654297
2022-03-14,93.16618347167969
2022-03-15,61.87628936767578
2022-03-16,54.635643005371094
2022-03-17,140.55010986328125
2022-03-18,219.77395629882812
2022-03-19,166.7372283935547
2022-03-20,96.31806945800781
2022-03-21,60.0302619934082
2022-03-22,43.22563934326172
2022-03-23,40.330116271972656
2022-03-24,54.281219482421875
2022-03-25,64.58338165283203
2022-03-26,52.94001388549805
2022-03-27,40.46905517578125
2022-03-28,32.74169921875
2022-03-29,28.087190628051758
2022-03-30,25.141525268554688
2022-03-31,30.118968963623047
2022-04-01,48.46152114868164
2022-04-02,55.501365661621094
2022-04-03,42.678680419921875
2022-04-04,33.23686218261719
2022-04-05,32.07927703857422
2022-04-06,44.043521881103516
2022-04-07,53.398502349853516
2022-04-08,48.688720703125
2022-04-09,41.10585403442383
2022-04-10,33.435420989990234
2022-04-11,28.21673011779785
2022-04-12,24.924373626708984
2022-04-13,22.94391632080078
2022-04-14,21.46844482421875
2022-04-15,20.281396865844727
2022-04-16,19.218994140625
2022-04-17,18.641359329223633
2022-04-18,29.319793701171875
2022-04-19,63.18231201171875
2022-04-20,76.83651733398438
2022-04-21,52.96381378173828
2022-04-22,37.33094787597656
2022-04-23,29.282947540283203
2022-04-24,24.693923950195312
2022-04-25,21.707319259643555
2022-04-26,19.952545166015625
2022-04-27,19.368698120117188
2022-04-28,18.497024536132812
2022-04-29,17.16185188293457
2022-04-30,16.28082275390625
2022-05-01,16.42692756652832
2022-05-02,17.962018966674805
2022-05-03,18.96147918701172
2022-05-04,17.686702728271484
2022-05-05,16.033533096313477
2022-05-06,14.934036254882812
2022-05-07,16.3870849609375
2022-05-08,20.763023376464844
2022-05-09,21.47376823425293
2022-05-10,18.50080108642578
2022-05-11,15.946748733520508
2022-05-12,14.302873611450195
2022-05-13,13.126652717590332
2022-05-14,12.839881896972656
2022-05-15,13.626812934875488
2022-05-16,14.241936683654785
2022-05-17,13.68256664276123
2022-05-18,12.690191268920898
2022-05-19,11.534879684448242
2022-05-20,10.875574111938477
2022-05-21,11.10679817199707
2022-05-22,11.964376449584961
2022-05-23,12.95627498626709
2022-05-24,17.115644454956055
2022-05-25,24.592538833618164
2022-05-26,25.020687103271484
2022-05-27,22.179046630859375
2022-05-28,26.001747131347656
2022-05-29,26.684444427490234
2022-05-30,20.176471710205078
2022-05-31,15.55585765838623
2022-06-01,12.99405288696289
2022-06-02,11.296521186828613
2022-06-03,10.396902084350586
2022-06-04,9.96465015411377
2022-06-05,9.45710563659668
2022-06-06,8.784696578979492
2022-06-07,8.215279579162598
2022-06-08,7.815456390380859
2022-06-09,7.733315944671631
2022-06-10,7.609111785888672
2022-06-11,7.185710906982422
2022-06-12,6.830308437347412
2022-06-13,6.654320240020752
2022-06-14,6.505813121795654
2022-06-15,6.5103759765625
2022-06-16,7.917140483856201
2022-06-17,12.6424560546875
2022-06-18,17.47012710571289
2022-06-19,14.92402458190918
2022-06-20,10.867239952087402
2022-06-21,8.612529754638672
2022-06-22,7.569457054138184
2022-06-23,6.940586090087891
2022-06-24,6.445315361022949
2022-06-25,6.020788669586182
2022-06-26,5.61141300201416
2022-06-27,5.442732810974121
2022-06-28,5.5940399169921875
2022-06-29,5.691109657287598
2022-06-30,5.339406490325928
2022-07-01,5.030603885650635
2022-07-02,4.760767459869385
2022-07-03,4.646599292755127
2022-07-04,4.844250679016113
2022-07-05,5.090188026428223
2022-07-06,5.387721061706543
2022-07-07,5.9613447189331055
2022-07-08,6.430965423583984
2022-07-09,6.981327056884766
2022-07-10,7.805117607116699
2022-07-11,8.485798835754395
2022-07-12,8.030404090881348
2022-07-13,7.053628921508789
2022-07-14,7.14168643951416
2022-07-15,7.416983604431152
2022-07-16,6.726446151733398
2022-07-17,6.510623931884766
2022-07-18,6.493048191070557
2022-07-19,5.8583984375
2022-07-20,5.257758140563965
2022-07-21,4.998907566070557
2022-07-22,5.203120708465576
2022-07-23,5.316281795501709
2022-07-24,4.849493026733398
2022-07-25,4.495197772979736
2022-07-26,4.672691345214844
2022-07-27,5.518192291259766
2022-07-28,6.104221343994141
2022-07-29,5.945305824279785
2022-07-30,5.703289031982422
2022-07-31,5.780620098114014
2022-08-01,6.5198283195495605
2022-08-02,7.231719017028809
2022-08-03,6.5469970703125
2022-08-04,5.442252159118652
2022-08-05,4.752835750579834
2022-08-06,4.64229679107666
2022-08-07,5.082267761230469
2022-08-08,5.209945201873779
2022-08-09,4.707808494567871
2022-08-10,4.314942836761475
2022-08-11,4.359877586364746
2022-08-12,4.5233283042907715
2022-08-13,4.365495681762695
2022-08-14,3.9839365482330322
2022-08-15,3.789121150970459
2022-08-16,4.099295616149902
2022-08-17,4.3628830909729
2022-08-18,4.127928733825684
2022-08-19,3.7815608978271484
2022-08-20,3.547891139984131
2022-08-21,3.608203411102295
2022-08-22,4.864683151245117
2022-08-23,7.6482768058776855
2022-08-24,8.563389778137207
2022-08-25,6.915924549102783
2022-08-26,5.616677284240723
2022-08-27,4.954309463500977
2022-08-28,4.4807868003845215
2022-08-29,4.064602375030518
2022-08-30,3.7638444900512695
2022-08-31,3.646898031234741
2022-09-01,3.586353302001953
2022-09-02,3.3489420413970947
2022-09-03,3.1115782260894775
2022-09-04,2.9631667137145996
2022-09-05,3.0484280586242676
2022-09-06,3.709395170211792
2022-09-07,4.826146125793457
2022-09-08,5.109527111053467
2022-09-09,4.723933696746826
2022-09-10,4.336205005645752
2022-09-11,4.509603500366211
2022-09-12,5.4392313957214355
2022-09-13,5.71969747543335
2022-09-14,5.155459403991699
2022-09-15,4.427906036376953
2022-09-16,3.886117696762085
2022-09-17,3.507340908050537
2022-09-18,3.2561678886413574
2022-09-19,3.0954737663269043
2022-09-20,2.9482944011688232
2022-09-21,2.8201422691345215
2022-09-22,2.715047836303711
2022-09-23,2.645033597946167
2022-09-24,2.615724563598633
2022-09-25,2.588183641433716
2022-09-26,2.596721649169922
2022-09-27,2.6089727878570557
2022-09-28,2.5578620433807373
2022-09-29,2.520280361175537
2022-09-30,3.214479684829712
2022-10-01,7.664603233337402
2022-10-02,15.278482437133789
2022-10-03,15.57125186920166
2022-10-04,11.222206115722656
2022-10-05,7.816006660461426
2022-10-06,5.998371601104736
2022-10-07,4.995288848876953
2022-10-08,4.421757698059082
2022-10-09,4.071811676025391
2022-10-10,3.836669683456421
2022-10-11,3.6545493602752686
2022-10-12,3.555187225341797
2022-10-13,3.6221208572387695
2022-10-14,4.033351898193359
2022-10-15,4.412808418273926
2022-10-16,4.269268035888672
2022-10-17,4.346690654754639
2022-10-18,5.820703983306885
2022-10-19,7.130939960479736
2022-10-20,6.323106288909912
2022-10-21,5.313612937927246
2022-10-22,4.742969512939453
2022-10-23,4.4151411056518555
2022-10-24,4.146215915679932
2022-10-25,3.973027229309082
2022-10-26,3.863301992416382
2022-10-27,3.839348316192627
2022-10-28,3.736989736557007
2022-10-29,3.6605472564697266
2022-10-30,3.667426586151123
2022-10-31,3.760704278945923
2022-11-01,4.005558490753174
2022-11-02,4.356151580810547
2022-11-03,4.397885322570801
2022-11-04,4.36622428894043
2022-11-05,4.222416877746582
2022-11-06,4.089897632598877
2022-11-07,4.075785160064697
2022-11-08,4.092333793640137
2022-11-09,3.9807608127593994
2022-11-10,3.8899502754211426
2022-11-11,4.540969371795654
2022-11-12,7.6712517738342285
2022-11-13,11.426918029785156
2022-11-14,10.05607795715332
2022-11-15,7.853732585906982
2022-11-16,7.06873083114624
2022-11-17,7.423701286315918
2022-11-18,6.949541091918945
2022-11-19,6.329193592071533
2022-11-20,5.8384294509887695
2022-11-21,5.565117359161377
2022-11-22,5.453361988067627
2022-11-23,5.366500377655029
2022-11-24,5.276306629180908
2022-11-25,5.3795599937438965
2022-11-26,6.050413608551025
2022-11-27,7.605640888214111
2022-11-28,10.590619087219238
2022-11-29,12.939538955688477
2022-11-30,12.951522827148438
2022-12-01,19.129459381103516
2022-12-02,23.67657470703125
2022-12-03,18.181934356689453
2022-12-04,15.096997261047363
2022-12-05,14.280458450317383
2022-12-06,12.02737808227539
2022-12-07,10.576862335205078
2022-12-08,10.527498245239258
2022-12-09,10.66575813293457
2022-12-10,10.173049926757812
2022-12-11,9.654317855834961
2022-12-12,9.107555389404297
2022-12-13,8.556009292602539
2022-12-14,8.097150802612305
2022-12-15,10.793367385864258
2022-12-16,24.593082427978516
2022-12-17,35.422462463378906
2022-12-18,26.578001022338867
2022-12-19,18.5118465423584
2022-12-20,14.319095611572266
2022-12-21,12.136364936828613
2022-12-22,15.02953052520752
2022-12-23,33.39296340942383
2022-12-24,47.595584869384766
2022-12-25,35.080997467041016
2022-12-26,24.35062026977539
2022-12-27,18.638551712036133
2022-12-28,15.702713966369629
2022-12-29,14.212905883789062
2022-12-30,13.34423828125
2022-12-31,13.525066375732422
2023-01-01,17.25693702697754
2023-01-02,20.59854507446289
2023-01-03,18.196630477905273
2023-01-04,18.0822811126709
2023-01-05,29.75405502319336
2023-01-06,41.41206359863281
2023-01-07,32.141143798828125
2023-01-08,23.588218688964844
2023-01-09,21.660991668701172
2023-01-10,22.358219146728516
2023-01-11,19.979928970336914
2023-01-12,17.464462280273438
2023-01-13,19.38146209716797
2023-01-14,28.266368865966797
2023-01-15,30.545812606811523
2023-01-16,24.611692428588867
2023-01-17,19.976417541503906
2023-01-18,18.791563034057617
2023-01-19,18.445350646972656
2023-01-20,16.949899673461914
2023-01-21,15.456401824951172
2023-01-22,15.443794250488281
2023-01-23,23.997119903564453
2023-01-24,33.2110481262207
2023-01-25,37.55858612060547
2023-01-26,55.469017028808594
2023-01-27,63.322471618652344
2023-01-28,45.478187561035156
2023-01-29,31.76938819885254
2023-01-30,29.438779830932617
2023-01-31,36.937950134277344
2023-02-01,42.55034637451172
2023-02-02,43.59150314331055
2023-02-03,42.98652648925781
2023-02-04,39.1258544921875
2023-02-05,31.75914764404297
2023-02-06,25.915225982666016
2023-02-07,22.323322296142578
2023-02-08,19.910808563232422
2023-02-09,18.42258071899414
2023-02-10,17.432018280029297
2023-02-11,16.827388763427734
2023-02-12,35.11668014526367
2023-02-13,96.13174438476562
2023-02-14,124.43560028076172
2023-02-15,79.41775512695312
2023-02-16,49.4483528137207
2023-02-17,43.21455383300781
2023-02-18,57.30435562133789
2023-02-19,59.912864685058594
2023-02-20,44.54458236694336
2023-02-21,34.719337463378906
2023-02-22,30.154571533203125
2023-02-23,28.216352462768555
2023-02-24,26.719236373901367
2023-02-25,24.465023040771484
2023-02-26,25.12458038330078
2023-02-27,26.225147247314453
2023-02-28,24.007482528686523
2023-03-01,22.191600799560547
2023-03-02,28.047992706298828
2023-03-03,54.96614074707031
2023-03-04,80.18051147460938
2023-03-05,75.09008026123047
2023-03-06,52.690853118896484
2023-03-07,37.56117248535156
2023-03-08,29.76836585998535
2023-03-09,25.15209197998047
2023-03-10,22.36929702758789
2023-03-11,21.30398941040039
2023-03-12,21.492050170898438
2023-03-13,24.27360725402832
2023-03-14,27.178916931152344
2023-03-15,24.556629180908203
2023-03-16,21.38993263244629
2023-03-17,19.607446670532227
2023-03-18,24.653823852539062
2023-03-19,31.648298263549805
2023-03-20,30.0190372467041
2023-03-21,25.18360137939453
2023-03-22,22.178020477294922
2023-03-23,21.94102668762207
2023-03-24,21.551597595214844
2023-03-25,20.190685272216797
2023-03-26,19.85422134399414
2023-03-27,23.78740882873535
2023-03-28,28.992469787597656
2023-03-29,30.05702781677246
2023-03-30,27.630373001098633
2023-03-31,24.603694915771484
2023-04-01,24.242511749267578
2023-04-02,25.911983489990234
2023-04-03,24.83616065979004
2023-04-04,21.66400909423828
2023-04-05,19.216951370239258
2023-04-06,17.91840362548828
2023-04-07,28.270383834838867
2023-04-08,96.7501449584961
2023-04-09,180.71885681152344
2023-04-10,166.62265014648438
2023-04-11,98.38554382324219
2023-04-12,60.308448791503906
2023-04-13,42.40757369995117
2023-04-14,35.30398178100586
2023-04-15,37.137840270996094
2023-04-16,38.274417877197266
2023-04-17,32.554969787597656
2023-04-18,27.514068603515625
2023-04-19,23.627023696899414
2023-04-20,20.937606811523438
2023-04-21,19.060436248779297
2023-04-22,18.456016540527344
2023-04-23,20.552152633666992
2023-04-24,22.468952178955078
2023-04-25,20.713043212890625
2023-04-26,18.38755989074707
2023-04-27,17.33062171936035
2023-04-28,26.423255920410156
2023-04-29,50.23455047607422
2023-04-30,66.61988067626953
2023-05-01,73.33780670166016
2023-05-02,67.79200744628906
2023-05-03,47.28083419799805
2023-05-04,33.86127471923828
2023-05-05,26.389293670654297
2023-05-06,22.170297622680664
2023-05-07,19.667558670043945
2023-05-08,17.881675720214844
2023-05-09,16.57064437866211
2023-05-10,15.522584915161133
2023-05-11,14.473220825195312
2023-05-12,13.596030235290527
2023-05-13,12.894728660583496
2023-05-14,12.372737884521484
2023-05-15,12.02210807800293
2023-05-16,11.646583557128906
2023-05-17,11.988107681274414
2023-05-18,12.676165580749512
2023-05-19,12.476984977722168
2023-05-20,11.608539581298828
2023-05-21,10.850263595581055
2023-05-22,10.351897239685059
2023-05-23,9.871963500976562
2023-05-24,9.379093170166016
2023-05-25,8.952688217163086
2023-05-26,8.565034866333008
2023-05-27,8.570087432861328
2023-05-28,9.532526016235352
2023-05-29,12.079832077026367
2023-05-30,15.861337661743164
2023-05-31,17.2305908203125
2023-06-01,14.47921371459961
2023-06-02,11.988466262817383
2023-06-03,10.438193321228027
2023-06-04,9.568828582763672
2023-06-05,9.404379844665527
2023-06-06,9.096607208251953
2023-06-07,8.679459571838379
2023-06-08,8.96674919128418
2023-06-09,9.735723495483398
2023-06-10,8.990095138549805
2023-06-11,8.162249565124512
2023-06-12,7.804283618927002
2023-06-13,7.868751525878906
2023-06-14,7.741851329803467
2023-06-15,7.322576522827148
2023-06-16,6.866430282592773
2023-06-17,6.518102645874023
2023-06-18,6.1421003341674805
2023-06-19,6.206930160522461
2023-06-20,9.362730026245117
2023-06-21,17.298416137695312
2023-06-22,25.259414672851562
2023-06-23,30.77648162841797
2023-06-24,31.537368774414062
2023-06-25,24.920677185058594
2023-06-26,17.532424926757812
2023-06-27,15.133491516113281
2023-06-28,16.5665340423584
2023-06-29,15.418608665466309
2023-06-30,11.905220031738281
2023-07-01,10.42233657836914
2023-07-02,11.648404121398926
2023-07-03,12.582365036010742
2023-07-04,11.465235710144043
2023-07-05,10.267595291137695
2023-07-06,9.14785099029541
2023-07-07,8.661799430847168
2023-07-08,8.986456871032715
2023-07-09,12.329695701599121
2023-07-10,18.84458351135254
2023-07-11,20.666919708251953
2023-07-12,15.40969467163086
2023-07-13,11.103387832641602
2023-07-14,9.335966110229492
2023-07-15,9.442615509033203
2023-07-16,9.971653938293457
2023-07-17,9.82845687866211
2023-07-18,9.098539352416992
2023-07-19,7.714189529418945
2023-07-20,6.789673805236816
2023-07-21,6.4333014488220215
2023-07-22,6.188858509063721
2023-07-23,5.82187557220459
2023-07-24,5.737137317657471
2023-07-25,6.020517349243164
2023-07-26,6.094569206237793
2023-07-27,5.568551540374756
2023-07-28,5.0283002853393555
2023-07-29,4.721879005432129
2023-07-30,4.730926990509033
2023-07-31,5.094357013702393
2023-08-01,5.22735595703125
2023-08-02,4.877928256988525
2023-08-03,4.549957275390625
2023-08-04,4.6969499588012695
2023-08-05,5.173056602478027
2023-08-06,5.180858612060547
2023-08-07,5.229940891265869
2023-08-08,5.737165451049805
2023-08-09,5.677666664123535
2023-08-10,5.29599666595459
2023-08-11,5.653437614440918
2023-08-12,6.109959602355957
2023-08-13,5.505667686462402
2023-08-14,4.75041389465332
2023-08-15,4.405101776123047
2023-08-16,4.67864990234375
2023-08-17,4.894587516784668
2023-08-18,4.472428321838379
2023-08-19,3.9997692108154297
2023-08-20,3.656373977661133
2023-08-21,3.406513214111328
2023-08-22,3.206416606903076
2023-08-23,3.0645782947540283
2023-08-24,2.954230308532715
2023-08-25,2.9850802421569824
2023-08-26,3.2968080043792725
2023-08-27,3.636908769607544
2023-08-28,4.217280387878418
2023-08-29,5.885289669036865
2023-08-30,7.852847576141357
2023-08-31,9.299848556518555
2023-09-01,9.62125015258789
2023-09-02,7.824914932250977
2023-09-03,5.927334785461426
2023-09-04,4.804762363433838
2023-09-05,4.115030765533447
2023-09-06,3.6396613121032715
2023-09-07,3.3108139038085938
2023-09-08,3.12404727935791
2023-09-09,3.283054828643799
2023-09-10,3.9722025394439697
2023-09-11,4.794416904449463
2023-09-12,5.134130477905273
2023-09-13,5.476320266723633
2023-09-14,6.012920379638672
2023-09-15,5.423754692077637
2023-09-16,4.532520771026611
2023-09-17,4.007250785827637
2023-09-18,4.022342205047607
2023-09-19,4.155165672302246
2023-09-20,3.8733654022216797
2023-09-21,3.5826046466827393
2023-09-22,3.399935722351074
2023-09-23,3.8136115074157715
2023-09-24,5.558692455291748
2023-09-25,7.0762529373168945
2023-09-26,6.1408162117004395
2023-09-27,5.0686163902282715
2023-09-28,4.431173324584961
2023-09-29,4.012060165405273
2023-09-30,3.691784381866455
2023-10-01,3.42004132270813
2023-10-02,3.1457316875457764
2023-10-03,2.9644558429718018
2023-10-04,2.8366477489471436
2023-10-05,2.753281831741333
2023-10-06,2.7461752891540527
2023-10-07,2.7807297706604004
2023-10-08,2.804814338684082
2023-10-09,2.7728588581085205
2023-10-10,2.713984727859497
2023-10-11,2.668933391571045
2023-10-12,2.7686917781829834
2023-10-13,3.1184258460998535
2023-10-14,3.455991506576538
2023-10-15,3.7905995845794678
2023-10-16,4.001453399658203
2023-10-17,3.7683780193328857
2023-10-18,3.4673008918762207
2023-10-19,3.2517693042755127
2023-10-20,3.170051336288452
2023-10-21,3.2388691902160645
2023-10-22,3.29095458984375
2023-10-23,3.149777412414551
2023-10-24,3.003939151763916
2023-10-25,2.9330105781555176
2023-10-26,2.862438678741455
2023-10-27,2.8015084266662598
2023-10-28,2.734018564224243
2023-10-29,2.6566500663757324
2023-10-30,2.5755491256713867
2023-10-31,2.548680305480957
2023-11-01,2.6835522651672363
2023-11-02,2.8153586387634277
2023-11-03,2.874755382537842
2023-11-04,2.9495198726654053
2023-11-05,3.0230469703674316
2023-11-06,3.025735378265381
2023-11-07,3.0209736824035645
2023-11-08,2.9891092777252197
2023-11-09,3.009220600128174
2023-11-10,2.99013614654541
2023-11-11,3.0446860790252686
2023-11-12,3.192643404006958
2023-11-13,3.2531988620758057
2023-11-14,3.2448983192443848
2023-11-15,3.1875438690185547
2023-11-16,3.2368836402893066
2023-11-17,3.319122552871704
2023-11-18,3.3012778759002686
2023-11-19,3.2485902309417725
2023-11-20,3.2467007637023926
2023-11-21,3.341832160949707
2023-11-22,4.652921199798584
2023-11-23,7.6284332275390625
2023-11-24,8.287546157836914
2023-11-25,6.808412551879883
2023-11-26,5.560039520263672
2023-11-27,4.931458950042725
2023-11-28,4.555773735046387
2023-11-29,4.298027992248535
2023-11-30,4.184887409210205
2023-12-01,4.140099048614502
2023-12-02,4.141483306884766
2023-12-03,4.280555725097656
2023-12-04,4.518498420715332
2023-12-05,4.656487464904785
2023-12-06,4.5220746994018555
2023-12-07,4.389042854309082
2023-12-08,4.314896583557129
2023-12-09,4.275137901306152
2023-12-10,4.7982025146484375
2023-12-11,12.469347953796387
2023-12-12,25.122150421142578
2023-12-13,21.085403442382812
2023-12-14,13.833015441894531
2023-12-15,9.980074882507324
2023-12-16,8.261674880981445
2023-12-17,15.250085830688477
2023-12-18,48.27722930908203
2023-12-19,65.55584716796875
2023-12-20,41.67433166503906
2023-12-21,23.76835060119629
2023-12-22,16.131715774536133
2023-12-23,12.710944175720215
2023-12-24,10.930049896240234
2023-12-25,9.850534439086914
2023-12-26,10.56696605682373
2023-12-27,28.877521514892578
2023-12-28,66.5802001953125
2023-12-29,70.25985717773438
2023-12-30,43.019527435302734
2023-12-31,26.112071990966797
2024-01-01,18.51818084716797
2024-01-02,14.837353706359863
2024-01-03,12.732559204101562
2024-01-04,11.53836727142334
2024-01-05,10.803874969482422
2024-01-06,11.312942504882812
2024-01-07,16.807735443115234
2024-01-08,21.770702362060547
2024-01-09,54.131675720214844
2024-01-10,162.00502014160156
2024-01-11,202.40489196777344
2024-01-12,110.79000854492188
2024-01-13,62.02259826660156
2024-01-14,45.35536193847656
2024-01-15,34.92472457885742
2024-01-16,27.597110748291016
2024-01-17,23.790170669555664
2024-01-18,21.151309967041016
2024-01-19,18.743356704711914
2024-01-20,17.248838424682617
2024-01-21,15.988361358642578
2024-01-22,14.687644004821777
2024-01-23,13.611501693725586
2024-01-24,13.117438316345215
2024-01-25,14.57198715209961
2024-01-26,23.021841049194336
2024-01-27,33.181983947753906
2024-01-28,39.52655792236328
2024-01-29,55.61383819580078
2024-01-30,57.36682891845703
2024-01-31,41.10729217529297
2024-02-01,31.02155303955078
2024-02-02,25.735918045043945
2024-02-03,22.174665451049805
2024-02-04,19.39999771118164
2024-02-05,17.446605682373047
2024-02-06,16.23810577392578
2024-02-07,15.212013244628906
2024-02-08,14.318061828613281
2024-02-09,13.76969051361084
2024-02-10,13.766393661499023
2024-02-11,16.0253963470459
2024-02-12,27.284536361694336
2024-02-13,47.11495590209961
2024-02-14,54.78477096557617
2024-02-15,43.33477783203125
2024-02-16,31.677019119262695
2024-02-17,25.19800567626953
2024-02-18,21.374006271362305
2024-02-19,18.77981185913086
2024-02-20,16.9317626953125
2024-02-21,15.685380935668945
2024-02-22,14.875274658203125
2024-02-23,14.896772384643555
2024-02-24,16.23418426513672
2024-02-25,16.969362258911133
2024-02-26,15.906242370605469
2024-02-27,15.604222297668457
2024-02-28,19.368894577026367
2024-02-29,27.371074676513672
2024-03-01,31.42961883544922
2024-03-02,41.070648193359375
2024-03-03,58.08043670654297
2024-03-04,55.654762268066406
2024-03-05,40.94390106201172
2024-03-06,33.43684768676758
2024-03-07,38.42087173461914
2024-03-08,43.50752258300781
2024-03-09,45.35227966308594
2024-03-10,69.63398742675781
2024-03-11,80.96711730957031
2024-03-12,56.31174850463867
2024-03-13,38.956565856933594
2024-03-14,30.133987426757812
2024-03-15,25.94628143310547
2024-03-16,24.871376037597656
2024-03-17,23.92582893371582
2024-03-18,22.060285568237305
2024-03-19,20.249019622802734
2024-03-20,18.71258544921875
2024-03-21,17.40204620361328
2024-03-22,16.42605209350586
2024-03-23,21.187429428100586
2024-03-24,38.190269470214844
2024-03-25,46.07023620605469
2024-03-26,35.525184631347656
2024-03-27,33.69305419921875
2024-03-28,61.207611083984375
2024-03-29,76.63935089111328
2024-03-30,57.04008865356445
2024-03-31,39.839744567871094
2024-04-01,30.5427188873291
2024-04-02,25.502077102661133
2024-04-03,24.194263458251953
2024-04-04,27.224380493164062
2024-04-05,28.90057945251465
2024-04-06,25.15545654296875
2024-04-07,21.629192352294922
2024-04-08,19.17901611328125
2024-04-09,18.078989028930664
2024-04-10,18.0986328125
2024-04-11,18.472997665405273
2024-04-12,20.174972534179688
2024-04-13,22.78418731689453
2024-04-14,21.312700271606445
2024-04-15,18.571998596191406
2024-04-16,16.665679931640625
2024-04-17,15.533103942871094
2024-04-18,14.646027565002441
2024-04-19,13.735872268676758
2024-04-20,13.019247055053711
2024-04-21,13.026189804077148
2024-04-22,14.550467491149902
2024-04-23,15.986915588378906
2024-04-24,14.815828323364258
2024-04-25,13.679880142211914
2024-04-26,12.693965911865234
2024-04-27,11.984249114990234
2024-04-28,11.41104507446289
2024-04-29,10.820389747619629
2024-04-30,10.215282440185547
2024-05-01,9.774737358093262
2024-05-02,9.488996505737305
2024-05-03,9.053018569946289
2024-05-04,8.991802215576172
2024-05-05,14.517459869384766
2024-05-06,29.56866455078125
2024-05-07,38.63744354248047
2024-05-08,33.8282356262207
2024-05-09,29.06217384338379
2024-05-10,27.30377197265625
2024-05-11,24.823261260986328
2024-05-12,19.586223602294922
2024-05-13,15.802478790283203
2024-05-14,17.648012161254883
2024-05-15,35.90469741821289
2024-05-16,50.66595458984375
2024-05-17,40.40020751953125
2024-05-18,31.486740112304688
2024-05-19,28.64855194091797
2024-05-20,25.52737045288086
2024-05-21,20.495927810668945
2024-05-22,16.632492065429688
2024-05-23,14.226241111755371
2024-05-24,13.773035049438477
2024-05-25,15.09459114074707
2024-05-26,15.457379341125488
2024-05-27,16.111160278320312
2024-05-28,19.921714782714844
2024-05-29,20.580482482910156
2024-05-30,16.26299285888672
2024-05-31,13.08877944946289
2024-06-01,11.1995849609375
2024-06-02,9.960288047790527
2024-06-03,9.417830467224121
2024-06-04,9.570996284484863
2024-06-05,9.745333671569824
2024-06-06,9.28642749786377
2024-06-07,8.689921379089355
2024-06-08,8.106121063232422
2024-06-09,7.419564723968506
2024-06-10,6.988856315612793
2024-06-11,6.808929443359375
2024-06-12,6.509600639343262
2024-06-13,6.123766899108887
2024-06-14,5.754495143890381
2024-06-15,5.429576873779297
2024-06-16,5.127921104431152
2024-06-17,4.8595147132873535
2024-06-18,4.693281173706055
2024-06-19,4.530232906341553
2024-06-20,4.326689720153809
2024-06-21,4.125664234161377
2024-06-22,3.951122999191284
2024-06-23,3.747554302215576
2024-06-24,3.591292381286621
2024-06-25,3.44834303855896
2024-06-26,3.2933764457702637
2024-06-27,3.1821272373199463
2024-06-28,3.1306662559509277
2024-06-29,3.112602710723877
2024-06-30,3.0678622722625732
2024-07-01,3.2796077728271484
2024-07-02,3.687464714050293
2024-07-03,3.5910887718200684
2024-07-04,3.2456953525543213
2024-07-05,3.041447877883911
2024-07-06,3.0032577514648438
2024-07-07,3.3770060539245605
2024-07-08,4.384244918823242
2024-07-09,5.30947732925415
2024-07-10,5.012905597686768
2024-07-11,4.259283065795898
2024-07-12,3.913766384124756
2024-07-13,4.309690475463867
2024-07-14,4.730600357055664
2024-07-15,4.267360687255859
2024-07-16,3.6954245567321777
2024-07-17,3.3671107292175293
2024-07-18,3.4170196056365967
2024-07-19,4.267358303070068
2024-07-20,5.914855003356934
2024-07-21,7.817387104034424
2024-07-22,9.98928451538086
2024-07-23,11.494489669799805
2024-07-24,12.121315002441406
2024-07-25,14.710905075073242
2024-07-26,20.094974517822266
2024-07-27,20.03679084777832
2024-07-28,13.945240020751953
2024-07-29,9.96316146850586
2024-07-30,9.43600845336914
2024-07-31,9.879223823547363
2024-08-01,8.435150146484375
2024-08-02,6.777979850769043
2024-08-03,6.858848571777344
2024-08-04,9.470443725585938
2024-08-05,10.582484245300293
2024-08-06,9.04493522644043
2024-08-07,8.618570327758789
2024-08-08,65.60897827148438
2024-08-09,231.01304626464844
2024-08-10,312.58526611328125
2024-08-11,158.67337036132812
2024-08-12,71.07365417480469
2024-08-13,37.79268264770508
2024-08-14,24.88083267211914
2024-08-15,19.148637771606445
2024-08-16,15.533171653747559
2024-08-17,13.19501781463623
2024-08-18,12.116045951843262
2024-08-19,11.730249404907227
2024-08-20,11.146126747131348
2024-08-21,10.20706558227539
2024-08-22,9.143241882324219
2024-08-23,8.320060729980469
2024-08-24,7.750385761260986
2024-08-25,7.23492956161499
2024-08-26,6.752664089202881
2024-08-27,6.30666446685791
2024-08-28,5.923248291015625
2024-08-29,5.582416534423828
2024-08-30,5.517364978790283
2024-08-31,6.2312092781066895
2024-09-01,7.5004377365112305
2024-09-02,9.594311714172363
2024-09-03,11.552326202392578
2024-09-04,10.513185501098633
2024-09-05,8.567527770996094
2024-09-06,7.274903774261475
2024-09-07,6.464968204498291
2024-09-08,5.994326114654541
2024-09-09,5.620138168334961
2024-09-10,5.276573181152344
2024-09-11,4.963778495788574
2024-09-12,4.709898471832275
2024-09-13,4.630117893218994
2024-09-14,4.720254898071289
2024-09-15,4.774771213531494
2024-09-16,5.561025619506836
2024-09-17,12.566781997680664
2024-09-18,23.975746154785156
2024-09-19,25.912994384765625
2024-09-20,19.217052459716797
2024-09-21,14.355108261108398
2024-09-22,11.471795082092285
2024-09-23,9.586864471435547
2024-09-24,8.65041732788086
2024-09-25,14.21646785736084
2024-09-26,36.47861862182617
2024-09-27,86.97962951660156
2024-09-28,137.21849060058594
2024-09-29,115.70042419433594
2024-09-30,66.64591217041016
2024-10-01,44.46807861328125
2024-10-02,33.79739761352539
2024-10-03,25.936588287353516
2024-10-04,20.585844039916992
2024-10-05,17.13027572631836
2024-10-06,14.801438331604004
2024-10-07,13.129246711730957
2024-10-08,11.78874397277832
2024-10-09,10.75931453704834
2024-10-10,9.974183082580566
2024-10-11,9.413957595825195
2024-10-12,8.88415241241455
2024-10-13,8.38558578491211
2024-10-14,7.985387325286865
2024-10-15,7.738362789154053
2024-10-16,7.635112762451172
2024-10-17,7.60629415512085
2024-10-18,7.392117500305176
2024-10-19,7.098151683807373
2024-10-20,6.851842403411865
2024-10-21,6.69517183303833
2024-10-22,6.585293292999268
2024-10-23,6.4679670333862305
2024-10-24,6.310708522796631
2024-10-25,6.152137279510498
2024-10-26,6.027547836303711
2024-10-27,5.950466632843018
2024-10-28,6.033609390258789
2024-10-29,6.0795159339904785
2024-10-30,5.998069763183594
2024-10-31,5.829116344451904
2024-11-01,5.727347373962402
2024-11-02,5.7219014167785645
2024-11-03,5.722500324249268
2024-11-04,5.72118616104126
2024-11-05,5.77081823348999
2024-11-06,5.799938201904297
2024-11-07,6.001791477203369
2024-11-08,7.188656806945801
2024-11-09,8.286994934082031
2024-11-10,7.854037761688232
2024-11-11,7.588627815246582
2024-11-12,8.141361236572266
2024-11-13,8.425911903381348
2024-11-14,8.817148208618164
2024-11-15,11.988533973693848
2024-11-16,15.267192840576172
2024-11-17,13.642587661743164
2024-11-18,11.284343719482422
2024-11-19,9.854928016662598
2024-11-20,9.225057601928711
2024-11-21,9.874911308288574
2024-11-22,10.887527465820312
2024-11-23,10.286322593688965
2024-11-24,9.292481422424316
2024-11-25,8.674942970275879
2024-11-26,8.285118103027344
2024-11-27,8.196151733398438
2024-11-28,8.269502639770508
2024-11-29,8.236355781555176
2024-11-30,8.188848495483398
2024-12-01,7.906797885894775
2024-12-02,7.654865741729736
2024-12-03,7.518733501434326
2024-12-04,7.42423152923584
2024-12-05,7.241218566894531
2024-12-06,7.071911811828613
2024-12-07,7.041615962982178
2024-12-08,6.9550981521606445
2024-12-09,7.043150901794434
2024-12-10,7.825442314147949
2024-12-11,47.75065612792969
2024-12-12,152.23471069335938
2024-12-13,173.24903869628906
2024-12-14,90.39370727539062
2024-12-15,49.003849029541016
2024-12-16,32.247127532958984
2024-12-17,24.581432342529297
2024-12-18,20.896846771240234
2024-12-19,18.674022674560547
2024-12-20,17.11797523498535
2024-12-21,15.814191818237305
2024-12-22,14.70289421081543
2024-12-23,13.733755111694336
2024-12-24,12.851633071899414
2024-12-25,12.230720520019531
2024-12-26,11.744028091430664
2024-12-27,11.355447769165039
2024-12-28,11.225069999694824
2024-12-29,12.68488597869873
2024-12-30,17.330049514770508
2024-12-31,20.57741928100586
2025-01-01,18.85164451599121
2025-01-02,16.543153762817383
2025-01-03,14.684163093566895
2025-01-04,13.484947204589844
2025-01-05,12.672396659851074
2025-01-06,12.317412376403809
2025-01-07,13.175254821777344
2025-01-08,14.088470458984375
2025-01-09,13.50523567199707
2025-01-10,12.66239070892334
2025-01-11,12.488822937011719
2025-01-12,13.359106063842773
2025-01-13,13.729543685913086
2025-01-14,13.396177291870117
2025-01-15,12.983356475830078
2025-01-16,12.39146614074707
2025-01-17,11.761521339416504
2025-01-18,11.457232475280762
2025-01-19,11.365009307861328
2025-01-20,11.325874328613281
2025-01-21,11.333438873291016
2025-01-22,11.059392929077148
2025-01-23,10.727682113647461
2025-01-24,10.331306457519531
2025-01-25,10.069849014282227
2025-01-26,9.896729469299316
2025-01-27,10.004039764404297
2025-01-28,10.1782865524292
2025-01-29,10.13161849975586
2025-01-30,10.026113510131836
2025-01-31,10.230626106262207
2025-02-01,25.52646255493164
2025-02-02,57.23137664794922
2025-02-03,59.96348571777344
2025-02-04,40.19304656982422
2025-02-05,27.77707862854004
2025-02-06,21.659616470336914
2025-02-07,19.022930145263672
2025-02-08,17.56573486328125
2025-02-09,15.961570739746094
2025-02-10,15.07046890258789
2025-02-11,15.202592849731445
2025-02-12,26.3404483795166
2025-02-13,68.8687973022461
2025-02-14,110.67040252685547
2025-02-15,94.40373992919922
2025-02-16,80.85746765136719
2025-02-17,91.1095199584961
2025-02-18,75.72339630126953
2025-02-19,51.54342269897461
2025-02-20,39.39995574951172
2025-02-21,33.76190185546875
2025-02-22,28.04480743408203
2025-02-23,24.169322967529297
2025-02-24,21.766801834106445
2025-02-25,20.057960510253906
2025-02-26,18.916915893554688
2025-02-27,18.322729110717773
2025-02-28,18.792306900024414
2025-03-01,18.701679229736328
2025-03-02,17.74736976623535
2025-03-03,16.585479736328125
2025-03-04,15.56406021118164
2025-03-05,19.497583389282227
2025-03-06,34.653175354003906
2025-03-07,42.01005554199219
2025-03-08,33.27900695800781
2025-03-09,26.41936683654785
2025-03-10,22.385417938232422
2025-03-11,20.565303802490234
2025-03-12,19.279937744140625
2025-03-13,17.646446228027344
2025-03-14,16.491943359375
2025-03-15,15.59732437133789
2025-03-16,20.14944076538086
2025-03-17,44.98139953613281
2025-03-18,57.750038146972656
2025-03-19,42.92623519897461
2025-03-20,31.74341583251953
2025-03-21,27.794967651367188
2025-03-22,24.803682327270508
2025-03-23,21.24964141845703
2025-03-24,19.774545669555664
2025-03-25,21.287866592407227
2025-03-26,22.042848587036133
2025-03-27,19.806745529174805
2025-03-28,17.616867065429688
2025-03-29,16.189071655273438
2025-03-30,15.145920753479004
2025-03-31,15.260429382324219
2025-04-01,18.519969940185547
2025-04-02,21.7978572845459
2025-04-03,19.503969192504883
2025-04-04,17.08652687072754
2025-04-05,15.334142684936523
2025-04-06,13.923466682434082
2025-04-07,27.59312629699707
2025-04-08,116.20945739746094
2025-04-09,167.4462890625
2025-04-10,104.10428619384766
2025-04-11,93.95866394042969
2025-04-12,110.92498779296875
2025-04-13,96.67034912109375
2025-04-14,64.17736053466797
2025-04-15,43.45176696777344
2025-04-16,32.89506912231445
2025-04-17,26.921051025390625
2025-04-18,22.99212074279785
2025-04-19,20.425928115844727
2025-04-20,18.516557693481445
2025-04-21,16.915603637695312
2025-04-22,15.765979766845703
2025-04-23,15.089316368103027
2025-04-24,14.590105056762695
2025-04-25,13.928546905517578
2025-04-26,13.487174034118652
2025-04-27,13.360257148742676
2025-04-28,12.865226745605469
2025-04-29,11.846409797668457
2025-04-30,11.098661422729492
2025-05-01,10.648309707641602
2025-05-02,10.549976348876953
2025-05-03,10.771942138671875
2025-05-04,14.133408546447754
2025-05-05,21.743789672851562
2025-05-06,22.72760009765625
2025-05-07,17.793041229248047
2025-05-08,14.247962951660156
2025-05-09,14.721110343933105
2025-05-10,19.38275718688965
2025-05-11,21.468469619750977
2025-05-12,30.098857879638672
2025-05-13,80.19281005859375
2025-05-14,128.86375427246094
2025-05-15,111.20562744140625
2025-05-16,75.17672729492188
2025-05-17,48.305233001708984
2025-05-18,37.889495849609375
2025-05-19,31.718612670898438
2025-05-20,24.293094635009766
2025-05-21,20.354467391967773
2025-05-22,20.142066955566406
2025-05-23,19.68766975402832
2025-05-24,16.556644439697266
2025-05-25,14.16666316986084
2025-05-26,12.621014595031738
2025-05-27,13.081367492675781
2025-05-28,20.455970764160156
2025-05-29,32.22244644165039
2025-05-30,43.132686614990234
2025-05-31,56.17591094970703
2025-06-01,51.98436737060547
2025-06-02,35.12211227416992
2025-06-03,24.713483810424805
2025-06-04,18.849084854125977
2025-06-05,18.97814178466797
2025-06-06,28.692523956298828
2025-06-07,38.482749938964844
2025-06-08,43.660438537597656
2025-06-09,44.181312561035156
2025-06-10,34.370704650878906
2025-06-11,29.9775447845459
2025-06-12,28.33419418334961
2025-06-13,24.877338409423828
2025-06-14,23.77244758605957
2025-06-15,24.81585693359375
2025-06-16,29.838417053222656
2025-06-17,42.408817291259766
2025-06-18,47.13701629638672
2025-06-19,36.91401290893555
2025-06-20,26.8248233795166
2025-06-21,21.142147064208984
2025-06-22,16.624635696411133
2025-06-23,13.56257152557373
2025-06-24,11.600350379943848
2025-06-25,10.362953186035156
2025-06-26,9.797514915466309
2025-06-27,9.780988693237305
2025-06-28,10.54784107208252
2025-06-29,12.940537452697754
2025-06-30,14.662725448608398
2025-07-01,13.556619644165039
2025-07-02,17.135778427124023
2025-07-03,28.357189178466797
2025-07-04,30.838247299194336
2025-07-05,21.073692321777344
2025-07-06,20.85515022277832
2025-07-07,92.13368225097656
2025-07-08,150.02987670898438
2025-07-09,108.5930404663086
2025-07-10,96.9314956665039
2025-07-11,120.66328430175781
2025-07-12,101.82076263427734
2025-07-13,62.867610931396484
2025-07-14,44.02470397949219
2025-07-15,50.38775634765625
2025-07-16,84.05526733398438
2025-07-17,98.61898803710938
2025-07-18,78.27571105957031
2025-07-19,65.65321350097656
2025-07-20,68.953857421875
2025-07-21,69.93724060058594
2025-07-22,64.72920227050781
2025-07-23,53.50266647338867
2025-07-24,37.25202941894531
2025-07-25,25.915149688720703
2025-07-26,20.0797061920166
2025-07-27,16.854965209960938
2025-07-28,15.149309158325195
2025-07-29,14.281756401062012
2025-07-30,13.893903732299805
2025-07-31,13.630354881286621
2025-08-01,13.290242195129395
2025-08-02,14.690014839172363
2025-08-03,17.01111602783203
2025-08-04,16.053539276123047
2025-08-05,15.148564338684082
2025-08-06,21.014577865600586
2025-08-07,32.396209716796875
2025-08-08,33.59441375732422
2025-08-09,26.489397048950195
2025-08-10,19.618642807006836
2025-08-11,16.674903869628906
2025-08-12,19.929012298583984
2025-08-13,25.284210205078125
2025-08-14,26.522701263427734
2025-08-15,25.701793670654297
2025-08-16,21.63821029663086
2025-08-17,17.17658042907715
2025-08-18,14.187257766723633
2025-08-19,12.30427360534668
2025-08-20,11.05153751373291
2025-08-21,10.123679161071777
2025-08-22,9.505974769592285
2025-08-23,9.191743850708008
2025-08-24,8.96334171295166
2025-08-25,8.672080993652344
2025-08-26,8.376872062683105
2025-08-27,8.032526016235352
2025-08-28,7.688900947570801
2025-08-29,7.391489028930664
2025-08-30,7.110642910003662
2025-08-31,6.801265716552734
2025-09-01,6.540731430053711
2025-09-02,6.269876480102539
2025-09-03,6.064558029174805
2025-09-04,6.055585861206055
2025-09-05,6.331623554229736
2025-09-06,6.663473129272461
2025-09-07,7.2476115226745605
2025-09-08,8.204078674316406
2025-09-09,8.149673461914062
2025-09-10,7.307497978210449
2025-09-11,6.649308204650879
2025-09-12,6.197744369506836
2025-09-13,5.861146926879883
2025-09-14,5.558618068695068
2025-09-15,5.277891159057617
2025-09-16,5.104720592498779
2025-09-17,5.010406017303467
2025-09-18,4.984799385070801
2025-09-19,4.9553680419921875
2025-09-20,4.766148567199707
2025-09-21,4.544238567352295
2025-09-22,4.39479398727417
2025-09-23,4.282115936279297
2025-09-24,4.142319679260254
2025-09-25,4.048917770385742
2025-09-26,4.187493324279785
2025-09-27,5.903176784515381
2025-09-28,10.107816696166992
2025-09-29,12.779159545898438
2025-09-30,15.155960083007812
2025-10-01,22.296737670898438
2025-10-02,22.801992416381836
2025-10-03,15.570425987243652
2025-10-04,10.911969184875488
2025-10-05,8.629491806030273
2025-10-06,7.432619094848633
2025-10-07,6.680943965911865
2025-10-08,6.210436820983887
2025-10-09,5.925576210021973
2025-10-10,5.692059516906738
2025-10-11,5.569217681884766
2025-10-12,5.978952884674072
2025-10-13,7.147701263427734
2025-10-14,7.8401288986206055
2025-10-15,7.191042900085449
2025-10-16,6.393380641937256
2025-10-17,5.852606296539307
2025-10-18,5.502605438232422
2025-10-19,5.2522783279418945
2025-10-20,5.089129447937012
2025-10-21,4.967353343963623
2025-10-22,4.811572074890137
2025-10-23,4.699451923370361
2025-10-24,4.585527420043945
2025-10-25,4.470326900482178
2025-10-26,4.415979385375977
2025-10-27,4.9116010665893555
2025-10-28,10.170568466186523
2025-10-29,19.250247955322266
2025-10-30,21.700071334838867
2025-10-31,20.007110595703125
2025-11-01,16.99724578857422
2025-11-02,13.1382474899292
2025-11-03,11.094247817993164
2025-11-04,10.698352813720703
2025-11-05,10.150035858154297
2025-11-06,9.112825393676758
2025-11-07,8.283411026000977
2025-11-08,8.02507209777832
2025-11-09,8.336548805236816
2025-11-10,8.942505836486816
2025-11-11,8.825905799865723
2025-11-12,8.314656257629395
2025-11-13,7.766266345977783
2025-11-14,7.39802885055542
2025-11-15,7.2149858474731445
2025-11-16,7.008837699890137
2025-11-17,6.726696491241455
2025-11-18,6.583330154418945
2025-11-19,6.56198787689209
2025-11-20,6.538652420043945
2025-11-21,6.6610260009765625
2025-11-22,6.915705680847168
2025-11-23,7.207791328430176
2025-11-24,7.173881530761719
2025-11-25,6.985628128051758
2025-11-26,6.89046049118042
2025-11-27,7.0648579597473145
2025-11-28,7.2717084884643555
2025-11-29,7.010788440704346
2025-11-30,6.766397953033447
2025-12-01,6.64190149307251
2025-12-02,7.746164321899414
2025-12-03,11.663867950439453
2025-12-04,14.68769645690918
2025-12-05,13.135519027709961
2025-12-06,11.954034805297852
2025-12-07,11.6875
2025-12-08,10.838109016418457
2025-12-09,10.705913543701172
2025-12-10,10.996112823486328
2025-12-11,10.392965316772461
2025-12-12,9.773553848266602
2025-12-13,9.312127113342285
2025-12-14,9.008308410644531
2025-12-15,8.84630012512207
2025-12-16,8.701505661010742
2025-12-17,8.435763359069824
2025-12-18,8.479150772094727
2025-12-19,12.271761894226074
2025-12-20,19.675086975097656
2025-12-21,20.525741577148438
2025-12-22,16.64775276184082
2025-12-23,13.705755233764648
2025-12-24,12.091014862060547
2025-12-25,11.046016693115234
2025-12-26,10.454113960266113
2025-12-27,10.091492652893066
2025-12-28,9.668474197387695
2025-12-29,9.327408790588379
2025-12-30,9.111837387084961
2025-12-31,8.889888763427734