Date,Flow
1980-01-01,16.868446350097656
1980-01-02,16.233991622924805
1980-01-03,15.762569427490234
1980-01-04,15.458707809448242
1980-01-05,16.189823150634766
1980-01-06,18.31151580810547
1980-01-07,19.060211181640625
1980-01-08,18.524612426757812
1980-01-09,18.704551696777344
1980-01-10,19.374954223632812
1980-01-11,21.402013778686523
1980-01-12,41.525794982910156
1980-01-13,71.68931579589844
1980-01-14,67.05484771728516
1980-01-15,64.27080535888672
1980-01-16,67.02246856689453
1980-01-17,53.00849914550781
1980-01-18,57.04596710205078
1980-01-19,106.6136474609375
1980-01-20,133.3494110107422
1980-01-21,90.69818878173828
1980-01-22,59.84575653076172
1980-01-23,59.8336067199707
1980-01-24,78.70681762695312
1980-01-25,74.83363342285156
1980-01-26,56.650123596191406
1980-01-27,44.49253845214844
1980-01-28,38.365665435791016
1980-01-29,34.32378387451172
1980-01-30,31.22895050048828
1980-01-31,29.592987060546875
1980-02-01,29.224828720092773
1980-02-02,28.254440307617188
1980-02-03,26.626924514770508
1980-02-04,25.226938247680664
1980-02-05,24.315872192382812
1980-02-06,23.355121612548828
1980-02-07,23.20368766784668
1980-02-08,23.53982925415039
1980-02-09,23.588809967041016
1980-02-10,30.095232009887695
1980-02-11,40.728309631347656
1980-02-12,42.28313446044922
1980-02-13,39.33234405517578
1980-02-14,36.36187744140625
1980-02-15,34.798404693603516
1980-02-16,34.75763702392578
1980-02-17,34.926551818847656
1980-02-18,32.42404556274414
1980-02-19,28.9121036529541
1980-02-20,26.91700553894043
1980-02-21,26.463367462158203
1980-02-22,27.574682235717773
1980-02-23,29.34943389892578
1980-02-24,29.363147735595703
1980-02-25,28.447786331176758
1980-02-26,29.76031494140625
1980-02-27,33.102943420410156
1980-02-28,32.318397521972656
1980-02-29,29.678730010986328
1980-03-01,27.533817291259766
1980-03-02,26.18301010131836
1980-03-03,26.774383544921875
1980-03-04,29.182388305664062
1980-03-05,36.11197280883789
1980-03-06,52.803466796875
1980-03-07,66.1787109375
1980-03-08,65.79891967773438
1980-03-09,75.25393676757812
1980-03-10,82.89923858642578
1980-03-11,67.9651870727539
1980-03-12,53.57870101928711
1980-03-13,44.50225067138672
1980-03-14,43.234832763671875
1980-03-15,44.598670959472656
1980-03-16,40.878604888916016
1980-03-17,37.909366607666016
1980-03-18,75.096435546875
1980-03-19,134.41171264648438
1980-03-20,121.75927734375
1980-03-21,147.34695434570312
1980-03-22,222.9752960205078
1980-03-23,187.2950439453125
1980-03-24,125.19711303710938
1980-03-25,125.36955261230469
1980-03-26,141.932373046875
1980-03-27,108.73588562011719
1980-03-28,76.8730239868164
1980-03-29,67.59650421142578
1980-03-30,86.45948791503906
1980-03-31,100.53968811035156
1980-04-01,89.37723541259766
1980-04-02,68.55200958251953
1980-04-03,54.49541091918945
1980-04-04,46.30002975463867
1980-04-05,41.43488693237305
1980-04-06,37.55238723754883
1980-04-07,34.31787872314453
1980-04-08,32.789791107177734
1980-04-09,34.91862487792969
1980-04-10,51.15481185913086
1980-04-11,56.29518508911133
1980-04-12,46.76579284667969
1980-04-13,43.59593963623047
1980-04-14,54.89728546142578
1980-04-15,73.95645904541016
1980-04-16,81.32839965820312
1980-04-17,64.77494049072266
1980-04-18,48.61585998535156
1980-04-19,39.414405822753906
1980-04-20,34.43143844604492
1980-04-21,31.34430694580078
1980-04-22,29.107311248779297
1980-04-23,27.24162483215332
1980-04-24,25.6121883392334
1980-04-25,24.228586196899414
1980-04-26,23.770294189453125
1980-04-27,23.972003936767578
1980-04-28,24.286270141601562
1980-04-29,24.1685733795166
1980-04-30,23.989456176757812
1980-05-01,23.840986251831055
1980-05-02,22.50814437866211
1980-05-03,20.878618240356445
1980-05-04,19.585079193115234
1980-05-05,18.598827362060547
1980-05-06,17.75491714477539
1980-05-07,17.05374526977539
1980-05-08,16.38559341430664
1980-05-09,15.72679328918457
1980-05-10,15.27830696105957
1980-05-11,14.837066650390625
1980-05-12,14.584914207458496
1980-05-13,14.214741706848145
1980-05-14,14.204479217529297
1980-05-15,15.208721160888672
1980-05-16,15.668917655944824
1980-05-17,14.52780532836914
1980-05-18,15.648950576782227
1980-05-19,21.449867248535156
1980-05-20,28.979032516479492
1980-05-21,57.76891326904297
1980-05-22,116.70482635498047
1980-05-23,96.56763458251953
1980-05-24,61.43475341796875
1980-05-25,48.415103912353516
1980-05-26,45.30461883544922
1980-05-27,38.8161735534668
1980-05-28,29.66809844970703
1980-05-29,23.51854133605957
1980-05-30,20.036331176757812
1980-05-31,18.043617248535156
1980-06-01,17.30785369873047
1980-06-02,16.75193977355957
1980-06-03,15.74502182006836
1980-06-04,14.52245044708252
1980-06-05,13.149327278137207
1980-06-06,12.024085998535156
1980-06-07,13.478776931762695
1980-06-08,16.313264846801758
1980-06-09,15.567571640014648
1980-06-10,13.274593353271484
1980-06-11,11.616924285888672
1980-06-12,10.69799518585205
1980-06-13,9.974559783935547
1980-06-14,9.321861267089844
1980-06-15,8.853057861328125
1980-06-16,8.532113075256348
1980-06-17,8.573963165283203
1980-06-18,9.976356506347656
1980-06-19,12.484106063842773
1980-06-20,13.154472351074219
1980-06-21,11.675049781799316
1980-06-22,10.050421714782715
1980-06-23,8.986355781555176
1980-06-24,8.226530075073242
1980-06-25,11.598051071166992
1980-06-26,50.57178497314453
1980-06-27,138.36351013183594
1980-06-28,132.9298553466797
1980-06-29,72.36686706542969
1980-06-30,38.63212966918945
1980-07-01,25.83504867553711
1980-07-02,19.685806274414062
1980-07-03,16.361005783081055
1980-07-04,14.782217025756836
1980-07-05,14.885856628417969
1980-07-06,15.440277099609375
1980-07-07,14.072992324829102
1980-07-08,12.041800498962402
1980-07-09,11.207125663757324
1980-07-10,16.332889556884766
1980-07-11,27.374156951904297
1980-07-12,28.118206024169922
1980-07-13,23.249876022338867
1980-07-14,27.017704010009766
1980-07-15,27.811973571777344
1980-07-16,20.186132431030273
1980-07-17,15.420842170715332
1980-07-18,15.433572769165039
1980-07-19,18.16302490234375
1980-07-20,17.496063232421875
1980-07-21,14.104572296142578
1980-07-22,11.32795238494873
1980-07-23,10.92198657989502
1980-07-24,15.371352195739746
1980-07-25,20.110013961791992
1980-07-26,17.074796676635742
1980-07-27,12.899092674255371
1980-07-28,10.383544921875
1980-07-29,9.332552909851074
1980-07-30,9.480228424072266
1980-07-31,9.119475364685059
1980-08-01,8.497085571289062
1980-08-02,9.042572021484375
1980-08-03,10.010693550109863
1980-08-04,9.437503814697266
1980-08-05,8.283235549926758
1980-08-06,7.420943260192871
1980-08-07,6.857668876647949
1980-08-08,6.380373954772949
1980-08-09,5.9576005935668945
1980-08-10,5.700181484222412
1980-08-11,5.579287052154541
1980-08-12,5.4014434814453125
1980-08-13,5.177788257598877
1980-08-14,5.030251502990723
1980-08-15,5.023711681365967
1980-08-16,5.06527853012085
1980-08-17,5.0118842124938965
1980-08-18,4.858699798583984
1980-08-19,4.873478412628174
1980-08-20,5.384676456451416
1980-08-21,5.879952430725098
1980-08-22,6.074875354766846
1980-08-23,6.672199249267578
1980-08-24,7.104211330413818
1980-08-25,6.652194976806641
1980-08-26,5.932977199554443
1980-08-27,5.320498466491699
1980-08-28,4.838258266448975
1980-08-29,4.466429710388184
1980-08-30,4.177556037902832
1980-08-31,3.987150192260742
1980-09-01,3.868931770324707
1980-09-02,3.773202896118164
1980-09-03,3.838029146194458
1980-09-04,4.924603462219238
1980-09-05,7.260136604309082
1980-09-06,8.187519073486328
1980-09-07,7.098265171051025
1980-09-08,5.933396816253662
1980-09-09,5.192148208618164
1980-09-10,4.7548041343688965
1980-09-11,4.524751663208008
1980-09-12,4.329375743865967
1980-09-13,4.102436542510986
1980-09-14,3.8768160343170166
1980-09-15,3.7181754112243652
1980-09-16,3.608835458755493
1980-09-17,3.730192184448242
1980-09-18,4.067825794219971
1980-09-19,4.275425910949707
1980-09-20,4.3034491539001465
1980-09-21,4.323684215545654
1980-09-22,4.2897562980651855
1980-09-23,4.071048259735107
1980-09-24,3.859267473220825
1980-09-25,4.09597110748291
1980-09-26,5.421796798706055
1980-09-27,6.988215923309326
1980-09-28,6.630687236785889
1980-09-29,5.7020978927612305
1980-09-30,6.157700061798096
1980-10-01,9.886557579040527
1980-10-02,16.061765670776367
1980-10-03,17.18793487548828
1980-10-04,13.910984992980957
1980-10-05,10.697160720825195
1980-10-06,8.781673431396484
1980-10-07,7.936478614807129
1980-10-08,7.050768852233887
1980-10-09,6.26669979095459
1980-10-10,5.684252738952637
1980-10-11,5.260958194732666
1980-10-12,4.966401100158691
1980-10-13,4.729227066040039
1980-10-14,4.5762152671813965
1980-10-15,4.487345218658447
1980-10-16,4.445480823516846
1980-10-17,4.417952060699463
1980-10-18,4.380730628967285
1980-10-19,5.0221076011657715
1980-10-20,7.7695112228393555
1980-10-21,10.21586799621582
1980-10-22,9.072282791137695
1980-10-23,7.35717248916626
1980-10-24,6.321722984313965
1980-10-25,5.967053413391113
1980-10-26,6.746296405792236
1980-10-27,7.9675188064575195
1980-10-28,7.813216209411621
1980-10-29,7.335331439971924
1980-10-30,8.193761825561523
1980-10-31,11.614657402038574
1980-11-01,14.999994277954102
1980-11-02,13.358479499816895
1980-11-03,10.626686096191406
1980-11-04,9.3257417678833
1980-11-05,10.24929428100586
1980-11-06,12.656415939331055
1980-11-07,11.927278518676758
1980-11-08,10.148736953735352
1980-11-09,8.899958610534668
1980-11-10,8.139398574829102
1980-11-11,7.532181739807129
1980-11-12,7.131019592285156
1980-11-13,6.958963394165039
1980-11-14,6.91358757019043
1980-11-15,6.79449462890625
1980-11-16,6.9447479248046875
1980-11-17,7.628390312194824
1980-11-18,9.056873321533203
1980-11-19,12.039285659790039
1980-11-20,13.907108306884766
1980-11-21,12.550179481506348
1980-11-22,10.813190460205078
1980-11-23,9.764491081237793
1980-11-24,10.530294418334961
1980-11-25,18.088058471679688
1980-11-26,27.630353927612305
1980-11-27,24.170196533203125
1980-11-28,20.464801788330078
1980-11-29,20.77568244934082
1980-11-30,18.598834991455078
1980-12-01,15.542835235595703
1980-12-02,13.54498291015625
1980-12-03,12.181087493896484
1980-12-04,11.198540687561035
1980-12-05,10.542964935302734
1980-12-06,10.163287162780762
1980-12-07,10.003705024719238
1980-12-08,9.81491470336914
1980-12-09,9.592845916748047
1980-12-10,10.885908126831055
1980-12-11,16.492246627807617
1980-12-12,20.698741912841797
1980-12-13,17.737070083618164
1980-12-14,14.770172119140625
1980-12-15,12.914580345153809
1980-12-16,11.848179817199707
1980-12-17,11.374677658081055
1980-12-18,11.218266487121582
1980-12-19,10.851115226745605
1980-12-20,10.353407859802246
1980-12-21,9.982861518859863
1980-12-22,9.67266845703125
1980-12-23,9.441768646240234
1980-12-24,9.517989158630371
1980-12-25,9.680357933044434
1980-12-26,9.512925148010254
1980-12-27,9.194293022155762
1980-12-28,9.910994529724121
1980-12-29,12.212703704833984
1980-12-30,15.020875930786133
1980-12-31,15.732548713684082
1981-01-01,14.701559066772461
1981-01-02,13.653839111328125
1981-01-03,12.618559837341309
1981-01-04,11.800687789916992
1981-01-05,11.12414264678955
1981-01-06,10.523375511169434
1981-01-07,10.367049217224121
1981-01-08,10.646909713745117
1981-01-09,10.571882247924805
1981-01-10,10.174617767333984
1981-01-11,9.799367904663086
1981-01-12,9.411895751953125
1981-01-13,9.097644805908203
1981-01-14,8.926152229309082
1981-01-15,8.91633415222168
1981-01-16,8.938233375549316
1981-01-17,8.746633529663086
1981-01-18,8.58077335357666
1981-01-19,8.520219802856445
1981-01-20,8.540925025939941
1981-01-21,8.932931900024414
1981-01-22,10.823278427124023
1981-01-23,13.067193031311035
1981-01-24,12.757613182067871
1981-01-25,11.704778671264648
1981-01-26,10.995445251464844
1981-01-27,10.610342979431152
1981-01-28,10.347575187683105
1981-01-29,10.156726837158203
1981-01-30,10.011791229248047
1981-01-31,10.334355354309082
1981-02-01,10.873150825500488
1981-02-02,12.377542495727539
1981-02-03,17.643342971801758
1981-02-04,20.048961639404297
1981-02-05,17.70792579650879
1981-02-06,15.381956100463867
1981-02-07,14.1228666305542
1981-02-08,14.01771354675293
1981-02-09,16.025339126586914
1981-02-10,17.72068214416504
1981-02-11,42.880401611328125
1981-02-12,118.18521881103516
1981-02-13,140.24459838867188
1981-02-14,89.24612426757812
1981-02-15,53.97860336303711
1981-02-16,37.580474853515625
1981-02-17,29.599123001098633
1981-02-18,25.565227508544922
1981-02-19,25.083953857421875
1981-02-20,35.80188751220703
1981-02-21,53.506980895996094
1981-02-22,51.184852600097656
1981-02-23,38.90262222290039
1981-02-24,31.868083953857422
1981-02-25,28.319440841674805
1981-02-26,24.468914031982422
1981-02-27,21.47089385986328
1981-02-28,19.26530647277832
1981-03-01,17.864065170288086
1981-03-02,16.96411895751953
1981-03-03,16.20425033569336
1981-03-04,15.481539726257324
1981-03-05,18.86618995666504
1981-03-06,30.07040023803711
1981-03-07,34.886695861816406
1981-03-08,29.415191650390625
1981-03-09,23.865894317626953
1981-03-10,20.408775329589844
1981-03-11,18.298542022705078
1981-03-12,17.00690269470215
1981-03-13,16.0360164642334
1981-03-14,15.267715454101562
1981-03-15,14.65390682220459
1981-03-16,14.118809700012207
1981-03-17,14.146989822387695
1981-03-18,14.12375259399414
1981-03-19,13.9437255859375
1981-03-20,13.750521659851074
1981-03-21,13.426252365112305
1981-03-22,13.077829360961914
1981-03-23,20.876728057861328
1981-03-24,45.11707305908203
1981-03-25,56.005287170410156
1981-03-26,43.148109436035156
1981-03-27,31.469181060791016
1981-03-28,25.233057022094727
1981-03-29,21.52290153503418
1981-03-30,20.60702133178711
1981-03-31,26.924047470092773
1981-04-01,36.019126892089844
1981-04-02,34.93608474731445
1981-04-03,31.266292572021484
1981-04-04,26.156782150268555
1981-04-05,22.287145614624023
1981-04-06,22.192211151123047
1981-04-07,23.544246673583984
1981-04-08,21.35348129272461
1981-04-09,19.231609344482422
1981-04-10,19.487937927246094
1981-04-11,20.459110260009766
1981-04-12,18.945266723632812
1981-04-13,16.8185977935791
1981-04-14,15.321778297424316
1981-04-15,14.299792289733887
1981-04-16,13.588997840881348
1981-04-17,12.831829071044922
1981-04-18,12.396323204040527
1981-04-19,12.023983001708984
1981-04-20,11.707313537597656
1981-04-21,12.384199142456055
1981-04-22,13.157430648803711
1981-04-23,12.473154067993164
1981-04-24,11.8058443069458
1981-04-25,11.681316375732422
1981-04-26,11.398029327392578
1981-04-27,10.725133895874023
1981-04-28,10.088797569274902
1981-04-29,9.556894302368164
1981-04-30,9.145698547363281
1981-05-01,8.837747573852539
1981-05-02,8.526365280151367
1981-05-03,8.096580505371094
1981-05-04,7.743813514709473
1981-05-05,7.530381202697754
1981-05-06,7.300490379333496
1981-05-07,7.208575248718262
1981-05-08,7.879795074462891
1981-05-09,8.689669609069824
1981-05-10,8.399168014526367
1981-05-11,8.251157760620117
1981-05-12,8.705431938171387
1981-05-13,8.704927444458008
1981-05-14,8.084400177001953
1981-05-15,7.38985013961792
1981-05-16,6.843658447265625
1981-05-17,6.442110538482666
1981-05-18,6.145432472229004
1981-05-19,6.02344274520874
1981-05-20,7.05301570892334
1981-05-21,12.263948440551758
1981-05-22,18.071640014648438
1981-05-23,16.180500030517578
1981-05-24,12.072924613952637
1981-05-25,9.495491027832031
1981-05-26,8.058722496032715
1981-05-27,7.229597091674805
1981-05-28,7.4448394775390625
1981-05-29,9.166101455688477
1981-05-30,9.908245086669922
1981-05-31,8.85202693939209
1981-06-01,7.982672214508057
1981-06-02,10.28777027130127
1981-06-03,15.461249351501465
1981-06-04,16.213924407958984
1981-06-05,13.090103149414062
1981-06-06,10.725643157958984
1981-06-07,11.36476993560791
1981-06-08,13.086450576782227
1981-06-09,11.874510765075684
1981-06-10,9.696983337402344
1981-06-11,8.212661743164062
1981-06-12,7.571897506713867
1981-06-13,7.686196327209473
1981-06-14,7.804838180541992
1981-06-15,7.260388374328613
1981-06-16,6.373546600341797
1981-06-17,5.519850730895996
1981-06-18,5.146053314208984
1981-06-19,6.595651149749756
1981-06-20,8.911760330200195
1981-06-21,8.706012725830078
1981-06-22,7.209935188293457
1981-06-23,6.026520729064941
1981-06-24,5.150428771972656
1981-06-25,4.523159027099609
1981-06-26,4.174432754516602
1981-06-27,4.005306720733643
1981-06-28,3.8171753883361816
1981-06-29,3.5463297367095947
1981-06-30,3.2888834476470947
1981-07-01,3.1133487224578857
1981-07-02,3.1881656646728516
1981-07-03,4.7368903160095215
1981-07-04,41.5098876953125
1981-07-05,94.79638671875
1981-07-06,70.28800201416016
1981-07-07,37.35381317138672
1981-07-08,22.482097625732422
1981-07-09,14.858345031738281
1981-07-10,10.3514404296875
1981-07-11,7.89858865737915
1981-07-12,6.74540901184082
1981-07-13,6.1866254806518555
1981-07-14,5.8388800621032715
1981-07-15,5.552270412445068
1981-07-16,5.493188858032227
1981-07-17,6.749257564544678
1981-07-18,8.919459342956543
1981-07-19,8.450385093688965
1981-07-20,7.225936412811279
1981-07-21,7.606168270111084
1981-07-22,8.225794792175293
1981-07-23,7.266107559204102
1981-07-24,6.062325477600098
1981-07-25,6.5328288078308105
1981-07-26,9.77935791015625
1981-07-27,11.614023208618164
1981-07-28,10.12650203704834
1981-07-29,10.03009033203125
1981-07-30,13.287692070007324
1981-07-31,13.238816261291504
1981-08-01,9.868370056152344
1981-08-02,7.215860843658447
1981-08-03,5.8973774909973145
1981-08-04,5.556443214416504
1981-08-05,5.426457405090332
1981-08-06,5.122405529022217
1981-08-07,5.2169647216796875
1981-08-08,5.729453086853027
1981-08-09,6.2811503410339355
1981-08-10,6.7058892250061035
1981-08-11,6.5371012687683105
1981-08-12,10.869367599487305
1981-08-13,21.156410217285156
1981-08-14,22.295364379882812
1981-08-15,14.434499740600586
1981-08-16,9.581424713134766
1981-08-17,7.416436672210693
1981-08-18,6.48225212097168
1981-08-19,7.385160446166992
1981-08-20,13.8910551071167
1981-08-21,17.077110290527344
1981-08-22,13.401050567626953
1981-08-23,9.588988304138184
1981-08-24,7.385627746582031
1981-08-25,6.160040855407715
1981-08-26,5.322056770324707
1981-08-27,4.663088798522949
1981-08-28,4.210994720458984
1981-08-29,3.906126022338867
1981-08-30,3.7868785858154297
1981-08-31,3.9585933685302734
1981-09-01,4.322603225708008
1981-09-02,4.51397705078125
1981-09-03,4.547473430633545
1981-09-04,4.644343376159668
1981-09-05,6.5879316329956055
1981-09-06,14.521686553955078
1981-09-07,28.74526596069336
1981-09-08,45.4536018371582
1981-09-09,49.05479049682617
1981-09-10,33.31886291503906
1981-09-11,19.763460159301758
1981-09-12,12.867426872253418
1981-09-13,9.451165199279785
1981-09-14,7.561095714569092
1981-09-15,6.448329448699951
1981-09-16,6.335165023803711
1981-09-17,8.443864822387695
1981-09-18,11.358095169067383
1981-09-19,10.977161407470703
1981-09-20,8.906634330749512
1981-09-21,7.274667739868164
1981-09-22,6.223596096038818
1981-09-23,5.52884578704834
1981-09-24,5.054165363311768
1981-09-25,4.696955680847168
1981-09-26,4.4267683029174805
1981-09-27,4.245757102966309
1981-09-28,4.059598922729492
1981-09-29,3.8446478843688965
1981-09-30,3.671273946762085
1981-10-01,3.576585292816162
1981-10-02,3.5458335876464844
1981-10-03,3.6684300899505615
1981-10-04,3.8493027687072754
1981-10-05,3.8417673110961914
1981-10-06,3.6956088542938232
1981-10-07,3.543558120727539
1981-10-08,3.4463000297546387
1981-10-09,3.3652753829956055
1981-10-10,3.3397715091705322
1981-10-11,3.3676981925964355
1981-10-12,3.4366846084594727
1981-10-13,3.4627864360809326
1981-10-14,3.3714723587036133
1981-10-15,3.245374917984009
1981-10-16,3.169283151626587
1981-10-17,3.103522777557373
1981-10-18,3.0380334854125977
1981-10-19,3.0547566413879395
1981-10-20,3.149554967880249
1981-10-21,3.1786556243896484
1981-10-22,3.135702133178711
1981-10-23,3.127894878387451
1981-10-24,3.284205436706543
1981-10-25,3.7958555221557617
1981-10-26,6.046748161315918
1981-10-27,31.961864471435547
1981-10-28,77.32395935058594
1981-10-29,69.32455444335938
1981-10-30,36.41948318481445
1981-10-31,19.95890998840332
1981-11-01,13.370992660522461
1981-11-02,10.581904411315918
1981-11-03,9.082167625427246
1981-11-04,8.114683151245117
1981-11-05,7.468493461608887
1981-11-06,7.2168073654174805
1981-11-07,7.3035383224487305
1981-11-08,7.230344295501709
1981-11-09,6.938268661499023
1981-11-10,6.582309246063232
1981-11-11,6.242334365844727
1981-11-12,5.9846954345703125
1981-11-13,5.757599830627441
1981-11-14,5.618345737457275
1981-11-15,5.588773250579834
1981-11-16,5.588675498962402
1981-11-17,5.483428001403809
1981-11-18,5.366253852844238
1981-11-19,5.321830749511719
1981-11-20,5.325044631958008
1981-11-21,5.186767101287842
1981-11-22,5.041380405426025
1981-11-23,5.030683994293213
1981-11-24,5.119883060455322
1981-11-25,5.588397026062012
1981-11-26,6.528471946716309
1981-11-27,6.753310680389404
1981-11-28,6.458508491516113
1981-11-29,6.220766544342041
1981-11-30,5.997753143310547
1981-12-01,5.8334641456604
1981-12-02,6.464606285095215
1981-12-03,8.617424964904785
1981-12-04,9.990325927734375
1981-12-05,9.749871253967285
1981-12-06,9.164321899414062
1981-12-07,8.439375877380371
1981-12-08,7.794537544250488
1981-12-09,7.176605224609375
1981-12-10,6.742486953735352
1981-12-11,6.498171329498291
1981-12-12,6.268266677856445
1981-12-13,6.114236354827881
1981-12-14,6.083749771118164
1981-12-15,12.519984245300293
1981-12-16,37.430599212646484
1981-12-17,56.66107177734375
1981-12-18,43.135093688964844
1981-12-19,28.72403335571289
1981-12-20,20.823192596435547
1981-12-21,16.230207443237305
1981-12-22,13.922149658203125
1981-12-23,13.740035057067871
1981-12-24,14.454465866088867
1981-12-25,21.944704055786133
1981-12-26,46.177886962890625
1981-12-27,60.159324645996094
1981-12-28,46.92232894897461
1981-12-29,33.559349060058594
1981-12-30,25.650665283203125
1981-12-31,28.848567962646484
1982-01-01,68.19168090820312
1982-01-02,107.7822494506836
1982-01-03,96.21617889404297
1982-01-04,114.54241180419922
1982-01-05,167.32704162597656
1982-01-06,142.71884155273438
1982-01-07,85.96727752685547
1982-01-08,53.25099182128906
1982-01-09,38.60847473144531
1982-01-10,30.759904861450195
1982-01-11,25.51280403137207
1982-01-12,21.92984390258789
1982-01-13,20.04876136779785
1982-01-14,19.80929183959961
1982-01-15,20.751888275146484
1982-01-16,22.252559661865234
1982-01-17,23.62696075439453
1982-01-18,22.620319366455078
1982-01-19,21.546838760375977
1982-01-20,25.58856964111328
1982-01-21,36.62360382080078
1982-01-22,50.81880187988281
1982-01-23,63.98075866699219
1982-01-24,85.51437377929688
1982-01-25,95.984619140625
1982-01-26,74.80743408203125
1982-01-27,55.584590911865234
1982-01-28,41.55014419555664
1982-01-29,33.93758010864258
1982-01-30,30.242664337158203
1982-01-31,28.42848777770996
1982-02-01,29.24299430847168
1982-02-02,34.552921295166016
1982-02-03,71.08761596679688
1982-02-04,163.53724670410156
1982-02-05,190.18386840820312
1982-02-06,120.26018524169922
1982-02-07,74.97956848144531
1982-02-08,53.13216018676758
1982-02-09,41.16242980957031
1982-02-10,38.97637939453125
1982-02-11,40.818607330322266
1982-02-12,37.386962890625
1982-02-13,38.812191009521484
1982-02-14,47.25204086303711
1982-02-15,48.116241455078125
1982-02-16,43.53775405883789
1982-02-17,60.32389831542969
1982-02-18,114.05853271484375
1982-02-19,135.2882080078125
1982-02-20,102.8457260131836
1982-02-21,72.2286376953125
1982-02-22,53.8190803527832
1982-02-23,42.47903060913086
1982-02-24,35.397377014160156
1982-02-25,31.779212951660156
1982-02-26,29.14082145690918
1982-02-27,34.15439224243164
1982-02-28,57.53223419189453
1982-03-01,81.37162017822266
1982-03-02,80.51373291015625
1982-03-03,69.26541137695312
1982-03-04,58.247650146484375
1982-03-05,49.31834411621094
1982-03-06,42.816673278808594
1982-03-07,58.42637634277344
1982-03-08,104.04503631591797
1982-03-09,116.36495971679688
1982-03-10,84.89683532714844
1982-03-11,60.73487854003906
1982-03-12,48.397254943847656
1982-03-13,41.052581787109375
1982-03-14,36.61681365966797
1982-03-15,33.495880126953125
1982-03-16,32.771202087402344
1982-03-17,33.81889343261719
1982-03-18,32.78844451904297
1982-03-19,30.101364135742188
1982-03-20,28.361648559570312
1982-03-21,30.893508911132812
1982-03-22,39.729103088378906
1982-03-23,43.980567932128906
1982-03-24,37.65404510498047
1982-03-25,31.63346290588379
1982-03-26,28.11488151550293
1982-03-27,26.235212326049805
1982-03-28,24.472721099853516
1982-03-29,22.754091262817383
1982-03-30,21.322219848632812
1982-03-31,20.82774543762207
1982-04-01,21.002635955810547
1982-04-02,20.940597534179688
1982-04-03,20.526235580444336
1982-04-04,20.79584503173828
1982-04-05,20.983749389648438
1982-04-06,20.28484535217285
1982-04-07,19.924163818359375
1982-04-08,19.238536834716797
1982-04-09,20.323097229003906
1982-04-10,23.59184455871582
1982-04-11,24.62603759765625
1982-04-12,22.901195526123047
1982-04-13,21.045536041259766
1982-04-14,19.785789489746094
1982-04-15,18.81342887878418
1982-04-16,18.160310745239258
1982-04-17,17.994827270507812
1982-04-18,18.713973999023438
1982-04-19,19.832780838012695
1982-04-20,19.469314575195312
1982-04-21,19.7474365234375
1982-04-22,20.2481689453125
1982-04-23,18.806537628173828
1982-04-24,17.122211456298828
1982-04-25,15.926377296447754
1982-04-26,20.196361541748047
1982-04-27,46.45781707763672
1982-04-28,91.30197143554688
1982-04-29,102.66500854492188
1982-04-30,72.76731872558594
1982-05-01,47.131473541259766
1982-05-02,34.38761901855469
1982-05-03,28.492290496826172
1982-05-04,25.319047927856445
1982-05-05,22.48769760131836
1982-05-06,19.992782592773438
1982-05-07,18.182476043701172
1982-05-08,16.67971420288086
1982-05-09,15.720359802246094
1982-05-10,15.181910514831543
1982-05-11,14.318338394165039
1982-05-12,13.472700119018555
1982-05-13,12.867650032043457
1982-05-14,12.305264472961426
1982-05-15,11.679498672485352
1982-05-16,11.159717559814453
1982-05-17,11.221168518066406
1982-05-18,11.881299018859863
1982-05-19,12.354937553405762
1982-05-20,12.892208099365234
1982-05-21,15.140836715698242
1982-05-22,19.589183807373047
1982-05-23,22.30828857421875
1982-05-24,29.027395248413086
1982-05-25,50.632137298583984
1982-05-26,67.3507308959961
1982-05-27,67.56348419189453
1982-05-28,61.84585952758789
1982-05-29,57.266876220703125
1982-05-30,63.56660842895508
1982-05-31,76.59163665771484
1982-06-01,75.25060272216797
1982-06-02,65.967529296875
1982-06-03,62.661346435546875
1982-06-04,79.22007751464844
1982-06-05,110.33003234863281
1982-06-06,121.40300750732422
1982-06-07,94.68756866455078
1982-06-08,59.11623001098633
1982-06-09,39.248321533203125
1982-06-10,62.61418533325195
1982-06-11,176.51129150390625
1982-06-12,273.77740478515625
1982-06-13,194.6338653564453
1982-06-14,134.59378051757812
1982-06-15,111.68290710449219
1982-06-16,80.47854614257812
1982-06-17,65.2480239868164
1982-06-18,80.63966369628906
1982-06-19,114.791015625
1982-06-20,104.42338562011719
1982-06-21,69.52999877929688
1982-06-22,47.72167205810547
1982-06-23,38.37868881225586
1982-06-24,32.70542907714844
1982-06-25,27.30473518371582
1982-06-26,23.841716766357422
1982-06-27,21.490360260009766
1982-06-28,19.878026962280273
1982-06-29,20.819297790527344
1982-06-30,26.036014556884766
1982-07-01,28.93185043334961
1982-07-02,25.0913143157959
1982-07-03,20.507057189941406
1982-07-04,19.566925048828125
1982-07-05,21.846248626708984
1982-07-06,23.257160186767578
1982-07-07,21.103900909423828
1982-07-08,17.878982543945312
1982-07-09,16.161760330200195
1982-07-10,16.49284553527832
1982-07-11,19.30091667175293
1982-07-12,22.073448181152344
1982-07-13,23.365291595458984
1982-07-14,25.66457176208496
1982-07-15,29.00943374633789
1982-07-16,30.854955673217773
1982-07-17,27.976003646850586
1982-07-18,22.49846649169922
1982-07-19,18.091266632080078
1982-07-20,15.456027030944824
1982-07-21,13.838653564453125
1982-07-22,12.594612121582031
1982-07-23,12.35223388671875
1982-07-24,13.80163860321045
1982-07-25,15.37950325012207
1982-07-26,14.950883865356445
1982-07-27,13.374284744262695
1982-07-28,12.266876220703125
1982-07-29,12.196976661682129
1982-07-30,13.965999603271484
1982-07-31,17.67721176147461
1982-08-01,24.074661254882812
1982-08-02,28.266979217529297
1982-08-03,23.773693084716797
1982-08-04,17.619909286499023
1982-08-05,13.84481430053711
1982-08-06,12.373445510864258
1982-08-07,11.825011253356934
1982-08-08,11.047380447387695
1982-08-09,11.513008117675781
1982-08-10,15.869049072265625
1982-08-11,20.296985626220703
1982-08-12,23.69782257080078
1982-08-13,27.746654510498047
1982-08-14,24.116851806640625
1982-08-15,17.98143768310547
1982-08-16,14.448781967163086
1982-08-17,13.426671981811523
1982-08-18,14.494945526123047
1982-08-19,15.303338050842285
1982-08-20,14.237326622009277
1982-08-21,12.221015930175781
1982-08-22,10.49506664276123
1982-08-23,9.431171417236328
1982-08-24,8.747309684753418
1982-08-25,8.277194023132324
1982-08-26,8.024236679077148
1982-08-27,7.805375576019287
1982-08-28,7.443338394165039
1982-08-29,7.080162525177002
1982-08-30,6.751531600952148
1982-08-31,6.408801078796387
1982-09-01,6.238038539886475
1982-09-02,6.344692230224609
1982-09-03,6.535512924194336
1982-09-04,6.512093544006348
1982-09-05,6.235878944396973
1982-09-06,5.848789691925049
1982-09-07,5.53873872756958
1982-09-08,5.298488140106201
1982-09-09,5.078233242034912
1982-09-10,4.908276557922363
1982-09-11,4.8348307609558105
1982-09-12,4.878530979156494
1982-09-13,4.872104644775391
1982-09-14,4.7698235511779785
1982-09-15,4.722862243652344
1982-09-16,4.715749740600586
1982-09-17,4.602481842041016
1982-09-18,4.416292667388916
1982-09-19,4.334388256072998
1982-09-20,4.559720039367676
1982-09-21,5.052276611328125
1982-09-22,5.417397975921631
1982-09-23,5.375622749328613
1982-09-24,5.0904388427734375
1982-09-25,4.812175273895264
1982-09-26,4.88641881942749
1982-09-27,6.169855117797852
1982-09-28,8.139494895935059
1982-09-29,7.8267621994018555
1982-09-30,6.558546543121338
1982-10-01,5.730340480804443
1982-10-02,5.211320400238037
1982-10-03,4.877795696258545
1982-10-04,4.697366237640381
1982-10-05,4.565661907196045
1982-10-06,4.490389347076416
1982-10-07,4.487950325012207
1982-10-08,4.563833236694336
1982-10-09,4.9643402099609375
1982-10-10,5.62032413482666
1982-10-11,6.003396511077881
1982-10-12,6.089977264404297
1982-10-13,6.809865474700928
1982-10-14,11.814075469970703
1982-10-15,18.982845306396484
1982-10-16,16.9567813873291
1982-10-17,11.942544937133789
1982-10-18,9.216649055480957
1982-10-19,7.962641716003418
1982-10-20,7.229650497436523
1982-10-21,6.681703090667725
1982-10-22,6.361210346221924
1982-10-23,6.19528865814209
1982-10-24,6.536823272705078
1982-10-25,21.947057723999023
1982-10-26,65.42688751220703
1982-10-27,96.15209197998047
1982-10-28,64.34868621826172
1982-10-29,35.78691864013672
1982-10-30,23.220304489135742
1982-10-31,17.523420333862305
1982-11-01,14.555699348449707
1982-11-02,12.86345386505127
1982-11-03,11.815553665161133
1982-11-04,12.804457664489746
1982-11-05,21.969100952148438
1982-11-06,32.26386260986328
1982-11-07,26.663124084472656
1982-11-08,20.028289794921875
1982-11-09,16.469736099243164
1982-11-10,14.427412986755371
1982-11-11,13.101109504699707
1982-11-12,12.306436538696289
1982-11-13,15.257645606994629
1982-11-14,22.014850616455078
1982-11-15,24.865108489990234
1982-11-16,23.323657989501953
1982-11-17,20.507457733154297
1982-11-18,17.780258178710938
1982-11-19,15.988431930541992
1982-11-20,15.000500679016113
1982-11-21,14.201865196228027
1982-11-22,13.487698554992676
1982-11-23,12.977313041687012
1982-11-24,12.57353401184082
1982-11-25,12.0012845993042
1982-11-26,11.554615020751953
1982-11-27,11.337076187133789
1982-11-28,11.478043556213379
1982-11-29,12.99393081665039
1982-11-30,17.139766693115234
1982-12-01,21.277761459350586
1982-12-02,22.395496368408203
1982-12-03,21.924345016479492
1982-12-04,19.782320022583008
1982-12-05,17.77290916442871
1982-12-06,17.236257553100586
1982-12-07,19.888259887695312
1982-12-08,21.801101684570312
1982-12-09,19.39594841003418
1982-12-10,16.933900833129883
1982-12-11,16.732421875
1982-12-12,43.58000183105469
1982-12-13,91.20149993896484
1982-12-14,86.07374572753906
1982-12-15,58.64846420288086
1982-12-16,63.0208854675293
1982-12-17,92.568115234375
1982-12-18,92.80149841308594
1982-12-19,65.39735412597656
1982-12-20,45.72951889038086
1982-12-21,36.414283752441406
1982-12-22,30.489742279052734
1982-12-23,26.210227966308594
1982-12-24,23.623830795288086
1982-12-25,21.944095611572266
1982-12-26,20.708114624023438
1982-12-27,19.5819149017334
1982-12-28,18.833011627197266
1982-12-29,20.896141052246094
1982-12-30,32.32939529418945
1982-12-31,46.541229248046875
1983-01-01,49.98958969116211
1983-01-02,50.64698028564453
1983-01-03,56.11137390136719
1983-01-04,64.43058776855469
1983-01-05,56.2043571472168
1983-01-06,44.78312301635742
1983-01-07,38.09169387817383
1983-01-08,32.33784484863281
1983-01-09,28.067340850830078
1983-01-10,25.40274429321289
1983-01-11,24.203744888305664
1983-01-12,23.515300750732422
1983-01-13,22.580427169799805
1983-01-14,21.422832489013672
1983-01-15,20.119966506958008
1983-01-16,19.290645599365234
1983-01-17,18.605993270874023
1983-01-18,17.8347110748291
1983-01-19,17.301498413085938
1983-01-20,16.797042846679688
1983-01-21,16.372814178466797
1983-01-22,19.258712768554688
1983-01-23,31.0899715423584
1983-01-24,47.27870559692383
1983-01-25,51.5125846862793
1983-01-26,42.62864303588867
1983-01-27,34.1442985534668
1983-01-28,30.072397232055664
1983-01-29,27.7298583984375
1983-01-30,25.146747589111328
1983-01-31,23.41522789001465
1983-02-01,21.964012145996094
1983-02-02,29.1132755279541
1983-02-03,68.84195709228516
1983-02-04,104.95149230957031
1983-02-05,82.46087646484375
1983-02-06,59.136226654052734
1983-02-07,60.0366325378418
1983-02-08,66.7322998046875
1983-02-09,58.015167236328125
1983-02-10,46.70018768310547
1983-02-11,44.458309173583984
1983-02-12,50.86714553833008
1983-02-13,52.889060974121094
1983-02-14,82.55232238769531
1983-02-15,186.4840850830078
1983-02-16,257.1156311035156
1983-02-17,194.91810607910156
1983-02-18,130.79327392578125
1983-02-19,91.1385498046875
1983-02-20,67.07788848876953
1983-02-21,53.58503341674805
1983-02-22,45.0318603515625
1983-02-23,48.28550720214844
1983-02-24,69.3880844116211
1983-02-25,85.64973449707031
1983-02-26,79.50806427001953
1983-02-27,65.8899917602539
1983-02-28,52.8904914855957
1983-03-01,54.48829650878906
1983-03-02,83.25839233398438
1983-03-03,98.46952819824219
1983-03-04,76.50277709960938
1983-03-05,57.52165985107422
1983-03-06,57.61500549316406
1983-03-07,90.30518341064453
1983-03-08,120.92823791503906
1983-03-09,113.27474975585938
1983-03-10,99.53730773925781
1983-03-11,91.22113037109375
1983-03-12,84.95286560058594
1983-03-13,71.42125701904297
1983-03-14,56.41411590576172
1983-03-15,45.88555908203125
1983-03-16,40.55557632446289
1983-03-17,41.2204475402832
1983-03-18,125.54474639892578
1983-03-19,287.31365966796875
1983-03-20,317.28955078125
1983-03-21,227.52658081054688
1983-03-22,179.09967041015625
1983-03-23,137.05633544921875
1983-03-24,97.19529724121094
1983-03-25,77.15408325195312
1983-03-26,66.65432739257812
1983-03-27,66.56915283203125
1983-03-28,99.75759887695312
1983-03-29,126.93944549560547
1983-03-30,98.1484603881836
1983-03-31,74.95255279541016
1983-04-01,72.49874877929688
1983-04-02,90.49165344238281
1983-04-03,151.36024475097656
1983-04-04,209.2069091796875
1983-04-05,162.40817260742188
1983-04-06,109.1597900390625
1983-04-07,87.90045166015625
1983-04-08,81.08417510986328
1983-04-09,92.19570922851562
1983-04-10,136.992919921875
1983-04-11,171.6193084716797
1983-04-12,134.16421508789062
1983-04-13,91.39104461669922
1983-04-14,68.64046478271484
1983-04-15,99.04803466796875
1983-04-16,235.8799591064453
1983-04-17,277.3310852050781
1983-04-18,180.62310791015625
1983-04-19,152.21717834472656
1983-04-20,136.289306640625
1983-04-21,99.45162963867188
1983-04-22,74.83590698242188
1983-04-23,69.51683807373047
1983-04-24,107.76211547851562
1983-04-25,164.4754638671875
1983-04-26,153.01223754882812
1983-04-27,105.91801452636719
1983-04-28,76.38125610351562
1983-04-29,61.06831359863281
1983-04-30,52.119056701660156
1983-05-01,46.62205505371094
1983-05-02,42.82240295410156
1983-05-03,39.691707611083984
1983-05-04,40.26492691040039
1983-05-05,45.82358932495117
1983-05-06,45.32147979736328
1983-05-07,40.012474060058594
1983-05-08,35.5212287902832
1983-05-09,33.184974670410156
1983-05-10,32.0940055847168
1983-05-11,30.151901245117188
1983-05-12,28.322185516357422
1983-05-13,26.888227462768555
1983-05-14,26.058719635009766
1983-05-15,26.650318145751953
1983-05-16,28.085590362548828
1983-05-17,30.754348754882812
1983-05-18,32.30204772949219
1983-05-19,29.121109008789062
1983-05-20,31.619564056396484
1983-05-21,50.07230758666992
1983-05-22,71.97179412841797
1983-05-23,71.6522216796875
1983-05-24,58.080867767333984
1983-05-25,43.71516036987305
1983-05-26,35.73624038696289
1983-05-27,33.48606872558594
1983-05-28,30.24901008605957
1983-05-29,26.323402404785156
1983-05-30,25.351442337036133
1983-05-31,27.682363510131836
1983-06-01,28.2166748046875
1983-06-02,25.036819458007812
1983-06-03,22.148330688476562
1983-06-04,20.26863670349121
1983-06-05,19.999977111816406
1983-06-06,20.043142318725586
1983-06-07,20.11696434020996
1983-06-08,35.779258728027344
1983-06-09,50.12609100341797
1983-06-10,44.433528900146484
1983-06-11,32.26643371582031
1983-06-12,24.46141815185547
1983-06-13,20.451345443725586
1983-06-14,18.395896911621094
1983-06-15,17.945526123046875
1983-06-16,18.61008071899414
1983-06-17,18.459667205810547
1983-06-18,17.090885162353516
1983-06-19,16.81554412841797
1983-06-20,17.962982177734375
1983-06-21,20.710079193115234
1983-06-22,24.984060287475586
1983-06-23,26.349430084228516
1983-06-24,23.030792236328125
1983-06-25,18.74064064025879
1983-06-26,15.929616928100586
1983-06-27,14.101174354553223
1983-06-28,13.034391403198242
1983-06-29,13.692282676696777
1983-06-30,17.111745834350586
1983-07-01,19.596763610839844
1983-07-02,19.36834144592285
1983-07-03,17.63652992248535
1983-07-04,15.475309371948242
1983-07-05,14.452828407287598
1983-07-06,15.050758361816406
1983-07-07,14.838135719299316
1983-07-08,13.18312931060791
1983-07-09,11.423973083496094
1983-07-10,10.250252723693848
1983-07-11,9.403267860412598
1983-07-12,8.8855562210083
1983-07-13,8.560687065124512
1983-07-14,8.103066444396973
1983-07-15,7.6057658195495605
1983-07-16,7.268520832061768
1983-07-17,6.946885108947754
1983-07-18,6.5856242179870605
1983-07-19,6.4577717781066895
1983-07-20,6.578017234802246
1983-07-21,6.489129543304443
1983-07-22,6.256219863891602
1983-07-23,6.263975143432617
1983-07-24,6.523049831390381
1983-07-25,6.849356174468994
1983-07-26,7.065980911254883
1983-07-27,7.216337203979492
1983-07-28,6.96158504486084
1983-07-29,6.342518329620361
1983-07-30,5.737637996673584
1983-07-31,5.3515520095825195
1983-08-01,5.211400985717773
1983-08-02,5.489407539367676
1983-08-03,5.96756649017334
1983-08-04,6.102972984313965
1983-08-05,5.927570819854736
1983-08-06,5.670626163482666
1983-08-07,5.63581657409668
1983-08-08,5.806626319885254
1983-08-09,5.66585111618042
1983-08-10,5.301015853881836
1983-08-11,4.989873886108398
1983-08-12,4.908360958099365
1983-08-13,5.044633388519287
1983-08-14,5.1076273918151855
1983-08-15,4.8240885734558105
1983-08-16,4.444949150085449
1983-08-17,4.187267303466797
1983-08-18,3.996631622314453
1983-08-19,3.807907819747925
1983-08-20,3.6191251277923584
1983-08-21,3.4580068588256836
1983-08-22,3.3533148765563965
1983-08-23,3.3837273120880127
1983-08-24,4.1826171875
1983-08-25,5.894425868988037
1983-08-26,6.74998664855957
1983-08-27,5.997786521911621
1983-08-28,5.046283721923828
1983-08-29,4.458603382110596
1983-08-30,4.0565361976623535
1983-08-31,3.739567279815674
1983-09-01,3.5216989517211914
1983-09-02,3.5394506454467773
1983-09-03,3.8815464973449707
1983-09-04,4.151064395904541
1983-09-05,4.008764743804932
1983-09-06,3.71346116065979
1983-09-07,3.447683095932007
1983-09-08,3.218224048614502
1983-09-09,3.0345964431762695
1983-09-10,2.9207875728607178
1983-09-11,2.856024742126465
1983-09-12,2.819028854370117
1983-09-13,2.9762039184570312
1983-09-14,4.546232223510742
1983-09-15,8.113964080810547
1983-09-16,9.87890625
1983-09-17,8.043231010437012
1983-09-18,5.918479919433594
1983-09-19,4.825850486755371
1983-09-20,4.22808313369751
1983-09-21,4.070517063140869
1983-09-22,4.750815391540527
1983-09-23,5.605526924133301
1983-09-24,5.296772003173828
1983-09-25,4.634410858154297
1983-09-26,4.182310581207275
1983-09-27,3.8785111904144287
1983-09-28,3.669250011444092
1983-09-29,3.535919189453125
1983-09-30,3.5386266708374023
1983-10-01,3.899003505706787
1983-10-02,4.404862880706787
1983-10-03,4.363476753234863
1983-10-04,4.082309246063232
1983-10-05,3.8432583808898926
1983-10-06,3.7598018646240234
1983-10-07,3.7546677589416504
1983-10-08,3.646697998046875
1983-10-09,3.5005226135253906
1983-10-10,3.430703639984131
1983-10-11,3.4629645347595215
1983-10-12,3.767019748687744
1983-10-13,4.700128555297852
1983-10-14,5.873100280761719
1983-10-15,6.402066707611084
1983-10-16,5.85917854309082
1983-10-17,5.079162120819092
1983-10-18,4.603134632110596
1983-10-19,4.312022686004639
1983-10-20,4.122095584869385
1983-10-21,4.175156593322754
1983-10-22,4.898936748504639
1983-10-23,6.9023871421813965
1983-10-24,14.739224433898926
1983-10-25,25.817203521728516
1983-10-26,26.096847534179688
1983-10-27,19.736330032348633
1983-10-28,13.585877418518066
1983-10-29,9.983779907226562
1983-10-30,8.065171241760254
1983-10-31,7.017319202423096
1983-11-01,6.464071273803711
1983-11-02,6.218644142150879
1983-11-03,6.040593147277832
1983-11-04,6.007285118103027
1983-11-05,6.320809364318848
1983-11-06,6.573541164398193
1983-11-07,6.487521648406982
1983-11-08,6.360506534576416
1983-11-09,6.128493785858154
1983-11-10,6.669291973114014
1983-11-11,10.952324867248535
1983-11-12,16.858152389526367
1983-11-13,14.781218528747559
1983-11-14,11.207362174987793
1983-11-15,11.511798858642578
1983-11-16,24.7618408203125
1983-11-17,43.41775894165039
1983-11-18,35.439002990722656
1983-11-19,22.753263473510742
1983-11-20,17.19415283203125
1983-11-21,22.963502883911133
1983-11-22,33.47646713256836
1983-11-23,30.837520599365234
1983-11-24,24.608570098876953
1983-11-25,82.05126953125
1983-11-26,183.21495056152344
1983-11-27,138.0135498046875
1983-11-28,72.4891357421875
1983-11-29,42.64051055908203
1983-11-30,32.240638732910156
1983-12-01,25.877662658691406
1983-12-02,21.559186935424805
1983-12-03,20.956220626831055
1983-12-04,39.59339141845703
1983-12-05,82.62248992919922
1983-12-06,113.90049743652344
1983-12-07,154.86602783203125
1983-12-08,147.8480224609375
1983-12-09,86.98045349121094
1983-12-10,52.532230377197266
1983-12-11,37.60816955566406
1983-12-12,60.78042984008789
1983-12-13,152.91433715820312
1983-12-14,197.76788330078125
1983-12-15,124.6530990600586
1983-12-16,73.18265533447266
1983-12-17,49.85721969604492
1983-12-18,38.57481384277344
1983-12-19,32.92270278930664
1983-12-20,30.425827026367188
1983-12-21,28.212804794311523
1983-12-22,35.29043960571289
1983-12-23,59.6502685546875
1983-12-24,70.29983520507812
1983-12-25,54.70794677734375
1983-12-26,41.116058349609375
1983-12-27,33.98298645019531
1983-12-28,39.552738189697266
1983-12-29,88.92086791992188
1983-12-30,141.05552673339844
1983-12-31,112.34004211425781
1984-01-01,71.7439193725586
1984-01-02,50.32633590698242
1984-01-03,40.78654479980469
1984-01-04,35.91716003417969
1984-01-05,33.00349044799805
1984-01-06,31.674304962158203
1984-01-07,30.538854598999023
1984-01-08,28.531879425048828
1984-01-09,26.348011016845703
1984-01-10,43.76892852783203
1984-01-11,136.00083923339844
1984-01-12,226.47509765625
1984-01-13,169.51278686523438
1984-01-14,102.99810791015625
1984-01-15,77.67827606201172
1984-01-16,65.241943359375
1984-01-17,53.27231216430664
1984-01-18,50.779266357421875
1984-01-19,96.6559829711914
1984-01-20,136.61724853515625
1984-01-21,107.91851806640625
1984-01-22,76.93315887451172
1984-01-23,57.49297332763672
1984-01-24,50.98517990112305
1984-01-25,63.636409759521484
1984-01-26,84.50184631347656
1984-01-27,76.00706481933594
1984-01-28,60.09488296508789
1984-01-29,49.63502502441406
1984-01-30,43.06288528442383
1984-01-31,39.302398681640625
1984-02-01,37.41046905517578
1984-02-02,34.316951751708984
1984-02-03,32.0744743347168
1984-02-04,35.617000579833984
1984-02-05,42.986976623535156
1984-02-06,46.29796600341797
1984-02-07,45.599327087402344
1984-02-08,41.568599700927734
1984-02-09,35.841163635253906
1984-02-10,33.166259765625
1984-02-11,33.13209915161133
1984-02-12,34.49079513549805
1984-02-13,34.266815185546875
1984-02-14,114.65552520751953
1984-02-15,280.7086181640625
1984-02-16,290.8592834472656
1984-02-17,166.82015991210938
1984-02-18,97.28767395019531
1984-02-19,67.00288391113281
1984-02-20,52.265865325927734
1984-02-21,44.297264099121094
1984-02-22,38.801185607910156
1984-02-23,68.45880126953125
1984-02-24,166.14068603515625
1984-02-25,215.9798126220703
1984-02-26,145.33416748046875
1984-02-27,114.40128326416016
1984-02-28,160.1682891845703
1984-02-29,192.94044494628906
1984-03-01,142.79681396484375
1984-03-02,96.09203338623047
1984-03-03,69.10356903076172
1984-03-04,55.083106994628906
1984-03-05,54.08684158325195
1984-03-06,152.00274658203125
1984-03-07,281.9931640625
1984-03-08,254.3749542236328
1984-03-09,160.00921630859375
1984-03-10,103.48260498046875
1984-03-11,75.13187408447266
1984-03-12,59.674041748046875
1984-03-13,60.584571838378906
1984-03-14,87.8951187133789
1984-03-15,105.19404602050781
1984-03-16,83.73957824707031
1984-03-17,65.06439208984375
1984-03-18,53.75584030151367
1984-03-19,48.94945526123047
1984-03-20,53.22230529785156
1984-03-21,83.60172271728516
1984-03-22,126.25706481933594
1984-03-23,116.02806091308594
1984-03-24,82.33047485351562
1984-03-25,64.96479034423828
1984-03-26,74.1604232788086
1984-03-27,91.70575714111328
1984-03-28,94.97528076171875
1984-03-29,230.18104553222656
1984-03-30,400.1678161621094
1984-03-31,279.3140869140625
1984-04-01,156.9495086669922
1984-04-02,98.67219543457031
1984-04-03,73.47402954101562
1984-04-04,68.41070556640625
1984-04-05,113.5999526977539
1984-04-06,144.2721710205078
1984-04-07,114.23507690429688
1984-04-08,82.64535522460938
1984-04-09,68.22398376464844
1984-04-10,87.73368072509766
1984-04-11,131.3677978515625
1984-04-12,132.9401397705078
1984-04-13,99.54894256591797
1984-04-14,75.34403991699219
1984-04-15,64.36921691894531
1984-04-16,59.21903610229492
1984-04-17,53.175045013427734
1984-04-18,47.32492446899414
1984-04-19,42.87598419189453
1984-04-20,39.487247467041016
1984-04-21,36.95634460449219
1984-04-22,35.5969352722168
1984-04-23,49.50892639160156
1984-04-24,73.60678100585938
1984-04-25,76.17733764648438
1984-04-26,59.199039459228516
1984-04-27,46.604305267333984
1984-04-28,40.01644515991211
1984-04-29,36.68669128417969
1984-04-30,34.851898193359375
1984-05-01,34.41688537597656
1984-05-02,33.59750747680664
1984-05-03,33.14207077026367
1984-05-04,36.825233459472656
1984-05-05,40.48534393310547
1984-05-06,38.92744064331055
1984-05-07,54.54252624511719
1984-05-08,101.16986083984375
1984-05-09,124.70159149169922
1984-05-10,99.85601043701172
1984-05-11,68.17874145507812
1984-05-12,49.65760803222656
1984-05-13,40.24891662597656
1984-05-14,35.12645721435547
1984-05-15,31.619325637817383
1984-05-16,28.7382869720459
1984-05-17,26.453136444091797
1984-05-18,24.679306030273438
1984-05-19,23.500415802001953
1984-05-20,22.579994201660156
1984-05-21,21.388185501098633
1984-05-22,20.165727615356445
1984-05-23,20.548004150390625
1984-05-24,27.526824951171875
1984-05-25,34.1434326171875
1984-05-26,30.270647048950195
1984-05-27,26.96343994140625
1984-05-28,35.888153076171875
1984-05-29,67.11241149902344
1984-05-30,121.91085052490234
1984-05-31,140.03138732910156
1984-06-01,100.98112487792969
1984-06-02,63.812435150146484
1984-06-03,44.4295539855957
1984-06-04,34.2119255065918
1984-06-05,28.120193481445312
1984-06-06,24.428802490234375
1984-06-07,22.268287658691406
1984-06-08,20.868032455444336
1984-06-09,19.763153076171875
1984-06-10,18.47711753845215
1984-06-11,17.099760055541992
1984-06-12,16.060955047607422
1984-06-13,15.292816162109375
1984-06-14,14.592455863952637
1984-06-15,14.186771392822266
1984-06-16,14.576753616333008
1984-06-17,16.395050048828125
1984-06-18,19.7331600189209
1984-06-19,20.612627029418945
1984-06-20,19.29129409790039
1984-06-21,17.828861236572266
1984-06-22,16.2768497467041
1984-06-23,14.95626449584961
1984-06-24,13.79894733428955
1984-06-25,13.457395553588867
1984-06-26,13.355892181396484
1984-06-27,12.444770812988281
1984-06-28,11.944109916687012
1984-06-29,14.6908597946167
1984-06-30,21.601974487304688
1984-07-01,27.600261688232422
1984-07-02,27.475746154785156
1984-07-03,23.145044326782227
1984-07-04,19.414958953857422
1984-07-05,16.752656936645508
1984-07-06,18.567594528198242
1984-07-07,26.330446243286133
1984-07-08,31.26868438720703
1984-07-09,28.013107299804688
1984-07-10,21.01406478881836
1984-07-11,17.24703025817871
1984-07-12,17.356056213378906
1984-07-13,18.56348419189453
1984-07-14,23.419635772705078
1984-07-15,28.331493377685547
1984-07-16,27.330875396728516
1984-07-17,27.986297607421875
1984-07-18,55.204368591308594
1984-07-19,108.97735595703125
1984-07-20,109.40904998779297
1984-07-21,68.49461364746094
1984-07-22,47.35269546508789
1984-07-23,39.74872589111328
1984-07-24,32.03490447998047
1984-07-25,26.098175048828125
1984-07-26,28.483631134033203
1984-07-27,47.88097381591797
1984-07-28,91.63336181640625
1984-07-29,165.6927032470703
1984-07-30,234.8878173828125
1984-07-31,203.06044006347656
1984-08-01,121.23751831054688
1984-08-02,75.95295715332031
1984-08-03,57.334938049316406
1984-08-04,45.78037643432617
1984-08-05,36.133758544921875
1984-08-06,29.631271362304688
1984-08-07,25.70685577392578
1984-08-08,23.151952743530273
1984-08-09,21.73783302307129
1984-08-10,23.198989868164062
1984-08-11,30.986337661743164
1984-08-12,48.947227478027344
1984-08-13,71.17730712890625
1984-08-14,81.3586654663086
1984-08-15,71.93792724609375
1984-08-16,52.46799850463867
1984-08-17,36.37257385253906
1984-08-18,27.464824676513672
1984-08-19,23.003482818603516
1984-08-20,20.92841911315918
1984-08-21,19.444364547729492
1984-08-22,17.678367614746094
1984-08-23,16.144763946533203
1984-08-24,15.11850357055664
1984-08-25,14.401764869689941
1984-08-26,13.710367202758789
1984-08-27,13.009199142456055
1984-08-28,12.582961082458496
1984-08-29,12.797126770019531
1984-08-30,13.900165557861328
1984-08-31,15.635555267333984
1984-09-01,18.545265197753906
1984-09-02,19.48758316040039
1984-09-03,16.927064895629883
1984-09-04,14.641688346862793
1984-09-05,14.517074584960938
1984-09-06,14.645225524902344
1984-09-07,13.557266235351562
1984-09-08,12.391040802001953
1984-09-09,11.535667419433594
1984-09-10,11.038318634033203
1984-09-11,10.806353569030762
1984-09-12,10.561063766479492
1984-09-13,10.228300094604492
1984-09-14,10.086007118225098
1984-09-15,9.955322265625
1984-09-16,9.586384773254395
1984-09-17,9.175212860107422
1984-09-18,8.809724807739258
1984-09-19,8.583003044128418
1984-09-20,8.4050874710083
1984-09-21,8.24935245513916
1984-09-22,8.041548728942871
1984-09-23,7.737743377685547
1984-09-24,7.452131271362305
1984-09-25,7.265671253204346
1984-09-26,7.2430596351623535
1984-09-27,7.309912204742432
1984-09-28,7.513778209686279
1984-09-29,7.417647838592529
1984-09-30,7.306984901428223
1984-10-01,13.472036361694336
1984-10-02,28.580413818359375
1984-10-03,30.91299819946289
1984-10-04,22.177446365356445
1984-10-05,15.733808517456055
1984-10-06,12.684964179992676
1984-10-07,11.136068344116211
1984-10-08,10.180793762207031
1984-10-09,9.551040649414062
1984-10-10,9.094928741455078
1984-10-11,8.723672866821289
1984-10-12,8.368337631225586
1984-10-13,8.08338737487793
1984-10-14,7.825247764587402
1984-10-15,7.661720275878906
1984-10-16,7.534595966339111
1984-10-17,7.429296016693115
1984-10-18,7.5923590660095215
1984-10-19,7.992214679718018
1984-10-20,8.170625686645508
1984-10-21,7.902115345001221
1984-10-22,7.707931995391846
1984-10-23,7.864009380340576
1984-10-24,8.071100234985352
1984-10-25,7.968965530395508
1984-10-26,7.819290637969971
1984-10-27,7.720589637756348
1984-10-28,7.565091133117676
1984-10-29,7.384854793548584
1984-10-30,7.537095069885254
1984-10-31,7.961792945861816
1984-11-01,8.042970657348633
1984-11-02,7.952940464019775
1984-11-03,7.79746150970459
1984-11-04,7.719077110290527
1984-11-05,7.942449569702148
1984-11-06,8.488395690917969
1984-11-07,8.583959579467773
1984-11-08,8.33169174194336
1984-11-09,8.146956443786621
1984-11-10,8.025579452514648
1984-11-11,8.133660316467285
1984-11-12,8.85013198852539
1984-11-13,9.541635513305664
1984-11-14,9.332015037536621
1984-11-15,8.94710636138916
1984-11-16,8.661534309387207
1984-11-17,8.365829467773438
1984-11-18,8.28550910949707
1984-11-19,8.380059242248535
1984-11-20,8.883402824401855
1984-11-21,9.772771835327148
1984-11-22,9.680395126342773
1984-11-23,9.103803634643555
1984-11-24,8.80390453338623
1984-11-25,8.637007713317871
1984-11-26,8.567723274230957
1984-11-27,8.573739051818848
1984-11-28,9.367484092712402
1984-11-29,13.64858627319336
1984-11-30,18.709985733032227
1984-12-01,16.769832611083984
1984-12-02,13.540452003479004
1984-12-03,13.75337028503418
1984-12-04,18.156373977661133
1984-12-05,22.863496780395508
1984-12-06,30.327539443969727
1984-12-07,37.62897491455078
1984-12-08,31.320714950561523
1984-12-09,23.293418884277344
1984-12-10,18.85672378540039
1984-12-11,16.503536224365234
1984-12-12,15.141460418701172
1984-12-13,14.170924186706543
1984-12-14,13.42870044708252
1984-12-15,12.962944030761719
1984-12-16,12.567085266113281
1984-12-17,12.171323776245117
1984-12-18,11.945623397827148
1984-12-19,11.658317565917969
1984-12-20,11.341291427612305
1984-12-21,11.370231628417969
1984-12-22,11.977714538574219
1984-12-23,12.593245506286621
1984-12-24,12.586674690246582
1984-12-25,12.09052562713623
1984-12-26,11.458518981933594
1984-12-27,11.085240364074707
1984-12-28,10.886816024780273
1984-12-29,10.711126327514648
1984-12-30,10.448615074157715
1984-12-31,10.229558944702148
1985-01-01,10.1676664352417
1985-01-02,10.253145217895508
1985-01-03,41.335792541503906
1985-01-04,137.53494262695312
1985-01-05,195.89834594726562
1985-01-06,141.94032287597656
1985-01-07,79.97064208984375
1985-01-08,49.070465087890625
1985-01-09,35.310916900634766
1985-01-10,28.389131546020508
1985-01-11,24.48663330078125
1985-01-12,22.378761291503906
1985-01-13,20.63047218322754
1985-01-14,18.961849212646484
1985-01-15,17.69178009033203
1985-01-16,16.73366928100586
1985-01-17,16.367462158203125
1985-01-18,17.2305908203125
1985-01-19,18.01104164123535
1985-01-20,17.58465003967285
1985-01-21,16.660476684570312
1985-01-22,15.822697639465332
1985-01-23,15.496505737304688
1985-01-24,14.976283073425293
1985-01-25,14.592948913574219
1985-01-26,14.381461143493652
1985-01-27,14.05500316619873
1985-01-28,14.04101848602295
1985-01-29,15.111449241638184
1985-01-30,16.263174057006836
1985-01-31,19.000045776367188
1985-02-01,59.38772964477539
1985-02-02,211.69725036621094
1985-02-03,324.0554504394531
1985-02-04,230.55308532714844
1985-02-05,128.98013305664062
1985-02-06,88.93087768554688
1985-02-07,97.91988372802734
1985-02-08,98.42403411865234
1985-02-09,76.7799072265625
1985-02-10,57.20125198364258
1985-02-11,46.7186393737793
1985-02-12,68.57117462158203
1985-02-13,117.30484008789062
1985-02-14,121.81771087646484
1985-02-15,87.921142578125
1985-02-16,62.077735900878906
1985-02-17,48.073333740234375
1985-02-18,40.57954406738281
1985-02-19,35.992061614990234
1985-02-20,33.748329162597656
1985-02-21,32.176761627197266
1985-02-22,29.871278762817383
1985-02-23,28.330026626586914
1985-02-24,27.139699935913086
1985-02-25,26.11868667602539
1985-02-26,35.979583740234375
1985-02-27,67.11390686035156
1985-02-28,80.20689392089844
1985-03-01,60.417415618896484
1985-03-02,44.72500228881836
1985-03-03,36.50505828857422
1985-03-04,31.768150329589844
1985-03-05,28.88329315185547
1985-03-06,27.004472732543945
1985-03-07,25.17852020263672
1985-03-08,23.7408390045166
1985-03-09,22.89359474182129
1985-03-10,22.205690383911133
1985-03-11,21.328277587890625
1985-03-12,20.783336639404297
1985-03-13,20.417964935302734
1985-03-14,19.68422508239746
1985-03-15,19.08649253845215
1985-03-16,18.58382797241211
1985-03-17,17.986114501953125
1985-03-18,17.607318878173828
1985-03-19,17.010236740112305
1985-03-20,16.43817710876465
1985-03-21,16.36470603942871
1985-03-22,19.395132064819336
1985-03-23,31.617145538330078
1985-03-24,45.356483459472656
1985-03-25,48.257164001464844
1985-03-26,43.84325408935547
1985-03-27,34.90325927734375
1985-03-28,29.013721466064453
1985-03-29,25.324321746826172
1985-03-30,22.787670135498047
1985-03-31,21.11318588256836
1985-04-01,19.969867706298828
1985-04-02,19.097206115722656
1985-04-03,18.1937255859375
1985-04-04,17.447843551635742
1985-04-05,16.913623809814453
1985-04-06,16.529586791992188
1985-04-07,16.490764617919922
1985-04-08,16.30664825439453
1985-04-09,15.702442169189453
1985-04-10,14.781779289245605
1985-04-11,13.99565315246582
1985-04-12,13.715604782104492
1985-04-13,13.498222351074219
1985-04-14,13.278311729431152
1985-04-15,13.053682327270508
1985-04-16,12.963553428649902
1985-04-17,13.532232284545898
1985-04-18,14.059085845947266
1985-04-19,13.599115371704102
1985-04-20,12.777214050292969
1985-04-21,12.010037422180176
1985-04-22,11.335185050964355
1985-04-23,10.737016677856445
1985-04-24,10.254520416259766
1985-04-25,10.122770309448242
1985-04-26,10.353546142578125
1985-04-27,10.31242847442627
1985-04-28,10.031158447265625
1985-04-29,9.93513298034668
1985-04-30,9.671475410461426
1985-05-01,9.123527526855469
1985-05-02,8.807098388671875
1985-05-03,11.808309555053711
1985-05-04,18.105865478515625
1985-05-05,19.446453094482422
1985-05-06,15.911113739013672
1985-05-07,12.878811836242676
1985-05-08,10.911554336547852
1985-05-09,9.679821014404297
1985-05-10,9.057398796081543
1985-05-11,8.82956600189209
1985-05-12,8.922420501708984
1985-05-13,9.065962791442871
1985-05-14,8.965055465698242
1985-05-15,8.583183288574219
1985-05-16,8.862844467163086
1985-05-17,12.894514083862305
1985-05-18,18.88953399658203
1985-05-19,17.650468826293945
1985-05-20,13.521158218383789
1985-05-21,11.723544120788574
1985-05-22,12.061555862426758
1985-05-23,16.022825241088867
1985-05-24,22.081899642944336
1985-05-25,24.279987335205078
1985-05-26,21.5233154296875
1985-05-27,16.432518005371094
1985-05-28,12.600586891174316
1985-05-29,10.400458335876465
1985-05-30,9.179899215698242
1985-05-31,8.323503494262695
1985-06-01,7.769563674926758
1985-06-02,7.37101411819458
1985-06-03,6.8462748527526855
1985-06-04,6.408830642700195
1985-06-05,6.587160587310791
1985-06-06,9.38943862915039
1985-06-07,14.30500602722168
1985-06-08,16.769418716430664
1985-06-09,18.710060119628906
1985-06-10,17.90376853942871
1985-06-11,13.890298843383789
1985-06-12,11.57636547088623
1985-06-13,12.439884185791016
1985-06-14,12.495725631713867
1985-06-15,10.395014762878418
1985-06-16,8.99528694152832
1985-06-17,9.507894515991211
1985-06-18,10.09642219543457
1985-06-19,9.3526029586792
1985-06-20,8.26380443572998
1985-06-21,7.26200008392334
1985-06-22,6.4608049392700195
1985-06-23,5.901035308837891
1985-06-24,5.531375408172607
1985-06-25,5.286909103393555
1985-06-26,5.108992099761963
1985-06-27,4.9234538078308105
1985-06-28,4.639517307281494
1985-06-29,4.458104133605957
1985-06-30,5.011168479919434
1985-07-01,7.0055670738220215
1985-07-02,9.240234375
1985-07-03,9.694997787475586
1985-07-04,8.458532333374023
1985-07-05,7.29453182220459
1985-07-06,6.979650020599365
1985-07-07,7.322463035583496
1985-07-08,7.363023281097412
1985-07-09,6.605571746826172
1985-07-10,5.800793170928955
1985-07-11,5.63055419921875
1985-07-12,6.3858819007873535
1985-07-13,7.993147373199463
1985-07-14,11.466178894042969
1985-07-15,14.182544708251953
1985-07-16,12.844114303588867
1985-07-17,11.119312286376953
1985-07-18,10.034156799316406
1985-07-19,8.233819007873535
1985-07-20,6.602753162384033
1985-07-21,5.611663818359375
1985-07-22,5.232529640197754
1985-07-23,6.116004943847656
1985-07-24,8.946187019348145
1985-07-25,22.655593872070312
1985-07-26,55.18275451660156
1985-07-27,74.3299789428711
1985-07-28,71.11674499511719
1985-07-29,76.4776611328125
1985-07-30,67.36357879638672
1985-07-31,45.77653884887695
1985-08-01,38.301185607910156
1985-08-02,47.92414474487305
1985-08-03,48.44807052612305
1985-08-04,33.05186080932617
1985-08-05,21.809280395507812
1985-08-06,15.728554725646973
1985-08-07,12.750595092773438
1985-08-08,11.785720825195312
1985-08-09,14.164536476135254
1985-08-10,18.08095932006836
1985-08-11,16.884469985961914
1985-08-12,13.311071395874023
1985-08-13,10.806801795959473
1985-08-14,9.226983070373535
1985-08-15,8.117557525634766
1985-08-16,7.343383312225342
1985-08-17,9.949838638305664
1985-08-18,70.68336486816406
1985-08-19,145.06549072265625
1985-08-20,131.83641052246094
1985-08-21,85.19606018066406
1985-08-22,89.7483901977539
1985-08-23,88.26805877685547
1985-08-24,56.38579559326172
1985-08-25,41.08254623413086
1985-08-26,56.57844924926758
1985-08-27,77.66999816894531
1985-08-28,70.5992431640625
1985-08-29,52.74583435058594
1985-08-30,38.11440658569336
1985-08-31,34.257808685302734
1985-09-01,33.652252197265625
1985-09-02,27.090972900390625
1985-09-03,21.055984497070312
1985-09-04,17.38666343688965
1985-09-05,14.897794723510742
1985-09-06,13.117356300354004
1985-09-07,11.81429672241211
1985-09-08,10.901973724365234
1985-09-09,10.328174591064453
1985-09-10,9.889886856079102
1985-09-11,9.434264183044434
1985-09-12,9.100172996520996
1985-09-13,9.038047790527344
1985-09-14,8.70435619354248
1985-09-15,8.314624786376953
1985-09-16,7.949949264526367
1985-09-17,7.627310752868652
1985-09-18,7.34434175491333
1985-09-19,7.083229064941406
1985-09-20,6.8401875495910645
1985-09-21,6.616541385650635
1985-09-22,6.49907112121582
1985-09-23,6.52985143661499
1985-09-24,6.532188892364502
1985-09-25,6.463742256164551
1985-09-26,6.4323577880859375
1985-09-27,6.52132511138916
1985-09-28,6.661942481994629
1985-09-29,6.505648612976074
1985-09-30,6.184299945831299
1985-10-01,5.915944576263428
1985-10-02,6.103897571563721
1985-10-03,8.803728103637695
1985-10-04,16.60254669189453
1985-10-05,24.290660858154297
1985-10-06,22.640064239501953
1985-10-07,16.492202758789062
1985-10-08,12.295955657958984
1985-10-09,10.044157028198242
1985-10-10,8.765617370605469
1985-10-11,7.992188453674316
1985-10-12,7.514801025390625
1985-10-13,7.271434783935547
1985-10-14,6.942054271697998
1985-10-15,6.667378902435303
1985-10-16,6.987292766571045
1985-10-17,7.744602680206299
1985-10-18,7.803533554077148
1985-10-19,7.234569549560547
1985-10-20,6.706961631774902
1985-10-21,6.577532768249512
1985-10-22,7.7338480949401855
1985-10-23,9.94406509399414
1985-10-24,10.443021774291992
1985-10-25,9.473570823669434
1985-10-26,8.38742446899414
1985-10-27,7.55691385269165
1985-10-28,7.044111251831055
1985-10-29,6.705722808837891
1985-10-30,6.530081272125244
1985-10-31,6.888816833496094
1985-11-01,8.554564476013184
1985-11-02,13.398612976074219
1985-11-03,24.572010040283203
1985-11-04,70.95477294921875
1985-11-05,119.70103454589844
1985-11-06,121.12140655517578
1985-11-07,80.10227966308594
1985-11-08,48.071449279785156
1985-11-09,31.66275978088379
1985-11-10,24.048383712768555
1985-11-11,20.109722137451172
1985-11-12,17.662254333496094
1985-11-13,16.526023864746094
1985-11-14,16.545108795166016
1985-11-15,16.376022338867188
1985-11-16,15.517723083496094
1985-11-17,14.626076698303223
1985-11-18,14.04547119140625
1985-11-19,13.520814895629883
1985-11-20,14.171152114868164
1985-11-21,89.03166198730469
1985-11-22,316.859130859375
1985-11-23,466.4200134277344
1985-11-24,310.05792236328125
1985-11-25,152.9373321533203
1985-11-26,81.46849060058594
1985-11-27,54.2741813659668
1985-11-28,42.17073440551758
1985-11-29,38.58835983276367
1985-11-30,85.28349304199219
1985-12-01,173.17578125
1985-12-02,178.2871856689453
1985-12-03,122.54740142822266
1985-12-04,80.43002319335938
1985-12-05,55.69105529785156
1985-12-06,43.26663589477539
1985-12-07,36.9781608581543
1985-12-08,32.74273681640625
1985-12-09,29.62130355834961
1985-12-10,27.44220542907715
1985-12-11,25.786418914794922
1985-12-12,24.764976501464844
1985-12-13,28.95828628540039
1985-12-14,47.712772369384766
1985-12-15,62.288883209228516
1985-12-16,49.85148239135742
1985-12-17,38.51722717285156
1985-12-18,32.06817626953125
1985-12-19,28.55253028869629
1985-12-20,26.361894607543945
1985-12-21,24.616037368774414
1985-12-22,23.329788208007812
1985-12-23,22.065778732299805
1985-12-24,21.232872009277344
1985-12-25,20.504785537719727
1985-12-26,19.982555389404297
1985-12-27,19.48143768310547
1985-12-28,18.867095947265625
1985-12-29,18.185361862182617
1985-12-30,17.681522369384766
1985-12-31,17.382322311401367
1986-01-01,17.477018356323242
1986-01-02,17.979028701782227
1986-01-03,18.103662490844727
1986-01-04,17.96257209777832
1986-01-05,17.504375457763672
1986-01-06,16.96271324157715
1986-01-07,16.523624420166016
1986-01-08,16.160600662231445
1986-01-09,15.878422737121582
1986-01-10,15.503294944763184
1986-01-11,15.299243927001953
1986-01-12,15.0882568359375
1986-01-13,14.900312423706055
1986-01-14,14.770835876464844
1986-01-15,14.483181953430176
1986-01-16,14.177334785461426
1986-01-17,14.068924903869629
1986-01-18,14.071014404296875
1986-01-19,14.320414543151855
1986-01-20,15.563613891601562
1986-01-21,17.265405654907227
1986-01-22,17.232566833496094
1986-01-23,16.3698787689209
1986-01-24,15.707405090332031
1986-01-25,15.114620208740234
1986-01-26,16.331012725830078
1986-01-27,20.281211853027344
1986-01-28,22.235210418701172
1986-01-29,20.49334716796875
1986-01-30,19.332101821899414
1986-01-31,18.703603744506836
1986-02-01,18.016525268554688
1986-02-02,17.54343605041504
1986-02-03,17.156545639038086
1986-02-04,16.86172103881836
1986-02-05,16.67798614501953
1986-02-06,16.76475715637207
1986-02-07,18.78553581237793
1986-02-08,26.1474552154541
1986-02-09,32.14997100830078
1986-02-10,28.621578216552734
1986-02-11,25.644426345825195
1986-02-12,29.114578247070312
1986-02-13,32.33291244506836
1986-02-14,29.199125289916992
1986-02-15,25.7503662109375
1986-02-16,25.09372901916504
1986-02-17,24.702943801879883
1986-02-18,24.050180435180664
1986-02-19,25.143335342407227
1986-02-20,27.397716522216797
1986-02-21,27.86558723449707
1986-02-22,26.51010513305664
1986-02-23,24.537612915039062
1986-02-24,23.269207000732422
1986-02-25,22.79369354248047
1986-02-26,22.980499267578125
1986-02-27,23.06850242614746
1986-02-28,25.090267181396484
1986-03-01,26.42035484313965
1986-03-02,24.7258358001709
1986-03-03,22.678308486938477
1986-03-04,21.224246978759766
1986-03-05,19.9437255859375
1986-03-06,18.988140106201172
1986-03-07,18.150646209716797
1986-03-08,17.387414932250977
1986-03-09,16.95177459716797
1986-03-10,16.57689094543457
1986-03-11,16.3245849609375
1986-03-12,16.024829864501953
1986-03-13,16.190040588378906
1986-03-14,35.8996696472168
1986-03-15,89.44804382324219
1986-03-16,109.3010482788086
1986-03-17,75.7490005493164
1986-03-18,49.767425537109375
1986-03-19,38.7368278503418
1986-03-20,43.2657470703125
1986-03-21,56.20812225341797
1986-03-22,53.911651611328125
1986-03-23,42.51155090332031
1986-03-24,33.57079315185547
1986-03-25,28.964305877685547
1986-03-26,25.924365997314453
1986-03-27,23.858230590820312
1986-03-28,22.32373046875
1986-03-29,20.895187377929688
1986-03-30,19.73857879638672
1986-03-31,18.974319458007812
1986-04-01,18.2769718170166
1986-04-02,17.65580940246582
1986-04-03,17.007184982299805
1986-04-04,16.441986083984375
1986-04-05,15.903616905212402
1986-04-06,15.40626049041748
1986-04-07,15.153507232666016
1986-04-08,15.097631454467773
1986-04-09,14.867900848388672
1986-04-10,14.409162521362305
1986-04-11,13.812434196472168
1986-04-12,13.278091430664062
1986-04-13,12.811914443969727
1986-04-14,12.392230987548828
1986-04-15,12.106786727905273
1986-04-16,12.023056030273438
1986-04-17,12.027996063232422
1986-04-18,11.82868766784668
1986-04-19,11.394688606262207
1986-04-20,10.954360961914062
1986-04-21,11.216303825378418
1986-04-22,12.818477630615234
1986-04-23,13.750184059143066
1986-04-24,12.862283706665039
1986-04-25,11.831562042236328
1986-04-26,11.815163612365723
1986-04-27,13.39898681640625
1986-04-28,14.272676467895508
1986-04-29,13.022550582885742
1986-04-30,11.605501174926758
1986-05-01,10.505046844482422
1986-05-02,9.813867568969727
1986-05-03,9.115428924560547
1986-05-04,8.39299488067627
1986-05-05,7.962782859802246
1986-05-06,7.788760662078857
1986-05-07,7.570284366607666
1986-05-08,7.27169942855835
1986-05-09,6.958226203918457
1986-05-10,6.664660453796387
1986-05-11,6.397712230682373
1986-05-12,6.282443523406982
1986-05-13,6.281003952026367
1986-05-14,6.660017967224121
1986-05-15,7.6823410987854
1986-05-16,7.810485363006592
1986-05-17,7.31634521484375
1986-05-18,6.807371139526367
1986-05-19,6.537631988525391
1986-05-20,8.420990943908691
1986-05-21,14.031461715698242
1986-05-22,17.99454689025879
1986-05-23,15.61921501159668
1986-05-24,12.083625793457031
1986-05-25,10.294232368469238
1986-05-26,9.993070602416992
1986-05-27,10.126957893371582
1986-05-28,10.569290161132812
1986-05-29,11.52737808227539
1986-05-30,11.469860076904297
1986-05-31,10.667366981506348
1986-06-01,9.824013710021973
1986-06-02,8.681397438049316
1986-06-03,7.627633571624756
1986-06-04,6.868039131164551
1986-06-05,6.3011860847473145
1986-06-06,5.862958908081055
1986-06-07,5.4785637855529785
1986-06-08,5.538409233093262
1986-06-09,6.468752384185791
1986-06-10,6.9661431312561035
1986-06-11,6.229559898376465
1986-06-12,5.463021278381348
1986-06-13,5.03806734085083
1986-06-14,4.730855464935303
1986-06-15,4.4655351638793945
1986-06-16,4.28864860534668
1986-06-17,4.17056941986084
1986-06-18,4.053370475769043
1986-06-19,3.849151372909546
1986-06-20,3.636080265045166
1986-06-21,3.477200984954834
1986-06-22,3.2932019233703613
1986-06-23,3.148101806640625
1986-06-24,3.0854859352111816
1986-06-25,3.063926935195923
1986-06-26,2.975739002227783
1986-06-27,2.8284947872161865
1986-06-28,2.752586603164673
1986-06-29,2.9185426235198975
1986-06-30,3.4761223793029785
1986-07-01,4.379335403442383
1986-07-02,5.321282863616943
1986-07-03,6.304009437561035
1986-07-04,6.613923072814941
1986-07-05,5.633486747741699
1986-07-06,4.473843097686768
1986-07-07,3.7353758811950684
1986-07-08,3.248767614364624
1986-07-09,2.901309013366699
1986-07-10,2.7168920040130615
1986-07-11,2.82094144821167
1986-07-12,3.121163845062256
1986-07-13,3.2222847938537598
1986-07-14,3.0601325035095215
1986-07-15,2.808608055114746
1986-07-16,2.6511383056640625
1986-07-17,2.641996383666992
1986-07-18,2.5826609134674072
1986-07-19,2.407520294189453
1986-07-20,2.1942899227142334
1986-07-21,2.0629520416259766
1986-07-22,2.183835744857788
1986-07-23,2.6286096572875977
1986-07-24,3.198455810546875
1986-07-25,3.610849380493164
1986-07-26,3.785576820373535
1986-07-27,4.234268665313721
1986-07-28,5.1880974769592285
1986-07-29,5.44111442565918
1986-07-30,4.7914347648620605
1986-07-31,4.070399761199951
1986-08-01,3.40762996673584
1986-08-02,2.854564905166626
1986-08-03,2.5741357803344727
1986-08-04,2.5913147926330566
1986-08-05,2.8234810829162598
1986-08-06,3.2418212890625
1986-08-07,3.7349281311035156
1986-08-08,3.8600006103515625
1986-08-09,3.581876039505005
1986-08-10,3.259155750274658
1986-08-11,3.0679683685302734
1986-08-12,4.120288372039795
1986-08-13,11.883522033691406
1986-08-14,21.27627944946289
1986-08-15,18.93503189086914
1986-08-16,11.54871940612793
1986-08-17,7.39011287689209
1986-08-18,6.049925804138184
1986-08-19,6.644667625427246
1986-08-20,10.46458625793457
1986-08-21,18.12856674194336
1986-08-22,21.77672004699707
1986-08-23,16.908554077148438
1986-08-24,11.700406074523926
1986-08-25,10.042427062988281
1986-08-26,9.14155387878418
1986-08-27,7.414520740509033
1986-08-28,7.918497085571289
1986-08-29,11.346945762634277
1986-08-30,12.15797233581543
1986-08-31,9.353816986083984
1986-09-01,7.069023609161377
1986-09-02,5.919410228729248
1986-09-03,5.548701763153076
1986-09-04,5.896157741546631
1986-09-05,6.895331859588623
1986-09-06,8.85757064819336
1986-09-07,10.622719764709473
1986-09-08,9.387471199035645
1986-09-09,7.3835601806640625
1986-09-10,6.097537040710449
1986-09-11,5.351073741912842
1986-09-12,4.84400749206543
1986-09-13,4.449621677398682
1986-09-14,4.096728801727295
1986-09-15,3.7870492935180664
1986-09-16,3.5420026779174805
1986-09-17,3.346566915512085
1986-09-18,3.1839332580566406
1986-09-19,3.0523431301116943
1986-09-20,2.971996307373047
1986-09-21,2.982574701309204
1986-09-22,3.029388427734375
1986-09-23,2.9754583835601807
1986-09-24,2.873471736907959
1986-09-25,2.761573314666748
1986-09-26,2.6575071811676025
1986-09-27,2.55247163772583
1986-09-28,2.4749956130981445
1986-09-29,2.445683479309082
1986-09-30,2.4484004974365234
1986-10-01,2.4192469120025635
1986-10-02,2.3464605808258057
1986-10-03,2.2707948684692383
1986-10-04,2.2064061164855957
1986-10-05,2.133072853088379
1986-10-06,2.0592050552368164
1986-10-07,2.011234760284424
1986-10-08,2.0082919597625732
1986-10-09,2.0733835697174072
1986-10-10,2.26763916015625
1986-10-11,2.535311460494995
1986-10-12,2.639521837234497
1986-10-13,2.601834774017334
1986-10-14,2.8932721614837646
1986-10-15,4.732491970062256
1986-10-16,6.500695705413818
1986-10-17,5.915246963500977
1986-10-18,4.661201477050781
1986-10-19,3.8857455253601074
1986-10-20,3.458307981491089
1986-10-21,3.262547492980957
1986-10-22,3.1375226974487305
1986-10-23,3.061568021774292
1986-10-24,2.955941915512085
1986-10-25,2.9697530269622803
1986-10-26,3.6092946529388428
1986-10-27,5.628162860870361
1986-10-28,7.436440467834473
1986-10-29,6.8376922607421875
1986-10-30,5.499237060546875
1986-10-31,4.6076250076293945
1986-11-01,4.11489200592041
1986-11-02,4.111541271209717
1986-11-03,4.3589372634887695
1986-11-04,4.4598493576049805
1986-11-05,4.403449535369873
1986-11-06,4.559662818908691
1986-11-07,5.562496185302734
1986-11-08,8.212615966796875
1986-11-09,12.083555221557617
1986-11-10,11.563435554504395
1986-11-11,9.06656265258789
1986-11-12,8.591256141662598
1986-11-13,13.541732788085938
1986-11-14,19.58510971069336
1986-11-15,17.649410247802734
1986-11-16,15.62751293182373
1986-11-17,16.126258850097656
1986-11-18,14.11735725402832
1986-11-19,12.261556625366211
1986-11-20,11.857406616210938
1986-11-21,14.998323440551758
1986-11-22,19.66517448425293
1986-11-23,17.400291442871094
1986-11-24,13.725116729736328
1986-11-25,11.5664644241333
1986-11-26,11.1044921875
1986-11-27,14.4157075881958
1986-11-28,19.390830993652344
1986-11-29,17.589269638061523
1986-11-30,14.386500358581543
1986-12-01,12.275254249572754
1986-12-02,14.287407875061035
1986-12-03,27.039873123168945
1986-12-04,41.65545654296875
1986-12-05,35.51554870605469
1986-12-06,24.948888778686523
1986-12-07,18.517772674560547
1986-12-08,15.201581001281738
1986-12-09,13.637239456176758
1986-12-10,14.616485595703125
1986-12-11,27.016088485717773
1986-12-12,55.74123001098633
1986-12-13,67.72660064697266
1986-12-14,52.52933120727539
1986-12-15,35.45661163330078
1986-12-16,25.737220764160156
1986-12-17,20.82634162902832
1986-12-18,18.1580810546875
1986-12-19,16.743854522705078
1986-12-20,16.04537010192871
1986-12-21,14.964552879333496
1986-12-22,13.900457382202148
1986-12-23,13.00685977935791
1986-12-24,23.9335994720459
1986-12-25,75.42941284179688
1986-12-26,121.53627014160156
1986-12-27,91.32621765136719
1986-12-28,56.1231575012207
1986-12-29,37.289180755615234
1986-12-30,27.921703338623047
1986-12-31,23.048185348510742
1987-01-01,26.330406188964844
1987-01-02,53.174964904785156
1987-01-03,78.51866149902344
1987-01-04,64.51248931884766
1987-01-05,45.26363754272461
1987-01-06,33.506553649902344
1987-01-07,26.94291877746582
1987-01-08,23.3807373046875
1987-01-09,21.040515899658203
1987-01-10,19.3310546875
1987-01-11,18.991722106933594
1987-01-12,19.26466941833496
1987-01-13,18.405189514160156
1987-01-14,17.264789581298828
1987-01-15,16.522668838500977
1987-01-16,16.104339599609375
1987-01-17,15.948345184326172
1987-01-18,19.413684844970703
1987-01-19,87.337890625
1987-01-20,205.88589477539062
1987-01-21,201.34190368652344
1987-01-22,154.584716796875
1987-01-23,178.567138671875
1987-01-24,167.95883178710938
1987-01-25,112.18981170654297
1987-01-26,81.79782104492188
1987-01-27,69.42276763916016
1987-01-28,58.461883544921875
1987-01-29,49.684967041015625
1987-01-30,46.29343795776367
1987-01-31,56.47955322265625
1987-02-01,70.11878967285156
1987-02-02,71.80718231201172
1987-02-03,76.43586730957031
1987-02-04,85.24302673339844
1987-02-05,71.87419128417969
1987-02-06,54.71315383911133
1987-02-07,43.01045227050781
1987-02-08,37.20416259765625
1987-02-09,33.130638122558594
1987-02-10,29.82288360595703
1987-02-11,26.98200035095215
1987-02-12,25.073707580566406
1987-02-13,24.213703155517578
1987-02-14,23.26537322998047
1987-02-15,22.402053833007812
1987-02-16,22.666067123413086
1987-02-17,27.545394897460938
1987-02-18,37.157081604003906
1987-02-19,43.03032684326172
1987-02-20,45.746437072753906
1987-02-21,48.589603424072266
1987-02-22,52.926300048828125
1987-02-23,90.439208984375
1987-02-24,145.17138671875
1987-02-25,127.7146987915039
1987-02-26,90.77359008789062
1987-02-27,91.23262023925781
1987-02-28,227.67486572265625
1987-03-01,499.1199951171875
1987-03-02,600.5831298828125
1987-03-03,376.6973876953125
1987-03-04,195.16445922851562
1987-03-05,113.32592010498047
1987-03-06,77.84623718261719
1987-03-07,59.51630783081055
1987-03-08,50.24613952636719
1987-03-09,47.67877197265625
1987-03-10,48.991310119628906
1987-03-11,53.45505142211914
1987-03-12,53.70223617553711
1987-03-13,47.18218994140625
1987-03-14,40.905616760253906
1987-03-15,36.642425537109375
1987-03-16,33.910377502441406
1987-03-17,32.038692474365234
1987-03-18,30.944992065429688
1987-03-19,30.489017486572266
1987-03-20,33.24699401855469
1987-03-21,36.13505172729492
1987-03-22,34.373504638671875
1987-03-23,31.33700942993164
1987-03-24,28.909324645996094
1987-03-25,27.361244201660156
1987-03-26,26.636165618896484
1987-03-27,26.403762817382812
1987-03-28,26.237369537353516
1987-03-29,26.334571838378906
1987-03-30,27.605178833007812
1987-03-31,40.650665283203125
1987-04-01,59.45246505737305
1987-04-02,55.68692398071289
1987-04-03,44.37961196899414
1987-04-04,42.12489318847656
1987-04-05,51.64984130859375
1987-04-06,55.08661651611328
1987-04-07,47.431827545166016
1987-04-08,39.371849060058594
1987-04-09,33.92814636230469
1987-04-10,30.093978881835938
1987-04-11,27.53942108154297
1987-04-12,26.01468849182129
1987-04-13,25.692384719848633
1987-04-14,25.999740600585938
1987-04-15,35.18177032470703
1987-04-16,178.66159057617188
1987-04-17,555.5869140625
1987-04-18,488.2508239746094
1987-04-19,273.60760498046875
1987-04-20,155.1922607421875
1987-04-21,97.876953125
1987-04-22,69.43302154541016
1987-04-23,53.949363708496094
1987-04-24,51.68466567993164
1987-04-25,76.0020980834961
1987-04-26,114.61009979248047
1987-04-27,116.60331726074219
1987-04-28,84.79695892333984
1987-04-29,60.83389663696289
1987-04-30,47.68351364135742
1987-05-01,40.42045974731445
1987-05-02,36.13304901123047
1987-05-03,33.41673278808594
1987-05-04,31.430931091308594
1987-05-05,29.546693801879883
1987-05-06,28.084148406982422
1987-05-07,26.266746520996094
1987-05-08,24.824045181274414
1987-05-09,23.67633056640625
1987-05-10,22.33880615234375
1987-05-11,21.275325775146484
1987-05-12,20.097335815429688
1987-05-13,19.20932960510254
1987-05-14,19.155372619628906
1987-05-15,19.15493392944336
1987-05-16,18.563610076904297
1987-05-17,17.62173080444336
1987-05-18,16.560012817382812
1987-05-19,15.760759353637695
1987-05-20,18.84267807006836
1987-05-21,24.563098907470703
1987-05-22,23.80472755432129
1987-05-23,19.984477996826172
1987-05-24,17.55695915222168
1987-05-25,16.625778198242188
1987-05-26,17.17876434326172
1987-05-27,19.909046173095703
1987-05-28,21.397212982177734
1987-05-29,19.685007095336914
1987-05-30,16.969100952148438
1987-05-31,15.001715660095215
1987-06-01,13.767692565917969
1987-06-02,13.504755973815918
1987-06-03,13.962004661560059
1987-06-04,13.885061264038086
1987-06-05,14.337617874145508
1987-06-06,14.928546905517578
1987-06-07,13.797982215881348
1987-06-08,12.227049827575684
1987-06-09,11.013370513916016
1987-06-10,10.076285362243652
1987-06-11,9.386595726013184
1987-06-12,8.762630462646484
1987-06-13,8.354254722595215
1987-06-14,8.31628131866455
1987-06-15,8.829628944396973
1987-06-16,9.199178695678711
1987-06-17,9.725467681884766
1987-06-18,10.460138320922852
1987-06-19,10.979683876037598
1987-06-20,11.29489803314209
1987-06-21,10.75286865234375
1987-06-22,9.672834396362305
1987-06-23,8.953154563903809
1987-06-24,8.826108932495117
1987-06-25,8.798728942871094
1987-06-26,8.612363815307617
1987-06-27,9.718887329101562
1987-06-28,11.497770309448242
1987-06-29,10.859017372131348
1987-06-30,9.133146286010742
1987-07-01,7.884277820587158
1987-07-02,7.314126491546631
1987-07-03,9.585223197937012
1987-07-04,18.413747787475586
1987-07-05,43.92961120605469
1987-07-06,63.42204284667969
1987-07-07,48.74551010131836
1987-07-08,29.462581634521484
1987-07-09,19.819883346557617
1987-07-10,15.460813522338867
1987-07-11,12.619327545166016
1987-07-12,11.033773422241211
1987-07-13,10.89889907836914
1987-07-14,11.863430976867676
1987-07-15,12.57380485534668
1987-07-16,11.31308364868164
1987-07-17,9.489709854125977
1987-07-18,8.214095115661621
1987-07-19,7.365839958190918
1987-07-20,6.799260139465332
1987-07-21,6.302605628967285
1987-07-22,5.865400314331055
1987-07-23,5.556135177612305
1987-07-24,5.297679424285889
1987-07-25,5.1360273361206055
1987-07-26,5.051926612854004
1987-07-27,5.005389213562012
1987-07-28,4.935901641845703
1987-07-29,4.7862114906311035
1987-07-30,4.719082832336426
1987-07-31,4.752296447753906
1987-08-01,4.743168830871582
1987-08-02,4.765738487243652
1987-08-03,4.735992908477783
1987-08-04,4.6582865715026855
1987-08-05,4.7420501708984375
1987-08-06,4.968017101287842
1987-08-07,5.0416579246521
1987-08-08,5.921282768249512
1987-08-09,7.735536098480225
1987-08-10,7.640592575073242
1987-08-11,6.246382713317871
1987-08-12,5.310233116149902
1987-08-13,4.7191996574401855
1987-08-14,4.293300151824951
1987-08-15,4.042595386505127
1987-08-16,4.064333438873291
1987-08-17,4.140000820159912
1987-08-18,4.014596939086914
1987-08-19,3.8462202548980713
1987-08-20,3.8429460525512695
1987-08-21,3.933336019515991
1987-08-22,4.072249412536621
1987-08-23,4.090468406677246
1987-08-24,3.889798641204834
1987-08-25,3.6323680877685547
1987-08-26,3.5151309967041016
1987-08-27,3.5875802040100098
1987-08-28,3.6918838024139404
1987-08-29,3.620276927947998
1987-08-30,3.509157419204712
1987-08-31,3.6630167961120605
1987-09-01,4.253634452819824
1987-09-02,4.619548320770264
1987-09-03,4.383179187774658
1987-09-04,4.008538246154785
1987-09-05,3.971806049346924
1987-09-06,5.023721218109131
1987-09-07,8.387863159179688
1987-09-08,27.945457458496094
1987-09-09,68.59982299804688
1987-09-10,56.678340911865234
1987-09-11,30.657411575317383
1987-09-12,19.57351303100586
1987-09-13,17.04668617248535
1987-09-14,16.5069637298584
1987-09-15,14.47241497039795
1987-09-16,11.217945098876953
1987-09-17,8.888100624084473
1987-09-18,7.648169994354248
1987-09-19,6.8237457275390625
1987-09-20,6.412947654724121
1987-09-21,6.650177955627441
1987-09-22,6.703848838806152
1987-09-23,6.175629138946533
1987-09-24,5.615977764129639
1987-09-25,5.227886199951172
1987-09-26,4.945003986358643
1987-09-27,4.750714302062988
1987-09-28,4.6327290534973145
1987-09-29,4.4597063064575195
1987-09-30,4.599664211273193
1987-10-01,5.54766845703125
1987-10-02,6.293363571166992
1987-10-03,5.980090141296387
1987-10-04,5.430473327636719
1987-10-05,5.059347152709961
1987-10-06,4.784651756286621
1987-10-07,4.7636637687683105
1987-10-08,4.9908294677734375
1987-10-09,5.047778129577637
1987-10-10,4.884461879730225
1987-10-11,4.702271938323975
1987-10-12,4.591696739196777
1987-10-13,4.68023681640625
1987-10-14,4.576424598693848
1987-10-15,4.404735565185547
1987-10-16,4.297795295715332
1987-10-17,4.241538047790527
1987-10-18,4.17845344543457
1987-10-19,4.08385705947876
1987-10-20,4.050339698791504
1987-10-21,3.9958608150482178
1987-10-22,3.9638800621032715
1987-10-23,3.9441869258880615
1987-10-24,3.934523344039917
1987-10-25,3.93894100189209
1987-10-26,3.878373384475708
1987-10-27,4.1043219566345215
1987-10-28,5.142380714416504
1987-10-29,6.222885608673096
1987-10-30,6.127951145172119
1987-10-31,5.553511142730713
1987-11-01,5.216794013977051
1987-11-02,5.042298316955566
1987-11-03,4.936235427856445
1987-11-04,4.853553295135498
1987-11-05,4.749950408935547
1987-11-06,4.58607816696167
1987-11-07,4.514228820800781
1987-11-08,4.571945667266846
1987-11-09,4.549643039703369
1987-11-10,4.609342575073242
1987-11-11,6.091307640075684
1987-11-12,9.811676025390625
1987-11-13,11.03176212310791
1987-11-14,9.453717231750488
1987-11-15,8.000682830810547
1987-11-16,7.108495712280273
1987-11-17,6.595013618469238
1987-11-18,6.621759414672852
1987-11-19,7.177547931671143
1987-11-20,7.32717227935791
1987-11-21,7.042478561401367
1987-11-22,6.727749824523926
1987-11-23,6.422204971313477
1987-11-24,6.2366042137146
1987-11-25,6.097073554992676
1987-11-26,6.002105712890625
1987-11-27,9.101863861083984
1987-11-28,21.538293838500977
1987-11-29,33.669429779052734
1987-11-30,34.04075622558594
1987-12-01,30.248096466064453
1987-12-02,21.673418045043945
1987-12-03,15.583549499511719
1987-12-04,12.463661193847656
1987-12-05,10.700634002685547
1987-12-06,9.692105293273926
1987-12-07,9.04794692993164
1987-12-08,8.625804901123047
1987-12-09,8.462427139282227
1987-12-10,8.591146469116211
1987-12-11,11.789811134338379
1987-12-12,18.836181640625
1987-12-13,18.670446395874023
1987-12-14,14.780403137207031
1987-12-15,13.865365982055664
1987-12-16,20.15086555480957
1987-12-17,26.6472225189209
1987-12-18,21.787805557250977
1987-12-19,16.713504791259766
1987-12-20,13.858207702636719
1987-12-21,12.581730842590332
1987-12-22,13.117877960205078
1987-12-23,14.163003921508789
1987-12-24,14.031132698059082
1987-12-25,13.070180892944336
1987-12-26,12.81906509399414
1987-12-27,14.212635040283203
1987-12-28,26.238262176513672
1987-12-29,59.264461517333984
1987-12-30,73.0214614868164
1987-12-31,50.64515686035156
1988-01-01,32.804840087890625
1988-01-02,26.96734046936035
1988-01-03,33.214656829833984
1988-01-04,44.81022262573242
1988-01-05,50.46931457519531
1988-01-06,42.934234619140625
1988-01-07,32.788230895996094
1988-01-08,27.155982971191406
1988-01-09,26.525146484375
1988-01-10,26.055057525634766
1988-01-11,23.889446258544922
1988-01-12,21.555435180664062
1988-01-13,20.93210792541504
1988-01-14,22.830028533935547
1988-01-15,22.744529724121094
1988-01-16,20.486045837402344
1988-01-17,19.298538208007812
1988-01-18,21.864582061767578
1988-01-19,33.682586669921875
1988-01-20,60.644405364990234
1988-01-21,96.65684509277344
1988-01-22,99.72500610351562
1988-01-23,70.57173156738281
1988-01-24,47.9597282409668
1988-01-25,37.10878372192383
1988-01-26,37.08313751220703
1988-01-27,39.08036804199219
1988-01-28,33.5487060546875
1988-01-29,27.740474700927734
1988-01-30,24.378435134887695
1988-01-31,22.85333251953125
1988-02-01,22.082889556884766
1988-02-02,21.447200775146484
1988-02-03,22.91845703125
1988-02-04,39.67333984375
1988-02-05,61.27684783935547
1988-02-06,61.697120666503906
1988-02-07,47.43440246582031
1988-02-08,35.72519302368164
1988-02-09,28.989633560180664
1988-02-10,25.06383514404297
1988-02-11,23.455791473388672
1988-02-12,24.629610061645508
1988-02-13,26.249181747436523
1988-02-14,25.116697311401367
1988-02-15,22.99815559387207
1988-02-16,24.70843505859375
1988-02-17,28.031747817993164
1988-02-18,27.061744689941406
1988-02-19,25.253883361816406
1988-02-20,27.15657615661621
1988-02-21,29.637773513793945
1988-02-22,27.313404083251953
1988-02-23,24.063386917114258
1988-02-24,22.240957260131836
1988-02-25,21.55878448486328
1988-02-26,20.795455932617188
1988-02-27,19.591663360595703
1988-02-28,18.493162155151367
1988-02-29,17.616851806640625
1988-03-01,16.862672805786133
1988-03-02,16.434478759765625
1988-03-03,16.066314697265625
1988-03-04,16.143587112426758
1988-03-05,16.883481979370117
1988-03-06,17.875259399414062
1988-03-07,17.538999557495117
1988-03-08,16.652116775512695
1988-03-09,16.369089126586914
1988-03-10,21.107519149780273
1988-03-11,30.3370418548584
1988-03-12,32.16299819946289
1988-03-13,27.971942901611328
1988-03-14,25.489059448242188
1988-03-15,23.853370666503906
1988-03-16,21.660564422607422
1988-03-17,19.511167526245117
1988-03-18,17.815452575683594
1988-03-19,18.267024993896484
1988-03-20,22.157634735107422
1988-03-21,24.28516960144043
1988-03-22,22.606143951416016
1988-03-23,20.156173706054688
1988-03-24,18.480833053588867
1988-03-25,17.42395782470703
1988-03-26,17.203720092773438
1988-03-27,19.1044864654541
1988-03-28,21.25830841064453
1988-03-29,19.968303680419922
1988-03-30,18.091659545898438
1988-03-31,16.90362548828125
1988-04-01,15.996437072753906
1988-04-02,15.36767864227295
1988-04-03,14.983747482299805
1988-04-04,15.25334644317627
1988-04-05,16.50229263305664
1988-04-06,17.424509048461914
1988-04-07,17.999473571777344
1988-04-08,21.619468688964844
1988-04-09,24.320175170898438
1988-04-10,21.775310516357422
1988-04-11,18.490896224975586
1988-04-12,16.926916122436523
1988-04-13,19.20626449584961
1988-04-14,23.30705451965332
1988-04-15,22.729951858520508
1988-04-16,19.88323402404785
1988-04-17,17.569469451904297
1988-04-18,15.87005615234375
1988-04-19,20.02952003479004
1988-04-20,37.541107177734375
1988-04-21,48.75602722167969
1988-04-22,37.19116973876953
1988-04-23,27.24528694152832
1988-04-24,22.065937042236328
1988-04-25,19.14266586303711
1988-04-26,16.90486717224121
1988-04-27,15.272994041442871
1988-04-28,14.332018852233887
1988-04-29,13.71595287322998
1988-04-30,12.968023300170898
1988-05-01,12.181857109069824
1988-05-02,11.553983688354492
1988-05-03,11.067344665527344
1988-05-04,11.095643997192383
1988-05-05,13.74522590637207
1988-05-06,21.195018768310547
1988-05-07,25.10893440246582
1988-05-08,22.511011123657227
1988-05-09,18.033287048339844
1988-05-10,15.395906448364258
1988-05-11,14.85017204284668
1988-05-12,14.713948249816895
1988-05-13,13.387378692626953
1988-05-14,11.88419246673584
1988-05-15,10.95726490020752
1988-05-16,10.855018615722656
1988-05-17,14.805051803588867
1988-05-18,25.008358001708984
1988-05-19,31.425838470458984
1988-05-20,27.288002014160156
1988-05-21,21.366254806518555
1988-05-22,17.128446578979492
1988-05-23,14.083263397216797
1988-05-24,12.814736366271973
1988-05-25,12.79677963256836
1988-05-26,13.316803932189941
1988-05-27,12.835845947265625
1988-05-28,11.33621883392334
1988-05-29,10.119913101196289
1988-05-30,9.164504051208496
1988-05-31,8.398659706115723
1988-06-01,7.754772186279297
1988-06-02,7.221917152404785
1988-06-03,6.97819709777832
1988-06-04,7.29649019241333
1988-06-05,7.713464736938477
1988-06-06,7.412325859069824
1988-06-07,6.812749862670898
1988-06-08,6.229835510253906
1988-06-09,5.846769332885742
1988-06-10,6.564998149871826
1988-06-11,8.53701400756836
1988-06-12,8.808197021484375
1988-06-13,7.6496405601501465
1988-06-14,6.5795578956604
1988-06-15,5.852230548858643
1988-06-16,5.3723015785217285
1988-06-17,5.320682525634766
1988-06-18,6.31129264831543
1988-06-19,7.633166313171387
1988-06-20,8.029500007629395
1988-06-21,7.7813029289245605
1988-06-22,7.281402587890625
1988-06-23,6.49613094329834
1988-06-24,5.704793930053711
1988-06-25,5.411237716674805
1988-06-26,5.459820747375488
1988-06-27,5.774339199066162
1988-06-28,6.1215739250183105
1988-06-29,5.581521034240723
1988-06-30,4.893573760986328
1988-07-01,4.573703289031982
1988-07-02,4.420643329620361
1988-07-03,4.072902679443359
1988-07-04,3.716172933578491
1988-07-05,3.4891104698181152
1988-07-06,3.3519973754882812
1988-07-07,3.196194648742676
1988-07-08,3.026428699493408
1988-07-09,2.94118070602417
1988-07-10,3.031135082244873
1988-07-11,3.208179473876953
1988-07-12,3.40028977394104
1988-07-13,3.946908473968506
1988-07-14,4.798946857452393
1988-07-15,4.690414905548096
1988-07-16,4.036626815795898
1988-07-17,3.493424654006958
1988-07-18,3.1399331092834473
1988-07-19,3.0921802520751953
1988-07-20,3.422691822052002
1988-07-21,3.8547072410583496
1988-07-22,4.36781120300293
1988-07-23,6.352746963500977
1988-07-24,9.85381031036377
1988-07-25,10.818215370178223
1988-07-26,8.570011138916016
1988-07-27,6.658154487609863
1988-07-28,6.240002632141113
1988-07-29,6.864563941955566
1988-07-30,6.882094860076904
1988-07-31,5.927994728088379
1988-08-01,5.05073356628418
1988-08-02,4.481513977050781
1988-08-03,3.9023094177246094
1988-08-04,3.470104455947876
1988-08-05,3.24216890335083
1988-08-06,3.144679546356201
1988-08-07,3.0625159740448
1988-08-08,2.9107718467712402
1988-08-09,2.7159087657928467
1988-08-10,2.4960131645202637
1988-08-11,2.354722023010254
1988-08-12,2.34232759475708
1988-08-13,2.3507778644561768
1988-08-14,2.261812686920166
1988-08-15,2.1698474884033203
1988-08-16,2.1357109546661377
1988-08-17,2.0882863998413086
1988-08-18,1.9767661094665527
1988-08-19,1.8292495012283325
1988-08-20,1.7698484659194946
1988-08-21,2.0046584606170654
1988-08-22,2.4932541847229004
1988-08-23,2.729593276977539
1988-08-24,2.6651453971862793
1988-08-25,2.5782229900360107
1988-08-26,2.428203582763672
1988-08-27,2.1845314502716064
1988-08-28,2.0818252563476562
1988-08-29,5.298628330230713
1988-08-30,10.705381393432617
1988-08-31,11.938583374023438
1988-09-01,9.351576805114746
1988-09-02,6.44249153137207
1988-09-03,4.614635467529297
1988-09-04,3.909882068634033
1988-09-05,6.620852470397949
1988-09-06,10.612377166748047
1988-09-07,9.998442649841309
1988-09-08,7.326733589172363
1988-09-09,6.014436721801758
1988-09-10,9.229649543762207
1988-09-11,15.14267635345459
1988-09-12,14.648646354675293
1988-09-13,10.336490631103516
1988-09-14,7.181696891784668
1988-09-15,5.6148858070373535
1988-09-16,4.836601257324219
1988-09-17,4.593384742736816
1988-09-18,5.568655490875244
1988-09-19,7.170701026916504
1988-09-20,7.09807014465332
1988-09-21,6.003213405609131
1988-09-22,4.996382713317871
1988-09-23,4.245326042175293
1988-09-24,3.9298219680786133
1988-09-25,4.239455223083496
1988-09-26,4.840073108673096
1988-09-27,4.8820390701293945
1988-09-28,4.39119815826416
1988-09-29,3.8793413639068604
1988-09-30,3.537349224090576
1988-10-01,3.377347946166992
1988-10-02,3.2634472846984863
1988-10-03,3.8876373767852783
1988-10-04,15.885760307312012
1988-10-05,37.29834747314453
1988-10-06,35.79225158691406
1988-10-07,22.084495544433594
1988-10-08,13.459735870361328
1988-10-09,9.520554542541504
1988-10-10,7.623629093170166
1988-10-11,6.520233631134033
1988-10-12,5.774483680725098
1988-10-13,5.304439544677734
1988-10-14,4.999105453491211
1988-10-15,4.774137496948242
1988-10-16,4.597319602966309
1988-10-17,4.402105808258057
1988-10-18,4.213163375854492
1988-10-19,4.257480621337891
1988-10-20,4.722959995269775
1988-10-21,5.7527570724487305
1988-10-22,8.128873825073242
1988-10-23,10.240528106689453
1988-10-24,9.502781867980957
1988-10-25,7.86391544342041
1988-10-26,6.6459808349609375
1988-10-27,5.860960960388184
1988-10-28,5.512027263641357
1988-10-29,5.48568058013916
1988-10-30,5.260314464569092
1988-10-31,5.033875465393066
1988-11-01,18.048927307128906
1988-11-02,42.61582946777344
1988-11-03,44.95893478393555
1988-11-04,29.2404842376709
1988-11-05,19.76785659790039
1988-11-06,17.31551170349121
1988-11-07,16.336381912231445
1988-11-08,13.81967544555664
1988-11-09,11.648441314697266
1988-11-10,10.12580394744873
1988-11-11,9.196439743041992
1988-11-12,8.603188514709473
1988-11-13,8.125626564025879
1988-11-14,7.829251289367676
1988-11-15,7.654379844665527
1988-11-16,7.423671722412109
1988-11-17,7.709953308105469
1988-11-18,9.809724807739258
1988-11-19,11.845695495605469
1988-11-20,11.410445213317871
1988-11-21,10.80860710144043
1988-11-22,10.390240669250488
1988-11-23,9.51275634765625
1988-11-24,8.86218547821045
1988-11-25,8.515422821044922
1988-11-26,8.217578887939453
1988-11-27,7.9450578689575195
1988-11-28,11.986871719360352
1988-11-29,32.725032806396484
1988-11-30,42.253929138183594
1988-12-01,30.75688934326172
1988-12-02,20.533706665039062
1988-12-03,15.560718536376953
1988-12-04,12.980117797851562
1988-12-05,11.367700576782227
1988-12-06,10.439266204833984
1988-12-07,9.86431884765625
1988-12-08,9.4503173828125
1988-12-09,9.212435722351074
1988-12-10,9.73585319519043
1988-12-11,10.541854858398438
1988-12-12,10.23675537109375
1988-12-13,9.602617263793945
1988-12-14,9.133337020874023
1988-12-15,8.771749496459961
1988-12-16,8.476167678833008
1988-12-17,8.23966121673584
1988-12-18,8.042862892150879
1988-12-19,7.8400559425354
1988-12-20,7.703815460205078
1988-12-21,7.594037055969238
1988-12-22,7.595366477966309
1988-12-23,7.70466423034668
1988-12-24,7.738006114959717
1988-12-25,7.7861247062683105
1988-12-26,7.843782424926758
1988-12-27,7.7465925216674805
1988-12-28,7.5821614265441895
1988-12-29,7.415208339691162
1988-12-30,7.4651689529418945
1988-12-31,7.817087173461914
1989-01-01,11.688896179199219
1989-01-02,22.623563766479492
1989-01-03,29.641321182250977
1989-01-04,24.61733627319336
1989-01-05,18.719194412231445
1989-01-06,15.253722190856934
1989-01-07,14.692256927490234
1989-01-08,15.487125396728516
1989-01-09,15.392195701599121
1989-01-10,15.392024993896484
1989-01-11,16.175832748413086
1989-01-12,16.773387908935547
1989-01-13,20.267045974731445
1989-01-14,27.3839168548584
1989-01-15,28.039018630981445
1989-01-16,25.152339935302734
1989-01-17,23.342166900634766
1989-01-18,20.014949798583984
1989-01-19,17.17245864868164
1989-01-20,15.341534614562988
1989-01-21,14.006632804870605
1989-01-22,13.019761085510254
1989-01-23,12.192098617553711
1989-01-24,11.610549926757812
1989-01-25,11.196755409240723
1989-01-26,10.89326286315918
1989-01-27,10.691666603088379
1989-01-28,10.572235107421875
1989-01-29,10.369029998779297
1989-01-30,10.190178871154785
1989-01-31,10.284835815429688
1989-02-01,10.30643081665039
1989-02-02,10.016218185424805
1989-02-03,9.654722213745117
1989-02-04,9.287845611572266
1989-02-05,9.41034984588623
1989-02-06,11.188261032104492
1989-02-07,14.748991012573242
1989-02-08,18.49384307861328
1989-02-09,19.857666015625
1989-02-10,17.647872924804688
1989-02-11,15.008842468261719
1989-02-12,13.240966796875
1989-02-13,12.193307876586914
1989-02-14,11.590703964233398
1989-02-15,11.155797004699707
1989-02-16,10.612732887268066
1989-02-17,11.742877960205078
1989-02-18,20.10333251953125
1989-02-19,31.36176109313965
1989-02-20,36.47919845581055
1989-02-21,80.3013916015625
1989-02-22,206.71470642089844
1989-02-23,279.4571533203125
1989-02-24,212.58474731445312
1989-02-25,136.03665161132812
1989-02-26,87.41397857666016
1989-02-27,72.23698425292969
1989-02-28,154.9534149169922
1989-03-01,277.62261962890625
1989-03-02,225.83949279785156
1989-03-03,138.81826782226562
1989-03-04,101.73455810546875
1989-03-05,86.91448974609375
1989-03-06,93.76275634765625
1989-03-07,175.50936889648438
1989-03-08,210.349853515625
1989-03-09,152.99107360839844
1989-03-10,101.1778564453125
1989-03-11,72.81639099121094
1989-03-12,56.63166809082031
1989-03-13,47.1307373046875
1989-03-14,41.75985336303711
1989-03-15,40.800636291503906
1989-03-16,45.048423767089844
1989-03-17,48.72174835205078
1989-03-18,43.661376953125
1989-03-19,39.582923889160156
1989-03-20,37.84181213378906
1989-03-21,37.056724548339844
1989-03-22,44.98988342285156
1989-03-23,90.1075668334961
1989-03-24,262.15911865234375
1989-03-25,409.96649169921875
1989-03-26,282.07958984375
1989-03-27,156.40921020507812
1989-03-28,94.54244232177734
1989-03-29,66.83684539794922
1989-03-30,58.836509704589844
1989-03-31,72.36489868164062
1989-04-01,79.27140808105469
1989-04-02,62.31769561767578
1989-04-03,48.37892532348633
1989-04-04,41.16486358642578
1989-04-05,40.82207489013672
1989-04-06,52.36431121826172
1989-04-07,76.25015258789062
1989-04-08,104.59521484375
1989-04-09,117.2829360961914
1989-04-10,99.92039489746094
1989-04-11,73.53974914550781
1989-04-12,56.690826416015625
1989-04-13,45.91513442993164
1989-04-14,39.08901596069336
1989-04-15,38.415245056152344
1989-04-16,49.75630187988281
1989-04-17,59.196868896484375
1989-04-18,50.949310302734375
1989-04-19,41.108943939208984
1989-04-20,35.46852111816406
1989-04-21,32.12922286987305
1989-04-22,28.964305877685547
1989-04-23,26.414833068847656
1989-04-24,24.5341854095459
1989-04-25,23.016271591186523
1989-04-26,22.0058536529541
1989-04-27,22.031728744506836
1989-04-28,24.12666130065918
1989-04-29,27.019346237182617
1989-04-30,32.10131072998047
1989-05-01,46.557533264160156
1989-05-02,112.17153930664062
1989-05-03,243.9034423828125
1989-05-04,204.77288818359375
1989-05-05,121.50344848632812
1989-05-06,127.00572204589844
1989-05-07,198.4642333984375
1989-05-08,180.9776611328125
1989-05-09,117.94697570800781
1989-05-10,90.82681274414062
1989-05-11,97.08748626708984
1989-05-12,87.11666107177734
1989-05-13,66.33312225341797
1989-05-14,50.08949279785156
1989-05-15,41.29059600830078
1989-05-16,40.884552001953125
1989-05-17,41.81595993041992
1989-05-18,36.52520751953125
1989-05-19,30.998271942138672
1989-05-20,27.464563369750977
1989-05-21,25.429521560668945
1989-05-22,23.641454696655273
1989-05-23,22.372766494750977
1989-05-24,27.756807327270508
1989-05-25,33.60102462768555
1989-05-26,28.810352325439453
1989-05-27,22.72827911376953
1989-05-28,19.323837280273438
1989-05-29,17.25826644897461
1989-05-30,15.801129341125488
1989-05-31,14.850671768188477
1989-06-01,14.004059791564941
1989-06-02,13.273983001708984
1989-06-03,13.260931968688965
1989-06-04,14.168251991271973
1989-06-05,15.168743133544922
1989-06-06,20.446147918701172
1989-06-07,30.713842391967773
1989-06-08,37.42803192138672
1989-06-09,43.216636657714844
1989-06-10,65.54145812988281
1989-06-11,72.91683959960938
1989-06-12,50.723182678222656
1989-06-13,39.797218322753906
1989-06-14,42.574337005615234
1989-06-15,36.85280227661133
1989-06-16,31.51420783996582
1989-06-17,37.833709716796875
1989-06-18,44.04180145263672
1989-06-19,36.089847564697266
1989-06-20,26.881959915161133
1989-06-21,27.1704044342041
1989-06-22,33.065673828125
1989-06-23,36.72047424316406
1989-06-24,40.388790130615234
1989-06-25,51.968990325927734
1989-06-26,53.20044708251953
1989-06-27,38.946380615234375
1989-06-28,28.33296012878418
1989-06-29,24.015628814697266
1989-06-30,21.42251205444336
1989-07-01,18.450956344604492
1989-07-02,15.726088523864746
1989-07-03,13.860618591308594
1989-07-04,12.86467456817627
1989-07-05,13.682111740112305
1989-07-06,18.888460159301758
1989-07-07,26.4207763671875
1989-07-08,28.323671340942383
1989-07-09,24.56995964050293
1989-07-10,19.361066818237305
1989-07-11,15.593982696533203
1989-07-12,13.577791213989258
1989-07-13,14.009881973266602
1989-07-14,16.575775146484375
1989-07-15,17.806922912597656
1989-07-16,24.561201095581055
1989-07-17,59.99565505981445
1989-07-18,86.30188751220703
1989-07-19,67.95603942871094
1989-07-20,45.069149017333984
1989-07-21,38.76413345336914
1989-07-22,35.77166748046875
1989-07-23,30.2925968170166
1989-07-24,24.822973251342773
1989-07-25,20.236469268798828
1989-07-26,17.730512619018555
1989-07-27,21.96894073486328
1989-07-28,34.78180694580078
1989-07-29,38.80570983886719
1989-07-30,29.03375816345215
1989-07-31,22.09099578857422
1989-08-01,24.313724517822266
1989-08-02,29.207765579223633
1989-08-03,27.243982315063477
1989-08-04,21.646881103515625
1989-08-05,17.035205841064453
1989-08-06,14.148183822631836
1989-08-07,12.507303237915039
1989-08-08,11.501450538635254
1989-08-09,10.695148468017578
1989-08-10,9.947909355163574
1989-08-11,9.361908912658691
1989-08-12,8.945005416870117
1989-08-13,8.634247779846191
1989-08-14,8.61779499053955
1989-08-15,9.500568389892578
1989-08-16,10.65990161895752
1989-08-17,12.382915496826172
1989-08-18,27.93793296813965
1989-08-19,57.260162353515625
1989-08-20,68.29586791992188
1989-08-21,48.10559844970703
1989-08-22,29.79300880432129
1989-08-23,20.74830436706543
1989-08-24,17.64291000366211
1989-08-25,17.66032600402832
1989-08-26,18.191848754882812
1989-08-27,19.53067398071289
1989-08-28,23.2429141998291
1989-08-29,24.12779426574707
1989-08-30,20.040485382080078
1989-08-31,18.13568115234375
1989-09-01,16.579288482666016
1989-09-02,13.900002479553223
1989-09-03,11.773869514465332
1989-09-04,10.540449142456055
1989-09-05,9.781829833984375
1989-09-06,9.465605735778809
1989-09-07,9.382903099060059
1989-09-08,9.082191467285156
1989-09-09,8.689918518066406
1989-09-10,8.250543594360352
1989-09-11,7.813023567199707
1989-09-12,7.4595232009887695
1989-09-13,7.301383972167969
1989-09-14,7.2926411628723145
1989-09-15,7.191936492919922
1989-09-16,7.24329137802124
1989-09-17,8.557988166809082
1989-09-18,10.68404769897461
1989-09-19,10.390338897705078
1989-09-20,9.202929496765137
1989-09-21,9.172798156738281
1989-09-22,10.716262817382812
1989-09-23,14.254386901855469
1989-09-24,17.57305908203125
1989-09-25,16.595958709716797
1989-09-26,23.575336456298828
1989-09-27,49.859703063964844
1989-09-28,53.707881927490234
1989-09-29,35.72673034667969
1989-09-30,23.53372573852539
1989-10-01,39.378631591796875
1989-10-02,167.8637237548828
1989-10-03,363.1414489746094
1989-10-04,306.1780090332031
1989-10-05,155.68411254882812
1989-10-06,75.75111389160156
1989-10-07,46.8602180480957
1989-10-08,34.394737243652344
1989-10-09,27.988882064819336
1989-10-10,24.092241287231445
1989-10-11,21.407970428466797
1989-10-12,19.401905059814453
1989-10-13,17.918167114257812
1989-10-14,16.801692962646484
1989-10-15,15.944183349609375
1989-10-16,15.269225120544434
1989-10-17,14.542275428771973
1989-10-18,15.257941246032715
1989-10-19,28.398941040039062
1989-10-20,52.96080780029297
1989-10-21,58.99309539794922
1989-10-22,43.85997772216797
1989-10-23,31.023908615112305
1989-10-24,24.404678344726562
1989-10-25,20.78757667541504
1989-10-26,18.530649185180664
1989-10-27,16.995134353637695
1989-10-28,15.847467422485352
1989-10-29,14.959665298461914
1989-10-30,14.284919738769531
1989-10-31,13.905133247375488
1989-11-01,13.494945526123047
1989-11-02,14.077044486999512
1989-11-03,16.956193923950195
1989-11-04,18.759857177734375
1989-11-05,17.646224975585938
1989-11-06,16.01940155029297
1989-11-07,14.956544876098633
1989-11-08,14.666229248046875
1989-11-09,18.764625549316406
1989-11-10,25.249570846557617
1989-11-11,26.907794952392578
1989-11-12,23.292739868164062
1989-11-13,19.649272918701172
1989-11-14,17.354488372802734
1989-11-15,16.285097122192383
1989-11-16,19.14139747619629
1989-11-17,33.19966506958008
1989-11-18,39.04050827026367
1989-11-19,32.08543395996094
1989-11-20,25.00587272644043
1989-11-21,21.123851776123047
1989-11-22,18.717674255371094
1989-11-23,24.894075393676758
1989-11-24,42.43468475341797
1989-11-25,47.53633117675781
1989-11-26,39.904029846191406
1989-11-27,33.210365295410156
1989-11-28,28.98109245300293
1989-11-29,26.49024772644043
1989-11-30,24.045991897583008
1989-12-01,21.576221466064453
1989-12-02,19.851713180541992
1989-12-03,18.668792724609375
1989-12-04,17.695903778076172
1989-12-05,16.85299301147461
1989-12-06,16.210372924804688
1989-12-07,15.677144050598145
1989-12-08,27.709548950195312
1989-12-09,58.10499572753906
1989-12-10,73.66080474853516
1989-12-11,66.45682525634766
1989-12-12,62.04553985595703
1989-12-13,95.21673583984375
1989-12-14,147.08837890625
1989-12-15,126.64822387695312
1989-12-16,87.15158081054688
1989-12-17,62.69379425048828
1989-12-18,48.028079986572266
1989-12-19,39.32053756713867
1989-12-20,34.6462516784668
1989-12-21,32.39679718017578
1989-12-22,29.87731170654297
1989-12-23,27.08217430114746
1989-12-24,24.73270606994629
1989-12-25,23.442890167236328
1989-12-26,22.34996795654297
1989-12-27,21.544824600219727
1989-12-28,20.92863655090332
1989-12-29,20.757709503173828
1989-12-30,21.08756446838379
1989-12-31,24.44940757751465
1990-01-01,44.553955078125
1990-01-02,86.70304870605469
1990-01-03,82.49015808105469
1990-01-04,58.610023498535156
1990-01-05,46.01460647583008
1990-01-06,43.4298210144043
1990-01-07,45.98568344116211
1990-01-08,59.61745071411133
1990-01-09,97.8050308227539
1990-01-10,118.15876007080078
1990-01-11,84.89617156982422
1990-01-12,57.731597900390625
1990-01-13,44.61618423461914
1990-01-14,37.27877426147461
1990-01-15,32.43077087402344
1990-01-16,29.724056243896484
1990-01-17,27.73858070373535
1990-01-18,26.361083984375
1990-01-19,25.308330535888672
1990-01-20,24.25493049621582
1990-01-21,27.178672790527344
1990-01-22,40.07346725463867
1990-01-23,48.38410568237305
1990-01-24,42.71902084350586
1990-01-25,44.50640106201172
1990-01-26,98.63227081298828
1990-01-27,182.00540161132812
1990-01-28,145.80075073242188
1990-01-29,89.74475860595703
1990-01-30,63.01432800292969
1990-01-31,55.338321685791016
1990-02-01,50.5328254699707
1990-02-02,42.95935821533203
1990-02-03,37.435150146484375
1990-02-04,36.394527435302734
1990-02-05,44.35591125488281
1990-02-06,50.56554412841797
1990-02-07,42.94340896606445
1990-02-08,36.308536529541016
1990-02-09,32.102333068847656
1990-02-10,44.061561584472656
1990-02-11,85.06805419921875
1990-02-12,104.5846176147461
1990-02-13,77.68852996826172
1990-02-14,56.039344787597656
1990-02-15,44.20088577270508
1990-02-16,45.24217987060547
1990-02-17,69.79685974121094
1990-02-18,89.37672424316406
1990-02-19,78.44834899902344
1990-02-20,87.1641616821289
1990-02-21,93.80540466308594
1990-02-22,72.86078643798828
1990-02-23,66.17724609375
1990-02-24,74.96495056152344
1990-02-25,68.96116638183594
1990-02-26,55.392608642578125
1990-02-27,45.53972625732422
1990-02-28,38.566688537597656
1990-03-01,34.48059844970703
1990-03-02,32.109378814697266
1990-03-03,35.3790168762207
1990-03-04,51.12401580810547
1990-03-05,61.28807067871094
1990-03-06,51.363014221191406
1990-03-07,41.962013244628906
1990-03-08,36.40195846557617
1990-03-09,32.75750732421875
1990-03-10,30.586071014404297
1990-03-11,28.87383460998535
1990-03-12,27.367767333984375
1990-03-13,26.12457275390625
1990-03-14,25.085556030273438
1990-03-15,24.228559494018555
1990-03-16,23.831436157226562
1990-03-17,27.168535232543945
1990-03-18,41.30611801147461
1990-03-19,52.16905212402344
1990-03-20,46.15264892578125
1990-03-21,39.6158447265625
1990-03-22,34.84715270996094
1990-03-23,30.63439178466797
1990-03-24,27.84442901611328
1990-03-25,26.039981842041016
1990-03-26,24.685707092285156
1990-03-27,23.640670776367188
1990-03-28,22.732742309570312
1990-03-29,29.33285140991211
1990-03-30,52.10384750366211
1990-03-31,72.02816772460938
1990-04-01,82.079833984375
1990-04-02,80.99253845214844
1990-04-03,71.10432434082031
1990-04-04,64.84626007080078
1990-04-05,52.33953857421875
1990-04-06,41.40610885620117
1990-04-07,40.75014114379883
1990-04-08,45.55341339111328
1990-04-09,42.46073913574219
1990-04-10,36.45024490356445
1990-04-11,32.89868927001953
1990-04-12,31.530593872070312
1990-04-13,29.828351974487305
1990-04-14,27.394655227661133
1990-04-15,29.63652992248535
1990-04-16,42.66147994995117
1990-04-17,52.94902801513672
1990-04-18,46.19377136230469
1990-04-19,36.860595703125
1990-04-20,30.603473663330078
1990-04-21,27.196704864501953
1990-04-22,25.726240158081055
1990-04-23,24.829925537109375
1990-04-24,23.1624813079834
1990-04-25,21.531906127929688
1990-04-26,20.14496421813965
1990-04-27,18.920488357543945
1990-04-28,17.884994506835938
1990-04-29,17.445220947265625
1990-04-30,18.811561584472656
1990-05-01,22.98226547241211
1990-05-02,28.927553176879883
1990-05-03,33.026145935058594
1990-05-04,48.709312438964844
1990-05-05,89.25279235839844
1990-05-06,121.02850341796875
1990-05-07,104.10787200927734
1990-05-08,70.00083923339844
1990-05-09,48.26116180419922
1990-05-10,41.57804489135742
1990-05-11,57.37281799316406
1990-05-12,70.13079833984375
1990-05-13,54.15656661987305
1990-05-14,40.53668975830078
1990-05-15,33.600135803222656
1990-05-16,28.02481460571289
1990-05-17,23.967077255249023
1990-05-18,21.424510955810547
1990-05-19,19.86285972595215
1990-05-20,18.20770263671875
1990-05-21,16.96940803527832
1990-05-22,17.675668716430664
1990-05-23,26.340618133544922
1990-05-24,39.17715072631836
1990-05-25,35.14421463012695
1990-05-26,26.262680053710938
1990-05-27,23.295862197875977
1990-05-28,29.24057388305664
1990-05-29,85.04106140136719
1990-05-30,191.96038818359375
1990-05-31,176.58082580566406
1990-06-01,99.93928527832031
1990-06-02,56.41607666015625
1990-06-03,38.29312515258789
1990-06-04,30.078567504882812
1990-06-05,25.748638153076172
1990-06-06,22.67630386352539
1990-06-07,20.272014617919922
1990-06-08,18.641386032104492
1990-06-09,18.204809188842773
1990-06-10,18.304195404052734
1990-06-11,17.753528594970703
1990-06-12,16.474519729614258
1990-06-13,14.81728744506836
1990-06-14,13.518562316894531
1990-06-15,12.690045356750488
1990-06-16,12.057319641113281
1990-06-17,11.647322654724121
1990-06-18,11.26359748840332
1990-06-19,11.338090896606445
1990-06-20,11.49659252166748
1990-06-21,10.797345161437988
1990-06-22,10.166436195373535
1990-06-23,10.099398612976074
1990-06-24,10.271121978759766
1990-06-25,10.060030937194824
1990-06-26,9.45378303527832
1990-06-27,9.004066467285156
1990-06-28,8.925966262817383
1990-06-29,8.728792190551758
1990-06-30,8.373799324035645
1990-07-01,8.208662986755371
1990-07-02,8.358323097229004
1990-07-03,8.226537704467773
1990-07-04,7.597016334533691
1990-07-05,7.014207363128662
1990-07-06,6.561374187469482
1990-07-07,6.174616813659668
1990-07-08,5.904589653015137
1990-07-09,5.726560592651367
1990-07-10,5.757730007171631
1990-07-11,6.050090789794922
1990-07-12,6.8622918128967285
1990-07-13,7.985735893249512
1990-07-14,9.249674797058105
1990-07-15,12.072607040405273
1990-07-16,14.96601390838623
1990-07-17,14.225661277770996
1990-07-18,12.151790618896484
1990-07-19,10.726101875305176
1990-07-20,9.99485969543457
1990-07-21,9.26945686340332
1990-07-22,8.363312721252441
1990-07-23,7.610651016235352
1990-07-24,6.9163737297058105
1990-07-25,6.261756420135498
1990-07-26,5.741280555725098
1990-07-27,5.352762699127197
1990-07-28,5.047521591186523
1990-07-29,4.80384635925293
1990-07-30,4.620298385620117
1990-07-31,4.5199480056762695
1990-08-01,4.447025299072266
1990-08-02,4.245908737182617
1990-08-03,4.057887077331543
1990-08-04,3.982773542404175
1990-08-05,3.9559805393218994
1990-08-06,4.012314796447754
1990-08-07,4.961658477783203
1990-08-08,6.580743789672852
1990-08-09,6.826670169830322
1990-08-10,6.637806415557861
1990-08-11,6.779778957366943
1990-08-12,6.423653602600098
1990-08-13,5.64178466796875
1990-08-14,5.070539474487305
1990-08-15,4.934719085693359
1990-08-16,5.377568244934082
1990-08-17,6.972743988037109
1990-08-18,8.617972373962402
1990-08-19,7.922433376312256
1990-08-20,6.484053134918213
1990-08-21,5.732084274291992
1990-08-22,5.804452419281006
1990-08-23,8.101741790771484
1990-08-24,13.899066925048828
1990-08-25,16.213871002197266
1990-08-26,13.231030464172363
1990-08-27,10.106949806213379
1990-08-28,8.153185844421387
1990-08-29,6.739165306091309
1990-08-30,5.828042030334473
1990-08-31,5.321812629699707
1990-09-01,4.914730072021484
1990-09-02,4.53127384185791
1990-09-03,4.259492874145508
1990-09-04,4.03312873840332
1990-09-05,3.8651111125946045
1990-09-06,3.7328906059265137
1990-09-07,3.6191742420196533
1990-09-08,3.5039100646972656
1990-09-09,3.4649946689605713
1990-09-10,3.7362892627716064
1990-09-11,4.341866970062256
1990-09-12,4.817532539367676
1990-09-13,5.157257080078125
1990-09-14,5.9466633796691895
1990-09-15,7.009676456451416
1990-09-16,6.984414577484131
1990-09-17,5.948686122894287
1990-09-18,5.021989822387695
1990-09-19,4.456924915313721
1990-09-20,4.1672868728637695
1990-09-21,4.015293598175049
1990-09-22,3.9935946464538574
1990-09-23,3.9779253005981445
1990-09-24,3.900381326675415
1990-09-25,3.7831766605377197
1990-09-26,3.666524887084961
1990-09-27,3.5517635345458984
1990-09-28,3.4193384647369385
1990-09-29,3.3046791553497314
1990-09-30,3.2441442012786865
1990-10-01,3.257091999053955
1990-10-02,3.281054973602295
1990-10-03,3.245816469192505
1990-10-04,3.251054525375366
1990-10-05,3.486266613006592
1990-10-06,3.7622928619384766
1990-10-07,3.761276960372925
1990-10-08,3.6459460258483887
1990-10-09,3.5239739418029785
1990-10-10,3.4921131134033203
1990-10-11,12.536967277526855
1990-10-12,56.21836853027344
1990-10-13,115.53744506835938
1990-10-14,107.95144653320312
1990-10-15,72.08765411376953
1990-10-16,40.300270080566406
1990-10-17,23.015348434448242
1990-10-18,16.403108596801758
1990-10-19,16.608997344970703
1990-10-20,20.117870330810547
1990-10-21,18.070777893066406
1990-10-22,14.557724952697754
1990-10-23,59.452964782714844
1990-10-24,203.730712890625
1990-10-25,227.1261444091797
1990-10-26,149.7279052734375
1990-10-27,105.1086196899414
1990-10-28,69.2248306274414
1990-10-29,44.37016296386719
1990-10-30,31.50832748413086
1990-10-31,24.845592498779297
1990-11-01,21.200769424438477
1990-11-02,18.948354721069336
1990-11-03,17.2652587890625
1990-11-04,15.973896026611328
1990-11-05,14.956157684326172
1990-11-06,14.108536720275879
1990-11-07,13.428842544555664
1990-11-08,12.875798225402832
1990-11-09,12.4307222366333
1990-11-10,21.096481323242188
1990-11-11,57.11717224121094
1990-11-12,77.57257843017578
1990-11-13,55.648868560791016
1990-11-14,35.95070266723633
1990-11-15,26.432992935180664
1990-11-16,21.893798828125
1990-11-17,19.2821102142334
1990-11-18,17.578577041625977
1990-11-19,16.434980392456055
1990-11-20,15.527700424194336
1990-11-21,14.812679290771484
1990-11-22,14.291841506958008
1990-11-23,13.829985618591309
1990-11-24,13.38923168182373
1990-11-25,13.011124610900879
1990-11-26,12.674925804138184
1990-11-27,12.406744003295898
1990-11-28,12.215316772460938
1990-11-29,13.317638397216797
1990-11-30,16.938322067260742
1990-12-01,18.8773193359375
1990-12-02,17.206912994384766
1990-12-03,18.03495216369629
1990-12-04,37.701637268066406
1990-12-05,84.85198974609375
1990-12-06,76.48749542236328
1990-12-07,48.76704406738281
1990-12-08,35.43987274169922
1990-12-09,33.87004470825195
1990-12-10,32.540985107421875
1990-12-11,27.66648292541504
1990-12-12,23.72394371032715
1990-12-13,21.24522590637207
1990-12-14,19.536569595336914
1990-12-15,18.370216369628906
1990-12-16,17.679370880126953
1990-12-17,17.259193420410156
1990-12-18,16.793352127075195
1990-12-19,16.923877716064453
1990-12-20,19.17892837524414
1990-12-21,22.971532821655273
1990-12-22,27.277877807617188
1990-12-23,30.16206169128418
1990-12-24,30.747392654418945
1990-12-25,34.156803131103516
1990-12-26,31.97527313232422
1990-12-27,26.49057960510254
1990-12-28,23.934412002563477
1990-12-29,25.970535278320312
1990-12-30,31.229549407958984
1990-12-31,37.84107971191406
1991-01-01,45.613792419433594
1991-01-02,42.721046447753906
1991-01-03,33.99808120727539
1991-01-04,31.00522232055664
1991-01-05,31.198928833007812
1991-01-06,28.840023040771484
1991-01-07,32.17823791503906
1991-01-08,70.14124298095703
1991-01-09,118.91178894042969
1991-01-10,115.12356567382812
1991-01-11,138.5946807861328
1991-01-12,263.6634216308594
1991-01-13,299.7920227050781
1991-01-14,192.5616455078125
1991-01-15,106.8425064086914
1991-01-16,76.48338317871094
1991-01-17,86.29581451416016
1991-01-18,93.28097534179688
1991-01-19,71.87512969970703
1991-01-20,62.730133056640625
1991-01-21,76.44232940673828
1991-01-22,79.89844512939453
1991-01-23,63.685489654541016
1991-01-24,48.94873809814453
1991-01-25,41.49769592285156
1991-01-26,37.319549560546875
1991-01-27,33.59253692626953
1991-01-28,30.91061019897461
1991-01-29,29.32278823852539
1991-01-30,30.5495662689209
1991-01-31,42.224056243896484
1991-02-01,50.95231628417969
1991-02-02,43.9620361328125
1991-02-03,36.13200378417969
1991-02-04,31.663379669189453
1991-02-05,28.955385208129883
1991-02-06,27.516502380371094
1991-02-07,29.144203186035156
1991-02-08,33.21403503417969
1991-02-09,34.367347717285156
1991-02-10,31.677928924560547
1991-02-11,28.69780921936035
1991-02-12,26.50415802001953
1991-02-13,24.92708969116211
1991-02-14,25.075210571289062
1991-02-15,27.73375129699707
1991-02-16,29.050451278686523
1991-02-17,27.384885787963867
1991-02-18,26.423385620117188
1991-02-19,30.99840545654297
1991-02-20,38.132347106933594
1991-02-21,38.632450103759766
1991-02-22,35.31218338012695
1991-02-23,31.57788848876953
1991-02-24,29.180110931396484
1991-02-25,27.306116104125977
1991-02-26,26.02860450744629
1991-02-27,27.69097137451172
1991-02-28,29.691625595092773
1991-03-01,27.851716995239258
1991-03-02,31.11970329284668
1991-03-03,64.5246810913086
1991-03-04,159.2682647705078
1991-03-05,233.06802368164062
1991-03-06,170.87652587890625
1991-03-07,104.12529754638672
1991-03-08,72.25932312011719
1991-03-09,58.49658966064453
1991-03-10,51.208824157714844
1991-03-11,44.125003814697266
1991-03-12,38.31462478637695
1991-03-13,35.83147048950195
1991-03-14,43.495330810546875
1991-03-15,55.2745361328125
1991-03-16,53.532325744628906
1991-03-17,44.455074310302734
1991-03-18,45.00642395019531
1991-03-19,61.31484603881836
1991-03-20,68.39513397216797
1991-03-21,55.2618293762207
1991-03-22,44.13133239746094
1991-03-23,39.74760055541992
1991-03-24,42.006500244140625
1991-03-25,43.09527587890625
1991-03-26,37.65919494628906
1991-03-27,32.97991943359375
1991-03-28,30.62639617919922
1991-03-29,60.842254638671875
1991-03-30,237.83905029296875
1991-03-31,480.83306884765625
1991-04-01,331.167724609375
1991-04-02,162.95053100585938
1991-04-03,94.18793487548828
1991-04-04,65.56764221191406
1991-04-05,52.13056182861328
1991-04-06,45.839080810546875
1991-04-07,42.13496398925781
1991-04-08,38.13373947143555
1991-04-09,34.88359451293945
1991-04-10,32.74270248413086
1991-04-11,31.11823272705078
1991-04-12,29.19789695739746
1991-04-13,27.534833908081055
1991-04-14,27.484516143798828
1991-04-15,29.63848304748535
1991-04-16,36.681060791015625
1991-04-17,46.86095428466797
1991-04-18,43.5982780456543
1991-04-19,34.82206726074219
1991-04-20,36.70124816894531
1991-04-21,58.61382293701172
1991-04-22,83.80082702636719
1991-04-23,81.15080261230469
1991-04-24,60.291709899902344
1991-04-25,45.013179779052734
1991-04-26,36.37516784667969
1991-04-27,31.561965942382812
1991-04-28,29.00005531311035
1991-04-29,28.87653923034668
1991-04-30,36.418846130371094
1991-05-01,54.89242935180664
1991-05-02,59.69842529296875
1991-05-03,47.318382263183594
1991-05-04,35.678932189941406
1991-05-05,29.331790924072266
1991-05-06,27.7164306640625
1991-05-07,30.8090877532959
1991-05-08,32.0355339050293
1991-05-09,28.132766723632812
1991-05-10,24.339122772216797
1991-05-11,22.209518432617188
1991-05-12,21.01097869873047
1991-05-13,20.02886199951172
1991-05-14,19.000259399414062
1991-05-15,18.308574676513672
1991-05-16,17.8031005859375
1991-05-17,16.88884735107422
1991-05-18,16.080650329589844
1991-05-19,16.438688278198242
1991-05-20,24.032180786132812
1991-05-21,47.354591369628906
1991-05-22,63.168731689453125
1991-05-23,50.731407165527344
1991-05-24,35.46213912963867
1991-05-25,26.92203140258789
1991-05-26,22.163524627685547
1991-05-27,19.24843978881836
1991-05-28,18.187654495239258
1991-05-29,19.66149139404297
1991-05-30,20.58290672302246
1991-05-31,18.646211624145508
1991-06-01,17.86121940612793
1991-06-02,21.729684829711914
1991-06-03,25.550701141357422
1991-06-04,24.91364097595215
1991-06-05,20.8845157623291
1991-06-06,17.033588409423828
1991-06-07,14.60233211517334
1991-06-08,13.176491737365723
1991-06-09,12.244892120361328
1991-06-10,11.574060440063477
1991-06-11,10.975751876831055
1991-06-12,10.358222007751465
1991-06-13,9.922395706176758
1991-06-14,9.623757362365723
1991-06-15,9.273245811462402
1991-06-16,9.10047721862793
1991-06-17,9.465658187866211
1991-06-18,10.819987297058105
1991-06-19,15.91404914855957
1991-06-20,25.831005096435547
1991-06-21,30.244468688964844
1991-06-22,25.880041122436523
1991-06-23,21.36126708984375
1991-06-24,17.701562881469727
1991-06-25,14.60038948059082
1991-06-26,12.266024589538574
1991-06-27,10.681074142456055
1991-06-28,9.69326400756836
1991-06-29,8.974151611328125
1991-06-30,8.3667631149292
1991-07-01,8.002488136291504
1991-07-02,7.878150939941406
1991-07-03,9.643709182739258
1991-07-04,15.519331932067871
1991-07-05,20.8482666015625
1991-07-06,21.175567626953125
1991-07-07,19.029598236083984
1991-07-08,15.090446472167969
1991-07-09,11.893928527832031
1991-07-10,10.324292182922363
1991-07-11,10.687976837158203
1991-07-12,12.059165000915527
1991-07-13,12.790111541748047
1991-07-14,12.550298690795898
1991-07-15,11.087669372558594
1991-07-16,9.266284942626953
1991-07-17,8.079038619995117
1991-07-18,7.733365058898926
1991-07-19,8.085149765014648
1991-07-20,8.53251838684082
1991-07-21,8.7924165725708
1991-07-22,8.6580228805542
1991-07-23,7.976706504821777
1991-07-24,7.0892133712768555
1991-07-25,6.509015083312988
1991-07-26,7.1783037185668945
1991-07-27,10.293794631958008
1991-07-28,14.237343788146973
1991-07-29,15.736395835876465
1991-07-30,15.012428283691406
1991-07-31,15.207592010498047
1991-08-01,15.970909118652344
1991-08-02,15.46929931640625
1991-08-03,14.490384101867676
1991-08-04,13.0639066696167
1991-08-05,11.612674713134766
1991-08-06,10.332388877868652
1991-08-07,9.505189895629883
1991-08-08,10.055110931396484
1991-08-09,12.464274406433105
1991-08-10,15.896072387695312
1991-08-11,16.422277450561523
1991-08-12,13.352230072021484
1991-08-13,11.374566078186035
1991-08-14,11.933836936950684
1991-08-15,18.830944061279297
1991-08-16,26.565750122070312
1991-08-17,22.08584976196289
1991-08-18,15.195096969604492
1991-08-19,11.313570022583008
1991-08-20,9.261995315551758
1991-08-21,8.170926094055176
1991-08-22,7.49315881729126
1991-08-23,6.979946136474609
1991-08-24,6.577282905578613
1991-08-25,6.247870922088623
1991-08-26,6.176655292510986
1991-08-27,6.625720500946045
1991-08-28,8.353068351745605
1991-08-29,10.34083366394043
1991-08-30,10.069280624389648
1991-08-31,8.70262336730957
1991-09-01,7.382105350494385
1991-09-02,6.538226127624512
1991-09-03,6.021961688995361
1991-09-04,5.62265157699585
1991-09-05,5.3361687660217285
1991-09-06,5.150616645812988
1991-09-07,5.214289665222168
1991-09-08,5.472325801849365
1991-09-09,5.671386241912842
1991-09-10,5.428796291351318
1991-09-11,5.0182294845581055
1991-09-12,4.761615753173828
1991-09-13,4.54016637802124
1991-09-14,4.392891883850098
1991-09-15,4.373156547546387
1991-09-16,4.387020587921143
1991-09-17,4.303428649902344
1991-09-18,4.163370132446289
1991-09-19,4.326459884643555
1991-09-20,6.184065818786621
1991-09-21,10.183860778808594
1991-09-22,10.923467636108398
1991-09-23,8.786502838134766
1991-09-24,7.605051040649414
1991-09-25,14.848184585571289
1991-09-26,28.71436309814453
1991-09-27,29.41046142578125
1991-09-28,18.19679069519043
1991-09-29,11.950193405151367
1991-09-30,9.124005317687988
1991-10-01,7.595637798309326
1991-10-02,6.740453243255615
1991-10-03,6.980029106140137
1991-10-04,8.01867389678955
1991-10-05,8.154309272766113
1991-10-06,8.072653770446777
1991-10-07,9.592294692993164
1991-10-08,10.345817565917969
1991-10-09,8.837048530578613
1991-10-10,7.5552144050598145
1991-10-11,6.7911376953125
1991-10-12,6.263310432434082
1991-10-13,5.860415458679199
1991-10-14,5.589974880218506
1991-10-15,5.47878360748291
1991-10-16,6.093261241912842
1991-10-17,7.842228889465332
1991-10-18,8.890207290649414
1991-10-19,8.477401733398438
1991-10-20,7.480560302734375
1991-10-21,6.685731887817383
1991-10-22,6.237489223480225
1991-10-23,5.965908050537109
1991-10-24,5.7901105880737305
1991-10-25,5.6624531745910645
1991-10-26,5.56167459487915
1991-10-27,5.494087219238281
1991-10-28,5.387109756469727
1991-10-29,5.217565059661865
1991-10-30,5.048515796661377
1991-10-31,4.975559234619141
1991-11-01,4.947963237762451
1991-11-02,5.036587715148926
1991-11-03,5.0342116355896
1991-11-04,5.088004112243652
1991-11-05,5.082478046417236
1991-11-06,5.164697647094727
1991-11-07,5.253486633300781
1991-11-08,5.254212379455566
1991-11-09,5.660058975219727
1991-11-10,7.709360599517822
1991-11-11,12.260688781738281
1991-11-12,16.24809455871582
1991-11-13,14.570815086364746
1991-11-14,11.497870445251465
1991-11-15,9.836966514587402
1991-11-16,8.908225059509277
1991-11-17,8.223200798034668
1991-11-18,7.625560283660889
1991-11-19,7.325754165649414
1991-11-20,7.167884349822998
1991-11-21,7.010161876678467
1991-11-22,6.931665420532227
1991-11-23,7.236152648925781
1991-11-24,7.615451812744141
1991-11-25,7.325806617736816
1991-11-26,6.9314985275268555
1991-11-27,6.727096080780029
1991-11-28,6.6349077224731445
1991-11-29,6.6363325119018555
1991-11-30,6.660647392272949
1991-12-01,6.654067516326904
1991-12-02,7.452441215515137
1991-12-03,9.832236289978027
1991-12-04,13.469159126281738
1991-12-05,16.269119262695312
1991-12-06,14.280147552490234
1991-12-07,11.614178657531738
1991-12-08,10.176338195800781
1991-12-09,9.360381126403809
1991-12-10,8.923041343688965
1991-12-11,9.386372566223145
1991-12-12,9.982223510742188
1991-12-13,9.618941307067871
1991-12-14,8.96948528289795
1991-12-15,8.638031005859375
1991-12-16,8.531667709350586
1991-12-17,8.203263282775879
1991-12-18,7.905452728271484
1991-12-19,7.578744411468506
1991-12-20,7.423023223876953
1991-12-21,7.34004545211792
1991-12-22,7.245209693908691
1991-12-23,7.300967216491699
1991-12-24,7.842477321624756
1991-12-25,8.69143295288086
1991-12-26,8.802285194396973
1991-12-27,8.810848236083984
1991-12-28,10.588456153869629
1991-12-29,23.767196655273438
1991-12-30,47.257694244384766
1991-12-31,49.13251495361328
1992-01-01,32.612762451171875
1992-01-02,22.083114624023438
1992-01-03,25.5800724029541
1992-01-04,124.1413345336914
1992-01-05,270.3497314453125
1992-01-06,232.55955505371094
1992-01-07,122.11865997314453
1992-01-08,64.59657287597656
1992-01-09,41.39194107055664
1992-01-10,31.83469581604004
1992-01-11,26.94329071044922
1992-01-12,23.459590911865234
1992-01-13,21.086753845214844
1992-01-14,20.974163055419922
1992-01-15,22.102453231811523
1992-01-16,21.54948616027832
1992-01-17,19.735496520996094
1992-01-18,17.75101089477539
1992-01-19,16.450830459594727
1992-01-20,15.596304893493652
1992-01-21,14.929391860961914
1992-01-22,14.447234153747559
1992-01-23,16.544357299804688
1992-01-24,28.77033233642578
1992-01-25,43.02317428588867
1992-01-26,37.726749420166016
1992-01-27,28.8700008392334
1992-01-28,24.295108795166016
1992-01-29,22.840967178344727
1992-01-30,21.615968704223633
1992-01-31,19.831787109375
1992-02-01,18.267658233642578
1992-02-02,16.937305450439453
1992-02-03,15.964971542358398
1992-02-04,15.298409461975098
1992-02-05,14.804326057434082
1992-02-06,14.29586410522461
1992-02-07,13.818103790283203
1992-02-08,13.45364761352539
1992-02-09,13.178890228271484
1992-02-10,12.910367965698242
1992-02-11,12.647871017456055
1992-02-12,12.504127502441406
1992-02-13,12.439847946166992
1992-02-14,12.448979377746582
1992-02-15,14.2061128616333
1992-02-16,24.883102416992188
1992-02-17,39.76692581176758
1992-02-18,38.360687255859375
1992-02-19,34.69751739501953
1992-02-20,33.600341796875
1992-02-21,29.869251251220703
1992-02-22,24.73553466796875
1992-02-23,22.622066497802734
1992-02-24,27.844161987304688
1992-02-25,39.93808364868164
1992-02-26,88.07266998291016
1992-02-27,163.74081420898438
1992-02-28,150.41448974609375
1992-02-29,90.5754165649414
1992-03-01,56.02831268310547
1992-03-02,39.98465347290039
1992-03-03,32.67192077636719
1992-03-04,28.348766326904297
1992-03-05,25.335065841674805
1992-03-06,25.77878189086914
1992-03-07,47.57724380493164
1992-03-08,84.35013580322266
1992-03-09,81.82308959960938
1992-03-10,63.2410888671875
1992-03-11,66.91295623779297
1992-03-12,74.03013610839844
1992-03-13,59.36273956298828
1992-03-14,44.85071563720703
1992-03-15,35.70307540893555
1992-03-16,30.47297477722168
1992-03-17,27.20302391052246
1992-03-18,24.782936096191406
1992-03-19,24.869009017944336
1992-03-20,27.12185287475586
1992-03-21,27.601436614990234
1992-03-22,25.349449157714844
1992-03-23,24.62932777404785
1992-03-24,25.341373443603516
1992-03-25,24.37819480895996
1992-03-26,27.522266387939453
1992-03-27,41.09850311279297
1992-03-28,48.05824661254883
1992-03-29,40.87981033325195
1992-03-30,32.888824462890625
1992-03-31,28.18340492248535
1992-04-01,25.374128341674805
1992-04-02,23.124040603637695
1992-04-03,21.524703979492188
1992-04-04,20.29612159729004
1992-04-05,19.82947540283203
1992-04-06,19.791828155517578
1992-04-07,19.018512725830078
1992-04-08,18.276283264160156
1992-04-09,17.551979064941406
1992-04-10,16.86819839477539
1992-04-11,16.244970321655273
1992-04-12,15.820074081420898
1992-04-13,15.841963768005371
1992-04-14,15.922442436218262
1992-04-15,15.273168563842773
1992-04-16,14.60178279876709
1992-04-17,14.270782470703125
1992-04-18,14.13751220703125
1992-04-19,13.871583938598633
1992-04-20,13.441713333129883
1992-04-21,21.53207015991211
1992-04-22,89.19660949707031
1992-04-23,175.850830078125
1992-04-24,122.89411926269531
1992-04-25,65.79170227050781
1992-04-26,42.09935760498047
1992-04-27,31.569515228271484
1992-04-28,26.34855842590332
1992-04-29,23.962127685546875
1992-04-30,22.16146469116211
1992-05-01,20.37489891052246
1992-05-02,18.9532413482666
1992-05-03,17.735536575317383
1992-05-04,16.346582412719727
1992-05-05,15.027995109558105
1992-05-06,14.524749755859375
1992-05-07,16.110429763793945
1992-05-08,24.214427947998047
1992-05-09,38.25449752807617
1992-05-10,41.1708984375
1992-05-11,33.24647903442383
1992-05-12,25.081512451171875
1992-05-13,20.154918670654297
1992-05-14,17.69035530090332
1992-05-15,16.566030502319336
1992-05-16,16.35024642944336
1992-05-17,16.201168060302734
1992-05-18,15.58469009399414
1992-05-19,16.026247024536133
1992-05-20,16.070077896118164
1992-05-21,14.814834594726562
1992-05-22,13.385599136352539
1992-05-23,12.269752502441406
1992-05-24,11.475593566894531
1992-05-25,10.72905158996582
1992-05-26,10.318926811218262
1992-05-27,10.808481216430664
1992-05-28,11.304974555969238
1992-05-29,12.061504364013672
1992-05-30,15.717090606689453
1992-05-31,22.849864959716797
1992-06-01,26.161006927490234
1992-06-02,21.617448806762695
1992-06-03,16.62625503540039
1992-06-04,15.17784309387207
1992-06-05,21.52672576904297
1992-06-06,32.29696273803711
1992-06-07,28.86372184753418
1992-06-08,21.12364387512207
1992-06-09,23.35997772216797
1992-06-10,46.46321105957031
1992-06-11,61.499752044677734
1992-06-12,47.33008575439453
1992-06-13,32.596797943115234
1992-06-14,25.254199981689453
1992-06-15,25.60297966003418
1992-06-16,40.927978515625
1992-06-17,65.38812255859375
1992-06-18,62.68595886230469
1992-06-19,41.76658630371094
1992-06-20,29.59832000732422
1992-06-21,24.045368194580078
1992-06-22,22.166587829589844
1992-06-23,20.24957847595215
1992-06-24,17.582626342773438
1992-06-25,16.91904640197754
1992-06-26,18.812057495117188
1992-06-27,21.51155662536621
1992-06-28,21.240121841430664
1992-06-29,17.770824432373047
1992-06-30,14.452533721923828
1992-07-01,12.439359664916992
1992-07-02,11.987639427185059
1992-07-03,12.722095489501953
1992-07-04,14.396737098693848
1992-07-05,16.036449432373047
1992-07-06,14.844550132751465
1992-07-07,13.371963500976562
1992-07-08,12.622604370117188
1992-07-09,11.084543228149414
1992-07-10,9.660069465637207
1992-07-11,8.646255493164062
1992-07-12,7.892369747161865
1992-07-13,7.25075101852417
1992-07-14,6.662247180938721
1992-07-15,6.14604377746582
1992-07-16,5.779472351074219
1992-07-17,5.536619186401367
1992-07-18,5.45599365234375
1992-07-19,5.499436855316162
1992-07-20,5.519264221191406
1992-07-21,5.365681171417236
1992-07-22,5.426065444946289
1992-07-23,11.323075294494629
1992-07-24,24.26166534423828
1992-07-25,30.14057159423828
1992-07-26,23.327075958251953
1992-07-27,15.534285545349121
1992-07-28,11.873252868652344
1992-07-29,10.670550346374512
1992-07-30,9.51056957244873
1992-07-31,8.224953651428223
1992-08-01,7.596690654754639
1992-08-02,7.203519821166992
1992-08-03,6.622314929962158
1992-08-04,6.1709113121032715
1992-08-05,5.792043685913086
1992-08-06,5.525826930999756
1992-08-07,5.64871072769165
1992-08-08,5.855988502502441
1992-08-09,5.7859344482421875
1992-08-10,5.520286560058594
1992-08-11,5.1483073234558105
1992-08-12,5.0691237449646
1992-08-13,6.147853851318359
1992-08-14,13.59222412109375
1992-08-15,31.719533920288086
1992-08-16,42.858699798583984
1992-08-17,37.92475891113281
1992-08-18,30.434255599975586
1992-08-19,25.740150451660156
1992-08-20,21.102663040161133
1992-08-21,17.953828811645508
1992-08-22,14.522058486938477
1992-08-23,11.680908203125
1992-08-24,9.858312606811523
1992-08-25,8.630938529968262
1992-08-26,7.935146331787109
1992-08-27,8.124590873718262
1992-08-28,8.915971755981445
1992-08-29,9.340513229370117
1992-08-30,8.893068313598633
1992-08-31,7.871820449829102
1992-09-01,6.9227614402771
1992-09-02,6.254360675811768
1992-09-03,5.882888317108154
1992-09-04,5.99784517288208
1992-09-05,6.722728729248047
1992-09-06,7.949380874633789
1992-09-07,9.040413856506348
1992-09-08,9.077540397644043
1992-09-09,8.36811637878418
1992-09-10,7.455724716186523
1992-09-11,6.800424575805664
1992-09-12,6.664945602416992
1992-09-13,6.6705474853515625
1992-09-14,6.2554097175598145
1992-09-15,5.679490089416504
1992-09-16,5.278227806091309
1992-09-17,4.998189926147461
1992-09-18,4.778743743896484
1992-09-19,4.706249237060547
1992-09-20,4.987697601318359
1992-09-21,5.587707996368408
1992-09-22,5.945566177368164
1992-09-23,5.836461544036865
1992-09-24,5.8761749267578125
1992-09-25,5.959810256958008
1992-09-26,5.911034107208252
1992-09-27,6.0076823234558105
1992-09-28,6.246689796447754
1992-09-29,6.684293746948242
1992-09-30,6.974560737609863
1992-10-01,6.471723556518555
1992-10-02,5.734612464904785
1992-10-03,5.295814514160156
1992-10-04,6.990931987762451
1992-10-05,19.441364288330078
1992-10-06,35.299468994140625
1992-10-07,32.11109161376953
1992-10-08,21.42325210571289
1992-10-09,15.536252975463867
1992-10-10,14.604999542236328
1992-10-11,14.729169845581055
1992-10-12,12.973071098327637
1992-10-13,10.752134323120117
1992-10-14,9.249313354492188
1992-10-15,8.307833671569824
1992-10-16,7.5831828117370605
1992-10-17,7.024269104003906
1992-10-18,6.646882057189941
1992-10-19,6.426488876342773
1992-10-20,6.261693954467773
1992-10-21,6.144407272338867
1992-10-22,6.009887218475342
1992-10-23,5.783907890319824
1992-10-24,5.662463188171387
1992-10-25,5.572721481323242
1992-10-26,5.427248477935791
1992-10-27,5.353215217590332
1992-10-28,5.300756454467773
1992-10-29,5.525050163269043
1992-10-30,5.915585517883301
1992-10-31,8.066328048706055
1992-11-01,14.755144119262695
1992-11-02,20.357742309570312
1992-11-03,24.461631774902344
1992-11-04,43.9777946472168
1992-11-05,67.68749237060547
1992-11-06,79.18403625488281
1992-11-07,62.317745208740234
1992-11-08,39.37836837768555
1992-11-09,26.10163116455078
1992-11-10,19.784414291381836
1992-11-11,16.494535446166992
1992-11-12,17.979909896850586
1992-11-13,34.46733474731445
1992-11-14,51.23483657836914
1992-11-15,44.248985290527344
1992-11-16,31.413822174072266
1992-11-17,23.55275535583496
1992-11-18,19.334531784057617
1992-11-19,16.972572326660156
1992-11-20,15.354970932006836
1992-11-21,14.818757057189941
1992-11-22,17.624691009521484
1992-11-23,34.00975799560547
1992-11-24,67.1595458984375
1992-11-25,75.98555755615234
1992-11-26,71.45694732666016
1992-11-27,83.41277313232422
1992-11-28,87.34465789794922
1992-11-29,64.01109313964844
1992-11-30,44.620487213134766
1992-12-01,33.86031723022461
1992-12-02,28.260555267333984
1992-12-03,24.682270050048828
1992-12-04,21.959102630615234
1992-12-05,20.08892059326172
1992-12-06,18.757415771484375
1992-12-07,17.797466278076172
1992-12-08,16.9450740814209
1992-12-09,16.205686569213867
1992-12-10,20.832279205322266
1992-12-11,45.294097900390625
1992-12-12,68.05398559570312
1992-12-13,55.94743728637695
1992-12-14,39.625450134277344
1992-12-15,30.255233764648438
1992-12-16,25.18728256225586
1992-12-17,23.229387283325195
1992-12-18,26.893997192382812
1992-12-19,32.98284912109375
1992-12-20,32.66804885864258
1992-12-21,39.531375885009766
1992-12-22,48.01873779296875
1992-12-23,42.1043701171875
1992-12-24,35.47813415527344
1992-12-25,32.35169219970703
1992-12-26,28.47526741027832
1992-12-27,25.234848022460938
1992-12-28,26.930526733398438
1992-12-29,40.209232330322266
1992-12-30,55.05188751220703
1992-12-31,52.25170135498047
1993-01-01,41.61479568481445
1993-01-02,33.58857727050781
1993-01-03,28.486671447753906
1993-01-04,25.139415740966797
1993-01-05,29.606887817382812
1993-01-06,53.35888671875
1993-01-07,68.84151458740234
1993-01-08,84.91934967041016
1993-01-09,153.24029541015625
1993-01-10,215.44778442382812
1993-01-11,180.2996826171875
1993-01-12,128.3780059814453
1993-01-13,108.18238830566406
1993-01-14,99.08856964111328
1993-01-15,78.71382904052734
1993-01-16,59.76426696777344
1993-01-17,50.62704849243164
1993-01-18,44.790287017822266
1993-01-19,39.259422302246094
1993-01-20,35.35285949707031
1993-01-21,36.07499694824219
1993-01-22,71.0574951171875
1993-01-23,106.99018096923828
1993-01-24,97.55829620361328
1993-01-25,84.97470092773438
1993-01-26,78.5990982055664
1993-01-27,62.330474853515625
1993-01-28,47.76539993286133
1993-01-29,39.47252655029297
1993-01-30,34.78422546386719
1993-01-31,31.45301055908203
1993-02-01,29.359085083007812
1993-02-02,27.88912582397461
1993-02-03,26.393627166748047
1993-02-04,24.756954193115234
1993-02-05,23.77341079711914
1993-02-06,22.866294860839844
1993-02-07,22.13957977294922
1993-02-08,21.94940948486328
1993-02-09,22.471839904785156
1993-02-10,22.429386138916016
1993-02-11,21.571794509887695
1993-02-12,25.050918579101562
1993-02-13,41.010040283203125
1993-02-14,54.139591217041016
1993-02-15,45.961753845214844
1993-02-16,39.60286331176758
1993-02-17,48.728515625
1993-02-18,58.64468002319336
1993-02-19,50.547882080078125
1993-02-20,41.06709289550781
1993-02-21,38.25786590576172
1993-02-22,51.016578674316406
1993-02-23,64.28182220458984
1993-02-24,55.03074645996094
1993-02-25,44.026329040527344
1993-02-26,37.99679946899414
1993-02-27,37.663082122802734
1993-02-28,41.21297836303711
1993-03-01,41.57604217529297
1993-03-02,39.52577209472656
1993-03-03,41.56775665283203
1993-03-04,205.4179229736328
1993-03-05,481.55267333984375
1993-03-06,402.97705078125
1993-03-07,220.41799926757812
1993-03-08,119.68251037597656
1993-03-09,80.01100158691406
1993-03-10,61.03162384033203
1993-03-11,50.24957275390625
1993-03-12,44.141754150390625
1993-03-13,101.35984802246094
1993-03-14,227.56292724609375
1993-03-15,234.741943359375
1993-03-16,155.41232299804688
1993-03-17,116.84080505371094
1993-03-18,125.68110656738281
1993-03-19,139.86212158203125
1993-03-20,112.17575073242188
1993-03-21,82.79420471191406
1993-03-22,67.19926452636719
1993-03-23,60.54145050048828
1993-03-24,72.3296890258789
1993-03-25,116.29212188720703
1993-03-26,137.0555877685547
1993-03-27,167.048583984375
1993-03-28,262.4660339355469
1993-03-29,274.07183837890625
1993-03-30,183.8271484375
1993-03-31,115.39017486572266
1993-04-01,88.03500366210938
1993-04-02,91.38916015625
1993-04-03,89.56768035888672
1993-04-04,73.05390930175781
1993-04-05,72.50190734863281
1993-04-06,144.21205139160156
1993-04-07,218.22254943847656
1993-04-08,176.87411499023438
1993-04-09,115.69371795654297
1993-04-10,114.32232666015625
1993-04-11,166.3759002685547
1993-04-12,165.59661865234375
1993-04-13,115.8494873046875
1993-04-14,81.71556091308594
1993-04-15,64.52980041503906
1993-04-16,93.06101989746094
1993-04-17,206.42636108398438
1993-04-18,221.29286193847656
1993-04-19,140.91519165039062
1993-04-20,90.28231811523438
1993-04-21,67.89881134033203
1993-04-22,58.94919967651367
1993-04-23,55.01504898071289
1993-04-24,48.949668884277344
1993-04-25,43.58219528198242
1993-04-26,40.3565788269043
1993-04-27,41.039852142333984
1993-04-28,42.47521209716797
1993-04-29,38.55498504638672
1993-04-30,34.88024139404297
1993-05-01,32.675376892089844
1993-05-02,30.845897674560547
1993-05-03,29.113969802856445
1993-05-04,28.059581756591797
1993-05-05,32.25673294067383
1993-05-06,41.71157455444336
1993-05-07,42.765045166015625
1993-05-08,36.00763702392578
1993-05-09,30.634292602539062
1993-05-10,28.629236221313477
1993-05-11,27.986915588378906
1993-05-12,26.477933883666992
1993-05-13,24.911832809448242
1993-05-14,25.85584259033203
1993-05-15,29.411357879638672
1993-05-16,29.641016006469727
1993-05-17,26.02181625366211
1993-05-18,22.845083236694336
1993-05-19,23.277727127075195
1993-05-20,28.143726348876953
1993-05-21,30.163726806640625
1993-05-22,26.34321403503418
1993-05-23,22.694480895996094
1993-05-24,20.540550231933594
1993-05-25,19.024057388305664
1993-05-26,18.41138458251953
1993-05-27,19.494720458984375
1993-05-28,19.570425033569336
1993-05-29,18.372722625732422
1993-05-30,18.05835723876953
1993-05-31,18.471433639526367
1993-06-01,20.261539459228516
1993-06-02,22.436378479003906
1993-06-03,20.480918884277344
1993-06-04,17.944610595703125
1993-06-05,17.701616287231445
1993-06-06,18.675012588500977
1993-06-07,17.680343627929688
1993-06-08,15.695300102233887
1993-06-09,14.336858749389648
1993-06-10,13.321577072143555
1993-06-11,12.424015045166016
1993-06-12,12.026983261108398
1993-06-13,12.376197814941406
1993-06-14,14.862150192260742
1993-06-15,17.547466278076172
1993-06-16,15.865694999694824
1993-06-17,13.131755828857422
1993-06-18,11.62118911743164
1993-06-19,10.719880104064941
1993-06-20,10.126423835754395
1993-06-21,9.482365608215332
1993-06-22,9.006306648254395
1993-06-23,8.829119682312012
1993-06-24,8.478517532348633
1993-06-25,7.988540172576904
1993-06-26,7.557830333709717
1993-06-27,7.260825157165527
1993-06-28,7.2142157554626465
1993-06-29,7.27641487121582
1993-06-30,7.574019432067871
1993-07-01,8.100159645080566
1993-07-02,8.654647827148438
1993-07-03,15.818768501281738
1993-07-04,26.5250244140625
1993-07-05,24.696104049682617
1993-07-06,18.947721481323242
1993-07-07,15.577540397644043
1993-07-08,13.344930648803711
1993-07-09,11.182110786437988
1993-07-10,9.528189659118652
1993-07-11,8.72565746307373
1993-07-12,8.344947814941406
1993-07-13,8.376164436340332
1993-07-14,8.850257873535156
1993-07-15,9.087348937988281
1993-07-16,8.916962623596191
1993-07-17,8.487404823303223
1993-07-18,7.7728776931762695
1993-07-19,7.482912063598633
1993-07-20,9.629176139831543
1993-07-21,13.792364120483398
1993-07-22,13.834041595458984
1993-07-23,10.520565032958984
1993-07-24,8.58616828918457
1993-07-25,8.749527931213379
1993-07-26,11.92430591583252
1993-07-27,16.809419631958008
1993-07-28,17.873741149902344
1993-07-29,15.063773155212402
1993-07-30,11.485150337219238
1993-07-31,8.845236778259277
1993-08-01,7.355974197387695
1993-08-02,6.574643135070801
1993-08-03,6.46107292175293
1993-08-04,8.22044849395752
1993-08-05,10.802972793579102
1993-08-06,11.720658302307129
1993-08-07,11.219840049743652
1993-08-08,10.419984817504883
1993-08-09,9.025666236877441
1993-08-10,7.667890548706055
1993-08-11,6.6793951988220215
1993-08-12,6.104705810546875
1993-08-13,6.319525718688965
1993-08-14,8.030797958374023
1993-08-15,10.091888427734375
1993-08-16,9.44332504272461
1993-08-17,7.876656532287598
1993-08-18,7.051208019256592
1993-08-19,6.654669761657715
1993-08-20,6.1581830978393555
1993-08-21,5.789064407348633
1993-08-22,5.6618123054504395
1993-08-23,5.500459671020508
1993-08-24,5.185650825500488
1993-08-25,4.859407424926758
1993-08-26,4.775360584259033
1993-08-27,5.314042091369629
1993-08-28,6.050034523010254
1993-08-29,5.913514137268066
1993-08-30,5.234029769897461
1993-08-31,4.714313983917236
1993-09-01,4.378452777862549
1993-09-02,4.138012886047363
1993-09-03,4.125483512878418
1993-09-04,4.441329479217529
1993-09-05,5.8500213623046875
1993-09-06,7.909755229949951
1993-09-07,7.950800895690918
1993-09-08,6.905677795410156
1993-09-09,6.330552101135254
1993-09-10,5.936371326446533
1993-09-11,5.381767749786377
1993-09-12,4.823496341705322
1993-09-13,4.4697771072387695
1993-09-14,4.267693042755127
1993-09-15,4.12677001953125
1993-09-16,4.115757942199707
1993-09-17,4.800318241119385
1993-09-18,6.8839826583862305
1993-09-19,10.16670036315918
1993-09-20,10.535375595092773
1993-09-21,8.294755935668945
1993-09-22,6.856773376464844
1993-09-23,6.259418487548828
1993-09-24,5.648245334625244
1993-09-25,5.12485933303833
1993-09-26,4.96260404586792
1993-09-27,4.943112850189209
1993-09-28,4.798734188079834
1993-09-29,4.655380725860596
1993-09-30,4.432195663452148
1993-10-01,4.213289737701416
1993-10-02,4.020641803741455
1993-10-03,3.8932435512542725
1993-10-04,3.796755075454712
1993-10-05,3.7155871391296387
1993-10-06,3.618051290512085
1993-10-07,3.5854973793029785
1993-10-08,3.639634609222412
1993-10-09,3.6985292434692383
1993-10-10,3.7231016159057617
1993-10-11,3.833871364593506
1993-10-12,3.966644287109375
1993-10-13,4.1097493171691895
1993-10-14,4.201837062835693
1993-10-15,4.1349711418151855
1993-10-16,4.035155296325684
1993-10-17,3.966470718383789
1993-10-18,3.958383798599243
1993-10-19,3.904146671295166
1993-10-20,3.8173463344573975
1993-10-21,3.7696402072906494
1993-10-22,4.0049285888671875
1993-10-23,4.447697162628174
1993-10-24,4.458964824676514
1993-10-25,4.239063262939453
1993-10-26,4.145769119262695
1993-10-27,4.211686134338379
1993-10-28,4.244128227233887
1993-10-29,4.18016242980957
1993-10-30,5.278274059295654
1993-10-31,8.554658889770508
1993-11-01,11.169257164001465
1993-11-02,10.345295906066895
1993-11-03,8.340324401855469
1993-11-04,7.069889545440674
1993-11-05,6.85640811920166
1993-11-06,8.521489143371582
1993-11-07,10.995279312133789
1993-11-08,11.185556411743164
1993-11-09,9.664434432983398
1993-11-10,8.209918022155762
1993-11-11,7.375720977783203
1993-11-12,6.979903697967529
1993-11-13,6.701502799987793
1993-11-14,6.51582670211792
1993-11-15,6.384364604949951
1993-11-16,6.19136381149292
1993-11-17,6.0510993003845215
1993-11-18,5.982373237609863
1993-11-19,5.910624980926514
1993-11-20,5.853958606719971
1993-11-21,5.848814964294434
1993-11-22,5.823079586029053
1993-11-23,5.823521614074707
1993-11-24,5.783822059631348
1993-11-25,5.710341930389404
1993-11-26,5.488772392272949
1993-11-27,7.379874229431152
1993-11-28,38.10536193847656
1993-11-29,70.46605682373047
1993-11-30,52.778018951416016
1993-12-01,29.534408569335938
1993-12-02,18.729602813720703
1993-12-03,14.211063385009766
1993-12-04,12.12104606628418
1993-12-05,17.780513763427734
1993-12-06,44.286659240722656
1993-12-07,53.1237907409668
1993-12-08,36.9445686340332
1993-12-09,23.82935333251953
1993-12-10,17.967973709106445
1993-12-11,15.960128784179688
1993-12-12,15.870475769042969
1993-12-13,14.646480560302734
1993-12-14,13.081012725830078
1993-12-15,14.696023941040039
1993-12-16,26.72921371459961
1993-12-17,38.51316452026367
1993-12-18,32.43170166015625
1993-12-19,24.802637100219727
1993-12-20,21.23063087463379
1993-12-21,25.16898536682129
1993-12-22,41.753326416015625
1993-12-23,48.1243896484375
1993-12-24,42.38557052612305
1993-12-25,35.04486846923828
1993-12-26,27.9635009765625
1993-12-27,23.114532470703125
1993-12-28,20.126270294189453
1993-12-29,18.931825637817383
1993-12-30,19.759536743164062
1993-12-31,20.170204162597656
1994-01-01,19.318220138549805
1994-01-02,21.45363998413086
1994-01-03,27.510486602783203
1994-01-04,35.30130386352539
1994-01-05,47.09415054321289
1994-01-06,50.69990539550781
1994-01-07,40.83457946777344
1994-01-08,34.05653762817383
1994-01-09,36.28938293457031
1994-01-10,36.51762008666992
1994-01-11,30.65121078491211
1994-01-12,32.28230285644531
1994-01-13,54.68132781982422
1994-01-14,70.50701141357422
1994-01-15,58.06852722167969
1994-01-16,42.608642578125
1994-01-17,32.02220153808594
1994-01-18,39.43305206298828
1994-01-19,54.70046615600586
1994-01-20,46.209205627441406
1994-01-21,36.044700622558594
1994-01-22,31.261831283569336
1994-01-23,28.573326110839844
1994-01-24,27.85658836364746
1994-01-25,28.339372634887695
1994-01-26,28.82525634765625
1994-01-27,28.52813720703125
1994-01-28,42.597984313964844
1994-01-29,94.83384704589844
1994-01-30,117.5985336303711
1994-01-31,77.73208618164062
1994-02-01,53.431175231933594
1994-02-02,40.84077072143555
1994-02-03,33.738040924072266
1994-02-04,29.030607223510742
1994-02-05,26.689605712890625
1994-02-06,27.669292449951172
1994-02-07,28.206417083740234
1994-02-08,26.04142951965332
1994-02-09,24.84876823425293
1994-02-10,30.142019271850586
1994-02-11,55.71076965332031
1994-02-12,79.79826354980469
1994-02-13,80.87611389160156
1994-02-14,73.17182922363281
1994-02-15,65.78942108154297
1994-02-16,58.10774612426758
1994-02-17,49.93202209472656
1994-02-18,41.761199951171875
1994-02-19,35.96607971191406
1994-02-20,32.43202209472656
1994-02-21,30.000553131103516
1994-02-22,28.21884536743164
1994-02-23,28.40074920654297
1994-02-24,80.72203063964844
1994-02-25,178.181396484375
1994-02-26,146.75848388671875
1994-02-27,90.56430053710938
1994-02-28,60.64987564086914
1994-03-01,46.35434341430664
1994-03-02,130.6009979248047
1994-03-03,327.3941345214844
1994-03-04,377.5171813964844
1994-03-05,233.12765502929688
1994-03-06,133.49063110351562
1994-03-07,88.027099609375
1994-03-08,66.08050537109375
1994-03-09,53.92841339111328
1994-03-10,61.810829162597656
1994-03-11,99.52597045898438
1994-03-12,104.40724182128906
1994-03-13,76.74111938476562
1994-03-14,57.198062896728516
1994-03-15,47.482784271240234
1994-03-16,41.53482437133789
1994-03-17,37.3292350769043
1994-03-18,34.164817810058594
1994-03-19,31.887283325195312
1994-03-20,30.079315185546875
1994-03-21,28.620708465576172
1994-03-22,29.278961181640625
1994-03-23,31.41899299621582
1994-03-24,30.420564651489258
1994-03-25,34.87992858886719
1994-03-26,49.14928436279297
1994-03-27,60.71842575073242
1994-03-28,116.8861312866211
1994-03-29,304.21795654296875
1994-03-30,418.6967468261719
1994-03-31,275.2229309082031
1994-04-01,163.02935791015625
1994-04-02,106.32760620117188
1994-04-03,75.81957244873047
1994-04-04,60.113609313964844
1994-04-05,50.51996994018555
1994-04-06,44.27571487426758
1994-04-07,41.53480911254883
1994-04-08,39.77775955200195
1994-04-09,36.188499450683594
1994-04-10,33.259952545166016
1994-04-11,31.578777313232422
1994-04-12,30.477537155151367
1994-04-13,31.229354858398438
1994-04-14,34.52346420288086
1994-04-15,38.0595588684082
1994-04-16,54.49085998535156
1994-04-17,85.9548110961914
1994-04-18,79.2679214477539
1994-04-19,55.23579406738281
1994-04-20,41.72364807128906
1994-04-21,34.46388244628906
1994-04-22,30.08794403076172
1994-04-23,27.184627532958984
1994-04-24,25.121761322021484
1994-04-25,23.547460556030273
1994-04-26,22.275066375732422
1994-04-27,21.371341705322266
1994-04-28,21.283987045288086
1994-04-29,21.3823299407959
1994-04-30,20.81971549987793
1994-05-01,20.275083541870117
1994-05-02,19.62470054626465
1994-05-03,18.625396728515625
1994-05-04,19.970256805419922
1994-05-05,27.224327087402344
1994-05-06,32.93740463256836
1994-05-07,29.23863983154297
1994-05-08,24.632783889770508
1994-05-09,23.435588836669922
1994-05-10,22.09661102294922
1994-05-11,19.792375564575195
1994-05-12,17.94120979309082
1994-05-13,16.500394821166992
1994-05-14,15.196338653564453
1994-05-15,14.338464736938477
1994-05-16,14.262247085571289
1994-05-17,14.811983108520508
1994-05-18,14.604087829589844
1994-05-19,13.655024528503418
1994-05-20,12.913281440734863
1994-05-21,12.376115798950195
1994-05-22,11.876544952392578
1994-05-23,11.46163272857666
1994-05-24,10.964607238769531
1994-05-25,10.351383209228516
1994-05-26,10.045560836791992
1994-05-27,11.296635627746582
1994-05-28,13.78445053100586
1994-05-29,13.679162979125977
1994-05-30,12.12343692779541
1994-05-31,10.895758628845215
1994-06-01,9.983866691589355
1994-06-02,9.309412002563477
1994-06-03,8.64571475982666
1994-06-04,8.08684253692627
1994-06-05,7.8158674240112305
1994-06-06,7.999354839324951
1994-06-07,8.364450454711914
1994-06-08,8.732582092285156
1994-06-09,9.369171142578125
1994-06-10,9.894100189208984
1994-06-11,12.096372604370117
1994-06-12,16.074451446533203
1994-06-13,16.091951370239258
1994-06-14,13.116140365600586
1994-06-15,10.731746673583984
1994-06-16,9.416025161743164
1994-06-17,9.450523376464844
1994-06-18,10.71592903137207
1994-06-19,10.87774658203125
1994-06-20,9.684612274169922
1994-06-21,8.610858917236328
1994-06-22,8.503774642944336
1994-06-23,8.971385955810547
1994-06-24,9.56265640258789
1994-06-25,10.125313758850098
1994-06-26,9.404887199401855
1994-06-27,8.404987335205078
1994-06-28,8.66612720489502
1994-06-29,9.632718086242676
1994-06-30,10.471464157104492
1994-07-01,13.663312911987305
1994-07-02,16.243194580078125
1994-07-03,14.683685302734375
1994-07-04,12.350553512573242
1994-07-05,12.453776359558105
1994-07-06,12.176347732543945
1994-07-07,10.277318000793457
1994-07-08,8.58073902130127
1994-07-09,7.466080188751221
1994-07-10,6.8961076736450195
1994-07-11,6.965407371520996
1994-07-12,7.081592559814453
1994-07-13,6.941212177276611
1994-07-14,6.7549028396606445
1994-07-15,6.502681255340576
1994-07-16,6.233051300048828
1994-07-17,5.999064922332764
1994-07-18,6.085827827453613
1994-07-19,6.719911098480225
1994-07-20,7.609745979309082
1994-07-21,9.285605430603027
1994-07-22,13.746976852416992
1994-07-23,19.941661834716797
1994-07-24,21.915414810180664
1994-07-25,18.89870262145996
1994-07-26,15.83758544921875
1994-07-27,17.059850692749023
1994-07-28,26.685544967651367
1994-07-29,48.06766128540039
1994-07-30,67.63581085205078
1994-07-31,62.63404846191406
1994-08-01,44.1426887512207
1994-08-02,33.39616394042969
1994-08-03,30.111143112182617
1994-08-04,25.858057022094727
1994-08-05,21.20331573486328
1994-08-06,18.704437255859375
1994-08-07,16.81151008605957
1994-08-08,14.000653266906738
1994-08-09,11.554513931274414
1994-08-10,9.95521354675293
1994-08-11,8.838382720947266
1994-08-12,7.987335205078125
1994-08-13,7.484681129455566
1994-08-14,7.281315326690674
1994-08-15,7.9126081466674805
1994-08-16,14.646553039550781
1994-08-17,29.374881744384766
1994-08-18,38.75104522705078
1994-08-19,34.27805709838867
1994-08-20,25.972877502441406
1994-08-21,21.44073486328125
1994-08-22,18.847064971923828
1994-08-23,16.442073822021484
1994-08-24,13.544203758239746
1994-08-25,11.153106689453125
1994-08-26,9.677654266357422
1994-08-27,8.900463104248047
1994-08-28,8.677044868469238
1994-08-29,8.750534057617188
1994-08-30,9.931194305419922
1994-08-31,11.961145401000977
1994-09-01,11.92564868927002
1994-09-02,13.01068115234375
1994-09-03,21.540111541748047
1994-09-04,27.382646560668945
1994-09-05,21.829408645629883
1994-09-06,15.607709884643555
1994-09-07,12.509539604187012
1994-09-08,10.659627914428711
1994-09-09,9.250425338745117
1994-09-10,8.33849048614502
1994-09-11,7.690169334411621
1994-09-12,7.139101982116699
1994-09-13,6.700058937072754
1994-09-14,6.371601104736328
1994-09-15,6.1081862449646
1994-09-16,5.84296989440918
1994-09-17,5.626101493835449
1994-09-18,5.652255058288574
1994-09-19,5.919877052307129
1994-09-20,5.994245529174805
1994-09-21,5.8188862800598145
1994-09-22,5.690026760101318
1994-09-23,5.593567371368408
1994-09-24,5.574422359466553
1994-09-25,6.092554569244385
1994-09-26,7.596648216247559
1994-09-27,8.881528854370117
1994-09-28,8.385146141052246
1994-09-29,7.219027519226074
1994-09-30,6.394417762756348
1994-10-01,5.8528242111206055
1994-10-02,5.508851528167725
1994-10-03,5.337563991546631
1994-10-04,5.282741546630859
1994-10-05,5.174864292144775
1994-10-06,5.037261009216309
1994-10-07,4.935198783874512
1994-10-08,4.8606486320495605
1994-10-09,4.793028831481934
1994-10-10,4.857070446014404
1994-10-11,5.204342365264893
1994-10-12,5.494346618652344
1994-10-13,5.508291244506836
1994-10-14,8.615215301513672
1994-10-15,13.13240909576416
1994-10-16,11.696195602416992
1994-10-17,9.129481315612793
1994-10-18,7.536385536193848
1994-10-19,6.67403507232666
1994-10-20,6.32080602645874
1994-10-21,6.354017734527588
1994-10-22,6.276325225830078
1994-10-23,6.242831707000732
1994-10-24,6.762323379516602
1994-10-25,7.268566131591797
1994-10-26,6.952486991882324
1994-10-27,6.406078815460205
1994-10-28,6.060057163238525
1994-10-29,5.817327499389648
1994-10-30,5.700212001800537
1994-10-31,5.676511764526367
1994-11-01,5.893439292907715
1994-11-02,6.288975238800049
1994-11-03,6.455807685852051
1994-11-04,6.45133638381958
1994-11-05,6.252816200256348
1994-11-06,6.043107032775879
1994-11-07,5.9610185623168945
1994-11-08,5.977346420288086
1994-11-09,5.950244903564453
1994-11-10,5.913191795349121
1994-11-11,6.181112766265869
1994-11-12,6.741899013519287
1994-11-13,6.82965612411499
1994-11-14,6.710308074951172
1994-11-15,6.585109233856201
1994-11-16,6.463385105133057
1994-11-17,6.32525634765625
1994-11-18,6.225208282470703
1994-11-19,6.186295509338379
1994-11-20,6.088417053222656
1994-11-21,6.244384288787842
1994-11-22,8.155003547668457
1994-11-23,11.186168670654297
1994-11-24,10.520407676696777
1994-11-25,8.724372863769531
1994-11-26,7.754683494567871
1994-11-27,7.520223140716553
1994-11-28,8.972496032714844
1994-11-29,12.022382736206055
1994-11-30,13.978421211242676
1994-12-01,13.865035057067871
1994-12-02,12.293831825256348
1994-12-03,10.831131935119629
1994-12-04,9.955792427062988
1994-12-05,9.967759132385254
1994-12-06,11.092327117919922
1994-12-07,11.615584373474121
1994-12-08,10.750441551208496
1994-12-09,9.709473609924316
1994-12-10,9.110126495361328
1994-12-11,9.43411636352539
1994-12-12,10.895998001098633
1994-12-13,11.605594635009766
1994-12-14,11.160243034362793
1994-12-15,10.89120101928711
1994-12-16,10.858694076538086
1994-12-17,10.377882957458496
1994-12-18,10.072549819946289
1994-12-19,9.927470207214355
1994-12-20,9.510565757751465
1994-12-21,9.189881324768066
1994-12-22,8.919989585876465
1994-12-23,9.972254753112793
1994-12-24,13.756326675415039
1994-12-25,15.662347793579102
1994-12-26,14.134623527526855
1994-12-27,12.225749969482422
1994-12-28,11.113993644714355
1994-12-29,10.396835327148438
1994-12-30,9.768949508666992
1994-12-31,9.339517593383789
1995-01-01,9.610401153564453
1995-01-02,10.443572044372559
1995-01-03,10.599063873291016
1995-01-04,10.045049667358398
1995-01-05,9.529813766479492
1995-01-06,9.165257453918457
1995-01-07,16.693973541259766
1995-01-08,41.06470489501953
1995-01-09,51.12287521362305
1995-01-10,37.46480941772461
1995-01-11,25.686519622802734
1995-01-12,20.020681381225586
1995-01-13,17.730976104736328
1995-01-14,16.650169372558594
1995-01-15,65.93144226074219
1995-01-16,209.88357543945312
1995-01-17,262.20367431640625
1995-01-18,149.9739990234375
1995-01-19,74.30635833740234
1995-01-20,49.1234016418457
1995-01-21,45.213523864746094
1995-01-22,41.77174377441406
1995-01-23,34.39408874511719
1995-01-24,28.876705169677734
1995-01-25,25.386035919189453
1995-01-26,22.50714683532715
1995-01-27,20.51034927368164
1995-01-28,21.42586898803711
1995-01-29,29.10137176513672
1995-01-30,36.58497619628906
1995-01-31,35.684566497802734
1995-02-01,31.810077667236328
1995-02-02,28.225170135498047
1995-02-03,25.99748420715332
1995-02-04,25.307636260986328
1995-02-05,25.458946228027344
1995-02-06,24.58039665222168
1995-02-07,22.256309509277344
1995-02-08,20.432546615600586
1995-02-09,19.45583152770996
1995-02-10,18.376893997192383
1995-02-11,17.929553985595703
1995-02-12,18.652130126953125
1995-02-13,18.760082244873047
1995-02-14,17.801239013671875
1995-02-15,18.94912338256836
1995-02-16,65.72001647949219
1995-02-17,204.79458618164062
1995-02-18,289.50006103515625
1995-02-19,225.58145141601562
1995-02-20,147.4805908203125
1995-02-21,93.23141479492188
1995-02-22,64.1695327758789
1995-02-23,48.233699798583984
1995-02-24,39.09424591064453
1995-02-25,33.43067932128906
1995-02-26,29.61378288269043
1995-02-27,26.984966278076172
1995-02-28,28.404691696166992
1995-03-01,66.63642883300781
1995-03-02,136.6121368408203
1995-03-03,137.73992919921875
1995-03-04,90.47370910644531
1995-03-05,66.77628326416016
1995-03-06,57.400081634521484
1995-03-07,53.94426727294922
1995-03-08,71.51134490966797
1995-03-09,130.06826782226562
1995-03-10,156.02880859375
1995-03-11,109.57574462890625
1995-03-12,73.19213104248047
1995-03-13,54.48286056518555
1995-03-14,44.19513702392578
1995-03-15,37.99391555786133
1995-03-16,34.03872299194336
1995-03-17,31.682292938232422
1995-03-18,29.6268367767334
1995-03-19,27.62813949584961
1995-03-20,25.805700302124023
1995-03-21,25.7852725982666
1995-03-22,27.36311912536621
1995-03-23,27.32516860961914
1995-03-24,25.562326431274414
1995-03-25,23.797393798828125
1995-03-26,22.216873168945312
1995-03-27,21.091629028320312
1995-03-28,20.676647186279297
1995-03-29,20.381864547729492
1995-03-30,19.663055419921875
1995-03-31,18.919170379638672
1995-04-01,18.235294342041016
1995-04-02,17.568159103393555
1995-04-03,17.16191291809082
1995-04-04,16.76202964782715
1995-04-05,16.388080596923828
1995-04-06,15.898364067077637
1995-04-07,15.52535629272461
1995-04-08,15.198556900024414
1995-04-09,14.841236114501953
1995-04-10,14.394888877868652
1995-04-11,13.854438781738281
1995-04-12,13.784543991088867
1995-04-13,15.850700378417969
1995-04-14,18.14011573791504
1995-04-15,17.628131866455078
1995-04-16,16.003883361816406
1995-04-17,14.845013618469238
1995-04-18,14.029149055480957
1995-04-19,13.39355182647705
1995-04-20,12.824798583984375
1995-04-21,12.284422874450684
1995-04-22,11.921016693115234
1995-04-23,11.706477165222168
1995-04-24,11.923768043518066
1995-04-25,12.948845863342285
1995-04-26,13.479031562805176
1995-04-27,12.70328140258789
1995-04-28,11.815443992614746
1995-04-29,11.139324188232422
1995-04-30,10.553424835205078
1995-05-01,10.253178596496582
1995-05-02,11.110790252685547
1995-05-03,15.883381843566895
1995-05-04,21.063913345336914
1995-05-05,19.042814254760742
1995-05-06,15.496776580810547
1995-05-07,13.1842041015625
1995-05-08,11.612895965576172
1995-05-09,10.547859191894531
1995-05-10,10.678577423095703
1995-05-11,14.143295288085938
1995-05-12,17.362857818603516
1995-05-13,16.191648483276367
1995-05-14,16.338743209838867
1995-05-15,19.727954864501953
1995-05-16,20.975868225097656
1995-05-17,18.0625
1995-05-18,14.671900749206543
1995-05-19,12.974592208862305
1995-05-20,14.095821380615234
1995-05-21,15.04587173461914
1995-05-22,13.132791519165039
1995-05-23,11.070164680480957
1995-05-24,9.715872764587402
1995-05-25,8.793533325195312
1995-05-26,8.266146659851074
1995-05-27,9.052282333374023
1995-05-28,13.256254196166992
1995-05-29,18.882030487060547
1995-05-30,19.14913558959961
1995-05-31,15.477609634399414
1995-06-01,12.12774658203125
1995-06-02,12.486471176147461
1995-06-03,25.589523315429688
1995-06-04,42.25801086425781
1995-06-05,33.800148010253906
1995-06-06,27.480850219726562
1995-06-07,39.10641098022461
1995-06-08,46.83928680419922
1995-06-09,34.3326416015625
1995-06-10,24.39850616455078
1995-06-11,21.312545776367188
1995-06-12,23.78449058532715
1995-06-13,35.434181213378906
1995-06-14,41.62284851074219
1995-06-15,31.375473022460938
1995-06-16,21.41622543334961
1995-06-17,16.486196517944336
1995-06-18,13.895716667175293
1995-06-19,13.593534469604492
1995-06-20,19.612930297851562
1995-06-21,26.57407569885254
1995-06-22,29.415435791015625
1995-06-23,49.272335052490234
1995-06-24,90.14897918701172
1995-06-25,106.87618255615234
1995-06-26,93.31436920166016
1995-06-27,78.654296875
1995-06-28,87.98558044433594
1995-06-29,224.1201171875
1995-06-30,433.51251220703125
1995-07-01,357.0982666015625
1995-07-02,215.4785919189453
1995-07-03,131.3697052001953
1995-07-04,84.20263671875
1995-07-05,61.83891296386719
1995-07-06,54.51374816894531
1995-07-07,67.20066833496094
1995-07-08,83.1448974609375
1995-07-09,69.62442016601562
1995-07-10,47.2584114074707
1995-07-11,35.71332931518555
1995-07-12,30.808368682861328
1995-07-13,26.427553176879883
1995-07-14,22.20737075805664
1995-07-15,19.076160430908203
1995-07-16,17.339519500732422
1995-07-17,18.224313735961914
1995-07-18,20.705774307250977
1995-07-19,20.601009368896484
1995-07-20,18.120330810546875
1995-07-21,15.672075271606445
1995-07-22,15.210431098937988
1995-07-23,16.326515197753906
1995-07-24,16.300315856933594
1995-07-25,16.277463912963867
1995-07-26,18.09620475769043
1995-07-27,20.575271606445312
1995-07-28,20.736751556396484
1995-07-29,19.856115341186523
1995-07-30,18.928829193115234
1995-07-31,19.72655487060547
1995-08-01,21.78162384033203
1995-08-02,20.21365737915039
1995-08-03,16.45073699951172
1995-08-04,13.588014602661133
1995-08-05,11.785280227661133
1995-08-06,10.430685997009277
1995-08-07,9.401921272277832
1995-08-08,8.661921501159668
1995-08-09,8.122143745422363
1995-08-10,7.819628715515137
1995-08-11,7.682872772216797
1995-08-12,7.448488235473633
1995-08-13,7.1197686195373535
1995-08-14,6.719491481781006
1995-08-15,6.350552082061768
1995-08-16,6.033376693725586
1995-08-17,5.731113433837891
1995-08-18,5.423367023468018
1995-08-19,5.206387042999268
1995-08-20,5.114820957183838
1995-08-21,4.991377830505371
1995-08-22,4.837096214294434
1995-08-23,4.729445457458496
1995-08-24,4.609177112579346
1995-08-25,4.505121231079102
1995-08-26,4.511099815368652
1995-08-27,8.305705070495605
1995-08-28,44.19881057739258
1995-08-29,83.71656036376953
1995-08-30,60.0281867980957
1995-08-31,31.30261993408203
1995-09-01,19.14960289001465
1995-09-02,16.565122604370117
1995-09-03,16.52092933654785
1995-09-04,14.012619972229004
1995-09-05,11.166607856750488
1995-09-06,9.485755920410156
1995-09-07,8.483034133911133
1995-09-08,7.810480117797852
1995-09-09,7.258878707885742
1995-09-10,6.819440841674805
1995-09-11,6.575460433959961
1995-09-12,6.531338691711426
1995-09-13,6.4859113693237305
1995-09-14,6.255430221557617
1995-09-15,5.98969841003418
1995-09-16,5.988481521606445
1995-09-17,6.812529563903809
1995-09-18,8.850967407226562
1995-09-19,9.460827827453613
1995-09-20,8.355290412902832
1995-09-21,7.3134074211120605
1995-09-22,7.117286205291748
1995-09-23,8.426673889160156
1995-09-24,10.645198822021484
1995-09-25,11.09604549407959
1995-09-26,10.116669654846191
1995-09-27,9.264379501342773
1995-09-28,8.541670799255371
1995-09-29,7.73552131652832
1995-09-30,7.065629959106445
1995-10-01,6.647045612335205
1995-10-02,6.374203205108643
1995-10-03,6.131269454956055
1995-10-04,10.09836196899414
1995-10-05,57.05699157714844
1995-10-06,126.2176742553711
1995-10-07,117.30977630615234
1995-10-08,66.32683563232422
1995-10-09,36.140995025634766
1995-10-10,23.531761169433594
1995-10-11,17.983173370361328
1995-10-12,14.898825645446777
1995-10-13,13.045818328857422
1995-10-14,12.559223175048828
1995-10-15,18.646804809570312
1995-10-16,27.38506507873535
1995-10-17,26.501724243164062
1995-10-18,20.62594985961914
1995-10-19,16.368513107299805
1995-10-20,19.972652435302734
1995-10-21,71.09232330322266
1995-10-22,121.11570739746094
1995-10-23,84.07942199707031
1995-10-24,50.02019500732422
1995-10-25,32.88304901123047
1995-10-26,24.46840476989746
1995-10-27,20.140884399414062
1995-10-28,32.5180549621582
1995-10-29,71.63321685791016
1995-10-30,79.12372589111328
1995-10-31,51.83848190307617
1995-11-01,36.5147705078125
1995-11-02,36.118858337402344
1995-11-03,44.58134841918945
1995-11-04,49.39546203613281
1995-11-05,45.055076599121094
1995-11-06,35.90908432006836
1995-11-07,54.990089416503906
1995-11-08,125.71011352539062
1995-11-09,153.6431884765625
1995-11-10,96.71871948242188
1995-11-11,74.99601745605469
1995-11-12,121.751953125
1995-11-13,153.34158325195312
1995-11-14,109.38282012939453
1995-11-15,73.3604507446289
1995-11-16,55.94312286376953
1995-11-17,44.19590377807617
1995-11-18,36.522674560546875
1995-11-19,31.76106834411621
1995-11-20,28.568832397460938
1995-11-21,26.2779598236084
1995-11-22,24.563310623168945
1995-11-23,23.227787017822266
1995-11-24,22.519241333007812
1995-11-25,24.20323371887207
1995-11-26,26.0605411529541
1995-11-27,25.083553314208984
1995-11-28,23.36056137084961
1995-11-29,22.435710906982422
1995-11-30,23.847902297973633
1995-12-01,25.083545684814453
1995-12-02,23.470672607421875
1995-12-03,21.630355834960938
1995-12-04,20.406841278076172
1995-12-05,19.74678611755371
1995-12-06,19.345823287963867
1995-12-07,20.044872283935547
1995-12-08,22.694787979125977
1995-12-09,31.83320426940918
1995-12-10,50.05883026123047
1995-12-11,55.125823974609375
1995-12-12,42.909366607666016
1995-12-13,33.55508041381836
1995-12-14,29.079002380371094
1995-12-15,26.678436279296875
1995-12-16,24.941184997558594
1995-12-17,23.78618812561035
1995-12-18,22.722692489624023
1995-12-19,24.365833282470703
1995-12-20,36.383358001708984
1995-12-21,47.512306213378906
1995-12-22,42.09930419921875
1995-12-23,34.23698043823242
1995-12-24,29.41229820251465
1995-12-25,26.186241149902344
1995-12-26,23.877578735351562
1995-12-27,22.212770462036133
1995-12-28,20.787090301513672
1995-12-29,19.710554122924805
1995-12-30,18.858810424804688
1995-12-31,18.335681915283203
1996-01-01,18.695329666137695
1996-01-02,20.60422706604004
1996-01-03,24.845792770385742
1996-01-04,28.336013793945312
1996-01-05,27.46651268005371
1996-01-06,25.102323532104492
1996-01-07,25.623546600341797
1996-01-08,28.327571868896484
1996-01-09,29.10132598876953
1996-01-10,28.70824432373047
1996-01-11,28.46831512451172
1996-01-12,27.58295440673828
1996-01-13,28.613935470581055
1996-01-14,32.85346603393555
1996-01-15,42.190025329589844
1996-01-16,59.10237121582031
1996-01-17,70.17933654785156
1996-01-18,66.97370910644531
1996-01-19,90.8569564819336
1996-01-20,145.51943969726562
1996-01-21,138.4176025390625
1996-01-22,92.36949157714844
1996-01-23,62.69445037841797
1996-01-24,54.11392593383789
1996-01-25,66.30361938476562
1996-01-26,74.42544555664062
1996-01-27,86.30418395996094
1996-01-28,146.34164428710938
1996-01-29,158.1395263671875
1996-01-30,109.23838806152344
1996-01-31,77.12562561035156
1996-02-01,67.20665740966797
1996-02-02,59.7159538269043
1996-02-03,55.012550354003906
1996-02-04,52.76793670654297
1996-02-05,47.18840789794922
1996-02-06,43.383514404296875
1996-02-07,42.76118469238281
1996-02-08,49.19099426269531
1996-02-09,80.12274169921875
1996-02-10,129.25143432617188
1996-02-11,148.88592529296875
1996-02-12,132.054443359375
1996-02-13,102.56072998046875
1996-02-14,76.85636138916016
1996-02-15,60.037567138671875
1996-02-16,64.50328826904297
1996-02-17,95.41787719726562
1996-02-18,99.09845733642578
1996-02-19,74.82084655761719
1996-02-20,68.9088134765625
1996-02-21,97.50584411621094
1996-02-22,116.25950622558594
1996-02-23,89.04916381835938
1996-02-24,66.93970489501953
1996-02-25,54.671722412109375
1996-02-26,46.48162841796875
1996-02-27,41.022178649902344
1996-02-28,37.3754997253418
1996-02-29,35.136802673339844
1996-03-01,32.962615966796875
1996-03-02,30.839019775390625
1996-03-03,29.294931411743164
1996-03-04,27.96844482421875
1996-03-05,26.74446678161621
1996-03-06,29.564943313598633
1996-03-07,70.40727233886719
1996-03-08,161.31544494628906
1996-03-09,180.20860290527344
1996-03-10,126.0323715209961
1996-03-11,86.64189910888672
1996-03-12,64.14054870605469
1996-03-13,51.231727600097656
1996-03-14,43.325443267822266
1996-03-15,39.722267150878906
1996-03-16,37.908042907714844
1996-03-17,37.18318557739258
1996-03-18,41.52281951904297
1996-03-19,70.99371337890625
1996-03-20,121.93221282958984
1996-03-21,121.95476531982422
1996-03-22,86.76376342773438
1996-03-23,62.63214111328125
1996-03-24,48.87746810913086
1996-03-25,41.3972282409668
1996-03-26,37.94982147216797
1996-03-27,35.63394546508789
1996-03-28,39.74578094482422
1996-03-29,66.33470153808594
1996-03-30,89.5254135131836
1996-03-31,73.92252349853516
1996-04-01,60.370399475097656
1996-04-02,66.12596893310547
1996-04-03,74.16775512695312
1996-04-04,61.446754455566406
1996-04-05,49.551124572753906
1996-04-06,42.1536750793457
1996-04-07,38.09087371826172
1996-04-08,36.398582458496094
1996-04-09,39.05406951904297
1996-04-10,48.51272201538086
1996-04-11,49.23241424560547
1996-04-12,43.255393981933594
1996-04-13,37.79867935180664
1996-04-14,34.39030075073242
1996-04-15,33.114356994628906
1996-04-16,33.936912536621094
1996-04-17,35.108856201171875
1996-04-18,32.940948486328125
1996-04-19,29.94540023803711
1996-04-20,28.446529388427734
1996-04-21,28.212108612060547
1996-04-22,28.747894287109375
1996-04-23,27.89982795715332
1996-04-24,25.95848846435547
1996-04-25,24.19552230834961
1996-04-26,23.497711181640625
1996-04-27,25.035640716552734
1996-04-28,26.044422149658203
1996-04-29,24.6784610748291
1996-04-30,34.981170654296875
1996-05-01,64.4814682006836
1996-05-02,74.23005676269531
1996-05-03,54.86107635498047
1996-05-04,39.99912643432617
1996-05-05,31.93364906311035
1996-05-06,28.735090255737305
1996-05-07,35.07622146606445
1996-05-08,53.40972900390625
1996-05-09,63.69704055786133
1996-05-10,50.218597412109375
1996-05-11,36.486751556396484
1996-05-12,30.705982208251953
1996-05-13,27.948837280273438
1996-05-14,24.901134490966797
1996-05-15,23.241302490234375
1996-05-16,31.340221405029297
1996-05-17,62.504451751708984
1996-05-18,83.34811401367188
1996-05-19,66.17303466796875
1996-05-20,44.315155029296875
1996-05-21,32.104190826416016
1996-05-22,25.594825744628906
1996-05-23,21.741077423095703
1996-05-24,19.399499893188477
1996-05-25,19.535276412963867
1996-05-26,22.63422393798828
1996-05-27,25.195110321044922
1996-05-28,36.093467712402344
1996-05-29,58.53226852416992
1996-05-30,64.44403839111328
1996-05-31,50.905635833740234
1996-06-01,35.93812942504883
1996-06-02,27.05135726928711
1996-06-03,22.08086395263672
1996-06-04,19.198070526123047
1996-06-05,18.420320510864258
1996-06-06,19.079559326171875
1996-06-07,18.739013671875
1996-06-08,17.103073120117188
1996-06-09,17.068315505981445
1996-06-10,22.026866912841797
1996-06-11,28.73974609375
1996-06-12,27.652835845947266
1996-06-13,24.842832565307617
1996-06-14,23.681949615478516
1996-06-15,21.07645606994629
1996-06-16,17.946598052978516
1996-06-17,16.498079299926758
1996-06-18,15.695457458496094
1996-06-19,14.184343338012695
1996-06-20,12.840189933776855
1996-06-21,12.151555061340332
1996-06-22,11.611931800842285
1996-06-23,10.892190933227539
1996-06-24,10.264801979064941
1996-06-25,10.146940231323242
1996-06-26,10.349170684814453
1996-06-27,10.033382415771484
1996-06-28,9.134279251098633
1996-06-29,8.375697135925293
1996-06-30,7.850330352783203
1996-07-01,7.494668960571289
1996-07-02,7.2877092361450195
1996-07-03,7.565089225769043
1996-07-04,8.06566047668457
1996-07-05,7.798789024353027
1996-07-06,7.226473808288574
1996-07-07,6.921936511993408
1996-07-08,6.769396781921387
1996-07-09,7.241315841674805
1996-07-10,8.142058372497559
1996-07-11,7.9250569343566895
1996-07-12,7.476693630218506
1996-07-13,8.669989585876465
1996-07-14,11.523011207580566
1996-07-15,12.512661933898926
1996-07-16,12.670167922973633
1996-07-17,12.843048095703125
1996-07-18,11.329253196716309
1996-07-19,9.746726036071777
1996-07-20,8.72358226776123
1996-07-21,7.763445854187012
1996-07-22,6.939773082733154
1996-07-23,6.521308898925781
1996-07-24,6.74899959564209
1996-07-25,8.357010841369629
1996-07-26,15.025725364685059
1996-07-27,23.006362915039062
1996-07-28,19.618803024291992
1996-07-29,14.788043975830078
1996-07-30,14.435802459716797
1996-07-31,14.821321487426758
1996-08-01,16.85968780517578
1996-08-02,27.4539852142334
1996-08-03,33.687320709228516
1996-08-04,27.818143844604492
1996-08-05,21.051942825317383
1996-08-06,16.071285247802734
1996-08-07,20.91415023803711
1996-08-08,54.95038604736328
1996-08-09,70.78531646728516
1996-08-10,49.69255828857422
1996-08-11,34.49668884277344
1996-08-12,25.325511932373047
1996-08-13,26.329124450683594
1996-08-14,34.990360260009766
1996-08-15,32.31486129760742
1996-08-16,23.280275344848633
1996-08-17,17.526914596557617
1996-08-18,14.903156280517578
1996-08-19,13.60912036895752
1996-08-20,12.353008270263672
1996-08-21,11.017839431762695
1996-08-22,10.050646781921387
1996-08-23,9.671331405639648
1996-08-24,9.713741302490234
1996-08-25,11.619783401489258
1996-08-26,15.09134578704834
1996-08-27,16.905729293823242
1996-08-28,18.703113555908203
1996-08-29,21.23872947692871
1996-08-30,20.78266716003418
1996-08-31,16.73202896118164
1996-09-01,13.30029296875
1996-09-02,11.194933891296387
1996-09-03,14.2975492477417
1996-09-04,44.00643539428711
1996-09-05,128.12411499023438
1996-09-06,478.11444091796875
1996-09-07,872.8740234375
1996-09-08,685.6341552734375
1996-09-09,319.5356750488281
1996-09-10,139.651611328125
1996-09-11,97.77721405029297
1996-09-12,115.56796264648438
1996-09-13,123.52656555175781
1996-09-14,89.46625518798828
1996-09-15,59.70942306518555
1996-09-16,44.63038635253906
1996-09-17,42.61803436279297
1996-09-18,48.06041717529297
1996-09-19,44.562522888183594
1996-09-20,35.86917495727539
1996-09-21,29.511470794677734
1996-09-22,26.10613250732422
1996-09-23,24.559919357299805
1996-09-24,23.07805824279785
1996-09-25,21.147077560424805
1996-09-26,20.458646774291992
1996-09-27,21.913856506347656
1996-09-28,22.736007690429688
1996-09-29,23.806262969970703
1996-09-30,31.245315551757812
1996-10-01,40.84437561035156
1996-10-02,54.6590576171875
1996-10-03,69.38422393798828
1996-10-04,61.35533142089844
1996-10-05,44.82059860229492
1996-10-06,33.463897705078125
1996-10-07,27.60933494567871
1996-10-08,80.5676498413086
1996-10-09,234.79087829589844
1996-10-10,300.49639892578125
1996-10-11,185.92279052734375
1996-10-12,102.12715911865234
1996-10-13,64.23394775390625
1996-10-14,47.36832809448242
1996-10-15,38.35681915283203
1996-10-16,32.872962951660156
1996-10-17,29.220386505126953
1996-10-18,28.110809326171875
1996-10-19,37.2066650390625
1996-10-20,46.41788101196289
1996-10-21,41.329105377197266
1996-10-22,33.76490783691406
1996-10-23,28.78710174560547
1996-10-24,25.818262100219727
1996-10-25,23.685047149658203
1996-10-26,22.139789581298828
1996-10-27,21.2385311126709
1996-10-28,20.451377868652344
1996-10-29,19.568225860595703
1996-10-30,18.728708267211914
1996-10-31,17.934986114501953
1996-11-01,17.132919311523438
1996-11-02,18.938350677490234
1996-11-03,26.80826187133789
1996-11-04,32.190277099609375
1996-11-05,28.46689224243164
1996-11-06,24.746597290039062
1996-11-07,22.901599884033203
1996-11-08,27.8182373046875
1996-11-09,46.23103332519531
1996-11-10,55.516868591308594
1996-11-11,43.584686279296875
1996-11-12,34.238983154296875
1996-11-13,28.784440994262695
1996-11-14,25.440326690673828
1996-11-15,23.62171745300293
1996-11-16,22.49665069580078
1996-11-17,21.26837158203125
1996-11-18,20.47827911376953
1996-11-19,21.44693374633789
1996-11-20,23.383773803710938
1996-11-21,23.649505615234375
1996-11-22,26.538982391357422
1996-11-23,31.358570098876953
1996-11-24,30.50436782836914
1996-11-25,27.23589324951172
1996-11-26,27.726621627807617
1996-11-27,39.10359573364258
1996-11-28,45.82008743286133
1996-11-29,38.240150451660156
1996-11-30,31.269620895385742
1996-12-01,57.35145568847656
1996-12-02,165.6063232421875
1996-12-03,216.21600341796875
1996-12-04,135.86367797851562
1996-12-05,79.41590881347656
1996-12-06,66.3536148071289
1996-12-07,89.2545166015625
1996-12-08,114.71142578125
1996-12-09,111.00135040283203
1996-12-10,80.43795776367188
1996-12-11,57.774444580078125
1996-12-12,46.757598876953125
1996-12-13,42.202232360839844
1996-12-14,45.02493667602539
1996-12-15,47.38768005371094
1996-12-16,41.86525344848633
1996-12-17,36.116310119628906
1996-12-18,33.6917724609375
1996-12-19,36.85359191894531
1996-12-20,45.232887268066406
1996-12-21,47.502105712890625
1996-12-22,40.85630416870117
1996-12-23,35.8328857421875
1996-12-24,34.46828842163086
1996-12-25,38.06724548339844
1996-12-26,41.614891052246094
1996-12-27,39.92546081542969
1996-12-28,39.80990219116211
1996-12-29,39.342926025390625
1996-12-30,35.898162841796875
1996-12-31,33.096923828125
1997-01-01,31.410364151000977
1997-01-02,30.312633514404297
1997-01-03,29.35345458984375
1997-01-04,27.912200927734375
1997-01-05,26.952255249023438
1997-01-06,28.434940338134766
1997-01-07,30.168893814086914
1997-01-08,28.398117065429688
1997-01-09,35.52970504760742
1997-01-10,74.72566223144531
1997-01-11,112.09208679199219
1997-01-12,102.84392547607422
1997-01-13,77.41433715820312
1997-01-14,58.47703170776367
1997-01-15,46.74824523925781
1997-01-16,51.00017166137695
1997-01-17,75.238037109375
1997-01-18,78.44541931152344
1997-01-19,60.88570785522461
1997-01-20,47.680442810058594
1997-01-21,41.596717834472656
1997-01-22,39.69196319580078
1997-01-23,39.81808090209961
1997-01-24,41.56199645996094
1997-01-25,47.67321014404297
1997-01-26,56.09934616088867
1997-01-27,52.666778564453125
1997-01-28,47.82609558105469
1997-01-29,57.35987854003906
1997-01-30,65.26870727539062
1997-01-31,58.017757415771484
1997-02-01,50.174461364746094
1997-02-02,43.323062896728516
1997-02-03,38.20621871948242
1997-02-04,34.62205505371094
1997-02-05,33.45631790161133
1997-02-06,34.58598327636719
1997-02-07,34.249366760253906
1997-02-08,34.78427505493164
1997-02-09,48.3626708984375
1997-02-10,61.90352249145508
1997-02-11,54.978675842285156
1997-02-12,46.82413101196289
1997-02-13,42.11834716796875
1997-02-14,69.75001525878906
1997-02-15,193.05397033691406
1997-02-16,302.68206787109375
1997-02-17,223.07505798339844
1997-02-18,135.9939422607422
1997-02-19,88.77365112304688
1997-02-20,66.88402557373047
1997-02-21,55.37622833251953
1997-02-22,49.919456481933594
1997-02-23,50.97964096069336
1997-02-24,49.20631408691406
1997-02-25,42.83312225341797
1997-02-26,38.04485321044922
1997-02-27,36.169342041015625
1997-02-28,40.009010314941406
1997-03-01,62.203941345214844
1997-03-02,103.62716674804688
1997-03-03,102.56373596191406
1997-03-04,95.57562255859375
1997-03-05,95.34327697753906
1997-03-06,78.99205017089844
1997-03-07,75.76302337646484
1997-03-08,68.82606506347656
1997-03-09,56.049293518066406
1997-03-10,46.87167739868164
1997-03-11,41.404197692871094
1997-03-12,37.14828872680664
1997-03-13,34.36132049560547
1997-03-14,36.50093078613281
1997-03-15,49.48693084716797
1997-03-16,58.47020721435547
1997-03-17,49.3416748046875
1997-03-18,40.32965087890625
1997-03-19,44.26538848876953
1997-03-20,80.06829071044922
1997-03-21,111.6243896484375
1997-03-22,86.25373077392578
1997-03-23,61.14388656616211
1997-03-24,48.058963775634766
1997-03-25,40.951881408691406
1997-03-26,38.489131927490234
1997-03-27,43.89435577392578
1997-03-28,45.3592643737793
1997-03-29,41.10162353515625
1997-03-30,36.82942199707031
1997-03-31,33.874290466308594
1997-04-01,32.38254928588867
1997-04-02,30.547950744628906
1997-04-03,28.64783477783203
1997-04-04,27.321842193603516
1997-04-05,26.349788665771484
1997-04-06,25.97335433959961
1997-04-07,29.09834098815918
1997-04-08,32.7686882019043
1997-04-09,30.36011505126953
1997-04-10,26.791040420532227
1997-04-11,24.429431915283203
1997-04-12,24.59486198425293
1997-04-13,32.30784606933594
1997-04-14,41.31343078613281
1997-04-15,37.122039794921875
1997-04-16,30.398414611816406
1997-04-17,26.804607391357422
1997-04-18,24.92411994934082
1997-04-19,23.40245246887207
1997-04-20,22.449644088745117
1997-04-21,21.8813419342041
1997-04-22,23.41707992553711
1997-04-23,41.43696594238281
1997-04-24,87.85067749023438
1997-04-25,111.837646484375
1997-04-26,83.34895324707031
1997-04-27,57.235076904296875
1997-04-28,71.38239288330078
1997-04-29,216.35311889648438
1997-04-30,367.1134033203125
1997-05-01,252.94039916992188
1997-05-02,143.4632110595703
1997-05-03,93.37055969238281
1997-05-04,80.2237548828125
1997-05-05,74.9704360961914
1997-05-06,60.79236602783203
1997-05-07,49.08438491821289
1997-05-08,41.550968170166016
1997-05-09,36.814697265625
1997-05-10,34.58974075317383
1997-05-11,32.768619537353516
1997-05-12,30.174772262573242
1997-05-13,28.229541778564453
1997-05-14,26.780303955078125
1997-05-15,25.4285888671875
1997-05-16,24.08823585510254
1997-05-17,22.49793815612793
1997-05-18,21.331180572509766
1997-05-19,20.627365112304688
1997-05-20,19.667110443115234
1997-05-21,18.663049697875977
1997-05-22,17.870670318603516
1997-05-23,16.93701171875
1997-05-24,16.233842849731445
1997-05-25,15.804985046386719
1997-05-26,16.095067977905273
1997-05-27,18.38888931274414
1997-05-28,19.851360321044922
1997-05-29,18.527053833007812
1997-05-30,16.59845542907715
1997-05-31,15.345959663391113
1997-06-01,15.023629188537598
1997-06-02,17.506797790527344
1997-06-03,25.479326248168945
1997-06-04,36.269290924072266
1997-06-05,39.6408805847168
1997-06-06,31.597126007080078
1997-06-07,26.565736770629883
1997-06-08,24.955427169799805
1997-06-09,21.676950454711914
1997-06-10,18.79819107055664
1997-06-11,16.943849563598633
1997-06-12,15.770672798156738
1997-06-13,16.93354606628418
1997-06-14,21.308149337768555
1997-06-15,24.781574249267578
1997-06-16,23.770259857177734
1997-06-17,20.01813316345215
1997-06-18,17.156679153442383
1997-06-19,16.572458267211914
1997-06-20,16.16619873046875
1997-06-21,14.731632232666016
1997-06-22,13.654243469238281
1997-06-23,12.833916664123535
1997-06-24,11.871939659118652
1997-06-25,11.00481128692627
1997-06-26,10.539173126220703
1997-06-27,10.68519115447998
1997-06-28,11.276176452636719
1997-06-29,11.288215637207031
1997-06-30,10.395748138427734
1997-07-01,10.517074584960938
1997-07-02,13.115998268127441
1997-07-03,14.730072975158691
1997-07-04,13.485199928283691
1997-07-05,11.661855697631836
1997-07-06,10.339216232299805
1997-07-07,9.818753242492676
1997-07-08,9.384062767028809
1997-07-09,8.82888412475586
1997-07-10,8.458110809326172
1997-07-11,8.256026268005371
1997-07-12,7.963550090789795
1997-07-13,7.518048286437988
1997-07-14,7.074101448059082
1997-07-15,6.761703968048096
1997-07-16,7.082320690155029
1997-07-17,9.416852951049805
1997-07-18,12.650184631347656
1997-07-19,12.690821647644043
1997-07-20,10.734670639038086
1997-07-21,9.36060905456543
1997-07-22,9.479379653930664
1997-07-23,14.718353271484375
1997-07-24,36.27964782714844
1997-07-25,53.18775177001953
1997-07-26,43.662841796875
1997-07-27,27.60952377319336
1997-07-28,18.70662498474121
1997-07-29,15.731477737426758
1997-07-30,15.375479698181152
1997-07-31,14.797771453857422
1997-08-01,13.251531600952148
1997-08-02,11.192432403564453
1997-08-03,9.610291481018066
1997-08-04,8.728106498718262
1997-08-05,8.820026397705078
1997-08-06,9.537434577941895
1997-08-07,9.336597442626953
1997-08-08,8.731303215026855
1997-08-09,8.191703796386719
1997-08-10,7.703153610229492
1997-08-11,7.574959754943848
1997-08-12,7.429994106292725
1997-08-13,7.001229286193848
1997-08-14,6.609689235687256
1997-08-15,6.352334976196289
1997-08-16,6.144365310668945
1997-08-17,5.882846832275391
1997-08-18,5.587733268737793
1997-08-19,5.2823638916015625
1997-08-20,5.420879364013672
1997-08-21,7.104567527770996
1997-08-22,9.072319984436035
1997-08-23,8.242929458618164
1997-08-24,6.790673732757568
1997-08-25,5.947328567504883
1997-08-26,5.6210198402404785
1997-08-27,5.537787437438965
1997-08-28,5.37904167175293
1997-08-29,5.149946212768555
1997-08-30,4.917903900146484
1997-08-31,4.694796562194824
1997-09-01,4.541317939758301
1997-09-02,4.601780891418457
1997-09-03,4.937108516693115
1997-09-04,5.150298118591309
1997-09-05,5.074767112731934
1997-09-06,4.755881309509277
1997-09-07,4.485342502593994
1997-09-08,4.295473575592041
1997-09-09,4.230273723602295
1997-09-10,6.932322025299072
1997-09-11,14.658260345458984
1997-09-12,18.67343521118164
1997-09-13,14.756967544555664
1997-09-14,10.444841384887695
1997-09-15,8.144123077392578
1997-09-16,7.246742248535156
1997-09-17,6.8017258644104
1997-09-18,6.199613571166992
1997-09-19,5.785709381103516
1997-09-20,5.603444576263428
1997-09-21,5.33803653717041
1997-09-22,5.021206378936768
1997-09-23,4.801766872406006
1997-09-24,5.19083833694458
1997-09-25,7.549437046051025
1997-09-26,10.745561599731445
1997-09-27,10.453646659851074
1997-09-28,8.48193359375
1997-09-29,7.590117454528809
1997-09-30,7.373650074005127
1997-10-01,6.707155227661133
1997-10-02,5.934600830078125
1997-10-03,5.464047431945801
1997-10-04,5.180502891540527
1997-10-05,4.957581520080566
1997-10-06,4.774436950683594
1997-10-07,4.587399005889893
1997-10-08,4.439427375793457
1997-10-09,4.336013317108154
1997-10-10,4.258630752563477
1997-10-11,4.2250518798828125
1997-10-12,4.213994026184082
1997-10-13,4.203281402587891
1997-10-14,4.1998162269592285
1997-10-15,4.3680338859558105
1997-10-16,5.000682353973389
1997-10-17,5.503612518310547
1997-10-18,5.725958824157715
1997-10-19,8.46592903137207
1997-10-20,15.0121488571167
1997-10-21,17.726581573486328
1997-10-22,13.979914665222168
1997-10-23,10.369816780090332
1997-10-24,8.525384902954102
1997-10-25,7.668822288513184
1997-10-26,7.905701637268066
1997-10-27,12.975597381591797
1997-10-28,27.04974365234375
1997-10-29,28.6830997467041
1997-10-30,20.151439666748047
1997-10-31,14.094793319702148
1997-11-01,11.623772621154785
1997-11-02,11.865195274353027
1997-11-03,14.085606575012207
1997-11-04,14.374225616455078
1997-11-05,12.57686996459961
1997-11-06,10.979832649230957
1997-11-07,10.297257423400879
1997-11-08,10.372215270996094
1997-11-09,10.31100845336914
1997-11-10,9.823184967041016
1997-11-11,9.277787208557129
1997-11-12,8.854082107543945
1997-11-13,9.352827072143555
1997-11-14,15.394771575927734
1997-11-15,25.453813552856445
1997-11-16,27.68442726135254
1997-11-17,21.912315368652344
1997-11-18,17.12445068359375
1997-11-19,14.326313972473145
1997-11-20,12.740180015563965
1997-11-21,12.891459465026855
1997-11-22,30.306228637695312
1997-11-23,54.794410705566406
1997-11-24,50.6618537902832
1997-11-25,33.667659759521484
1997-11-26,23.75911521911621
1997-11-27,18.944713592529297
1997-11-28,16.29265785217285
1997-11-29,14.838201522827148
1997-11-30,14.624689102172852
1997-12-01,17.92704963684082
1997-12-02,22.002941131591797
1997-12-03,21.079727172851562
1997-12-04,18.463834762573242
1997-12-05,16.954002380371094
1997-12-06,16.244585037231445
1997-12-07,15.305087089538574
1997-12-08,14.168356895446777
1997-12-09,13.304821968078613
1997-12-10,13.330904006958008
1997-12-11,14.929181098937988
1997-12-12,16.32401466369629
1997-12-13,15.652519226074219
1997-12-14,14.574546813964844
1997-12-15,13.65202522277832
1997-12-16,13.017486572265625
1997-12-17,12.545797348022461
1997-12-18,12.218025207519531
1997-12-19,11.950721740722656
1997-12-20,11.776751518249512
1997-12-21,11.588476181030273
1997-12-22,12.380880355834961
1997-12-23,17.074871063232422
1997-12-24,23.99101448059082
1997-12-25,31.975929260253906
1997-12-26,40.063453674316406
1997-12-27,39.7971305847168
1997-12-28,46.58030700683594
1997-12-29,54.838233947753906
1997-12-30,50.839805603027344
1997-12-31,47.61231994628906
1998-01-01,40.16625213623047
1998-01-02,32.355224609375
1998-01-03,27.55475616455078
1998-01-04,25.380722045898438
1998-01-05,23.768796920776367
1998-01-06,22.979167938232422
1998-01-07,32.89640808105469
1998-01-08,81.19908142089844
1998-01-09,142.24844360351562
1998-01-10,134.494140625
1998-01-11,84.50981140136719
1998-01-12,53.28527069091797
1998-01-13,39.83162307739258
1998-01-14,34.287689208984375
1998-01-15,38.20890426635742
1998-01-16,130.7908477783203
1998-01-17,235.63304138183594
1998-01-18,193.0734100341797
1998-01-19,131.8799591064453
1998-01-20,119.61450958251953
1998-01-21,109.06402587890625
1998-01-22,78.1143798828125
1998-01-23,96.68207550048828
1998-01-24,181.5926513671875
1998-01-25,208.23983764648438
1998-01-26,149.45391845703125
1998-01-27,121.9175796508789
1998-01-28,201.2183380126953
1998-01-29,272.5495910644531
1998-01-30,203.6701202392578
1998-01-31,122.65959167480469
1998-02-01,80.92169189453125
1998-02-02,59.795597076416016
1998-02-03,49.907997131347656
1998-02-04,125.19937133789062
1998-02-05,297.41265869140625
1998-02-06,343.5745849609375
1998-02-07,227.44554138183594
1998-02-08,137.6572723388672
1998-02-09,93.5254898071289
1998-02-10,69.50370025634766
1998-02-11,57.965972900390625
1998-02-12,59.982879638671875
1998-02-13,63.62794876098633
1998-02-14,55.986358642578125
1998-02-15,47.93204879760742
1998-02-16,47.75004196166992
1998-02-17,242.99627685546875
1998-02-18,509.12542724609375
1998-02-19,417.2181701660156
1998-02-20,226.11679077148438
1998-02-21,126.63744354248047
1998-02-22,85.10914611816406
1998-02-23,73.83121490478516
1998-02-24,91.05779266357422
1998-02-25,103.65330505371094
1998-02-26,83.44763946533203
1998-02-27,63.07423400878906
1998-02-28,53.367034912109375
1998-03-01,49.28697204589844
1998-03-02,46.07965087890625
1998-03-03,43.825347900390625
1998-03-04,42.36883544921875
1998-03-05,39.70332717895508
1998-03-06,36.736366271972656
1998-03-07,34.42413330078125
1998-03-08,43.68342590332031
1998-03-09,182.10604858398438
1998-03-10,333.35980224609375
1998-03-11,235.36343383789062
1998-03-12,141.92054748535156
1998-03-13,94.46087646484375
1998-03-14,69.78840637207031
1998-03-15,56.28926086425781
1998-03-16,48.32307815551758
1998-03-17,43.59775924682617
1998-03-18,51.8020133972168
1998-03-19,263.0011901855469
1998-03-20,488.18536376953125
1998-03-21,432.4959716796875
1998-03-22,310.2198486328125
1998-03-23,197.34762573242188
1998-03-24,123.76622772216797
1998-03-25,87.24826049804688
1998-03-26,69.03456115722656
1998-03-27,58.39213562011719
1998-03-28,51.54316711425781
1998-03-29,46.61509323120117
1998-03-30,42.6297607421875
1998-03-31,39.59247589111328
1998-04-01,37.803688049316406
1998-04-02,37.78917694091797
1998-04-03,37.632171630859375
1998-04-04,37.82432174682617
1998-04-05,41.383399963378906
1998-04-06,43.36719512939453
1998-04-07,39.18531799316406
1998-04-08,35.32939529418945
1998-04-09,42.627105712890625
1998-04-10,64.75547790527344
1998-04-11,72.48653411865234
1998-04-12,57.326210021972656
1998-04-13,44.5031623840332
1998-04-14,38.20820617675781
1998-04-15,35.80401611328125
1998-04-16,34.327064514160156
1998-04-17,44.20274353027344
1998-04-18,99.96560668945312
1998-04-19,163.31312561035156
1998-04-20,171.21621704101562
1998-04-21,153.072509765625
1998-04-22,108.61482238769531
1998-04-23,76.41783142089844
1998-04-24,61.57347106933594
1998-04-25,51.775856018066406
1998-04-26,44.518707275390625
1998-04-27,39.4295654296875
1998-04-28,36.235443115234375
1998-04-29,34.343055725097656
1998-04-30,32.575416564941406
1998-05-01,32.18058395385742
1998-05-02,36.319175720214844
1998-05-03,42.230369567871094
1998-05-04,40.50225067138672
1998-05-05,37.28514099121094
1998-05-06,35.31304931640625
1998-05-07,32.155616760253906
1998-05-08,42.36404800415039
1998-05-09,85.16305541992188
1998-05-10,99.58149719238281
1998-05-11,94.8291015625
1998-05-12,104.37391662597656
1998-05-13,90.3720474243164
1998-05-14,65.32830810546875
1998-05-15,48.42162322998047
1998-05-16,39.16092300415039
1998-05-17,34.18220520019531
1998-05-18,32.50209045410156
1998-05-19,32.037986755371094
1998-05-20,29.332435607910156
1998-05-21,27.158920288085938
1998-05-22,25.80901336669922
1998-05-23,24.252723693847656
1998-05-24,24.367008209228516
1998-05-25,27.65793228149414
1998-05-26,32.850101470947266
1998-05-27,34.63117980957031
1998-05-28,35.7745475769043
1998-05-29,36.41788864135742
1998-05-30,31.662128448486328
1998-05-31,27.12238311767578
1998-06-01,24.935895919799805
1998-06-02,23.913105010986328
1998-06-03,24.317569732666016
1998-06-04,24.77927017211914
1998-06-05,24.955350875854492
1998-06-06,28.239376068115234
1998-06-07,31.3690128326416
1998-06-08,28.64086151123047
1998-06-09,23.67311668395996
1998-06-10,21.492145538330078
1998-06-11,22.404224395751953
1998-06-12,24.06009864807129
1998-06-13,23.960277557373047
1998-06-14,21.541622161865234
1998-06-15,19.73661994934082
1998-06-16,20.515640258789062
1998-06-17,21.291547775268555
1998-06-18,19.605390548706055
1998-06-19,17.23420524597168
1998-06-20,15.699991226196289
1998-06-21,14.952058792114258
1998-06-22,13.795658111572266
1998-06-23,12.894840240478516
1998-06-24,12.429278373718262
1998-06-25,11.816003799438477
1998-06-26,11.068063735961914
1998-06-27,10.5031099319458
1998-06-28,10.217212677001953
1998-06-29,10.046182632446289
1998-06-30,9.992816925048828
1998-07-01,10.357914924621582
1998-07-02,10.974478721618652
1998-07-03,10.732803344726562
1998-07-04,9.922831535339355
1998-07-05,9.191890716552734
1998-07-06,8.668875694274902
1998-07-07,8.193211555480957
1998-07-08,7.758759021759033
1998-07-09,7.546895980834961
1998-07-10,7.478178024291992
1998-07-11,7.208563804626465
1998-07-12,6.915602207183838
1998-07-13,6.775856018066406
1998-07-14,6.630882263183594
1998-07-15,6.373648166656494
1998-07-16,6.207037925720215
1998-07-17,6.615474700927734
1998-07-18,7.451115131378174
1998-07-19,7.449027061462402
1998-07-20,6.814844608306885
1998-07-21,6.4319353103637695
1998-07-22,6.3113932609558105
1998-07-23,6.20565128326416
1998-07-24,6.203162670135498
1998-07-25,6.28223180770874
1998-07-26,6.3567376136779785
1998-07-27,6.916314125061035
1998-07-28,7.871015548706055
1998-07-29,8.439901351928711
1998-07-30,7.8572163581848145
1998-07-31,6.904562473297119
1998-08-01,6.5454230308532715
1998-08-02,6.536664009094238
1998-08-03,6.096315383911133
1998-08-04,5.543715476989746
1998-08-05,5.156857013702393
1998-08-06,4.87054443359375
1998-08-07,4.645016193389893
1998-08-08,4.584846496582031
1998-08-09,5.42268180847168
1998-08-10,8.415846824645996
1998-08-11,11.492079734802246
1998-08-12,11.711416244506836
1998-08-13,9.406533241271973
1998-08-14,7.257407188415527
1998-08-15,6.111577033996582
1998-08-16,5.6487603187561035
1998-08-17,6.37284517288208
1998-08-18,7.6191301345825195
1998-08-19,7.62385368347168
1998-08-20,6.60460090637207
1998-08-21,5.703259468078613
1998-08-22,5.143795967102051
1998-08-23,4.813839912414551
1998-08-24,4.574921607971191
1998-08-25,4.339332580566406
1998-08-26,4.16079568862915
1998-08-27,4.199790000915527
1998-08-28,4.293213844299316
1998-08-29,4.208309173583984
1998-08-30,4.010244846343994
1998-08-31,3.7817492485046387
1998-09-01,3.6084396839141846
1998-09-02,3.467237710952759
1998-09-03,3.857038736343384
1998-09-04,15.015446662902832
1998-09-05,24.85776710510254
1998-09-06,20.1486873626709
1998-09-07,12.853828430175781
1998-09-08,9.21782112121582
1998-09-09,9.206853866577148
1998-09-10,9.34451675415039
1998-09-11,7.848546028137207
1998-09-12,6.466179370880127
1998-09-13,5.660219192504883
1998-09-14,5.1083173751831055
1998-09-15,4.675624370574951
1998-09-16,4.34329080581665
1998-09-17,4.102842807769775
1998-09-18,3.9122414588928223
1998-09-19,3.797420024871826
1998-09-20,3.7526798248291016
1998-09-21,3.752680778503418
1998-09-22,3.8999149799346924
1998-09-23,4.1734819412231445
1998-09-24,4.188389301300049
1998-09-25,3.970893383026123
1998-09-26,3.7805798053741455
1998-09-27,3.655231475830078
1998-09-28,3.524231433868408
1998-09-29,3.383396625518799
1998-09-30,3.357668876647949
1998-10-01,3.457461357116699
1998-10-02,3.5070650577545166
1998-10-03,3.4399518966674805
1998-10-04,3.3865036964416504
1998-10-05,3.525458335876465
1998-10-06,3.8295185565948486
1998-10-07,3.994584560394287
1998-10-08,4.3601508140563965
1998-10-09,5.7552032470703125
1998-10-10,7.002419471740723
1998-10-11,6.452450275421143
1998-10-12,5.421775817871094
1998-10-13,4.826528072357178
1998-10-14,4.49092960357666
1998-10-15,4.242007255554199
1998-10-16,4.054776191711426
1998-10-17,3.92402720451355
1998-10-18,3.8451128005981445
1998-10-19,3.7640843391418457
1998-10-20,3.7371490001678467
1998-10-21,3.7371137142181396
1998-10-22,3.736406087875366
1998-10-23,3.6769566535949707
1998-10-24,3.6162376403808594
1998-10-25,3.6571192741394043
1998-10-26,3.723118543624878
1998-10-27,3.7556400299072266
1998-10-28,3.7222089767456055
1998-10-29,3.6453335285186768
1998-10-30,3.590907573699951
1998-10-31,3.629179000854492
1998-11-01,3.608419418334961
1998-11-02,3.6840457916259766
1998-11-03,3.959923028945923
1998-11-04,4.54945707321167
1998-11-05,5.111020088195801
1998-11-06,5.149581432342529
1998-11-07,4.903772830963135
1998-11-08,4.806541442871094
1998-11-09,4.801728248596191
1998-11-10,4.747481822967529
1998-11-11,4.761997222900391
1998-11-12,5.0402679443359375
1998-11-13,5.424051761627197
1998-11-14,5.450336933135986
1998-11-15,5.430628776550293
1998-11-16,5.713354110717773
1998-11-17,6.064609050750732
1998-11-18,6.219258785247803
1998-11-19,6.042446136474609
1998-11-20,5.834941387176514
1998-11-21,5.615377902984619
1998-11-22,5.464937210083008
1998-11-23,5.396476745605469
1998-11-24,5.334640979766846
1998-11-25,5.193892955780029
1998-11-26,5.269312858581543
1998-11-27,5.514706611633301
1998-11-28,5.769045829772949
1998-11-29,5.800849437713623
1998-11-30,5.6565141677856445
1998-12-01,5.491599082946777
1998-12-02,5.331359386444092
1998-12-03,5.3005194664001465
1998-12-04,5.246282577514648
1998-12-05,5.242576599121094
1998-12-06,5.274198532104492
1998-12-07,5.2322001457214355
1998-12-08,5.133580207824707
1998-12-09,5.372528076171875
1998-12-10,6.880219459533691
1998-12-11,8.07188892364502
1998-12-12,7.466498374938965
1998-12-13,8.836936950683594
1998-12-14,18.65399169921875
1998-12-15,26.51834487915039
1998-12-16,22.55219841003418
1998-12-17,20.522008895874023
1998-12-18,18.932615280151367
1998-12-19,15.092074394226074
1998-12-20,12.244308471679688
1998-12-21,10.801565170288086
1998-12-22,10.078445434570312
1998-12-23,9.660955429077148
1998-12-24,11.136983871459961
1998-12-25,15.11726188659668
1998-12-26,17.996410369873047
1998-12-27,17.62383270263672
1998-12-28,16.125198364257812
1998-12-29,15.134893417358398
1998-12-30,14.802103042602539
1998-12-31,14.143319129943848
1999-01-01,12.697186470031738
1999-01-02,11.41911792755127
1999-01-03,34.61838912963867
1999-01-04,83.90872955322266
1999-01-05,90.93571472167969
1999-01-06,59.38915252685547
1999-01-07,36.7510986328125
1999-01-08,26.452985763549805
1999-01-09,21.909656524658203
1999-01-10,20.2911434173584
1999-01-11,18.488311767578125
1999-01-12,16.265573501586914
1999-01-13,14.773725509643555
1999-01-14,13.818913459777832
1999-01-15,16.81841278076172
1999-01-16,27.061227798461914
1999-01-17,31.8225040435791
1999-01-18,27.79429054260254
1999-01-19,29.878459930419922
1999-01-20,33.17797088623047
1999-01-21,28.129596710205078
1999-01-22,22.215105056762695
1999-01-23,19.24726104736328
1999-01-24,74.3558349609375
1999-01-25,183.2652130126953
1999-01-26,181.22007751464844
1999-01-27,101.16340637207031
1999-01-28,56.38743209838867
1999-01-29,38.0175895690918
1999-01-30,29.423503875732422
1999-01-31,24.542699813842773
1999-02-01,22.721572875976562
1999-02-02,27.963014602661133
1999-02-03,36.94074249267578
1999-02-04,37.215145111083984
1999-02-05,31.146820068359375
1999-02-06,25.79895782470703
1999-02-07,22.39850425720215
1999-02-08,20.31277847290039
1999-02-09,18.93638038635254
1999-02-10,17.717899322509766
1999-02-11,16.736446380615234
1999-02-12,16.324935913085938
1999-02-13,16.86522674560547
1999-02-14,17.272384643554688
1999-02-15,16.433937072753906
1999-02-16,15.338754653930664
1999-02-17,14.672256469726562
1999-02-18,15.205887794494629
1999-02-19,20.806928634643555
1999-02-20,29.408649444580078
1999-02-21,30.636146545410156
1999-02-22,26.664884567260742
1999-02-23,22.788002014160156
1999-02-24,19.99264907836914
1999-02-25,18.32122039794922
1999-02-26,17.140289306640625
1999-02-27,16.19036102294922
1999-02-28,15.858769416809082
1999-03-01,16.929508209228516
1999-03-02,17.957454681396484
1999-03-03,17.785736083984375
1999-03-04,18.709211349487305
1999-03-05,20.007301330566406
1999-03-06,19.0351619720459
1999-03-07,17.68563461303711
1999-03-08,16.667573928833008
1999-03-09,15.817956924438477
1999-03-10,15.636987686157227
1999-03-11,16.006027221679688
1999-03-12,15.653807640075684
1999-03-13,14.969642639160156
1999-03-14,15.914134979248047
1999-03-15,34.40860366821289
1999-03-16,66.25981140136719
1999-03-17,64.46855163574219
1999-03-18,45.74216842651367
1999-03-19,33.501930236816406
1999-03-20,26.757722854614258
1999-03-21,27.720502853393555
1999-03-22,41.66893005371094
1999-03-23,49.502830505371094
1999-03-24,40.364009857177734
1999-03-25,32.01390075683594
1999-03-26,27.828266143798828
1999-03-27,25.85813331604004
1999-03-28,23.418317794799805
1999-03-29,21.07464599609375
1999-03-30,19.47345542907715
1999-03-31,18.251953125
1999-04-01,21.037084579467773
1999-04-02,34.97126388549805
1999-04-03,43.94023132324219
1999-04-04,36.3740234375
1999-04-05,28.806045532226562
1999-04-06,24.326980590820312
1999-04-07,21.184125900268555
1999-04-08,18.998098373413086
1999-04-09,17.61798095703125
1999-04-10,16.642393112182617
1999-04-11,16.098419189453125
1999-04-12,16.890899658203125
1999-04-13,17.630107879638672
1999-04-14,16.480375289916992
1999-04-15,15.181739807128906
1999-04-16,14.996679306030273
1999-04-17,15.53208065032959
1999-04-18,15.030380249023438
1999-04-19,13.988666534423828
1999-04-20,13.137005805969238
1999-04-21,12.580803871154785
1999-04-22,12.030187606811523
1999-04-23,11.514749526977539
1999-04-24,11.02706527709961
1999-04-25,10.581905364990234
1999-04-26,10.18415355682373
1999-04-27,10.000286102294922
1999-04-28,11.49320125579834
1999-04-29,23.431224822998047
1999-04-30,65.16810607910156
1999-05-01,113.75308990478516
1999-05-02,100.66146087646484
1999-05-03,64.3100357055664
1999-05-04,40.40256881713867
1999-05-05,28.281871795654297
1999-05-06,22.3743953704834
1999-05-07,19.15118408203125
1999-05-08,17.645511627197266
1999-05-09,17.907800674438477
1999-05-10,17.436309814453125
1999-05-11,15.57730484008789
1999-05-12,13.650325775146484
1999-05-13,12.411713600158691
1999-05-14,19.10696792602539
1999-05-15,50.18889617919922
1999-05-16,74.24420166015625
1999-05-17,54.854713439941406
1999-05-18,34.344974517822266
1999-05-19,23.75721549987793
1999-05-20,18.715206146240234
1999-05-21,15.949429512023926
1999-05-22,14.042842864990234
1999-05-23,12.98843765258789
1999-05-24,12.206937789916992
1999-05-25,11.385414123535156
1999-05-26,10.615423202514648
1999-05-27,10.135274887084961
1999-05-28,9.74570369720459
1999-05-29,9.182772636413574
1999-05-30,8.641901016235352
1999-05-31,8.164209365844727
1999-06-01,7.704983711242676
1999-06-02,7.252379894256592
1999-06-03,6.833003997802734
1999-06-04,6.4431633949279785
1999-06-05,6.084975719451904
1999-06-06,5.761255741119385
1999-06-07,5.489077568054199
1999-06-08,5.2527055740356445
1999-06-09,5.014507293701172
1999-06-10,4.790150165557861
1999-06-11,4.59927225112915
1999-06-12,4.484175205230713
1999-06-13,4.419690132141113
1999-06-14,4.293184280395508
1999-06-15,4.236908912658691
1999-06-16,4.741396427154541
1999-06-17,6.5381646156311035
1999-06-18,8.677350997924805
1999-06-19,8.759502410888672
1999-06-20,7.393033027648926
1999-06-21,6.651556015014648
1999-06-22,6.632234573364258
1999-06-23,6.479904651641846
1999-06-24,5.917671203613281
1999-06-25,5.277643203735352
1999-06-26,5.028876781463623
1999-06-27,5.0899763107299805
1999-06-28,5.1983323097229
1999-06-29,5.22708797454834
1999-06-30,5.128037929534912
1999-07-01,5.247228622436523
1999-07-02,7.055421829223633
1999-07-03,10.159492492675781
1999-07-04,10.046066284179688
1999-07-05,7.772915840148926
1999-07-06,6.186460494995117
1999-07-07,5.508995056152344
1999-07-08,5.652649879455566
1999-07-09,6.279170036315918
1999-07-10,6.096549034118652
1999-07-11,5.474597930908203
1999-07-12,5.550336837768555
1999-07-13,6.827276706695557
1999-07-14,9.279034614562988
1999-07-15,11.156030654907227
1999-07-16,11.138983726501465
1999-07-17,9.289947509765625
1999-07-18,7.405268669128418
1999-07-19,6.283833026885986
1999-07-20,5.504404544830322
1999-07-21,4.9280290603637695
1999-07-22,4.724905490875244
1999-07-23,5.332827568054199
1999-07-24,6.540096759796143
1999-07-25,7.224817752838135
1999-07-26,7.22666072845459
1999-07-27,6.2880859375
1999-07-28,5.18560791015625
1999-07-29,4.587595462799072
1999-07-30,4.6735076904296875
1999-07-31,5.214962959289551
1999-08-01,5.101201057434082
1999-08-02,4.494913101196289
1999-08-03,3.974778652191162
1999-08-04,3.5776376724243164
1999-08-05,3.230351448059082
1999-08-06,2.9528093338012695
1999-08-07,2.7594876289367676
1999-08-08,2.622899055480957
1999-08-09,2.526038408279419
1999-08-10,2.498594045639038
1999-08-11,2.504988431930542
1999-08-12,2.4328129291534424
1999-08-13,2.306190252304077
1999-08-14,2.349207639694214
1999-08-15,3.421691417694092
1999-08-16,5.251822471618652
1999-08-17,5.788369178771973
1999-08-18,4.88450813293457
1999-08-19,3.8426403999328613
1999-08-20,3.300088882446289
1999-08-21,3.52694034576416
1999-08-22,4.086886882781982
1999-08-23,3.946444511413574
1999-08-24,3.395247220993042
1999-08-25,3.1721389293670654
1999-08-26,3.740668296813965
1999-08-27,5.884606838226318
1999-08-28,8.940696716308594
1999-08-29,9.179678916931152
1999-08-30,7.1444220542907715
1999-08-31,5.458622932434082
1999-09-01,4.386289596557617
1999-09-02,3.7030234336853027
1999-09-03,3.2640154361724854
1999-09-04,3.0242919921875
1999-09-05,11.637714385986328
1999-09-06,98.76506042480469
1999-09-07,137.50836181640625
1999-09-08,87.10469818115234
1999-09-09,41.438880920410156
1999-09-10,22.360673904418945
1999-09-11,15.512825012207031
1999-09-12,11.88725471496582
1999-09-13,9.38028335571289
1999-09-14,7.758533477783203
1999-09-15,9.657697677612305
1999-09-16,184.7604217529297
1999-09-17,312.56805419921875
1999-09-18,172.2657012939453
1999-09-19,77.66664123535156
1999-09-20,39.24669647216797
1999-09-21,25.95199966430664
1999-09-22,23.840072631835938
1999-09-23,23.567264556884766
1999-09-24,19.56711769104004
1999-09-25,15.641040802001953
1999-09-26,13.06173038482666
1999-09-27,13.269082069396973
1999-09-28,43.02345657348633
1999-09-29,138.21368408203125
1999-09-30,209.41000366210938
1999-10-01,180.2023468017578
1999-10-02,103.37571716308594
1999-10-03,56.31211853027344
1999-10-04,36.42669677734375
1999-10-05,28.85047149658203
1999-10-06,25.05366325378418
1999-10-07,21.39918327331543
1999-10-08,18.50392723083496
1999-10-09,16.481077194213867
1999-10-10,15.743654251098633
1999-10-11,21.560489654541016
1999-10-12,33.21793746948242
1999-10-13,36.72311782836914
1999-10-14,34.657203674316406
1999-10-15,31.92914581298828
1999-10-16,25.982025146484375
1999-10-17,28.25363540649414
1999-10-18,51.91213607788086
1999-10-19,60.703712463378906
1999-10-20,50.18885803222656
1999-10-21,60.21824264526367
1999-10-22,67.16372680664062
1999-10-23,49.320430755615234
1999-10-24,35.824920654296875
1999-10-25,28.05858612060547
1999-10-26,23.37079620361328
1999-10-27,20.447288513183594
1999-10-28,18.40854835510254
1999-10-29,16.926677703857422
1999-10-30,15.85133171081543
1999-10-31,14.982187271118164
1999-11-01,14.365549087524414
1999-11-02,15.660635948181152
1999-11-03,20.67139434814453
1999-11-04,24.18083953857422
1999-11-05,21.575471878051758
1999-11-06,18.727890014648438
1999-11-07,16.821151733398438
1999-11-08,15.447622299194336
1999-11-09,14.568721771240234
1999-11-10,13.93824291229248
1999-11-11,13.337096214294434
1999-11-12,12.999223709106445
1999-11-13,12.776952743530273
1999-11-14,12.500024795532227
1999-11-15,12.084712982177734
1999-11-16,11.610284805297852
1999-11-17,11.252099990844727
1999-11-18,11.092608451843262
1999-11-19,11.000090599060059
1999-11-20,10.902945518493652
1999-11-21,10.780461311340332
1999-11-22,10.898643493652344
1999-11-23,11.334803581237793
1999-11-24,11.648994445800781
1999-11-25,11.54107666015625
1999-11-26,12.989436149597168
1999-11-27,20.441211700439453
1999-11-28,28.10491371154785
1999-11-29,24.982114791870117
1999-11-30,19.88773536682129
1999-12-01,16.840707778930664
1999-12-02,15.189348220825195
1999-12-03,14.131999015808105
1999-12-04,13.428977966308594
1999-12-05,12.925344467163086
1999-12-06,12.758694648742676
1999-12-07,13.319064140319824
1999-12-08,13.886612892150879
1999-12-09,13.534767150878906
1999-12-10,13.166452407836914
1999-12-11,13.721549987792969
1999-12-12,14.308100700378418
1999-12-13,13.823383331298828
1999-12-14,17.84266471862793
1999-12-15,32.33843994140625
1999-12-16,40.493858337402344
1999-12-17,32.42212677001953
1999-12-18,24.66408920288086
1999-12-19,20.54717254638672
1999-12-20,18.875898361206055
1999-12-21,19.155941009521484
1999-12-22,23.10932731628418
1999-12-23,27.526840209960938
1999-12-24,25.766206741333008
1999-12-25,22.51081657409668
1999-12-26,20.233549118041992
1999-12-27,18.233213424682617
1999-12-28,16.837305068969727
1999-12-29,15.816120147705078
1999-12-30,15.107377052307129
1999-12-31,14.61302375793457
2000-01-01,14.257284164428711
2000-01-02,13.96749496459961
2000-01-03,13.686312675476074
2000-01-04,13.844625473022461
2000-01-05,16.59775733947754
2000-01-06,21.44949722290039
2000-01-07,21.073575973510742
2000-01-08,18.72303009033203
2000-01-09,17.62893295288086
2000-01-10,36.439605712890625
2000-01-11,81.85401916503906
2000-01-12,90.76014709472656
2000-01-13,60.3857421875
2000-01-14,40.330711364746094
2000-01-15,30.458837509155273
2000-01-16,25.221818923950195
2000-01-17,22.00885581970215
2000-01-18,19.907258987426758
2000-01-19,19.248985290527344
2000-01-20,21.01250457763672
2000-01-21,23.913894653320312
2000-01-22,23.473876953125
2000-01-23,21.61492347717285
2000-01-24,22.235361099243164
2000-01-25,30.526517868041992
2000-01-26,39.06834411621094
2000-01-27,37.59333038330078
2000-01-28,30.90652847290039
2000-01-29,26.05226707458496
2000-01-30,27.392847061157227
2000-01-31,37.441261291503906
2000-02-01,44.013038635253906
2000-02-02,41.65155029296875
2000-02-03,38.82115173339844
2000-02-04,38.82568359375
2000-02-05,42.73945236206055
2000-02-06,46.71328353881836
2000-02-07,49.42137145996094
2000-02-08,53.834373474121094
2000-02-09,54.97472381591797
2000-02-10,49.65214538574219
2000-02-11,45.39341735839844
2000-02-12,54.601009368896484
2000-02-13,82.46556854248047
2000-02-14,104.9180679321289
2000-02-15,109.42733764648438
2000-02-16,98.22977447509766
2000-02-17,73.17984008789062
2000-02-18,58.19847869873047
2000-02-19,60.89466857910156
2000-02-20,64.26976013183594
2000-02-21,52.58016586303711
2000-02-22,41.93514633178711
2000-02-23,35.10340118408203
2000-02-24,31.385475158691406
2000-02-25,29.01714324951172
2000-02-26,27.04015350341797
2000-02-27,25.511634826660156
2000-02-28,26.114208221435547
2000-02-29,27.65628433227539
2000-03-01,26.967987060546875
2000-03-02,25.167203903198242
2000-03-03,23.484281539916992
2000-03-04,22.069639205932617
2000-03-05,21.16769027709961
2000-03-06,20.459938049316406
2000-03-07,19.715452194213867
2000-03-08,18.948192596435547
2000-03-09,18.4715518951416
2000-03-10,18.027223587036133
2000-03-11,17.550094604492188
2000-03-12,17.98577308654785
2000-03-13,19.554821014404297
2000-03-14,19.65622901916504
2000-03-15,18.478771209716797
2000-03-16,18.936634063720703
2000-03-17,41.94235610961914
2000-03-18,86.99546813964844
2000-03-19,69.01239776611328
2000-03-20,49.47526931762695
2000-03-21,57.28032684326172
2000-03-22,81.03498077392578
2000-03-23,75.94125366210938
2000-03-24,55.7981071472168
2000-03-25,41.570960998535156
2000-03-26,34.30613327026367
2000-03-27,31.897293090820312
2000-03-28,35.02592086791992
2000-03-29,37.873470306396484
2000-03-30,34.10417938232422
2000-03-31,29.863435745239258
2000-04-01,27.220834732055664
2000-04-02,24.876989364624023
2000-04-03,24.958742141723633
2000-04-04,31.503341674804688
2000-04-05,39.37339782714844
2000-04-06,36.408447265625
2000-04-07,29.714906692504883
2000-04-08,29.677871704101562
2000-04-09,41.21963119506836
2000-04-10,48.060630798339844
2000-04-11,39.79255676269531
2000-04-12,31.722965240478516
2000-04-13,28.092308044433594
2000-04-14,31.58928871154785
2000-04-15,43.83250045776367
2000-04-16,62.554527282714844
2000-04-17,72.19229888916016
2000-04-18,66.31378173828125
2000-04-19,70.91226959228516
2000-04-20,68.40339660644531
2000-04-21,52.88269805908203
2000-04-22,40.85607147216797
2000-04-23,33.36552047729492
2000-04-24,28.64688491821289
2000-04-25,26.673025131225586
2000-04-26,29.919490814208984
2000-04-27,37.715599060058594
2000-04-28,48.353763580322266
2000-04-29,69.57380676269531
2000-04-30,76.02577209472656
2000-05-01,58.532737731933594
2000-05-02,43.51299285888672
2000-05-03,34.94468307495117
2000-05-04,29.914257049560547
2000-05-05,26.173328399658203
2000-05-06,23.387510299682617
2000-05-07,21.361404418945312
2000-05-08,19.750598907470703
2000-05-09,18.244020462036133
2000-05-10,16.93034553527832
2000-05-11,15.913164138793945
2000-05-12,15.073456764221191
2000-05-13,14.355527877807617
2000-05-14,13.6588716506958
2000-05-15,13.183928489685059
2000-05-16,12.716121673583984
2000-05-17,12.02578067779541
2000-05-18,11.631733894348145
2000-05-19,11.297496795654297
2000-05-20,10.764175415039062
2000-05-21,10.687520980834961
2000-05-22,15.059924125671387
2000-05-23,19.968761444091797
2000-05-24,19.247615814208984
2000-05-25,16.511363983154297
2000-05-26,15.410012245178223
2000-05-27,14.665285110473633
2000-05-28,13.706348419189453
2000-05-29,13.805501937866211
2000-05-30,13.95917797088623
2000-05-31,13.07027530670166
2000-06-01,11.45673942565918
2000-06-02,10.239357948303223
2000-06-03,9.48013973236084
2000-06-04,9.4605073928833
2000-06-05,10.363154411315918
2000-06-06,12.177099227905273
2000-06-07,15.531261444091797
2000-06-08,14.977739334106445
2000-06-09,12.044751167297363
2000-06-10,10.066340446472168
2000-06-11,8.82109260559082
2000-06-12,7.913510799407959
2000-06-13,7.228359222412109
2000-06-14,6.847049713134766
2000-06-15,7.458048343658447
2000-06-16,10.84732437133789
2000-06-17,18.04927635192871
2000-06-18,18.049413681030273
2000-06-19,15.088679313659668
2000-06-20,16.76104736328125
2000-06-21,19.10079574584961
2000-06-22,16.25867462158203
2000-06-23,13.155902862548828
2000-06-24,11.164825439453125
2000-06-25,9.315853118896484
2000-06-26,8.1965970993042
2000-06-27,7.858112335205078
2000-06-28,9.170053482055664
2000-06-29,13.355722427368164
2000-06-30,17.396501541137695
2000-07-01,16.468788146972656
2000-07-02,12.436558723449707
2000-07-03,9.567645072937012
2000-07-04,7.96504020690918
2000-07-05,7.157549858093262
2000-07-06,7.267606258392334
2000-07-07,7.6635942459106445
2000-07-08,7.52274227142334
2000-07-09,6.971001148223877
2000-07-10,6.442187309265137
2000-07-11,5.916626930236816
2000-07-12,5.547096252441406
2000-07-13,6.055453300476074
2000-07-14,7.798648834228516
2000-07-15,9.415206909179688
2000-07-16,9.422347068786621
2000-07-17,8.496865272521973
2000-07-18,7.3057427406311035
2000-07-19,6.322869300842285
2000-07-20,5.612603187561035
2000-07-21,5.191010475158691
2000-07-22,4.996697902679443
2000-07-23,6.014683723449707
2000-07-24,18.91861915588379
2000-07-25,28.695148468017578
2000-07-26,27.743139266967773
2000-07-27,21.96409034729004
2000-07-28,16.273880004882812
2000-07-29,12.325695037841797
2000-07-30,10.642513275146484
2000-07-31,10.231531143188477
2000-08-01,11.117222785949707
2000-08-02,14.457441329956055
2000-08-03,17.145151138305664
2000-08-04,18.4387149810791
2000-08-05,19.0513973236084
2000-08-06,17.465538024902344
2000-08-07,13.839274406433105
2000-08-08,11.085201263427734
2000-08-09,9.695568084716797
2000-08-10,9.97219181060791
2000-08-11,13.640543937683105
2000-08-12,16.07245635986328
2000-08-13,13.363866806030273
2000-08-14,10.736228942871094
2000-08-15,8.911052703857422
2000-08-16,7.600888252258301
2000-08-17,6.75827693939209
2000-08-18,6.426853656768799
2000-08-19,7.043490409851074
2000-08-20,7.407505035400391
2000-08-21,6.655652046203613
2000-08-22,5.935458660125732
2000-08-23,5.411200523376465
2000-08-24,4.999992370605469
2000-08-25,4.708386421203613
2000-08-26,4.598997592926025
2000-08-27,5.119312763214111
2000-08-28,9.389130592346191
2000-08-29,16.82865333557129
2000-08-30,16.991907119750977
2000-08-31,14.241820335388184
2000-09-01,13.998534202575684
2000-09-02,17.40105438232422
2000-09-03,25.25309181213379
2000-09-04,35.24150466918945
2000-09-05,39.78108215332031
2000-09-06,32.08125686645508
2000-09-07,21.98396110534668
2000-09-08,15.433107376098633
2000-09-09,11.774320602416992
2000-09-10,9.787030220031738
2000-09-11,8.524959564208984
2000-09-12,7.5932416915893555
2000-09-13,6.88481330871582
2000-09-14,6.577393531799316
2000-09-15,7.145683288574219
2000-09-16,9.782394409179688
2000-09-17,11.326040267944336
2000-09-18,10.008576393127441
2000-09-19,9.597979545593262
2000-09-20,11.854679107666016
2000-09-21,13.287489891052246
2000-09-22,12.291391372680664
2000-09-23,15.706012725830078
2000-09-24,28.071500778198242
2000-09-25,36.43888473510742
2000-09-26,40.697227478027344
2000-09-27,46.89697265625
2000-09-28,39.085384368896484
2000-09-29,26.449323654174805
2000-09-30,18.443557739257812
2000-10-01,14.265457153320312
2000-10-02,11.91208267211914
2000-10-03,10.42719841003418
2000-10-04,9.348971366882324
2000-10-05,8.511338233947754
2000-10-06,7.871753692626953
2000-10-07,7.380796909332275
2000-10-08,7.07452392578125
2000-10-09,6.922909736633301
2000-10-10,6.7159423828125
2000-10-11,6.4597039222717285
2000-10-12,6.2345967292785645
2000-10-13,6.088723182678223
2000-10-14,6.0611772537231445
2000-10-15,6.000034332275391
2000-10-16,5.910284042358398
2000-10-17,5.789367198944092
2000-10-18,5.621528148651123
2000-10-19,5.464339733123779
2000-10-20,5.340234756469727
2000-10-21,5.29771614074707
2000-10-22,5.200767993927002
2000-10-23,5.0410051345825195
2000-10-24,4.91228723526001
2000-10-25,4.896697044372559
2000-10-26,4.944492816925049
2000-10-27,4.913842678070068
2000-10-28,4.830558776855469
2000-10-29,4.716053009033203
2000-10-30,4.619675159454346
2000-10-31,4.578334808349609
2000-11-01,4.618307590484619
2000-11-02,4.864376544952393
2000-11-03,5.093006134033203
2000-11-04,5.207953453063965
2000-11-05,5.124515533447266
2000-11-06,5.092905521392822
2000-11-07,5.165879249572754
2000-11-08,5.235508918762207
2000-11-09,5.32046365737915
2000-11-10,5.5609612464904785
2000-11-11,6.003632545471191
2000-11-12,6.013960361480713
2000-11-13,5.8083415031433105
2000-11-14,5.802254676818848
2000-11-15,6.270521640777588
2000-11-16,6.750766754150391
2000-11-17,6.814949989318848
2000-11-18,6.69559907913208
2000-11-19,6.697446346282959
2000-11-20,7.0202789306640625
2000-11-21,7.4381818771362305
2000-11-22,7.30245304107666
2000-11-23,6.9411492347717285
2000-11-24,6.653458595275879
2000-11-25,7.001152992248535
2000-11-26,9.179505348205566
2000-11-27,11.997577667236328
2000-11-28,11.957839012145996
2000-11-29,10.415836334228516
2000-11-30,9.220196723937988
2000-12-01,8.474732398986816
2000-12-02,8.0208101272583
2000-12-03,7.730357646942139
2000-12-04,7.649236679077148
2000-12-05,7.508403301239014
2000-12-06,7.280363082885742
2000-12-07,7.062640190124512
2000-12-08,6.924115180969238
2000-12-09,6.872546195983887
2000-12-10,6.75664758682251
2000-12-11,6.778196811676025
2000-12-12,6.974524021148682
2000-12-13,7.00968074798584
2000-12-14,6.967926025390625
2000-12-15,7.242891311645508
2000-12-16,7.8783440589904785
2000-12-17,13.6602783203125
2000-12-18,25.663076400756836
2000-12-19,26.881675720214844
2000-12-20,20.600841522216797
2000-12-21,17.196550369262695
2000-12-22,14.665445327758789
2000-12-23,12.870606422424316
2000-12-24,11.604942321777344
2000-12-25,10.652473449707031
2000-12-26,9.917686462402344
2000-12-27,9.325016975402832
2000-12-28,8.96373176574707
2000-12-29,8.649104118347168
2000-12-30,8.359611511230469
2000-12-31,8.154226303100586
2001-01-01,7.93879508972168
2001-01-02,7.665523529052734
2001-01-03,7.4711503982543945
2001-01-04,7.359701633453369
2001-01-05,7.30390739440918
2001-01-06,7.257969856262207
2001-01-07,7.23201322555542
2001-01-08,7.370608329772949
2001-01-09,7.917184352874756
2001-01-10,8.743122100830078
2001-01-11,8.85348892211914
2001-01-12,8.673212051391602
2001-01-13,8.675600051879883
2001-01-14,8.693116188049316
2001-01-15,8.587362289428711
2001-01-16,8.520174026489258
2001-01-17,8.351318359375
2001-01-18,8.400615692138672
2001-01-19,9.960000991821289
2001-01-20,23.24478530883789
2001-01-21,57.8896598815918
2001-01-22,71.02593231201172
2001-01-23,48.18634796142578
2001-01-24,30.505390167236328
2001-01-25,22.11741828918457
2001-01-26,17.83807373046875
2001-01-27,15.419544219970703
2001-01-28,13.877310752868652
2001-01-29,12.779166221618652
2001-01-30,12.479246139526367
2001-01-31,13.63634204864502
2001-02-01,14.620889663696289
2001-02-02,13.78698444366455
2001-02-03,12.621707916259766
2001-02-04,11.7613525390625
2001-02-05,11.263677597045898
2001-02-06,11.154305458068848
2001-02-07,10.920467376708984
2001-02-08,10.569049835205078
2001-02-09,10.290700912475586
2001-02-10,10.14720344543457
2001-02-11,10.169955253601074
2001-02-12,10.17328929901123
2001-02-13,10.89802074432373
2001-02-14,12.572968482971191
2001-02-15,14.149785041809082
2001-02-16,15.626472473144531
2001-02-17,36.00164794921875
2001-02-18,77.80136108398438
2001-02-19,75.2630844116211
2001-02-20,50.53582763671875
2001-02-21,33.72124099731445
2001-02-22,25.4126033782959
2001-02-23,22.30541229248047
2001-02-24,22.263614654541016
2001-02-25,20.944204330444336
2001-02-26,20.517690658569336
2001-02-27,21.19264030456543
2001-02-28,19.375782012939453
2001-03-01,17.26250648498535
2001-03-02,15.66815185546875
2001-03-03,15.172739028930664
2001-03-04,19.949535369873047
2001-03-05,33.934730529785156
2001-03-06,44.49054718017578
2001-03-07,38.164894104003906
2001-03-08,29.674631118774414
2001-03-09,23.949438095092773
2001-03-10,20.47682762145996
2001-03-11,18.08142852783203
2001-03-12,16.427719116210938
2001-03-13,15.761443138122559
2001-03-14,16.269790649414062
2001-03-15,18.700542449951172
2001-03-16,27.197940826416016
2001-03-17,35.60049819946289
2001-03-18,32.18273162841797
2001-03-19,25.756216049194336
2001-03-20,22.614530563354492
2001-03-21,64.29246520996094
2001-03-22,137.76405334472656
2001-03-23,147.74546813964844
2001-03-24,95.48554992675781
2001-03-25,57.84855651855469
2001-03-26,40.48120880126953
2001-03-27,32.005069732666016
2001-03-28,26.511638641357422
2001-03-29,33.64377212524414
2001-03-30,99.78223419189453
2001-03-31,164.10952758789062
2001-04-01,164.78482055664062
2001-04-02,184.90634155273438
2001-04-03,166.06776428222656
2001-04-04,112.13516998291016
2001-04-05,76.40105438232422
2001-04-06,55.408042907714844
2001-04-07,43.415184020996094
2001-04-08,36.16185760498047
2001-04-09,31.328386306762695
2001-04-10,27.837671279907227
2001-04-11,25.03415298461914
2001-04-12,22.85067367553711
2001-04-13,21.45446014404297
2001-04-14,20.76277732849121
2001-04-15,20.35395050048828
2001-04-16,19.42245101928711
2001-04-17,18.355022430419922
2001-04-18,17.71879768371582
2001-04-19,17.09779167175293
2001-04-20,16.084333419799805
2001-04-21,15.375955581665039
2001-04-22,14.750554084777832
2001-04-23,14.037969589233398
2001-04-24,13.355613708496094
2001-04-25,13.722012519836426
2001-04-26,16.84440040588379
2001-04-27,19.48473358154297
2001-04-28,18.006237030029297
2001-04-29,15.772862434387207
2001-04-30,14.162731170654297
2001-05-01,13.0748872756958
2001-05-02,12.32005786895752
2001-05-03,11.625923156738281
2001-05-04,10.999849319458008
2001-05-05,10.427478790283203
2001-05-06,9.86834716796875
2001-05-07,9.361932754516602
2001-05-08,8.898996353149414
2001-05-09,8.458498001098633
2001-05-10,8.19113540649414
2001-05-11,8.093841552734375
2001-05-12,8.0795259475708
2001-05-13,8.298812866210938
2001-05-14,8.25674057006836
2001-05-15,7.726616859436035
2001-05-16,8.684778213500977
2001-05-17,14.113960266113281
2001-05-18,20.299314498901367
2001-05-19,20.22583770751953
2001-05-20,15.975908279418945
2001-05-21,12.859737396240234
2001-05-22,12.761940002441406
2001-05-23,14.178276062011719
2001-05-24,14.183658599853516
2001-05-25,12.217742919921875
2001-05-26,12.94000244140625
2001-05-27,20.635948181152344
2001-05-28,24.814489364624023
2001-05-29,21.00796127319336
2001-05-30,17.23563003540039
2001-05-31,13.876686096191406
2001-06-01,15.316731452941895
2001-06-02,28.57863998413086
2001-06-03,34.27599334716797
2001-06-04,26.090208053588867
2001-06-05,18.115264892578125
2001-06-06,14.361381530761719
2001-06-07,14.548312187194824
2001-06-08,15.51690673828125
2001-06-09,13.975242614746094
2001-06-10,11.773876190185547
2001-06-11,9.956260681152344
2001-06-12,8.604910850524902
2001-06-13,8.159025192260742
2001-06-14,9.662142753601074
2001-06-15,11.587736129760742
2001-06-16,11.638324737548828
2001-06-17,10.520681381225586
2001-06-18,9.023677825927734
2001-06-19,7.593472003936768
2001-06-20,6.5705389976501465
2001-06-21,5.894406795501709
2001-06-22,5.815328598022461
2001-06-23,7.133462429046631
2001-06-24,8.830047607421875
2001-06-25,9.493767738342285
2001-06-26,9.31436824798584
2001-06-27,8.564753532409668
2001-06-28,7.8622846603393555
2001-06-29,7.123596668243408
2001-06-30,6.280972480773926
2001-07-01,5.606632232666016
2001-07-02,5.20020055770874
2001-07-03,4.9621992111206055
2001-07-04,4.950395584106445
2001-07-05,6.458003997802734
2001-07-06,9.235894203186035
2001-07-07,9.698078155517578
2001-07-08,8.551253318786621
2001-07-09,9.33370590209961
2001-07-10,10.328556060791016
2001-07-11,9.335030555725098
2001-07-12,7.745088577270508
2001-07-13,6.490720272064209
2001-07-14,5.5759687423706055
2001-07-15,4.988584995269775
2001-07-16,4.470430374145508
2001-07-17,4.048828125
2001-07-18,3.806201219558716
2001-07-19,3.816293716430664
2001-07-20,3.8257954120635986
2001-07-21,3.65173077583313
2001-07-22,3.404625415802002
2001-07-23,3.162738800048828
2001-07-24,3.110628366470337
2001-07-25,3.2815053462982178
2001-07-26,3.654616355895996
2001-07-27,6.139725685119629
2001-07-28,11.100581169128418
2001-07-29,13.286909103393555
2001-07-30,13.638158798217773
2001-07-31,14.027669906616211
2001-08-01,11.010364532470703
2001-08-02,8.163121223449707
2001-08-03,6.666784763336182
2001-08-04,5.612883567810059
2001-08-05,4.894479274749756
2001-08-06,4.425256252288818
2001-08-07,3.9614524841308594
2001-08-08,3.569518804550171
2001-08-09,3.2642130851745605
2001-08-10,3.0757944583892822
2001-08-11,3.4421000480651855
2001-08-12,5.655839920043945
2001-08-13,7.96290397644043
2001-08-14,8.684476852416992
2001-08-15,8.053966522216797
2001-08-16,6.565783500671387
2001-08-17,5.228791236877441
2001-08-18,4.884129047393799
2001-08-19,6.672483921051025
2001-08-20,8.303425788879395
2001-08-21,7.776978969573975
2001-08-22,6.256793975830078
2001-08-23,4.967054843902588
2001-08-24,4.394588470458984
2001-08-25,4.558288097381592
2001-08-26,4.56370735168457
2001-08-27,4.153469085693359
2001-08-28,3.7385435104370117
2001-08-29,3.4838216304779053
2001-08-30,3.562990665435791
2001-08-31,4.267506122589111
2001-09-01,4.804896831512451
2001-09-02,5.122265815734863
2001-09-03,5.202620029449463
2001-09-04,5.132633209228516
2001-09-05,5.129404544830322
2001-09-06,4.810733795166016
2001-09-07,4.229310989379883
2001-09-08,3.7279410362243652
2001-09-09,3.3815524578094482
2001-09-10,3.2266485691070557
2001-09-11,3.3082523345947266
2001-09-12,3.409233808517456
2001-09-13,3.2611939907073975
2001-09-14,3.0103323459625244
2001-09-15,2.843283176422119
2001-09-16,2.729029417037964
2001-09-17,2.6020455360412598
2001-09-18,2.4952688217163086
2001-09-19,2.4256889820098877
2001-09-20,2.4185500144958496
2001-09-21,2.807626724243164
2001-09-22,3.623703956604004
2001-09-23,3.9197604656219482
2001-09-24,3.9793283939361572
2001-09-25,5.362605094909668
2001-09-26,7.3455119132995605
2001-09-27,6.925091743469238
2001-09-28,5.495728492736816
2001-09-29,4.473531246185303
2001-09-30,3.8545444011688232
2001-10-01,3.4557125568389893
2001-10-02,3.193533420562744
2001-10-03,3.0047905445098877
2001-10-04,2.847787380218506
2001-10-05,2.7127864360809326
2001-10-06,2.6800525188446045
2001-10-07,2.8270976543426514
2001-10-08,2.9397201538085938
2001-10-09,2.910987138748169
2001-10-10,2.848647356033325
2001-10-11,2.825706958770752
2001-10-12,2.760356903076172
2001-10-13,2.689397096633911
2001-10-14,2.785086154937744
2001-10-15,3.3192858695983887
2001-10-16,3.846989393234253
2001-10-17,3.789457321166992
2001-10-18,3.464160680770874
2001-10-19,3.2254106998443604
2001-10-20,3.066819190979004
2001-10-21,2.957939863204956
2001-10-22,2.899751901626587
2001-10-23,2.814117193222046
2001-10-24,2.769462823867798
2001-10-25,2.681903123855591
2001-10-26,2.570375442504883
2001-10-27,2.494187831878662
2001-10-28,2.4594690799713135
2001-10-29,2.4531166553497314
2001-10-30,2.4749584197998047
2001-10-31,2.482879638671875
2001-11-01,2.530618906021118
2001-11-02,2.6528093814849854
2001-11-03,2.6908137798309326
2001-11-04,2.673720598220825
2001-11-05,2.638526439666748
2001-11-06,2.6107003688812256
2001-11-07,2.6499738693237305
2001-11-08,2.7702388763427734
2001-11-09,2.84053897857666
2001-11-10,2.774059295654297
2001-11-11,2.7701454162597656
2001-11-12,2.733128070831299
2001-11-13,2.7393476963043213
2001-11-14,2.829331398010254
2001-11-15,2.9465787410736084
2001-11-16,3.002251625061035
2001-11-17,3.034952163696289
2001-11-18,2.9931249618530273
2001-11-19,2.997572183609009
2001-11-20,3.015939235687256
2001-11-21,2.9655823707580566
2001-11-22,2.9794836044311523
2001-11-23,3.0333752632141113
2001-11-24,3.149374008178711
2001-11-25,3.3641560077667236
2001-11-26,3.660362720489502
2001-11-27,3.8600504398345947
2001-11-28,3.8755929470062256
2001-11-29,3.735534191131592
2001-11-30,3.595616102218628
2001-12-01,3.533175468444824
2001-12-02,3.6001179218292236
2001-12-03,3.5758216381073
2001-12-04,3.598532199859619
2001-12-05,3.689065456390381
2001-12-06,3.6952319145202637
2001-12-07,3.6116607189178467
2001-12-08,3.549654483795166
2001-12-09,3.5324294567108154
2001-12-10,3.518848419189453
2001-12-11,4.635488033294678
2001-12-12,8.282605171203613
2001-12-13,10.533533096313477
2001-12-14,9.557446479797363
2001-12-15,7.801201343536377
2001-12-16,6.609095573425293
2001-12-17,5.837320804595947
2001-12-18,5.7317795753479
2001-12-19,7.095301628112793
2001-12-20,8.395317077636719
2001-12-21,7.5634074211120605
2001-12-22,6.4231390953063965
2001-12-23,5.827984809875488
2001-12-24,5.626515865325928
2001-12-25,5.958601474761963
2001-12-26,6.24793815612793
2001-12-27,5.935421466827393
2001-12-28,5.53458833694458
2001-12-29,5.299651145935059
2001-12-30,5.131109714508057
2001-12-31,4.920111656188965
2002-01-01,4.66713809967041
2002-01-02,4.5243682861328125
2002-01-03,4.903595924377441
2002-01-04,6.098602771759033
2002-01-05,7.0759429931640625
2002-01-06,8.056451797485352
2002-01-07,12.243570327758789
2002-01-08,17.222312927246094
2002-01-09,16.62188720703125
2002-01-10,15.052469253540039
2002-01-11,14.789080619812012
2002-01-12,13.892702102661133
2002-01-13,12.291454315185547
2002-01-14,11.493485450744629
2002-01-15,10.604747772216797
2002-01-16,9.565343856811523
2002-01-17,8.731865882873535
2002-01-18,8.234505653381348
2002-01-19,15.047527313232422
2002-01-20,53.366981506347656
2002-01-21,85.9233169555664
2002-01-22,65.69432830810547
2002-01-23,55.78638458251953
2002-01-24,74.5808334350586
2002-01-25,86.58448028564453
2002-01-26,67.78419494628906
2002-01-27,47.58149337768555
2002-01-28,32.981807708740234
2002-01-29,24.84531593322754
2002-01-30,20.2137451171875
2002-01-31,17.277162551879883
2002-02-01,15.302085876464844
2002-02-02,13.863031387329102
2002-02-03,12.702796936035156
2002-02-04,11.762225151062012
2002-02-05,11.092705726623535
2002-02-06,10.50125503540039
2002-02-07,13.592340469360352
2002-02-08,26.965381622314453
2002-02-09,37.71464538574219
2002-02-10,32.67969512939453
2002-02-11,25.629539489746094
2002-02-12,21.49393653869629
2002-02-13,18.02783203125
2002-02-14,15.577981948852539
2002-02-15,13.921005249023438
2002-02-16,12.74030590057373
2002-02-17,11.937254905700684
2002-02-18,11.278813362121582
2002-02-19,10.752178192138672
2002-02-20,10.34877872467041
2002-02-21,10.169519424438477
2002-02-22,9.949310302734375
2002-02-23,9.598400115966797
2002-02-24,9.237921714782715
2002-02-25,8.966012954711914
2002-02-26,8.772610664367676
2002-02-27,8.629447937011719
2002-02-28,8.478265762329102
2002-03-01,8.332572937011719
2002-03-02,8.873860359191895
2002-03-03,15.576864242553711
2002-03-04,29.674732208251953
2002-03-05,34.10041809082031
2002-03-06,26.55437469482422
2002-03-07,20.11663818359375
2002-03-08,16.359407424926758
2002-03-09,14.342391967773438
2002-03-10,14.139110565185547
2002-03-11,14.619515419006348
2002-03-12,13.799036026000977
2002-03-13,14.180761337280273
2002-03-14,18.86195945739746
2002-03-15,22.829526901245117
2002-03-16,20.714237213134766
2002-03-17,17.679466247558594
2002-03-18,18.25251579284668
2002-03-19,24.863723754882812
2002-03-20,28.491352081298828
2002-03-21,29.646533966064453
2002-03-22,35.60763168334961
2002-03-23,35.38237762451172
2002-03-24,27.97351837158203
2002-03-25,22.15623664855957
2002-03-26,19.431482315063477
2002-03-27,23.295116424560547
2002-03-28,30.91590690612793
2002-03-29,28.64562225341797
2002-03-30,23.190454483032227
2002-03-31,21.73465919494629
2002-04-01,27.758459091186523
2002-04-02,30.889169692993164
2002-04-03,26.50738525390625
2002-04-04,21.778188705444336
2002-04-05,18.42938232421875
2002-04-06,15.938591003417969
2002-04-07,14.285245895385742
2002-04-08,13.136042594909668
2002-04-09,12.385051727294922
2002-04-10,12.234697341918945
2002-04-11,12.795797348022461
2002-04-12,12.959610939025879
2002-04-13,12.36474609375
2002-04-14,11.778990745544434
2002-04-15,11.263212203979492
2002-04-16,10.696922302246094
2002-04-17,10.02920913696289
2002-04-18,9.370452880859375
2002-04-19,8.956357955932617
2002-04-20,8.890438079833984
2002-04-21,8.835247039794922
2002-04-22,8.52236557006836
2002-04-23,8.133275032043457
2002-04-24,7.741309642791748
2002-04-25,7.424095630645752
2002-04-26,7.299939155578613
2002-04-27,7.183951377868652
2002-04-28,6.968164920806885
2002-04-29,6.74825382232666
2002-04-30,6.436519145965576
2002-05-01,6.144667625427246
2002-05-02,6.18051815032959
2002-05-03,6.4411725997924805
2002-05-04,7.517428398132324
2002-05-05,9.911928176879883
2002-05-06,11.144109725952148
2002-05-07,10.075226783752441
2002-05-08,8.67897891998291
2002-05-09,7.898982048034668
2002-05-10,7.713672637939453
2002-05-11,7.431513786315918
2002-05-12,6.749747276306152
2002-05-13,6.308533191680908
2002-05-14,6.444484710693359
2002-05-15,7.1986799240112305
2002-05-16,7.184035301208496
2002-05-17,6.460785865783691
2002-05-18,5.798942565917969
2002-05-19,5.793362617492676
2002-05-20,6.001346588134766
2002-05-21,5.596715927124023
2002-05-22,5.123272895812988
2002-05-23,4.782220840454102
2002-05-24,4.509016036987305
2002-05-25,4.355706214904785
2002-05-26,4.1528778076171875
2002-05-27,3.915485382080078
2002-05-28,3.6732144355773926
2002-05-29,3.4626240730285645
2002-05-30,3.292603015899658
2002-05-31,3.258495807647705
2002-06-01,3.3841474056243896
2002-06-02,3.5652565956115723
2002-06-03,3.7063286304473877
2002-06-04,3.54419207572937
2002-06-05,3.2422611713409424
2002-06-06,3.0415005683898926
2002-06-07,3.0922532081604004
2002-06-08,3.4949140548706055
2002-06-09,3.5702803134918213
2002-06-10,3.1858346462249756
2002-06-11,2.8180878162384033
2002-06-12,2.5594911575317383
2002-06-13,2.3432364463806152
2002-06-14,2.2025833129882812
2002-06-15,2.191897392272949
2002-06-16,2.264468193054199
2002-06-17,2.1963589191436768
2002-06-18,2.052070140838623
2002-06-19,1.9748907089233398
2002-06-20,1.9128570556640625
2002-06-21,1.8148672580718994
2002-06-22,1.6987133026123047
2002-06-23,1.5941729545593262
2002-06-24,1.523200273513794
2002-06-25,1.4707010984420776
2002-06-26,1.44115149974823
2002-06-27,1.6924848556518555
2002-06-28,2.704681396484375
2002-06-29,3.8394064903259277
2002-06-30,3.8714308738708496
2002-07-01,3.1281042098999023
2002-07-02,2.597869396209717
2002-07-03,2.4202303886413574
2002-07-04,2.482511281967163
2002-07-05,2.772451162338257
2002-07-06,2.8962554931640625
2002-07-07,2.661301851272583
2002-07-08,2.261653184890747
2002-07-09,1.9219027757644653
2002-07-10,1.7011688947677612
2002-07-11,1.6404502391815186
2002-07-12,1.8119995594024658
2002-07-13,2.0129969120025635
2002-07-14,2.0301194190979004
2002-07-15,2.0531508922576904
2002-07-16,2.115384340286255
2002-07-17,1.9940732717514038
2002-07-18,1.732725739479065
2002-07-19,1.5446937084197998
2002-07-20,1.4812595844268799
2002-07-21,1.47007417678833
2002-07-22,1.4814848899841309
2002-07-23,1.5900546312332153
2002-07-24,1.866532325744629
2002-07-25,2.4376118183135986
2002-07-26,3.538080930709839
2002-07-27,5.345351696014404
2002-07-28,6.647877216339111
2002-07-29,5.955181121826172
2002-07-30,4.347365379333496
2002-07-31,3.1491198539733887
2002-08-01,2.4189341068267822
2002-08-02,2.0127315521240234
2002-08-03,1.8641562461853027
2002-08-04,1.7900704145431519
2002-08-05,1.6370600461959839
2002-08-06,1.4564895629882812
2002-08-07,1.3302572965621948
2002-08-08,1.2409281730651855
2002-08-09,1.1584079265594482
2002-08-10,1.0847996473312378
2002-08-11,1.031948447227478
2002-08-12,0.9767439961433411
2002-08-13,0.9212746024131775
2002-08-14,0.8822060823440552
2002-08-15,0.8962727785110474
2002-08-16,0.9767380356788635
2002-08-17,1.136549711227417
2002-08-18,1.376511812210083
2002-08-19,1.5354325771331787
2002-08-20,1.5043529272079468
2002-08-21,1.3578921556472778
2002-08-22,1.2225581407546997
2002-08-23,1.1777372360229492
2002-08-24,1.1522568464279175
2002-08-25,1.1343330144882202
2002-08-26,1.1519838571548462
2002-08-27,1.2632410526275635
2002-08-28,1.6449029445648193
2002-08-29,2.162978410720825
2002-08-30,2.546570062637329
2002-08-31,5.943900108337402
2002-09-01,29.460107803344727
2002-09-02,55.080116271972656
2002-09-03,40.187252044677734
2002-09-04,19.571697235107422
2002-09-05,10.21119499206543
2002-09-06,6.4648356437683105
2002-09-07,4.620050430297852
2002-09-08,3.5843634605407715
2002-09-09,2.9729256629943848
2002-09-10,2.594923973083496
2002-09-11,2.333141326904297
2002-09-12,2.120603322982788
2002-09-13,1.9434309005737305
2002-09-14,1.8811490535736084
2002-09-15,2.189385414123535
2002-09-16,3.2924184799194336
2002-09-17,4.781572341918945
2002-09-18,5.374217510223389
2002-09-19,6.068645000457764
2002-09-20,7.03532600402832
2002-09-21,6.489955902099609
2002-09-22,5.0643229484558105
2002-09-23,4.03460693359375
2002-09-24,3.4657745361328125
2002-09-25,3.122880458831787
2002-09-26,3.002471923828125
2002-09-27,3.6593313217163086
2002-09-28,5.46192741394043
2002-09-29,6.157439708709717
2002-09-30,5.2437567710876465
2002-10-01,4.201394081115723
2002-10-02,3.5429630279541016
2002-10-03,3.1268162727355957
2002-10-04,2.819009780883789
2002-10-05,2.593872547149658
2002-10-06,2.4147799015045166
2002-10-07,2.2523396015167236
2002-10-08,2.141376256942749
2002-10-09,2.1411283016204834
2002-10-10,2.237741231918335
2002-10-11,25.75428581237793
2002-10-12,110.48905944824219
2002-10-13,159.2471923828125
2002-10-14,96.10535430908203
2002-10-15,54.83151626586914
2002-10-16,44.477210998535156
2002-10-17,67.77535247802734
2002-10-18,77.06503295898438
2002-10-19,48.762725830078125
2002-10-20,28.6265869140625
2002-10-21,19.420570373535156
2002-10-22,16.521390914916992
2002-10-23,17.30256462097168
2002-10-24,16.81439971923828
2002-10-25,14.635677337646484
2002-10-26,13.111018180847168
2002-10-27,12.848289489746094
2002-10-28,15.150733947753906
2002-10-29,37.19175720214844
2002-10-30,79.70059204101562
2002-10-31,90.07661437988281
2002-11-01,67.44501495361328
2002-11-02,42.945987701416016
2002-11-03,28.68484115600586
2002-11-04,21.57525634765625
2002-11-05,19.57269859313965
2002-11-06,30.401185989379883
2002-11-07,52.34750747680664
2002-11-08,52.22019577026367
2002-11-09,37.80366897583008
2002-11-10,27.427629470825195
2002-11-11,22.317935943603516
2002-11-12,49.011329650878906
2002-11-13,147.98330688476562
2002-11-14,194.23779296875
2002-11-15,118.28689575195312
2002-11-16,74.48621368408203
2002-11-17,128.8388671875
2002-11-18,239.34645080566406
2002-11-19,207.6893310546875
2002-11-20,117.46649169921875
2002-11-21,67.42630767822266
2002-11-22,46.56452178955078
2002-11-23,36.367462158203125
2002-11-24,30.075389862060547
2002-11-25,26.02115249633789
2002-11-26,23.331453323364258
2002-11-27,21.291702270507812
2002-11-28,19.721446990966797
2002-11-29,18.449691772460938
2002-11-30,17.183704376220703
2002-12-01,16.13783836364746
2002-12-02,15.44735336303711
2002-12-03,14.862005233764648
2002-12-04,14.492161750793457
2002-12-05,19.347293853759766
2002-12-06,32.33772277832031
2002-12-07,38.770301818847656
2002-12-08,37.23917007446289
2002-12-09,38.18682861328125
2002-12-10,39.755767822265625
2002-12-11,40.566314697265625
2002-12-12,55.10322570800781
2002-12-13,100.0827865600586
2002-12-14,175.47227478027344
2002-12-15,202.51828002929688
2002-12-16,132.9541015625
2002-12-17,80.82403564453125
2002-12-18,54.75726318359375
2002-12-19,41.56645584106445
2002-12-20,41.59117126464844
2002-12-21,58.50716781616211
2002-12-22,64.63912963867188
2002-12-23,51.278804779052734
2002-12-24,48.599510192871094
2002-12-25,98.60409545898438
2002-12-26,165.6487274169922
2002-12-27,132.80996704101562
2002-12-28,85.29136657714844
2002-12-29,58.56155776977539
2002-12-30,44.81660079956055
2002-12-31,37.27867889404297
2003-01-01,40.27980041503906
2003-01-02,65.782958984375
2003-01-03,85.06840515136719
2003-01-04,72.53855895996094
2003-01-05,61.10307693481445
2003-01-06,48.69694519042969
2003-01-07,39.44212341308594
2003-01-08,33.63992691040039
2003-01-09,29.44353675842285
2003-01-10,26.6020450592041
2003-01-11,24.707500457763672
2003-01-12,23.44075584411621
2003-01-13,22.335689544677734
2003-01-14,21.077167510986328
2003-01-15,20.093128204345703
2003-01-16,19.495065689086914
2003-01-17,19.021121978759766
2003-01-18,18.834993362426758
2003-01-19,18.288307189941406
2003-01-20,17.72013282775879
2003-01-21,17.172164916992188
2003-01-22,16.899005889892578
2003-01-23,17.03184700012207
2003-01-24,17.1776180267334
2003-01-25,16.820632934570312
2003-01-26,16.325428009033203
2003-01-27,16.181272506713867
2003-01-28,15.883221626281738
2003-01-29,15.832466125488281
2003-01-30,24.134435653686523
2003-01-31,51.441436767578125
2003-02-01,70.60465240478516
2003-02-02,60.120296478271484
2003-02-03,46.03371810913086
2003-02-04,37.780357360839844
2003-02-05,36.132911682128906
2003-02-06,35.20702362060547
2003-02-07,46.08440017700195
2003-02-08,72.2268295288086
2003-02-09,75.77632141113281
2003-02-10,61.701560974121094
2003-02-11,57.22991180419922
2003-02-12,55.177406311035156
2003-02-13,46.6862678527832
2003-02-14,38.76058578491211
2003-02-15,35.25400161743164
2003-02-16,43.95696258544922
2003-02-17,62.7255859375
2003-02-18,69.73419189453125
2003-02-19,66.01641082763672
2003-02-20,63.87689208984375
2003-02-21,60.84858322143555
2003-02-22,74.55876922607422
2003-02-23,146.10397338867188
2003-02-24,209.04910278320312
2003-02-25,154.88429260253906
2003-02-26,94.35404968261719
2003-02-27,74.03518676757812
2003-02-28,95.70316314697266
2003-03-01,125.82383728027344
2003-03-02,147.91366577148438
2003-03-03,178.36758422851562
2003-03-04,161.04185485839844
2003-03-05,111.75337982177734
2003-03-06,115.28463745117188
2003-03-07,160.9163055419922
2003-03-08,159.36700439453125
2003-03-09,115.39830780029297
2003-03-10,82.50665283203125
2003-03-11,63.054710388183594
2003-03-12,50.97695541381836
2003-03-13,43.89985656738281
2003-03-14,41.938907623291016
2003-03-15,42.91499328613281
2003-03-16,63.462371826171875
2003-03-17,122.73357391357422
2003-03-18,145.29254150390625
2003-03-19,106.12943267822266
2003-03-20,191.599609375
2003-03-21,462.88726806640625
2003-03-22,523.7523803710938
2003-03-23,301.86834716796875
2003-03-24,157.1629638671875
2003-03-25,98.46722412109375
2003-03-26,72.43315124511719
2003-03-27,59.400611877441406
2003-03-28,51.56093978881836
2003-03-29,45.964725494384766
2003-03-30,66.13607788085938
2003-03-31,114.76834106445312
2003-04-01,126.91047668457031
2003-04-02,90.98626708984375
2003-04-03,65.1376953125
2003-04-04,51.303829193115234
2003-04-05,44.093013763427734
2003-04-06,40.67129135131836
2003-04-07,62.92317199707031
2003-04-08,151.75381469726562
2003-04-09,268.2137145996094
2003-04-10,506.0771179199219
2003-04-11,776.94384765625
2003-04-12,636.1822509765625
2003-04-13,359.9947509765625
2003-04-14,187.29592895507812
2003-04-15,114.74984741210938
2003-04-16,83.20217895507812
2003-04-17,66.51690673828125
2003-04-18,56.856834411621094
2003-04-19,52.68550109863281
2003-04-20,52.473731994628906
2003-04-21,49.58290100097656
2003-04-22,45.24850082397461
2003-04-23,41.741756439208984
2003-04-24,38.28755569458008
2003-04-25,35.355018615722656
2003-04-26,36.91163635253906
2003-04-27,43.55719757080078
2003-04-28,46.05779266357422
2003-04-29,40.770042419433594
2003-04-30,36.44804763793945
2003-05-01,35.80958557128906
2003-05-02,36.64829635620117
2003-05-03,36.01804733276367
2003-05-04,34.83277893066406
2003-05-05,34.16098403930664
2003-05-06,36.224388122558594
2003-05-07,40.533912658691406
2003-05-08,41.305152893066406
2003-05-09,36.36070251464844
2003-05-10,31.0607852935791
2003-05-11,27.518417358398438
2003-05-12,25.269664764404297
2003-05-13,23.44929313659668
2003-05-14,21.58548927307129
2003-05-15,21.402936935424805
2003-05-16,26.312606811523438
2003-05-17,32.60127258300781
2003-05-18,32.67241287231445
2003-05-19,36.06422805786133
2003-05-20,47.66565704345703
2003-05-21,50.623008728027344
2003-05-22,74.12690734863281
2003-05-23,178.34669494628906
2003-05-24,255.55880737304688
2003-05-25,209.50306701660156
2003-05-26,200.96580505371094
2003-05-27,261.16339111328125
2003-05-28,217.96817016601562
2003-05-29,145.36676025390625
2003-05-30,98.51325988769531
2003-05-31,75.5790786743164
2003-06-01,65.935302734375
2003-06-02,59.407623291015625
2003-06-03,49.12825012207031
2003-06-04,54.45163345336914
2003-06-05,87.43102264404297
2003-06-06,97.57003784179688
2003-06-07,96.67092895507812
2003-06-08,196.33990478515625
2003-06-09,299.23260498046875
2003-06-10,205.93678283691406
2003-06-11,118.71747589111328
2003-06-12,84.47550964355469
2003-06-13,85.05946350097656
2003-06-14,80.53981018066406
2003-06-15,61.91143035888672
2003-06-16,67.14854431152344
2003-06-17,103.02870178222656
2003-06-18,125.98413848876953
2003-06-19,118.37428283691406
2003-06-20,103.65454864501953
2003-06-21,87.51538848876953
2003-06-22,65.58316802978516
2003-06-23,48.98451614379883
2003-06-24,39.413482666015625
2003-06-25,33.45216751098633
2003-06-26,29.44855308532715
2003-06-27,26.54570770263672
2003-06-28,24.910335540771484
2003-06-29,24.657180786132812
2003-06-30,24.645761489868164
2003-07-01,24.99494171142578
2003-07-02,44.90956115722656
2003-07-03,99.40370178222656
2003-07-04,126.07533264160156
2003-07-05,87.58706665039062
2003-07-06,55.26422119140625
2003-07-07,41.80110549926758
2003-07-08,38.94303894042969
2003-07-09,36.623268127441406
2003-07-10,33.6500129699707
2003-07-11,31.741451263427734
2003-07-12,29.632774353027344
2003-07-13,29.66008186340332
2003-07-14,49.97710418701172
2003-07-15,81.86404418945312
2003-07-16,71.6421127319336
2003-07-17,50.48550033569336
2003-07-18,38.88786697387695
2003-07-19,32.032928466796875
2003-07-20,29.001327514648438
2003-07-21,26.58220100402832
2003-07-22,25.03736114501953
2003-07-23,30.114398956298828
2003-07-24,39.989845275878906
2003-07-25,39.85560989379883
2003-07-26,31.386653900146484
2003-07-27,25.031509399414062
2003-07-28,21.42050552368164
2003-07-29,19.770496368408203
2003-07-30,26.010107040405273
2003-07-31,42.24616622924805
2003-08-01,52.71781921386719
2003-08-02,54.693603515625
2003-08-03,57.58155822753906
2003-08-04,73.1365966796875
2003-08-05,115.30182647705078
2003-08-06,149.1915283203125
2003-08-07,139.76904296875
2003-08-08,110.50226593017578
2003-08-09,105.10514831542969
2003-08-10,158.56748962402344
2003-08-11,232.85507202148438
2003-08-12,197.90658569335938
2003-08-13,137.26527404785156
2003-08-14,102.5630111694336
2003-08-15,84.6476058959961
2003-08-16,69.67935943603516
2003-08-17,58.83369445800781
2003-08-18,56.480438232421875
2003-08-19,58.64809036254883
2003-08-20,53.59610366821289
2003-08-21,42.636558532714844
2003-08-22,34.71923065185547
2003-08-23,31.823591232299805
2003-08-24,33.484375
2003-08-25,37.37447738647461
2003-08-26,35.80519485473633
2003-08-27,29.62769317626953
2003-08-28,24.714868545532227
2003-08-29,21.785503387451172
2003-08-30,20.801605224609375
2003-08-31,24.26087188720703
2003-09-01,34.74993896484375
2003-09-02,40.15357208251953
2003-09-03,32.62949752807617
2003-09-04,30.359901428222656
2003-09-05,52.8912239074707
2003-09-06,71.79373168945312
2003-09-07,52.66533279418945
2003-09-08,35.77042007446289
2003-09-09,29.031391143798828
2003-09-10,25.190811157226562
2003-09-11,22.047914505004883
2003-09-12,19.712310791015625
2003-09-13,18.286151885986328
2003-09-14,17.38986587524414
2003-09-15,16.70928955078125
2003-09-16,16.204395294189453
2003-09-17,15.57175350189209
2003-09-18,19.0627384185791
2003-09-19,43.40147018432617
2003-09-20,71.70005798339844
2003-09-21,58.525875091552734
2003-09-22,39.39012908935547
2003-09-23,42.237083435058594
2003-09-24,94.1911392211914
2003-09-25,105.51057434082031
2003-09-26,70.84667205810547
2003-09-27,44.001312255859375
2003-09-28,32.287837982177734
2003-09-29,27.032146453857422
2003-09-30,24.025285720825195
2003-10-01,21.70132064819336
2003-10-02,20.125587463378906
2003-10-03,18.952510833740234
2003-10-04,17.989700317382812
2003-10-05,17.13756561279297
2003-10-06,16.44476318359375
2003-10-07,15.838491439819336
2003-10-08,15.476359367370605
2003-10-09,15.83610725402832
2003-10-10,17.015731811523438
2003-10-11,18.282028198242188
2003-10-12,18.828081130981445
2003-10-13,18.300636291503906
2003-10-14,17.19805145263672
2003-10-15,16.89763641357422
2003-10-16,17.303821563720703
2003-10-17,16.875492095947266
2003-10-18,15.879210472106934
2003-10-19,15.062307357788086
2003-10-20,14.345458030700684
2003-10-21,13.726184844970703
2003-10-22,13.317501068115234
2003-10-23,13.106285095214844
2003-10-24,12.916786193847656
2003-10-25,12.592334747314453
2003-10-26,12.512161254882812
2003-10-27,12.863533020019531
2003-10-28,14.601656913757324
2003-10-29,23.91802406311035
2003-10-30,35.64017105102539
2003-10-31,34.843116760253906
2003-11-01,27.08049774169922
2003-11-02,21.811304092407227
2003-11-03,18.969331741333008
2003-11-04,17.399995803833008
2003-11-05,16.474454879760742
2003-11-06,15.888917922973633
2003-11-07,16.36268424987793
2003-11-08,17.93935775756836
2003-11-09,18.28569793701172
2003-11-10,17.285541534423828
2003-11-11,16.256107330322266
2003-11-12,15.633590698242188
2003-11-13,14.875057220458984
2003-11-14,14.259761810302734
2003-11-15,13.780221939086914
2003-11-16,13.649148941040039
2003-11-17,13.723320960998535
2003-11-18,13.545259475708008
2003-11-19,14.842527389526367
2003-11-20,21.418733596801758
2003-11-21,27.237468719482422
2003-11-22,24.663013458251953
2003-11-23,20.55556869506836
2003-11-24,18.109607696533203
2003-11-25,16.941835403442383
2003-11-26,16.59322166442871
2003-11-27,16.058364868164062
2003-11-28,16.303512573242188
2003-11-29,19.612205505371094
2003-11-30,22.915668487548828
2003-12-01,20.945688247680664
2003-12-02,18.259475708007812
2003-12-03,16.608781814575195
2003-12-04,16.019317626953125
2003-12-05,17.142919540405273
2003-12-06,20.50910186767578
2003-12-07,22.841632843017578
2003-12-08,21.633399963378906
2003-12-09,19.625825881958008
2003-12-10,22.983976364135742
2003-12-11,43.25843048095703
2003-12-12,60.71906661987305
2003-12-13,51.44074249267578
2003-12-14,47.07206344604492
2003-12-15,70.13526916503906
2003-12-16,86.72244262695312
2003-12-17,71.35891723632812
2003-12-18,64.53084564208984
2003-12-19,60.05624008178711
2003-12-20,48.238468170166016
2003-12-21,39.044803619384766
2003-12-22,34.275421142578125
2003-12-23,33.16933822631836
2003-12-24,31.815656661987305
2003-12-25,29.97086524963379
2003-12-26,28.151769638061523
2003-12-27,25.610782623291016
2003-12-28,23.69701385498047
2003-12-29,22.581073760986328
2003-12-30,21.891746520996094
2003-12-31,21.33065414428711
2004-01-01,20.68374252319336
2004-01-02,20.067962646484375
2004-01-03,19.66501235961914
2004-01-04,19.285419464111328
2004-01-05,19.44830322265625
2004-01-06,21.538780212402344
2004-01-07,23.950149536132812
2004-01-08,22.89272117614746
2004-01-09,21.204200744628906
2004-01-10,21.434354782104492
2004-01-11,21.855485916137695
2004-01-12,20.92886734008789
2004-01-13,20.628692626953125
2004-01-14,20.34969139099121
2004-01-15,19.55497932434082
2004-01-16,18.666929244995117
2004-01-17,18.0217342376709
2004-01-18,17.994083404541016
2004-01-19,20.122417449951172
2004-01-20,22.214515686035156
2004-01-21,21.163999557495117
2004-01-22,19.519662857055664
2004-01-23,18.39429473876953
2004-01-24,17.618885040283203
2004-01-25,19.04337501525879
2004-01-26,25.31591033935547
2004-01-27,29.941198348999023
2004-01-28,29.378578186035156
2004-01-29,28.606096267700195
2004-01-30,29.575979232788086
2004-01-31,31.549654006958008
2004-02-01,30.301328659057617
2004-02-02,27.030332565307617
2004-02-03,30.282243728637695
2004-02-04,49.1037483215332
2004-02-05,62.54608154296875
2004-02-06,55.08427047729492
2004-02-07,86.12528991699219
2004-02-08,131.13784790039062
2004-02-09,105.28215026855469
2004-02-10,70.58540344238281
2004-02-11,52.340152740478516
2004-02-12,44.528236389160156
2004-02-13,45.858463287353516
2004-02-14,46.340152740478516
2004-02-15,43.028900146484375
2004-02-16,47.638206481933594
2004-02-17,52.99939727783203
2004-02-18,47.693538665771484
2004-02-19,44.019168853759766
2004-02-20,42.18490982055664
2004-02-21,39.45679473876953
2004-02-22,35.847740173339844
2004-02-23,32.19321823120117
2004-02-24,29.30266571044922
2004-02-25,27.360300064086914
2004-02-26,26.165584564208984
2004-02-27,32.29857635498047
2004-02-28,47.05909729003906
2004-02-29,49.917423248291016
2004-03-01,42.154144287109375
2004-03-02,36.694854736328125
2004-03-03,33.983680725097656
2004-03-04,32.28755569458008
2004-03-05,29.95522689819336
2004-03-06,28.575292587280273
2004-03-07,29.941978454589844
2004-03-08,31.289960861206055
2004-03-09,28.980640411376953
2004-03-10,26.571773529052734
2004-03-11,24.922710418701172
2004-03-12,23.2360782623291
2004-03-13,22.30105972290039
2004-03-14,21.470548629760742
2004-03-15,21.374799728393555
2004-03-16,26.225496292114258
2004-03-17,37.93315887451172
2004-03-18,47.037384033203125
2004-03-19,45.3408317565918
2004-03-20,39.60775375366211
2004-03-21,33.31840515136719
2004-03-22,29.300525665283203
2004-03-23,26.36574935913086
2004-03-24,24.04746437072754
2004-03-25,22.513225555419922
2004-03-26,21.5693359375
2004-03-27,20.87630844116211
2004-03-28,20.3521671295166
2004-03-29,19.7762393951416
2004-03-30,19.128978729248047
2004-03-31,20.007869720458984
2004-04-01,25.63800811767578
2004-04-02,32.06301498413086
2004-04-03,31.266563415527344
2004-04-04,27.151905059814453
2004-04-05,23.806838989257812
2004-04-06,21.308761596679688
2004-04-07,19.744400024414062
2004-04-08,18.884662628173828
2004-04-09,18.189960479736328
2004-04-10,17.489774703979492
2004-04-11,17.046537399291992
2004-04-12,22.45535659790039
2004-04-13,50.911903381347656
2004-04-14,87.19999694824219
2004-04-15,83.91720581054688
2004-04-16,60.648738861083984
2004-04-17,42.628868103027344
2004-04-18,33.0406608581543
2004-04-19,27.705307006835938
2004-04-20,24.291357040405273
2004-04-21,21.916698455810547
2004-04-22,20.36904525756836
2004-04-23,19.244516372680664
2004-04-24,18.21507453918457
2004-04-25,17.32009506225586
2004-04-26,17.04983139038086
2004-04-27,18.24091911315918
2004-04-28,19.41838836669922
2004-04-29,17.99960708618164
2004-04-30,16.4129581451416
2004-05-01,16.09780502319336
2004-05-02,20.265514373779297
2004-05-03,34.62086868286133
2004-05-04,53.002933502197266
2004-05-05,51.94741439819336
2004-05-06,37.4583625793457
2004-05-07,28.02743911743164
2004-05-08,22.548933029174805
2004-05-09,19.021310806274414
2004-05-10,17.134057998657227
2004-05-11,16.270912170410156
2004-05-12,15.326777458190918
2004-05-13,14.191610336303711
2004-05-14,13.317242622375488
2004-05-15,12.546136856079102
2004-05-16,11.771492958068848
2004-05-17,11.293174743652344
2004-05-18,11.339079856872559
2004-05-19,11.639598846435547
2004-05-20,12.10607624053955
2004-05-21,12.319284439086914
2004-05-22,12.054746627807617
2004-05-23,11.753507614135742
2004-05-24,11.623513221740723
2004-05-25,11.474278450012207
2004-05-26,10.649133682250977
2004-05-27,9.674376487731934
2004-05-28,9.403203964233398
2004-05-29,9.374404907226562
2004-05-30,9.325648307800293
2004-05-31,10.174951553344727
2004-06-01,10.75144100189209
2004-06-02,9.933483123779297
2004-06-03,8.797470092773438
2004-06-04,9.223552703857422
2004-06-05,14.515592575073242
2004-06-06,20.428136825561523
2004-06-07,17.068445205688477
2004-06-08,15.51754379272461
2004-06-09,21.505556106567383
2004-06-10,24.010093688964844
2004-06-11,18.00412940979004
2004-06-12,13.944114685058594
2004-06-13,11.947339057922363
2004-06-14,10.604732513427734
2004-06-15,9.78434944152832
2004-06-16,10.669418334960938
2004-06-17,14.037394523620605
2004-06-18,14.70633602142334
2004-06-19,12.483081817626953
2004-06-20,11.094369888305664
2004-06-21,10.111821174621582
2004-06-22,8.86894702911377
2004-06-23,8.637799263000488
2004-06-24,10.577969551086426
2004-06-25,13.224663734436035
2004-06-26,15.103804588317871
2004-06-27,17.76521110534668
2004-06-28,17.955595016479492
2004-06-29,16.203367233276367
2004-06-30,14.664538383483887
2004-07-01,12.836158752441406
2004-07-02,11.63326644897461
2004-07-03,11.628949165344238
2004-07-04,13.322139739990234
2004-07-05,15.389144897460938
2004-07-06,15.261797904968262
2004-07-07,13.06019401550293
2004-07-08,11.348747253417969
2004-07-09,12.47957992553711
2004-07-10,12.999587059020996
2004-07-11,11.284160614013672
2004-07-12,10.736902236938477
2004-07-13,10.58116626739502
2004-07-14,9.897669792175293
2004-07-15,8.849349021911621
2004-07-16,7.8073530197143555
2004-07-17,7.0254807472229
2004-07-18,7.351546287536621
2004-07-19,10.670032501220703
2004-07-20,13.58189582824707
2004-07-21,12.138992309570312
2004-07-22,9.69834041595459
2004-07-23,8.779187202453613
2004-07-24,9.053186416625977
2004-07-25,9.083629608154297
2004-07-26,8.459845542907715
2004-07-27,9.189738273620605
2004-07-28,12.637333869934082
2004-07-29,21.12358856201172
2004-07-30,32.06867218017578
2004-07-31,31.14992904663086
2004-08-01,20.751535415649414
2004-08-02,14.898813247680664
2004-08-03,13.676569938659668
2004-08-04,13.326175689697266
2004-08-05,11.559135437011719
2004-08-06,9.852886199951172
2004-08-07,8.86137580871582
2004-08-08,7.809809684753418
2004-08-09,6.937358856201172
2004-08-10,6.293948173522949
2004-08-11,5.868084907531738
2004-08-12,6.19840145111084
2004-08-13,8.559549331665039
2004-08-14,15.463638305664062
2004-08-15,30.487550735473633
2004-08-16,38.15823745727539
2004-08-17,26.77787208557129
2004-08-18,18.331218719482422
2004-08-19,15.089945793151855
2004-08-20,12.64779281616211
2004-08-21,10.777015686035156
2004-08-22,12.170516967773438
2004-08-23,14.065716743469238
2004-08-24,11.875677108764648
2004-08-25,9.438417434692383
2004-08-26,7.835933208465576
2004-08-27,6.803359508514404
2004-08-28,6.153048515319824
2004-08-29,5.778524398803711
2004-08-30,20.559980392456055
2004-08-31,64.82044219970703
2004-09-01,74.22215270996094
2004-09-02,39.54535675048828
2004-09-03,22.68963050842285
2004-09-04,15.015386581420898
2004-09-05,11.487128257751465
2004-09-06,10.620771408081055
2004-09-07,17.169261932373047
2004-09-08,54.57976150512695
2004-09-09,116.43511962890625
2004-09-10,117.15324401855469
2004-09-11,67.69105529785156
2004-09-12,36.34785079956055
2004-09-13,23.468889236450195
2004-09-14,18.176387786865234
2004-09-15,16.52906608581543
2004-09-16,15.47973346710205
2004-09-17,18.622108459472656
2004-09-18,37.558197021484375
2004-09-19,58.5286865234375
2004-09-20,48.94202423095703
2004-09-21,32.43861389160156
2004-09-22,22.535953521728516
2004-09-23,17.53982925415039
2004-09-24,14.558570861816406
2004-09-25,12.632881164550781
2004-09-26,11.284872055053711
2004-09-27,10.670145988464355
2004-09-28,20.255001068115234
2004-09-29,62.191062927246094
2004-09-30,91.45498657226562
2004-10-01,63.95751953125
2004-10-02,43.61464309692383
2004-10-03,38.050453186035156
2004-10-04,32.17631530761719
2004-10-05,25.418302536010742
2004-10-06,20.63443374633789
2004-10-07,17.69626808166504
2004-10-08,15.521307945251465
2004-10-09,14.035563468933105
2004-10-10,13.025182723999023
2004-10-11,12.22677230834961
2004-10-12,11.639459609985352
2004-10-13,12.578545570373535
2004-10-14,16.145723342895508
2004-10-15,18.59427833557129
2004-10-16,17.922443389892578
2004-10-17,15.920920372009277
2004-10-18,13.969234466552734
2004-10-19,12.89169979095459
2004-10-20,13.063043594360352
2004-10-21,13.812503814697266
2004-10-22,13.657371520996094
2004-10-23,12.889244079589844
2004-10-24,12.228732109069824
2004-10-25,12.01752758026123
2004-10-26,12.046611785888672
2004-10-27,11.808313369750977
2004-10-28,11.472551345825195
2004-10-29,11.350910186767578
2004-10-30,11.278729438781738
2004-10-31,11.02356243133545
2004-11-01,10.561517715454102
2004-11-02,10.184195518493652
2004-11-03,9.880844116210938
2004-11-04,10.37578010559082
2004-11-05,13.826546669006348
2004-11-06,19.40407371520996
2004-11-07,18.63028907775879
2004-11-08,15.491726875305176
2004-11-09,13.325387001037598
2004-11-10,12.146591186523438
2004-11-11,11.514177322387695
2004-11-12,16.513761520385742
2004-11-13,43.10359573364258
2004-11-14,69.93189239501953
2004-11-15,51.49728012084961
2004-11-16,33.84479522705078
2004-11-17,25.226390838623047
2004-11-18,21.018856048583984
2004-11-19,18.54300308227539
2004-11-20,16.974626541137695
2004-11-21,16.046775817871094
2004-11-22,15.284259796142578
2004-11-23,16.49905776977539
2004-11-24,28.334503173828125
2004-11-25,54.52655792236328
2004-11-26,67.05181884765625
2004-11-27,52.470916748046875
2004-11-28,42.95613098144531
2004-11-29,50.11319351196289
2004-11-30,51.126991271972656
2004-12-01,40.34046173095703
2004-12-02,33.87328338623047
2004-12-03,30.011415481567383
2004-12-04,26.123931884765625
2004-12-05,23.097774505615234
2004-12-06,21.153160095214844
2004-12-07,20.242969512939453
2004-12-08,20.492835998535156
2004-12-09,21.387683868408203
2004-12-10,53.260372161865234
2004-12-11,144.16156005859375
2004-12-12,165.71475219726562
2004-12-13,105.40170288085938
2004-12-14,63.26645278930664
2004-12-15,43.97511291503906
2004-12-16,34.68460464477539
2004-12-17,28.911479949951172
2004-12-18,25.64131736755371
2004-12-19,23.48381233215332
2004-12-20,22.36536407470703
2004-12-21,21.601055145263672
2004-12-22,20.405513763427734
2004-12-23,20.83324432373047
2004-12-24,25.892162322998047
2004-12-25,31.084491729736328
2004-12-26,28.951560974121094
2004-12-27,25.309518814086914
2004-12-28,22.73868179321289
2004-12-29,20.870159149169922
2004-12-30,19.681245803833008
2004-12-31,18.964570999145508
2005-01-01,18.403358459472656
2005-01-02,17.86833381652832
2005-01-03,17.445499420166016
2005-01-04,17.048572540283203
2005-01-05,16.634981155395508
2005-01-06,16.3668212890625
2005-01-07,16.081146240234375
2005-01-08,15.804473876953125
2005-01-09,15.6428804397583
2005-01-10,15.554876327514648
2005-01-11,15.282537460327148
2005-01-12,14.989114761352539
2005-01-13,14.947524070739746
2005-01-14,48.359962463378906
2005-01-15,128.66763305664062
2005-01-16,148.40530395507812
2005-01-17,93.94158935546875
2005-01-18,60.055702209472656
2005-01-19,43.273582458496094
2005-01-20,34.08209991455078
2005-01-21,29.162721633911133
2005-01-22,26.797100067138672
2005-01-23,25.306615829467773
2005-01-24,24.00316619873047
2005-01-25,22.671627044677734
2005-01-26,22.396305084228516
2005-01-27,22.86334800720215
2005-01-28,22.867008209228516
2005-01-29,21.736557006835938
2005-01-30,21.935197830200195
2005-01-31,25.690689086914062
2005-02-01,28.71425437927246
2005-02-02,27.567832946777344
2005-02-03,27.7508602142334
2005-02-04,37.58808517456055
2005-02-05,47.557334899902344
2005-02-06,43.183712005615234
2005-02-07,35.417930603027344
2005-02-08,29.96377182006836
2005-02-09,26.983245849609375
2005-02-10,25.60561752319336
2005-02-11,24.76119613647461
2005-02-12,23.38792610168457
2005-02-13,21.730772018432617
2005-02-14,21.41622543334961
2005-02-15,25.03162384033203
2005-02-16,28.910655975341797
2005-02-17,27.307132720947266
2005-02-18,24.44695472717285
2005-02-19,22.3310604095459
2005-02-20,20.72281265258789
2005-02-21,20.08907699584961
2005-02-22,20.48322105407715
2005-02-23,21.157581329345703
2005-02-24,22.632173538208008
2005-02-25,30.32236671447754
2005-02-26,37.07558822631836
2005-02-27,33.18311309814453
2005-02-28,40.213829040527344
2005-03-01,75.3863754272461
2005-03-02,95.98934936523438
2005-03-03,76.18277740478516
2005-03-04,54.64997863769531
2005-03-05,41.834346771240234
2005-03-06,35.6163215637207
2005-03-07,31.55880355834961
2005-03-08,40.27934265136719
2005-03-09,56.073829650878906
2005-03-10,56.69684982299805
2005-03-11,46.879127502441406
2005-03-12,40.19295120239258
2005-03-13,35.58209228515625
2005-03-14,31.933063507080078
2005-03-15,30.422353744506836
2005-03-16,32.29855728149414
2005-03-17,56.39739227294922
2005-03-18,86.14881896972656
2005-03-19,84.99877166748047
2005-03-20,65.44686889648438
2005-03-21,50.49428939819336
2005-03-22,41.244136810302734
2005-03-23,40.61565017700195
2005-03-24,56.513404846191406
2005-03-25,72.46401977539062
2005-03-26,61.87965774536133
2005-03-27,47.913734436035156
2005-03-28,79.4157485961914
2005-03-29,174.89393615722656
2005-03-30,192.41262817382812
2005-03-31,127.3849868774414
2005-04-01,82.73828125
2005-04-02,64.7145767211914
2005-04-03,59.16455841064453
2005-04-04,53.873565673828125
2005-04-05,45.41070556640625
2005-04-06,38.73594665527344
2005-04-07,34.970909118652344
2005-04-08,41.99859619140625
2005-04-09,63.2416877746582
2005-04-10,67.91798400878906
2005-04-11,52.16584777832031
2005-04-12,41.085304260253906
2005-04-13,36.375213623046875
2005-04-14,38.39213180541992
2005-04-15,40.23065185546875
2005-04-16,36.03107833862305
2005-04-17,31.150373458862305
2005-04-18,27.866540908813477
2005-04-19,25.824745178222656
2005-04-20,24.269214630126953
2005-04-21,22.9987850189209
2005-04-22,21.83887481689453
2005-04-23,21.064409255981445
2005-04-24,20.859027862548828
2005-04-25,20.340566635131836
2005-04-26,19.346233367919922
2005-04-27,18.55184555053711
2005-04-28,17.842498779296875
2005-04-29,17.35366439819336
2005-04-30,18.060956954956055
2005-05-01,22.141199111938477
2005-05-02,28.236745834350586
2005-05-03,27.629680633544922
2005-05-04,23.673606872558594
2005-05-05,20.52093505859375
2005-05-06,19.70208740234375
2005-05-07,21.526493072509766
2005-05-08,22.219223022460938
2005-05-09,20.30577278137207
2005-05-10,18.08912467956543
2005-05-11,16.45583724975586
2005-05-12,15.413331031799316
2005-05-13,15.029678344726562
2005-05-14,15.019669532775879
2005-05-15,14.611202239990234
2005-05-16,14.176332473754883
2005-05-17,14.03869915008545
2005-05-18,13.325052261352539
2005-05-19,12.702219009399414
2005-05-20,13.28607177734375
2005-05-21,16.1439151763916
2005-05-22,18.608985900878906
2005-05-23,16.914827346801758
2005-05-24,14.72745418548584
2005-05-25,13.529739379882812
2005-05-26,12.571881294250488
2005-05-27,11.655295372009277
2005-05-28,10.75351619720459
2005-05-29,10.055866241455078
2005-05-30,9.570091247558594
2005-05-31,9.155461311340332
2005-06-01,8.951279640197754
2005-06-02,10.005537033081055
2005-06-03,14.206990242004395
2005-06-04,20.151233673095703
2005-06-05,21.082626342773438
2005-06-06,17.820093154907227
2005-06-07,15.543928146362305
2005-06-08,18.30809783935547
2005-06-09,24.122053146362305
2005-06-10,27.540973663330078
2005-06-11,26.19253158569336
2005-06-12,20.945945739746094
2005-06-13,15.827502250671387
2005-06-14,12.996424674987793
2005-06-15,11.459114074707031
2005-06-16,10.160746574401855
2005-06-17,8.98942756652832
2005-06-18,8.13945198059082
2005-06-19,7.545519828796387
2005-06-20,7.218564987182617
2005-06-21,7.005589485168457
2005-06-22,6.844321250915527
2005-06-23,6.663975715637207
2005-06-24,6.370528221130371
2005-06-25,6.0224785804748535
2005-06-26,5.724215507507324
2005-06-27,5.569522857666016
2005-06-28,5.822328567504883
2005-06-29,6.75865364074707
2005-06-30,7.993998050689697
2005-07-01,8.06331729888916
2005-07-02,7.263052463531494
2005-07-03,6.556646347045898
2005-07-04,6.300264835357666
2005-07-05,6.974318504333496
2005-07-06,7.981143951416016
2005-07-07,8.212250709533691
2005-07-08,11.253707885742188
2005-07-09,17.53127670288086
2005-07-10,16.47445297241211
2005-07-11,11.479499816894531
2005-07-12,8.46683406829834
2005-07-13,7.333004474639893
2005-07-14,7.423081398010254
2005-07-15,8.155782699584961
2005-07-16,8.446333885192871
2005-07-17,7.919917106628418
2005-07-18,7.005819320678711
2005-07-19,6.20024299621582
2005-07-20,5.803830146789551
2005-07-21,5.940530776977539
2005-07-22,6.296837329864502
2005-07-23,6.603915214538574
2005-07-24,6.607604026794434
2005-07-25,5.964473724365234
2005-07-26,5.185336589813232
2005-07-27,4.590921878814697
2005-07-28,4.251744270324707
2005-07-29,5.1732401847839355
2005-07-30,9.387051582336426
2005-07-31,15.195449829101562
2005-08-01,16.967397689819336
2005-08-02,14.472686767578125
2005-08-03,10.783121109008789
2005-08-04,8.081693649291992
2005-08-05,6.542168140411377
2005-08-06,5.614871501922607
2005-08-07,5.1826653480529785
2005-08-08,5.212211608886719
2005-08-09,6.156061172485352
2005-08-10,9.537803649902344
2005-08-11,13.255332946777344
2005-08-12,12.344671249389648
2005-08-13,9.252718925476074
2005-08-14,7.5858235359191895
2005-08-15,7.325105667114258
2005-08-16,7.0169501304626465
2005-08-17,6.801181793212891
2005-08-18,7.41518497467041
2005-08-19,7.675424098968506
2005-08-20,7.436964511871338
2005-08-21,7.580713272094727
2005-08-22,7.49795389175415
2005-08-23,6.761899948120117
2005-08-24,6.255741596221924
2005-08-25,5.8992204666137695
2005-08-26,5.286006450653076
2005-08-27,4.670344352722168
2005-08-28,4.251640319824219
2005-08-29,4.001972675323486
2005-08-30,3.810228109359741
2005-08-31,3.692227363586426
2005-09-01,3.556161880493164
2005-09-02,3.3705544471740723
2005-09-03,3.1966888904571533
2005-09-04,3.033777952194214
2005-09-05,2.900899648666382
2005-09-06,2.8089423179626465
2005-09-07,2.7196388244628906
2005-09-08,2.6322250366210938
2005-09-09,2.5630617141723633
2005-09-10,2.5105347633361816
2005-09-11,2.4499804973602295
2005-09-12,2.3826448917388916
2005-09-13,2.3446545600891113
2005-09-14,2.358043909072876
2005-09-15,2.384218215942383
2005-09-16,2.373096466064453
2005-09-17,2.3592689037323
2005-09-18,2.3603498935699463
2005-09-19,2.314868450164795
2005-09-20,2.274750232696533
2005-09-21,2.377558708190918
2005-09-22,2.5879688262939453
2005-09-23,2.6580519676208496
2005-09-24,2.551664113998413
2005-09-25,2.3983981609344482
2005-09-26,2.346011161804199
2005-09-27,2.3701798915863037
2005-09-28,2.413534164428711
2005-09-29,2.3764312267303467
2005-09-30,2.296588182449341
2005-10-01,2.2956740856170654
2005-10-02,2.3079376220703125
2005-10-03,2.2541277408599854
2005-10-04,2.1719820499420166
2005-10-05,2.121853828430176
2005-10-06,2.1427531242370605
2005-10-07,2.677316665649414
2005-10-08,4.738550662994385
2005-10-09,7.990503787994385
2005-10-10,9.268400192260742
2005-10-11,7.998082160949707
2005-10-12,6.951836585998535
2005-10-13,6.420068740844727
2005-10-14,5.557888984680176
2005-10-15,4.668459415435791
2005-10-16,4.03610372543335
2005-10-17,3.5988824367523193
2005-10-18,3.3488876819610596
2005-10-19,3.2222232818603516
2005-10-20,3.0840039253234863
2005-10-21,2.9323580265045166
2005-10-22,2.8832273483276367
2005-10-23,3.045077323913574
2005-10-24,3.252364158630371
2005-10-25,3.2500240802764893
2005-10-26,3.12252140045166
2005-10-27,2.99759578704834
2005-10-28,2.940391778945923
2005-10-29,2.8926923274993896
2005-10-30,2.879410743713379
2005-10-31,2.9287467002868652
2005-11-01,2.960618257522583
2005-11-02,3.000999927520752
2005-11-03,2.9952449798583984
2005-11-04,3.0673341751098633
2005-11-05,3.078505039215088
2005-11-06,3.046273946762085
2005-11-07,3.025827646255493
2005-11-08,3.0115814208984375
2005-11-09,3.052236557006836
2005-11-10,3.0746352672576904
2005-11-11,3.1644129753112793
2005-11-12,3.3339266777038574
2005-11-13,3.445186138153076
2005-11-14,3.424989938735962
2005-11-15,3.3481054306030273
2005-11-16,3.329477548599243
2005-11-17,3.4473400115966797
2005-11-18,3.7158045768737793
2005-11-19,3.8570291996002197
2005-11-20,3.8432044982910156
2005-11-21,4.513011455535889
2005-11-22,10.635873794555664
2005-11-23,19.03265380859375
2005-11-24,17.361364364624023
2005-11-25,12.135431289672852
2005-11-26,8.82164478302002
2005-11-27,7.313971996307373
2005-11-28,7.450774192810059
2005-11-29,11.15593147277832
2005-11-30,21.734092712402344
2005-12-01,28.3332462310791
2005-12-02,20.566564559936523
2005-12-03,13.553174018859863
2005-12-04,10.387791633605957
2005-12-05,20.125741958618164
2005-12-06,61.56228256225586
2005-12-07,85.05817413330078
2005-12-08,55.640541076660156
2005-12-09,35.810035705566406
2005-12-10,32.330162048339844
2005-12-11,29.90981101989746
2005-12-12,24.06644058227539
2005-12-13,19.2767333984375
2005-12-14,16.10371208190918
2005-12-15,19.749496459960938
2005-12-16,53.62294387817383
2005-12-17,87.94673156738281
2005-12-18,67.93202209472656
2005-12-19,45.313655853271484
2005-12-20,31.711305618286133
2005-12-21,23.98973274230957
2005-12-22,19.52242660522461
2005-12-23,16.789302825927734
2005-12-24,15.207071304321289
2005-12-25,14.414911270141602
2005-12-26,15.12891960144043
2005-12-27,16.604721069335938
2005-12-28,15.992818832397461
2005-12-29,15.3742094039917
2005-12-30,16.10268783569336
2005-12-31,16.242586135864258
2006-01-01,15.333174705505371
2006-01-02,14.891214370727539
2006-01-03,18.669567108154297
2006-01-04,25.23779296875
2006-01-05,25.33395004272461
2006-01-06,22.270877838134766
2006-01-07,21.563655853271484
2006-01-08,20.54732894897461
2006-01-09,18.186105728149414
2006-01-10,16.32238006591797
2006-01-11,15.213714599609375
2006-01-12,15.634881973266602
2006-01-13,17.321321487426758
2006-01-14,18.08814239501953
2006-01-15,19.586820602416992
2006-01-16,19.75046157836914
2006-01-17,17.726037979125977
2006-01-18,18.593360900878906
2006-01-19,23.81263542175293
2006-01-20,25.98866081237793
2006-01-21,23.06517219543457
2006-01-22,21.67157745361328
2006-01-23,21.918149948120117
2006-01-24,22.97643280029297
2006-01-25,23.967609405517578
2006-01-26,21.499238967895508
2006-01-27,18.53015899658203
2006-01-28,16.490135192871094
2006-01-29,15.230172157287598
2006-01-30,14.56337833404541
2006-01-31,14.742060661315918
2006-02-01,14.810340881347656
2006-02-02,14.345903396606445
2006-02-03,14.158812522888184
2006-02-04,15.658968925476074
2006-02-05,18.719242095947266
2006-02-06,19.33974838256836
2006-02-07,17.500917434692383
2006-02-08,15.740312576293945
2006-02-09,14.551380157470703
2006-02-10,13.773843765258789
2006-02-11,13.547982215881348
2006-02-12,15.974148750305176
2006-02-13,19.96770477294922
2006-02-14,19.799577713012695
2006-02-15,17.836471557617188
2006-02-16,16.320457458496094
2006-02-17,15.158598899841309
2006-02-18,14.25932502746582
2006-02-19,14.045671463012695
2006-02-20,14.095319747924805
2006-02-21,13.657613754272461
2006-02-22,13.152790069580078
2006-02-23,15.179930686950684
2006-02-24,20.601377487182617
2006-02-25,22.938488006591797
2006-02-26,20.57666015625
2006-02-27,17.781131744384766
2006-02-28,15.836016654968262
2006-03-01,14.58956241607666
2006-03-02,13.75821304321289
2006-03-03,13.097862243652344
2006-03-04,12.502281188964844
2006-03-05,11.987203598022461
2006-03-06,11.665300369262695
2006-03-07,11.708937644958496
2006-03-08,11.806622505187988
2006-03-09,11.623417854309082
2006-03-10,11.426025390625
2006-03-11,11.352052688598633
2006-03-12,11.606379508972168
2006-03-13,11.713557243347168
2006-03-14,11.292274475097656
2006-03-15,10.836727142333984
2006-03-16,10.399932861328125
2006-03-17,9.995123863220215
2006-03-18,9.65066909790039
2006-03-19,9.367579460144043
2006-03-20,9.256568908691406
2006-03-21,10.385307312011719
2006-03-22,13.805368423461914
2006-03-23,16.53468132019043
2006-03-24,15.609703063964844
2006-03-25,13.985389709472656
2006-03-26,13.177978515625
2006-03-27,12.54697036743164
2006-03-28,11.808403015136719
2006-03-29,11.2816801071167
2006-03-30,10.838343620300293
2006-03-31,10.449316024780273
2006-04-01,10.204283714294434
2006-04-02,9.94678783416748
2006-04-03,9.767555236816406
2006-04-04,10.331578254699707
2006-04-05,11.017654418945312
2006-04-06,10.519851684570312
2006-04-07,9.739700317382812
2006-04-08,9.420615196228027
2006-04-09,9.933450698852539
2006-04-10,10.435628890991211
2006-04-11,9.848335266113281
2006-04-12,9.192153930664062
2006-04-13,8.746517181396484
2006-04-14,8.388448715209961
2006-04-15,8.085105895996094
2006-04-16,7.813563346862793
2006-04-17,7.625673294067383
2006-04-18,7.911375045776367
2006-04-19,8.205759048461914
2006-04-20,7.891355514526367
2006-04-21,7.424221992492676
2006-04-22,9.977286338806152
2006-04-23,19.82025146484375
2006-04-24,25.715038299560547
2006-04-25,18.936796188354492
2006-04-26,15.128357887268066
2006-04-27,22.093191146850586
2006-04-28,35.217586517333984
2006-04-29,35.43545913696289
2006-04-30,25.06621742248535
2006-05-01,17.946130752563477
2006-05-02,14.283500671386719
2006-05-03,12.013418197631836
2006-05-04,10.433663368225098
2006-05-05,9.32586669921875
2006-05-06,8.690847396850586
2006-05-07,9.152515411376953
2006-05-08,13.565213203430176
2006-05-09,18.864574432373047
2006-05-10,17.962749481201172
2006-05-11,14.208158493041992
2006-05-12,11.633565902709961
2006-05-13,10.136988639831543
2006-05-14,9.820261001586914
2006-05-15,11.907571792602539
2006-05-16,14.274996757507324
2006-05-17,13.54612922668457
2006-05-18,11.685731887817383
2006-05-19,10.895442008972168
2006-05-20,10.257112503051758
2006-05-21,9.549057006835938
2006-05-22,8.807378768920898
2006-05-23,7.922206878662109
2006-05-24,7.134816646575928
2006-05-25,6.531129360198975
2006-05-26,6.143147945404053
2006-05-27,5.894749164581299
2006-05-28,5.615365982055664
2006-05-29,5.245617866516113
2006-05-30,4.911919116973877
2006-05-31,4.681069850921631
2006-06-01,4.585481643676758
2006-06-02,4.897738456726074
2006-06-03,6.401637077331543
2006-06-04,8.340999603271484
2006-06-05,8.615802764892578
2006-06-06,7.68112850189209
2006-06-07,6.672428607940674
2006-06-08,5.861367225646973
2006-06-09,5.544717788696289
2006-06-10,5.314790725708008
2006-06-11,5.14284610748291
2006-06-12,6.905933380126953
2006-06-13,10.828675270080566
2006-06-14,20.53390884399414
2006-06-15,45.7940788269043
2006-06-16,53.83916091918945
2006-06-17,32.861209869384766
2006-06-18,18.69752311706543
2006-06-19,12.209856986999512
2006-06-20,9.028036117553711
2006-06-21,7.271335124969482
2006-06-22,6.2105393409729
2006-06-23,6.142209053039551
2006-06-24,9.542380332946777
2006-06-25,17.98489761352539
2006-06-26,26.283079147338867
2006-06-27,34.79466247558594
2006-06-28,53.91454315185547
2006-06-29,60.40592956542969
2006-06-30,42.44749069213867
2006-07-01,24.51190948486328
2006-07-02,15.625265121459961
2006-07-03,11.453104019165039
2006-07-04,9.356062889099121
2006-07-05,8.78338623046875
2006-07-06,17.729639053344727
2006-07-07,46.35835266113281
2006-07-08,53.70086669921875
2006-07-09,33.34080505371094
2006-07-10,19.659481048583984
2006-07-11,13.48599624633789
2006-07-12,10.356843948364258
2006-07-13,8.97822380065918
2006-07-14,9.256572723388672
2006-07-15,10.87868595123291
2006-07-16,11.57237434387207
2006-07-17,10.271968841552734
2006-07-18,8.29935359954834
2006-07-19,6.9094061851501465
2006-07-20,6.3277587890625
2006-07-21,6.399419784545898
2006-07-22,6.839428424835205
2006-07-23,9.504337310791016
2006-07-24,18.850753784179688
2006-07-25,26.370878219604492
2006-07-26,24.79091453552246
2006-07-27,20.070575714111328
2006-07-28,15.85765552520752
2006-07-29,12.340136528015137
2006-07-30,10.425403594970703
2006-07-31,9.911316871643066
2006-08-01,8.619832992553711
2006-08-02,7.0608696937561035
2006-08-03,6.0658745765686035
2006-08-04,5.503601551055908
2006-08-05,5.076881408691406
2006-08-06,4.665303707122803
2006-08-07,4.579003810882568
2006-08-08,4.8851399421691895
2006-08-09,4.901916980743408
2006-08-10,4.619447708129883
2006-08-11,4.388255596160889
2006-08-12,4.6172566413879395
2006-08-13,5.423758506774902
2006-08-14,5.574344158172607
2006-08-15,5.054577350616455
2006-08-16,4.790558815002441
2006-08-17,5.357954978942871
2006-08-18,5.893421649932861
2006-08-19,5.339582920074463
2006-08-20,4.4854512214660645
2006-08-21,3.970907211303711
2006-08-22,3.752772808074951
2006-08-23,3.897433280944824
2006-08-24,4.032787799835205
2006-08-25,3.8420205116271973
2006-08-26,3.5127952098846436
2006-08-27,3.199612617492676
2006-08-28,2.9300484657287598
2006-08-29,2.73347806930542
2006-08-30,2.9470958709716797
2006-08-31,5.0302863121032715
2006-09-01,10.656842231750488
2006-09-02,17.069599151611328
2006-09-03,17.739370346069336
2006-09-04,13.44544792175293
2006-09-05,11.709918975830078
2006-09-06,13.382889747619629
2006-09-07,13.844026565551758
2006-09-08,12.42323112487793
2006-09-09,10.220113754272461
2006-09-10,8.429591178894043
2006-09-11,7.046507835388184
2006-09-12,6.041913986206055
2006-09-13,5.911409378051758
2006-09-14,10.838258743286133
2006-09-15,30.73952865600586
2006-09-16,38.94595718383789
2006-09-17,26.954282760620117
2006-09-18,16.023082733154297
2006-09-19,11.324450492858887
2006-09-20,10.082189559936523
2006-09-21,9.69162368774414
2006-09-22,8.536447525024414
2006-09-23,7.4032182693481445
2006-09-24,6.627065658569336
2006-09-25,6.342782974243164
2006-09-26,6.7023749351501465
2006-09-27,6.747347831726074
2006-09-28,6.26317024230957
2006-09-29,6.202392578125
2006-09-30,6.576294898986816
2006-10-01,6.402653694152832
2006-10-02,5.887197971343994
2006-10-03,5.397892475128174
2006-10-04,5.0048089027404785
2006-10-05,4.6963582038879395
2006-10-06,4.828498840332031
2006-10-07,6.953578948974609
2006-10-08,11.063416481018066
2006-10-09,12.349980354309082
2006-10-10,11.447530746459961
2006-10-11,9.341090202331543
2006-10-12,7.767773628234863
2006-10-13,7.011702537536621
2006-10-14,6.579193592071533
2006-10-15,6.125659465789795
2006-10-16,5.709894180297852
2006-10-17,6.598658561706543
2006-10-18,13.092913627624512
2006-10-19,20.466909408569336
2006-10-20,19.336132049560547
2006-10-21,15.156418800354004
2006-10-22,12.657103538513184
2006-10-23,11.390674591064453
2006-10-24,10.582260131835938
2006-10-25,9.516082763671875
2006-10-26,8.499382019042969
2006-10-27,8.189580917358398
2006-10-28,12.179716110229492
2006-10-29,20.098203659057617
2006-10-30,22.04241943359375
2006-10-31,17.840572357177734
2006-11-01,13.831096649169922
2006-11-02,11.483235359191895
2006-11-03,10.128199577331543
2006-11-04,9.31397819519043
2006-11-05,8.757984161376953
2006-11-06,8.309730529785156
2006-11-07,10.921875
2006-11-08,24.252273559570312
2006-11-09,38.285037994384766
2006-11-10,38.65073776245117
2006-11-11,28.828996658325195
2006-11-12,27.30280876159668
2006-11-13,39.323665618896484
2006-11-14,43.654701232910156
2006-11-15,32.70068359375
2006-11-16,39.51024627685547
2006-11-17,82.9484634399414
2006-11-18,102.76492309570312
2006-11-19,69.29830932617188
2006-11-20,42.3005256652832
2006-11-21,32.33091735839844
2006-11-22,115.36408996582031
2006-11-23,280.6262512207031
2006-11-24,310.44915771484375
2006-11-25,179.4770965576172
2006-11-26,92.32166290283203
2006-11-27,56.36981201171875
2006-11-28,41.17008590698242
2006-11-29,33.556461334228516
2006-11-30,29.11675453186035
2006-12-01,27.40420913696289
2006-12-02,29.067028045654297
2006-12-03,29.133838653564453
2006-12-04,25.926958084106445
2006-12-05,23.223562240600586
2006-12-06,21.072507858276367
2006-12-07,19.49287986755371
2006-12-08,18.401653289794922
2006-12-09,17.569568634033203
2006-12-10,16.597532272338867
2006-12-11,15.919292449951172
2006-12-12,15.406930923461914
2006-12-13,14.983871459960938
2006-12-14,14.863664627075195
2006-12-15,14.902826309204102
2006-12-16,14.65290641784668
2006-12-17,14.31982421875
2006-12-18,14.02676773071289
2006-12-19,13.722261428833008
2006-12-20,13.376524925231934
2006-12-21,13.003365516662598
2006-12-22,16.48996925354004
2006-12-23,34.23338317871094
2006-12-24,52.69793701171875
2006-12-25,65.28636169433594
2006-12-26,107.93235778808594
2006-12-27,125.37067413330078
2006-12-28,87.38648986816406
2006-12-29,55.57191467285156
2006-12-30,39.682437896728516
2006-12-31,31.982145309448242
2007-01-01,32.57099914550781
2007-01-02,65.52262115478516
2007-01-03,92.20297241210938
2007-01-04,70.50492858886719
2007-01-05,47.69606018066406
2007-01-06,45.58885955810547
2007-01-07,64.2789535522461
2007-01-08,103.58114624023438
2007-01-09,147.64144897460938
2007-01-10,125.34308624267578
2007-01-11,82.12332916259766
2007-01-12,55.11507797241211
2007-01-13,42.12642288208008
2007-01-14,35.46653366088867
2007-01-15,31.295780181884766
2007-01-16,28.331439971923828
2007-01-17,26.38246726989746
2007-01-18,25.159364700317383
2007-01-19,24.589845657348633
2007-01-20,24.449203491210938
2007-01-21,23.795637130737305
2007-01-22,27.941341400146484
2007-01-23,37.07294845581055
2007-01-24,40.37616729736328
2007-01-25,35.40068435668945
2007-01-26,30.375795364379883
2007-01-27,26.78067970275879
2007-01-28,24.25567054748535
2007-01-29,22.757984161376953
2007-01-30,21.669578552246094
2007-01-31,20.450836181640625
2007-02-01,19.712495803833008
2007-02-02,20.679332733154297
2007-02-03,22.83505630493164
2007-02-04,23.157211303710938
2007-02-05,21.973087310791016
2007-02-06,20.861242294311523
2007-02-07,19.70030975341797
2007-02-08,18.72951316833496
2007-02-09,18.03118896484375
2007-02-10,17.498506546020508
2007-02-11,16.95555305480957
2007-02-12,16.476139068603516
2007-02-13,17.20854949951172
2007-02-14,41.299137115478516
2007-02-15,90.3112564086914
2007-02-16,87.36738586425781
2007-02-17,62.954471588134766
2007-02-18,45.741729736328125
2007-02-19,36.81150817871094
2007-02-20,31.346254348754883
2007-02-21,28.378925323486328
2007-02-22,26.746807098388672
2007-02-23,25.164304733276367
2007-02-24,23.227405548095703
2007-02-25,24.198448181152344
2007-02-26,33.9412956237793
2007-02-27,43.63508605957031
2007-02-28,39.04997634887695
2007-03-01,32.953330993652344
2007-03-02,75.50234985351562
2007-03-03,149.50860595703125
2007-03-04,143.06358337402344
2007-03-05,92.68550109863281
2007-03-06,60.023521423339844
2007-03-07,44.55708694458008
2007-03-08,36.23939895629883
2007-03-09,31.3829402923584
2007-03-10,28.175168991088867
2007-03-11,25.869707107543945
2007-03-12,24.483747482299805
2007-03-13,23.111047744750977
2007-03-14,21.888696670532227
2007-03-15,21.001371383666992
2007-03-16,33.198883056640625
2007-03-17,79.82968139648438
2007-03-18,111.05453491210938
2007-03-19,81.5848388671875
2007-03-20,53.89799880981445
2007-03-21,40.431427001953125
2007-03-22,33.676597595214844
2007-03-23,29.3946533203125
2007-03-24,26.41362762451172
2007-03-25,24.14657974243164
2007-03-26,22.39417839050293
2007-03-27,21.095909118652344
2007-03-28,20.13102912902832
2007-03-29,19.786611557006836
2007-03-30,21.482065200805664
2007-03-31,23.289682388305664
2007-04-01,22.21967124938965
2007-04-02,21.07439422607422
2007-04-03,20.207489013671875
2007-04-04,18.995328903198242
2007-04-05,17.861967086791992
2007-04-06,16.850278854370117
2007-04-07,16.047664642333984
2007-04-08,15.61716079711914
2007-04-09,15.034232139587402
2007-04-10,14.39377212524414
2007-04-11,14.360820770263672
2007-04-12,22.682994842529297
2007-04-13,39.74360656738281
2007-04-14,41.10051345825195
2007-04-15,66.5498275756836
2007-04-16,188.81971740722656
2007-04-17,250.26556396484375
2007-04-18,152.9969024658203
2007-04-19,86.78358459472656
2007-04-20,56.546791076660156
2007-04-21,42.2402229309082
2007-04-22,34.23989486694336
2007-04-23,29.263551712036133
2007-04-24,25.873275756835938
2007-04-25,23.359336853027344
2007-04-26,21.408708572387695
2007-04-27,19.94215965270996
2007-04-28,19.249614715576172
2007-04-29,18.74700927734375
2007-04-30,17.6533260345459
2007-05-01,16.45844841003418
2007-05-02,15.463634490966797
2007-05-03,14.467336654663086
2007-05-04,13.688277244567871
2007-05-05,13.4876127243042
2007-05-06,13.853584289550781
2007-05-07,14.150150299072266
2007-05-08,13.525690078735352
2007-05-09,13.211822509765625
2007-05-10,13.932842254638672
2007-05-11,13.922931671142578
2007-05-12,13.432523727416992
2007-05-13,13.809823989868164
2007-05-14,13.704203605651855
2007-05-15,12.680256843566895
2007-05-16,11.631896018981934
2007-05-17,10.869756698608398
2007-05-18,10.53880786895752
2007-05-19,10.353499412536621
2007-05-20,9.82870864868164
2007-05-21,9.287230491638184
2007-05-22,8.778019905090332
2007-05-23,8.293182373046875
2007-05-24,7.931268692016602
2007-05-25,7.639662742614746
2007-05-26,7.340472221374512
2007-05-27,7.001339435577393
2007-05-28,6.66802978515625
2007-05-29,6.322392463684082
2007-05-30,6.033646583557129
2007-05-31,5.803169250488281
2007-06-01,5.632524013519287
2007-06-02,5.536321640014648
2007-06-03,6.131155014038086
2007-06-04,9.267834663391113
2007-06-05,13.278789520263672
2007-06-06,12.57485580444336
2007-06-07,10.637561798095703
2007-06-08,9.169225692749023
2007-06-09,7.875518798828125
2007-06-10,6.939364910125732
2007-06-11,6.422015190124512
2007-06-12,6.712487697601318
2007-06-13,7.59510612487793
2007-06-14,7.831857204437256
2007-06-15,7.392792224884033
2007-06-16,6.836611747741699
2007-06-17,6.45634651184082
2007-06-18,6.206651210784912
2007-06-19,5.763820648193359
2007-06-20,5.366557598114014
2007-06-21,5.293144226074219
2007-06-22,5.303708076477051
2007-06-23,5.130908489227295
2007-06-24,4.892399311065674
2007-06-25,4.649510860443115
2007-06-26,4.72921085357666
2007-06-27,5.1497063636779785
2007-06-28,5.5191473960876465
2007-06-29,5.612573623657227
2007-06-30,5.567215919494629
2007-07-01,5.647631645202637
2007-07-02,5.489865779876709
2007-07-03,4.86181116104126
2007-07-04,4.289034366607666
2007-07-05,3.9662396907806396
2007-07-06,3.820559501647949
2007-07-07,3.8816449642181396
2007-07-08,4.016900062561035
2007-07-09,3.8783113956451416
2007-07-10,4.006228923797607
2007-07-11,5.266071319580078
2007-07-12,6.676749229431152
2007-07-13,6.398280620574951
2007-07-14,5.2313995361328125
2007-07-15,4.442518711090088
2007-07-16,3.9806430339813232
2007-07-17,3.781825065612793
2007-07-18,4.276108741760254
2007-07-19,5.369746208190918
2007-07-20,5.515578746795654
2007-07-21,4.885910511016846
2007-07-22,4.272696495056152
2007-07-23,3.7620668411254883
2007-07-24,3.5516185760498047
2007-07-25,3.6932029724121094
2007-07-26,4.067859649658203
2007-07-27,4.3711042404174805
2007-07-28,4.275520324707031
2007-07-29,4.0488433837890625
2007-07-30,4.0069732666015625
2007-07-31,5.092329978942871
2007-08-01,6.252838611602783
2007-08-02,5.435013771057129
2007-08-03,4.1669464111328125
2007-08-04,3.49920916557312
2007-08-05,3.222810745239258
2007-08-06,2.978834390640259
2007-08-07,2.738497495651245
2007-08-08,2.522153377532959
2007-08-09,2.3311524391174316
2007-08-10,2.1736888885498047
2007-08-11,2.0649313926696777
2007-08-12,2.0095114707946777
2007-08-13,1.9548234939575195
2007-08-14,1.8842705488204956
2007-08-15,1.800077199935913
2007-08-16,1.7131686210632324
2007-08-17,1.659448504447937
2007-08-18,1.6563644409179688
2007-08-19,1.6505862474441528
2007-08-20,1.5908935070037842
2007-08-21,1.533887267112732
2007-08-22,1.5734376907348633
2007-08-23,1.7545496225357056
2007-08-24,1.8629379272460938
2007-08-25,1.834733247756958
2007-08-26,1.765369176864624
2007-08-27,1.705641746520996
2007-08-28,1.6613857746124268
2007-08-29,1.6184399127960205
2007-08-30,1.5923194885253906
2007-08-31,1.6813795566558838
2007-09-01,1.7908490896224976
2007-09-02,1.7870103120803833
2007-09-03,1.6953314542770386
2007-09-04,1.582037091255188
2007-09-05,1.485705852508545
2007-09-06,1.4110679626464844
2007-09-07,1.3480091094970703
2007-09-08,1.293117642402649
2007-09-09,1.251509666442871
2007-09-10,1.2131448984146118
2007-09-11,1.186003565788269
2007-09-12,1.1725735664367676
2007-09-13,1.1517395973205566
2007-09-14,1.2202107906341553
2007-09-15,1.6394739151000977
2007-09-16,2.283571481704712
2007-09-17,2.340421676635742
2007-09-18,1.9858132600784302
2007-09-19,1.7543666362762451
2007-09-20,1.6465916633605957
2007-09-21,1.6048474311828613
2007-09-22,1.5944815874099731
2007-09-23,1.5617141723632812
2007-09-24,1.4867421388626099
2007-09-25,1.3856340646743774
2007-09-26,1.3152250051498413
2007-09-27,1.2649550437927246
2007-09-28,1.2163053750991821
2007-09-29,1.1635067462921143
2007-09-30,1.1237576007843018
2007-10-01,1.1052838563919067
2007-10-02,1.0960898399353027
2007-10-03,1.1060384511947632
2007-10-04,1.1298470497131348
2007-10-05,1.1509422063827515
2007-10-06,1.168519139289856
2007-10-07,1.1745529174804688
2007-10-08,1.1556984186172485
2007-10-09,1.1341135501861572
2007-10-10,1.127374291419983
2007-10-11,1.1073139905929565
2007-10-12,1.0836950540542603
2007-10-13,1.0662935972213745
2007-10-14,1.0610641241073608
2007-10-15,1.063878059387207
2007-10-16,1.0862950086593628
2007-10-17,1.1084954738616943
2007-10-18,1.1444048881530762
2007-10-19,1.1782772541046143
2007-10-20,1.3433259725570679
2007-10-21,1.6795101165771484
2007-10-22,1.785894513130188
2007-10-23,1.6953232288360596
2007-10-24,1.7389318943023682
2007-10-25,2.66721248626709
2007-10-26,10.643835067749023
2007-10-27,36.90922546386719
2007-10-28,43.43975067138672
2007-10-29,24.875539779663086
2007-10-30,11.954629898071289
2007-10-31,7.402340412139893
2007-11-01,5.645430564880371
2007-11-02,4.81624174118042
2007-11-03,4.2534871101379395
2007-11-04,3.891970634460449
2007-11-05,3.660496711730957
2007-11-06,3.4898409843444824
2007-11-07,3.3514013290405273
2007-11-08,3.2764039039611816
2007-11-09,3.2535347938537598
2007-11-10,3.2014143466949463
2007-11-11,3.163888931274414
2007-11-12,3.1731700897216797
2007-11-13,3.1595330238342285
2007-11-14,3.151553153991699
2007-11-15,3.2043380737304688
2007-11-16,3.5817770957946777
2007-11-17,4.148237228393555
2007-11-18,4.2683539390563965
2007-11-19,4.053947925567627
2007-11-20,3.831049919128418
2007-11-21,3.7052063941955566
2007-11-22,3.6031875610351562
2007-11-23,3.5547237396240234
2007-11-24,3.5868334770202637
2007-11-25,3.588279962539673
2007-11-26,3.567145824432373
2007-11-27,3.6259047985076904
2007-11-28,3.757266044616699
2007-11-29,3.8328919410705566
2007-11-30,3.808255672454834
2007-12-01,3.6979129314422607
2007-12-02,3.653545618057251
2007-12-03,3.627922773361206
2007-12-04,3.5661630630493164
2007-12-05,3.4927098751068115
2007-12-06,3.509918689727783
2007-12-07,3.507915735244751
2007-12-08,3.536705493927002
2007-12-09,3.5920329093933105
2007-12-10,3.616978645324707
2007-12-11,3.5857739448547363
2007-12-12,3.561184883117676
2007-12-13,3.500767469406128
2007-12-14,3.470996856689453
2007-12-15,3.47689151763916
2007-12-16,4.461980819702148
2007-12-17,7.316580772399902
2007-12-18,8.766298294067383
2007-12-19,7.8107194900512695
2007-12-20,6.727665901184082
2007-12-21,6.07650899887085
2007-12-22,5.772425651550293
2007-12-23,5.850631237030029
2007-12-24,6.143784999847412
2007-12-25,6.717396259307861
2007-12-26,6.928286075592041
2007-12-27,7.95290470123291
2007-12-28,8.930164337158203
2007-12-29,9.025181770324707
2007-12-30,14.531218528747559
2007-12-31,36.83462142944336
2008-01-01,53.219703674316406
2008-01-02,40.609928131103516
2008-01-03,25.131330490112305
2008-01-04,16.76944351196289
2008-01-05,12.60806655883789
2008-01-06,10.464065551757812
2008-01-07,9.317397117614746
2008-01-08,8.59509563446045
2008-01-09,8.048604965209961
2008-01-10,7.622891426086426
2008-01-11,7.603583335876465
2008-01-12,8.02082633972168
2008-01-13,8.242958068847656
2008-01-14,7.870124340057373
2008-01-15,7.324416160583496
2008-01-16,6.962050437927246
2008-01-17,7.017398357391357
2008-01-18,9.063034057617188
2008-01-19,12.833514213562012
2008-01-20,15.003657341003418
2008-01-21,15.01087760925293
2008-01-22,12.972945213317871
2008-01-23,11.616754531860352
2008-01-24,11.222725868225098
2008-01-25,10.64205265045166
2008-01-26,9.767667770385742
2008-01-27,9.021551132202148
2008-01-28,8.519458770751953
2008-01-29,8.182745933532715
2008-01-30,8.218749046325684
2008-01-31,8.738128662109375
2008-02-01,12.306379318237305
2008-02-02,26.724342346191406
2008-02-03,40.03626251220703
2008-02-04,32.224979400634766
2008-02-05,24.099550247192383
2008-02-06,21.557518005371094
2008-02-07,19.1961669921875
2008-02-08,16.148746490478516
2008-02-09,13.654220581054688
2008-02-10,11.925311088562012
2008-02-11,10.712986946105957
2008-02-12,9.953919410705566
2008-02-13,11.3394775390625
2008-02-14,17.196548461914062
2008-02-15,21.730445861816406
2008-02-16,20.52532386779785
2008-02-17,17.340574264526367
2008-02-18,15.415725708007812
2008-02-19,15.027631759643555
2008-02-20,14.091775894165039
2008-02-21,12.614521026611328
2008-02-22,11.558176040649414
2008-02-23,11.620922088623047
2008-02-24,12.219300270080566
2008-02-25,12.12350082397461
2008-02-26,12.420326232910156
2008-02-27,15.100034713745117
2008-02-28,17.842437744140625
2008-02-29,16.683727264404297
2008-03-01,14.413679122924805
2008-03-02,12.766283988952637
2008-03-03,11.645296096801758
2008-03-04,12.122231483459473
2008-03-05,39.064109802246094
2008-03-06,69.84436798095703
2008-03-07,72.27592468261719
2008-03-08,78.20525360107422
2008-03-09,78.34123229980469
2008-03-10,56.95067596435547
2008-03-11,38.295570373535156
2008-03-12,28.14857292175293
2008-03-13,22.705425262451172
2008-03-14,19.331201553344727
2008-03-15,19.360469818115234
2008-03-16,26.704360961914062
2008-03-17,32.50143814086914
2008-03-18,29.413740158081055
2008-03-19,24.42794418334961
2008-03-20,24.25040054321289
2008-03-21,25.86338996887207
2008-03-22,23.505449295043945
2008-03-23,20.057998657226562
2008-03-24,17.567691802978516
2008-03-25,16.414756774902344
2008-03-26,15.697592735290527
2008-03-27,14.783275604248047
2008-03-28,13.843122482299805
2008-03-29,13.070375442504883
2008-03-30,13.601001739501953
2008-03-31,18.393789291381836
2008-04-01,31.702491760253906
2008-04-02,46.935768127441406
2008-04-03,47.040855407714844
2008-04-04,42.27362823486328
2008-04-05,65.61688232421875
2008-04-06,131.56187438964844
2008-04-07,170.365234375
2008-04-08,125.11395263671875
2008-04-09,75.41688537597656
2008-04-10,48.42247009277344
2008-04-11,35.360355377197266
2008-04-12,28.506458282470703
2008-04-13,24.997272491455078
2008-04-14,22.732688903808594
2008-04-15,20.692222595214844
2008-04-16,18.891422271728516
2008-04-17,17.27892303466797
2008-04-18,16.1920166015625
2008-04-19,15.437039375305176
2008-04-20,16.236276626586914
2008-04-21,20.724952697753906
2008-04-22,25.657180786132812
2008-04-23,25.436634063720703
2008-04-24,22.13125991821289
2008-04-25,18.782958984375
2008-04-26,16.50095558166504
2008-04-27,15.661478996276855
2008-04-28,27.912328720092773
2008-04-29,64.47943115234375
2008-04-30,81.44119262695312
2008-05-01,57.78189468383789
2008-05-02,38.55430221557617
2008-05-03,28.286680221557617
2008-05-04,22.456523895263672
2008-05-05,19.06689453125
2008-05-06,16.853912353515625
2008-05-07,15.177085876464844
2008-05-08,13.902883529663086
2008-05-09,13.89785385131836
2008-05-10,19.199071884155273
2008-05-11,23.98143196105957
2008-05-12,25.635696411132812
2008-05-13,26.21603775024414
2008-05-14,22.793649673461914
2008-05-15,18.709152221679688
2008-05-16,18.243331909179688
2008-05-17,19.94253158569336
2008-05-18,19.89710235595703
2008-05-19,19.523983001708984
2008-05-20,19.242286682128906
2008-05-21,18.5509090423584
2008-05-22,16.76992416381836
2008-05-23,14.331626892089844
2008-05-24,12.457356452941895
2008-05-25,11.421381950378418
2008-05-26,10.679388046264648
2008-05-27,9.984838485717773
2008-05-28,9.713953971862793
2008-05-29,10.545516967773438
2008-05-30,10.94568157196045
2008-05-31,10.09500503540039
2008-06-01,9.677594184875488
2008-06-02,9.925647735595703
2008-06-03,9.451300621032715
2008-06-04,8.503278732299805
2008-06-05,7.687187194824219
2008-06-06,6.902543544769287
2008-06-07,6.239334583282471
2008-06-08,5.6896257400512695
2008-06-09,5.24375581741333
2008-06-10,4.892642974853516
2008-06-11,4.59269905090332
2008-06-12,4.339865684509277
2008-06-13,4.247283458709717
2008-06-14,4.306319236755371
2008-06-15,4.318915367126465
2008-06-16,4.34448766708374
2008-06-17,4.28587532043457
2008-06-18,4.077455520629883
2008-06-19,3.778449773788452
2008-06-20,3.5423593521118164
2008-06-21,3.4074840545654297
2008-06-22,3.4517569541931152
2008-06-23,4.736199855804443
2008-06-24,7.863030433654785
2008-06-25,9.025113105773926
2008-06-26,7.343219757080078
2008-06-27,5.711146354675293
2008-06-28,4.902985095977783
2008-06-29,4.541422367095947
2008-06-30,5.747955322265625
2008-07-01,8.886287689208984
2008-07-02,9.864173889160156
2008-07-03,8.093033790588379
2008-07-04,6.201475143432617
2008-07-05,6.822063446044922
2008-07-06,14.636404037475586
2008-07-07,21.264450073242188
2008-07-08,19.586158752441406
2008-07-09,15.014434814453125
2008-07-10,13.253477096557617
2008-07-11,12.982076644897461
2008-07-12,11.06303882598877
2008-07-13,8.560176849365234
2008-07-14,6.977557182312012
2008-07-15,6.482806205749512
2008-07-16,6.154697895050049
2008-07-17,5.401662349700928
2008-07-18,4.6303205490112305
2008-07-19,4.15066385269165
2008-07-20,3.9815666675567627
2008-07-21,3.762859344482422
2008-07-22,3.4932949542999268
2008-07-23,3.4700138568878174
2008-07-24,4.07768440246582
2008-07-25,4.79526424407959
2008-07-26,4.586001396179199
2008-07-27,4.162392616271973
2008-07-28,3.9931230545043945
2008-07-29,3.744666576385498
2008-07-30,3.436735153198242
2008-07-31,3.339360475540161
2008-08-01,3.718468189239502
2008-08-02,4.284638404846191
2008-08-03,4.321866989135742
2008-08-04,3.977525234222412
2008-08-05,3.4246482849121094
2008-08-06,2.948108673095703
2008-08-07,2.6710047721862793
2008-08-08,2.465522050857544
2008-08-09,2.283686876296997
2008-08-10,2.1653032302856445
2008-08-11,2.199315071105957
2008-08-12,2.243835210800171
2008-08-13,2.1741209030151367
2008-08-14,2.205872058868408
2008-08-15,2.366711139678955
2008-08-16,2.4213485717773438
2008-08-17,2.3484437465667725
2008-08-18,2.2220816612243652
2008-08-19,2.081514358520508
2008-08-20,1.9483619928359985
2008-08-21,1.873073697090149
2008-08-22,1.8285528421401978
2008-08-23,1.7597882747650146
2008-08-24,1.6587576866149902
2008-08-25,1.5946879386901855
2008-08-26,1.6502060890197754
2008-08-27,11.599018096923828
2008-08-28,69.4115982055664
2008-08-29,123.70856475830078
2008-08-30,85.63356018066406
2008-08-31,41.73916244506836
2008-09-01,23.0521183013916
2008-09-02,14.969183921813965
2008-09-03,10.430974006652832
2008-09-04,7.9934492111206055
2008-09-05,6.985367774963379
2008-09-06,57.869659423828125
2008-09-07,134.17764282226562
2008-09-08,110.3440933227539
2008-09-09,53.03342819213867
2008-09-10,29.305517196655273
2008-09-11,25.984886169433594
2008-09-12,23.922801971435547
2008-09-13,18.870195388793945
2008-09-14,14.341692924499512
2008-09-15,11.251325607299805
2008-09-16,12.311777114868164
2008-09-17,22.66875457763672
2008-09-18,30.424095153808594
2008-09-19,23.649578094482422
2008-09-20,16.33509063720703
2008-09-21,12.062307357788086
2008-09-22,9.687145233154297
2008-09-23,8.297279357910156
2008-09-24,7.337482929229736
2008-09-25,6.748128890991211
2008-09-26,8.927196502685547
2008-09-27,17.9427490234375
2008-09-28,28.380523681640625
2008-09-29,29.17583465576172
2008-09-30,21.97404670715332
2008-10-01,16.80002784729004
2008-10-02,16.684307098388672
2008-10-03,16.65884780883789
2008-10-04,13.80240249633789
2008-10-05,11.254709243774414
2008-10-06,9.56125545501709
2008-10-07,8.44335651397705
2008-10-08,7.765262603759766
2008-10-09,7.355446815490723
2008-10-10,7.245502948760986
2008-10-11,7.140935897827148
2008-10-12,6.797672748565674
2008-10-13,6.353786468505859
2008-10-14,5.974318027496338
2008-10-15,5.751669406890869
2008-10-16,5.529995918273926
2008-10-17,5.374329566955566
2008-10-18,5.86503267288208
2008-10-19,6.812060356140137
2008-10-20,7.093888759613037
2008-10-21,6.692563533782959
2008-10-22,6.196864128112793
2008-10-23,5.8217573165893555
2008-10-24,5.612403869628906
2008-10-25,5.692389488220215
2008-10-26,6.339191436767578
2008-10-27,7.39394474029541
2008-10-28,7.462039947509766
2008-10-29,6.818095684051514
2008-10-30,6.258428573608398
2008-10-31,5.912920951843262
2008-11-01,5.737049579620361
2008-11-02,5.693259239196777
2008-11-03,5.555891990661621
2008-11-04,5.591238021850586
2008-11-05,6.608027458190918
2008-11-06,8.54845905303955
2008-11-07,9.381858825683594
2008-11-08,8.617259979248047
2008-11-09,7.709031581878662
2008-11-10,7.14230489730835
2008-11-11,6.7349629402160645
2008-11-12,6.45484733581543
2008-11-13,6.352229595184326
2008-11-14,7.633132457733154
2008-11-15,12.294292449951172
2008-11-16,18.659137725830078
2008-11-17,21.141626358032227
2008-11-18,17.44509506225586
2008-11-19,13.312823295593262
2008-11-20,11.065252304077148
2008-11-21,9.757890701293945
2008-11-22,9.125919342041016
2008-11-23,8.72732162475586
2008-11-24,8.275386810302734
2008-11-25,8.333399772644043
2008-11-26,9.030445098876953
2008-11-27,9.407720565795898
2008-11-28,9.147022247314453
2008-11-29,8.73801040649414
2008-11-30,11.914076805114746
2008-12-01,27.815160751342773
2008-12-02,42.5489501953125
2008-12-03,35.355979919433594
2008-12-04,24.96102523803711
2008-12-05,18.849571228027344
2008-12-06,15.535675048828125
2008-12-07,13.660945892333984
2008-12-08,12.528186798095703
2008-12-09,11.631928443908691
2008-12-10,11.140507698059082
2008-12-11,29.29107666015625
2008-12-12,121.38221740722656
2008-12-13,194.8048553466797
2008-12-14,123.6102294921875
2008-12-15,67.08673095703125
2008-12-16,41.673458099365234
2008-12-17,30.856685638427734
2008-12-18,27.846141815185547
2008-12-19,26.060138702392578
2008-12-20,24.576061248779297
2008-12-21,34.98385238647461
2008-12-22,54.69002914428711
2008-12-23,54.20093536376953
2008-12-24,41.23139190673828
2008-12-25,34.892356872558594
2008-12-26,36.98882293701172
2008-12-27,36.45029830932617
2008-12-28,31.775423049926758
2008-12-29,28.05115509033203
2008-12-30,25.167627334594727
2008-12-31,22.295244216918945
2009-01-01,19.915964126586914
2009-01-02,18.3140811920166
2009-01-03,17.482662200927734
2009-01-04,17.494293212890625
2009-01-05,19.014253616333008
2009-01-06,35.16358184814453
2009-01-07,109.5684585571289
2009-01-08,187.76522827148438
2009-01-09,139.06546020507812
2009-01-10,81.50701904296875
2009-01-11,51.6613883972168
2009-01-12,38.084449768066406
2009-01-13,30.84172821044922
2009-01-14,26.285755157470703
2009-01-15,23.423707962036133
2009-01-16,21.510616302490234
2009-01-17,19.676210403442383
2009-01-18,18.125457763671875
2009-01-19,17.255491256713867
2009-01-20,16.57638168334961
2009-01-21,16.341068267822266
2009-01-22,15.904576301574707
2009-01-23,15.304612159729004
2009-01-24,14.909041404724121
2009-01-25,14.53666877746582
2009-01-26,14.086780548095703
2009-01-27,13.796987533569336
2009-01-28,15.806495666503906
2009-01-29,22.44654083251953
2009-01-30,27.356563568115234
2009-01-31,25.03193473815918
2009-02-01,21.64754867553711
2009-02-02,19.36948013305664
2009-02-03,18.91704559326172
2009-02-04,20.46531867980957
2009-02-05,20.98410415649414
2009-02-06,19.453922271728516
2009-02-07,17.75326919555664
2009-02-08,16.93973731994629
2009-02-09,16.44398307800293
2009-02-10,15.830799102783203
2009-02-11,15.277933120727539
2009-02-12,14.864519119262695
2009-02-13,14.549955368041992
2009-02-14,14.155723571777344
2009-02-15,13.699446678161621
2009-02-16,13.25204849243164
2009-02-17,13.035533905029297
2009-02-18,13.740399360656738
2009-02-19,17.909069061279297
2009-02-20,22.39000701904297
2009-02-21,21.796470642089844
2009-02-22,19.47113037109375
2009-02-23,17.74413299560547
2009-02-24,16.642263412475586
2009-02-25,15.739805221557617
2009-02-26,14.922659873962402
2009-02-27,14.412193298339844
2009-02-28,14.407538414001465
2009-03-01,30.61529541015625
2009-03-02,84.98164367675781
2009-03-03,115.53205871582031
2009-03-04,88.76899719238281
2009-03-05,68.67253875732422
2009-03-06,62.75132751464844
2009-03-07,61.369781494140625
2009-03-08,57.03779983520508
2009-03-09,49.0626220703125
2009-03-10,40.41851043701172
2009-03-11,33.34923553466797
2009-03-12,28.415145874023438
2009-03-13,25.151443481445312
2009-03-14,29.78577995300293
2009-03-15,70.68064880371094
2009-03-16,135.5984344482422
2009-03-17,153.55288696289062
2009-03-18,122.20698547363281
2009-03-19,82.57522583007812
2009-03-20,61.11705780029297
2009-03-21,50.19296646118164
2009-03-22,40.6065673828125
2009-03-23,33.51095199584961
2009-03-24,29.514755249023438
2009-03-25,26.532894134521484
2009-03-26,25.485172271728516
2009-03-27,31.60106658935547
2009-03-28,51.6932373046875
2009-03-29,87.96903991699219
2009-03-30,105.72315216064453
2009-03-31,82.58158874511719
2009-04-01,57.87091064453125
2009-04-02,45.67974090576172
2009-04-03,47.27547836303711
2009-04-04,53.36766815185547
2009-04-05,49.734291076660156
2009-04-06,41.15891647338867
2009-04-07,36.62260437011719
2009-04-08,34.19887924194336
2009-04-09,30.62115478515625
2009-04-10,28.441362380981445
2009-04-11,30.810731887817383
2009-04-12,39.29346466064453
2009-04-13,42.07170104980469
2009-04-14,36.790504455566406
2009-04-15,34.2999382019043
2009-04-16,34.98802185058594
2009-04-17,31.98270606994629
2009-04-18,27.603897094726562
2009-04-19,24.5900936126709
2009-04-20,23.71091651916504
2009-04-21,25.796165466308594
2009-04-22,27.632949829101562
2009-04-23,25.621658325195312
2009-04-24,22.69779396057129
2009-04-25,20.627683639526367
2009-04-26,19.059532165527344
2009-04-27,17.600740432739258
2009-04-28,16.28876304626465
2009-04-29,15.21562671661377
2009-04-30,14.358531951904297
2009-05-01,13.865699768066406
2009-05-02,13.532659530639648
2009-05-03,13.0316801071167
2009-05-04,12.52448558807373
2009-05-05,13.362801551818848
2009-05-06,22.246994018554688
2009-05-07,40.48623275756836
2009-05-08,41.84483337402344
2009-05-09,32.420310974121094
2009-05-10,27.89886474609375
2009-05-11,25.716449737548828
2009-05-12,22.76024055480957
2009-05-13,21.546398162841797
2009-05-14,18.904541015625
2009-05-15,16.395721435546875
2009-05-16,15.397351264953613
2009-05-17,15.461474418640137
2009-05-18,15.556622505187988
2009-05-19,16.206106185913086
2009-05-20,15.419310569763184
2009-05-21,13.861473083496094
2009-05-22,12.47684097290039
2009-05-23,11.404170989990234
2009-05-24,10.591136932373047
2009-05-25,10.131559371948242
2009-05-26,10.299208641052246
2009-05-27,11.507647514343262
2009-05-28,12.635753631591797
2009-05-29,13.458597183227539
2009-05-30,14.630212783813477
2009-05-31,14.37071418762207
2009-06-01,12.838873863220215
2009-06-02,11.31686782836914
2009-06-03,10.233354568481445
2009-06-04,12.104654312133789
2009-06-05,40.86408996582031
2009-06-06,107.98100280761719
2009-06-07,121.98768615722656
2009-06-08,74.28102111816406
2009-06-09,41.47466278076172
2009-06-10,29.805553436279297
2009-06-11,30.756959915161133
2009-06-12,35.102806091308594
2009-06-13,34.1490364074707
2009-06-14,28.134563446044922
2009-06-15,22.472858428955078
2009-06-16,23.947477340698242
2009-06-17,42.33388137817383
2009-06-18,64.2425537109375
2009-06-19,60.242431640625
2009-06-20,44.43397521972656
2009-06-21,30.279720306396484
2009-06-22,21.467506408691406
2009-06-23,16.48288917541504
2009-06-24,13.569025039672852
2009-06-25,11.72280502319336
2009-06-26,10.53071403503418
2009-06-27,9.809337615966797
2009-06-28,9.591615676879883
2009-06-29,9.304037094116211
2009-06-30,8.630155563354492
2009-07-01,7.864399433135986
2009-07-02,7.256067752838135
2009-07-03,6.783116817474365
2009-07-04,6.447983741760254
2009-07-05,6.247331619262695
2009-07-06,6.347562313079834
2009-07-07,6.532330513000488
2009-07-08,6.372105121612549
2009-07-09,5.937155723571777
2009-07-10,5.54584264755249
2009-07-11,5.286703586578369
2009-07-12,5.165624618530273
2009-07-13,5.37701416015625
2009-07-14,6.141630172729492
2009-07-15,6.425610542297363
2009-07-16,5.831490993499756
2009-07-17,5.289142608642578
2009-07-18,5.1013898849487305
2009-07-19,4.955509662628174
2009-07-20,4.723537921905518
2009-07-21,4.708998203277588
2009-07-22,4.754199504852295
2009-07-23,4.605709075927734
2009-07-24,4.468239784240723
2009-07-25,4.371147632598877
2009-07-26,4.11808967590332
2009-07-27,3.866598606109619
2009-07-28,3.9142985343933105
2009-07-29,4.389739513397217
2009-07-30,4.834357261657715
2009-07-31,5.046172618865967
2009-08-01,5.098565101623535
2009-08-02,5.044919490814209
2009-08-03,5.035301685333252
2009-08-04,5.032312870025635
2009-08-05,4.728482246398926
2009-08-06,4.450192451477051
2009-08-07,4.528819561004639
2009-08-08,4.466607570648193
2009-08-09,4.089794158935547
2009-08-10,3.6660890579223633
2009-08-11,3.342585563659668
2009-08-12,3.208071231842041
2009-08-13,3.280524969100952
2009-08-14,3.378736972808838
2009-08-15,3.275527000427246
2009-08-16,3.1056365966796875
2009-08-17,3.0511956214904785
2009-08-18,3.0608503818511963
2009-08-19,2.9714934825897217
2009-08-20,2.8755383491516113
2009-08-21,2.971684217453003
2009-08-22,3.356257200241089
2009-08-23,4.237643241882324
2009-08-24,5.082374572753906
2009-08-25,4.853475570678711
2009-08-26,4.1349358558654785
2009-08-27,3.554129123687744
2009-08-28,3.2234394550323486
2009-08-29,3.281999349594116
2009-08-30,3.637397289276123
2009-08-31,3.8218607902526855
2009-09-01,4.004377365112305
2009-09-02,4.2142157554626465
2009-09-03,3.9854321479797363
2009-09-04,3.499596118927002
2009-09-05,3.129222869873047
2009-09-06,2.861266613006592
2009-09-07,2.6700801849365234
2009-09-08,2.5809290409088135
2009-09-09,2.5411276817321777
2009-09-10,2.487422466278076
2009-09-11,2.4397850036621094
2009-09-12,2.3634414672851562
2009-09-13,2.2569332122802734
2009-09-14,2.1590282917022705
2009-09-15,2.074570417404175
2009-09-16,2.042762041091919
2009-09-17,2.2047505378723145
2009-09-18,2.745903730392456
2009-09-19,3.480034589767456
2009-09-20,3.6771812438964844
2009-09-21,3.3733620643615723
2009-09-22,3.1565771102905273
2009-09-23,3.5970633029937744
2009-09-24,4.850891590118408
2009-09-25,5.5387678146362305
2009-09-26,5.193338394165039
2009-09-27,5.464110851287842
2009-09-28,9.184011459350586
2009-09-29,12.122891426086426
2009-09-30,10.493795394897461
2009-10-01,7.509868144989014
2009-10-02,5.645553112030029
2009-10-03,4.68581485748291
2009-10-04,4.0903167724609375
2009-10-05,3.7505850791931152
2009-10-06,3.743126153945923
2009-10-07,3.936821699142456
2009-10-08,3.933621406555176
2009-10-09,3.7143092155456543
2009-10-10,3.529202699661255
2009-10-11,3.557863235473633
2009-10-12,3.881566286087036
2009-10-13,4.300688743591309
2009-10-14,4.725545883178711
2009-10-15,4.969779014587402
2009-10-16,5.21085262298584
2009-10-17,5.232444763183594
2009-10-18,4.915638446807861
2009-10-19,4.538368225097656
2009-10-20,4.205180644989014
2009-10-21,3.997936487197876
2009-10-22,3.8482918739318848
2009-10-23,3.703200340270996
2009-10-24,3.6578495502471924
2009-10-25,3.875187635421753
2009-10-26,4.146915912628174
2009-10-27,4.328514099121094
2009-10-28,6.04991340637207
2009-10-29,11.174513816833496
2009-10-30,13.135560989379883
2009-10-31,10.588525772094727
2009-11-01,10.25320816040039
2009-11-02,22.118736267089844
2009-11-03,37.08517837524414
2009-11-04,28.78365135192871
2009-11-05,17.397808074951172
2009-11-06,12.030447006225586
2009-11-07,9.557723045349121
2009-11-08,8.349298477172852
2009-11-09,7.677055358886719
2009-11-10,7.64260196685791
2009-11-11,48.750457763671875
2009-11-12,239.44271850585938
2009-11-13,424.81756591796875
2009-11-14,340.5299072265625
2009-11-15,181.02392578125
2009-11-16,87.67648315429688
2009-11-17,51.47077941894531
2009-11-18,36.78232955932617
2009-11-19,29.911069869995117
2009-11-20,27.34388542175293
2009-11-21,26.100797653198242
2009-11-22,23.268003463745117
2009-11-23,28.718976974487305
2009-11-24,57.271636962890625
2009-11-25,80.19854736328125
2009-11-26,62.79098892211914
2009-11-27,48.06712341308594
2009-11-28,42.86154556274414
2009-11-29,38.587730407714844
2009-11-30,32.14301681518555
2009-12-01,27.98704719543457
2009-12-02,34.894432067871094
2009-12-03,107.23098754882812
2009-12-04,167.6305694580078
2009-12-05,120.02619934082031
2009-12-06,86.81884765625
2009-12-07,73.01354217529297
2009-12-08,56.229854583740234
2009-12-09,87.62350463867188
2009-12-10,166.1492919921875
2009-12-11,162.374267578125
2009-12-12,103.46609497070312
2009-12-13,69.32987213134766
2009-12-14,70.94446563720703
2009-12-15,78.67767333984375
2009-12-16,64.81340026855469
2009-12-17,49.875511169433594
2009-12-18,40.61127471923828
2009-12-19,42.1962776184082
2009-12-20,54.11709213256836
2009-12-21,60.53377914428711
2009-12-22,54.307861328125
2009-12-23,45.138153076171875
2009-12-24,39.01485824584961
2009-12-25,66.76387023925781
2009-12-26,166.6957550048828
2009-12-27,219.81851196289062
2009-12-28,143.80001831054688
2009-12-29,88.28778839111328
2009-12-30,61.44010925292969
2009-12-31,47.5202751159668
2010-01-01,41.962738037109375
2010-01-02,40.717002868652344
2010-01-03,37.27365493774414
2010-01-04,33.27227020263672
2010-01-05,29.93161964416504
2010-01-06,27.398818969726562
2010-01-07,25.419160842895508
2010-01-08,23.938762664794922
2010-01-09,23.169612884521484
2010-01-10,22.295080184936523
2010-01-11,21.207674026489258
2010-01-12,20.223018646240234
2010-01-13,19.61452865600586
2010-01-14,19.076114654541016
2010-01-15,18.69460105895996
2010-01-16,18.60489273071289
2010-01-17,32.54320526123047
2010-01-18,80.88289642333984
2010-01-19,112.23591613769531
2010-01-20,83.79486083984375
2010-01-21,59.27027130126953
2010-01-22,59.07907485961914
2010-01-23,73.02586364746094
2010-01-24,70.22126770019531
2010-01-25,108.90008544921875
2010-01-26,244.55133056640625
2010-01-27,247.15457153320312
2010-01-28,151.05154418945312
2010-01-29,87.86222839355469
2010-01-30,63.18157196044922
2010-01-31,57.10481262207031
2010-02-01,56.01593780517578
2010-02-02,52.76670837402344
2010-02-03,61.51166534423828
2010-02-04,78.45000457763672
2010-02-05,115.12178802490234
2010-02-06,266.76080322265625
2010-02-07,346.4696350097656
2010-02-08,241.123046875
2010-02-09,149.6361083984375
2010-02-10,107.95004272460938
2010-02-11,89.0909423828125
2010-02-12,72.16138458251953
2010-02-13,60.63294982910156
2010-02-14,54.68424606323242
2010-02-15,51.07420349121094
2010-02-16,50.20050811767578
2010-02-17,49.193321228027344
2010-02-18,44.30343246459961
2010-02-19,39.87442398071289
2010-02-20,37.08819580078125
2010-02-21,34.73113250732422
2010-02-22,34.22200393676758
2010-02-23,39.747093200683594
2010-02-24,45.86441421508789
2010-02-25,48.2582893371582
2010-02-26,49.10967254638672
2010-02-27,43.49411392211914
2010-02-28,38.101661682128906
2010-03-01,34.557273864746094
2010-03-02,32.608116149902344
2010-03-03,36.801963806152344
2010-03-04,44.18915939331055
2010-03-05,43.945457458496094
2010-03-06,39.00343322753906
2010-03-07,34.62834930419922
2010-03-08,31.502338409423828
2010-03-09,29.725902557373047
2010-03-10,28.373987197875977
2010-03-11,28.340404510498047
2010-03-12,29.46035385131836
2010-03-13,40.952789306640625
2010-03-14,70.67969512939453
2010-03-15,88.53875732421875
2010-03-16,74.52509307861328
2010-03-17,55.33864212036133
2010-03-18,43.728172302246094
2010-03-19,37.564823150634766
2010-03-20,33.720176696777344
2010-03-21,31.10653305053711
2010-03-22,29.846370697021484
2010-03-23,29.301828384399414
2010-03-24,28.45929527282715
2010-03-25,27.018089294433594
2010-03-26,26.32367706298828
2010-03-27,26.540979385375977
2010-03-28,27.06731605529785
2010-03-29,50.459720611572266
2010-03-30,154.80648803710938
2010-03-31,171.3841552734375
2010-04-01,108.98812866210938
2010-04-02,68.93363952636719
2010-04-03,50.9312744140625
2010-04-04,41.4234619140625
2010-04-05,35.69954299926758
2010-04-06,32.14006805419922
2010-04-07,29.743186950683594
2010-04-08,28.062253952026367
2010-04-09,27.533939361572266
2010-04-10,34.86258316040039
2010-04-11,36.537841796875
2010-04-12,31.364656448364258
2010-04-13,27.341232299804688
2010-04-14,24.89332389831543
2010-04-15,23.28675079345703
2010-04-16,22.142215728759766
2010-04-17,21.192726135253906
2010-04-18,20.045642852783203
2010-04-19,18.934560775756836
2010-04-20,18.083560943603516
2010-04-21,17.995098114013672
2010-04-22,18.954687118530273
2010-04-23,19.642467498779297
2010-04-24,18.85910415649414
2010-04-25,18.527315139770508
2010-04-26,19.519554138183594
2010-04-27,20.188495635986328
2010-04-28,18.89897346496582
2010-04-29,17.166751861572266
2010-04-30,15.915949821472168
2010-05-01,15.179085731506348
2010-05-02,14.536409378051758
2010-05-03,13.856401443481445
2010-05-04,13.339644432067871
2010-05-05,13.10796070098877
2010-05-06,12.68814468383789
2010-05-07,12.240636825561523
2010-05-08,11.88133430480957
2010-05-09,11.266481399536133
2010-05-10,10.492284774780273
2010-05-11,9.976871490478516
2010-05-12,9.89535903930664
2010-05-13,9.869227409362793
2010-05-14,9.603753089904785
2010-05-15,9.430904388427734
2010-05-16,10.153129577636719
2010-05-17,26.14342498779297
2010-05-18,79.34408569335938
2010-05-19,109.57343292236328
2010-05-20,79.38731384277344
2010-05-21,50.1290168762207
2010-05-22,32.81724548339844
2010-05-23,27.38994598388672
2010-05-24,30.15534019470215
2010-05-25,30.738609313964844
2010-05-26,26.543441772460938
2010-05-27,21.719646453857422
2010-05-28,18.351221084594727
2010-05-29,20.438404083251953
2010-05-30,32.71514892578125
2010-05-31,39.541893005371094
2010-06-01,33.422271728515625
2010-06-02,33.54947280883789
2010-06-03,34.789859771728516
2010-06-04,30.506141662597656
2010-06-05,23.68311309814453
2010-06-06,18.660869598388672
2010-06-07,15.818876266479492
2010-06-08,14.38492488861084
2010-06-09,13.006132125854492
2010-06-10,11.752100944519043
2010-06-11,10.901201248168945
2010-06-12,10.442278861999512
2010-06-13,11.751028060913086
2010-06-14,15.557353973388672
2010-06-15,18.146787643432617
2010-06-16,18.301227569580078
2010-06-17,21.197830200195312
2010-06-18,23.850099563598633
2010-06-19,19.89684295654297
2010-06-20,14.858942985534668
2010-06-21,11.875568389892578
2010-06-22,10.06889820098877
2010-06-23,8.920476913452148
2010-06-24,8.2714204788208
2010-06-25,7.884185791015625
2010-06-26,7.4113664627075195
2010-06-27,7.0218048095703125
2010-06-28,6.5752997398376465
2010-06-29,6.191993236541748
2010-06-30,6.102622032165527
2010-07-01,6.1518425941467285
2010-07-02,5.937616348266602
2010-07-03,5.526923656463623
2010-07-04,5.1680755615234375
2010-07-05,4.923825263977051
2010-07-06,4.697994709014893
2010-07-07,4.472509860992432
2010-07-08,4.294374942779541
2010-07-09,4.315422534942627
2010-07-10,4.758821487426758
2010-07-11,5.375454425811768
2010-07-12,5.481954097747803
2010-07-13,5.317458629608154
2010-07-14,6.5590434074401855
2010-07-15,12.959538459777832
2010-07-16,16.202999114990234
2010-07-17,13.515265464782715
2010-07-18,14.980188369750977
2010-07-19,21.557525634765625
2010-07-20,20.30643081665039
2010-07-21,15.71776294708252
2010-07-22,12.993825912475586
2010-07-23,10.27376937866211
2010-07-24,8.113306999206543
2010-07-25,6.750104904174805
2010-07-26,5.895658493041992
2010-07-27,6.125912666320801
2010-07-28,8.921692848205566
2010-07-29,11.371755599975586
2010-07-30,9.830273628234863
2010-07-31,8.034930229187012
2010-08-01,7.179614067077637
2010-08-02,7.209012985229492
2010-08-03,7.073747634887695
2010-08-04,6.484079360961914
2010-08-05,6.297894477844238
2010-08-06,7.345758438110352
2010-08-07,8.572305679321289
2010-08-08,7.823853492736816
2010-08-09,6.38330078125
2010-08-10,5.514507293701172
2010-08-11,5.438085556030273
2010-08-12,5.931575775146484
2010-08-13,7.573874473571777
2010-08-14,9.416739463806152
2010-08-15,8.412428855895996
2010-08-16,6.525401592254639
2010-08-17,5.7031049728393555
2010-08-18,6.358434200286865
2010-08-19,9.92181396484375
2010-08-20,13.640890121459961
2010-08-21,13.059110641479492
2010-08-22,9.947148323059082
2010-08-23,7.436282157897949
2010-08-24,6.223659515380859
2010-08-25,5.836418628692627
2010-08-26,5.594099521636963
2010-08-27,5.137351036071777
2010-08-28,4.649229049682617
2010-08-29,4.272696495056152
2010-08-30,3.9896645545959473
2010-08-31,3.7655868530273438
2010-09-01,3.557046890258789
2010-09-02,3.352475643157959
2010-09-03,3.206932783126831
2010-09-04,3.104752540588379
2010-09-05,2.9923808574676514
2010-09-06,2.8792724609375
2010-09-07,2.8010411262512207
2010-09-08,2.7432467937469482
2010-09-09,2.704165458679199
2010-09-10,2.676877975463867
2010-09-11,2.6176743507385254
2010-09-12,2.618407726287842
2010-09-13,2.678673505783081
2010-09-14,2.6652605533599854
2010-09-15,2.5942649841308594
2010-09-16,2.5027730464935303
2010-09-17,2.4201042652130127
2010-09-18,2.327754020690918
2010-09-19,2.263665199279785
2010-09-20,2.222898244857788
2010-09-21,2.183986186981201
2010-09-22,2.1333117485046387
2010-09-23,2.104504108428955
2010-09-24,2.12727952003479
2010-09-25,2.186927318572998
2010-09-26,2.2452232837677
2010-09-27,2.997079372406006
2010-09-28,5.131377696990967
2010-09-29,8.342669486999512
2010-09-30,36.29607009887695
2010-10-01,104.18036651611328
2010-10-02,106.29476165771484
2010-10-03,57.244178771972656
2010-10-04,26.447309494018555
2010-10-05,15.687383651733398
2010-10-06,11.375907897949219
2010-10-07,9.18664836883545
2010-10-08,7.845649242401123
2010-10-09,6.9073486328125
2010-10-10,6.3150529861450195
2010-10-11,5.864226341247559
2010-10-12,5.4805521965026855
2010-10-13,5.1918840408325195
2010-10-14,5.610875606536865
2010-10-15,7.331165313720703
2010-10-16,8.452412605285645
2010-10-17,7.781972885131836
2010-10-18,6.818075180053711
2010-10-19,6.141313552856445
2010-10-20,5.631412506103516
2010-10-21,5.521677017211914
2010-10-22,5.500693321228027
2010-10-23,5.29550838470459
2010-10-24,5.106558799743652
2010-10-25,4.917359352111816
2010-10-26,5.228213310241699
2010-10-27,6.750388145446777
2010-10-28,16.539596557617188
2010-10-29,34.020301818847656
2010-10-30,30.088645935058594
2010-10-31,18.00394630432129
2010-11-01,12.009742736816406
2010-11-02,9.525646209716797
2010-11-03,8.320898056030273
2010-11-04,7.8966779708862305
2010-11-05,8.918780326843262
2010-11-06,10.83062744140625
2010-11-07,10.564409255981445
2010-11-08,9.430000305175781
2010-11-09,8.650729179382324
2010-11-10,8.03597354888916
2010-11-11,7.57340145111084
2010-11-12,7.225510597229004
2010-11-13,7.037079811096191
2010-11-14,6.949527740478516
2010-11-15,6.867298603057861
2010-11-16,6.818063735961914
2010-11-17,7.140750885009766
2010-11-18,7.679677486419678
2010-11-19,7.677821636199951
2010-11-20,7.368728160858154
2010-11-21,7.1623148918151855
2010-11-22,7.010928153991699
2010-11-23,6.82386589050293
2010-11-24,6.629253387451172
2010-11-25,6.4894633293151855
2010-11-26,6.515227794647217
2010-11-27,6.591161727905273
2010-11-28,6.629036903381348
2010-11-29,6.620915412902832
2010-11-30,6.639022350311279
2010-12-01,7.899971008300781
2010-12-02,14.490837097167969
2010-12-03,18.97012710571289
2010-12-04,16.283376693725586
2010-12-05,13.230727195739746
2010-12-06,12.376492500305176
2010-12-07,11.619247436523438
2010-12-08,10.566119194030762
2010-12-09,9.694482803344727
2010-12-10,9.046442031860352
2010-12-11,8.640890121459961
2010-12-12,8.620564460754395
2010-12-13,9.548398971557617
2010-12-14,10.955620765686035
2010-12-15,10.701522827148438
2010-12-16,10.213793754577637
2010-12-17,11.608783721923828
2010-12-18,13.916775703430176
2010-12-19,14.009663581848145
2010-12-20,13.212471961975098
2010-12-21,12.160599708557129
2010-12-22,11.232419967651367
2010-12-23,10.671897888183594
2010-12-24,10.111396789550781
2010-12-25,9.628763198852539
2010-12-26,10.290464401245117
2010-12-27,11.96000862121582
2010-12-28,12.493354797363281
2010-12-29,12.089736938476562
2010-12-30,11.654932022094727
2010-12-31,11.449651718139648
2011-01-01,11.4563627243042
2011-01-02,12.37022876739502
2011-01-03,14.88216781616211
2011-01-04,15.723505973815918
2011-01-05,14.215012550354004
2011-01-06,12.846863746643066
2011-01-07,12.316120147705078
2011-01-08,11.97269058227539
2011-01-09,11.534553527832031
2011-01-10,10.9744873046875
2011-01-11,10.540359497070312
2011-01-12,10.543231964111328
2011-01-13,10.810262680053711
2011-01-14,10.735017776489258
2011-01-15,10.468156814575195
2011-01-16,10.318676948547363
2011-01-17,10.24384880065918
2011-01-18,10.217429161071777
2011-01-19,10.548290252685547
2011-01-20,10.99764347076416
2011-01-21,10.816085815429688
2011-01-22,10.375382423400879
2011-01-23,9.977141380310059
2011-01-24,9.644205093383789
2011-01-25,9.402852058410645
2011-01-26,9.781530380249023
2011-01-27,12.468350410461426
2011-01-28,16.182239532470703
2011-01-29,16.02879524230957
2011-01-30,14.301095962524414
2011-01-31,13.015523910522461
2011-02-01,12.13489055633545
2011-02-02,11.932175636291504
2011-02-03,12.924989700317383
2011-02-04,13.969917297363281
2011-02-05,19.85320472717285
2011-02-06,31.370594024658203
2011-02-07,33.754417419433594
2011-02-08,27.082904815673828
2011-02-09,21.684539794921875
2011-02-10,18.243738174438477
2011-02-11,16.116249084472656
2011-02-12,14.56900405883789
2011-02-13,13.57806396484375
2011-02-14,12.834741592407227
2011-02-15,12.29204273223877
2011-02-16,11.840502738952637
2011-02-17,11.470548629760742
2011-02-18,11.181468963623047
2011-02-19,10.869230270385742
2011-02-20,10.506958961486816
2011-02-21,10.212533950805664
2011-02-22,9.951027870178223
2011-02-23,9.72061538696289
2011-02-24,9.56186580657959
2011-02-25,10.019096374511719
2011-02-26,12.549704551696777
2011-02-27,14.608928680419922
2011-02-28,14.572260856628418
2011-03-01,20.923721313476562
2011-03-02,34.18985366821289
2011-03-03,33.93778610229492
2011-03-04,26.041486740112305
2011-03-05,20.109432220458984
2011-03-06,20.81940460205078
2011-03-07,39.135101318359375
2011-03-08,60.783966064453125
2011-03-09,48.77093505859375
2011-03-10,38.28299331665039
2011-03-11,47.17985534667969
2011-03-12,54.3116340637207
2011-03-13,43.11424255371094
2011-03-14,31.84724998474121
2011-03-15,25.48002815246582
2011-03-16,23.79856300354004
2011-03-17,26.292835235595703
2011-03-18,27.184959411621094
2011-03-19,23.742237091064453
2011-03-20,20.2948055267334
2011-03-21,17.843318939208984
2011-03-22,16.29606056213379
2011-03-23,15.202725410461426
2011-03-24,17.74773406982422
2011-03-25,28.90157699584961
2011-03-26,32.56468200683594
2011-03-27,30.310222625732422
2011-03-28,36.16603088378906
2011-03-29,41.13627243041992
2011-03-30,44.79639434814453
2011-03-31,66.93418884277344
2011-04-01,82.45028686523438
2011-04-02,65.48545837402344
2011-04-03,46.53723907470703
2011-04-04,34.52986145019531
2011-04-05,29.099332809448242
2011-04-06,30.249195098876953
2011-04-07,30.945058822631836
2011-04-08,27.030839920043945
2011-04-09,26.26498794555664
2011-04-10,39.01798629760742
2011-04-11,54.24186706542969
2011-04-12,48.01903533935547
2011-04-13,36.044395446777344
2011-04-14,28.27459716796875
2011-04-15,23.45450782775879
2011-04-16,22.25333595275879
2011-04-17,30.39031982421875
2011-04-18,41.255836486816406
2011-04-19,36.37732696533203
2011-04-20,27.69156837463379
2011-04-21,22.428979873657227
2011-04-22,19.896329879760742
2011-04-23,20.27507781982422
2011-04-24,21.833181381225586
2011-04-25,20.581926345825195
2011-04-26,18.186925888061523
2011-04-27,16.740999221801758
2011-04-28,15.926623344421387
2011-04-29,15.428098678588867
2011-04-30,15.021240234375
2011-05-01,13.935399055480957
2011-05-02,12.7071533203125
2011-05-03,11.742961883544922
2011-05-04,14.466185569763184
2011-05-05,24.96312713623047
2011-05-06,30.710756301879883
2011-05-07,25.166688919067383
2011-05-08,20.013988494873047
2011-05-09,17.555057525634766
2011-05-10,16.037715911865234
2011-05-11,14.256288528442383
2011-05-12,12.935909271240234
2011-05-13,12.340438842773438
2011-05-14,12.461687088012695
2011-05-15,13.277702331542969
2011-05-16,14.427022933959961
2011-05-17,15.779126167297363
2011-05-18,17.520235061645508
2011-05-19,17.771041870117188
2011-05-20,15.712017059326172
2011-05-21,13.186164855957031
2011-05-22,11.446056365966797
2011-05-23,10.427711486816406
2011-05-24,10.504964828491211
2011-05-25,11.134072303771973
2011-05-26,10.912755966186523
2011-05-27,10.719497680664062
2011-05-28,11.3917236328125
2011-05-29,12.05633544921875
2011-05-30,11.193859100341797
2011-05-31,9.614601135253906
2011-06-01,8.31772232055664
2011-06-02,7.380861282348633
2011-06-03,6.6553802490234375
2011-06-04,6.01116418838501
2011-06-05,5.528255462646484
2011-06-06,5.153688907623291
2011-06-07,4.862644672393799
2011-06-08,4.647475242614746
2011-06-09,4.478124141693115
2011-06-10,4.567257404327393
2011-06-11,5.431291103363037
2011-06-12,7.0245585441589355
2011-06-13,8.858989715576172
2011-06-14,8.884566307067871
2011-06-15,7.404651641845703
2011-06-16,6.005948543548584
2011-06-17,5.141314506530762
2011-06-18,4.694275379180908
2011-06-19,4.433429718017578
2011-06-20,4.25750732421875
2011-06-21,4.056398391723633
2011-06-22,3.877443313598633
2011-06-23,4.015742301940918
2011-06-24,4.174076080322266
2011-06-25,4.01511287689209
2011-06-26,3.6779258251190186
2011-06-27,3.367943048477173
2011-06-28,3.538813591003418
2011-06-29,8.319453239440918
2011-06-30,20.845008850097656
2011-07-01,21.21523666381836
2011-07-02,13.720183372497559
2011-07-03,8.639095306396484
2011-07-04,6.382259368896484
2011-07-05,5.948724746704102
2011-07-06,6.673025608062744
2011-07-07,7.437859058380127
2011-07-08,8.116689682006836
2011-07-09,9.812433242797852
2011-07-10,14.223464965820312
2011-07-11,15.62832260131836
2011-07-12,11.907114028930664
2011-07-13,8.174084663391113
2011-07-14,6.278950214385986
2011-07-15,5.258747100830078
2011-07-16,4.442664623260498
2011-07-17,3.873508930206299
2011-07-18,3.5689024925231934
2011-07-19,3.327765703201294
2011-07-20,3.129321813583374
2011-07-21,3.002077102661133
2011-07-22,2.8446900844573975
2011-07-23,2.6536478996276855
2011-07-24,2.5677335262298584
2011-07-25,2.8338119983673096
2011-07-26,3.463853120803833
2011-07-27,3.8484811782836914
2011-07-28,3.5651345252990723
2011-07-29,3.0229945182800293
2011-07-30,2.6352357864379883
2011-07-31,2.5154972076416016
2011-08-01,2.632164239883423
2011-08-02,2.630077838897705
2011-08-03,2.4307048320770264
2011-08-04,2.232497215270996
2011-08-05,2.101634979248047
2011-08-06,2.0792412757873535
2011-08-07,2.223811626434326
2011-08-08,2.334778308868408
2011-08-09,2.243370532989502
2011-08-10,2.049672842025757
2011-08-11,1.879150390625
2011-08-12,1.769603967666626
2011-08-13,1.8700865507125854
2011-08-14,2.2704648971557617
2011-08-15,2.9305570125579834
2011-08-16,3.3834731578826904
2011-08-17,3.1686267852783203
2011-08-18,2.658722400665283
2011-08-19,2.262681245803833
2011-08-20,2.0177929401397705
2011-08-21,1.8803223371505737
2011-08-22,1.8513468503952026
2011-08-23,1.8109636306762695
2011-08-24,1.6842873096466064
2011-08-25,1.5670548677444458
2011-08-26,1.4907557964324951
2011-08-27,1.4797959327697754
2011-08-28,1.5142769813537598
2011-08-29,1.4954599142074585
2011-08-30,1.5467039346694946
2011-08-31,1.6492724418640137
2011-09-01,1.6400285959243774
2011-09-02,1.5790090560913086
2011-09-03,1.5538020133972168
2011-09-04,1.5266485214233398
2011-09-05,1.486018180847168
2011-09-06,1.9242695569992065
2011-09-07,4.906682014465332
2011-09-08,9.041938781738281
2011-09-09,8.204198837280273
2011-09-10,5.3125505447387695
2011-09-11,3.763946533203125
2011-09-12,2.973398447036743
2011-09-13,2.52728009223938
2011-09-14,2.2351088523864746
2011-09-15,2.0477006435394287
2011-09-16,1.956703782081604
2011-09-17,1.9926813840866089
2011-09-18,2.000990152359009
2011-09-19,1.973421335220337
2011-09-20,1.942688226699829
2011-09-21,2.172851324081421
2011-09-22,2.9748013019561768
2011-09-23,4.757521629333496
2011-09-24,13.407339096069336
2011-09-25,29.848411560058594
2011-09-26,28.00594711303711
2011-09-27,17.111263275146484
2011-09-28,11.503691673278809
2011-09-29,10.947627067565918
2011-09-30,10.276230812072754
2011-10-01,7.849217891693115
2011-10-02,5.972007751464844
2011-10-03,4.9044389724731445
2011-10-04,4.296164035797119
2011-10-05,3.860640525817871
2011-10-06,3.518594980239868
2011-10-07,3.272359609603882
2011-10-08,3.097712755203247
2011-10-09,2.9520103931427
2011-10-10,2.8603498935699463
2011-10-11,2.9112467765808105
2011-10-12,3.582185983657837
2011-10-13,8.968964576721191
2011-10-14,16.42057228088379
2011-10-15,16.038923263549805
2011-10-16,11.33999252319336
2011-10-17,7.990139007568359
2011-10-18,6.127622604370117
2011-10-19,6.298520088195801
2011-10-20,10.704038619995117
2011-10-21,15.321159362792969
2011-10-22,12.902972221374512
2011-10-23,9.378039360046387
2011-10-24,7.313332557678223
2011-10-25,6.190324783325195
2011-10-26,5.434577941894531
2011-10-27,4.934146881103516
2011-10-28,4.615763187408447
2011-10-29,5.292502403259277
2011-10-30,8.362062454223633
2011-10-31,10.935981750488281
2011-11-01,9.892419815063477
2011-11-02,8.198923110961914
2011-11-03,7.080711364746094
2011-11-04,13.561285018920898
2011-11-05,45.665367126464844
2011-11-06,75.8206787109375
2011-11-07,53.10065460205078
2011-11-08,30.434165954589844
2011-11-09,19.706981658935547
2011-11-10,14.9083251953125
2011-11-11,12.430282592773438
2011-11-12,10.985726356506348
2011-11-13,10.007455825805664
2011-11-14,9.24592113494873
2011-11-15,8.657967567443848
2011-11-16,8.391927719116211
2011-11-17,14.884468078613281
2011-11-18,52.306453704833984
2011-11-19,76.55491638183594
2011-11-20,53.80570983886719
2011-11-21,32.4132080078125
2011-11-22,22.44393539428711
2011-11-23,17.807510375976562
2011-11-24,15.94472599029541
2011-11-25,15.001354217529297
2011-11-26,13.658182144165039
2011-11-27,12.349527359008789
2011-11-28,11.348381042480469
2011-11-29,25.365758895874023
2011-11-30,80.22828674316406
2011-12-01,111.45547485351562
2011-12-02,75.75611114501953
2011-12-03,44.09349822998047
2011-12-04,29.54861831665039
2011-12-05,22.66425323486328
2011-12-06,18.9263858795166
2011-12-07,17.335678100585938
2011-12-08,20.95697784423828
2011-12-09,28.877811431884766
2011-12-10,27.5050048828125
2011-12-11,22.33313751220703
2011-12-12,18.891956329345703
2011-12-13,16.63422393798828
2011-12-14,15.171710968017578
2011-12-15,14.210649490356445
2011-12-16,13.548418045043945
2011-12-17,15.142027854919434
2011-12-18,21.02011489868164
2011-12-19,24.04153060913086
2011-12-20,21.563295364379883
2011-12-21,21.31441879272461
2011-12-22,33.56843948364258
2011-12-23,50.7689208984375
2011-12-24,49.10457992553711
2011-12-25,39.200950622558594
2011-12-26,29.783008575439453
2011-12-27,25.166597366333008
2011-12-28,30.576141357421875
2011-12-29,39.045467376708984
2011-12-30,33.84115219116211
2011-12-31,26.816322326660156
2012-01-01,22.49688720703125
2012-01-02,19.95037841796875
2012-01-03,18.548866271972656
2012-01-04,17.384611129760742
2012-01-05,15.99653148651123
2012-01-06,14.933490753173828
2012-01-07,14.24559211730957
2012-01-08,13.756368637084961
2012-01-09,13.44655990600586
2012-01-10,13.552526473999023
2012-01-11,14.810508728027344
2012-01-12,23.518939971923828
2012-01-13,44.16165542602539
2012-01-14,45.260135650634766
2012-01-15,34.13774490356445
2012-01-16,25.86335563659668
2012-01-17,21.297115325927734
2012-01-18,19.070518493652344
2012-01-19,18.124237060546875
2012-01-20,17.065059661865234
2012-01-21,16.68065643310547
2012-01-22,19.38188934326172
2012-01-23,23.25911521911621
2012-01-24,23.32317543029785
2012-01-25,21.96409797668457
2012-01-26,19.94803810119629
2012-01-27,19.0892333984375
2012-01-28,19.987064361572266
2012-01-29,19.499025344848633
2012-01-30,17.790225982666016
2012-01-31,16.345117568969727
2012-02-01,15.367852210998535
2012-02-02,14.85180950164795
2012-02-03,14.541884422302246
2012-02-04,14.189510345458984
2012-02-05,14.213431358337402
2012-02-06,15.635998725891113
2012-02-07,16.875043869018555
2012-02-08,16.17624855041504
2012-02-09,15.048741340637207
2012-02-10,14.168926239013672
2012-02-11,13.540861129760742
2012-02-12,13.06747055053711
2012-02-13,12.625494956970215
2012-02-14,12.191713333129883
2012-02-15,11.902603149414062
2012-02-16,11.82040023803711
2012-02-17,12.504487991333008
2012-02-18,13.251595497131348
2012-02-19,13.67364501953125
2012-02-20,18.775434494018555
2012-02-21,25.228832244873047
2012-02-22,24.507680892944336
2012-02-23,21.99700164794922
2012-02-24,23.520469665527344
2012-02-25,28.96800994873047
2012-02-26,29.583251953125
2012-02-27,24.827381134033203
2012-02-28,21.949443817138672
2012-02-29,20.810672760009766
2012-03-01,19.723064422607422
2012-03-02,19.29804229736328
2012-03-03,26.638362884521484
2012-03-04,44.53615951538086
2012-03-05,47.29973220825195
2012-03-06,36.06644058227539
2012-03-07,27.307336807250977
2012-03-08,22.41524314880371
2012-03-09,20.2298526763916
2012-03-10,19.864240646362305
2012-03-11,19.118783950805664
2012-03-12,17.538143157958984
2012-03-13,16.33046531677246
2012-03-14,15.49161148071289
2012-03-15,14.651866912841797
2012-03-16,13.95657730102539
2012-03-17,14.03673267364502
2012-03-18,17.084436416625977
2012-03-19,21.586212158203125
2012-03-20,22.569318771362305
2012-03-21,24.814422607421875
2012-03-22,31.8490047454834
2012-03-23,32.97890853881836
2012-03-24,36.81966018676758
2012-03-25,93.0001220703125
2012-03-26,175.96229553222656
2012-03-27,150.10623168945312
2012-03-28,89.34115600585938
2012-03-29,53.84485626220703
2012-03-30,37.67820358276367
2012-03-31,30.072254180908203
2012-04-01,27.500627517700195
2012-04-02,25.73978042602539
2012-04-03,22.92780303955078
2012-04-04,20.850406646728516
2012-04-05,21.473697662353516
2012-04-06,23.712736129760742
2012-04-07,23.73169708251953
2012-04-08,21.254741668701172
2012-04-09,18.770700454711914
2012-04-10,16.942527770996094
2012-04-11,15.554323196411133
2012-04-12,14.455260276794434
2012-04-13,13.557907104492188
2012-04-14,12.832937240600586
2012-04-15,12.348148345947266
2012-04-16,11.859572410583496
2012-04-17,11.254953384399414
2012-04-18,10.73259449005127
2012-04-19,10.968632698059082
2012-04-20,11.678375244140625
2012-04-21,11.379518508911133
2012-04-22,11.879735946655273
2012-04-23,16.771663665771484
2012-04-24,23.35121726989746
2012-04-25,22.967369079589844
2012-04-26,19.97347640991211
2012-04-27,20.025440216064453
2012-04-28,20.078956604003906
2012-04-29,17.31866455078125
2012-04-30,14.663019180297852
2012-05-01,13.043647766113281
2012-05-02,11.943089485168457
2012-05-03,10.95811653137207
2012-05-04,9.996789932250977
2012-05-05,9.698634147644043
2012-05-06,12.222243309020996
2012-05-07,15.976364135742188
2012-05-08,15.201327323913574
2012-05-09,13.179522514343262
2012-05-10,16.697084426879883
2012-05-11,23.221162796020508
2012-05-12,20.574438095092773
2012-05-13,15.559837341308594
2012-05-14,14.223062515258789
2012-05-15,24.983901977539062
2012-05-16,46.41017532348633
2012-05-17,48.740089416503906
2012-05-18,35.715003967285156
2012-05-19,24.557832717895508
2012-05-20,17.911861419677734
2012-05-21,14.251983642578125
2012-05-22,12.293476104736328
2012-05-23,13.621929168701172
2012-05-24,19.226024627685547
2012-05-25,21.897537231445312
2012-05-26,18.348529815673828
2012-05-27,14.301199913024902
2012-05-28,11.505407333374023
2012-05-29,9.993951797485352
2012-05-30,9.862285614013672
2012-05-31,10.278970718383789
2012-06-01,10.494743347167969
2012-06-02,12.649359703063965
2012-06-03,15.26396656036377
2012-06-04,13.532918930053711
2012-06-05,10.98411750793457
2012-06-06,9.875724792480469
2012-06-07,10.528331756591797
2012-06-08,11.085258483886719
2012-06-09,10.039414405822754
2012-06-10,8.633161544799805
2012-06-11,7.7900495529174805
2012-06-12,8.197253227233887
2012-06-13,9.332073211669922
2012-06-14,9.751384735107422
2012-06-15,9.142223358154297
2012-06-16,7.958761215209961
2012-06-17,6.889620780944824
2012-06-18,6.070723533630371
2012-06-19,5.613820552825928
2012-06-20,5.445619106292725
2012-06-21,5.244838237762451
2012-06-22,5.128098964691162
2012-06-23,5.647000789642334
2012-06-24,6.889002323150635
2012-06-25,6.875086784362793
2012-06-26,6.007664680480957
2012-06-27,5.277867317199707
2012-06-28,4.691022872924805
2012-06-29,4.26711368560791
2012-06-30,3.9457497596740723
2012-07-01,3.7298169136047363
2012-07-02,3.6171092987060547
2012-07-03,3.5869717597961426
2012-07-04,3.5637173652648926
2012-07-05,3.4146811962127686
2012-07-06,3.2738595008850098
2012-07-07,3.208926200866699
2012-07-08,3.0691847801208496
2012-07-09,2.9341979026794434
2012-07-10,3.753857135772705
2012-07-11,9.62016487121582
2012-07-12,17.999202728271484
2012-07-13,17.065185546875
2012-07-14,12.106170654296875
2012-07-15,10.051156997680664
2012-07-16,9.537440299987793
2012-07-17,8.297693252563477
2012-07-18,6.879266738891602
2012-07-19,5.839006423950195
2012-07-20,5.621790409088135
2012-07-21,7.3848419189453125
2012-07-22,11.689840316772461
2012-07-23,15.904560089111328
2012-07-24,15.958966255187988
2012-07-25,12.655963897705078
2012-07-26,9.18891716003418
2012-07-27,7.150846481323242
2012-07-28,6.404696464538574
2012-07-29,7.016656398773193
2012-07-30,7.434770584106445
2012-07-31,6.443902969360352
2012-08-01,5.322813034057617
2012-08-02,4.657709121704102
2012-08-03,4.129019260406494
2012-08-04,3.7261312007904053
2012-08-05,3.5421066284179688
2012-08-06,3.479546546936035
2012-08-07,3.684129476547241
2012-08-08,4.978765487670898
2012-08-09,7.5622239112854
2012-08-10,8.975811958312988
2012-08-11,11.037800788879395
2012-08-12,17.778032302856445
2012-08-13,21.353837966918945
2012-08-14,17.011423110961914
2012-08-15,11.351125717163086
2012-08-16,7.955471515655518
2012-08-17,6.2056379318237305
2012-08-18,5.168927192687988
2012-08-19,5.12750244140625
2012-08-20,9.093759536743164
2012-08-21,16.503585815429688
2012-08-22,16.085601806640625
2012-08-23,12.575124740600586
2012-08-24,11.823112487792969
2012-08-25,10.714715003967285
2012-08-26,8.49026107788086
2012-08-27,6.696019649505615
2012-08-28,5.576419830322266
2012-08-29,4.922234535217285
2012-08-30,5.309699058532715
2012-08-31,6.343048572540283
2012-09-01,6.108288764953613
2012-09-02,5.156618595123291
2012-09-03,12.53091812133789
2012-09-04,30.066722869873047
2012-09-05,35.08246994018555
2012-09-06,25.227632522583008
2012-09-07,19.221969604492188
2012-09-08,15.520565032958984
2012-09-09,13.904463768005371
2012-09-10,12.458189964294434
2012-09-11,9.717350959777832
2012-09-12,7.585973739624023
2012-09-13,6.297027111053467
2012-09-14,5.506152629852295
2012-09-15,4.992889404296875
2012-09-16,4.843938827514648
2012-09-17,5.847835540771484
2012-09-18,13.270030975341797
2012-09-19,39.61150360107422
2012-09-20,47.36875915527344
2012-09-21,30.040184020996094
2012-09-22,17.742156982421875
2012-09-23,12.215272903442383
2012-09-24,9.634855270385742
2012-09-25,8.047113418579102
2012-09-26,6.96425724029541
2012-09-27,6.216842174530029
2012-09-28,5.846078872680664
2012-09-29,8.258123397827148
2012-09-30,15.104427337646484
2012-10-01,18.631479263305664
2012-10-02,16.647436141967773
2012-10-03,15.976762771606445
2012-10-04,14.645620346069336
2012-10-05,12.062479972839355
2012-10-06,9.713306427001953
2012-10-07,8.726312637329102
2012-10-08,10.430486679077148
2012-10-09,13.703192710876465
2012-10-10,14.416498184204102
2012-10-11,12.442641258239746
2012-10-12,10.278647422790527
2012-10-13,8.732452392578125
2012-10-14,7.78214168548584
2012-10-15,7.541335582733154
2012-10-16,8.554232597351074
2012-10-17,9.72169303894043
2012-10-18,9.284347534179688
2012-10-19,8.508749008178711
2012-10-20,8.710201263427734
2012-10-21,9.01111125946045
2012-10-22,8.46924877166748
2012-10-23,7.676097869873047
2012-10-24,7.036774635314941
2012-10-25,6.527533531188965
2012-10-26,6.156207084655762
2012-10-27,5.874021530151367
2012-10-28,5.669245719909668
2012-10-29,5.543791770935059
2012-10-30,5.688144683837891
2012-10-31,5.9608683586120605
2012-11-01,6.007511138916016
2012-11-02,5.932562828063965
2012-11-03,5.850452899932861
2012-11-04,5.709031105041504
2012-11-05,5.571455001831055
2012-11-06,5.473858833312988
2012-11-07,5.4218668937683105
2012-11-08,5.4094743728637695
2012-11-09,5.402905464172363
2012-11-10,5.426671504974365
2012-11-11,5.473234176635742
2012-11-12,5.436233997344971
2012-11-13,5.447438716888428
2012-11-14,5.824774742126465
2012-11-15,6.251521110534668
2012-11-16,6.472562789916992
2012-11-17,6.489107131958008
2012-11-18,6.260328769683838
2012-11-19,6.024590492248535
2012-11-20,5.843348503112793
2012-11-21,5.750662326812744
2012-11-22,5.6985697746276855
2012-11-23,5.658206939697266
2012-11-24,5.6041259765625
2012-11-25,5.471837997436523
2012-11-26,5.40968132019043
2012-11-27,5.391149520874023
2012-11-28,5.432523727416992
2012-11-29,5.575045585632324
2012-11-30,5.621744155883789
2012-12-01,5.60575532913208
2012-12-02,5.6411309242248535
2012-12-03,5.635470867156982
2012-12-04,5.604979038238525
2012-12-05,5.5804033279418945
2012-12-06,5.54672384262085
2012-12-07,5.540346622467041
2012-12-08,5.717042922973633
2012-12-09,6.087374687194824
2012-12-10,6.208930015563965
2012-12-11,6.213111400604248
2012-12-12,6.196747303009033
2012-12-13,6.182326316833496
2012-12-14,6.273612976074219
2012-12-15,6.308987140655518
2012-12-16,6.256542682647705
2012-12-17,6.661748886108398
2012-12-18,8.182511329650879
2012-12-19,9.590913772583008
2012-12-20,9.353347778320312
2012-12-21,9.201801300048828
2012-12-22,10.613886833190918
2012-12-23,11.289462089538574
2012-12-24,10.333551406860352
2012-12-25,9.615921974182129
2012-12-26,14.115106582641602
2012-12-27,33.700199127197266
2012-12-28,48.52037048339844
2012-12-29,37.51078414916992
2012-12-30,27.48046875
2012-12-31,22.290302276611328
2013-01-01,17.91875457763672
2013-01-02,17.1106014251709
2013-01-03,19.823081970214844
2013-01-04,20.255504608154297
2013-01-05,18.193012237548828
2013-01-06,15.636940956115723
2013-01-07,13.953814506530762
2013-01-08,12.840283393859863
2013-01-09,12.009299278259277
2013-01-10,11.373897552490234
2013-01-11,10.941227912902832
2013-01-12,11.13817024230957
2013-01-13,11.64318561553955
2013-01-14,11.762564659118652
2013-01-15,14.682605743408203
2013-01-16,25.990558624267578
2013-01-17,54.15012741088867
2013-01-18,168.36795043945312
2013-01-19,248.75291442871094
2013-01-20,159.8834228515625
2013-01-21,84.05307006835938
2013-01-22,50.61814880371094
2013-01-23,36.00650405883789
2013-01-24,28.737436294555664
2013-01-25,24.331443786621094
2013-01-26,21.271038055419922
2013-01-27,19.93228530883789
2013-01-28,18.79288673400879
2013-01-29,18.3327693939209
2013-01-30,18.12628936767578
2013-01-31,21.85320281982422
2013-02-01,36.8809814453125
2013-02-02,41.972068786621094
2013-02-03,34.427669525146484
2013-02-04,27.150314331054688
2013-02-05,22.617162704467773
2013-02-06,19.812963485717773
2013-02-07,18.127822875976562
2013-02-08,25.339494705200195
2013-02-09,50.71730422973633
2013-02-10,63.562705993652344
2013-02-11,48.941810607910156
2013-02-12,38.685455322265625
2013-02-13,36.5845947265625
2013-02-14,35.999752044677734
2013-02-15,36.036109924316406
2013-02-16,31.941783905029297
2013-02-17,31.5087947845459
2013-02-18,30.743574142456055
2013-02-19,27.385032653808594
2013-02-20,28.93413543701172
2013-02-21,30.75045394897461
2013-02-22,28.2634220123291
2013-02-23,35.138248443603516
2013-02-24,50.47635269165039
2013-02-25,51.8382568359375
2013-02-26,51.923423767089844
2013-02-27,81.77949523925781
2013-02-28,102.04747772216797
2013-03-01,75.0103530883789
2013-03-02,51.16322326660156
2013-03-03,38.53607940673828
2013-03-04,31.73903465270996
2013-03-05,27.390586853027344
2013-03-06,26.330013275146484
2013-03-07,30.51772117614746
2013-03-08,32.833465576171875
2013-03-09,29.83346939086914
2013-03-10,25.99110221862793
2013-03-11,23.361061096191406
2013-03-12,27.34469223022461
2013-03-13,45.1928825378418
2013-03-14,56.435386657714844
2013-03-15,46.53942108154297
2013-03-16,35.55763244628906
2013-03-17,29.261486053466797
2013-03-18,25.67111587524414
2013-03-19,25.40431785583496
2013-03-20,26.207149505615234
2013-03-21,24.812345504760742
2013-03-22,22.649574279785156
2013-03-23,20.839035034179688
2013-03-24,22.371849060058594
2013-03-25,35.08211135864258
2013-03-26,49.08610153198242
2013-03-27,44.69928741455078
2013-03-28,35.638092041015625
2013-03-29,29.117101669311523
2013-03-30,24.983535766601562
2013-03-31,24.21033477783203
2013-04-01,30.338844299316406
2013-04-02,36.915287017822266
2013-04-03,34.19921875
2013-04-04,30.8925838470459
2013-04-05,38.18170928955078
2013-04-06,51.87315368652344
2013-04-07,52.78040313720703
2013-04-08,42.501670837402344
2013-04-09,33.733455657958984
2013-04-10,28.098087310791016
2013-04-11,24.353256225585938
2013-04-12,23.492782592773438
2013-04-13,27.147884368896484
2013-04-14,29.641305923461914
2013-04-15,26.549049377441406
2013-04-16,23.504785537719727
2013-04-17,21.78652572631836
2013-04-18,20.00106430053711
2013-04-19,18.827157974243164
2013-04-20,22.04145050048828
2013-04-21,26.081199645996094
2013-04-22,24.208633422851562
2013-04-23,20.874408721923828
2013-04-24,18.55232048034668
2013-04-25,16.985694885253906
2013-04-26,15.594717979431152
2013-04-27,14.40254020690918
2013-04-28,13.990306854248047
2013-04-29,22.686418533325195
2013-04-30,48.50442886352539
2013-05-01,59.2188606262207
2013-05-02,45.22637176513672
2013-05-03,32.15995407104492
2013-05-04,24.894556045532227
2013-05-05,20.576980590820312
2013-05-06,21.049734115600586
2013-05-07,34.48538589477539
2013-05-08,57.35691833496094
2013-05-09,64.92477416992188
2013-05-10,57.10686492919922
2013-05-11,42.55937194824219
2013-05-12,31.754640579223633
2013-05-13,26.5130672454834
2013-05-14,22.551116943359375
2013-05-15,19.43217658996582
2013-05-16,17.244840621948242
2013-05-17,15.321700096130371
2013-05-18,14.159616470336914
2013-05-19,19.2298583984375
2013-05-20,36.20685958862305
2013-05-21,47.13666534423828
2013-05-22,41.410369873046875
2013-05-23,34.44566345214844
2013-05-24,37.935325622558594
2013-05-25,39.80592346191406
2013-05-26,30.677001953125
2013-05-27,23.021961212158203
2013-05-28,18.574840545654297
2013-05-29,15.884035110473633
2013-05-30,13.92074966430664
2013-05-31,12.377738952636719
2013-06-01,11.167987823486328
2013-06-02,10.22166633605957
2013-06-03,11.262716293334961
2013-06-04,17.614896774291992
2013-06-05,21.6314697265625
2013-06-06,18.68332862854004
2013-06-07,31.847511291503906
2013-06-08,73.83966064453125
2013-06-09,87.26075744628906
2013-06-10,76.31188201904297
2013-06-11,90.93733215332031
2013-06-12,93.14297485351562
2013-06-13,62.93656921386719
2013-06-14,42.83281707763672
2013-06-15,32.37127685546875
2013-06-16,24.317821502685547
2013-06-17,19.178924560546875
2013-06-18,17.232601165771484
2013-06-19,20.519001007080078
2013-06-20,23.640579223632812
2013-06-21,20.476642608642578
2013-06-22,16.377079010009766
2013-06-23,14.008734703063965
2013-06-24,13.038557052612305
2013-06-25,12.619454383850098
2013-06-26,13.731700897216797
2013-06-27,17.620134353637695
2013-06-28,20.027217864990234
2013-06-29,24.062149047851562
2013-06-30,53.45287322998047
2013-07-01,81.19509887695312
2013-07-02,77.93364715576172
2013-07-03,85.37300872802734
2013-07-04,108.09961700439453
2013-07-05,98.86387634277344
2013-07-06,70.36541748046875
2013-07-07,51.07137680053711
2013-07-08,46.920753479003906
2013-07-09,63.98896026611328
2013-07-10,73.09994506835938
2013-07-11,76.23583984375
2013-07-12,109.14022064208984
2013-07-13,121.15235900878906
2013-07-14,90.30913543701172
2013-07-15,69.49488830566406
2013-07-16,55.761016845703125
2013-07-17,41.040077209472656
2013-07-18,29.449462890625
2013-07-19,23.554636001586914
2013-07-20,20.25208282470703
2013-07-21,18.0068359375
2013-07-22,18.58289909362793
2013-07-23,20.691036224365234
2013-07-24,19.30556869506836
2013-07-25,16.622150421142578
2013-07-26,15.933797836303711
2013-07-27,16.066608428955078
2013-07-28,18.8961238861084
2013-07-29,25.158971786499023
2013-07-30,25.446781158447266
2013-07-31,20.309261322021484
2013-08-01,18.7615909576416
2013-08-02,24.98395538330078
2013-08-03,30.265764236450195
2013-08-04,27.393129348754883
2013-08-05,21.7270450592041
2013-08-06,16.97878074645996
2013-08-07,16.576326370239258
2013-08-08,16.77035903930664
2013-08-09,14.821224212646484
2013-08-10,13.432731628417969
2013-08-11,14.484908103942871
2013-08-12,16.16176986694336
2013-08-13,15.862133026123047
2013-08-14,16.175922393798828
2013-08-15,16.338804244995117
2013-08-16,13.94290542602539
2013-08-17,11.816198348999023
2013-08-18,12.941750526428223
2013-08-19,25.084793090820312
2013-08-20,41.132896423339844
2013-08-21,44.406707763671875
2013-08-22,42.25381851196289
2013-08-23,37.0081787109375
2013-08-24,27.579570770263672
2013-08-25,20.991838455200195
2013-08-26,16.63966941833496
2013-08-27,13.892826080322266
2013-08-28,12.114250183105469
2013-08-29,10.808271408081055
2013-08-30,9.841924667358398
2013-08-31,9.015724182128906
2013-09-01,9.374495506286621
2013-09-02,14.277826309204102
2013-09-03,20.147567749023438
2013-09-04,18.382606506347656
2013-09-05,14.277551651000977
2013-09-06,11.513696670532227
2013-09-07,9.744892120361328
2013-09-08,8.642780303955078
2013-09-09,7.951420783996582
2013-09-10,7.464210033416748
2013-09-11,7.043808937072754
2013-09-12,6.677475929260254
2013-09-13,6.492304801940918
2013-09-14,6.478659152984619
2013-09-15,6.315368175506592
2013-09-16,6.056452751159668
2013-09-17,5.791853427886963
2013-09-18,5.527935028076172
2013-09-19,5.317347526550293
2013-09-20,5.307212829589844
2013-09-21,5.7108659744262695
2013-09-22,7.177789688110352
2013-09-23,9.144186019897461
2013-09-24,9.399402618408203
2013-09-25,8.306800842285156
2013-09-26,7.337591171264648
2013-09-27,6.698507308959961
2013-09-28,6.1685791015625
2013-09-29,5.759445667266846
2013-09-30,5.5223894119262695
2013-10-01,5.423209190368652
2013-10-02,5.275667667388916
2013-10-03,5.1190996170043945
2013-10-04,5.044233322143555
2013-10-05,4.9183149337768555
2013-10-06,4.7542619705200195
2013-10-07,5.224603176116943
2013-10-08,7.077826023101807
2013-10-09,8.437148094177246
2013-10-10,8.298582077026367
2013-10-11,8.383096694946289
2013-10-12,8.498417854309082
2013-10-13,8.013425827026367
2013-10-14,7.638644218444824
2013-10-15,7.412565231323242
2013-10-16,6.987036228179932
2013-10-17,6.583132266998291
2013-10-18,6.3434038162231445
2013-10-19,6.222640037536621
2013-10-20,6.143809795379639
2013-10-21,6.0443034172058105
2013-10-22,5.861419677734375
2013-10-23,5.70304012298584
2013-10-24,5.5673699378967285
2013-10-25,5.4099931716918945
2013-10-26,5.255155563354492
2013-10-27,5.169077396392822
2013-10-28,5.104402542114258
2013-10-29,5.185611248016357
2013-10-30,5.257943630218506
2013-10-31,5.2894511222839355
2013-11-01,5.411409854888916
2013-11-02,6.124920845031738
2013-11-03,6.739332675933838
2013-11-04,6.570683002471924
2013-11-05,6.262568473815918
2013-11-06,6.147539138793945
2013-11-07,5.991297245025635
2013-11-08,5.843029499053955
2013-11-09,5.773725509643555
2013-11-10,5.7524333000183105
2013-11-11,5.710577964782715
2013-11-12,5.610621452331543
2013-11-13,5.575604438781738
2013-11-14,5.708388805389404
2013-11-15,5.7894487380981445
2013-11-16,5.790498733520508
2013-11-17,5.815930366516113
2013-11-18,6.02203369140625
2013-11-19,6.276314735412598
2013-11-20,6.2991790771484375
2013-11-21,6.148455619812012
2013-11-22,6.1010942459106445
2013-11-23,6.090429306030273
2013-11-24,5.981072902679443
2013-11-25,5.8384904861450195
2013-11-26,5.977656841278076
2013-11-27,12.305765151977539
2013-11-28,34.443607330322266
2013-11-29,41.5918083190918
2013-11-30,28.65827178955078
2013-12-01,18.68396759033203
2013-12-02,14.376852989196777
2013-12-03,12.288033485412598
2013-12-04,11.028470039367676
2013-12-05,10.38733196258545
2013-12-06,10.227910041809082
2013-12-07,10.420181274414062
2013-12-08,12.578326225280762
2013-12-09,16.531951904296875
2013-12-10,22.65220832824707
2013-12-11,32.73027420043945
2013-12-12,33.42457962036133
2013-12-13,25.331069946289062
2013-12-14,21.358457565307617
2013-12-15,28.44131851196289
2013-12-16,37.31946563720703
2013-12-17,31.9154052734375
2013-12-18,24.07423210144043
2013-12-19,19.362823486328125
2013-12-20,16.743793487548828
2013-12-21,15.057097434997559
2013-12-22,13.964548110961914
2013-12-23,25.53968620300293
2013-12-24,77.885986328125
2013-12-25,112.73748016357422
2013-12-26,78.73368835449219
2013-12-27,45.91035842895508
2013-12-28,31.189258575439453
2013-12-29,45.009456634521484
2013-12-30,95.84483337402344
2013-12-31,112.39788055419922
2014-01-01,75.33578491210938
2014-01-02,48.40568542480469
2014-01-03,38.66734313964844
2014-01-04,36.73958206176758
2014-01-05,32.341148376464844
2014-01-06,34.41952133178711
2014-01-07,44.17301940917969
2014-01-08,40.927486419677734
2014-01-09,32.30876159667969
2014-01-10,30.00031852722168
2014-01-11,83.71585845947266
2014-01-12,223.7642822265625
2014-01-13,259.6192321777344
2014-01-14,158.5904998779297
2014-01-15,99.85274505615234
2014-01-16,78.3917236328125
2014-01-17,60.54294967651367
2014-01-18,46.518009185791016
2014-01-19,37.804203033447266
2014-01-20,32.22589111328125
2014-01-21,28.62506675720215
2014-01-22,26.881494522094727
2014-01-23,25.92798614501953
2014-01-24,24.28500747680664
2014-01-25,22.61284828186035
2014-01-26,21.09422492980957
2014-01-27,19.859233856201172
2014-01-28,19.15960693359375
2014-01-29,18.795520782470703
2014-01-30,18.56053924560547
2014-01-31,17.88669204711914
2014-02-01,17.461101531982422
2014-02-02,17.26581382751465
2014-02-03,17.513328552246094
2014-02-04,19.507726669311523
2014-02-05,24.390769958496094
2014-02-06,31.579059600830078
2014-02-07,34.74830627441406
2014-02-08,29.59639549255371
2014-02-09,25.208126068115234
2014-02-10,22.61090660095215
2014-02-11,21.150630950927734
2014-02-12,20.429248809814453
2014-02-13,26.038955688476562
2014-02-14,47.551944732666016
2014-02-15,73.47095489501953
2014-02-16,81.44097900390625
2014-02-17,72.46649169921875
2014-02-18,57.050254821777344
2014-02-19,48.58757781982422
2014-02-20,49.432430267333984
2014-02-21,52.47747802734375
2014-02-22,57.75127410888672
2014-02-23,57.745506286621094
2014-02-24,46.643856048583984
2014-02-25,37.67698669433594
2014-02-26,31.701507568359375
2014-02-27,27.97129249572754
2014-02-28,25.548757553100586
2014-03-01,23.838756561279297
2014-03-02,22.169994354248047
2014-03-03,21.604721069335938
2014-03-04,24.561424255371094
2014-03-05,28.91729164123535
2014-03-06,27.967565536499023
2014-03-07,67.5708236694336
2014-03-08,179.9563446044922
2014-03-09,222.2274627685547
2014-03-10,153.001220703125
2014-03-11,96.92066955566406
2014-03-12,70.79698181152344
2014-03-13,63.07167434692383
2014-03-14,57.045841217041016
2014-03-15,46.57741165161133
2014-03-16,40.59876251220703
2014-03-17,44.1323356628418
2014-03-18,59.02152633666992
2014-03-19,72.38253021240234
2014-03-20,72.34515380859375
2014-03-21,62.00485610961914
2014-03-22,49.50128173828125
2014-03-23,42.1590461730957
2014-03-24,39.33073043823242
2014-03-25,37.86101531982422
2014-03-26,35.04435729980469
2014-03-27,33.21746826171875
2014-03-28,30.42974281311035
2014-03-29,30.80318260192871
2014-03-30,35.20568084716797
2014-03-31,36.4802360534668
2014-04-01,33.021514892578125
2014-04-02,29.504528045654297
2014-04-03,27.103328704833984
2014-04-04,25.205307006835938
2014-04-05,23.610027313232422
2014-04-06,22.190326690673828
2014-04-07,29.884544372558594
2014-04-08,65.11402893066406
2014-04-09,96.73442077636719
2014-04-10,76.62626647949219
2014-04-11,53.109859466552734
2014-04-12,40.004661560058594
2014-04-13,32.777565002441406
2014-04-14,28.501041412353516
2014-04-15,31.64948081970215
2014-04-16,60.818931579589844
2014-04-17,87.29865264892578
2014-04-18,70.09232330322266
2014-04-19,54.47169876098633
2014-04-20,61.46536636352539
2014-04-21,65.80667877197266
2014-04-22,52.22041320800781
2014-04-23,40.790531158447266
2014-04-24,33.87255859375
2014-04-25,32.18352127075195
2014-04-26,36.497196197509766
2014-04-27,36.78828811645508
2014-04-28,31.00536346435547
2014-04-29,27.362468719482422
2014-04-30,27.995357513427734
2014-05-01,33.69379425048828
2014-05-02,37.2305793762207
2014-05-03,32.07121658325195
2014-05-04,26.728919982910156
2014-05-05,23.35694694519043
2014-05-06,20.898174285888672
2014-05-07,19.23851203918457
2014-05-08,17.9124755859375
2014-05-09,16.9174861907959
2014-05-10,16.510356903076172
2014-05-11,17.421737670898438
2014-05-12,18.259628295898438
2014-05-13,17.055631637573242
2014-05-14,15.429777145385742
2014-05-15,23.9857177734375
2014-05-16,115.77476501464844
2014-05-17,173.96908569335938
2014-05-18,106.03374481201172
2014-05-19,59.41633987426758
2014-05-20,38.463890075683594
2014-05-21,29.032888412475586
2014-05-22,23.564790725708008
2014-05-23,19.912416458129883
2014-05-24,17.569721221923828
2014-05-25,15.935539245605469
2014-05-26,14.665658950805664
2014-05-27,14.013130187988281
2014-05-28,14.317811965942383
2014-05-29,14.452728271484375
2014-05-30,13.50684928894043
2014-05-31,12.83298110961914
2014-06-01,12.54744815826416
2014-06-02,11.983121871948242
2014-06-03,11.212944984436035
2014-06-04,10.787705421447754
2014-06-05,10.59323501586914
2014-06-06,10.246471405029297
2014-06-07,9.651331901550293
2014-06-08,9.041618347167969
2014-06-09,8.652277946472168
2014-06-10,8.6741361618042
2014-06-11,9.379112243652344
2014-06-12,11.123388290405273
2014-06-13,14.103837013244629
2014-06-14,15.759417533874512
2014-06-15,13.921401023864746
2014-06-16,11.21304702758789
2014-06-17,9.467519760131836
2014-06-18,8.544759750366211
2014-06-19,8.032720565795898
2014-06-20,7.76226806640625
2014-06-21,7.9043474197387695
2014-06-22,8.195219993591309
2014-06-23,7.967648029327393
2014-06-24,7.300328254699707
2014-06-25,6.716216564178467
2014-06-26,6.491962432861328
2014-06-27,6.408578395843506
2014-06-28,6.3973188400268555
2014-06-29,6.292905807495117
2014-06-30,5.977481842041016
2014-07-01,5.610252380371094
2014-07-02,5.252315521240234
2014-07-03,4.961438179016113
2014-07-04,4.8288397789001465
2014-07-05,4.793948173522949
2014-07-06,4.640953540802002
2014-07-07,4.378777503967285
2014-07-08,4.139308452606201
2014-07-09,3.9004838466644287
2014-07-10,3.7968623638153076
2014-07-11,4.135439872741699
2014-07-12,4.529472351074219
2014-07-13,4.379703998565674
2014-07-14,4.000798225402832
2014-07-15,4.121313571929932
2014-07-16,5.217062473297119
2014-07-17,6.78993558883667
2014-07-18,6.99149227142334
2014-07-19,5.906496047973633
2014-07-20,5.129834175109863
2014-07-21,5.591851711273193
2014-07-22,7.150150299072266
2014-07-23,7.638428688049316
2014-07-24,7.004886150360107
2014-07-25,7.4361090660095215
2014-07-26,7.8606648445129395
2014-07-27,6.947232723236084
2014-07-28,6.190603733062744
2014-07-29,5.813950061798096
2014-07-30,5.2127485275268555
2014-07-31,4.769970893859863
2014-08-01,5.369778156280518
2014-08-02,8.555806159973145
2014-08-03,11.437604904174805
2014-08-04,10.135614395141602
2014-08-05,7.648486137390137
2014-08-06,6.05772590637207
2014-08-07,5.127777099609375
2014-08-08,4.590847015380859
2014-08-09,5.028404235839844
2014-08-10,6.7790045738220215
2014-08-11,8.955750465393066
2014-08-12,14.07927417755127
2014-08-13,19.070087432861328
2014-08-14,17.903879165649414
2014-08-15,12.53512191772461
2014-08-16,8.725024223327637
2014-08-17,6.915289878845215
2014-08-18,6.157504558563232
2014-08-19,6.761625289916992
2014-08-20,7.5466742515563965
2014-08-21,7.074862003326416
2014-08-22,6.024001598358154
2014-08-23,5.291482448577881
2014-08-24,5.094742298126221
2014-08-25,4.963428497314453
2014-08-26,4.634048938751221
2014-08-27,4.254697322845459
2014-08-28,3.9591567516326904
2014-08-29,3.693711519241333
2014-08-30,3.471982955932617
2014-08-31,3.3052573204040527
2014-09-01,3.140585422515869
2014-09-02,3.0087833404541016
2014-09-03,2.9424471855163574
2014-09-04,3.075310707092285
2014-09-05,3.799159526824951
2014-09-06,4.869833946228027
2014-09-07,5.3042497634887695
2014-09-08,5.109446048736572
2014-09-09,5.449628829956055
2014-09-10,6.294559478759766
2014-09-11,5.899782657623291
2014-09-12,5.0922136306762695
2014-09-13,4.81082010269165
2014-09-14,5.0134124755859375
2014-09-15,4.936289310455322
2014-09-16,4.593175888061523
2014-09-17,4.425633430480957
2014-09-18,4.415184497833252
2014-09-19,4.267419815063477
2014-09-20,4.033709526062012
2014-09-21,3.7933127880096436
2014-09-22,3.5802154541015625
2014-09-23,3.404818534851074
2014-09-24,3.7358362674713135
2014-09-25,4.6562299728393555
2014-09-26,4.997862815856934
2014-09-27,4.746616363525391
2014-09-28,4.292632579803467
2014-09-29,3.9816904067993164
2014-09-30,4.021664142608643
2014-10-01,4.07235050201416
2014-10-02,3.898975372314453
2014-10-03,3.7402427196502686
2014-10-04,3.624525547027588
2014-10-05,3.5474514961242676
2014-10-06,3.4501280784606934
2014-10-07,3.310288429260254
2014-10-08,3.197814464569092
2014-10-09,3.092578887939453
2014-10-10,3.0834360122680664
2014-10-11,3.7619810104370117
2014-10-12,4.925254821777344
2014-10-13,5.483381271362305
2014-10-14,5.62858772277832
2014-10-15,8.24317741394043
2014-10-16,14.50052547454834
2014-10-17,15.641227722167969
2014-10-18,11.641948699951172
2014-10-19,8.345693588256836
2014-10-20,6.563365459442139
2014-10-21,5.617474555969238
2014-10-22,5.0276641845703125
2014-10-23,4.613339900970459
2014-10-24,4.304108619689941
2014-10-25,4.110177993774414
2014-10-26,3.9617881774902344
2014-10-27,3.8328633308410645
2014-10-28,3.7919235229492188
2014-10-29,3.710622549057007
2014-10-30,3.5980587005615234
2014-10-31,3.535940408706665
2014-11-01,3.7285449504852295
2014-11-02,4.87098503112793
2014-11-03,6.27547550201416
2014-11-04,6.412300109863281
2014-11-05,5.759986400604248
2014-11-06,5.342731475830078
2014-11-07,5.441765785217285
2014-11-08,5.682002067565918
2014-11-09,5.507040977478027
2014-11-10,5.242295742034912
2014-11-11,5.11295223236084
2014-11-12,4.995656967163086
2014-11-13,4.839329242706299
2014-11-14,4.740065097808838
2014-11-15,4.645876884460449
2014-11-16,4.612476348876953
2014-11-17,4.994953632354736
2014-11-18,6.474278450012207
2014-11-19,8.009745597839355
2014-11-20,7.594241142272949
2014-11-21,6.708751201629639
2014-11-22,6.124492168426514
2014-11-23,5.865900993347168
2014-11-24,6.344155311584473
2014-11-25,8.392789840698242
2014-11-26,15.156886100769043
2014-11-27,31.126937866210938
2014-11-28,40.60810852050781
2014-11-29,30.377727508544922
2014-11-30,20.01259994506836
2014-12-01,14.706290245056152
2014-12-02,11.98189926147461
2014-12-03,10.355164527893066
2014-12-04,9.32811164855957
2014-12-05,8.641759872436523
2014-12-06,8.187774658203125
2014-12-07,8.154315948486328
2014-12-08,8.316805839538574
2014-12-09,8.650139808654785
2014-12-10,10.458867073059082
2014-12-11,11.766385078430176
2014-12-12,10.904562950134277
2014-12-13,9.826021194458008
2014-12-14,9.104188919067383
2014-12-15,8.573326110839844
2014-12-16,8.322872161865234
2014-12-17,8.510923385620117
2014-12-18,8.548303604125977
2014-12-19,8.219586372375488
2014-12-20,7.895180702209473
2014-12-21,7.7324628829956055
2014-12-22,7.816600799560547
2014-12-23,8.675097465515137
2014-12-24,21.77906036376953
2014-12-25,55.63008117675781
2014-12-26,63.784603118896484
2014-12-27,41.819820404052734
2014-12-28,27.024477005004883
2014-12-29,23.03477668762207
2014-12-30,28.7659854888916
2014-12-31,32.31901931762695
2015-01-01,27.35647964477539
2015-01-02,21.491558074951172
2015-01-03,18.249338150024414
2015-01-04,18.748083114624023
2015-01-05,22.036972045898438
2015-01-06,23.138214111328125
2015-01-07,20.154146194458008
2015-01-08,17.038305282592773
2015-01-09,14.927085876464844
2015-01-10,13.570982933044434
2015-01-11,12.555401802062988
2015-01-12,17.26895523071289
2015-01-13,32.99247741699219
2015-01-14,40.95155334472656
2015-01-15,34.65068054199219
2015-01-16,26.663545608520508
2015-01-17,21.76403045654297
2015-01-18,19.403076171875
2015-01-19,19.203706741333008
2015-01-20,18.41499900817871
2015-01-21,16.74474334716797
2015-01-22,15.256261825561523
2015-01-23,14.886185646057129
2015-01-24,23.63143539428711
2015-01-25,39.74501037597656
2015-01-26,42.98110580444336
2015-01-27,35.20286178588867
2015-01-28,28.078622817993164
2015-01-29,22.77383804321289
2015-01-30,19.454212188720703
2015-01-31,17.50459861755371
2015-02-01,16.060195922851562
2015-02-02,16.220624923706055
2015-02-03,19.776649475097656
2015-02-04,22.27547264099121
2015-02-05,20.674846649169922
2015-02-06,18.312740325927734
2015-02-07,16.4832763671875
2015-02-08,15.190205574035645
2015-02-09,14.82078742980957
2015-02-10,22.93258285522461
2015-02-11,38.62846374511719
2015-02-12,41.604881286621094
2015-02-13,32.84557342529297
2015-02-14,25.92383575439453
2015-02-15,21.16162109375
2015-02-16,18.43324089050293
2015-02-17,17.3140811920166
2015-02-18,18.04579734802246
2015-02-19,18.45795440673828
2015-02-20,17.328426361083984
2015-02-21,16.06134605407715
2015-02-22,17.322397232055664
2015-02-23,24.389568328857422
2015-02-24,32.64569854736328
2015-02-25,32.805824279785156
2015-02-26,39.919105529785156
2015-02-27,60.741127014160156
2015-02-28,65.54347229003906
2015-03-01,55.58671951293945
2015-03-02,52.214599609375
2015-03-03,58.193817138671875
2015-03-04,59.83476257324219
2015-03-05,84.46206665039062
2015-03-06,134.1241455078125
2015-03-07,140.37530517578125
2015-03-08,96.24446105957031
2015-03-09,65.74040985107422
2015-03-10,49.876502990722656
2015-03-11,40.608036041259766
2015-03-12,35.29613494873047
2015-03-13,31.991512298583984
2015-03-14,29.21639633178711
2015-03-15,31.148975372314453
2015-03-16,33.603824615478516
2015-03-17,30.125995635986328
2015-03-18,26.112483978271484
2015-03-19,23.813472747802734
2015-03-20,28.565448760986328
2015-03-21,39.03253936767578
2015-03-22,41.166717529296875
2015-03-23,34.88469696044922
2015-03-24,29.122844696044922
2015-03-25,25.00973892211914
2015-03-26,23.589618682861328
2015-03-27,26.318328857421875
2015-03-28,32.93885803222656
2015-03-29,35.91603088378906
2015-03-30,30.63027572631836
2015-03-31,26.854623794555664
2015-04-01,23.966466903686523
2015-04-02,21.457595825195312
2015-04-03,19.684410095214844
2015-04-04,18.426971435546875
2015-04-05,17.39166831970215
2015-04-06,16.34883689880371
2015-04-07,15.596050262451172
2015-04-08,15.266988754272461
2015-04-09,16.551761627197266
2015-04-10,21.172903060913086
2015-04-11,23.194725036621094
2015-04-12,20.702564239501953
2015-04-13,17.604324340820312
2015-04-14,16.096811294555664
2015-04-15,19.046218872070312
2015-04-16,28.27707290649414
2015-04-17,35.8852653503418
2015-04-18,34.788692474365234
2015-04-19,32.32881546020508
2015-04-20,65.68013000488281
2015-04-21,88.80751037597656
2015-04-22,72.47457122802734
2015-04-23,48.43735122680664
2015-04-24,34.117637634277344
2015-04-25,26.443603515625
2015-04-26,23.83514404296875
2015-04-27,23.783451080322266
2015-04-28,22.607690811157227
2015-04-29,20.2146053314209
2015-04-30,18.43619155883789
2015-05-01,24.889171600341797
2015-05-02,43.35018539428711
2015-05-03,50.969444274902344
2015-05-04,39.511016845703125
2015-05-05,29.204692840576172
2015-05-06,22.94536018371582
2015-05-07,19.094619750976562
2015-05-08,16.62519073486328
2015-05-09,15.020540237426758
2015-05-10,14.224198341369629
2015-05-11,14.048601150512695
2015-05-12,13.613876342773438
2015-05-13,12.775748252868652
2015-05-14,11.828454971313477
2015-05-15,10.770095825195312
2015-05-16,10.036425590515137
2015-05-17,9.51646614074707
2015-05-18,8.952103614807129
2015-05-19,8.72626781463623
2015-05-20,9.03825569152832
2015-05-21,9.233768463134766
2015-05-22,10.131331443786621
2015-05-23,11.297964096069336
2015-05-24,10.413186073303223
2015-05-25,9.090411186218262
2015-05-26,8.159863471984863
2015-05-27,7.459358215332031
2015-05-28,7.133235454559326
2015-05-29,6.847043991088867
2015-05-30,6.5257391929626465
2015-05-31,6.246016025543213
2015-06-01,6.323177337646484
2015-06-02,8.084452629089355
2015-06-03,11.432862281799316
2015-06-04,13.845190048217773
2015-06-05,13.67577838897705
2015-06-06,11.585763931274414
2015-06-07,9.448151588439941
2015-06-08,7.830183029174805
2015-06-09,7.501405715942383
2015-06-10,9.223491668701172
2015-06-11,10.011900901794434
2015-06-12,8.661294937133789
2015-06-13,7.170965671539307
2015-06-14,6.271150588989258
2015-06-15,5.640376091003418
2015-06-16,5.1048126220703125
2015-06-17,4.693497180938721
2015-06-18,4.473746299743652
2015-06-19,5.0191497802734375
2015-06-20,5.909201622009277
2015-06-21,6.277186393737793
2015-06-22,5.966409683227539
2015-06-23,5.228206634521484
2015-06-24,4.582010746002197
2015-06-25,4.201174736022949
2015-06-26,4.698060989379883
2015-06-27,9.684042930603027
2015-06-28,14.080894470214844
2015-06-29,12.313718795776367
2015-06-30,9.032928466796875
2015-07-01,7.794984340667725
2015-07-02,7.158721923828125
2015-07-03,7.145321846008301
2015-07-04,8.36895751953125
2015-07-05,9.72421932220459
2015-07-06,11.266366958618164
2015-07-07,12.271758079528809
2015-07-08,11.746955871582031
2015-07-09,9.70871353149414
2015-07-10,7.509407043457031
2015-07-11,5.943580627441406
2015-07-12,4.866325378417969
2015-07-13,4.544685363769531
2015-07-14,5.63783597946167
2015-07-15,7.108146667480469
2015-07-16,7.359808444976807
2015-07-17,6.209382057189941
2015-07-18,5.042858123779297
2015-07-19,4.883853435516357
2015-07-20,5.7073163986206055
2015-07-21,6.275699615478516
2015-07-22,6.110169410705566
2015-07-23,5.610134601593018
2015-07-24,5.27482271194458
2015-07-25,5.100783824920654
2015-07-26,4.444517612457275
2015-07-27,3.792929172515869
2015-07-28,3.4528591632843018
2015-07-29,3.6682333946228027
2015-07-30,4.1648077964782715
2015-07-31,4.448285102844238
2015-08-01,4.4599761962890625
2015-08-02,3.98553729057312
2015-08-03,3.3960330486297607
2015-08-04,2.9450953006744385
2015-08-05,2.6419477462768555
2015-08-06,2.5108165740966797
2015-08-07,2.8269588947296143
2015-08-08,5.091104507446289
2015-08-09,7.9760942459106445
2015-08-10,7.368127822875977
2015-08-11,5.642935752868652
2015-08-12,6.0263590812683105
2015-08-13,6.936389446258545
2015-08-14,6.056829452514648
2015-08-15,4.64932107925415
2015-08-16,3.765768051147461
2015-08-17,3.2420713901519775
2015-08-18,2.9560956954956055
2015-08-19,3.0532402992248535
2015-08-20,4.045165061950684
2015-08-21,5.389048099517822
2015-08-22,5.376448154449463
2015-08-23,4.350780010223389
2015-08-24,3.516195297241211
2015-08-25,3.0693764686584473
2015-08-26,2.7830185890197754
2015-08-27,2.5361478328704834
2015-08-28,2.3258423805236816
2015-08-29,2.180158853530884
2015-08-30,2.1010022163391113
2015-08-31,2.3580524921417236
2015-09-01,2.911475896835327
2015-09-02,3.0324158668518066
2015-09-03,2.8487212657928467
2015-09-04,2.7416558265686035
2015-09-05,2.6657354831695557
2015-09-06,2.534348487854004
2015-09-07,2.3573172092437744
2015-09-08,2.2026705741882324
2015-09-09,2.1398210525512695
2015-09-10,2.249563455581665
2015-09-11,2.5755081176757812
2015-09-12,2.899468183517456
2015-09-13,3.062061309814453
2015-09-14,3.019899606704712
2015-09-15,2.7618563175201416
2015-09-16,2.481877326965332
2015-09-17,2.263199806213379
2015-09-18,2.1105856895446777
2015-09-19,1.998396635055542
2015-09-20,1.9016966819763184
2015-09-21,1.8248956203460693
2015-09-22,1.8496025800704956
2015-09-23,1.9158234596252441
2015-09-24,1.898362159729004
2015-09-25,2.4260761737823486
2015-09-26,6.196954250335693
2015-09-27,13.898706436157227
2015-09-28,19.121919631958008
2015-09-29,21.298194885253906
2015-09-30,34.422996520996094
2015-10-01,48.6910285949707
2015-10-02,41.31690216064453
2015-10-03,110.80776977539062
2015-10-04,220.86666870117188
2015-10-05,185.31167602539062
2015-10-06,107.16602325439453
2015-10-07,55.0942497253418
2015-10-08,31.73809051513672
2015-10-09,21.776405334472656
2015-10-10,17.06222915649414
2015-10-11,15.118821144104004
2015-10-12,13.871182441711426
2015-10-13,12.221841812133789
2015-10-14,10.736448287963867
2015-10-15,9.625213623046875
2015-10-16,8.881246566772461
2015-10-17,8.333488464355469
2015-10-18,7.828826904296875
2015-10-19,7.442837715148926
2015-10-20,7.120237827301025
2015-10-21,6.890118598937988
2015-10-22,6.694334030151367
2015-10-23,6.473541736602783
2015-10-24,6.183943748474121
2015-10-25,5.987679481506348
2015-10-26,5.848690509796143
2015-10-27,5.944002151489258
2015-10-28,8.789621353149414
2015-10-29,20.541122436523438
2015-10-30,31.006689071655273
2015-10-31,26.068557739257812
2015-11-01,18.42304229736328
2015-11-02,32.31471252441406
2015-11-03,86.74253845214844
2015-11-04,118.81582641601562
2015-11-05,85.36225128173828
2015-11-06,53.77430725097656
2015-11-07,38.215240478515625
2015-11-08,33.82284927368164
2015-11-09,48.31861877441406
2015-11-10,109.48816680908203
2015-11-11,163.04042053222656
2015-11-12,121.39553833007812
2015-11-13,71.41744232177734
2015-11-14,44.9427490234375
2015-11-15,32.60871887207031
2015-11-16,26.113487243652344
2015-11-17,22.501882553100586
2015-11-18,20.340843200683594
2015-11-19,33.68168258666992
2015-11-20,92.31871032714844
2015-11-21,130.1410675048828
2015-11-22,87.53382873535156
2015-11-23,54.14975357055664
2015-11-24,37.91498947143555
2015-11-25,29.474327087402344
2015-11-26,24.94841766357422
2015-11-27,22.286304473876953
2015-11-28,20.418596267700195
2015-11-29,19.025033950805664
2015-11-30,21.930330276489258
2015-12-01,44.2921257019043
2015-12-02,80.8868179321289
2015-12-03,89.21256256103516
2015-12-04,79.27197265625
2015-12-05,56.80864715576172
2015-12-06,40.310726165771484
2015-12-07,31.639001846313477
2015-12-08,27.05970001220703
2015-12-09,24.55686378479004
2015-12-10,22.772232055664062
2015-12-11,21.29140281677246
2015-12-12,20.095304489135742
2015-12-13,19.039936065673828
2015-12-14,18.260469436645508
2015-12-15,18.12948226928711
2015-12-16,18.0538272857666
2015-12-17,24.88842010498047
2015-12-18,63.066768646240234
2015-12-19,96.7490234375
2015-12-20,71.68284606933594
2015-12-21,47.41630554199219
2015-12-22,63.88666915893555
2015-12-23,229.69924926757812
2015-12-24,395.59478759765625
2015-12-25,390.393798828125
2015-12-26,294.08245849609375
2015-12-27,180.82931518554688
2015-12-28,110.51184844970703
2015-12-29,87.42198181152344
2015-12-30,157.1675567626953
2015-12-31,281.91265869140625
2016-01-01,283.5318603515625
2016-01-02,183.86984252929688
2016-01-03,108.63861846923828
2016-01-04,72.78007507324219
2016-01-05,56.35795974731445
2016-01-06,47.50731658935547
2016-01-07,40.214717864990234
2016-01-08,35.41516876220703
2016-01-09,32.65840530395508
2016-01-10,32.30679702758789
2016-01-11,34.321678161621094
2016-01-12,34.98710632324219
2016-01-13,32.34185028076172
2016-01-14,29.50216293334961
2016-01-15,27.857234954833984
2016-01-16,30.980609893798828
2016-01-17,40.75830078125
2016-01-18,45.42091751098633
2016-01-19,41.41954040527344
2016-01-20,35.809486389160156
2016-01-21,31.42609214782715
2016-01-22,29.234115600585938
2016-01-23,30.202579498291016
2016-01-24,33.500457763671875
2016-01-25,36.019798278808594
2016-01-26,39.097862243652344
2016-01-27,43.1356201171875
2016-01-28,45.56927490234375
2016-01-29,43.127174377441406
2016-01-30,38.8784294128418
2016-01-31,35.005767822265625
2016-02-01,32.614418029785156
2016-02-02,31.191421508789062
2016-02-03,33.56429672241211
2016-02-04,58.884056091308594
2016-02-05,92.67353057861328
2016-02-06,83.30403137207031
2016-02-07,59.643592834472656
2016-02-08,45.793373107910156
2016-02-09,38.50020980834961
2016-02-10,34.63478088378906
2016-02-11,31.779115676879883
2016-02-12,29.193050384521484
2016-02-13,27.3077392578125
2016-02-14,26.02106285095215
2016-02-15,24.574951171875
2016-02-16,50.479347229003906
2016-02-17,121.36550903320312
2016-02-18,149.40664672851562
2016-02-19,111.53611755371094
2016-02-20,76.3043212890625
2016-02-21,57.0993537902832
2016-02-22,47.6573600769043
2016-02-23,50.3285026550293
2016-02-24,107.14573669433594
2016-02-25,197.32118225097656
2016-02-26,183.88720703125
2016-02-27,116.34199523925781
2016-02-28,75.05543518066406
2016-02-29,55.58540344238281
2016-03-01,46.1708984375
2016-03-02,40.741371154785156
2016-03-03,37.96007537841797
2016-03-04,35.62771987915039
2016-03-05,33.51969909667969
2016-03-06,31.55514144897461
2016-03-07,29.81462860107422
2016-03-08,28.343822479248047
2016-03-09,27.221214294433594
2016-03-10,26.237686157226562
2016-03-11,25.203266143798828
2016-03-12,24.200605392456055
2016-03-13,23.741355895996094
2016-03-14,27.299888610839844
2016-03-15,34.245994567871094
2016-03-16,35.19640350341797
2016-03-17,31.71804428100586
2016-03-18,27.808425903320312
2016-03-19,25.130571365356445
2016-03-20,23.600948333740234
2016-03-21,22.85674285888672
2016-03-22,22.191776275634766
2016-03-23,21.304723739624023
2016-03-24,20.634117126464844
2016-03-25,19.969255447387695
2016-03-26,19.448514938354492
2016-03-27,22.114301681518555
2016-03-28,54.54225158691406
2016-03-29,94.52452850341797
2016-03-30,81.51205444335938
2016-03-31,55.749481201171875
2016-04-01,42.1866455078125
2016-04-02,39.286033630371094
2016-04-03,38.85722351074219
2016-04-04,34.615318298339844
2016-04-05,29.73036003112793
2016-04-06,26.309280395507812
2016-04-07,24.357990264892578
2016-04-08,24.60338592529297
2016-04-09,24.79324722290039
2016-04-10,23.245391845703125
2016-04-11,21.430034637451172
2016-04-12,21.04218864440918
2016-04-13,22.230031967163086
2016-04-14,22.09433937072754
2016-04-15,20.561077117919922
2016-04-16,19.235736846923828
2016-04-17,18.187591552734375
2016-04-18,17.453481674194336
2016-04-19,16.997800827026367
2016-04-20,16.497648239135742
2016-04-21,15.789510726928711
2016-04-22,15.74573040008545
2016-04-23,18.42001724243164
2016-04-24,20.874624252319336
2016-04-25,19.542613983154297
2016-04-26,17.48548126220703
2016-04-27,16.030323028564453
2016-04-28,16.977869033813477
2016-04-29,22.8309383392334
2016-04-30,26.744590759277344
2016-05-01,23.815170288085938
2016-05-02,22.170310974121094
2016-05-03,31.980648040771484
2016-05-04,72.8813247680664
2016-05-05,95.27471923828125
2016-05-06,96.22071838378906
2016-05-07,118.52836608886719
2016-05-08,103.12748718261719
2016-05-09,67.79129028320312
2016-05-10,45.067169189453125
2016-05-11,33.83714294433594
2016-05-12,27.758136749267578
2016-05-13,27.822908401489258
2016-05-14,35.34253692626953
2016-05-15,37.71075439453125
2016-05-16,30.945463180541992
2016-05-17,25.49722671508789
2016-05-18,27.084184646606445
2016-05-19,31.87911605834961
2016-05-20,30.851123809814453
2016-05-21,30.770767211914062
2016-05-22,50.54316711425781
2016-05-23,76.71916961669922
2016-05-24,66.42512512207031
2016-05-25,45.44682312011719
2016-05-26,32.74724197387695
2016-05-27,25.6191463470459
2016-05-28,21.518753051757812
2016-05-29,19.496000289916992
2016-05-30,20.20053482055664
2016-05-31,20.286468505859375
2016-06-01,18.41670036315918
2016-06-02,16.309415817260742
2016-06-03,15.441437721252441
2016-06-04,16.56817626953125
2016-06-05,21.293132781982422
2016-06-06,34.1901969909668
2016-06-07,46.78607940673828
2016-06-08,43.58927536010742
2016-06-09,32.07099914550781
2016-06-10,22.989410400390625
2016-06-11,18.225130081176758
2016-06-12,15.534967422485352
2016-06-13,13.682000160217285
2016-06-14,12.210332870483398
2016-06-15,11.306615829467773
2016-06-16,11.851442337036133
2016-06-17,13.127603530883789
2016-06-18,12.883134841918945
2016-06-19,11.828136444091797
2016-06-20,10.545439720153809
2016-06-21,9.558152198791504
2016-06-22,8.834892272949219
2016-06-23,8.49510383605957
2016-06-24,10.142741203308105
2016-06-25,15.30552864074707
2016-06-26,20.69955062866211
2016-06-27,18.25460433959961
2016-06-28,14.789728164672852
2016-06-29,16.480228424072266
2016-06-30,18.96816062927246
2016-07-01,18.81106185913086
2016-07-02,17.4755916595459
2016-07-03,21.01699447631836
2016-07-04,35.421905517578125
2016-07-05,56.92485809326172
2016-07-06,58.096954345703125
2016-07-07,43.43199920654297
2016-07-08,31.039749145507812
2016-07-09,25.120126724243164
2016-07-10,22.45819854736328
2016-07-11,19.838991165161133
2016-07-12,16.748960494995117
2016-07-13,14.572071075439453
2016-07-14,13.109025955200195
2016-07-15,12.210306167602539
2016-07-16,12.869771957397461
2016-07-17,14.513578414916992
2016-07-18,14.844050407409668
2016-07-19,13.397320747375488
2016-07-20,11.41053581237793
2016-07-21,9.898971557617188
2016-07-22,8.80439567565918
2016-07-23,8.029311180114746
2016-07-24,7.450080871582031
2016-07-25,6.925458908081055
2016-07-26,6.465597152709961
2016-07-27,6.31938362121582
2016-07-28,6.83510684967041
2016-07-29,7.465572357177734
2016-07-30,7.201117515563965
2016-07-31,6.729252815246582
2016-08-01,10.825040817260742
2016-08-02,18.88280487060547
2016-08-03,22.3599853515625
2016-08-04,22.650623321533203
2016-08-05,23.553489685058594
2016-08-06,25.39323616027832
2016-08-07,26.51395034790039
2016-08-08,28.983562469482422
2016-08-09,32.518802642822266
2016-08-10,30.908618927001953
2016-08-11,25.762144088745117
2016-08-12,19.370012283325195
2016-08-13,14.24059772491455
2016-08-14,11.108794212341309
2016-08-15,9.264928817749023
2016-08-16,8.254499435424805
2016-08-17,7.70034122467041
2016-08-18,7.464741230010986
2016-08-19,7.580625534057617
2016-08-20,7.405938625335693
2016-08-21,7.399877548217773
2016-08-22,7.889533996582031
2016-08-23,8.174152374267578
2016-08-24,7.432363033294678
2016-08-25,6.525025367736816
2016-08-26,5.941617012023926
2016-08-27,5.53567361831665
2016-08-28,5.53480339050293
2016-08-29,5.8282318115234375
2016-08-30,5.648257732391357
2016-08-31,5.176517486572266
2016-09-01,4.899288654327393
2016-09-02,5.1759233474731445
2016-09-03,6.135425567626953
2016-09-04,6.443871974945068
2016-09-05,5.878762245178223
2016-09-06,5.271003723144531
2016-09-07,4.843165874481201
2016-09-08,4.513121128082275
2016-09-09,4.252757549285889
2016-09-10,4.0311665534973145
2016-09-11,3.8654985427856445
2016-09-12,3.7306394577026367
2016-09-13,3.629485607147217
2016-09-14,3.5358328819274902
2016-09-15,3.4413564205169678
2016-09-16,3.3486380577087402
2016-09-17,3.2949986457824707
2016-09-18,3.2730112075805664
2016-09-19,4.518607139587402
2016-09-20,7.904423713684082
2016-09-21,9.85942554473877
2016-09-22,9.357110023498535
2016-09-23,8.732162475585938
2016-09-24,7.804305553436279
2016-09-25,6.575749397277832
2016-09-26,5.7246904373168945
2016-09-27,6.07755184173584
2016-09-28,10.217561721801758
2016-09-29,42.40745544433594
2016-09-30,88.77539825439453
2016-10-01,75.15347290039062
2016-10-02,38.41108703613281
2016-10-03,20.63460350036621
2016-10-04,13.733713150024414
2016-10-05,10.62828254699707
2016-10-06,9.04219913482666
2016-10-07,8.43884563446045
2016-10-08,93.07816314697266
2016-10-09,397.2540588378906
2016-10-10,446.942138671875
2016-10-11,200.90040588378906
2016-10-12,86.42403411865234
2016-10-13,47.374210357666016
2016-10-14,32.09883117675781
2016-10-15,24.805816650390625
2016-10-16,20.791889190673828
2016-10-17,18.306194305419922
2016-10-18,16.41027069091797
2016-10-19,14.86050796508789
2016-10-20,13.63614559173584
2016-10-21,12.688538551330566
2016-10-22,11.993568420410156
2016-10-23,11.342344284057617
2016-10-24,10.73090648651123
2016-10-25,10.189748764038086
2016-10-26,9.715091705322266
2016-10-27,9.41455078125
2016-10-28,9.197235107421875
2016-10-29,8.962713241577148
2016-10-30,8.800227165222168
2016-10-31,8.537034034729004
2016-11-01,8.34968376159668
2016-11-02,8.45247745513916
2016-11-03,8.471632957458496
2016-11-04,8.293747901916504
2016-11-05,8.067331314086914
2016-11-06,7.951323509216309
2016-11-07,7.865340232849121
2016-11-08,7.803802490234375
2016-11-09,7.826250076293945
2016-11-10,7.67490291595459
2016-11-11,7.562378406524658
2016-11-12,7.4596333503723145
2016-11-13,7.394679069519043
2016-11-14,7.597686767578125
2016-11-15,8.061380386352539
2016-11-16,8.323705673217773
2016-11-17,8.232807159423828
2016-11-18,8.143729209899902
2016-11-19,8.127639770507812
2016-11-20,7.963561534881592
2016-11-21,7.679632663726807
2016-11-22,7.5642781257629395
2016-11-23,7.577679634094238
2016-11-24,7.615816116333008
2016-11-25,7.737431526184082
2016-11-26,7.931314468383789
2016-11-27,7.809985637664795
2016-11-28,7.709869861602783
2016-11-29,7.695285320281982
2016-11-30,7.887135028839111
2016-12-01,8.80209732055664
2016-12-02,10.018049240112305
2016-12-03,10.310514450073242
2016-12-04,9.66483211517334
2016-12-05,9.955429077148438
2016-12-06,12.304479598999023
2016-12-07,17.18601417541504
2016-12-08,21.690811157226562
2016-12-09,18.86452865600586
2016-12-10,15.057819366455078
2016-12-11,12.971173286437988
2016-12-12,11.782291412353516
2016-12-13,11.217611312866211
2016-12-14,10.976568222045898
2016-12-15,10.429481506347656
2016-12-16,9.981285095214844
2016-12-17,9.688868522644043
2016-12-18,9.640053749084473
2016-12-19,9.773174285888672
2016-12-20,10.165637016296387
2016-12-21,10.24317741394043
2016-12-22,10.031347274780273
2016-12-23,9.74400520324707
2016-12-24,9.472825050354004
2016-12-25,9.461959838867188
2016-12-26,9.604761123657227
2016-12-27,9.597184181213379
2016-12-28,9.527634620666504
2016-12-29,9.580848693847656
2016-12-30,9.940805435180664
2016-12-31,10.030111312866211
2017-01-01,9.884946823120117
2017-01-02,17.873409271240234
2017-01-03,43.31488800048828
2017-01-04,71.03797912597656
2017-01-05,65.53588104248047
2017-01-06,42.72654724121094
2017-01-07,30.465545654296875
2017-01-08,27.092018127441406
2017-01-09,23.963642120361328
2017-01-10,21.03030014038086
2017-01-11,20.576501846313477
2017-01-12,23.510305404663086
2017-01-13,27.80316925048828
2017-01-14,27.81836700439453
2017-01-15,24.51894760131836
2017-01-16,21.647706985473633
2017-01-17,19.585859298706055
2017-01-18,18.664661407470703
2017-01-19,18.100488662719727
2017-01-20,17.122920989990234
2017-01-21,18.0675048828125
2017-01-22,23.303665161132812
2017-01-23,43.158538818359375
2017-01-24,85.0299072265625
2017-01-25,93.44830322265625
2017-01-26,64.4477767944336
2017-01-27,42.18960952758789
2017-01-28,31.170631408691406
2017-01-29,25.39612579345703
2017-01-30,22.05685043334961
2017-01-31,19.95131492614746
2017-02-01,18.442211151123047
2017-02-02,17.37250518798828
2017-02-03,16.559545516967773
2017-02-04,16.079059600830078
2017-02-05,15.652095794677734
2017-02-06,15.122085571289062
2017-02-07,14.719379425048828
2017-02-08,14.576464653015137
2017-02-09,16.107831954956055
2017-02-10,18.649658203125
2017-02-11,19.07642936706543
2017-02-12,17.635948181152344
2017-02-13,16.249773025512695
2017-02-14,15.145195960998535
2017-02-15,14.621532440185547
2017-02-16,15.272765159606934
2017-02-17,15.581361770629883
2017-02-18,14.849981307983398
2017-02-19,14.07427978515625
2017-02-20,13.502302169799805
2017-02-21,12.923107147216797
2017-02-22,12.597393035888672
2017-02-23,12.42638111114502
2017-02-24,12.414336204528809
2017-02-25,12.202570915222168
2017-02-26,11.94312858581543
2017-02-27,11.674531936645508
2017-02-28,11.404366493225098
2017-03-01,11.338268280029297
2017-03-02,15.747618675231934
2017-03-03,22.807815551757812
2017-03-04,22.704124450683594
2017-03-05,19.025798797607422
2017-03-06,16.401126861572266
2017-03-07,14.808242797851562
2017-03-08,13.776098251342773
2017-03-09,13.100372314453125
2017-03-10,12.497958183288574
2017-03-11,12.041167259216309
2017-03-12,11.51255989074707
2017-03-13,11.094564437866211
2017-03-14,12.882364273071289
2017-03-15,16.506771087646484
2017-03-16,17.418792724609375
2017-03-17,16.04566764831543
2017-03-18,15.098165512084961
2017-03-19,15.552979469299316
2017-03-20,15.74650764465332
2017-03-21,14.758968353271484
2017-03-22,13.99870777130127
2017-03-23,13.369342803955078
2017-03-24,12.572656631469727
2017-03-25,11.978673934936523
2017-03-26,11.578749656677246
2017-03-27,11.342876434326172
2017-03-28,11.326570510864258
2017-03-29,11.860631942749023
2017-03-30,12.422215461730957
2017-03-31,13.527402877807617
2017-04-01,18.23589324951172
2017-04-02,21.968212127685547
2017-04-03,19.77406883239746
2017-04-04,20.934724807739258
2017-04-05,28.002132415771484
2017-04-06,34.02998352050781
2017-04-07,38.97916030883789
2017-04-08,35.365718841552734
2017-04-09,27.01833152770996
2017-04-10,21.05719566345215
2017-04-11,17.635974884033203
2017-04-12,15.411575317382812
2017-04-13,13.765321731567383
2017-04-14,12.645342826843262
2017-04-15,11.918591499328613
2017-04-16,11.398301124572754
2017-04-17,10.866353034973145
2017-04-18,10.340274810791016
2017-04-19,10.087528228759766
2017-04-20,10.094244003295898
2017-04-21,10.167805671691895
2017-04-22,10.241589546203613
2017-04-23,12.870027542114258
2017-04-24,56.65561294555664
2017-04-25,282.86614990234375
2017-04-26,498.6256103515625
2017-04-27,366.29656982421875
2017-04-28,179.90269470214844
2017-04-29,91.92577362060547
2017-04-30,58.84242630004883
2017-05-01,42.99334716796875
2017-05-02,37.21265411376953
2017-05-03,35.775169372558594
2017-05-04,30.789976119995117
2017-05-05,35.27251052856445
2017-05-06,55.109527587890625
2017-05-07,60.17156219482422
2017-05-08,47.10264587402344
2017-05-09,34.64729309082031
2017-05-10,28.818025588989258
2017-05-11,27.836158752441406
2017-05-12,26.267868041992188
2017-05-13,24.851919174194336
2017-05-14,25.6561336517334
2017-05-15,24.90980339050293
2017-05-16,21.58271026611328
2017-05-17,18.47988510131836
2017-05-18,16.291908264160156
2017-05-19,14.883708000183105
2017-05-20,14.807960510253906
2017-05-21,15.048157691955566
2017-05-22,15.233794212341309
2017-05-23,23.276002883911133
2017-05-24,64.95188903808594
2017-05-25,141.00778198242188
2017-05-26,164.42855834960938
2017-05-27,115.61463928222656
2017-05-28,68.00580596923828
2017-05-29,49.2749137878418
2017-05-30,43.339134216308594
2017-05-31,36.00553894042969
2017-06-01,29.87029266357422
2017-06-02,25.252817153930664
2017-06-03,21.355621337890625
2017-06-04,18.358964920043945
2017-06-05,18.70246124267578
2017-06-06,28.120866775512695
2017-06-07,36.00269317626953
2017-06-08,30.85916519165039
2017-06-09,23.263927459716797
2017-06-10,18.65384292602539
2017-06-11,15.831290245056152
2017-06-12,13.825227737426758
2017-06-13,12.461305618286133
2017-06-14,12.902008056640625
2017-06-15,15.053945541381836
2017-06-16,16.24764633178711
2017-06-17,20.57455825805664
2017-06-18,33.6879997253418
2017-06-19,48.880889892578125
2017-06-20,106.14456176757812
2017-06-21,219.22286987304688
2017-06-22,203.61062622070312
2017-06-23,122.42952728271484
2017-06-24,79.08369445800781
2017-06-25,76.1561508178711
2017-06-26,71.3847427368164
2017-06-27,48.7017936706543
2017-06-28,33.705867767333984
2017-06-29,25.349037170410156
2017-06-30,22.0479736328125
2017-07-01,23.307703018188477
2017-07-02,23.360464096069336
2017-07-03,20.134923934936523
2017-07-04,17.229230880737305
2017-07-05,15.879012107849121
2017-07-06,16.565141677856445
2017-07-07,17.545452117919922
2017-07-08,16.536766052246094
2017-07-09,15.724863052368164
2017-07-10,15.405320167541504
2017-07-11,13.764015197753906
2017-07-12,11.93580150604248
2017-07-13,10.681158065795898
2017-07-14,10.259443283081055
2017-07-15,10.214958190917969
2017-07-16,9.725862503051758
2017-07-17,9.128252029418945
2017-07-18,8.853575706481934
2017-07-19,8.912040710449219
2017-07-20,8.956554412841797
2017-07-21,8.665711402893066
2017-07-22,7.913741111755371
2017-07-23,7.617650032043457
2017-07-24,8.328254699707031
2017-07-25,8.520413398742676
2017-07-26,7.754916191101074
2017-07-27,6.829937934875488
2017-07-28,6.4131622314453125
2017-07-29,6.574831485748291
2017-07-30,6.803468704223633
2017-07-31,6.533430099487305
2017-08-01,5.95051383972168
2017-08-02,5.478637218475342
2017-08-03,5.169694423675537
2017-08-04,4.980378150939941
2017-08-05,4.907138824462891
2017-08-06,4.8931708335876465
2017-08-07,4.913976669311523
2017-08-08,5.899349212646484
2017-08-09,8.419022560119629
2017-08-10,9.470854759216309
2017-08-11,8.163436889648438
2017-08-12,7.135850429534912
2017-08-13,7.790127754211426
2017-08-14,9.225284576416016
2017-08-15,9.926980972290039
2017-08-16,10.537026405334473
2017-08-17,11.25383472442627
2017-08-18,10.734209060668945
2017-08-19,9.023103713989258
2017-08-20,7.625499725341797
2017-08-21,6.634298324584961
2017-08-22,5.8717041015625
2017-08-23,5.397458076477051
2017-08-24,5.064990043640137
2017-08-25,4.8906025886535645
2017-08-26,4.744329452514648
2017-08-27,4.516349792480469
2017-08-28,4.279539108276367
2017-08-29,4.2195587158203125
2017-08-30,4.757706165313721
2017-08-31,5.548610687255859
2017-09-01,5.891783714294434
2017-09-02,8.051910400390625
2017-09-03,11.758761405944824
2017-09-04,11.965993881225586
2017-09-05,9.388136863708496
2017-09-06,7.423318862915039
2017-09-07,7.711637496948242
2017-09-08,9.337261199951172
2017-09-09,8.58226203918457
2017-09-10,7.043866157531738
2017-09-11,6.119585037231445
2017-09-12,6.043493270874023
2017-09-13,7.288042068481445
2017-09-14,8.828593254089355
2017-09-15,8.448807716369629
2017-09-16,7.356290817260742
2017-09-17,6.4637932777404785
2017-09-18,5.730104446411133
2017-09-19,5.169981002807617
2017-09-20,4.773355484008789
2017-09-21,4.500118732452393
2017-09-22,4.326552391052246
2017-09-23,4.185159683227539
2017-09-24,4.00020170211792
2017-09-25,3.817685604095459
2017-09-26,3.6911699771881104
2017-09-27,3.6202778816223145
2017-09-28,3.5161585807800293
2017-09-29,3.3816654682159424
2017-09-30,3.298048973083496
2017-10-01,3.2219176292419434
2017-10-02,3.1602540016174316
2017-10-03,3.1250758171081543
2017-10-04,3.0906965732574463
2017-10-05,3.065995216369629
2017-10-06,3.0540618896484375
2017-10-07,3.054154872894287
2017-10-08,3.2604146003723145
2017-10-09,3.6817758083343506
2017-10-10,4.271714687347412
2017-10-11,4.82386589050293
2017-10-12,4.960080623626709
2017-10-13,4.7254228591918945
2017-10-14,4.562596321105957
2017-10-15,4.441390514373779
2017-10-16,4.232742786407471
2017-10-17,4.130675792694092
2017-10-18,4.12734317779541
2017-10-19,4.024448394775391
2017-10-20,3.8970274925231934
2017-10-21,3.790398120880127
2017-10-22,3.7087206840515137
2017-10-23,3.6587443351745605
2017-10-24,4.625670909881592
2017-10-25,8.078105926513672
2017-10-26,9.564061164855957
2017-10-27,8.074037551879883
2017-10-28,6.484866142272949
2017-10-29,5.608161449432373
2017-10-30,5.302668571472168
2017-10-31,5.141979217529297
2017-11-01,4.946716785430908
2017-11-02,4.843075752258301
2017-11-03,4.698135852813721
2017-11-04,4.58480978012085
2017-11-05,4.6226348876953125
2017-11-06,4.819375038146973
2017-11-07,4.806432723999023
2017-11-08,4.80435848236084
2017-11-09,5.099554538726807
2017-11-10,5.881981372833252
2017-11-11,6.649399280548096
2017-11-12,6.496395111083984
2017-11-13,6.363842010498047
2017-11-14,7.1918792724609375
2017-11-15,8.109798431396484
2017-11-16,7.81626033782959
2017-11-17,7.06817626953125
2017-11-18,6.540982246398926
2017-11-19,6.284724235534668
2017-11-20,6.036297798156738
2017-11-21,5.912860870361328
2017-11-22,5.890106678009033
2017-11-23,5.78679084777832
2017-11-24,5.733214855194092
2017-11-25,5.750472545623779
2017-11-26,5.669573783874512
2017-11-27,5.534768104553223
2017-11-28,5.535267353057861
2017-11-29,5.529529094696045
2017-11-30,5.497584342956543
2017-12-01,5.481057167053223
2017-12-02,5.401565074920654
2017-12-03,5.445559501647949
2017-12-04,5.534717082977295
2017-12-05,5.5572590827941895
2017-12-06,5.606067657470703
2017-12-07,5.900111198425293
2017-12-08,6.478533744812012
2017-12-09,8.125268936157227
2017-12-10,10.585156440734863
2017-12-11,11.683384895324707
2017-12-12,10.968721389770508
2017-12-13,9.707637786865234
2017-12-14,8.688735961914062
2017-12-15,7.891712188720703
2017-12-16,7.3995232582092285
2017-12-17,7.160732746124268
2017-12-18,7.061767101287842
2017-12-19,7.016075134277344
2017-12-20,7.152878284454346
2017-12-21,8.021302223205566
2017-12-22,9.205280303955078
2017-12-23,9.092484474182129
2017-12-24,8.468191146850586
2017-12-25,8.090006828308105
2017-12-26,7.727076530456543
2017-12-27,7.273963928222656
2017-12-28,6.972562789916992
2017-12-29,6.80513858795166
2017-12-30,6.652786731719971
2017-12-31,6.486496925354004
2018-01-01,6.321366310119629
2018-01-02,6.117142677307129
2018-01-03,5.988408088684082
2018-01-04,5.891119480133057
2018-01-05,5.765504837036133
2018-01-06,5.601839065551758
2018-01-07,5.429750919342041
2018-01-08,5.367063522338867
2018-01-09,5.527139663696289
2018-01-10,5.707849025726318
2018-01-11,5.74133825302124
2018-01-12,6.155355453491211
2018-01-13,9.91093635559082
2018-01-14,20.26327896118164
2018-01-15,21.875404357910156
2018-01-16,16.898412704467773
2018-01-17,13.982072830200195
2018-01-18,15.371415138244629
2018-01-19,17.913204193115234
2018-01-20,17.303823471069336
2018-01-21,16.125905990600586
2018-01-22,15.31855583190918
2018-01-23,16.643198013305664
2018-01-24,21.75657844543457
2018-01-25,23.658113479614258
2018-01-26,19.637474060058594
2018-01-27,15.786642074584961
2018-01-28,15.431720733642578
2018-01-29,34.80458068847656
2018-01-30,70.02275848388672
2018-01-31,74.6252670288086
2018-02-01,50.671478271484375
2018-02-02,34.027366638183594
2018-02-03,26.88936424255371
2018-02-04,28.168514251708984
2018-02-05,46.718421936035156
2018-02-06,62.45426940917969
2018-02-07,51.24431228637695
2018-02-08,52.56156921386719
2018-02-09,67.40393829345703
2018-02-10,54.84754943847656
2018-02-11,40.50588607788086
2018-02-12,38.26691818237305
2018-02-13,38.400848388671875
2018-02-14,34.056095123291016
2018-02-15,28.366748809814453
2018-02-16,24.39057731628418
2018-02-17,21.71746253967285
2018-02-18,20.053302764892578
2018-02-19,19.490819931030273
2018-02-20,19.087106704711914
2018-02-21,18.763385772705078
2018-02-22,17.740259170532227
2018-02-23,16.57206153869629
2018-02-24,15.633302688598633
2018-02-25,14.909063339233398
2018-02-26,14.447675704956055
2018-02-27,14.499935150146484
2018-02-28,14.639610290527344
2018-03-01,15.946917533874512
2018-03-02,22.6762752532959
2018-03-03,27.659454345703125
2018-03-04,24.12049102783203
2018-03-05,19.938732147216797
2018-03-06,18.12799835205078
2018-03-07,22.554447174072266
2018-03-08,30.42718505859375
2018-03-09,29.287214279174805
2018-03-10,24.593246459960938
2018-03-11,21.22809600830078
2018-03-12,28.02918815612793
2018-03-13,52.98064422607422
2018-03-14,66.7712631225586
2018-03-15,52.66645812988281
2018-03-16,37.65180587768555
2018-03-17,29.329980850219727
2018-03-18,24.823820114135742
2018-03-19,23.231800079345703
2018-03-20,27.0181884765625
2018-03-21,46.80095672607422
2018-03-22,71.47242736816406
2018-03-23,66.40763854980469
2018-03-24,49.117156982421875
2018-03-25,51.06127166748047
2018-03-26,75.0689468383789
2018-03-27,73.34062194824219
2018-03-28,53.77379608154297
2018-03-29,40.90694808959961
2018-03-30,33.500244140625
2018-03-31,28.822166442871094
2018-04-01,25.291597366333008
2018-04-02,22.534809112548828
2018-04-03,20.64369010925293
2018-04-04,19.28546714782715
2018-04-05,18.335811614990234
2018-04-06,17.46575355529785
2018-04-07,18.219234466552734
2018-04-08,26.313426971435547
2018-04-09,35.86630630493164
2018-04-10,32.464935302734375
2018-04-11,26.534406661987305
2018-04-12,22.48444938659668
2018-04-13,19.962482452392578
2018-04-14,18.102033615112305
2018-04-15,18.089130401611328
2018-04-16,51.09976577758789
2018-04-17,87.69290161132812
2018-04-18,80.9877700805664
2018-04-19,54.08686828613281
2018-04-20,37.26974105834961
2018-04-21,28.415966033935547
2018-04-22,23.390460968017578
2018-04-23,21.339324951171875
2018-04-24,34.40178298950195
2018-04-25,90.441162109375
2018-04-26,151.70516967773438
2018-04-27,136.99110412597656
2018-04-28,106.49124145507812
2018-04-29,84.39773559570312
2018-04-30,59.61749267578125
2018-05-01,42.697105407714844
2018-05-02,33.8588981628418
2018-05-03,28.541196823120117
2018-05-04,24.70671844482422
2018-05-05,21.764631271362305
2018-05-06,19.702157974243164
2018-05-07,19.384033203125
2018-05-08,18.98053741455078
2018-05-09,17.330575942993164
2018-05-10,15.99730396270752
2018-05-11,15.500497817993164
2018-05-12,15.228403091430664
2018-05-13,14.592674255371094
2018-05-14,13.614151954650879
2018-05-15,12.506803512573242
2018-05-16,13.034435272216797
2018-05-17,18.58074951171875
2018-05-18,38.324893951416016
2018-05-19,83.32865905761719
2018-05-20,112.84521484375
2018-05-21,85.28031921386719
2018-05-22,55.334686279296875
2018-05-23,40.53095245361328
2018-05-24,31.260704040527344
2018-05-25,24.699602127075195
2018-05-26,20.64679527282715
2018-05-27,20.08101463317871
2018-05-28,22.8262939453125
2018-05-29,25.71611213684082
2018-05-30,28.060443878173828
2018-05-31,27.008264541625977
2018-06-01,23.08893394470215
2018-06-02,20.23733139038086
2018-06-03,20.027812957763672
2018-06-04,19.89308738708496
2018-06-05,18.170969009399414
2018-06-06,15.624346733093262
2018-06-07,13.462635040283203
2018-06-08,11.874505043029785
2018-06-09,10.632287979125977
2018-06-10,10.021397590637207
2018-06-11,11.642821311950684
2018-06-12,14.984525680541992
2018-06-13,15.41855525970459
2018-06-14,13.260150909423828
2018-06-15,11.651107788085938
2018-06-16,10.340728759765625
2018-06-17,9.120259284973145
2018-06-18,8.244288444519043
2018-06-19,7.570355415344238
2018-06-20,7.057243347167969
2018-06-21,6.73667049407959
2018-06-22,6.711395263671875
2018-06-23,7.1614603996276855
2018-06-24,7.728886127471924
2018-06-25,7.4312896728515625
2018-06-26,7.32932186126709
2018-06-27,8.550965309143066
2018-06-28,9.093626022338867
2018-06-29,7.904256820678711
2018-06-30,6.682361125946045
2018-07-01,5.84111213684082
2018-07-02,5.231244087219238
2018-07-03,4.7589802742004395
2018-07-04,4.546201229095459
2018-07-05,4.66283655166626
2018-07-06,4.948963165283203
2018-07-07,5.804787635803223
2018-07-08,7.101093769073486
2018-07-09,6.998989105224609
2018-07-10,5.895887851715088
2018-07-11,5.034004211425781
2018-07-12,4.513752460479736
2018-07-13,4.185288429260254
2018-07-14,3.891505479812622
2018-07-15,3.6146817207336426
2018-07-16,3.390918731689453
2018-07-17,3.3533387184143066
2018-07-18,3.5587587356567383
2018-07-19,3.552847385406494
2018-07-20,3.292522668838501
2018-07-21,3.0357654094696045
2018-07-22,3.4576363563537598
2018-07-23,6.060825347900391
2018-07-24,9.973461151123047
2018-07-25,11.581761360168457
2018-07-26,13.213586807250977
2018-07-27,14.06357192993164
2018-07-28,10.833988189697266
2018-07-29,7.488905429840088
2018-07-30,6.181401252746582
2018-07-31,6.890426158905029
2018-08-01,10.45641803741455
2018-08-02,28.4132080078125
2018-08-03,94.6742172241211
2018-08-04,146.5029296875
2018-08-05,115.92264556884766
2018-08-06,59.606964111328125
2018-08-07,30.602153778076172
2018-08-08,27.157896041870117
2018-08-09,45.669822692871094
2018-08-10,52.15803909301758
2018-08-11,37.12868881225586
2018-08-12,28.79627799987793
2018-08-13,29.85683822631836
2018-08-14,32.51366424560547
2018-08-15,29.107797622680664
2018-08-16,21.649381637573242
2018-08-17,15.844677925109863
2018-08-18,12.592103958129883
2018-08-19,13.085594177246094
2018-08-20,25.356990814208984
2018-08-21,42.3668327331543
2018-08-22,46.12376403808594
2018-08-23,36.09855270385742
2018-08-24,25.19304656982422
2018-08-25,17.698606491088867
2018-08-26,13.453396797180176
2018-08-27,11.078400611877441
2018-08-28,9.572519302368164
2018-08-29,8.981067657470703
2018-08-30,9.237771034240723
2018-08-31,10.615297317504883
2018-09-01,14.318681716918945
2018-09-02,18.30657958984375
2018-09-03,18.6435604095459
2018-09-04,15.529491424560547
2018-09-05,12.562665939331055
2018-09-06,10.502981185913086
2018-09-07,8.960573196411133
2018-09-08,8.072839736938477
2018-09-09,8.264016151428223
2018-09-10,9.749098777770996
2018-09-11,12.363231658935547
2018-09-12,15.925954818725586
2018-09-13,17.649181365966797
2018-09-14,17.345136642456055
2018-09-15,36.77244567871094
2018-09-16,155.34852600097656
2018-09-17,567.85009765625
2018-09-18,888.341796875
2018-09-19,588.3058471679688
2018-09-20,262.9053649902344
2018-09-21,120.8779296875
2018-09-22,69.75326538085938
2018-09-23,47.926326751708984
2018-09-24,37.049949645996094
2018-09-25,30.927291870117188
2018-09-26,27.171388626098633
2018-09-27,26.742008209228516
2018-09-28,28.850021362304688
2018-09-29,29.217679977416992
2018-09-30,26.570682525634766
2018-10-01,23.105722427368164
2018-10-02,20.318592071533203
2018-10-03,18.395395278930664
2018-10-04,16.991783142089844
2018-10-05,15.79094123840332
2018-10-06,15.713190078735352
2018-10-07,17.42751693725586
2018-10-08,17.650897979736328
2018-10-09,16.14715003967285
2018-10-10,15.412785530090332
2018-10-11,57.81610107421875
2018-10-12,221.01080322265625
2018-10-13,345.3345947265625
2018-10-14,214.80636596679688
2018-10-15,101.35357666015625
2018-10-16,60.050819396972656
2018-10-17,43.97320556640625
2018-10-18,36.51514434814453
2018-10-19,31.542625427246094
2018-10-20,27.723512649536133
2018-10-21,25.460176467895508
2018-10-22,23.70524787902832
2018-10-23,21.85171890258789
2018-10-24,20.252368927001953
2018-10-25,19.040300369262695
2018-10-26,32.09840393066406
2018-10-27,92.58585357666016
2018-10-28,149.9579315185547
2018-10-29,117.84182739257812
2018-10-30,74.31584930419922
2018-10-31,49.817970275878906
2018-11-01,37.86666488647461
2018-11-02,32.38459777832031
2018-11-03,31.436634063720703
2018-11-04,32.742515563964844
2018-11-05,49.42942428588867
2018-11-06,105.01750946044922
2018-11-07,134.56442260742188
2018-11-08,98.91680145263672
2018-11-09,67.48641204833984
2018-11-10,58.68192672729492
2018-11-11,65.44208526611328
2018-11-12,86.21709442138672
2018-11-13,313.0570983886719
2018-11-14,548.6832885742188
2018-11-15,470.63702392578125
2018-11-16,415.3223876953125
2018-11-17,335.90966796875
2018-11-18,196.7174072265625
2018-11-19,113.13262939453125
2018-11-20,78.16952514648438
2018-11-21,61.41944122314453
2018-11-22,51.07322692871094
2018-11-23,44.609169006347656
2018-11-24,50.32537841796875
2018-11-25,81.39360046386719
2018-11-26,100.07974243164062
2018-11-27,76.92617797851562
2018-11-28,58.42405319213867
2018-11-29,47.830387115478516
2018-11-30,40.7355842590332
2018-12-01,37.91363525390625
2018-12-02,39.578453063964844
2018-12-03,43.41679382324219
2018-12-04,43.69155502319336
2018-12-05,39.31732940673828
2018-12-06,35.25151062011719
2018-12-07,32.29850769042969
2018-12-08,30.03150177001953
2018-12-09,49.216697692871094
2018-12-10,136.7078857421875
2018-12-11,200.39190673828125
2018-12-12,158.032470703125
2018-12-13,104.08809661865234
2018-12-14,86.31709289550781
2018-12-15,120.86106872558594
2018-12-16,170.86764526367188
2018-12-17,160.1495819091797
2018-12-18,111.76263427734375
2018-12-19,77.48931884765625
2018-12-20,69.70442962646484
2018-12-21,151.8314208984375
2018-12-22,289.71636962890625
2018-12-23,232.28070068359375
2018-12-24,138.03076171875
2018-12-25,90.16304779052734
2018-12-26,66.86166381835938
2018-12-27,54.66393280029297
2018-12-28,64.51847839355469
2018-12-29,140.2501220703125
2018-12-30,205.00613403320312
2018-12-31,152.83642578125
2019-01-01,107.9427490234375
2019-01-02,89.78723907470703
2019-01-03,78.7038803100586
2019-01-04,90.88739013671875
2019-01-05,121.3242416381836
2019-01-06,124.16387939453125
2019-01-07,93.03384399414062
2019-01-08,70.10416412353516
2019-01-09,57.23524475097656
2019-01-10,49.55926513671875
2019-01-11,44.58296585083008
2019-01-12,40.72622299194336
2019-01-13,47.679866790771484
2019-01-14,73.40872192382812
2019-01-15,87.93978881835938
2019-01-16,75.05979919433594
2019-01-17,61.55632781982422
2019-01-18,54.68801498413086
2019-01-19,51.18622589111328
2019-01-20,63.344444274902344
2019-01-21,91.39845275878906
2019-01-22,84.85113525390625
2019-01-23,65.34879302978516
2019-01-24,80.20016479492188
2019-01-25,150.18930053710938
2019-01-26,160.89498901367188
2019-01-27,111.54389953613281
2019-01-28,78.27429962158203
2019-01-29,62.83167266845703
2019-01-30,57.10559844970703
2019-01-31,53.26661682128906
2019-02-01,47.45178985595703
2019-02-02,42.302696228027344
2019-02-03,38.70443344116211
2019-02-04,36.626319885253906
2019-02-05,34.98386764526367
2019-02-06,33.86835861206055
2019-02-07,33.047142028808594
2019-02-08,32.29434585571289
2019-02-09,31.384624481201172
2019-02-10,29.977787017822266
2019-02-11,28.70323944091797
2019-02-12,29.33372688293457
2019-02-13,35.966888427734375
2019-02-14,45.67070007324219
2019-02-15,44.068603515625
2019-02-16,42.320594787597656
2019-02-17,52.335235595703125
2019-02-18,96.82485961914062
2019-02-19,167.0827178955078
2019-02-20,156.35015869140625
2019-02-21,151.61778259277344
2019-02-22,200.29580688476562
2019-02-23,334.02496337890625
2019-02-24,524.41015625
2019-02-25,457.3540344238281
2019-02-26,268.1318054199219
2019-02-27,147.1979217529297
2019-02-28,100.21326446533203
2019-03-01,85.6819839477539
2019-03-02,105.43441772460938
2019-03-03,128.7708282470703
2019-03-04,138.49343872070312
2019-03-05,153.82064819335938
2019-03-06,127.44136047363281
2019-03-07,97.03204345703125
2019-03-08,75.96240997314453
2019-03-09,65.38316345214844
2019-03-10,60.759578704833984
2019-03-11,59.256202697753906
2019-03-12,57.94966506958008
2019-03-13,52.32881546020508
2019-03-14,46.68297576904297
2019-03-15,45.24040222167969
2019-03-16,48.26261901855469
2019-03-17,49.68910598754883
2019-03-18,45.47102737426758
2019-03-19,41.02910232543945
2019-03-20,38.059226989746094
2019-03-21,61.40521240234375
2019-03-22,118.84077453613281
2019-03-23,131.85153198242188
2019-03-24,93.15194702148438
2019-03-25,66.51382446289062
2019-03-26,57.6195068359375
2019-03-27,53.98369598388672
2019-03-28,48.2883186340332
2019-03-29,42.82360076904297
2019-03-30,39.90093994140625
2019-03-31,37.9385986328125
2019-04-01,36.101112365722656
2019-04-02,34.57435607910156
2019-04-03,34.600460052490234
2019-04-04,33.919761657714844
2019-04-05,36.11152648925781
2019-04-06,49.118228912353516
2019-04-07,60.07221984863281
2019-04-08,59.29180908203125
2019-04-09,77.10957336425781
2019-04-10,96.06558990478516
2019-04-11,85.050048828125
2019-04-12,100.3572998046875
2019-04-13,283.1283264160156
2019-04-14,449.4788818359375
2019-04-15,350.9788818359375
2019-04-16,211.85476684570312
2019-04-17,123.76239776611328
2019-04-18,83.71973419189453
2019-04-19,83.00958251953125
2019-04-20,125.01513671875
2019-04-21,136.5736083984375
2019-04-22,92.82946014404297
2019-04-23,67.34485626220703
2019-04-24,53.76849365234375
2019-04-25,45.99398422241211
2019-04-26,42.969093322753906
2019-04-27,43.50019454956055
2019-04-28,41.28396224975586
2019-04-29,36.92985534667969
2019-04-30,33.863372802734375
2019-05-01,31.453487396240234
2019-05-02,29.431381225585938
2019-05-03,27.526355743408203
2019-05-04,26.2501277923584
2019-05-05,27.166088104248047
2019-05-06,30.532337188720703
2019-05-07,31.343097686767578
2019-05-08,28.171836853027344
2019-05-09,25.19139289855957
2019-05-10,23.255136489868164
2019-05-11,21.98523712158203
2019-05-12,22.34305191040039
2019-05-13,25.095720291137695
2019-05-14,28.27968978881836
2019-05-15,27.26936149597168
2019-05-16,23.974727630615234
2019-05-17,21.595096588134766
2019-05-18,20.01667594909668
2019-05-19,18.725566864013672
2019-05-20,17.52228546142578
2019-05-21,16.527124404907227
2019-05-22,15.662332534790039
2019-05-23,14.966439247131348
2019-05-24,15.026944160461426
2019-05-25,15.299081802368164
2019-05-26,14.802970886230469
2019-05-27,14.377412796020508
2019-05-28,13.740537643432617
2019-05-29,12.854751586914062
2019-05-30,12.151830673217773
2019-05-31,11.87336540222168
2019-06-01,12.47645378112793
2019-06-02,13.305023193359375
2019-06-03,12.902560234069824
2019-06-04,11.93436050415039
2019-06-05,11.141977310180664
2019-06-06,10.902351379394531
2019-06-07,11.64091968536377
2019-06-08,19.51316261291504
2019-06-09,61.067630767822266
2019-06-10,106.36605072021484
2019-06-11,98.50740814208984
2019-06-12,68.09664154052734
2019-06-13,50.25922775268555
2019-06-14,66.0549087524414
2019-06-15,69.05469512939453
2019-06-16,47.147254943847656
2019-06-17,31.01633071899414
2019-06-18,23.90325927734375
2019-06-19,27.66762351989746
2019-06-20,48.12352752685547
2019-06-21,61.904850006103516
2019-06-22,51.94026184082031
2019-06-23,35.712955474853516
2019-06-24,27.011642456054688
2019-06-25,22.559459686279297
2019-06-26,19.036211013793945
2019-06-27,16.77538299560547
2019-06-28,15.080968856811523
2019-06-29,13.779617309570312
2019-06-30,12.935713768005371
2019-07-01,12.365196228027344
2019-07-02,11.731593132019043
2019-07-03,11.107061386108398
2019-07-04,10.907031059265137
2019-07-05,11.35693645477295
2019-07-06,11.973978996276855
2019-07-07,12.706352233886719
2019-07-08,14.97362232208252
2019-07-09,17.373191833496094
2019-07-10,16.640666961669922
2019-07-11,14.186686515808105
2019-07-12,12.686802864074707
2019-07-13,12.320716857910156
2019-07-14,11.592597961425781
2019-07-15,10.447092056274414
2019-07-16,9.506699562072754
2019-07-17,8.884514808654785
2019-07-18,8.548932075500488
2019-07-19,8.369393348693848
2019-07-20,8.354256629943848
2019-07-21,8.309303283691406
2019-07-22,8.113299369812012
2019-07-23,10.775617599487305
2019-07-24,23.61945343017578
2019-07-25,34.65137481689453
2019-07-26,26.75497817993164
2019-07-27,17.27396583557129
2019-07-28,13.013916015625
2019-07-29,10.892723083496094
2019-07-30,9.602224349975586
2019-07-31,8.766683578491211
2019-08-01,8.685989379882812
2019-08-02,10.821573257446289
2019-08-03,15.59477424621582
2019-08-04,17.565366744995117
2019-08-05,15.231115341186523
2019-08-06,13.060440063476562
2019-08-07,12.482884407043457
2019-08-08,13.273329734802246
2019-08-09,13.226236343383789
2019-08-10,11.34028434753418
2019-08-11,9.535577774047852
2019-08-12,8.448225975036621
2019-08-13,7.97198486328125
2019-08-14,8.642318725585938
2019-08-15,9.921672821044922
2019-08-16,10.119535446166992
2019-08-17,9.966876983642578
2019-08-18,10.495616912841797
2019-08-19,10.696393966674805
2019-08-20,10.224418640136719
2019-08-21,10.213284492492676
2019-08-22,10.889843940734863
2019-08-23,11.939313888549805
2019-08-24,12.756669044494629
2019-08-25,17.60266876220703
2019-08-26,23.305469512939453
2019-08-27,19.348892211914062
2019-08-28,13.62127685546875
2019-08-29,11.116361618041992
2019-08-30,9.696067810058594
2019-08-31,8.618636131286621
2019-09-01,7.8032941818237305
2019-09-02,7.1565937995910645
2019-09-03,6.687585353851318
2019-09-04,6.333609104156494
2019-09-05,6.091892242431641
2019-09-06,6.126073837280273
2019-09-07,6.178267478942871
2019-09-08,5.952648639678955
2019-09-09,5.659186363220215
2019-09-10,5.402029991149902
2019-09-11,5.263410568237305
2019-09-12,5.154591083526611
2019-09-13,5.022091865539551
2019-09-14,5.0144219398498535
2019-09-15,5.123501777648926
2019-09-16,5.062633037567139
2019-09-17,4.867403507232666
2019-09-18,4.668376445770264
2019-09-19,4.600451469421387
2019-09-20,4.535999774932861
2019-09-21,4.428006172180176
2019-09-22,4.386682033538818
2019-09-23,4.3179612159729
2019-09-24,4.188577651977539
2019-09-25,4.049502372741699
2019-09-26,3.989549160003662
2019-09-27,3.9542055130004883
2019-09-28,3.934814453125
2019-09-29,4.115296840667725
2019-09-30,4.452999591827393
2019-10-01,4.574047565460205
2019-10-02,4.476870536804199
2019-10-03,4.252634525299072
2019-10-04,3.989656448364258
2019-10-05,3.844853162765503
2019-10-06,4.002389430999756
2019-10-07,4.125872611999512
2019-10-08,4.036595821380615
2019-10-09,3.9567785263061523
2019-10-10,3.8688571453094482
2019-10-11,3.741506338119507
2019-10-12,3.687612533569336
2019-10-13,3.8035025596618652
2019-10-14,4.177636623382568
2019-10-15,4.524092197418213
2019-10-16,4.607323169708252
2019-10-17,5.306552410125732
2019-10-18,6.36911153793335
2019-10-19,6.106342792510986
2019-10-20,6.848733425140381
2019-10-21,12.25750732421875
2019-10-22,16.998783111572266
2019-10-23,15.549949645996094
2019-10-24,13.714282035827637
2019-10-25,11.16437816619873
2019-10-26,8.866325378417969
2019-10-27,7.61204719543457
2019-10-28,7.110383033752441
2019-10-29,7.065176486968994
2019-10-30,6.906482696533203
2019-10-31,8.283651351928711
2019-11-01,21.075660705566406
2019-11-02,36.48451232910156
2019-11-03,29.631628036499023
2019-11-04,18.343217849731445
2019-11-05,13.3202486038208
2019-11-06,11.11159610748291
2019-11-07,9.719265937805176
2019-11-08,9.041467666625977
2019-11-09,8.947271347045898
2019-11-10,8.925081253051758
2019-11-11,8.652606964111328
2019-11-12,8.769254684448242
2019-11-13,10.572685241699219
2019-11-14,12.484597206115723
2019-11-15,12.026728630065918
2019-11-16,11.14725112915039
2019-11-17,10.304824829101562
2019-11-18,9.555776596069336
2019-11-19,9.724611282348633
2019-11-20,10.361254692077637
2019-11-21,10.121393203735352
2019-11-22,9.586901664733887
2019-11-23,10.016124725341797
2019-11-24,15.235873222351074
2019-11-25,24.59921646118164
2019-11-26,24.636917114257812
2019-11-27,19.466644287109375
2019-11-28,16.6832218170166
2019-11-29,15.999370574951172
2019-11-30,14.746576309204102
2019-12-01,20.463382720947266
2019-12-02,47.78226089477539
2019-12-03,63.52165985107422
2019-12-04,45.934364318847656
2019-12-05,29.186901092529297
2019-12-06,21.54001235961914
2019-12-07,17.983139038085938
2019-12-08,15.736478805541992
2019-12-09,14.481941223144531
2019-12-10,13.807519912719727
2019-12-11,15.12897777557373
2019-12-12,18.879241943359375
2019-12-13,23.765043258666992
2019-12-14,46.59623718261719
2019-12-15,83.08653259277344
2019-12-16,79.24598693847656
2019-12-17,53.70246887207031
2019-12-18,45.14170455932617
2019-12-19,45.537235260009766
2019-12-20,36.923439025878906
2019-12-21,28.4408016204834
2019-12-22,23.887859344482422
2019-12-23,22.10205841064453
2019-12-24,23.650074005126953
2019-12-25,24.9736385345459
2019-12-26,23.096981048583984
2019-12-27,20.762914657592773
2019-12-28,19.20793914794922
2019-12-29,18.269519805908203
2019-12-30,18.98871612548828
2019-12-31,21.185779571533203
2020-01-01,21.187870025634766
2020-01-02,19.411418914794922
2020-01-03,22.652385711669922
2020-01-04,65.29784393310547
2020-01-05,122.06112670898438
2020-01-06,102.85475158691406
2020-01-07,63.92437744140625
2020-01-08,45.470245361328125
2020-01-09,38.23790740966797
2020-01-10,31.818439483642578
2020-01-11,27.354812622070312
2020-01-12,27.034595489501953
2020-01-13,39.28366470336914
2020-01-14,64.6156005859375
2020-01-15,90.26263427734375
2020-01-16,89.34749603271484
2020-01-17,64.62975311279297
2020-01-18,45.42690658569336
2020-01-19,36.109588623046875
2020-01-20,32.0078125
2020-01-21,29.435836791992188
2020-01-22,26.800647735595703
2020-01-23,24.41736602783203
2020-01-24,23.076385498046875
2020-01-25,52.26416015625
2020-01-26,121.16311645507812
2020-01-27,122.50126647949219
2020-01-28,80.52275848388672
2020-01-29,54.86712646484375
2020-01-30,41.580726623535156
2020-01-31,35.34051513671875
2020-02-01,37.21097183227539
2020-02-02,43.524471282958984
2020-02-03,42.732879638671875
2020-02-04,36.460533142089844
2020-02-05,32.482791900634766
2020-02-06,81.3685073852539
2020-02-07,451.17620849609375
2020-02-08,762.133056640625
2020-02-09,422.2781677246094
2020-02-10,188.47344970703125
2020-02-11,115.72621154785156
2020-02-12,127.82454681396484
2020-02-13,164.69581604003906
2020-02-14,179.08673095703125
2020-02-15,162.19189453125
2020-02-16,112.53455352783203
2020-02-17,77.02853393554688
2020-02-18,59.45463562011719
2020-02-19,51.99809265136719
2020-02-20,53.880653381347656
2020-02-21,58.746341705322266
2020-02-22,56.674705505371094
2020-02-23,48.93267822265625
2020-02-24,43.71025848388672
2020-02-25,44.78105545043945
2020-02-26,56.018028259277344
2020-02-27,63.51813507080078
2020-02-28,55.19971466064453
2020-02-29,46.00666427612305
2020-03-01,40.11575698852539
2020-03-02,36.00811767578125
2020-03-03,34.44721221923828
2020-03-04,34.55773162841797
2020-03-05,34.587650299072266
2020-03-06,33.026851654052734
2020-03-07,31.22736358642578
2020-03-08,29.334903717041016
2020-03-09,27.722488403320312
2020-03-10,27.047740936279297
2020-03-11,26.48820686340332
2020-03-12,25.810239791870117
2020-03-13,25.18703269958496
2020-03-14,25.135753631591797
2020-03-15,25.088645935058594
2020-03-16,24.23562240600586
2020-03-17,23.327817916870117
2020-03-18,22.94253921508789
2020-03-19,22.71196937561035
2020-03-20,22.57428550720215
2020-03-21,22.785436630249023
2020-03-22,23.77428436279297
2020-03-23,25.679763793945312
2020-03-24,31.281625747680664
2020-03-25,60.23907470703125
2020-03-26,106.86355590820312
2020-03-27,110.60786437988281
2020-03-28,75.78153228759766
2020-03-29,51.515838623046875
2020-03-30,39.787879943847656
2020-03-31,33.41912841796875
2020-04-01,30.180866241455078
2020-04-02,28.95986557006836
2020-04-03,27.20386505126953
2020-04-04,25.22962188720703
2020-04-05,23.630170822143555
2020-04-06,22.53073501586914
2020-04-07,21.85749626159668
2020-04-08,21.345003128051758
2020-04-09,20.951236724853516
2020-04-10,21.031980514526367
2020-04-11,20.794103622436523
2020-04-12,19.703214645385742
2020-04-13,29.09550666809082
2020-04-14,54.714202880859375
2020-04-15,58.19304656982422
2020-04-16,41.789302825927734
2020-04-17,31.132678985595703
2020-04-18,26.554433822631836
2020-04-19,25.39239501953125
2020-04-20,26.378292083740234
2020-04-21,31.066030502319336
2020-04-22,33.13901901245117
2020-04-23,28.89380645751953
2020-04-24,25.654407501220703
2020-04-25,24.852643966674805
2020-04-26,25.498727798461914
2020-04-27,28.313148498535156
2020-04-28,27.922109603881836
2020-04-29,24.205415725708008
2020-04-30,41.976524353027344
2020-05-01,103.38020324707031
2020-05-02,129.80918884277344
2020-05-03,89.27918243408203
2020-05-04,56.20657730102539
2020-05-05,39.344764709472656
2020-05-06,30.87742805480957
2020-05-07,27.520584106445312
2020-05-08,25.17125129699707
2020-05-09,23.024303436279297
2020-05-10,21.46695899963379
2020-05-11,19.995929718017578
2020-05-12,18.82257080078125
2020-05-13,17.707075119018555
2020-05-14,16.97829246520996
2020-05-15,16.34410285949707
2020-05-16,15.554096221923828
2020-05-17,14.674498558044434
2020-05-18,13.837305068969727
2020-05-19,15.08137321472168
2020-05-20,38.4854850769043
2020-05-21,161.63290405273438
2020-05-22,345.0736999511719
2020-05-23,389.354248046875
2020-05-24,253.8828125
2020-05-25,143.54420471191406
2020-05-26,111.65922546386719
2020-05-27,107.6766128540039
2020-05-28,110.595703125
2020-05-29,144.1298828125
2020-05-30,147.17909240722656
2020-05-31,110.42352294921875
2020-06-01,74.17120361328125
2020-06-02,52.479400634765625
2020-06-03,40.19337844848633
2020-06-04,33.147377014160156
2020-06-05,28.479646682739258
2020-06-06,25.854923248291016
2020-06-07,26.33564567565918
2020-06-08,26.771194458007812
2020-06-09,23.937698364257812
2020-06-10,21.172096252441406
2020-06-11,21.823869705200195
2020-06-12,30.893871307373047
2020-06-13,35.18894577026367
2020-06-14,28.402673721313477
2020-06-15,23.308944702148438
2020-06-16,27.57392692565918
2020-06-17,47.33726119995117
2020-06-18,69.78939819335938
2020-06-19,71.46884155273438
2020-06-20,64.37277221679688
2020-06-21,58.641807556152344
2020-06-22,46.45650100708008
2020-06-23,34.34416580200195
2020-06-24,26.933752059936523
2020-06-25,22.742992401123047
2020-06-26,20.1177978515625
2020-06-27,18.366716384887695
2020-06-28,16.836528778076172
2020-06-29,16.06109046936035
2020-06-30,16.08165168762207
2020-07-01,15.950976371765137
2020-07-02,15.53783130645752
2020-07-03,14.847105026245117
2020-07-04,13.93246078491211
2020-07-05,13.100747108459473
2020-07-06,12.604612350463867
2020-07-07,12.283246994018555
2020-07-08,12.147851943969727
2020-07-09,12.587336540222168
2020-07-10,13.09679889678955
2020-07-11,13.633195877075195
2020-07-12,14.569025039672852
2020-07-13,14.41836929321289
2020-07-14,13.21588134765625
2020-07-15,11.714391708374023
2020-07-16,10.533839225769043
2020-07-17,10.21548843383789
2020-07-18,11.77057933807373
2020-07-19,14.329476356506348
2020-07-20,14.601705551147461
2020-07-21,12.690439224243164
2020-07-22,10.843775749206543
2020-07-23,9.982477188110352
2020-07-24,12.286295890808105
2020-07-25,20.112930297851562
2020-07-26,22.41135025024414
2020-07-27,17.768842697143555
2020-07-28,13.431085586547852
2020-07-29,12.12309741973877
2020-07-30,12.784839630126953
2020-07-31,12.936249732971191
2020-08-01,12.051761627197266
2020-08-02,11.062180519104004
2020-08-03,10.784090042114258
2020-08-04,28.46027183532715
2020-08-05,43.13060760498047
2020-08-06,36.5059928894043
2020-08-07,35.17756271362305
2020-08-08,41.37989807128906
2020-08-09,39.08049774169922
2020-08-10,30.11067771911621
2020-08-11,22.23469352722168
2020-08-12,17.734569549560547
2020-08-13,14.83588695526123
2020-08-14,14.290693283081055
2020-08-15,21.945308685302734
2020-08-16,43.332611083984375
2020-08-17,61.077056884765625
2020-08-18,55.63798522949219
2020-08-19,39.87232971191406
2020-08-20,27.46886444091797
2020-08-21,21.46965217590332
2020-08-22,21.470609664916992
2020-08-23,24.90985870361328
2020-08-24,23.889270782470703
2020-08-25,19.056774139404297
2020-08-26,15.580093383789062
2020-08-27,13.308683395385742
2020-08-28,11.77908706665039
2020-08-29,10.78795051574707
2020-08-30,10.143962860107422
2020-08-31,10.351640701293945
2020-09-01,14.52007007598877
2020-09-02,22.658418655395508
2020-09-03,22.839397430419922
2020-09-04,17.542362213134766
2020-09-05,13.408687591552734
2020-09-06,11.094409942626953
2020-09-07,9.713245391845703
2020-09-08,8.8567533493042
2020-09-09,8.43714714050293
2020-09-10,8.51991081237793
2020-09-11,9.252055168151855
2020-09-12,10.436559677124023
2020-09-13,11.005762100219727
2020-09-14,10.454066276550293
2020-09-15,9.452821731567383
2020-09-16,8.66115665435791
2020-09-17,9.100933074951172
2020-09-18,27.92481231689453
2020-09-19,63.48877716064453
2020-09-20,54.58518600463867
2020-09-21,32.74161148071289
2020-09-22,21.21814727783203
2020-09-23,16.010244369506836
2020-09-24,13.494397163391113
2020-09-25,15.272394180297852
2020-09-26,29.828655242919922
2020-09-27,45.82964324951172
2020-09-28,38.127197265625
2020-09-29,27.37281036376953
2020-09-30,30.561859130859375
2020-10-01,41.793338775634766
2020-10-02,37.305328369140625
2020-10-03,27.17163848876953
2020-10-04,20.758403778076172
2020-10-05,17.22177505493164
2020-10-06,15.14645004272461
2020-10-07,13.71981143951416
2020-10-08,12.66108512878418
2020-10-09,11.831035614013672
2020-10-10,11.74638557434082
2020-10-11,22.955978393554688
2020-10-12,60.46253204345703
2020-10-13,83.66218566894531
2020-10-14,65.91600036621094
2020-10-15,42.480464935302734
2020-10-16,31.06709861755371
2020-10-17,29.64080238342285
2020-10-18,28.399932861328125
2020-10-19,23.693941116333008
2020-10-20,20.124650955200195
2020-10-21,17.997020721435547
2020-10-22,16.66197395324707
2020-10-23,15.725603103637695
2020-10-24,14.93230152130127
2020-10-25,14.359061241149902
2020-10-26,17.060346603393555
2020-10-27,23.30370330810547
2020-10-28,22.723155975341797
2020-10-29,20.281694412231445
2020-10-30,25.8388614654541
2020-10-31,36.822288513183594
2020-11-01,36.741661071777344
2020-11-02,36.019615173339844
2020-11-03,36.725894927978516
2020-11-04,30.41140365600586
2020-11-05,24.6367244720459
2020-11-06,21.438711166381836
2020-11-07,19.571704864501953
2020-11-08,18.36882972717285
2020-11-09,17.372161865234375
2020-11-10,16.56480598449707
2020-11-11,16.79216957092285
2020-11-12,97.74644470214844
2020-11-13,362.6824951171875
2020-11-14,416.297607421875
2020-11-15,223.456787109375
2020-11-16,107.25790405273438
2020-11-17,65.13410949707031
2020-11-18,47.17904281616211
2020-11-19,38.00067901611328
2020-11-20,32.67995071411133
2020-11-21,29.431915283203125
2020-11-22,27.15340232849121
2020-11-23,25.46021270751953
2020-11-24,24.177562713623047
2020-11-25,23.13137435913086
2020-11-26,22.45203399658203
2020-11-27,22.47191047668457
2020-11-28,23.062149047851562
2020-11-29,22.274757385253906
2020-11-30,39.73792266845703
2020-12-01,102.47434997558594
2020-12-02,134.4138946533203
2020-12-03,90.02090454101562
2020-12-04,57.264129638671875
2020-12-05,50.731040954589844
2020-12-06,67.96273803710938
2020-12-07,72.62574005126953
2020-12-08,59.861385345458984
2020-12-09,48.259422302246094
2020-12-10,39.788734436035156
2020-12-11,34.43307876586914
2020-12-12,31.175151824951172
2020-12-13,29.196725845336914
2020-12-14,45.94617462158203
2020-12-15,108.05595397949219
2020-12-16,157.36215209960938
2020-12-17,159.93502807617188
2020-12-18,147.1055450439453
2020-12-19,105.43783569335938
2020-12-20,77.77311706542969
2020-12-21,77.46712493896484
2020-12-22,78.76641845703125
2020-12-23,63.60118865966797
2020-12-24,62.91297149658203
2020-12-25,157.52267456054688
2020-12-26,207.22117614746094
2020-12-27,144.578369140625
2020-12-28,91.23455047607422
2020-12-29,65.59408569335938
2020-12-30,52.65099334716797
2020-12-31,45.35082244873047
2021-01-01,41.207359313964844
2021-01-02,46.013160705566406
2021-01-03,81.28864288330078
2021-01-04,114.49079895019531
2021-01-05,103.66693115234375
2021-01-06,73.5639419555664
2021-01-07,56.13618469238281
2021-01-08,49.273738861083984
2021-01-09,53.27984619140625
2021-01-10,56.545921325683594
2021-01-11,49.46683120727539
2021-01-12,43.217811584472656
2021-01-13,39.84718704223633
2021-01-14,36.69501495361328
2021-01-15,35.00577926635742
2021-01-16,34.55997848510742
2021-01-17,33.99031448364258
2021-01-18,32.03032684326172
2021-01-19,30.157522201538086
2021-01-20,28.816631317138672
2021-01-21,27.697307586669922
2021-01-22,26.945690155029297
2021-01-23,26.529037475585938
2021-01-24,25.81769371032715
2021-01-25,26.38511848449707
2021-01-26,38.4233283996582
2021-01-27,66.689453125
2021-01-28,91.66380310058594
2021-01-29,100.75518798828125
2021-01-30,83.42726135253906
2021-01-31,69.62958526611328
2021-02-01,79.595458984375
2021-02-02,87.404541015625
2021-02-03,72.18900299072266
2021-02-04,56.52947235107422
2021-02-05,47.25638961791992
2021-02-06,42.97583770751953
2021-02-07,50.12324523925781
2021-02-08,71.0486068725586
2021-02-09,74.69084167480469
2021-02-10,60.85165023803711
2021-02-11,56.651634216308594
2021-02-12,79.46653747558594
2021-02-13,128.3595733642578
2021-02-14,182.37588500976562
2021-02-15,210.35134887695312
2021-02-16,224.97372436523438
2021-02-17,257.34625244140625
2021-02-18,227.40306091308594
2021-02-19,204.5717010498047
2021-02-20,221.4623260498047
2021-02-21,180.8341522216797
2021-02-22,128.30738830566406
2021-02-23,110.74533081054688
2021-02-24,104.75041198730469
2021-02-25,85.84685516357422
2021-02-26,72.67805480957031
2021-02-27,76.83444213867188
2021-02-28,91.87901306152344
2021-03-01,97.11576080322266
2021-03-02,113.74021911621094
2021-03-03,118.61703491210938
2021-03-04,90.11815643310547
2021-03-05,69.66088104248047
2021-03-06,58.52000427246094
2021-03-07,51.45425796508789
2021-03-08,46.15922546386719
2021-03-09,41.96735382080078
2021-03-10,39.611854553222656
2021-03-11,38.07319259643555
2021-03-12,36.7937126159668
2021-03-13,35.638214111328125
2021-03-14,34.465694427490234
2021-03-15,33.30185317993164
2021-03-16,35.954254150390625
2021-03-17,43.79918670654297
2021-03-18,51.32942581176758
2021-03-19,73.70582580566406
2021-03-20,113.82678985595703
2021-03-21,102.01210021972656
2021-03-22,72.7838134765625
2021-03-23,55.78266906738281
2021-03-24,47.04727554321289
2021-03-25,43.21217346191406
2021-03-26,54.97018051147461
2021-03-27,104.01337432861328
2021-03-28,146.27816772460938
2021-03-29,151.39381408691406
2021-03-30,122.52278137207031
2021-03-31,89.93637084960938
2021-04-01,91.5822982788086
2021-04-02,102.2601318359375
2021-04-03,81.7247543334961
2021-04-04,62.017784118652344
2021-04-05,51.53676223754883
2021-04-06,45.37847137451172
2021-04-07,41.3260612487793
2021-04-08,38.24724197387695
2021-04-09,36.224403381347656
2021-04-10,36.459678649902344
2021-04-11,40.985206604003906
2021-04-12,46.11778259277344
2021-04-13,43.14057540893555
2021-04-14,37.59085464477539
2021-04-15,34.50754165649414
2021-04-16,33.524227142333984
2021-04-17,31.894018173217773
2021-04-18,29.887134552001953
2021-04-19,28.410545349121094
2021-04-20,27.24734115600586
2021-04-21,26.016294479370117
2021-04-22,24.907455444335938
2021-04-23,23.80784034729004
2021-04-24,24.030284881591797
2021-04-25,29.656314849853516
2021-04-26,36.77671813964844
2021-04-27,33.8033447265625
2021-04-28,28.790332794189453
2021-04-29,25.78458595275879
2021-04-30,30.613056182861328
2021-05-01,46.563087463378906
2021-05-02,47.924339294433594
2021-05-03,38.854896545410156
2021-05-04,39.272239685058594
2021-05-05,45.624786376953125
2021-05-06,41.36322021484375
2021-05-07,34.94221115112305
2021-05-08,34.32147979736328
2021-05-09,32.80912399291992
2021-05-10,30.969011306762695
2021-05-11,33.8020133972168
2021-05-12,35.653446197509766
2021-05-13,37.260284423828125
2021-05-14,36.159027099609375
2021-05-15,30.452314376831055
2021-05-16,26.166738510131836
2021-05-17,23.637001037597656
2021-05-18,21.942119598388672
2021-05-19,20.69655990600586
2021-05-20,19.537513732910156
2021-05-21,18.35677719116211
2021-05-22,17.242509841918945
2021-05-23,16.415449142456055
2021-05-24,15.799617767333984
2021-05-25,15.197088241577148
2021-05-26,14.865833282470703
2021-05-27,14.63329029083252
2021-05-28,14.017534255981445
2021-05-29,13.779048919677734
2021-05-30,15.028960227966309
2021-05-31,16.381242752075195
2021-06-01,15.732165336608887
2021-06-02,14.556822776794434
2021-06-03,15.878978729248047
2021-06-04,20.46079444885254
2021-06-05,22.216650009155273
2021-06-06,19.909894943237305
2021-06-07,16.82797622680664
2021-06-08,15.27975845336914
2021-06-09,15.479912757873535
2021-06-10,16.5678653717041
2021-06-11,21.155319213867188
2021-06-12,27.31876564025879
2021-06-13,29.336017608642578
2021-06-14,26.748815536499023
2021-06-15,21.961246490478516
2021-06-16,18.690263748168945
2021-06-17,15.909461975097656
2021-06-18,13.675466537475586
2021-06-19,12.321626663208008
2021-06-20,11.87563705444336
2021-06-21,12.646749496459961
2021-06-22,13.604347229003906
2021-06-23,14.499737739562988
2021-06-24,14.867679595947266
2021-06-25,13.395973205566406
2021-06-26,11.756628036499023
2021-06-27,10.786585807800293
2021-06-28,10.146329879760742
2021-06-29,9.642033576965332
2021-06-30,9.119195938110352
2021-07-01,8.681396484375
2021-07-02,9.664562225341797
2021-07-03,17.888702392578125
2021-07-04,26.09918975830078
2021-07-05,21.300518035888672
2021-07-06,14.978229522705078
2021-07-07,11.97984504699707
2021-07-08,12.10040283203125
2021-07-09,19.6859188079834
2021-07-10,25.79013442993164
2021-07-11,21.280508041381836
2021-07-12,15.576961517333984
2021-07-13,12.48392105102539
2021-07-14,11.001976013183594
2021-07-15,10.81347370147705
2021-07-16,10.852087020874023
2021-07-17,10.245219230651855
2021-07-18,10.341737747192383
2021-07-19,14.433825492858887
2021-07-20,24.154245376586914
2021-07-21,27.26601791381836
2021-07-22,20.675838470458984
2021-07-23,14.969507217407227
2021-07-24,11.745833396911621
2021-07-25,10.079094886779785
2021-07-26,9.270318031311035
2021-07-27,8.990504264831543
2021-07-28,9.130033493041992
2021-07-29,9.017367362976074
2021-07-30,8.44728946685791
2021-07-31,7.680883407592773
2021-08-01,7.147716522216797
2021-08-02,7.135560989379883
2021-08-03,7.327701091766357
2021-08-04,7.55048131942749
2021-08-05,7.614414215087891
2021-08-06,7.2464680671691895
2021-08-07,7.199100971221924
2021-08-08,8.716412544250488
2021-08-09,10.231773376464844
2021-08-10,9.328052520751953
2021-08-11,8.035341262817383
2021-08-12,7.358412265777588
2021-08-13,6.97404670715332
2021-08-14,6.781294822692871
2021-08-15,7.628355979919434
2021-08-16,10.84989070892334
2021-08-17,14.927055358886719
2021-08-18,17.746997833251953
2021-08-19,17.85326385498047
2021-08-20,15.372937202453613
2021-08-21,13.518834114074707
2021-08-22,12.203232765197754
2021-08-23,10.631875038146973
2021-08-24,9.196711540222168
2021-08-25,8.053380012512207
2021-08-26,7.266414642333984
2021-08-27,6.822911739349365
2021-08-28,6.491931915283203
2021-08-29,6.071917533874512
2021-08-30,5.6659064292907715
2021-08-31,5.367931365966797
2021-09-01,5.311100006103516
2021-09-02,5.944927215576172
2021-09-03,6.655048370361328
2021-09-04,6.3704304695129395
2021-09-05,5.765376091003418
2021-09-06,5.37470817565918
2021-09-07,5.1313347816467285
2021-09-08,5.171996593475342
2021-09-09,6.130105495452881
2021-09-10,7.756850719451904
2021-09-11,8.001352310180664
2021-09-12,7.008247375488281
2021-09-13,6.113750457763672
2021-09-14,5.505467414855957
2021-09-15,5.086917877197266
2021-09-16,4.942722797393799
2021-09-17,5.190512657165527
2021-09-18,5.40395975112915
2021-09-19,5.297969818115234
2021-09-20,5.086273670196533
2021-09-21,5.2557854652404785
2021-09-22,8.242420196533203
2021-09-23,16.400388717651367
2021-09-24,20.314226150512695
2021-09-25,15.721848487854004
2021-09-26,11.004560470581055
2021-09-27,8.51317024230957
2021-09-28,7.235526084899902
2021-09-29,6.419863700866699
2021-09-30,5.899657726287842
2021-10-01,5.574455738067627
2021-10-02,5.3721818923950195
2021-10-03,5.219669818878174
2021-10-04,5.113100528717041
2021-10-05,5.189233303070068
2021-10-06,5.356762409210205
2021-10-07,5.544538974761963
2021-10-08,5.837410926818848
2021-10-09,8.105001449584961
2021-10-10,13.950530052185059
2021-10-11,16.453121185302734
2021-10-12,13.287357330322266
2021-10-13,10.267497062683105
2021-10-14,8.542101860046387
2021-10-15,7.482441425323486
2021-10-16,6.812295436859131
2021-10-17,6.360706329345703
2021-10-18,6.04746150970459
2021-10-19,5.797215461730957
2021-10-20,5.59824275970459
2021-10-21,5.434301376342773
2021-10-22,5.282721519470215
2021-10-23,5.193533420562744
2021-10-24,5.15287446975708
2021-10-25,5.092371940612793
2021-10-26,5.30086612701416
2021-10-27,5.746722221374512
2021-10-28,5.843644142150879
2021-10-29,5.9390363693237305
2021-10-30,6.38279914855957
2021-10-31,6.671075820922852
2021-11-01,6.4205732345581055
2021-11-02,6.160162448883057
2021-11-03,5.96436071395874
2021-11-04,5.908832550048828
2021-11-05,6.202397346496582
2021-11-06,6.594746112823486
2021-11-07,6.5464887619018555
2021-11-08,6.370168685913086
2021-11-09,6.370649337768555
2021-11-10,6.398609161376953
2021-11-11,6.287489891052246
2021-11-12,6.176145553588867
2021-11-13,6.160903453826904
2021-11-14,6.235311985015869
2021-11-15,6.1899614334106445
2021-11-16,6.084385871887207
2021-11-17,6.157858848571777
2021-11-18,6.180517673492432
2021-11-19,6.102541923522949
2021-11-20,6.014348983764648
2021-11-21,6.0518269538879395
2021-11-22,6.736166954040527
2021-11-23,8.578679084777832
2021-11-24,9.996573448181152
2021-11-25,9.510896682739258
2021-11-26,8.614079475402832
2021-11-27,8.134819030761719
2021-11-28,7.865963935852051
2021-11-29,7.5232391357421875
2021-11-30,7.249516487121582
2021-12-01,7.188120365142822
2021-12-02,7.1136298179626465
2021-12-03,6.982205390930176
2021-12-04,6.9199395179748535
2021-12-05,6.915299892425537
2021-12-06,6.822259426116943
2021-12-07,6.727679252624512
2021-12-08,6.750150203704834
2021-12-09,7.07440185546875
2021-12-10,7.384880065917969
2021-12-11,7.419798374176025
2021-12-12,7.808345794677734
2021-12-13,9.564058303833008
2021-12-14,10.626523971557617
2021-12-15,9.941155433654785
2021-12-16,9.121759414672852
2021-12-17,8.624395370483398
2021-12-18,8.221572875976562
2021-12-19,10.009105682373047
2021-12-20,15.26765251159668
2021-12-21,16.91867446899414
2021-12-22,14.808859825134277
2021-12-23,12.771440505981445
2021-12-24,11.277056694030762
2021-12-25,10.25842571258545
2021-12-26,9.527009963989258
2021-12-27,9.023503303527832
2021-12-28,8.761629104614258
2021-12-29,8.551264762878418
2021-12-30,8.551631927490234
2021-12-31,9.29512882232666
2022-01-01,10.005887031555176
2022-01-02,11.429330825805664
2022-01-03,108.38506317138672
2022-01-04,255.4969482421875
2022-01-05,192.6886444091797
2022-01-06,94.25154876708984
2022-01-07,50.235206604003906
2022-01-08,33.27386474609375
2022-01-09,25.605464935302734
2022-01-10,24.108020782470703
2022-01-11,26.79553985595703
2022-01-12,25.74921989440918
2022-01-13,21.984704971313477
2022-01-14,19.286144256591797
2022-01-15,17.540498733520508
2022-01-16,22.295583724975586
2022-01-17,42.078304290771484
2022-01-18,56.21168518066406
2022-01-19,49.26945495605469
2022-01-20,42.91037368774414
2022-01-21,50.974525451660156
2022-01-22,59.1513786315918
2022-01-23,49.86030197143555
2022-01-24,39.7951774597168
2022-01-25,34.763336181640625
2022-01-26,31.74445343017578
2022-01-27,28.61485481262207
2022-01-28,25.08575439453125
2022-01-29,22.86212921142578
2022-01-30,21.79120635986328
2022-01-31,20.53392791748047
2022-02-01,19.34640121459961
2022-02-02,18.498754501342773
2022-02-03,18.634944915771484
2022-02-04,28.03116798400879
2022-02-05,60.851295471191406
2022-02-06,78.6070327758789
2022-02-07,60.72421646118164
2022-02-08,49.245094299316406
2022-02-09,49.84757614135742
2022-02-10,43.354393005371094
2022-02-11,35.77354049682617
2022-02-12,30.614912033081055
2022-02-13,27.588558197021484
2022-02-14,25.65802574157715
2022-02-15,24.23798179626465
2022-02-16,22.48670196533203
2022-02-17,21.247570037841797
2022-02-18,21.90033531188965
2022-02-19,25.07279396057129
2022-02-20,26.10688018798828
2022-02-21,23.79575538635254
2022-02-22,21.608226776123047
2022-02-23,21.8369140625
2022-02-24,29.126930236816406
2022-02-25,41.84674835205078
2022-02-26,44.79472351074219
2022-02-27,39.459449768066406
2022-02-28,40.28850173950195
2022-03-01,42.657325744628906
2022-03-02,36.8037223815918
2022-03-03,30.900379180908203
2022-03-04,26.983339309692383
2022-03-05,24.386627197265625
2022-03-06,22.544116973876953
2022-03-07,21.165969848632812
2022-03-08,20.43920135498047
2022-03-09,34.89699172973633
2022-03-10,84.80065155029297
2022-03-11,111.31668853759766
2022-03-12,99.18492126464844
2022-03-13,124.01734161376953
2022-03-14,120.31792449951172
2022-03-15,82.59832763671875
2022-03-16,68.61447143554688
2022-03-17,160.118408203125
2022-03-18,280.8806457519531
2022-03-19,226.1986846923828
2022-03-20,133.78050231933594
2022-03-21,81.62491607666016
2022-03-22,57.20696258544922
2022-03-23,49.4673957824707
2022-03-24,62.4150505065918
2022-03-25,78.67737579345703
2022-03-26,68.71450805664062
2022-03-27,52.49610900878906
2022-03-28,41.95000076293945
2022-03-29,35.59886169433594
2022-03-30,31.65962028503418
2022-03-31,38.275150299072266
2022-04-01,62.67047882080078
2022-04-02,74.1039810180664
2022-04-03,57.87101745605469
2022-04-04,44.10780334472656
2022-04-05,41.266056060791016
2022-04-06,57.1064453125
2022-04-07,71.63485717773438
2022-04-08,66.98847198486328
2022-04-09,56.113014221191406
2022-04-10,44.9193115234375
2022-04-11,37.25849151611328
2022-04-12,32.3931884765625
2022-04-13,29.47188377380371
2022-04-14,27.366371154785156
2022-04-15,25.704849243164062
2022-04-16,24.317092895507812
2022-04-17,23.618305206298828
2022-04-18,34.493873596191406
2022-04-19,73.18395233154297
2022-04-20,96.72671508789062
2022-04-21,70.49162292480469
2022-04-22,48.88836669921875
2022-04-23,37.70536422729492
2022-04-24,31.39450454711914
2022-04-25,27.38712501525879
2022-04-26,25.04073715209961
2022-04-27,24.330923080444336
2022-04-28,23.316715240478516
2022-04-29,21.50753402709961
2022-04-30,20.242137908935547
2022-05-01,20.1195011138916
2022-05-02,21.804183959960938
2022-05-03,23.352285385131836
2022-05-04,22.111024856567383
2022-05-05,20.012971878051758
2022-05-06,18.365222930908203
2022-05-07,19.39171600341797
2022-05-08,24.211936950683594
2022-05-09,25.916383743286133
2022-05-10,22.926342010498047
2022-05-11,19.658634185791016
2022-05-12,17.51291847229004
2022-05-13,15.991418838500977
2022-05-14,15.372807502746582
2022-05-15,16.05909538269043
2022-05-16,16.836793899536133
2022-05-17,16.448089599609375
2022-05-18,15.355985641479492
2022-05-19,13.961740493774414
2022-05-20,13.071881294250488
2022-05-21,13.250972747802734
2022-05-22,14.17760181427002
2022-05-23,15.060651779174805
2022-05-24,18.917999267578125
2022-05-25,27.383451461791992
2022-05-26,29.734188079833984
2022-05-27,26.557830810546875
2022-05-28,30.795894622802734
2022-05-29,32.95967102050781
2022-05-30,25.674692153930664
2022-05-31,19.444936752319336
2022-06-01,15.975330352783203
2022-06-02,13.73760986328125
2022-06-03,12.421784400939941
2022-06-04,11.786861419677734
2022-06-05,11.226511001586914
2022-06-06,10.449621200561523
2022-06-07,9.745933532714844
2022-06-08,9.240360260009766
2022-06-09,9.165654182434082
2022-06-10,9.064384460449219
2022-06-11,8.570967674255371
2022-06-12,8.109159469604492
2022-06-13,7.883624076843262
2022-06-14,7.690389633178711
2022-06-15,7.6218791007995605
2022-06-16,8.76081657409668
2022-06-17,13.405739784240723
2022-06-18,19.222476959228516
2022-06-19,17.88687515258789
2022-06-20,13.275869369506836
2022-06-21,10.305476188659668
2022-06-22,8.93697452545166
2022-06-23,8.180886268615723
2022-06-24,7.63167667388916
2022-06-25,7.116314888000488
2022-06-26,6.604579448699951
2022-06-27,6.317662239074707
2022-06-28,6.434357643127441
2022-06-29,6.577061176300049
2022-06-30,6.273205757141113
2022-07-01,5.894552230834961
2022-07-02,5.56156063079834
2022-07-03,5.3454461097717285
2022-07-04,5.4977617263793945
2022-07-05,5.763793468475342
2022-07-06,6.119564056396484
2022-07-07,6.809896945953369
2022-07-08,7.530482769012451
2022-07-09,8.319649696350098
2022-07-10,9.276018142700195
2022-07-11,10.226225852966309
2022-07-12,9.864850997924805
2022-07-13,8.581597328186035
2022-07-14,8.410004615783691
2022-07-15,8.726729393005371
2022-07-16,8.071307182312012
2022-07-17,7.7151994705200195
2022-07-18,7.653964996337891
2022-07-19,6.980594635009766
2022-07-20,6.205575942993164
2022-07-21,5.785528182983398
2022-07-22,5.944082736968994
2022-07-23,6.127887725830078
2022-07-24,5.71476936340332
2022-07-25,5.2467756271362305
2022-07-26,5.311586380004883
2022-07-27,6.2201361656188965
2022-07-28,7.004502296447754
2022-07-29,7.031707763671875
2022-07-30,6.763584613800049
2022-07-31,6.764001846313477
2022-08-01,7.645427703857422
2022-08-02,8.603968620300293
2022-08-03,7.959805965423584
2022-08-04,6.62034797668457
2022-08-05,5.683724403381348
2022-08-06,5.330367565155029
2022-08-07,5.631188869476318
2022-08-08,5.868494033813477
2022-08-09,5.43986177444458
2022-08-10,4.933757781982422
2022-08-11,4.882289409637451
2022-08-12,5.156587600708008
2022-08-13,5.131581783294678
2022-08-14,4.7089314460754395
2022-08-15,4.420397758483887
2022-08-16,4.75459098815918
2022-08-17,5.12275505065918
2022-08-18,4.898653030395508
2022-08-19,4.4644775390625
2022-08-20,4.161810398101807
2022-08-21,4.225569725036621
2022-08-22,5.2505927085876465
2022-08-23,8.022333145141602
2022-08-24,9.578313827514648
2022-08-25,8.242820739746094
2022-08-26,6.662600517272949
2022-08-27,5.799959659576416
2022-08-28,5.2433552742004395
2022-08-29,4.756686210632324
2022-08-30,4.357767105102539
2022-08-31,4.169507026672363
2022-09-01,4.093142986297607
2022-09-02,3.8550713062286377
2022-09-03,3.5779495239257812
2022-09-04,3.38785982131958
2022-09-05,3.407022714614868
2022-09-06,3.983001232147217
2022-09-07,5.195516586303711
2022-09-08,5.795522689819336
2022-09-09,5.515514373779297
2022-09-10,5.051993370056152
2022-09-11,5.147063255310059
2022-09-12,6.133423805236816
2022-09-13,6.664787292480469
2022-09-14,6.111026763916016
2022-09-15,5.23903226852417
2022-09-16,4.557161808013916
2022-09-17,4.082798957824707
2022-09-18,3.7613701820373535
2022-09-19,3.5573503971099854
2022-09-20,3.384753704071045
2022-09-21,3.2330775260925293
2022-09-22,3.1086039543151855
2022-09-23,3.0173869132995605
2022-09-24,2.9654269218444824
2022-09-25,2.931570053100586
2022-09-26,2.9308624267578125
2022-09-27,2.9481401443481445
2022-09-28,2.8991026878356934
2022-09-29,2.848281145095825
2022-09-30,3.936605453491211
2022-10-01,10.00774097442627
2022-10-02,18.67241859436035
2022-10-03,19.629390716552734
2022-10-04,14.476652145385742
2022-10-05,9.92894172668457
2022-10-06,7.43074369430542
2022-10-07,6.08245325088501
2022-10-08,5.302096366882324
2022-10-09,4.826226234436035
2022-10-10,4.526059627532959
2022-10-11,4.292065620422363
2022-10-12,4.144647598266602
2022-10-13,4.156337738037109
2022-10-14,4.530562877655029
2022-10-15,4.985140800476074
2022-10-16,4.9342875480651855
2022-10-17,4.806864261627197
2022-10-18,5.988475799560547
2022-10-19,7.58862829208374
2022-10-20,7.248411178588867
2022-10-21,6.1269307136535645
2022-10-22,5.431694030761719
2022-10-23,5.04437255859375
2022-10-24,4.738349437713623
2022-10-25,4.525171279907227
2022-10-26,4.400877475738525
2022-10-27,4.363241195678711
2022-10-28,4.266097545623779
2022-10-29,4.164839267730713
2022-10-30,4.157017707824707
2022-10-31,4.268557071685791
2022-11-01,4.5618977546691895
2022-11-02,4.97371768951416
2022-11-03,5.074386119842529
2022-11-04,5.038940906524658
2022-11-05,4.897977828979492
2022-11-06,4.724608421325684
2022-11-07,4.667137622833252
2022-11-08,4.674114227294922
2022-11-09,4.5637969970703125
2022-11-10,4.450224876403809
2022-11-11,5.096834659576416
2022-11-12,8.365250587463379
2022-11-13,12.78302001953125
2022-11-14,12.205686569213867
2022-11-15,9.530601501464844
2022-11-16,8.22700309753418
2022-11-17,8.42686653137207
2022-11-18,8.088310241699219
2022-11-19,7.377829551696777
2022-11-20,6.788261413574219
2022-11-21,6.440232753753662
2022-11-22,6.302478313446045
2022-11-23,6.1948723793029785
2022-11-24,6.086846828460693
2022-11-25,6.205298900604248
2022-11-26,7.003353118896484
2022-11-27,8.927922248840332
2022-11-28,12.6993989944458
2022-11-29,15.688679695129395
2022-11-30,15.765625
2022-12-01,22.2835750579834
2022-12-02,28.77251434326172
2022-12-03,23.232257843017578
2022-12-04,18.549137115478516
2022-12-05,17.224958419799805
2022-12-06,14.767327308654785
2022-12-07,12.767335891723633
2022-12-08,12.41460132598877
2022-12-09,12.5652437210083
2022-12-10,12.116473197937012
2022-12-11,11.480862617492676
2022-12-12,10.84347915649414
2022-12-13,10.192387580871582
2022-12-14,9.613422393798828
2022-12-15,11.971634864807129
2022-12-16,26.01507568359375
2022-12-17,41.514869689941406
2022-12-18,33.824459075927734
2022-12-19,23.445871353149414
2022-12-20,17.761964797973633
2022-12-21,14.820837020874023
2022-12-22,16.586965560913086
2022-12-23,34.80778884887695
2022-12-24,55.046329498291016
2022-12-25,44.557552337646484
2022-12-26,30.759965896606445
2022-12-27,23.129655838012695
2022-12-28,19.200429916381836
2022-12-29,17.176349639892578
2022-12-30,16.035600662231445
2022-12-31,15.86214828491211
2023-01-01,19.34856414794922
2023-01-02,24.052257537841797
2023-01-03,22.18410873413086
2023-01-04,20.807708740234375
2023-01-05,30.96945571899414
2023-01-06,46.428123474121094
2023-01-07,39.75837707519531
2023-01-08,28.932403564453125
2023-01-09,25.113990783691406
2023-01-10,25.965713500976562
2023-01-11,23.9041690826416
2023-01-12,20.923904418945312
2023-01-13,21.462810516357422
2023-01-14,30.314926147460938
2023-01-15,35.17451858520508
2023-01-16,29.8103084564209
2023-01-17,24.007247924804688
2023-01-18,22.136714935302734
2023-01-19,21.911699295043945
2023-01-20,20.35894012451172
2023-01-21,18.551162719726562
2023-01-22,18.986400604248047
2023-01-23,31.868751525878906
2023-01-24,45.413108825683594
2023-01-25,51.66041946411133
2023-01-26,74.84199523925781
2023-01-27,88.10173034667969
2023-01-28,64.06810760498047
2023-01-29,43.339385986328125
2023-01-30,36.53160858154297
2023-01-31,43.40702819824219
2023-02-01,50.487464904785156
2023-02-02,52.447547912597656
2023-02-03,53.43108367919922
2023-02-04,50.42475891113281
2023-02-05,41.59080505371094
2023-02-06,33.6467170715332
2023-02-07,28.66448211669922
2023-02-08,25.331615447998047
2023-02-09,23.216625213623047
2023-02-10,21.845016479492188
2023-02-11,21.0991153717041
2023-02-12,39.80934524536133
2023-02-13,108.58296203613281
2023-02-14,155.0613250732422
2023-02-15,107.022705078125
2023-02-16,65.75780487060547
2023-02-17,51.594871520996094
2023-02-18,64.01273345947266
2023-02-19,71.48735809326172
2023-02-20,56.250972747802734
2023-02-21,43.7020149230957
2023-02-22,38.152591705322266
2023-02-23,35.923240661621094
2023-02-24,34.243507385253906
2023-02-25,31.310014724731445
2023-02-26,32.0093879699707
2023-02-27,33.47174835205078
2023-02-28,30.788177490234375
2023-03-01,28.123327255249023
2023-03-02,32.5001106262207
2023-03-03,60.435211181640625
2023-03-04,93.50465393066406
2023-03-05,92.25340270996094
2023-03-06,67.63890075683594
2023-03-07,47.89772415161133
2023-03-08,37.465965270996094
2023-03-09,31.38612174987793
2023-03-10,27.701736450195312
2023-03-11,26.22047233581543
2023-03-12,26.349994659423828
2023-03-13,29.696544647216797
2023-03-14,33.69114685058594
2023-03-15,31.147062301635742
2023-03-16,27.053600311279297
2023-03-17,24.449092864990234
2023-03-18,30.964515686035156
2023-03-19,41.4123649597168
2023-03-20,40.200103759765625
2023-03-21,33.44965362548828
2023-03-22,28.852008819580078
2023-03-23,28.138050079345703
2023-03-24,27.654996871948242
2023-03-25,25.842283248901367
2023-03-26,25.61009407043457
2023-03-27,37.381168365478516
2023-03-28,48.17613220214844
2023-03-29,47.2462158203125
2023-03-30,41.16189193725586
2023-03-31,35.08488845825195
2023-04-01,32.57539367675781
2023-04-02,33.775447845458984
2023-04-03,32.572547912597656
2023-04-04,28.496570587158203
2023-04-05,25.07221221923828
2023-04-06,22.98125457763672
2023-04-07,33.97021484375
2023-04-08,115.9095458984375
2023-04-09,244.44879150390625
2023-04-10,236.96620178222656
2023-04-11,143.31088256835938
2023-04-12,85.89833068847656
2023-04-13,58.73827362060547
2023-04-14,47.63690185546875
2023-04-15,49.90819549560547
2023-04-16,51.98759078979492
2023-04-17,44.58921813964844
2023-04-18,37.06090545654297
2023-04-19,31.452993392944336
2023-04-20,27.545156478881836
2023-04-21,24.822265625
2023-04-22,23.9434757232666
2023-04-23,26.730850219726562
2023-04-24,29.223201751708984
2023-04-25,27.18610954284668
2023-04-26,23.982929229736328
2023-04-27,22.226619720458984
2023-04-28,29.554771423339844
2023-04-29,54.97368621826172
2023-04-30,80.04422760009766
2023-05-01,95.38511657714844
2023-05-02,91.2968978881836
2023-05-03,64.68919372558594
2023-05-04,45.43073272705078
2023-05-05,34.69877624511719
2023-05-06,28.702190399169922
2023-05-07,25.1701717376709
2023-05-08,22.66889762878418
2023-05-09,20.894386291503906
2023-05-10,19.502410888671875
2023-05-11,18.14444351196289
2023-05-12,16.965688705444336
2023-05-13,16.00131607055664
2023-05-14,15.254590034484863
2023-05-15,14.814427375793457
2023-05-16,14.332529067993164
2023-05-17,14.749166488647461
2023-05-18,15.915730476379395
2023-05-19,15.814143180847168
2023-05-20,14.797321319580078
2023-05-21,13.711854934692383
2023-05-22,12.96021842956543
2023-05-23,12.305126190185547
2023-05-24,11.637983322143555
2023-05-25,11.074088096618652
2023-05-26,10.572715759277344
2023-05-27,10.58924388885498
2023-05-28,12.069750785827637
2023-05-29,15.131856918334961
2023-05-30,19.22835922241211
2023-05-31,21.06230354309082
2023-06-01,18.363962173461914
2023-06-02,15.119122505187988
2023-06-03,13.041007041931152
2023-06-04,11.7462797164917
2023-06-05,11.28604507446289
2023-06-06,10.955368041992188
2023-06-07,10.4542818069458
2023-06-08,10.623056411743164
2023-06-09,11.446327209472656
2023-06-10,10.90811538696289
2023-06-11,9.871871948242188
2023-06-12,9.34118938446045
2023-06-13,9.354955673217773
2023-06-14,9.268256187438965
2023-06-15,8.808727264404297
2023-06-16,8.256168365478516
2023-06-17,7.817920684814453
2023-06-18,7.372979164123535
2023-06-19,7.293519020080566
2023-06-20,10.506376266479492
2023-06-21,19.304126739501953
2023-06-22,28.858179092407227
2023-06-23,36.11850357055664
2023-06-24,38.57069396972656
2023-06-25,32.04086685180664
2023-06-26,22.651750564575195
2023-06-27,19.97894859313965
2023-06-28,23.451988220214844
2023-06-29,22.144746780395508
2023-06-30,16.56819725036621
2023-07-01,14.008733749389648
2023-07-02,15.651792526245117
2023-07-03,16.61899185180664
2023-07-04,15.033227920532227
2023-07-05,13.317111015319824
2023-07-06,12.119327545166016
2023-07-07,11.52676773071289
2023-07-08,12.034063339233398
2023-07-09,15.979333877563477
2023-07-10,23.5006103515625
2023-07-11,25.928796768188477
2023-07-12,20.277694702148438
2023-07-13,14.476661682128906
2023-07-14,11.775751113891602
2023-07-15,11.732138633728027
2023-07-16,12.39792251586914
2023-07-17,12.18592643737793
2023-07-18,11.222116470336914
2023-07-19,9.671093940734863
2023-07-20,8.539802551269531
2023-07-21,8.053108215332031
2023-07-22,7.717555046081543
2023-07-23,7.230111122131348
2023-07-24,7.034191608428955
2023-07-25,7.29087495803833
2023-07-26,7.361639022827148
2023-07-27,6.810879707336426
2023-07-28,6.114823818206787
2023-07-29,5.65567684173584
2023-07-30,5.511888027191162
2023-07-31,5.821197986602783
2023-08-01,6.09502649307251
2023-08-02,5.812629699707031
2023-08-03,5.39302921295166
2023-08-04,5.4218010902404785
2023-08-05,5.889365196228027
2023-08-06,6.010824203491211
2023-08-07,6.004851818084717
2023-08-08,6.522367477416992
2023-08-09,6.622759819030762
2023-08-10,6.256239414215088
2023-08-11,6.55429220199585
2023-08-12,7.08859920501709
2023-08-13,6.599278450012207
2023-08-14,5.703460216522217
2023-08-15,5.193992614746094
2023-08-16,5.385953426361084
2023-08-17,5.648903846740723
2023-08-18,5.289947509765625
2023-08-19,4.730049133300781
2023-08-20,4.303622245788574
2023-08-21,3.9963974952697754
2023-08-22,3.7561912536621094
2023-08-23,3.5792646408081055
2023-08-24,3.4353044033050537
2023-08-25,3.417088031768799
2023-08-26,3.6889753341674805
2023-08-27,4.0606842041015625
2023-08-28,4.6444292068481445
2023-08-29,6.3551025390625
2023-08-30,8.753825187683105
2023-08-31,11.49349308013916
2023-09-01,12.553627967834473
2023-09-02,10.307425498962402
2023-09-03,7.641079902648926
2023-09-04,6.022480010986328
2023-09-05,5.070490837097168
2023-09-06,4.434484481811523
2023-09-07,3.9963748455047607
2023-09-08,3.7252628803253174
2023-09-09,3.8874385356903076
2023-09-10,4.7689619064331055
2023-09-11,5.704977035522461
2023-09-12,6.010928630828857
2023-09-13,6.183616638183594
2023-09-14,6.72169828414917
2023-09-15,6.363226413726807
2023-09-16,5.382777214050293
2023-09-17,4.719399452209473
2023-09-18,4.661467552185059
2023-09-19,4.808845520019531
2023-09-20,4.567910671234131
2023-09-21,4.21298360824585
2023-09-22,3.992964744567871
2023-09-23,4.763943195343018
2023-09-24,7.345240592956543
2023-09-25,9.049210548400879
2023-09-26,7.979398727416992
2023-09-27,6.436905860900879
2023-09-28,5.505927562713623
2023-09-29,4.917029857635498
2023-09-30,4.485057353973389
2023-10-01,4.141298294067383
2023-10-02,3.8040056228637695
2023-10-03,3.561190128326416
2023-10-04,3.391195297241211
2023-10-05,3.273118734359741
2023-10-06,3.254218816757202
2023-10-07,3.3127059936523438
2023-10-08,3.341724395751953
2023-10-09,3.300090789794922
2023-10-10,3.226794719696045
2023-10-11,3.1704628467559814
2023-10-12,3.2879245281219482
2023-10-13,3.6908607482910156
2023-10-14,4.1378374099731445
2023-10-15,4.642279624938965
2023-10-16,4.924118995666504
2023-10-17,4.668466091156006
2023-10-18,4.2649736404418945
2023-10-19,3.959604263305664
2023-10-20,3.8345916271209717
2023-10-21,3.9070069789886475
2023-10-22,3.963012456893921
2023-10-23,3.810335159301758
2023-10-24,3.6229634284973145
2023-10-25,3.5275840759277344
2023-10-26,3.44134783744812
2023-10-27,3.359445571899414
2023-10-28,3.278191328048706
2023-10-29,3.18416166305542
2023-10-30,3.08276629447937
2023-10-31,3.04832124710083
2023-11-01,3.1696298122406006
2023-11-02,3.317748546600342
2023-11-03,3.397228240966797
2023-11-04,3.481391191482544
2023-11-05,3.5739309787750244
2023-11-06,3.590592861175537
2023-11-07,3.585165023803711
2023-11-08,3.5481977462768555
2023-11-09,3.557908535003662
2023-11-10,3.5494606494903564
2023-11-11,3.5951106548309326
2023-11-12,3.758483409881592
2023-11-13,3.8484303951263428
2023-11-14,3.8418338298797607
2023-11-15,3.7739624977111816
2023-11-16,3.807950973510742
2023-11-17,3.907606601715088
2023-11-18,3.901176929473877
2023-11-19,3.8315320014953613
2023-11-20,3.812049627304077
2023-11-21,3.908677577972412
2023-11-22,5.614234447479248
2023-11-23,9.230512619018555
2023-11-24,10.38760757446289
2023-11-25,8.695327758789062
2023-11-26,6.987130641937256
2023-11-27,6.1016411781311035
2023-11-28,5.5914411544799805
2023-11-29,5.235780715942383
2023-11-30,5.055132865905762
2023-12-01,4.979766368865967
2023-12-02,4.971129417419434
2023-12-03,5.130855083465576
2023-12-04,5.436408996582031
2023-12-05,5.617280960083008
2023-12-06,5.488726615905762
2023-12-07,5.311657428741455
2023-12-08,5.207607746124268
2023-12-09,5.146468162536621
2023-12-10,5.51597261428833
2023-12-11,13.246872901916504
2023-12-12,28.517192840576172
2023-12-13,27.06817626953125
2023-12-14,18.107797622680664
2023-12-15,12.75404167175293
2023-12-16,10.333439826965332
2023-12-17,22.386869430541992
2023-12-18,70.57303619384766
2023-12-19,94.12350463867188
2023-12-20,61.6094970703125
2023-12-21,34.40654373168945
2023-12-22,22.36771011352539
2023-12-23,17.126171112060547
2023-12-24,14.441627502441406
2023-12-25,12.846586227416992
2023-12-26,13.041515350341797
2023-12-27,32.886009216308594
2023-12-28,79.42662048339844
2023-12-29,92.17295837402344
2023-12-30,59.738033294677734
2023-12-31,35.83235549926758
2024-01-01,24.73906707763672
2024-01-02,19.469310760498047
2024-01-03,16.509838104248047
2024-01-04,14.84292984008789
2024-01-05,13.849111557006836
2024-01-06,14.412363052368164
2024-01-07,20.94365882873535
2024-01-08,27.80779457092285
2024-01-09,62.29458236694336
2024-01-10,189.90118408203125
2024-01-11,260.714599609375
2024-01-12,157.59637451171875
2024-01-13,87.12237548828125
2024-01-14,62.392356872558594
2024-01-15,47.75996398925781
2024-01-16,37.26847457885742
2024-01-17,31.742328643798828
2024-01-18,28.06279754638672
2024-01-19,24.64126205444336
2024-01-20,22.45301055908203
2024-01-21,20.707717895507812
2024-01-22,18.942155838012695
2024-01-23,17.468708038330078
2024-01-24,16.71344566345215
2024-01-25,17.665300369262695
2024-01-26,25.294204711914062
2024-01-27,37.979774475097656
2024-01-28,45.731895446777344
2024-01-29,63.277130126953125
2024-01-30,70.36299896240234
2024-01-31,53.065269470214844
2024-02-01,39.796119689941406
2024-02-02,32.86608123779297
2024-02-03,28.249549865722656
2024-02-04,24.668323516845703
2024-02-05,22.08991050720215
2024-02-06,20.450899124145508
2024-02-07,19.127790451049805
2024-02-08,17.98052215576172
2024-02-09,17.202587127685547
2024-02-10,17.039569854736328
2024-02-11,18.52593231201172
2024-02-12,29.629579544067383
2024-02-13,55.214256286621094
2024-02-14,69.24358367919922
2024-02-15,57.09918975830078
2024-02-16,41.70203399658203
2024-02-17,32.60871124267578
2024-02-18,27.353601455688477
2024-02-19,23.90027618408203
2024-02-20,21.455373764038086
2024-02-21,19.772584915161133
2024-02-22,18.672794342041016
2024-02-23,18.68117904663086
2024-02-24,20.63861083984375
2024-02-25,21.832134246826172
2024-02-26,20.513473510742188
2024-02-27,19.750465393066406
2024-02-28,23.254444122314453
2024-02-29,32.55638885498047
2024-03-01,39.06737518310547
2024-03-02,51.218257904052734
2024-03-03,74.0888442993164
2024-03-04,74.09811401367188
2024-03-05,55.281578063964844
2024-03-06,43.98468780517578
2024-03-07,48.17124938964844
2024-03-08,55.019474029541016
2024-03-09,57.24537658691406
2024-03-10,84.40689086914062
2024-03-11,103.38347625732422
2024-03-12,75.86914825439453
2024-03-13,52.0019416809082
2024-03-14,39.5788688659668
2024-03-15,33.42758560180664
2024-03-16,31.531139373779297
2024-03-17,30.36371612548828
2024-03-18,28.07298469543457
2024-03-19,25.744295120239258
2024-03-20,23.75609016418457
2024-03-21,22.041425704956055
2024-03-22,20.732736587524414
2024-03-23,24.24012565612793
2024-03-24,41.428977966308594
2024-03-25,54.36891174316406
2024-03-26,44.796966552734375
2024-03-27,41.813026428222656
2024-03-28,91.40836334228516
2024-03-29,121.69913482666016
2024-03-30,90.35725402832031
2024-03-31,59.924591064453125
2024-04-01,44.00218200683594
2024-04-02,35.50438690185547
2024-04-03,32.517581939697266
2024-04-04,35.35993957519531
2024-04-05,37.50355911254883
2024-04-06,33.18354415893555
2024-04-07,28.341896057128906
2024-04-08,24.948759078979492
2024-04-09,23.237369537353516
2024-04-10,23.01739501953125
2024-04-11,23.369239807128906
2024-04-12,25.149038314819336
2024-04-13,28.048009872436523
2024-04-14,26.927438735961914
2024-04-15,23.6279354095459
2024-04-16,21.113603591918945
2024-04-17,19.57769775390625
2024-04-18,18.450511932373047
2024-04-19,17.31818962097168
2024-04-20,16.386730194091797
2024-04-21,16.31086540222168
2024-04-22,18.060407638549805
2024-04-23,19.848506927490234
2024-04-24,18.740276336669922
2024-04-25,17.227088928222656
2024-04-26,15.947826385498047
2024-04-27,14.983406066894531
2024-04-28,14.239524841308594
2024-04-29,13.508539199829102
2024-04-30,12.735847473144531
2024-05-01,12.118158340454102
2024-05-02,11.708603858947754
2024-05-03,11.191740036010742
2024-05-04,11.039255142211914
2024-05-05,17.0704402923584
2024-05-06,34.505496978759766
2024-05-07,47.03813552856445
2024-05-08,42.46546936035156
2024-05-09,35.83280944824219
2024-05-10,33.21940231323242
2024-05-11,30.417448043823242
2024-05-12,24.598608016967773
2024-05-13,19.68946075439453
2024-05-14,21.568790435791016
2024-05-15,43.55146026611328
2024-05-16,64.78671264648438
2024-05-17,53.536842346191406
2024-05-18,40.58821487426758
2024-05-19,35.82470703125
2024-05-20,31.935779571533203
2024-05-21,26.09986114501953
2024-05-22,21.064517974853516
2024-05-23,17.75851058959961
2024-05-24,16.79854393005371
2024-05-25,18.484725952148438
2024-05-26,19.207252502441406
2024-05-27,19.533065795898438
2024-05-28,23.7746639251709
2024-05-29,25.426347732543945
2024-05-30,20.717741012573242
2024-05-31,16.511884689331055
2024-06-01,13.99571418762207
2024-06-02,12.340167999267578
2024-06-03,11.500274658203125
2024-06-04,11.517873764038086
2024-06-05,11.707378387451172
2024-06-06,11.258171081542969
2024-06-07,10.56673812866211
2024-06-08,9.878578186035156
2024-06-09,9.050735473632812
2024-06-10,8.454774856567383
2024-06-11,8.238248825073242
2024-06-12,7.904616832733154
2024-06-13,7.4333624839782715
2024-06-14,6.970038890838623
2024-06-15,6.5642924308776855
2024-06-16,6.18433952331543
2024-06-17,5.834500789642334
2024-06-18,5.605799674987793
2024-06-19,5.404288291931152
2024-06-20,5.166561126708984
2024-06-21,4.923135757446289
2024-06-22,4.71311092376709
2024-06-23,4.469710350036621
2024-06-24,4.271881103515625
2024-06-25,4.095468521118164
2024-06-26,3.9100093841552734
2024-06-27,3.7643072605133057
2024-06-28,3.6835579872131348
2024-06-29,3.652329921722412
2024-06-30,3.590229034423828
2024-07-01,3.841184616088867
2024-07-02,4.351493835449219
2024-07-03,4.334458351135254
2024-07-04,3.918417453765869
2024-07-05,3.6320457458496094
2024-07-06,3.5456719398498535
2024-07-07,3.9177327156066895
2024-07-08,5.067270278930664
2024-07-09,6.224106311798096
2024-07-10,6.058375358581543
2024-07-11,5.203312873840332
2024-07-12,4.984520435333252
2024-07-13,5.894655227661133
2024-07-14,6.364141464233398
2024-07-15,5.633468151092529
2024-07-16,4.7622880935668945
2024-07-17,4.226990222930908
2024-07-18,4.14640474319458
2024-07-19,5.111581325531006
2024-07-20,7.031675338745117
2024-07-21,9.11301040649414
2024-07-22,12.374645233154297
2024-07-23,16.21550750732422
2024-07-24,17.18802833557129
2024-07-25,19.418399810791016
2024-07-26,26.155929565429688
2024-07-27,27.024585723876953
2024-07-28,19.35116195678711
2024-07-29,13.474230766296387
2024-07-30,12.474421501159668
2024-07-31,12.717811584472656
2024-08-01,10.946885108947754
2024-08-02,8.791817665100098
2024-08-03,9.591927528381348
2024-08-04,14.533458709716797
2024-08-05,16.007118225097656
2024-08-06,13.479249000549316
2024-08-07,13.550755500793457
2024-08-08,93.83712005615234
2024-08-09,299.8748779296875
2024-08-10,407.7580871582031
2024-08-11,229.90325927734375
2024-08-12,102.06706237792969
2024-08-13,52.70907974243164
2024-08-14,33.618568420410156
2024-08-15,25.30134391784668
2024-08-16,20.31415557861328
2024-08-17,16.992765426635742
2024-08-18,15.27130126953125
2024-08-19,14.612271308898926
2024-08-20,13.90384578704834
2024-08-21,12.776068687438965
2024-08-22,11.482218742370605
2024-08-23,10.390951156616211
2024-08-24,9.62796688079834
2024-08-25,8.993827819824219
2024-08-26,8.399567604064941
2024-08-27,7.834829807281494
2024-08-28,7.340565204620361
2024-08-29,6.899049758911133
2024-08-30,6.832447052001953
2024-08-31,7.916274547576904
2024-09-01,9.540406227111816
2024-09-02,12.170419692993164
2024-09-03,14.955930709838867
2024-09-04,13.95742416381836
2024-09-05,11.256325721740723
2024-09-06,9.388825416564941
2024-09-07,8.25894546508789
2024-09-08,7.604644775390625
2024-09-09,7.099417686462402
2024-09-10,6.638723850250244
2024-09-11,6.218277931213379
2024-09-12,5.862124443054199
2024-09-13,5.791920185089111
2024-09-14,6.039735794067383
2024-09-15,6.111673831939697
2024-09-16,7.94893217086792
2024-09-17,19.726802825927734
2024-09-18,33.265682220458984
2024-09-19,35.17517852783203
2024-09-20,26.642772674560547
2024-09-21,19.465194702148438
2024-09-22,15.227375030517578
2024-09-23,12.603250503540039
2024-09-24,11.210594177246094
2024-09-25,16.47801399230957
2024-09-26,39.216087341308594
2024-09-27,91.29234313964844
2024-09-28,154.6945037841797
2024-09-29,144.59744262695312
2024-09-30,88.22769165039062
2024-10-01,57.34267044067383
2024-10-02,43.22361755371094
2024-10-03,33.03877258300781
2024-10-04,25.995254516601562
2024-10-05,21.456802368164062
2024-10-06,18.418289184570312
2024-10-07,16.268766403198242
2024-10-08,14.566332817077637
2024-10-09,13.248396873474121
2024-10-10,12.246953010559082
2024-10-11,11.498737335205078
2024-10-12,10.85250186920166
2024-10-13,10.237190246582031
2024-10-14,9.72689437866211
2024-10-15,9.383600234985352
2024-10-16,9.218498229980469
2024-10-17,9.155401229858398
2024-10-18,8.931367874145508
2024-10-19,8.592144012451172
2024-10-20,8.288036346435547
2024-10-21,8.087553024291992
2024-10-22,7.9554338455200195
2024-10-23,7.836021423339844
2024-10-24,7.654792785644531
2024-10-25,7.458265781402588
2024-10-26,7.30312442779541
2024-10-27,7.203676700592041
2024-10-28,7.29887056350708
2024-10-29,7.393789291381836
2024-10-30,7.315034866333008
2024-10-31,7.1058549880981445
2024-11-01,6.954399585723877
2024-11-02,6.922440528869629
2024-11-03,6.908115386962891
2024-11-04,6.89489221572876
2024-11-05,6.930333137512207
2024-11-06,6.977017402648926
2024-11-07,7.220728874206543
2024-11-08,8.508665084838867
2024-11-09,9.819095611572266
2024-11-10,9.597014427185059
2024-11-11,9.185934066772461
2024-11-12,9.791309356689453
2024-11-13,10.220624923706055
2024-11-14,10.877638816833496
2024-11-15,14.710637092590332
2024-11-16,18.79540252685547
2024-11-17,17.479578018188477
2024-11-18,14.362853050231934
2024-11-19,12.385769844055176
2024-11-20,11.452695846557617
2024-11-21,12.12540054321289
2024-11-22,13.42297649383545
2024-11-23,12.921011924743652
2024-11-24,11.65186882019043
2024-11-25,10.783132553100586
2024-11-26,10.258460998535156
2024-11-27,10.113642692565918
2024-11-28,10.17235279083252
2024-11-29,10.15412712097168
2024-11-30,10.078640937805176
2024-12-01,9.753360748291016
2024-12-02,9.408366203308105
2024-12-03,9.20484447479248
2024-12-04,9.082097053527832
2024-12-05,8.869020462036133
2024-12-06,8.643773078918457
2024-12-07,8.581097602844238
2024-12-08,8.495155334472656
2024-12-09,8.55881118774414
2024-12-10,9.428601264953613
2024-12-11,46.74069595336914
2024-12-12,165.06698608398438
2024-12-13,216.6570281982422
2024-12-14,124.58065795898438
2024-12-15,65.73424530029297
2024-12-16,41.99916458129883
2024-12-17,31.30536651611328
2024-12-18,26.152896881103516
2024-12-19,23.194223403930664
2024-12-20,21.153156280517578
2024-12-21,19.50131607055664
2024-12-22,18.088518142700195
2024-12-23,16.88478660583496
2024-12-24,15.798347473144531
2024-12-25,14.984010696411133
2024-12-26,14.352272987365723
2024-12-27,13.855619430541992
2024-12-28,13.584466934204102
2024-12-29,14.701544761657715
2024-12-30,19.417076110839844
2024-12-31,23.975976943969727
2025-01-01,22.99232292175293
2025-01-02,20.25113296508789
2025-01-03,17.971439361572266
2025-01-04,16.419132232666016
2025-01-05,15.397162437438965
2025-01-06,14.8632230758667
2025-01-07,15.820613861083984
2025-01-08,17.03569984436035
2025-01-09,16.552810668945312
2025-01-10,15.505481719970703
2025-01-11,15.128599166870117
2025-01-12,16.08352279663086
2025-01-13,16.668628692626953
2025-01-14,16.28997802734375
2025-01-15,15.767173767089844
2025-01-16,15.087194442749023
2025-01-17,14.306459426879883
2025-01-18,13.879261016845703
2025-01-19,13.783393859863281
2025-01-20,13.742371559143066
2025-01-21,13.764369010925293
2025-01-22,13.473227500915527
2025-01-23,13.083478927612305
2025-01-24,12.5863618850708
2025-01-25,12.234458923339844
2025-01-26,12.005729675292969
2025-01-27,12.072602272033691
2025-01-28,12.339141845703125
2025-01-29,12.376104354858398
2025-01-30,12.240968704223633
2025-01-31,12.342029571533203
2025-02-01,24.135934829711914
2025-02-02,60.650535583496094
2025-02-03,72.73239135742188
2025-02-04,51.586341857910156
2025-02-05,35.318321228027344
2025-02-06,27.057758331298828
2025-02-07,23.288349151611328
2025-02-08,21.465965270996094
2025-02-09,19.53680992126465
2025-02-10,18.327348709106445
2025-02-11,18.224763870239258
2025-02-12,27.790088653564453
2025-02-13,69.56053924560547
2025-02-14,125.1580581665039
2025-02-15,115.56362915039062
2025-02-16,94.33785247802734
2025-02-17,105.96694946289062
2025-02-18,94.38386535644531
2025-02-19,66.1377944946289
2025-02-20,49.974342346191406
2025-02-21,42.7703857421875
2025-02-22,35.65131378173828
2025-02-23,30.446882247924805
2025-02-24,27.25471305847168
2025-02-25,24.992530822753906
2025-02-26,23.466045379638672
2025-02-27,22.849367141723633
2025-02-28,23.657489776611328
2025-03-01,23.66923713684082
2025-03-02,22.403568267822266
2025-03-03,20.842042922973633
2025-03-04,19.453460693359375
2025-03-05,23.599468231201172
2025-03-06,41.66878128051758
2025-03-07,54.252784729003906
2025-03-08,44.14836883544922
2025-03-09,34.52720260620117
2025-03-10,28.718114852905273
2025-03-11,25.848878860473633
2025-03-12,24.152931213378906
2025-03-13,22.092117309570312
2025-03-14,20.538061141967773
2025-03-15,19.369606018066406
2025-03-16,24.0672550201416
2025-03-17,52.91455841064453
2025-03-18,76.96150207519531
2025-03-19,59.45935821533203
2025-03-20,42.96979904174805
2025-03-21,37.07033157348633
2025-03-22,33.199302673339844
2025-03-23,28.164148330688477
2025-03-24,25.578388214111328
2025-03-25,26.905778884887695
2025-03-26,28.157560348510742
2025-03-27,25.573705673217773
2025-03-28,22.640727996826172
2025-03-29,20.68569564819336
2025-03-30,19.260950088500977
2025-03-31,18.811744689941406
2025-04-01,21.685794830322266
2025-04-02,25.84735679626465
2025-04-03,24.222251892089844
2025-04-04,21.22019386291504
2025-04-05,19.049833297729492
2025-04-06,17.29669761657715
2025-04-07,30.106502532958984
2025-04-08,125.99020385742188
2025-04-09,212.89987182617188
2025-04-10,139.774169921875
2025-04-11,115.78660583496094
2025-04-12,137.93394470214844
2025-04-13,126.19194030761719
2025-04-14,85.86036682128906
2025-04-15,57.37595748901367
2025-04-16,42.573577880859375
2025-04-17,34.4099006652832
2025-04-18,29.16317367553711
2025-04-19,25.752290725708008
2025-04-20,23.24156951904297
2025-04-21,21.16156005859375
2025-04-22,19.576757431030273
2025-04-23,18.5723876953125
2025-04-24,17.889446258544922
2025-04-25,17.114315032958984
2025-04-26,16.517471313476562
2025-04-27,16.29624366760254
2025-04-28,15.768430709838867
2025-04-29,14.603095054626465
2025-04-30,13.635177612304688
2025-05-01,12.978436470031738
2025-05-02,12.715791702270508
2025-05-03,12.95980167388916
2025-05-04,16.7314510345459
2025-05-05,26.09498405456543
2025-05-06,28.918739318847656
2025-05-07,23.216299057006836
2025-05-08,18.2270450592041
2025-05-09,18.638574600219727
2025-05-10,25.32946014404297
2025-05-11,28.85830307006836
2025-05-12,42.45152282714844
2025-05-13,105.92218017578125
2025-05-14,171.9634246826172
2025-05-15,154.86843872070312
2025-05-16,106.34822845458984
2025-05-17,66.6780776977539
2025-05-18,49.03291702270508
2025-05-19,40.29961013793945
2025-05-20,31.344297409057617
2025-05-21,25.49193572998047
2025-05-22,24.38465118408203
2025-05-23,24.006803512573242
2025-05-24,20.696491241455078
2025-05-25,17.64327621459961
2025-05-26,15.636039733886719
2025-05-27,15.716201782226562
2025-05-28,22.7367000579834
2025-05-29,36.21150207519531
2025-05-30,48.51353454589844
2025-05-31,65.67325592041016
2025-06-01,65.07968139648438
2025-06-02,45.67048645019531
2025-06-03,31.753955841064453
2025-06-04,23.939918518066406
2025-06-05,23.45096778869629
2025-06-06,35.896514892578125
2025-06-07,47.77653121948242
2025-06-08,52.40812683105469
2025-06-09,54.231998443603516
2025-06-10,43.58671188354492
2025-06-11,37.59800338745117
2025-06-12,35.557987213134766
2025-06-13,31.66709327697754
2025-06-14,30.335613250732422
2025-06-15,30.777517318725586
2025-06-16,34.56907653808594
2025-06-17,48.60247802734375
2025-06-18,57.13986587524414
2025-06-19,46.81578063964844
2025-06-20,33.80977249145508
2025-06-21,26.314300537109375
2025-06-22,20.825908660888672
2025-06-23,16.83395004272461
2025-06-24,14.29229736328125
2025-06-25,12.688416481018066
2025-06-26,11.999253273010254
2025-06-27,11.893330574035645
2025-06-28,12.44073486328125
2025-06-29,14.7297945022583
2025-06-30,16.894283294677734
2025-07-01,16.372995376586914
2025-07-02,19.402820587158203
2025-07-03,32.32950973510742
2025-07-04,37.86054611206055
2025-07-05,27.398094177246094
2025-07-06,26.71712303161621
2025-07-07,93.17120361328125
2025-07-08,184.0133819580078
2025-07-09,141.03347778320312
2025-07-10,109.73844909667969
2025-07-11,139.32437133789062
2025-07-12,128.29257202148438
2025-07-13,81.62439727783203
2025-07-14,54.79905700683594
2025-07-15,54.73420715332031
2025-07-16,90.65802001953125
2025-07-17,117.791259765625
2025-07-18,96.90577697753906
2025-07-19,77.69379425048828
2025-07-20,81.65789794921875
2025-07-21,85.75212860107422
2025-07-22,79.61344909667969
2025-07-23,66.44508361816406
2025-07-24,47.6376953125
2025-07-25,32.76384353637695
2025-07-26,24.890159606933594
2025-07-27,20.640056610107422
2025-07-28,18.471107482910156
2025-07-29,17.58011245727539
2025-07-30,16.91489028930664
2025-07-31,16.307025909423828
2025-08-01,15.84653377532959
2025-08-02,17.06656265258789
2025-08-03,19.71476173400879
2025-08-04,19.324604034423828
2025-08-05,17.96405792236328
2025-08-06,23.41712760925293
2025-08-07,37.439849853515625
2025-08-08,43.09159851074219
2025-08-09,35.30839538574219
2025-08-10,25.711793899536133
2025-08-11,20.695981979370117
2025-08-12,23.30002212524414
2025-08-13,30.12981414794922
2025-08-14,32.822181701660156
2025-08-15,32.30975341796875
2025-08-16,27.565065383911133
2025-08-17,21.82511329650879
2025-08-18,17.77395248413086
2025-08-19,15.21088695526123
2025-08-20,13.554203987121582
2025-08-21,12.334660530090332
2025-08-22,11.471667289733887
2025-08-23,11.003523826599121
2025-08-24,10.738668441772461
2025-08-25,10.438560485839844
2025-08-26,10.055804252624512
2025-08-27,9.618316650390625
2025-08-28,9.185332298278809
2025-08-29,8.820117950439453
2025-08-30,8.474967956542969
2025-08-31,8.105106353759766
2025-09-01,7.78908634185791
2025-09-02,7.459649562835693
2025-09-03,7.191342353820801
2025-09-04,7.097296237945557
2025-09-05,7.3266425132751465
2025-09-06,7.651484489440918
2025-09-07,8.196296691894531
2025-09-08,9.249768257141113
2025-09-09,9.484148025512695
2025-09-10,8.642070770263672
2025-09-11,7.8461594581604
2025-09-12,7.308117866516113
2025-09-13,6.8994460105896
2025-09-14,6.538232803344727
2025-09-15,6.205824851989746
2025-09-16,5.9800519943237305
2025-09-17,5.8456549644470215
2025-09-18,5.797857284545898
2025-09-19,5.777543544769287
2025-09-20,5.592210292816162
2025-09-21,5.3322906494140625
2025-09-22,5.13803768157959
2025-09-23,4.995717525482178
2025-09-24,4.839136600494385
2025-09-25,4.71996545791626
2025-09-26,4.825549602508545
2025-09-27,6.473879814147949
2025-09-28,11.022354125976562
2025-09-29,14.626604080200195
2025-09-30,17.37390899658203
2025-10-01,25.600446701049805
2025-10-02,27.940814971923828
2025-10-03,19.936771392822266
2025-10-04,13.684751510620117
2025-10-05,10.578533172607422
2025-10-06,8.982605934143066
2025-10-07,8.010522842407227
2025-10-08,7.409816741943359
2025-10-09,7.068891525268555
2025-10-10,6.788968086242676
2025-10-11,6.712158679962158
2025-10-12,7.545660495758057
2025-10-13,9.291104316711426
2025-10-14,10.191636085510254
2025-10-15,9.290129661560059
2025-10-16,8.102553367614746
2025-10-17,7.289104461669922
2025-10-18,6.779775142669678
2025-10-19,6.428104400634766
2025-10-20,6.187951564788818
2025-10-21,6.014456272125244
2025-10-22,5.821203231811523
2025-10-23,5.657491683959961
2025-10-24,5.513909339904785
2025-10-25,5.367786407470703
2025-10-26,5.285345554351807
2025-10-27,5.860090732574463
2025-10-28,11.850730895996094
2025-10-29,23.06284523010254
2025-10-30,27.06610107421875
2025-10-31,24.758337020874023
2025-11-01,21.117687225341797
2025-11-02,16.517501831054688
2025-11-03,13.948896408081055
2025-11-04,13.77170467376709
2025-11-05,13.245918273925781
2025-11-06,11.748542785644531
2025-11-07,10.511059761047363
2025-11-08,9.899696350097656
2025-11-09,9.997725486755371
2025-11-10,10.715590476989746
2025-11-11,10.774218559265137
2025-11-12,10.189188003540039
2025-11-13,9.508865356445312
2025-11-14,9.019800186157227
2025-11-15,8.762517929077148
2025-11-16,8.511332511901855
2025-11-17,8.164868354797363
2025-11-18,7.955024719238281
2025-11-19,7.905532360076904
2025-11-20,7.887635231018066
2025-11-21,8.011232376098633
2025-11-22,8.312470436096191
2025-11-23,8.669296264648438
2025-11-24,8.678860664367676
2025-11-25,8.472314834594727
2025-11-26,8.320952415466309
2025-11-27,8.453275680541992
2025-11-28,8.698699951171875
2025-11-29,8.476263046264648
2025-11-30,8.174593925476074
2025-12-01,8.051322937011719
2025-12-02,9.577310562133789
2025-12-03,14.454916000366211
2025-12-04,18.462646484375
2025-12-05,16.83217430114746
2025-12-06,14.998029708862305
2025-12-07,14.498616218566895
2025-12-08,13.444472312927246
2025-12-09,13.004830360412598
2025-12-10,13.329353332519531
2025-12-11,12.717916488647461
2025-12-12,11.928064346313477
2025-12-13,11.362970352172852
2025-12-14,10.983348846435547
2025-12-15,10.803836822509766
2025-12-16,10.647144317626953
2025-12-17,10.321576118469238
2025-12-18,10.269378662109375
2025-12-19,13.96154499053955
2025-12-20,22.992055892944336
2025-12-21,25.608266830444336
2025-12-22,21.235782623291016
2025-12-23,17.331714630126953
2025-12-24,15.12353515625
2025-12-25,13.768230438232422
2025-12-26,12.971628189086914
2025-12-27,12.504262924194336
2025-12-28,11.967658996582031
2025-12-29,11.50857162475586
2025-12-30,11.225810050964355
2025-12-31,10.946447372436523