Date,Flow
1980-01-01,3.486680507659912
1980-01-02,3.327259063720703
1980-01-03,3.1827571392059326
1980-01-04,3.0689377784729004
1980-01-05,3.155137538909912
1980-01-06,3.6498098373413086
1980-01-07,4.062078475952148
1980-01-08,4.069423198699951
1980-01-09,4.170343399047852
1980-01-10,4.720488548278809
1980-01-11,5.215384483337402
1980-01-12,6.280949592590332
1980-01-13,8.977701187133789
1980-01-14,10.898946762084961
1980-01-15,12.554010391235352
1980-01-16,14.201824188232422
1980-01-17,12.579520225524902
1980-01-18,12.065303802490234
1980-01-19,19.831212997436523
1980-01-20,29.70623016357422
1980-01-21,25.41172218322754
1980-01-22,18.244609832763672
1980-01-23,15.78769302368164
1980-01-24,20.32663345336914
1980-01-25,23.04680824279785
1980-01-26,19.425180435180664
1980-01-27,15.02592658996582
1980-01-28,12.077556610107422
1980-01-29,10.556015014648438
1980-01-30,9.29944133758545
1980-01-31,8.40273666381836
1980-02-01,8.038227081298828
1980-02-02,7.748575210571289
1980-02-03,7.272585868835449
1980-02-04,6.758456707000732
1980-02-05,6.345054626464844
1980-02-06,6.0077104568481445
1980-02-07,5.944674491882324
1980-02-08,6.095322608947754
1980-02-09,6.237227439880371
1980-02-10,7.967353343963623
1980-02-11,12.809674263000488
1980-02-12,14.771032333374023
1980-02-13,14.00211238861084
1980-02-14,12.755502700805664
1980-02-15,11.732084274291992
1980-02-16,11.309463500976562
1980-02-17,11.542545318603516
1980-02-18,11.443161010742188
1980-02-19,10.064374923706055
1980-02-20,8.839497566223145
1980-02-21,8.242493629455566
1980-02-22,8.164571762084961
1980-02-23,8.460803031921387
1980-02-24,8.352917671203613
1980-02-25,7.972879409790039
1980-02-26,7.919920921325684
1980-02-27,8.425046920776367
1980-02-28,8.278253555297852
1980-02-29,7.7099504470825195
1980-03-01,7.1981048583984375
1980-03-02,6.814654350280762
1980-03-03,6.812822341918945
1980-03-04,7.3909430503845215
1980-03-05,9.113485336303711
1980-03-06,13.302490234375
1980-03-07,18.88482093811035
1980-03-08,21.729694366455078
1980-03-09,24.969974517822266
1980-03-10,28.81221580505371
1980-03-11,25.540870666503906
1980-03-12,20.88343048095703
1980-03-13,16.991363525390625
1980-03-14,16.95062255859375
1980-03-15,19.640485763549805
1980-03-16,18.75918960571289
1980-03-17,16.262113571166992
1980-03-18,19.078859329223633
1980-03-19,31.76678466796875
1980-03-20,34.023048400878906
1980-03-21,39.055747985839844
1980-03-22,58.198490142822266
1980-03-23,53.319664001464844
1980-03-24,38.40248107910156
1980-03-25,29.61663246154785
1980-03-26,26.406970977783203
1980-03-27,21.89124870300293
1980-03-28,17.610614776611328
1980-03-29,15.658063888549805
1980-03-30,18.901851654052734
1980-03-31,24.273149490356445
1980-04-01,26.577978134155273
1980-04-02,23.171463012695312
1980-04-03,18.596006393432617
1980-04-04,15.028144836425781
1980-04-05,12.697999000549316
1980-04-06,10.999336242675781
1980-04-07,9.610502243041992
1980-04-08,8.78253173828125
1980-04-09,8.457695007324219
1980-04-10,8.377172470092773
1980-04-11,8.048530578613281
1980-04-12,7.3737263679504395
1980-04-13,7.081107139587402
1980-04-14,8.35030746459961
1980-04-15,12.094415664672852
1980-04-16,15.41714096069336
1980-04-17,14.068292617797852
1980-04-18,11.173784255981445
1980-04-19,8.97968864440918
1980-04-20,7.62910270690918
1980-04-21,6.720383167266846
1980-04-22,6.073770046234131
1980-04-23,5.564205169677734
1980-04-24,5.142129421234131
1980-04-25,4.729404449462891
1980-04-26,4.391118049621582
1980-04-27,4.194789886474609
1980-04-28,4.1538848876953125
1980-04-29,4.324564456939697
1980-04-30,4.545309066772461
1980-05-01,4.626779556274414
1980-05-02,4.427109241485596
1980-05-03,4.069077968597412
1980-05-04,3.7136294841766357
1980-05-05,3.4185547828674316
1980-05-06,3.1606438159942627
1980-05-07,2.958425283432007
1980-05-08,2.7789766788482666
1980-05-09,2.5916199684143066
1980-05-10,2.4441537857055664
1980-05-11,2.327516555786133
1980-05-12,2.247429370880127
1980-05-13,2.1442792415618896
1980-05-14,2.130990505218506
1980-05-15,2.43823504447937
1980-05-16,2.7136759757995605
1980-05-17,2.5613245964050293
1980-05-18,2.7579808235168457
1980-05-19,4.791725158691406
1980-05-20,7.634041786193848
1980-05-21,11.15374755859375
1980-05-22,17.66684913635254
1980-05-23,16.46172332763672
1980-05-24,12.390000343322754
1980-05-25,10.838152885437012
1980-05-26,11.454910278320312
1980-05-27,11.78155517578125
1980-05-28,9.521921157836914
1980-05-29,6.926192760467529
1980-05-30,5.179133415222168
1980-05-31,4.113035678863525
1980-06-01,3.41689395904541
1980-06-02,2.948578357696533
1980-06-03,2.6676993370056152
1980-06-04,2.445685386657715
1980-06-05,2.183631658554077
1980-06-06,1.9589279890060425
1980-06-07,2.501495838165283
1980-06-08,5.143581390380859
1980-06-09,7.371142387390137
1980-06-10,6.230688571929932
1980-06-11,4.311494827270508
1980-06-12,3.058497667312622
1980-06-13,2.401461362838745
1980-06-14,2.0172319412231445
1980-06-15,1.7650609016418457
1980-06-16,1.5914711952209473
1980-06-17,1.5138390064239502
1980-06-18,1.7368074655532837
1980-06-19,2.474710702896118
1980-06-20,3.1144890785217285
1980-06-21,2.779780387878418
1980-06-22,2.204033851623535
1980-06-23,1.7867013216018677
1980-06-24,1.5213193893432617
1980-06-25,1.9918878078460693
1980-06-26,6.7045087814331055
1980-06-27,16.086177825927734
1980-06-28,18.111541748046875
1980-06-29,12.69388198852539
1980-06-30,7.942245960235596
1980-07-01,5.536460876464844
1980-07-02,4.076461315155029
1980-07-03,3.190904378890991
1980-07-04,2.9469919204711914
1980-07-05,3.059230327606201
1980-07-06,2.9076428413391113
1980-07-07,2.5081093311309814
1980-07-08,2.0864484310150146
1980-07-09,1.842646598815918
1980-07-10,2.3772096633911133
1980-07-11,3.932339906692505
1980-07-12,4.6640238761901855
1980-07-13,4.241147518157959
1980-07-14,4.534757137298584
1980-07-15,5.1670732498168945
1980-07-16,4.1922478675842285
1980-07-17,3.035036563873291
1980-07-18,2.5534451007843018
1980-07-19,2.727761745452881
1980-07-20,2.811154842376709
1980-07-21,2.390501022338867
1980-07-22,1.897458553314209
1980-07-23,1.6573219299316406
1980-07-24,1.8960623741149902
1980-07-25,2.3554487228393555
1980-07-26,2.2170045375823975
1980-07-27,1.816766381263733
1980-07-28,1.4843597412109375
1980-07-29,1.290114164352417
1980-07-30,1.1803197860717773
1980-07-31,1.0726851224899292
1980-08-01,0.9932710528373718
1980-08-02,1.0896077156066895
1980-08-03,1.2682400941848755
1980-08-04,1.2084213495254517
1980-08-05,1.0584665536880493
1980-08-06,0.9343734383583069
1980-08-07,0.8426457643508911
1980-08-08,0.7700756788253784
1980-08-09,0.7009665369987488
1980-08-10,0.6455360054969788
1980-08-11,0.6074212193489075
1980-08-12,0.5771205425262451
1980-08-13,0.5561526417732239
1980-08-14,0.5350563526153564
1980-08-15,0.512056827545166
1980-08-16,0.4977646768093109
1980-08-17,0.4801667332649231
1980-08-18,0.4616594910621643
1980-08-19,0.46772611141204834
1980-08-20,0.5410484671592712
1980-08-21,0.6413248181343079
1980-08-22,0.6666502356529236
1980-08-23,0.6607617139816284
1980-08-24,0.6309947967529297
1980-08-25,0.5760329961776733
1980-08-26,0.5252996683120728
1980-08-27,0.4753146171569824
1980-08-28,0.43642038106918335
1980-08-29,0.40544846653938293
1980-08-30,0.37791264057159424
1980-08-31,0.3587265610694885
1980-09-01,0.353182315826416
1980-09-02,0.348143994808197
1980-09-03,0.354187935590744
1980-09-04,0.47117987275123596
1980-09-05,0.8147920370101929
1980-09-06,1.1384379863739014
1980-09-07,1.137959599494934
1980-09-08,0.9597330689430237
1980-09-09,0.7762860655784607
1980-09-10,0.6470364332199097
1980-09-11,0.5739127397537231
1980-09-12,0.5325804352760315
1980-09-13,0.4832814931869507
1980-09-14,0.44051212072372437
1980-09-15,0.40442341566085815
1980-09-16,0.3742542266845703
1980-09-17,0.3817119598388672
1980-09-18,0.473817378282547
1980-09-19,0.5747200846672058
1980-09-20,0.5984312295913696
1980-09-21,0.598103940486908
1980-09-22,0.5768187642097473
1980-09-23,0.5232394933700562
1980-09-24,0.48042500019073486
1980-09-25,0.5192257165908813
1980-09-26,0.6892025470733643
1980-09-27,0.8216239213943481
1980-09-28,0.7826526165008545
1980-09-29,0.7276973724365234
1980-09-30,0.8570501804351807
1980-10-01,1.4796720743179321
1980-10-02,2.4213991165161133
1980-10-03,2.654852867126465
1980-10-04,2.3068594932556152
1980-10-05,1.9983456134796143
1980-10-06,1.7287020683288574
1980-10-07,1.7836612462997437
1980-10-08,1.8565069437026978
1980-10-09,1.6025879383087158
1980-10-10,1.2988061904907227
1980-10-11,1.0682237148284912
1980-10-12,0.9212729930877686
1980-10-13,0.8101806640625
1980-10-14,0.737445056438446
1980-10-15,0.6914013624191284
1980-10-16,0.6688385009765625
1980-10-17,0.6596682667732239
1980-10-18,0.6403594017028809
1980-10-19,0.6696202754974365
1980-10-20,0.782758891582489
1980-10-21,0.8621885180473328
1980-10-22,0.8389615416526794
1980-10-23,0.7870659828186035
1980-10-24,0.7258329391479492
1980-10-25,0.7172900438308716
1980-10-26,0.8455967903137207
1980-10-27,1.0320885181427002
1980-10-28,1.0513876676559448
1980-10-29,1.031061053276062
1980-10-30,1.1917908191680908
1980-10-31,1.7033956050872803
1980-11-01,2.264139175415039
1980-11-02,2.1850132942199707
1980-11-03,1.8209819793701172
1980-11-04,1.5603021383285522
1980-11-05,1.5275219678878784
1980-11-06,1.6350576877593994
1980-11-07,1.570001482963562
1980-11-08,1.4363181591033936
1980-11-09,1.3071743249893188
1980-11-10,1.201004981994629
1980-11-11,1.1046944856643677
1980-11-12,1.031330943107605
1980-11-13,0.9921103715896606
1980-11-14,0.9840465188026428
1980-11-15,0.9728326797485352
1980-11-16,0.9836986064910889
1980-11-17,1.0855865478515625
1980-11-18,1.3846229314804077
1980-11-19,1.942979335784912
1980-11-20,2.3074188232421875
1980-11-21,2.193422317504883
1980-11-22,1.9403142929077148
1980-11-23,1.735349416732788
1980-11-24,1.7725334167480469
1980-11-25,2.8661694526672363
1980-11-26,4.64702033996582
1980-11-27,4.6764726638793945
1980-11-28,4.033860206604004
1980-11-29,3.8834164142608643
1980-11-30,3.5148258209228516
1980-12-01,2.990938425064087
1980-12-02,2.591475009918213
1980-12-03,2.3112306594848633
1980-12-04,2.0814664363861084
1980-12-05,1.9259369373321533
1980-12-06,1.8199893236160278
1980-12-07,1.768481969833374
1980-12-08,1.7301819324493408
1980-12-09,1.6877670288085938
1980-12-10,1.8412761688232422
1980-12-11,2.832418441772461
1980-12-12,4.162716865539551
1980-12-13,4.08831262588501
1980-12-14,3.4554507732391357
1980-12-15,2.8988895416259766
1980-12-16,2.5286519527435303
1980-12-17,2.3345179557800293
1980-12-18,2.300990581512451
1980-12-19,2.2338671684265137
1980-12-20,2.105114459991455
1980-12-21,1.971595048904419
1980-12-22,1.8641151189804077
1980-12-23,1.7870900630950928
1980-12-24,1.777641773223877
1980-12-25,1.8677589893341064
1980-12-26,1.8667864799499512
1980-12-27,1.8125762939453125
1980-12-28,2.020005941390991
1980-12-29,2.8743345737457275
1980-12-30,4.141696453094482
1980-12-31,4.810050010681152
1981-01-01,4.562248706817627
1981-01-02,4.026170253753662
1981-01-03,3.5055646896362305
1981-01-04,3.081871509552002
1981-01-05,2.751372814178467
1981-01-06,2.494310140609741
1981-01-07,2.3545892238616943
1981-01-08,2.3985238075256348
1981-01-09,2.4408938884735107
1981-01-10,2.333991527557373
1981-01-11,2.2099313735961914
1981-01-12,2.075585126876831
1981-01-13,1.959172248840332
1981-01-14,1.8827965259552002
1981-01-15,1.8474870920181274
1981-01-16,1.8255566358566284
1981-01-17,1.7605187892913818
1981-01-18,1.7088406085968018
1981-01-19,1.6791789531707764
1981-01-20,1.667119026184082
1981-01-21,1.7257740497589111
1981-01-22,2.1686325073242188
1981-01-23,2.9326395988464355
1981-01-24,3.036515951156616
1981-01-25,2.800264835357666
1981-01-26,2.5568559169769287
1981-01-27,2.3886635303497314
1981-01-28,2.270536422729492
1981-01-29,2.1854915618896484
1981-01-30,2.133678674697876
1981-01-31,2.213449239730835
1981-02-01,2.374586582183838
1981-02-02,2.605267286300659
1981-02-03,3.654831886291504
1981-02-04,4.6537766456604
1981-02-05,4.435186386108398
1981-02-06,3.893083095550537
1981-02-07,3.465256452560425
1981-02-08,3.239595413208008
1981-02-09,3.450765371322632
1981-02-10,3.838146448135376
1981-02-11,5.2716522216796875
1981-02-12,11.26512336730957
1981-02-13,16.84897232055664
1981-02-14,14.686108589172363
1981-02-15,10.708452224731445
1981-02-16,7.95993185043335
1981-02-17,6.276888370513916
1981-02-18,5.319443702697754
1981-02-19,4.903794288635254
1981-02-20,5.740589618682861
1981-02-21,7.918762683868408
1981-02-22,8.821215629577637
1981-02-23,8.059904098510742
1981-02-24,6.871805191040039
1981-02-25,5.8549275398254395
1981-02-26,5.082490921020508
1981-02-27,4.5391645431518555
1981-02-28,4.099734306335449
1981-03-01,3.7594029903411865
1981-03-02,3.5305585861206055
1981-03-03,3.3139264583587646
1981-03-04,3.106600761413574
1981-03-05,3.3192903995513916
1981-03-06,4.687446117401123
1981-03-07,5.940046310424805
1981-03-08,5.815059661865234
1981-03-09,5.088411331176758
1981-03-10,4.396368503570557
1981-03-11,3.905890464782715
1981-03-12,3.5714895725250244
1981-03-13,3.315237522125244
1981-03-14,3.1248579025268555
1981-03-15,2.960648536682129
1981-03-16,2.8178679943084717
1981-03-17,2.751777410507202
1981-03-18,2.706758975982666
1981-03-19,2.6627771854400635
1981-03-20,2.616391897201538
1981-03-21,2.5555999279022217
1981-03-22,2.488180637359619
1981-03-23,3.325873613357544
1981-03-24,7.016772270202637
1981-03-25,10.82909107208252
1981-03-26,10.341717720031738
1981-03-27,8.302234649658203
1981-03-28,6.622560501098633
1981-03-29,5.4458770751953125
1981-03-30,4.786674499511719
1981-03-31,5.154895782470703
1981-04-01,6.401731014251709
1981-04-02,6.905789375305176
1981-04-03,6.974687576293945
1981-04-04,6.167724132537842
1981-04-05,5.218752384185791
1981-04-06,4.6879377365112305
1981-04-07,4.626589775085449
1981-04-08,4.293529033660889
1981-04-09,3.8982574939727783
1981-04-10,3.736614465713501
1981-04-11,3.7203633785247803
1981-04-12,3.484006643295288
1981-04-13,3.1409010887145996
1981-04-14,2.8296048641204834
1981-04-15,2.595644474029541
1981-04-16,2.426396131515503
1981-04-17,2.260026454925537
1981-04-18,2.143470287322998
1981-04-19,2.046459436416626
1981-04-20,1.9426032304763794
1981-04-21,1.9108774662017822
1981-04-22,1.9043586254119873
1981-04-23,1.8258309364318848
1981-04-24,1.7621338367462158
1981-04-25,1.741542100906372
1981-04-26,1.6956217288970947
1981-04-27,1.6015021800994873
1981-04-28,1.5094718933105469
1981-04-29,1.4303373098373413
1981-04-30,1.3880891799926758
1981-05-01,1.366974115371704
1981-05-02,1.3131375312805176
1981-05-03,1.224768877029419
1981-05-04,1.1393513679504395
1981-05-05,1.0818084478378296
1981-05-06,1.023969292640686
1981-05-07,0.9801441431045532
1981-05-08,1.0227046012878418
1981-05-09,1.0997387170791626
1981-05-10,1.0879359245300293
1981-05-11,1.1665832996368408
1981-05-12,1.5028271675109863
1981-05-13,1.7114100456237793
1981-05-14,1.5510770082473755
1981-05-15,1.3116083145141602
1981-05-16,1.124911904335022
1981-05-17,0.9983526468276978
1981-05-18,0.9047954082489014
1981-05-19,0.8474169969558716
1981-05-20,0.9156795144081116
1981-05-21,1.3852239847183228
1981-05-22,2.13037371635437
1981-05-23,2.2174596786499023
1981-05-24,1.8382744789123535
1981-05-25,1.4498502016067505
1981-05-26,1.1787855625152588
1981-05-27,1.0145301818847656
1981-05-28,1.0543859004974365
1981-05-29,1.4576447010040283
1981-05-30,1.8022723197937012
1981-05-31,1.6678948402404785
1981-06-01,1.4404547214508057
1981-06-02,1.5754907131195068
1981-06-03,2.2084131240844727
1981-06-04,2.629887342453003
1981-06-05,2.460653305053711
1981-06-06,2.1183929443359375
1981-06-07,2.177421808242798
1981-06-08,2.7152397632598877
1981-06-09,2.6769025325775146
1981-06-10,2.1736373901367188
1981-06-11,1.7055288553237915
1981-06-12,1.4282187223434448
1981-06-13,1.3487792015075684
1981-06-14,1.3460421562194824
1981-06-15,1.2068825960159302
1981-06-16,0.998887836933136
1981-06-17,0.8181449174880981
1981-06-18,0.7194520235061646
1981-06-19,0.8093352317810059
1981-06-20,1.1424832344055176
1981-06-21,1.3730711936950684
1981-06-22,1.2437809705734253
1981-06-23,0.9962311387062073
1981-06-24,0.7930517196655273
1981-06-25,0.6498308181762695
1981-06-26,0.5598433017730713
1981-06-27,0.5034505128860474
1981-06-28,0.45966610312461853
1981-06-29,0.4134519100189209
1981-06-30,0.3743537664413452
1981-07-01,0.35644620656967163
1981-07-02,0.41041290760040283
1981-07-03,0.6308765411376953
1981-07-04,2.7690680027008057
1981-07-05,8.722236633300781
1981-07-06,11.024757385253906
1981-07-07,8.544134140014648
1981-07-08,5.948819160461426
1981-07-09,3.9809577465057373
1981-07-10,2.5750484466552734
1981-07-11,1.726318597793579
1981-07-12,1.2980732917785645
1981-07-13,1.0769225358963013
1981-07-14,0.9312471747398376
1981-07-15,0.8550276756286621
1981-07-16,0.8173490762710571
1981-07-17,0.8207323551177979
1981-07-18,0.8970354199409485
1981-07-19,0.8592841029167175
1981-07-20,0.7642515301704407
1981-07-21,0.8137927651405334
1981-07-22,0.9766145944595337
1981-07-23,0.9817805290222168
1981-07-24,0.831787109375
1981-07-25,0.7344508171081543
1981-07-26,0.7700082659721375
1981-07-27,0.8067616820335388
1981-07-28,0.7408095598220825
1981-07-29,0.6767240762710571
1981-07-30,0.6858260035514832
1981-07-31,0.6887505054473877
1981-08-01,0.6106806993484497
1981-08-02,0.5176749229431152
1981-08-03,0.45142683386802673
1981-08-04,0.4354206919670105
1981-08-05,0.43437933921813965
1981-08-06,0.42880454659461975
1981-08-07,0.48550331592559814
1981-08-08,0.6599565744400024
1981-08-09,1.0203964710235596
1981-08-10,1.509289264678955
1981-08-11,1.7248761653900146
1981-08-12,2.013793468475342
1981-08-13,3.319157123565674
1981-08-14,4.434846878051758
1981-08-15,3.7071335315704346
1981-08-16,2.544473171234131
1981-08-17,1.7911499738693237
1981-08-18,1.406474232673645
1981-08-19,1.5318831205368042
1981-08-20,3.649750232696533
1981-08-21,7.11890172958374
1981-08-22,6.598981857299805
1981-08-23,4.672941207885742
1981-08-24,3.354508876800537
1981-08-25,2.4677937030792236
1981-08-26,1.872145175933838
1981-08-27,1.435505986213684
1981-08-28,1.1419451236724854
1981-08-29,0.9581907391548157
1981-08-30,0.8672691583633423
1981-08-31,0.8439818620681763
1981-09-01,0.8026824593544006
1981-09-02,0.7319512963294983
1981-09-03,0.6576685905456543
1981-09-04,0.5935791730880737
1981-09-05,0.6305129528045654
1981-09-06,1.0587109327316284
1981-09-07,2.0803539752960205
1981-09-08,3.9104971885681152
1981-09-09,5.834144592285156
1981-09-10,5.430307388305664
1981-09-11,3.8514208793640137
1981-09-12,2.5942776203155518
1981-09-13,1.823620319366455
1981-09-14,1.3707624673843384
1981-09-15,1.0946024656295776
1981-09-16,0.9368268847465515
1981-09-17,0.9167930483818054
1981-09-18,0.9554957151412964
1981-09-19,0.9185622930526733
1981-09-20,0.8345413208007812
1981-09-21,0.7469174861907959
1981-09-22,0.6717547178268433
1981-09-23,0.6086450219154358
1981-09-24,0.5582099556922913
1981-09-25,0.5207231044769287
1981-09-26,0.4890035390853882
1981-09-27,0.46761029958724976
1981-09-28,0.444050669670105
1981-09-29,0.41662684082984924
1981-09-30,0.394817978143692
1981-10-01,0.3825165629386902
1981-10-02,0.3727302849292755
1981-10-03,0.368877112865448
1981-10-04,0.37666812539100647
1981-10-05,0.37912917137145996
1981-10-06,0.3704450726509094
1981-10-07,0.3555566668510437
1981-10-08,0.3423750102519989
1981-10-09,0.3297327756881714
1981-10-10,0.3238188624382019
1981-10-11,0.3207141160964966
1981-10-12,0.31914466619491577
1981-10-13,0.31738150119781494
1981-10-14,0.3092602789402008
1981-10-15,0.29992130398750305
1981-10-16,0.296426385641098
1981-10-17,0.2991192936897278
1981-10-18,0.2934657037258148
1981-10-19,0.2944357097148895
1981-10-20,0.28852522373199463
1981-10-21,0.2897540330886841
1981-10-22,0.29292213916778564
1981-10-23,0.29391685128211975
1981-10-24,0.2977057099342346
1981-10-25,0.3428786098957062
1981-10-26,0.50694340467453
1981-10-27,1.4408611059188843
1981-10-28,4.199155807495117
1981-10-29,6.213650703430176
1981-10-30,5.04526948928833
1981-10-31,3.279123067855835
1981-11-01,2.1910617351531982
1981-11-02,1.6269395351409912
1981-11-03,1.319184422492981
1981-11-04,1.135621190071106
1981-11-05,1.0206712484359741
1981-11-06,0.9843027591705322
1981-11-07,1.038318395614624
1981-11-08,1.0843729972839355
1981-11-09,1.056523084640503
1981-11-10,0.9870041012763977
1981-11-11,0.9122770428657532
1981-11-12,0.8546316623687744
1981-11-13,0.8010145425796509
1981-11-14,0.7646335959434509
1981-11-15,0.7488369345664978
1981-11-16,0.74379962682724
1981-11-17,0.7296661734580994
1981-11-18,0.7230965495109558
1981-11-19,0.7368391156196594
1981-11-20,0.7469057440757751
1981-11-21,0.7203390598297119
1981-11-22,0.6850717663764954
1981-11-23,0.676090657711029
1981-11-24,0.6830123662948608
1981-11-25,0.733157753944397
1981-11-26,0.8442100286483765
1981-11-27,0.8922501802444458
1981-11-28,0.8791669607162476
1981-11-29,0.8556734323501587
1981-11-30,0.8192571997642517
1981-12-01,0.7909036874771118
1981-12-02,0.8600137829780579
1981-12-03,1.143394112586975
1981-12-04,1.444831132888794
1981-12-05,1.4959721565246582
1981-12-06,1.43086838722229
1981-12-07,1.3244860172271729
1981-12-08,1.2291016578674316
1981-12-09,1.1251139640808105
1981-12-10,1.0319492816925049
1981-12-11,0.9739481806755066
1981-12-12,0.9247772693634033
1981-12-13,0.8928847312927246
1981-12-14,0.8869221210479736
1981-12-15,1.7407184839248657
1981-12-16,5.849326133728027
1981-12-17,10.713480949401855
1981-12-18,9.930347442626953
1981-12-19,7.536721229553223
1981-12-20,5.996228218078613
1981-12-21,4.669773578643799
1981-12-22,3.684654474258423
1981-12-23,3.2379026412963867
1981-12-24,3.209672212600708
1981-12-25,3.6684939861297607
1981-12-26,6.148739814758301
1981-12-27,9.469396591186523
1981-12-28,9.451279640197754
1981-12-29,7.920866966247559
1981-12-30,6.398262977600098
1981-12-31,5.879738807678223
1982-01-01,10.26893138885498
1982-01-02,19.956401824951172
1982-01-03,22.72650909423828
1982-01-04,24.843076705932617
1982-01-05,31.382234573364258
1982-01-06,30.844905853271484
1982-01-07,22.6208438873291
1982-01-08,15.657525062561035
1982-01-09,11.429300308227539
1982-01-10,8.776844024658203
1982-01-11,6.956483840942383
1982-01-12,5.669074535369873
1982-01-13,4.9165143966674805
1982-01-14,4.686534404754639
1982-01-15,4.963872909545898
1982-01-16,5.336391925811768
1982-01-17,5.552088737487793
1982-01-18,5.38417911529541
1982-01-19,5.1400532722473145
1982-01-20,5.913997650146484
1982-01-21,8.40967082977295
1982-01-22,11.725004196166992
1982-01-23,15.314974784851074
1982-01-24,22.133697509765625
1982-01-25,30.348527908325195
1982-01-26,26.651098251342773
1982-01-27,19.870569229125977
1982-01-28,14.522950172424316
1982-01-29,11.092344284057617
1982-01-30,9.176100730895996
1982-01-31,7.988061904907227
1982-02-01,7.598757266998291
1982-02-02,7.77992057800293
1982-02-03,10.364996910095215
1982-02-04,19.262310028076172
1982-02-05,27.164480209350586
1982-02-06,24.7080078125
1982-02-07,20.29071044921875
1982-02-08,16.23680877685547
1982-02-09,12.582701683044434
1982-02-10,10.482536315917969
1982-02-11,9.687177658081055
1982-02-12,8.924111366271973
1982-02-13,9.061299324035645
1982-02-14,12.031791687011719
1982-02-15,14.367670059204102
1982-02-16,13.615657806396484
1982-02-17,14.309569358825684
1982-02-18,20.506017684936523
1982-02-19,26.057384490966797
1982-02-20,23.80353355407715
1982-02-21,19.34393310546875
1982-02-22,15.310454368591309
1982-02-23,12.160237312316895
1982-02-24,9.976465225219727
1982-02-25,8.663934707641602
1982-02-26,7.666966438293457
1982-02-27,7.737015724182129
1982-02-28,11.639358520507812
1982-03-01,17.93117904663086
1982-03-02,19.888702392578125
1982-03-03,18.048419952392578
1982-03-04,15.168289184570312
1982-03-05,12.5963773727417
1982-03-06,10.948626518249512
1982-03-07,14.802451133728027
1982-03-08,28.02112579345703
1982-03-09,34.97736740112305
1982-03-10,28.841135025024414
1982-03-11,21.234336853027344
1982-03-12,16.259849548339844
1982-03-13,13.113994598388672
1982-03-14,11.0808687210083
1982-03-15,9.714570999145508
1982-03-16,9.22283935546875
1982-03-17,9.752201080322266
1982-03-18,9.579504013061523
1982-03-19,8.726335525512695
1982-03-20,7.827250957489014
1982-03-21,7.637331962585449
1982-03-22,9.427767753601074
1982-03-23,11.390198707580566
1982-03-24,10.66885757446289
1982-03-25,9.144048690795898
1982-03-26,7.916373252868652
1982-03-27,7.052342414855957
1982-03-28,6.317207336425781
1982-03-29,5.692998886108398
1982-03-30,5.2059831619262695
1982-03-31,4.935108184814453
1982-04-01,4.794733047485352
1982-04-02,4.708836078643799
1982-04-03,4.5568108558654785
1982-04-04,4.5380964279174805
1982-04-05,4.58980655670166
1982-04-06,4.391768455505371
1982-04-07,4.142081260681152
1982-04-08,3.88869047164917
1982-04-09,3.9645004272460938
1982-04-10,4.901062965393066
1982-04-11,5.637977600097656
1982-04-12,5.478786468505859
1982-04-13,5.019606590270996
1982-04-14,4.59647798538208
1982-04-15,4.2359843254089355
1982-04-16,3.9499874114990234
1982-04-17,3.690211772918701
1982-04-18,3.57033109664917
1982-04-19,3.6414852142333984
1982-04-20,3.622577428817749
1982-04-21,3.759838342666626
1982-04-22,4.014040470123291
1982-04-23,3.888530969619751
1982-04-24,3.5456435680389404
1982-04-25,3.218332290649414
1982-04-26,3.246735095977783
1982-04-27,4.846697807312012
1982-04-28,9.299461364746094
1982-04-29,13.623546600341797
1982-04-30,13.224691390991211
1982-05-01,10.199607849121094
1982-05-02,7.6955132484436035
1982-05-03,6.089071750640869
1982-05-04,5.157310962677002
1982-05-05,4.500402450561523
1982-05-06,3.917619228363037
1982-05-07,3.4542722702026367
1982-05-08,3.0626091957092285
1982-05-09,2.7666354179382324
1982-05-10,2.5839896202087402
1982-05-11,2.3788022994995117
1982-05-12,2.1943376064300537
1982-05-13,2.0559768676757812
1982-05-14,1.9300422668457031
1982-05-15,1.80045747756958
1982-05-16,1.6751182079315186
1982-05-17,1.6182808876037598
1982-05-18,1.6930968761444092
1982-05-19,1.81576406955719
1982-05-20,2.024405002593994
1982-05-21,2.5683200359344482
1982-05-22,4.338340759277344
1982-05-23,7.011483669281006
1982-05-24,8.254104614257812
1982-05-25,10.029736518859863
1982-05-26,12.250465393066406
1982-05-27,13.04008674621582
1982-05-28,13.539924621582031
1982-05-29,12.939958572387695
1982-05-30,11.989738464355469
1982-05-31,11.75131607055664
1982-06-01,11.84539794921875
1982-06-02,11.2567720413208
1982-06-03,9.553056716918945
1982-06-04,10.64538288116455
1982-06-05,21.62921905517578
1982-06-06,37.01365280151367
1982-06-07,35.572601318359375
1982-06-08,23.664173126220703
1982-06-09,14.472079277038574
1982-06-10,11.424410820007324
1982-06-11,21.52588653564453
1982-06-12,43.73882293701172
1982-06-13,48.09991455078125
1982-06-14,39.507362365722656
1982-06-15,32.72630310058594
1982-06-16,23.630964279174805
1982-06-17,16.794864654541016
1982-06-18,14.922311782836914
1982-06-19,17.812053680419922
1982-06-20,19.78819465637207
1982-06-21,16.64148712158203
1982-06-22,12.322322845458984
1982-06-23,9.646916389465332
1982-06-24,8.268132209777832
1982-06-25,6.8729705810546875
1982-06-26,5.767060279846191
1982-06-27,4.914017677307129
1982-06-28,4.252782344818115
1982-06-29,3.957768678665161
1982-06-30,4.645590782165527
1982-07-01,5.9133806228637695
1982-07-02,6.031926155090332
1982-07-03,5.22844934463501
1982-07-04,4.388852596282959
1982-07-05,3.955946207046509
1982-07-06,3.9168035984039307
1982-07-07,3.716937780380249
1982-07-08,3.3281590938568115
1982-07-09,2.976973056793213
1982-07-10,2.704936981201172
1982-07-11,2.7171201705932617
1982-07-12,2.9236698150634766
1982-07-13,3.1249351501464844
1982-07-14,3.822894811630249
1982-07-15,5.105170726776123
1982-07-16,6.11781644821167
1982-07-17,6.215363502502441
1982-07-18,5.308167934417725
1982-07-19,4.1835737228393555
1982-07-20,3.317302703857422
1982-07-21,2.8633475303649902
1982-07-22,2.5942165851593018
1982-07-23,2.3801116943359375
1982-07-24,2.7542474269866943
1982-07-25,3.6546809673309326
1982-07-26,3.8137524127960205
1982-07-27,3.188124656677246
1982-07-28,2.554987907409668
1982-07-29,2.388646364212036
1982-07-30,3.1653690338134766
1982-07-31,4.57877254486084
1982-08-01,6.293578147888184
1982-08-02,8.134599685668945
1982-08-03,7.623167037963867
1982-08-04,5.801401138305664
1982-08-05,4.269017219543457
1982-08-06,3.296302080154419
1982-08-07,2.7746424674987793
1982-08-08,2.372544288635254
1982-08-09,2.176506757736206
1982-08-10,3.171126365661621
1982-08-11,7.700231075286865
1982-08-12,14.913301467895508
1982-08-13,18.838821411132812
1982-08-14,17.339229583740234
1982-08-15,12.566125869750977
1982-08-16,8.445398330688477
1982-08-17,6.049947738647461
1982-08-18,5.415912628173828
1982-08-19,5.7008442878723145
1982-08-20,5.288854598999023
1982-08-21,4.391399383544922
1982-08-22,3.5047354698181152
1982-08-23,2.902947425842285
1982-08-24,2.500469446182251
1982-08-25,2.203672170639038
1982-08-26,1.9750909805297852
1982-08-27,1.780713438987732
1982-08-28,1.609968900680542
1982-08-29,1.4818570613861084
1982-08-30,1.3939212560653687
1982-08-31,1.318154215812683
1982-09-01,1.2276668548583984
1982-09-02,1.1738406419754028
1982-09-03,1.1613746881484985
1982-09-04,1.1729145050048828
1982-09-05,1.1434216499328613
1982-09-06,1.074280023574829
1982-09-07,0.9966705441474915
1982-09-08,0.9235951900482178
1982-09-09,0.8592057228088379
1982-09-10,0.8135824203491211
1982-09-11,0.78722083568573
1982-09-12,0.7766867280006409
1982-09-13,0.7660074830055237
1982-09-14,0.7348748445510864
1982-09-15,0.7047915458679199
1982-09-16,0.6893404722213745
1982-09-17,0.6704145669937134
1982-09-18,0.6405920386314392
1982-09-19,0.6240835785865784
1982-09-20,0.6440402269363403
1982-09-21,0.7271797060966492
1982-09-22,0.8657221794128418
1982-09-23,0.990222156047821
1982-09-24,0.976991593837738
1982-09-25,0.891865611076355
1982-09-26,0.8388680815696716
1982-09-27,0.9549070000648499
1982-09-28,1.172766089439392
1982-09-29,1.157044529914856
1982-09-30,1.0304961204528809
1982-10-01,0.912405252456665
1982-10-02,0.8208151459693909
1982-10-03,0.7529484033584595
1982-10-04,0.701302170753479
1982-10-05,0.669506311416626
1982-10-06,0.6407043933868408
1982-10-07,0.6181115508079529
1982-10-08,0.6004917621612549
1982-10-09,0.5966566801071167
1982-10-10,0.6186410784721375
1982-10-11,0.6594738960266113
1982-10-12,0.7019630670547485
1982-10-13,0.7697404623031616
1982-10-14,1.2423546314239502
1982-10-15,2.3481550216674805
1982-10-16,2.733097553253174
1982-10-17,2.2859270572662354
1982-10-18,1.764413833618164
1982-10-19,1.4369720220565796
1982-10-20,1.2239923477172852
1982-10-21,1.0772610902786255
1982-10-22,0.9878135919570923
1982-10-23,0.9324613809585571
1982-10-24,0.9217820167541504
1982-10-25,2.7216742038726807
1982-10-26,10.453116416931152
1982-10-27,18.236465454101562
1982-10-28,15.567276000976562
1982-10-29,10.036741256713867
1982-10-30,6.436096668243408
1982-10-31,4.502870559692383
1982-11-01,3.4696438312530518
1982-11-02,2.886626720428467
1982-11-03,2.529404640197754
1982-11-04,2.350118637084961
1982-11-05,2.649961471557617
1982-11-06,3.683563470840454
1982-11-07,4.095088005065918
1982-11-08,3.7563557624816895
1982-11-09,3.2898623943328857
1982-11-10,2.8985328674316406
1982-11-11,2.5923755168914795
1982-11-12,2.3849587440490723
1982-11-13,3.011826276779175
1982-11-14,5.691958904266357
1982-11-15,7.677395820617676
1982-11-16,7.892993450164795
1982-11-17,7.428691387176514
1982-11-18,6.353511333465576
1982-11-19,5.275176048278809
1982-11-20,4.535135269165039
1982-11-21,3.99052357673645
1982-11-22,3.5572829246520996
1982-11-23,3.244335174560547
1982-11-24,3.0244626998901367
1982-11-25,2.8219704627990723
1982-11-26,2.623171806335449
1982-11-27,2.501339912414551
1982-11-28,2.4333276748657227
1982-11-29,2.561427593231201
1982-11-30,2.9708712100982666
1982-12-01,3.413872718811035
1982-12-02,3.930666446685791
1982-12-03,4.4784955978393555
1982-12-04,4.354282379150391
1982-12-05,3.992375612258911
1982-12-06,3.782179832458496
1982-12-07,4.0758819580078125
1982-12-08,4.478908538818359
1982-12-09,4.220607280731201
1982-12-10,3.7515056133270264
1982-12-11,3.4252665042877197
1982-12-12,5.77752685546875
1982-12-13,14.282954216003418
1982-12-14,18.98829460144043
1982-12-15,15.43198013305664
1982-12-16,13.753259658813477
1982-12-17,19.592254638671875
1982-12-18,23.50225830078125
1982-12-19,19.060386657714844
1982-12-20,13.836969375610352
1982-12-21,10.743437767028809
1982-12-22,8.78279972076416
1982-12-23,7.295999526977539
1982-12-24,6.295277118682861
1982-12-25,5.630881309509277
1982-12-26,5.1931681632995605
1982-12-27,4.841253280639648
1982-12-28,4.541203498840332
1982-12-29,4.79055643081665
1982-12-30,7.443610191345215
1982-12-31,12.418161392211914
1983-01-01,14.711030960083008
1983-01-02,15.401336669921875
1983-01-03,17.19632911682129
1983-01-04,21.040010452270508
1983-01-05,20.1313533782959
1983-01-06,16.958818435668945
1983-01-07,15.023435592651367
1983-01-08,12.68822956085205
1983-01-09,10.401800155639648
1983-01-10,8.695276260375977
1983-01-11,7.7779221534729
1983-01-12,7.472232818603516
1983-01-13,7.119210243225098
1983-01-14,6.642933368682861
1983-01-15,6.067544937133789
1983-01-16,5.616216659545898
1983-01-17,5.265577793121338
1983-01-18,4.906393051147461
1983-01-19,4.63826847076416
1983-01-20,4.368063926696777
1983-01-21,4.083862781524658
1983-01-22,4.324049949645996
1983-01-23,6.703022480010986
1983-01-24,10.966552734375
1983-01-25,12.833945274353027
1983-01-26,11.439947128295898
1983-01-27,9.450263977050781
1983-01-28,8.090585708618164
1983-01-29,7.554549694061279
1983-01-30,7.114829063415527
1983-01-31,6.627716541290283
1983-02-01,6.191902160644531
1983-02-02,7.716464996337891
1983-02-03,18.65873908996582
1983-02-04,34.19046401977539
1983-02-05,31.47199249267578
1983-02-06,23.720752716064453
1983-02-07,21.814281463623047
1983-02-08,25.018373489379883
1983-02-09,22.880828857421875
1983-02-10,18.205528259277344
1983-02-11,15.633780479431152
1983-02-12,17.45159149169922
1983-02-13,20.20079231262207
1983-02-14,24.869529724121094
1983-02-15,45.53289794921875
1983-02-16,69.48175048828125
1983-02-17,63.35520553588867
1983-02-18,47.426658630371094
1983-02-19,33.95402526855469
1983-02-20,24.416589736938477
1983-02-21,18.752023696899414
1983-02-22,15.014082908630371
1983-02-23,13.971548080444336
1983-02-24,18.11333656311035
1983-02-25,23.69073486328125
1983-02-26,25.113574981689453
1983-02-27,23.205646514892578
1983-02-28,19.379384994506836
1983-03-01,17.76422119140625
1983-03-02,25.55579376220703
1983-03-03,36.52162170410156
1983-03-04,33.2646484375
1983-03-05,25.589168548583984
1983-03-06,20.447275161743164
1983-03-07,21.328121185302734
1983-03-08,27.394607543945312
1983-03-09,30.681795120239258
1983-03-10,30.79936408996582
1983-03-11,28.18211555480957
1983-03-12,24.0822696685791
1983-03-13,19.769311904907227
1983-03-14,16.083698272705078
1983-03-15,13.358013153076172
1983-03-16,11.651246070861816
1983-03-17,11.173992156982422
1983-03-18,24.901466369628906
1983-03-19,70.63801574707031
1983-03-20,97.7713394165039
1983-03-21,84.3782958984375
1983-03-22,72.85484313964844
1983-03-23,56.39435577392578
1983-03-24,39.60440444946289
1983-03-25,30.851919174194336
1983-03-26,29.635940551757812
1983-03-27,27.307111740112305
1983-03-28,31.37004852294922
1983-03-29,37.75483322143555
1983-03-30,33.04990768432617
1983-03-31,26.627553939819336
1983-04-01,25.134822845458984
1983-04-02,27.576557159423828
1983-04-03,31.7567081451416
1983-04-04,35.675418853759766
1983-04-05,31.997154235839844
1983-04-06,26.00326156616211
1983-04-07,22.578556060791016
1983-04-08,21.023019790649414
1983-04-09,23.0095157623291
1983-04-10,32.86933135986328
1983-04-11,40.27014923095703
1983-04-12,34.138607025146484
1983-04-13,25.391712188720703
1983-04-14,19.24826431274414
1983-04-15,19.957202911376953
1983-04-16,43.27235794067383
1983-04-17,74.97378540039062
1983-04-18,63.254852294921875
1983-04-19,49.481204986572266
1983-04-20,43.571434020996094
1983-04-21,33.39034652709961
1983-04-22,24.96786117553711
1983-04-23,20.487449645996094
1983-04-24,23.39189910888672
1983-04-25,32.29779052734375
1983-04-26,33.00163269042969
1983-04-27,26.733081817626953
1983-04-28,20.75638771057129
1983-04-29,16.648069381713867
1983-04-30,13.932778358459473
1983-05-01,12.066771507263184
1983-05-02,10.779420852661133
1983-05-03,9.780111312866211
1983-05-04,9.383776664733887
1983-05-05,9.979055404663086
1983-05-06,9.838048934936523
1983-05-07,8.824508666992188
1983-05-08,7.758815288543701
1983-05-09,6.9534125328063965
1983-05-10,6.408486843109131
1983-05-11,5.955672740936279
1983-05-12,5.547870635986328
1983-05-13,5.149479866027832
1983-05-14,4.858680725097656
1983-05-15,4.9433722496032715
1983-05-16,5.409512519836426
1983-05-17,5.8926920890808105
1983-05-18,6.081843376159668
1983-05-19,5.50811767578125
1983-05-20,5.306942939758301
1983-05-21,7.437300682067871
1983-05-22,11.994392395019531
1983-05-23,14.723794937133789
1983-05-24,14.665251731872559
1983-05-25,12.571123123168945
1983-05-26,10.18794059753418
1983-05-27,9.601404190063477
1983-05-28,10.251997947692871
1983-05-29,9.022595405578613
1983-05-30,7.459362030029297
1983-05-31,6.381099224090576
1983-06-01,5.633236885070801
1983-06-02,4.98487663269043
1983-06-03,4.4658308029174805
1983-06-04,3.991109609603882
1983-06-05,3.639709711074829
1983-06-06,3.390596866607666
1983-06-07,3.30230975151062
1983-06-08,8.021016120910645
1983-06-09,21.592647552490234
1983-06-10,23.939044952392578
1983-06-11,17.507450103759766
1983-06-12,11.278691291809082
1983-06-13,7.656825542449951
1983-06-14,5.71406364440918
1983-06-15,4.735055446624756
1983-06-16,4.407607078552246
1983-06-17,4.150002956390381
1983-06-18,3.6920006275177
1983-06-19,3.3629684448242188
1983-06-20,3.275718927383423
1983-06-21,3.4583170413970947
1983-06-22,4.033627510070801
1983-06-23,4.58051872253418
1983-06-24,4.394347667694092
1983-06-25,3.7055068016052246
1983-06-26,3.115959882736206
1983-06-27,2.7177252769470215
1983-06-28,2.4401912689208984
1983-06-29,2.363375186920166
1983-06-30,2.630892753601074
1983-07-01,3.0516974925994873
1983-07-02,3.2162601947784424
1983-07-03,3.085503578186035
1983-07-04,2.7465217113494873
1983-07-05,2.5116019248962402
1983-07-06,2.5032095909118652
1983-07-07,2.530592441558838
1983-07-08,2.298736095428467
1983-07-09,1.9628044366836548
1983-07-10,1.6989316940307617
1983-07-11,1.5017105340957642
1983-07-12,1.3696346282958984
1983-07-13,1.2861416339874268
1983-07-14,1.196763515472412
1983-07-15,1.102268934249878
1983-07-16,1.0521591901779175
1983-07-17,1.0091129541397095
1983-07-18,0.9433454871177673
1983-07-19,0.896963357925415
1983-07-20,0.8661066293716431
1983-07-21,0.8308483958244324
1983-07-22,0.8067751526832581
1983-07-23,0.8529754281044006
1983-07-24,0.9632132649421692
1983-07-25,1.0061206817626953
1983-07-26,0.992077648639679
1983-07-27,0.977394700050354
1983-07-28,0.9439244270324707
1983-07-29,0.8429121375083923
1983-07-30,0.7434893250465393
1983-07-31,0.6735741496086121
1983-08-01,0.6423612833023071
1983-08-02,0.6806767582893372
1983-08-03,0.8323092460632324
1983-08-04,0.9798481464385986
1983-08-05,0.9611241221427917
1983-08-06,0.864727258682251
1983-08-07,0.8038003444671631
1983-08-08,0.7605870366096497
1983-08-09,0.7221445441246033
1983-08-10,0.6790245175361633
1983-08-11,0.6299861669540405
1983-08-12,0.6067701578140259
1983-08-13,0.6262391805648804
1983-08-14,0.6320938467979431
1983-08-15,0.5860148072242737
1983-08-16,0.5327908992767334
1983-08-17,0.49730315804481506
1983-08-18,0.4695623815059662
1983-08-19,0.43820077180862427
1983-08-20,0.40732789039611816
1983-08-21,0.38702526688575745
1983-08-22,0.3772028088569641
1983-08-23,0.3773161768913269
1983-08-24,0.48850882053375244
1983-08-25,0.8872811794281006
1983-08-26,1.2391653060913086
1983-08-27,1.1149734258651733
1983-08-28,0.862933874130249
1983-08-29,0.6992469429969788
1983-08-30,0.6004955768585205
1983-08-31,0.5266909599304199
1983-09-01,0.4720943868160248
1983-09-02,0.4675630033016205
1983-09-03,0.5269354581832886
1983-09-04,0.5867161154747009
1983-09-05,0.5646998882293701
1983-09-06,0.5064889192581177
1983-09-07,0.44485634565353394
1983-09-08,0.3951784074306488
1983-09-09,0.35704004764556885
1983-09-10,0.3314405381679535
1983-09-11,0.31449392437934875
1983-09-12,0.3028638958930969
1983-09-13,0.31946253776550293
1983-09-14,0.5428267121315002
1983-09-15,1.2792052030563354
1983-09-16,1.8158769607543945
1983-09-17,1.5079506635665894
1983-09-18,1.077136516571045
1983-09-19,0.7993760704994202
1983-09-20,0.6402168273925781
1983-09-21,0.553280234336853
1983-09-22,0.5967013835906982
1983-09-23,0.7580502033233643
1983-09-24,0.795073926448822
1983-09-25,0.710832953453064
1983-09-26,0.6157514452934265
1983-09-27,0.5420116186141968
1983-09-28,0.4907037019729614
1983-09-29,0.45458143949508667
1983-09-30,0.44976842403411865
1983-10-01,0.5049914121627808
1983-10-02,0.5760190486907959
1983-10-03,0.5673182606697083
1983-10-04,0.5259770750999451
1983-10-05,0.4919254183769226
1983-10-06,0.4884582459926605
1983-10-07,0.49772265553474426
1983-10-08,0.4754871129989624
1983-10-09,0.4468834400177002
1983-10-10,0.4262012839317322
1983-10-11,0.41406315565109253
1983-10-12,0.43029066920280457
1983-10-13,0.5259804129600525
1983-10-14,0.7399671077728271
1983-10-15,0.9230343699455261
1983-10-16,0.8621047735214233
1983-10-17,0.7353751063346863
1983-10-18,0.6415918469429016
1983-10-19,0.5779951810836792
1983-10-20,0.5401780009269714
1983-10-21,0.528526782989502
1983-10-22,0.6015890836715698
1983-10-23,0.8628174662590027
1983-10-24,1.9677214622497559
1983-10-25,4.191255569458008
1983-10-26,4.539892673492432
1983-10-27,3.3510308265686035
1983-10-28,2.2800838947296143
1983-10-29,1.6788792610168457
1983-10-30,1.3172804117202759
1983-10-31,1.099863052368164
1983-11-01,0.9784685373306274
1983-11-02,0.9048030376434326
1983-11-03,0.8558073043823242
1983-11-04,0.8434286117553711
1983-11-05,0.8868685960769653
1983-11-06,0.9466202259063721
1983-11-07,0.9430702328681946
1983-11-08,0.9250966906547546
1983-11-09,0.8821346759796143
1983-11-10,0.8817653656005859
1983-11-11,1.0653306245803833
1983-11-12,1.3469436168670654
1983-11-13,1.3289450407028198
1983-11-14,1.2075412273406982
1983-11-15,1.3342251777648926
1983-11-16,2.6493418216705322
1983-11-17,4.929478645324707
1983-11-18,5.0722270011901855
1983-11-19,3.9874191284179688
1983-11-20,3.113802671432495
1983-11-21,3.835280179977417
1983-11-22,6.779010772705078
1983-11-23,7.513465881347656
1983-11-24,6.076383590698242
1983-11-25,12.378674507141113
1983-11-26,33.4301872253418
1983-11-27,33.024478912353516
1983-11-28,21.160505294799805
1983-11-29,12.789400100708008
1983-11-30,8.964583396911621
1983-12-01,6.754205226898193
1983-12-02,5.333250522613525
1983-12-03,4.812592029571533
1983-12-04,8.036402702331543
1983-12-05,16.025131225585938
1983-12-06,21.99587631225586
1983-12-07,35.25886154174805
1983-12-08,44.706233978271484
1983-12-09,34.05738830566406
1983-12-10,21.768817901611328
1983-12-11,14.3534574508667
1983-12-12,15.82102108001709
1983-12-13,37.85549545288086
1983-12-14,60.746986389160156
1983-12-15,49.1903190612793
1983-12-16,32.3026123046875
1983-12-17,21.386083602905273
1983-12-18,15.197750091552734
1983-12-19,11.757177352905273
1983-12-20,10.179363250732422
1983-12-21,9.3434476852417
1983-12-22,9.737987518310547
1983-12-23,15.136195182800293
1983-12-24,20.97673225402832
1983-12-25,18.70547866821289
1983-12-26,14.263245582580566
1983-12-27,11.21728515625
1983-12-28,10.621906280517578
1983-12-29,18.06386947631836
1983-12-30,34.002952575683594
1983-12-31,38.19847869873047
1984-01-01,29.158161163330078
1984-01-02,20.232200622558594
1984-01-03,14.920334815979004
1984-01-04,12.057106018066406
1984-01-05,10.318803787231445
1984-01-06,9.323027610778809
1984-01-07,8.782793998718262
1984-01-08,8.137128829956055
1984-01-09,7.444487571716309
1984-01-10,9.431597709655762
1984-01-11,25.13825225830078
1984-01-12,52.869972229003906
1984-01-13,57.227664947509766
1984-01-14,41.682010650634766
1984-01-15,30.977153778076172
1984-01-16,25.48554801940918
1984-01-17,19.813512802124023
1984-01-18,16.181516647338867
1984-01-19,22.797075271606445
1984-01-20,42.285888671875
1984-01-21,44.12234878540039
1984-01-22,34.30146026611328
1984-01-23,24.4033260345459
1984-01-24,18.746601104736328
1984-01-25,17.04660415649414
1984-01-26,17.980987548828125
1984-01-27,17.510292053222656
1984-01-28,15.624671936035156
1984-01-29,13.725976943969727
1984-01-30,12.124483108520508
1984-01-31,10.846538543701172
1984-02-01,9.97258472442627
1984-02-02,9.106310844421387
1984-02-03,8.421881675720215
1984-02-04,8.68079948425293
1984-02-05,10.511029243469238
1984-02-06,12.94436264038086
1984-02-07,15.3366060256958
1984-02-08,15.860353469848633
1984-02-09,13.87649917602539
1984-02-10,12.008196830749512
1984-02-11,11.15096664428711
1984-02-12,11.33951187133789
1984-02-13,11.587884902954102
1984-02-14,21.380952835083008
1984-02-15,57.88808059692383
1984-02-16,80.13703155517578
1984-02-17,61.67988586425781
1984-02-18,40.66903305053711
1984-02-19,27.658342361450195
1984-02-20,20.150028228759766
1984-02-21,15.837102890014648
1984-02-22,13.092100143432617
1984-02-23,15.434942245483398
1984-02-24,32.8301887512207
1984-02-25,50.70634460449219
1984-02-26,43.576324462890625
1984-02-27,34.47160339355469
1984-02-28,41.67378234863281
1984-02-29,53.63560104370117
1984-03-01,46.42072296142578
1984-03-02,33.69672775268555
1984-03-03,24.080093383789062
1984-03-04,18.436920166015625
1984-03-05,15.774700164794922
1984-03-06,25.770675659179688
1984-03-07,58.03769302368164
1984-03-08,70.5322494506836
1984-03-09,54.63645935058594
1984-03-10,37.55315399169922
1984-03-11,26.6085205078125
1984-03-12,20.18946075439453
1984-03-13,17.496789932250977
1984-03-14,20.78476905822754
1984-03-15,25.857097625732422
1984-03-16,23.836502075195312
1984-03-17,19.834129333496094
1984-03-18,16.506547927856445
1984-03-19,14.302751541137695
1984-03-20,14.346867561340332
1984-03-21,17.182437896728516
1984-03-22,21.14226722717285
1984-03-23,21.365978240966797
1984-03-24,18.34625244140625
1984-03-25,15.59798812866211
1984-03-26,15.700704574584961
1984-03-27,17.4752197265625
1984-03-28,18.87688636779785
1984-03-29,40.3182258605957
1984-03-30,84.866943359375
1984-03-31,78.08596801757812
1984-04-01,53.36980438232422
1984-04-02,35.581268310546875
1984-04-03,25.4602108001709
1984-04-04,21.221145629882812
1984-04-05,30.77395248413086
1984-04-06,52.51799774169922
1984-04-07,47.01177215576172
1984-04-08,34.358917236328125
1984-04-09,25.392391204833984
1984-04-10,23.51898193359375
1984-04-11,29.302879333496094
1984-04-12,31.38480567932129
1984-04-13,26.37256622314453
1984-04-14,21.11522674560547
1984-04-15,18.28190803527832
1984-04-16,18.903209686279297
1984-04-17,19.225393295288086
1984-04-18,17.175716400146484
1984-04-19,14.645673751831055
1984-04-20,12.558731079101562
1984-04-21,11.038641929626465
1984-04-22,10.20358657836914
1984-04-23,14.076116561889648
1984-04-24,27.50172233581543
1984-04-25,35.28163146972656
1984-04-26,29.471641540527344
1984-04-27,21.475522994995117
1984-04-28,16.102802276611328
1984-04-29,12.977604866027832
1984-04-30,11.05781078338623
1984-05-01,10.127137184143066
1984-05-02,10.132019996643066
1984-05-03,10.262369155883789
1984-05-04,11.20904541015625
1984-05-05,11.907224655151367
1984-05-06,11.274823188781738
1984-05-07,15.65234375
1984-05-08,28.72860336303711
1984-05-09,38.8775634765625
1984-05-10,35.732669830322266
1984-05-11,26.093433380126953
1984-05-12,18.187496185302734
1984-05-13,13.366654396057129
1984-05-14,10.615201950073242
1984-05-15,8.928946495056152
1984-05-16,7.702269554138184
1984-05-17,6.7248454093933105
1984-05-18,5.967553615570068
1984-05-19,5.44904088973999
1984-05-20,5.0343475341796875
1984-05-21,4.602668762207031
1984-05-22,4.197138786315918
1984-05-23,3.95782732963562
1984-05-24,4.301721096038818
1984-05-25,5.193182468414307
1984-05-26,5.260830879211426
1984-05-27,4.8926496505737305
1984-05-28,5.676753520965576
1984-05-29,10.111316680908203
1984-05-30,26.736724853515625
1984-05-31,54.33097457885742
1984-06-01,55.06984329223633
1984-06-02,38.22344970703125
1984-06-03,23.77901840209961
1984-06-04,15.273337364196777
1984-06-05,10.69006633758545
1984-06-06,8.058855056762695
1984-06-07,6.577825546264648
1984-06-08,5.684311389923096
1984-06-09,5.0416460037231445
1984-06-10,4.469161510467529
1984-06-11,3.9448940753936768
1984-06-12,3.5318355560302734
1984-06-13,3.2178196907043457
1984-06-14,2.921598434448242
1984-06-15,2.7013168334960938
1984-06-16,2.659885883331299
1984-06-17,2.9882473945617676
1984-06-18,3.5619492530822754
1984-06-19,3.672455310821533
1984-06-20,3.437326431274414
1984-06-21,3.421740770339966
1984-06-22,3.546633243560791
1984-06-23,3.2879202365875244
1984-06-24,2.856454849243164
1984-06-25,2.5842010974884033
1984-06-26,2.501404047012329
1984-06-27,2.302889585494995
1984-06-28,2.0967392921447754
1984-06-29,2.3882029056549072
1984-06-30,3.793828010559082
1984-07-01,5.522531032562256
1984-07-02,5.903205394744873
1984-07-03,5.165294170379639
1984-07-04,4.358029365539551
1984-07-05,3.601269483566284
1984-07-06,3.444755792617798
1984-07-07,4.487531661987305
1984-07-08,6.0041913986206055
1984-07-09,6.031853675842285
1984-07-10,4.697086334228516
1984-07-11,3.5303008556365967
1984-07-12,2.8697710037231445
1984-07-13,2.770918607711792
1984-07-14,4.320756912231445
1984-07-15,7.024776935577393
1984-07-16,7.841850757598877
1984-07-17,9.440408706665039
1984-07-18,14.796496391296387
1984-07-19,21.506513595581055
1984-07-20,23.41851806640625
1984-07-21,18.022668838500977
1984-07-22,13.635503768920898
1984-07-23,11.502654075622559
1984-07-24,9.641253471374512
1984-07-25,7.657240867614746
1984-07-26,6.635952949523926
1984-07-27,7.858155250549316
1984-07-28,13.08108901977539
1984-07-29,24.557476043701172
1984-07-30,39.34811782836914
1984-07-31,43.69294738769531
1984-08-01,34.59333038330078
1984-08-02,26.12982177734375
1984-08-03,21.272544860839844
1984-08-04,17.51606559753418
1984-08-05,13.12913990020752
1984-08-06,9.704456329345703
1984-08-07,7.495580673217773
1984-08-08,6.064478874206543
1984-08-09,5.108928680419922
1984-08-10,4.802541732788086
1984-08-11,5.4166083335876465
1984-08-12,6.468227386474609
1984-08-13,7.054413795471191
1984-08-14,7.303722858428955
1984-08-15,7.03413200378418
1984-08-16,6.015408039093018
1984-08-17,4.838052749633789
1984-08-18,3.937561273574829
1984-08-19,3.3611714839935303
1984-08-20,3.0585100650787354
1984-08-21,2.8442635536193848
1984-08-22,2.5964839458465576
1984-08-23,2.3487777709960938
1984-08-24,2.157994031906128
1984-08-25,2.025879144668579
1984-08-26,1.9023566246032715
1984-08-27,1.7726298570632935
1984-08-28,1.6551260948181152
1984-08-29,1.5761387348175049
1984-08-30,1.5478386878967285
1984-08-31,1.5938494205474854
1984-09-01,1.7651164531707764
1984-09-02,1.8334176540374756
1984-09-03,1.7027877569198608
1984-09-04,1.562231421470642
1984-09-05,1.5567150115966797
1984-09-06,1.5982873439788818
1984-09-07,1.5289613008499146
1984-09-08,1.4174784421920776
1984-09-09,1.3105511665344238
1984-09-10,1.240132451057434
1984-09-11,1.2462279796600342
1984-09-12,1.2793892621994019
1984-09-13,1.2710602283477783
1984-09-14,1.3569774627685547
1984-09-15,1.571237325668335
1984-09-16,1.640397310256958
1984-09-17,1.524049997329712
1984-09-18,1.3665330410003662
1984-09-19,1.2433764934539795
1984-09-20,1.1604094505310059
1984-09-21,1.093795895576477
1984-09-22,1.0323289632797241
1984-09-23,0.9640037417411804
1984-09-24,0.9074864387512207
1984-09-25,0.8668810129165649
1984-09-26,0.8394701480865479
1984-09-27,0.8303571939468384
1984-09-28,0.853955864906311
1984-09-29,0.850163996219635
1984-09-30,0.882889449596405
1984-10-01,1.4272923469543457
1984-10-02,3.1669180393218994
1984-10-03,4.18684196472168
1984-10-04,3.4597692489624023
1984-10-05,2.542625904083252
1984-10-06,1.9591171741485596
1984-10-07,1.6192675828933716
1984-10-08,1.4112801551818848
1984-10-09,1.270853042602539
1984-10-10,1.1689612865447998
1984-10-11,1.0933064222335815
1984-10-12,1.0292096138000488
1984-10-13,0.97348952293396
1984-10-14,0.9282723665237427
1984-10-15,0.8930984735488892
1984-10-16,0.8732507228851318
1984-10-17,0.8578355312347412
1984-10-18,0.8719629049301147
1984-10-19,0.9234280586242676
1984-10-20,0.9673617482185364
1984-10-21,0.9543781876564026
1984-10-22,0.9559174180030823
1984-10-23,1.0111334323883057
1984-10-24,1.0558454990386963
1984-10-25,1.0192629098892212
1984-10-26,0.9644099473953247
1984-10-27,0.9256094694137573
1984-10-28,0.9051027297973633
1984-10-29,0.8936589956283569
1984-10-30,0.9001833200454712
1984-10-31,0.9013054370880127
1984-11-01,0.8927323818206787
1984-11-02,0.8946402072906494
1984-11-03,0.8964283466339111
1984-11-04,0.8935045003890991
1984-11-05,0.9265444874763489
1984-11-06,0.9944878220558167
1984-11-07,1.0261027812957764
1984-11-08,1.0146081447601318
1984-11-09,0.9990387558937073
1984-11-10,0.9838597178459167
1984-11-11,0.99267578125
1984-11-12,1.0758590698242188
1984-11-13,1.1911205053329468
1984-11-14,1.1887521743774414
1984-11-15,1.1522417068481445
1984-11-16,1.1188669204711914
1984-11-17,1.0717617273330688
1984-11-18,1.0481877326965332
1984-11-19,1.0614691972732544
1984-11-20,1.104378581047058
1984-11-21,1.1642417907714844
1984-11-22,1.158536434173584
1984-11-23,1.1176272630691528
1984-11-24,1.1043587923049927
1984-11-25,1.0935938358306885
1984-11-26,1.0882327556610107
1984-11-27,1.0899194478988647
1984-11-28,1.1617273092269897
1984-11-29,1.5352253913879395
1984-11-30,2.0692338943481445
1984-12-01,2.0496737957000732
1984-12-02,1.8115147352218628
1984-12-03,1.7986409664154053
1984-12-04,2.4201555252075195
1984-12-05,3.2952535152435303
1984-12-06,4.008240699768066
1984-12-07,5.035375118255615
1984-12-08,4.906672477722168
1984-12-09,4.013230323791504
1984-12-10,3.283416271209717
1984-12-11,2.8001961708068848
1984-12-12,2.5062942504882812
1984-12-13,2.3178257942199707
1984-12-14,2.168647289276123
1984-12-15,2.0735559463500977
1984-12-16,1.9787657260894775
1984-12-17,1.8909233808517456
1984-12-18,1.8565350770950317
1984-12-19,1.822487235069275
1984-12-20,1.7670791149139404
1984-12-21,1.7456152439117432
1984-12-22,1.8039844036102295
1984-12-23,1.8783376216888428
1984-12-24,1.8775707483291626
1984-12-25,1.8273636102676392
1984-12-26,1.7412667274475098
1984-12-27,1.6807256937026978
1984-12-28,1.6472758054733276
1984-12-29,1.6312353610992432
1984-12-30,1.5971996784210205
1984-12-31,1.5605357885360718
1985-01-01,1.537110447883606
1985-01-02,1.5615698099136353
1985-01-03,5.444283485412598
1985-01-04,22.01890754699707
1985-01-05,38.369258880615234
1985-01-06,33.54911422729492
1985-01-07,21.524328231811523
1985-01-08,13.403962135314941
1985-01-09,9.082239151000977
1985-01-10,6.767258644104004
1985-01-11,5.441219806671143
1985-01-12,4.866880416870117
1985-01-13,4.4226393699646
1985-01-14,3.9614596366882324
1985-01-15,3.595158576965332
1985-01-16,3.311642646789551
1985-01-17,3.1739728450775146
1985-01-18,3.421874523162842
1985-01-19,3.898198366165161
1985-01-20,3.9037539958953857
1985-01-21,3.673593044281006
1985-01-22,3.3894450664520264
1985-01-23,3.242757558822632
1985-01-24,3.0859389305114746
1985-01-25,2.9617347717285156
1985-01-26,2.8892061710357666
1985-01-27,2.7995917797088623
1985-01-28,2.738798141479492
1985-01-29,2.9292218685150146
1985-01-30,3.282492160797119
1985-01-31,3.762035846710205
1985-02-01,7.680484771728516
1985-02-02,28.580514907836914
1985-02-03,65.33512115478516
1985-02-04,66.84591674804688
1985-02-05,45.69490051269531
1985-02-06,29.86252212524414
1985-02-07,27.06629180908203
1985-02-08,28.929561614990234
1985-02-09,25.081132888793945
1985-02-10,19.038902282714844
1985-02-11,14.583427429199219
1985-02-12,17.20283317565918
1985-02-13,33.8819465637207
1985-02-14,43.753662109375
1985-02-15,36.09239196777344
1985-02-16,25.91326904296875
1985-02-17,18.80867576599121
1985-02-18,14.541040420532227
1985-02-19,11.933137893676758
1985-02-20,10.443693161010742
1985-02-21,9.898896217346191
1985-02-22,9.429007530212402
1985-02-23,8.854177474975586
1985-02-24,8.282856941223145
1985-02-25,7.714597225189209
1985-02-26,8.337031364440918
1985-02-27,13.39957046508789
1985-02-28,18.927034378051758
1985-03-01,17.47104835510254
1985-03-02,13.919305801391602
1985-03-03,11.25225830078125
1985-03-04,9.437976837158203
1985-03-05,8.18002700805664
1985-03-06,7.465328216552734
1985-03-07,6.839951515197754
1985-03-08,6.272286415100098
1985-03-09,5.870850563049316
1985-03-10,5.540858268737793
1985-03-11,5.2479658126831055
1985-03-12,5.008124351501465
1985-03-13,4.876245021820068
1985-03-14,4.729942321777344
1985-03-15,4.531652450561523
1985-03-16,4.324571132659912
1985-03-17,4.134480953216553
1985-03-18,3.9616992473602295
1985-03-19,3.782154083251953
1985-03-20,3.6358275413513184
1985-03-21,3.576864242553711
1985-03-22,3.9103314876556396
1985-03-23,6.047306537628174
1985-03-24,9.62067985534668
1985-03-25,11.38813304901123
1985-03-26,12.07076644897461
1985-03-27,10.984773635864258
1985-03-28,9.278407096862793
1985-03-29,7.799877643585205
1985-03-30,6.6635284423828125
1985-03-31,5.821465969085693
1985-04-01,5.243773460388184
1985-04-02,4.8333635330200195
1985-04-03,4.461265563964844
1985-04-04,4.153717041015625
1985-04-05,3.903477668762207
1985-04-06,3.723374128341675
1985-04-07,3.6338648796081543
1985-04-08,3.5600075721740723
1985-04-09,3.3735523223876953
1985-04-10,3.1306471824645996
1985-04-11,2.8988285064697266
1985-04-12,2.7902629375457764
1985-04-13,2.7171478271484375
1985-04-14,2.635136127471924
1985-04-15,2.5570223331451416
1985-04-16,2.537782669067383
1985-04-17,2.714242458343506
1985-04-18,2.9695353507995605
1985-04-19,2.9008517265319824
1985-04-20,2.679154872894287
1985-04-21,2.447875499725342
1985-04-22,2.2398743629455566
1985-04-23,2.059955596923828
1985-04-24,1.9031281471252441
1985-04-25,1.78944730758667
1985-04-26,1.7395395040512085
1985-04-27,1.6778602600097656
1985-04-28,1.606906771659851
1985-04-29,1.5762207508087158
1985-04-30,1.55430269241333
1985-05-01,1.4757248163223267
1985-05-02,1.3967374563217163
1985-05-03,1.641370415687561
1985-05-04,2.8588194847106934
1985-05-05,3.9280591011047363
1985-05-06,3.4745779037475586
1985-05-07,2.7107179164886475
1985-05-08,2.1442856788635254
1985-05-09,1.7976057529449463
1985-05-10,1.60540771484375
1985-05-11,1.5098373889923096
1985-05-12,1.4968860149383545
1985-05-13,1.609198808670044
1985-05-14,1.710232138633728
1985-05-15,1.618086338043213
1985-05-16,1.5098224878311157
1985-05-17,1.7676399946212769
1985-05-18,2.4576234817504883
1985-05-19,2.6261560916900635
1985-05-20,2.229027271270752
1985-05-21,1.814572811126709
1985-05-22,1.6465559005737305
1985-05-23,2.2863101959228516
1985-05-24,4.171990394592285
1985-05-25,5.316954612731934
1985-05-26,4.848983287811279
1985-05-27,3.70833420753479
1985-05-28,2.7277488708496094
1985-05-29,2.0840797424316406
1985-05-30,1.7104430198669434
1985-05-31,1.495954155921936
1985-06-01,1.3312687873840332
1985-06-02,1.2247161865234375
1985-06-03,1.1243399381637573
1985-06-04,1.0296576023101807
1985-06-05,1.005614161491394
1985-06-06,1.4446640014648438
1985-06-07,2.8060922622680664
1985-06-08,3.8475141525268555
1985-06-09,4.137330055236816
1985-06-10,3.9067463874816895
1985-06-11,3.047806739807129
1985-06-12,2.3438327312469482
1985-06-13,2.1020355224609375
1985-06-14,2.052635431289673
1985-06-15,1.7565988302230835
1985-06-16,1.502366542816162
1985-06-17,1.6158772706985474
1985-06-18,1.9194765090942383
1985-06-19,2.030789852142334
1985-06-20,2.1500790119171143
1985-06-21,2.0452394485473633
1985-06-22,1.7062325477600098
1985-06-23,1.382584810256958
1985-06-24,1.1720106601715088
1985-06-25,1.026695966720581
1985-06-26,0.9116706848144531
1985-06-27,0.8114851713180542
1985-06-28,0.7243227362632751
1985-06-29,0.6704913973808289
1985-06-30,0.6981852054595947
1985-07-01,0.9597430229187012
1985-07-02,1.4213330745697021
1985-07-03,1.6538163423538208
1985-07-04,1.5002506971359253
1985-07-05,1.2574659585952759
1985-07-06,1.1529960632324219
1985-07-07,1.219679355621338
1985-07-08,1.2810101509094238
1985-07-09,1.1620845794677734
1985-07-10,0.9803930521011353
1985-07-11,0.8779173493385315
1985-07-12,0.9325779676437378
1985-07-13,1.154664158821106
1985-07-14,1.4490089416503906
1985-07-15,1.7541385889053345
1985-07-16,1.8658616542816162
1985-07-17,2.040733814239502
1985-07-18,2.3233938217163086
1985-07-19,2.0932230949401855
1985-07-20,1.5953679084777832
1985-07-21,1.2329626083374023
1985-07-22,1.1372958421707153
1985-07-23,1.328700065612793
1985-07-24,1.9371249675750732
1985-07-25,4.35863733291626
1985-07-26,11.161381721496582
1985-07-27,17.64362335205078
1985-07-28,16.8691349029541
1985-07-29,14.693673133850098
1985-07-30,13.633522033691406
1985-07-31,11.887124061584473
1985-08-01,9.383967399597168
1985-08-02,8.031340599060059
1985-08-03,7.760510444641113
1985-08-04,6.500728607177734
1985-08-05,4.840058326721191
1985-08-06,3.531665802001953
1985-08-07,2.7344274520874023
1985-08-08,2.320697784423828
1985-08-09,2.270954132080078
1985-08-10,2.3692550659179688
1985-08-11,2.189922332763672
1985-08-12,1.9006797075271606
1985-08-13,1.6394233703613281
1985-08-14,1.441664457321167
1985-08-15,1.2690809965133667
1985-08-16,1.1346075534820557
1985-08-17,1.5045076608657837
1985-08-18,7.370443344116211
1985-08-19,21.667434692382812
1985-08-20,24.981407165527344
1985-08-21,17.61721420288086
1985-08-22,12.848156929016113
1985-08-23,10.888056755065918
1985-08-24,8.027268409729004
1985-08-25,5.8352203369140625
1985-08-26,6.559113502502441
1985-08-27,10.622097969055176
1985-08-28,12.19472885131836
1985-08-29,9.72069263458252
1985-08-30,7.12677001953125
1985-08-31,5.964332580566406
1985-09-01,6.0212297439575195
1985-09-02,5.628652572631836
1985-09-03,4.610316276550293
1985-09-04,3.6819820404052734
1985-09-05,2.987291097640991
1985-09-06,2.473322868347168
1985-09-07,2.0999622344970703
1985-09-08,1.8427314758300781
1985-09-09,1.6792117357254028
1985-09-10,1.5640132427215576
1985-09-11,1.4509613513946533
1985-09-12,1.3578282594680786
1985-09-13,1.310981035232544
1985-09-14,1.2561397552490234
1985-09-15,1.1966865062713623
1985-09-16,1.1261742115020752
1985-09-17,1.0589781999588013
1985-09-18,1.0016729831695557
1985-09-19,0.9475369453430176
1985-09-20,0.8989353179931641
1985-09-21,0.854217529296875
1985-09-22,0.8383461236953735
1985-09-23,0.886276364326477
1985-09-24,0.9465829730033875
1985-09-25,0.9456107020378113
1985-09-26,0.9282094240188599
1985-09-27,0.9764206409454346
1985-09-28,1.1094542741775513
1985-09-29,1.1352787017822266
1985-09-30,1.0540177822113037
1985-10-01,0.9573396444320679
1985-10-02,0.9183445572853088
1985-10-03,1.1282739639282227
1985-10-04,1.9139037132263184
1985-10-05,3.090970277786255
1985-10-06,3.465757369995117
1985-10-07,2.854520559310913
1985-10-08,2.1729986667633057
1985-10-09,1.720205545425415
1985-10-10,1.4404304027557373
1985-10-11,1.2699339389801025
1985-10-12,1.15635347366333
1985-10-13,1.0831682682037354
1985-10-14,1.016930341720581
1985-10-15,0.9560376405715942
1985-10-16,0.9231925010681152
1985-10-17,0.9488779306411743
1985-10-18,0.9685189723968506
1985-10-19,0.9273449182510376
1985-10-20,0.8755525350570679
1985-10-21,0.8477661609649658
1985-10-22,0.9790782928466797
1985-10-23,1.3236478567123413
1985-10-24,1.5696876049041748
1985-10-25,1.5226315259933472
1985-10-26,1.3479104042053223
1985-10-27,1.174111008644104
1985-10-28,1.051442265510559
1985-10-29,0.9640510678291321
1985-10-30,0.9227035641670227
1985-10-31,1.0812110900878906
1985-11-01,1.73382568359375
1985-11-02,2.774763345718384
1985-11-03,4.134726524353027
1985-11-04,12.964035987854004
1985-11-05,35.5610237121582
1985-11-06,41.62052917480469
1985-11-07,28.46129608154297
1985-11-08,16.69373893737793
1985-11-09,10.341447830200195
1985-11-10,7.1624650955200195
1985-11-11,5.539948463439941
1985-11-12,4.577637672424316
1985-11-13,3.9684996604919434
1985-11-14,3.706911563873291
1985-11-15,3.505405902862549
1985-11-16,3.3020453453063965
1985-11-17,3.1077141761779785
1985-11-18,2.9510865211486816
1985-11-19,2.790296792984009
1985-11-20,2.923142433166504
1985-11-21,9.898311614990234
1985-11-22,40.79804229736328
1985-11-23,76.72537994384766
1985-11-24,70.0462417602539
1985-11-25,43.40281677246094
1985-11-26,25.405967712402344
1985-11-27,16.380117416381836
1985-11-28,11.91835880279541
1985-11-29,9.774739265441895
1985-11-30,14.410837173461914
1985-12-01,33.00725173950195
1985-12-02,43.75482177734375
1985-12-03,36.5008659362793
1985-12-04,25.574190139770508
1985-12-05,17.375961303710938
1985-12-06,12.64111042022705
1985-12-07,10.128937721252441
1985-12-08,8.610852241516113
1985-12-09,7.540634632110596
1985-12-10,6.774820327758789
1985-12-11,6.2121076583862305
1985-12-12,5.827413082122803
1985-12-13,5.891422271728516
1985-12-14,7.226606845855713
1985-12-15,8.958694458007812
1985-12-16,8.69415283203125
1985-12-17,7.576287746429443
1985-12-18,6.627458095550537
1985-12-19,5.951773643493652
1985-12-20,5.480070114135742
1985-12-21,5.0763020515441895
1985-12-22,4.779902458190918
1985-12-23,4.502504348754883
1985-12-24,4.27652645111084
1985-12-25,4.103968620300293
1985-12-26,3.9596073627471924
1985-12-27,3.8119053840637207
1985-12-28,3.6756067276000977
1985-12-29,3.529536724090576
1985-12-30,3.4175806045532227
1985-12-31,3.3291120529174805
1986-01-01,3.299461841583252
1986-01-02,3.34675931930542
1986-01-03,3.414970636367798
1986-01-04,3.4531826972961426
1986-01-05,3.423941135406494
1986-01-06,3.3360331058502197
1986-01-07,3.245657205581665
1986-01-08,3.135564088821411
1986-01-09,3.0584521293640137
1986-01-10,2.9613986015319824
1986-01-11,2.887925148010254
1986-01-12,2.833672523498535
1986-01-13,2.7954013347625732
1986-01-14,2.742753028869629
1986-01-15,2.6755783557891846
1986-01-16,2.5981245040893555
1986-01-17,2.5712380409240723
1986-01-18,2.56490421295166
1986-01-19,2.6369895935058594
1986-01-20,2.9313011169433594
1986-01-21,3.295701742172241
1986-01-22,3.320478677749634
1986-01-23,3.1995248794555664
1986-01-24,3.069685220718384
1986-01-25,2.9475297927856445
1986-01-26,3.289290428161621
1986-01-27,5.099224090576172
1986-01-28,7.064356803894043
1986-01-29,6.914466857910156
1986-01-30,6.188511371612549
1986-01-31,5.687111854553223
1986-02-01,5.229889869689941
1986-02-02,4.862768650054932
1986-02-03,4.614273548126221
1986-02-04,4.40467643737793
1986-02-05,4.227405548095703
1986-02-06,4.147211074829102
1986-02-07,4.559818267822266
1986-02-08,5.8219499588012695
1986-02-09,6.816047191619873
1986-02-10,6.394922733306885
1986-02-11,5.914536476135254
1986-02-12,6.54794454574585
1986-02-13,7.703710556030273
1986-02-14,7.394279479980469
1986-02-15,6.549068927764893
1986-02-16,6.24506950378418
1986-02-17,6.155861854553223
1986-02-18,5.993674278259277
1986-02-19,5.954610824584961
1986-02-20,6.16157341003418
1986-02-21,6.401438236236572
1986-02-22,6.52429723739624
1986-02-23,6.280730724334717
1986-02-24,5.983863830566406
1986-02-25,5.758121490478516
1986-02-26,5.8142991065979
1986-02-27,5.9031147956848145
1986-02-28,6.4889020919799805
1986-03-01,7.19752836227417
1986-03-02,7.1077117919921875
1986-03-03,6.495023727416992
1986-03-04,5.875357627868652
1986-03-05,5.355148792266846
1986-03-06,4.976485729217529
1986-03-07,4.670217037200928
1986-03-08,4.3816046714782715
1986-03-09,4.158746242523193
1986-03-10,3.975914239883423
1986-03-11,3.864222288131714
1986-03-12,3.7353928089141846
1986-03-13,3.6264989376068115
1986-03-14,7.414464950561523
1986-03-15,22.73565673828125
1986-03-16,36.450801849365234
1986-03-17,30.9982852935791
1986-03-18,21.686925888061523
1986-03-19,15.479402542114258
1986-03-20,13.234997749328613
1986-03-21,14.342659950256348
1986-03-22,14.71647834777832
1986-03-23,12.57540512084961
1986-03-24,10.118106842041016
1986-03-25,8.54699420928955
1986-03-26,7.457975387573242
1986-03-27,6.647043228149414
1986-03-28,6.061621189117432
1986-03-29,5.550515174865723
1986-03-30,5.1267900466918945
1986-03-31,4.826596260070801
1986-04-01,4.576300621032715
1986-04-02,4.3401360511779785
1986-04-03,4.0989484786987305
1986-04-04,3.887197732925415
1986-04-05,3.671761989593506
1986-04-06,3.4666309356689453
1986-04-07,3.309317111968994
1986-04-08,3.2485532760620117
1986-04-09,3.217271327972412
1986-04-10,3.1253817081451416
1986-04-11,2.952843189239502
1986-04-12,2.7846806049346924
1986-04-13,2.636291980743408
1986-04-14,2.5023698806762695
1986-04-15,2.3948893547058105
1986-04-16,2.325331687927246
1986-04-17,2.2688567638397217
1986-04-18,2.204263210296631
1986-04-19,2.1183886528015137
1986-04-20,2.0209712982177734
1986-04-21,1.9807343482971191
1986-04-22,2.10845947265625
1986-04-23,2.2631969451904297
1986-04-24,2.1919455528259277
1986-04-25,2.047654390335083
1986-04-26,1.9331283569335938
1986-04-27,1.8569507598876953
1986-04-28,1.845109462738037
1986-04-29,1.8390421867370605
1986-04-30,1.7605220079421997
1986-05-01,1.6327857971191406
1986-05-02,1.5105822086334229
1986-05-03,1.3863871097564697
1986-05-04,1.2597399950027466
1986-05-05,1.1712549924850464
1986-05-06,1.1245102882385254
1986-05-07,1.079574465751648
1986-05-08,1.027098536491394
1986-05-09,0.9700414538383484
1986-05-10,0.9199346303939819
1986-05-11,0.878253698348999
1986-05-12,0.856340229511261
1986-05-13,0.8393599390983582
1986-05-14,0.8330460786819458
1986-05-15,0.8455381393432617
1986-05-16,0.8302885293960571
1986-05-17,0.8028160333633423
1986-05-18,0.7710992693901062
1986-05-19,0.7698429822921753
1986-05-20,1.2734100818634033
1986-05-21,3.1553430557250977
1986-05-22,5.076943874359131
1986-05-23,4.822370529174805
1986-05-24,3.5747785568237305
1986-05-25,2.6761488914489746
1986-05-26,2.3599252700805664
1986-05-27,2.358937978744507
1986-05-28,2.4174423217773438
1986-05-29,2.50036883354187
1986-05-30,2.4605088233947754
1986-05-31,2.272761344909668
1986-06-01,2.0774688720703125
1986-06-02,1.8434778451919556
1986-06-03,1.5787622928619385
1986-06-04,1.3632363080978394
1986-06-05,1.1967884302139282
1986-06-06,1.0525298118591309
1986-06-07,0.9336979985237122
1986-06-08,0.8760725855827332
1986-06-09,0.907759428024292
1986-06-10,0.929100513458252
1986-06-11,0.8437577486038208
1986-06-12,0.7405271530151367
1986-06-13,0.6617061495780945
1986-06-14,0.5902634263038635
1986-06-15,0.5415761470794678
1986-06-16,0.5284721851348877
1986-06-17,0.531649649143219
1986-06-18,0.5211472511291504
1986-06-19,0.49567174911499023
1986-06-20,0.4589940011501312
1986-06-21,0.4305894672870636
1986-06-22,0.40227124094963074
1986-06-23,0.375978946685791
1986-06-24,0.3611375689506531
1986-06-25,0.34923312067985535
1986-06-26,0.33390098810195923
1986-06-27,0.31495559215545654
1986-06-28,0.3044850826263428
1986-06-29,0.3444477915763855
1986-06-30,0.5201526880264282
1986-07-01,0.7250610589981079
1986-07-02,0.8616039752960205
1986-07-03,0.9747942686080933
1986-07-04,0.9720295667648315
1986-07-05,0.8211475014686584
1986-07-06,0.6592029333114624
1986-07-07,0.5305736064910889
1986-07-08,0.4398117661476135
1986-07-09,0.3742626905441284
1986-07-10,0.34434279799461365
1986-07-11,0.3956823945045471
1986-07-12,0.5321084260940552
1986-07-13,0.6039284467697144
1986-07-14,0.5448907613754272
1986-07-15,0.46619319915771484
1986-07-16,0.41047734022140503
1986-07-17,0.3972329795360565
1986-07-18,0.40623170137405396
1986-07-19,0.39699679613113403
1986-07-20,0.35564133524894714
1986-07-21,0.3166910409927368
1986-07-22,0.3492257595062256
1986-07-23,0.503413200378418
1986-07-24,0.7032985091209412
1986-07-25,0.7596065402030945
1986-07-26,0.680263876914978
1986-07-27,0.6873379945755005
1986-07-28,0.9060876965522766
1986-07-29,1.0807234048843384
1986-07-30,0.9790764451026917
1986-07-31,0.7655282616615295
1986-08-01,0.5755620002746582
1986-08-02,0.4535670876502991
1986-08-03,0.43908244371414185
1986-08-04,0.5663924217224121
1986-08-05,0.7164531350135803
1986-08-06,0.7306026220321655
1986-08-07,0.6609713435173035
1986-08-08,0.5722453594207764
1986-08-09,0.5096293687820435
1986-08-10,0.4931361675262451
1986-08-11,0.5318366885185242
1986-08-12,0.8054052591323853
1986-08-13,2.143198013305664
1986-08-14,4.4880781173706055
1986-08-15,5.234508991241455
1986-08-16,3.8975119590759277
1986-08-17,2.4920191764831543
1986-08-18,1.7349185943603516
1986-08-19,1.8279125690460205
1986-08-20,6.176685810089111
1986-08-21,20.166004180908203
1986-08-22,30.761789321899414
1986-08-23,23.66704750061035
1986-08-24,13.786700248718262
1986-08-25,7.976622581481934
1986-08-26,5.049066066741943
1986-08-27,3.4947831630706787
1986-08-28,3.4133851528167725
1986-08-29,5.954909324645996
1986-08-30,8.870174407958984
1986-08-31,7.649694919586182
1986-09-01,5.3660664558410645
1986-09-02,3.7685723304748535
1986-09-03,2.862412929534912
1986-09-04,2.3409905433654785
1986-09-05,2.039816379547119
1986-09-06,1.9483349323272705
1986-09-07,1.9301643371582031
1986-09-08,1.7496860027313232
1986-09-09,1.5336077213287354
1986-09-10,1.396158218383789
1986-09-11,1.3027549982070923
1986-09-12,1.2106105089187622
1986-09-13,1.1251990795135498
1986-09-14,1.058708667755127
1986-09-15,0.9768193364143372
1986-09-16,0.889249324798584
1986-09-17,0.8127499222755432
1986-09-18,0.7489839196205139
1986-09-19,0.6976773738861084
1986-09-20,0.6612524390220642
1986-09-21,0.629584014415741
1986-09-22,0.6008701324462891
1986-09-23,0.5711623430252075
1986-09-24,0.5496548414230347
1986-09-25,0.5260965824127197
1986-09-26,0.5024802088737488
1986-09-27,0.47953179478645325
1986-09-28,0.45892879366874695
1986-09-29,0.4411196708679199
1986-09-30,0.43062305450439453
1986-10-01,0.4211539626121521
1986-10-02,0.40623340010643005
1986-10-03,0.3904900848865509
1986-10-04,0.37518274784088135
1986-10-05,0.35662442445755005
1986-10-06,0.3362962007522583
1986-10-07,0.3213537931442261
1986-10-08,0.3134010136127472
1986-10-09,0.3188166916370392
1986-10-10,0.35379236936569214
1986-10-11,0.4317013919353485
1986-10-12,0.4981617331504822
1986-10-13,0.5052676200866699
1986-10-14,0.5167876482009888
1986-10-15,0.5957944393157959
1986-10-16,0.6782737970352173
1986-10-17,0.6606683731079102
1986-10-18,0.596936821937561
1986-10-19,0.5349942445755005
1986-10-20,0.49228793382644653
1986-10-21,0.4686132073402405
1986-10-22,0.45814982056617737
1986-10-23,0.4513987898826599
1986-10-24,0.43430471420288086
1986-10-25,0.42726823687553406
1986-10-26,0.5039482712745667
1986-10-27,0.7599329948425293
1986-10-28,0.9978907108306885
1986-10-29,0.9788254499435425
1986-10-30,0.8599849939346313
1986-10-31,0.748139500617981
1986-11-01,0.6719427704811096
1986-11-02,0.6678777933120728
1986-11-03,0.6976078152656555
1986-11-04,0.6971471905708313
1986-11-05,0.693056583404541
1986-11-06,0.7163903713226318
1986-11-07,0.788011908531189
1986-11-08,0.8794888854026794
1986-11-09,1.0009350776672363
1986-11-10,0.9903193712234497
1986-11-11,0.9287477731704712
1986-11-12,0.988906979560852
1986-11-13,1.6166574954986572
1986-11-14,2.6871793270111084
1986-11-15,2.9848756790161133
1986-11-16,2.9914679527282715
1986-11-17,3.3578789234161377
1986-11-18,3.0911152362823486
1986-11-19,2.702732801437378
1986-11-20,2.4428343772888184
1986-11-21,2.5699591636657715
1986-11-22,3.1531524658203125
1986-11-23,3.0430808067321777
1986-11-24,2.612642526626587
1986-11-25,2.2786483764648438
1986-11-26,2.0964925289154053
1986-11-27,2.1018383502960205
1986-11-28,2.1563212871551514
1986-11-29,2.1209726333618164
1986-11-30,2.028578042984009
1986-12-01,1.9216219186782837
1986-12-02,2.1491267681121826
1986-12-03,3.3772873878479004
1986-12-04,5.167140007019043
1986-12-05,5.625298976898193
1986-12-06,4.813867568969727
1986-12-07,3.8723666667938232
1986-12-08,3.1941189765930176
1986-12-09,2.775130271911621
1986-12-10,2.657013416290283
1986-12-11,3.449974775314331
1986-12-12,6.595705032348633
1986-12-13,10.745047569274902
1986-12-14,11.414042472839355
1986-12-15,9.145536422729492
1986-12-16,6.837059020996094
1986-12-17,5.325842380523682
1986-12-18,4.418664932250977
1986-12-19,3.8805737495422363
1986-12-20,3.626197099685669
1986-12-21,3.342823028564453
1986-12-22,3.0469369888305664
1986-12-23,2.792874813079834
1986-12-24,3.8861637115478516
1986-12-25,10.604646682739258
1986-12-26,19.501127243041992
1986-12-27,17.686315536499023
1986-12-28,12.564314842224121
1986-12-29,8.813871383666992
1986-12-30,6.577092170715332
1986-12-31,5.284999370574951
1987-01-01,5.645631313323975
1987-01-02,11.615633010864258
1987-01-03,20.75439453125
1987-01-04,20.69528579711914
1987-01-05,15.954362869262695
1987-01-06,11.683782577514648
1987-01-07,8.805340766906738
1987-01-08,7.06761360168457
1987-01-09,5.959934711456299
1987-01-10,5.210119724273682
1987-01-11,4.8670501708984375
1987-01-12,5.003249168395996
1987-01-13,4.857703685760498
1987-01-14,4.519387245178223
1987-01-15,4.197816371917725
1987-01-16,3.9709970951080322
1987-01-17,3.840451240539551
1987-01-18,4.378285884857178
1987-01-19,13.933731079101562
1987-01-20,41.71611022949219
1987-01-21,55.684688568115234
1987-01-22,50.257850646972656
1987-01-23,60.17057800292969
1987-01-24,64.47511291503906
1987-01-25,47.94995880126953
1987-01-26,34.012577056884766
1987-01-27,26.445236206054688
1987-01-28,21.67286491394043
1987-01-29,18.18925666809082
1987-01-30,16.389726638793945
1987-01-31,18.24363136291504
1987-02-01,22.543964385986328
1987-02-02,22.794963836669922
1987-02-03,22.068174362182617
1987-02-04,23.2149600982666
1987-02-05,20.67432403564453
1987-02-06,16.57010841369629
1987-02-07,13.141319274902344
1987-02-08,11.166794776916504
1987-02-09,9.777442932128906
1987-02-10,8.672039031982422
1987-02-11,7.743201732635498
1987-02-12,7.020549774169922
1987-02-13,6.6035566329956055
1987-02-14,6.249705791473389
1987-02-15,5.906719207763672
1987-02-16,6.022729873657227
1987-02-17,8.368535995483398
1987-02-18,13.441186904907227
1987-02-19,16.918285369873047
1987-02-20,17.410812377929688
1987-02-21,16.46029281616211
1987-02-22,15.896040916442871
1987-02-23,21.076744079589844
1987-02-24,36.42924118041992
1987-02-25,40.596981048583984
1987-02-26,34.772987365722656
1987-02-27,30.71848487854004
1987-02-28,46.820274353027344
1987-03-01,88.85309600830078
1987-03-02,116.3629379272461
1987-03-03,92.70150756835938
1987-03-04,61.291107177734375
1987-03-05,40.08184814453125
1987-03-06,27.743366241455078
1987-03-07,20.39858627319336
1987-03-08,16.230438232421875
1987-03-09,14.42883014678955
1987-03-10,14.600547790527344
1987-03-11,15.198626518249512
1987-03-12,15.238554954528809
1987-03-13,13.665628433227539
1987-03-14,11.913179397583008
1987-03-15,10.48868465423584
1987-03-16,9.441995620727539
1987-03-17,8.68952465057373
1987-03-18,8.311162948608398
1987-03-19,8.017129898071289
1987-03-20,8.686025619506836
1987-03-21,10.016844749450684
1987-03-22,9.918137550354004
1987-03-23,9.086798667907715
1987-03-24,8.20433235168457
1987-03-25,7.513603687286377
1987-03-26,7.030008316040039
1987-03-27,6.713462829589844
1987-03-28,6.73284387588501
1987-03-29,7.48504114151001
1987-03-30,8.585551261901855
1987-03-31,12.232245445251465
1987-04-01,19.025394439697266
1987-04-02,19.767526626586914
1987-04-03,16.529972076416016
1987-04-04,13.935839653015137
1987-04-05,13.800357818603516
1987-04-06,14.020174026489258
1987-04-07,12.584550857543945
1987-04-08,10.727033615112305
1987-04-09,9.196187019348145
1987-04-10,8.012104988098145
1987-04-11,7.143426418304443
1987-04-12,6.568931579589844
1987-04-13,6.263941764831543
1987-04-14,6.294498443603516
1987-04-15,7.986171245574951
1987-04-16,24.105751037597656
1987-04-17,60.23811340332031
1987-04-18,68.07058715820312
1987-04-19,51.45899200439453
1987-04-20,34.925682067871094
1987-04-21,23.908483505249023
1987-04-22,17.236757278442383
1987-04-23,13.201620101928711
1987-04-24,11.19778060913086
1987-04-25,12.364147186279297
1987-04-26,15.065546035766602
1987-04-27,14.83850383758545
1987-04-28,12.401050567626953
1987-04-29,10.07723617553711
1987-04-30,8.403947830200195
1987-05-01,7.325857162475586
1987-05-02,6.588430404663086
1987-05-03,6.066145896911621
1987-05-04,5.751473426818848
1987-05-05,5.3618483543396
1987-05-06,4.983861923217773
1987-05-07,4.5903706550598145
1987-05-08,4.228813648223877
1987-05-09,3.9402923583984375
1987-05-10,3.700464963912964
1987-05-11,3.4641170501708984
1987-05-12,3.2005233764648438
1987-05-13,3.1619908809661865
1987-05-14,3.6366186141967773
1987-05-15,3.975520610809326
1987-05-16,3.741837501525879
1987-05-17,3.380247116088867
1987-05-18,3.0273900032043457
1987-05-19,2.7268471717834473
1987-05-20,3.6145524978637695
1987-05-21,7.66550350189209
1987-05-22,10.649532318115234
1987-05-23,8.572380065917969
1987-05-24,6.094493865966797
1987-05-25,4.553897857666016
1987-05-26,3.7516515254974365
1987-05-27,3.552278518676758
1987-05-28,3.4909634590148926
1987-05-29,3.1748740673065186
1987-05-30,2.8347859382629395
1987-05-31,2.5182673931121826
1987-06-01,2.264453172683716
1987-06-02,2.1453452110290527
1987-06-03,2.1718943119049072
1987-06-04,2.165647029876709
1987-06-05,2.1931447982788086
1987-06-06,2.2379658222198486
1987-06-07,2.0415074825286865
1987-06-08,1.78524649143219
1987-06-09,1.5682016611099243
1987-06-10,1.3915061950683594
1987-06-11,1.2659412622451782
1987-06-12,1.1664683818817139
1987-06-13,1.0852230787277222
1987-06-14,1.0477527379989624
1987-06-15,1.1001019477844238
1987-06-16,1.152311086654663
1987-06-17,1.1771048307418823
1987-06-18,1.2820992469787598
1987-06-19,1.4124386310577393
1987-06-20,1.5269051790237427
1987-06-21,1.558613896369934
1987-06-22,1.4716823101043701
1987-06-23,1.3367080688476562
1987-06-24,1.3428231477737427
1987-06-25,1.6723690032958984
1987-06-26,1.9637622833251953
1987-06-27,2.121337890625
1987-06-28,2.451974391937256
1987-06-29,2.405973196029663
1987-06-30,1.920790672302246
1987-07-01,1.487800121307373
1987-07-02,1.2517575025558472
1987-07-03,1.247238278388977
1987-07-04,1.3984646797180176
1987-07-05,1.633687138557434
1987-07-06,1.788912057876587
1987-07-07,1.6759424209594727
1987-07-08,1.4275298118591309
1987-07-09,1.234103798866272
1987-07-10,1.1314613819122314
1987-07-11,1.045614242553711
1987-07-12,1.0638893842697144
1987-07-13,1.295040488243103
1987-07-14,1.5621981620788574
1987-07-15,1.6009025573730469
1987-07-16,1.4404597282409668
1987-07-17,1.2187511920928955
1987-07-18,1.0172977447509766
1987-07-19,0.8620114326477051
1987-07-20,0.7544059753417969
1987-07-21,0.6683233976364136
1987-07-22,0.5941684246063232
1987-07-23,0.5360409617424011
1987-07-24,0.49508431553840637
1987-07-25,0.4671759009361267
1987-07-26,0.4428035616874695
1987-07-27,0.4232974350452423
1987-07-28,0.40924498438835144
1987-07-29,0.40166640281677246
1987-07-30,0.4117503762245178
1987-07-31,0.4665561020374298
1987-08-01,0.5460748672485352
1987-08-02,0.6101473569869995
1987-08-03,0.6443467736244202
1987-08-04,0.6196566820144653
1987-08-05,0.5931078195571899
1987-08-06,0.5929433107376099
1987-08-07,0.6560084819793701
1987-08-08,0.8924868702888489
1987-08-09,1.0728845596313477
1987-08-10,0.9581035375595093
1987-08-11,0.7757821083068848
1987-08-12,0.6428661346435547
1987-08-13,0.5505844950675964
1987-08-14,0.46944066882133484
1987-08-15,0.4220142662525177
1987-08-16,0.4380258619785309
1987-08-17,0.4815826714038849
1987-08-18,0.47028034925460815
1987-08-19,0.4404563903808594
1987-08-20,0.4681990146636963
1987-08-21,0.5320538878440857
1987-08-22,0.6122375130653381
1987-08-23,0.6927628517150879
1987-08-24,0.6848410367965698
1987-08-25,0.6132065057754517
1987-08-26,0.529353141784668
1987-08-27,0.4730510115623474
1987-08-28,0.43775373697280884
1987-08-29,0.40810078382492065
1987-08-30,0.4035378098487854
1987-08-31,0.5153259038925171
1987-09-01,1.0645428895950317
1987-09-02,1.878010630607605
1987-09-03,1.9258222579956055
1987-09-04,1.5107920169830322
1987-09-05,1.1911461353302002
1987-09-06,1.2851552963256836
1987-09-07,2.094355821609497
1987-09-08,3.921954870223999
1987-09-09,6.65630578994751
1987-09-10,7.190251350402832
1987-09-11,5.669305801391602
1987-09-12,4.418801784515381
1987-09-13,4.953343868255615
1987-09-14,6.8087992668151855
1987-09-15,6.750204086303711
1987-09-16,5.056313991546631
1987-09-17,3.429398775100708
1987-09-18,2.410572052001953
1987-09-19,1.8217335939407349
1987-09-20,1.5017462968826294
1987-09-21,1.4937160015106201
1987-09-22,1.5721832513809204
1987-09-23,1.456876277923584
1987-09-24,1.254774570465088
1987-09-25,1.0788249969482422
1987-09-26,0.9457095265388489
1987-09-27,0.8504358530044556
1987-09-28,0.7802448868751526
1987-09-29,0.7216216325759888
1987-09-30,0.7130360007286072
1987-10-01,0.8292397856712341
1987-10-02,0.9443231821060181
1987-10-03,0.9091984629631042
1987-10-04,0.8284278512001038
1987-10-05,0.760982871055603
1987-10-06,0.708445131778717
1987-10-07,0.6850064992904663
1987-10-08,0.7358601093292236
1987-10-09,0.7781076431274414
1987-10-10,0.7578087449073792
1987-10-11,0.7160423994064331
1987-10-12,0.6864560842514038
1987-10-13,0.6796828508377075
1987-10-14,0.6485568284988403
1987-10-15,0.6130207777023315
1987-10-16,0.5860342383384705
1987-10-17,0.5678421258926392
1987-10-18,0.5494094491004944
1987-10-19,0.5314116477966309
1987-10-20,0.5206526517868042
1987-10-21,0.5075639486312866
1987-10-22,0.48880600929260254
1987-10-23,0.4813418984413147
1987-10-24,0.4846630096435547
1987-10-25,0.47960320115089417
1987-10-26,0.46313023567199707
1987-10-27,0.5261855721473694
1987-10-28,0.8855569958686829
1987-10-29,1.354278326034546
1987-10-30,1.3533077239990234
1987-10-31,1.1484817266464233
1987-11-01,0.978272557258606
1987-11-02,0.8630841970443726
1987-11-03,0.7964804172515869
1987-11-04,0.7553328275680542
1987-11-05,0.7182838320732117
1987-11-06,0.6760475635528564
1987-11-07,0.649574339389801
1987-11-08,0.6488147974014282
1987-11-09,0.6427068114280701
1987-11-10,0.6510001420974731
1987-11-11,0.7243090867996216
1987-11-12,0.9018179178237915
1987-11-13,1.0396567583084106
1987-11-14,1.040908932685852
1987-11-15,0.9871218800544739
1987-11-16,0.9250320196151733
1987-11-17,0.8768987655639648
1987-11-18,0.8957396745681763
1987-11-19,0.9995561838150024
1987-11-20,1.0685878992080688
1987-11-21,1.0483524799346924
1987-11-22,0.9874388575553894
1987-11-23,0.9415380954742432
1987-11-24,0.9136644601821899
1987-11-25,0.8915287256240845
1987-11-26,0.8785350322723389
1987-11-27,0.9621565341949463
1987-11-28,1.482873797416687
1987-11-29,2.4876461029052734
1987-11-30,3.575634479522705
1987-12-01,4.184116363525391
1987-12-02,3.506801128387451
1987-12-03,2.6661171913146973
1987-12-04,2.123426675796509
1987-12-05,1.7753443717956543
1987-12-06,1.5693399906158447
1987-12-07,1.4391515254974365
1987-12-08,1.3534045219421387
1987-12-09,1.3176765441894531
1987-12-10,1.3071329593658447
1987-12-11,1.3858619928359985
1987-12-12,1.6354390382766724
1987-12-13,1.744678020477295
1987-12-14,1.6595258712768555
1987-12-15,1.6857353448867798
1987-12-16,2.423459053039551
1987-12-17,3.6198019981384277
1987-12-18,3.539313554763794
1987-12-19,2.940473794937134
1987-12-20,2.4608688354492188
1987-12-21,2.2172412872314453
1987-12-22,2.348250150680542
1987-12-23,2.757094621658325
1987-12-24,2.9476242065429688
1987-12-25,2.7801146507263184
1987-12-26,2.5428590774536133
1987-12-27,2.529623031616211
1987-12-28,3.5645437240600586
1987-12-29,7.470714569091797
1987-12-30,11.36764144897461
1987-12-31,10.281959533691406
1988-01-01,7.603057861328125
1988-01-02,6.100015163421631
1988-01-03,7.144535541534424
1988-01-04,11.320920944213867
1988-01-05,15.48116683959961
1988-01-06,14.78956413269043
1988-01-07,11.631458282470703
1988-01-08,8.715057373046875
1988-01-09,7.628656387329102
1988-01-10,7.325492858886719
1988-01-11,6.840781211853027
1988-01-12,6.138773441314697
1988-01-13,5.602293491363525
1988-01-14,5.749667167663574
1988-01-15,5.903498649597168
1988-01-16,5.436997890472412
1988-01-17,4.958780765533447
1988-01-18,5.187190532684326
1988-01-19,6.914344310760498
1988-01-20,10.482550621032715
1988-01-21,15.393592834472656
1988-01-22,17.735124588012695
1988-01-23,15.133757591247559
1988-01-24,11.54172134399414
1988-01-25,9.0504789352417
1988-01-26,8.511589050292969
1988-01-27,9.251949310302734
1988-01-28,8.551586151123047
1988-01-29,7.19710636138916
1988-01-30,6.168588638305664
1988-01-31,5.5822553634643555
1988-02-01,5.288745880126953
1988-02-02,5.149815559387207
1988-02-03,5.72961950302124
1988-02-04,11.186058044433594
1988-02-05,22.385845184326172
1988-02-06,26.05577278137207
1988-02-07,21.283889770507812
1988-02-08,15.439533233642578
1988-02-09,11.26447868347168
1988-02-10,8.792954444885254
1988-02-11,7.56867790222168
1988-02-12,7.859287261962891
1988-02-13,9.718411445617676
1988-02-14,10.425447463989258
1988-02-15,9.30263900756836
1988-02-16,8.836715698242188
1988-02-17,9.729957580566406
1988-02-18,9.631443977355957
1988-02-19,8.820961952209473
1988-02-20,8.60003662109375
1988-02-21,9.225374221801758
1988-02-22,8.797075271606445
1988-02-23,7.771969795227051
1988-02-24,6.943232536315918
1988-02-25,6.37263298034668
1988-02-26,5.892196178436279
1988-02-27,5.4233551025390625
1988-02-28,5.019975185394287
1988-02-29,4.687705039978027
1988-03-01,4.411202907562256
1988-03-02,4.219252109527588
1988-03-03,4.065295219421387
1988-03-04,4.04124116897583
1988-03-05,4.238948822021484
1988-03-06,4.49269962310791
1988-03-07,4.3986735343933105
1988-03-08,4.200897693634033
1988-03-09,4.057796478271484
1988-03-10,4.865477561950684
1988-03-11,7.801042079925537
1988-03-12,10.342449188232422
1988-03-13,9.968548774719238
1988-03-14,8.802696228027344
1988-03-15,7.863758563995361
1988-03-16,6.900667667388916
1988-03-17,5.969381809234619
1988-03-18,5.223031520843506
1988-03-19,4.87609338760376
1988-03-20,5.302888870239258
1988-03-21,5.868401527404785
1988-03-22,5.7533392906188965
1988-03-23,5.279937267303467
1988-03-24,4.823348045349121
1988-03-25,4.503458023071289
1988-03-26,4.3913469314575195
1988-03-27,4.925655841827393
1988-03-28,5.90681266784668
1988-03-29,5.887079238891602
1988-03-30,5.385890960693359
1988-03-31,4.905094146728516
1988-04-01,4.495841026306152
1988-04-02,4.193568229675293
1988-04-03,3.969193458557129
1988-04-04,3.9581782817840576
1988-04-05,4.364589691162109
1988-04-06,4.788930892944336
1988-04-07,4.757473945617676
1988-04-08,4.993338584899902
1988-04-09,5.446736812591553
1988-04-10,5.225012302398682
1988-04-11,4.6061835289001465
1988-04-12,4.170131683349609
1988-04-13,4.484634876251221
1988-04-14,5.667700290679932
1988-04-15,6.205024719238281
1988-04-16,5.71574592590332
1988-04-17,4.978638172149658
1988-04-18,4.3092451095581055
1988-04-19,4.463282108306885
1988-04-20,7.395277976989746
1988-04-21,11.601212501525879
1988-04-22,11.080357551574707
1988-04-23,8.665205001831055
1988-04-24,6.714765548706055
1988-04-25,5.485081672668457
1988-04-26,4.622099876403809
1988-04-27,3.985631227493286
1988-04-28,3.572139263153076
1988-04-29,3.2934136390686035
1988-04-30,3.0368282794952393
1988-05-01,2.7871041297912598
1988-05-02,2.568026542663574
1988-05-03,2.38822078704834
1988-05-04,2.2659029960632324
1988-05-05,2.40803861618042
1988-05-06,3.3195104598999023
1988-05-07,4.533932685852051
1988-05-08,4.745011329650879
1988-05-09,4.0717244148254395
1988-05-10,3.339181900024414
1988-05-11,2.8716368675231934
1988-05-12,2.597987174987793
1988-05-13,2.3747811317443848
1988-05-14,2.137692451477051
1988-05-15,1.9758048057556152
1988-05-16,1.882054090499878
1988-05-17,2.146487236022949
1988-05-18,3.458827018737793
1988-05-19,5.1556549072265625
1988-05-20,5.5768842697143555
1988-05-21,5.1815900802612305
1988-05-22,4.606893539428711
1988-05-23,3.755890369415283
1988-05-24,3.0580525398254395
1988-05-25,2.7315874099731445
1988-05-26,2.646700382232666
1988-05-27,2.574833393096924
1988-05-28,2.2995097637176514
1988-05-29,2.0314321517944336
1988-05-30,1.7988953590393066
1988-05-31,1.583645224571228
1988-06-01,1.4045268297195435
1988-06-02,1.2609485387802124
1988-06-03,1.1675190925598145
1988-06-04,1.136825680732727
1988-06-05,1.1306747198104858
1988-06-06,1.0810232162475586
1988-06-07,0.9997628927230835
1988-06-08,0.9066765308380127
1988-06-09,0.8521368503570557
1988-06-10,1.0098772048950195
1988-06-11,1.422938346862793
1988-06-12,1.5590453147888184
1988-06-13,1.3768479824066162
1988-06-14,1.1538379192352295
1988-06-15,0.9793102741241455
1988-06-16,0.8551627397537231
1988-06-17,0.8059184551239014
1988-06-18,0.9905204772949219
1988-06-19,1.460886836051941
1988-06-20,1.7280362844467163
1988-06-21,1.5749536752700806
1988-06-22,1.373618483543396
1988-06-23,1.209801435470581
1988-06-24,1.0368096828460693
1988-06-25,0.9060289263725281
1988-06-26,0.8285132646560669
1988-06-27,0.806911826133728
1988-06-28,0.8780938386917114
1988-06-29,0.8677595257759094
1988-06-30,0.7703889012336731
1988-07-01,0.714738667011261
1988-07-02,0.6897110939025879
1988-07-03,0.6221417188644409
1988-07-04,0.5461151599884033
1988-07-05,0.4887215495109558
1988-07-06,0.44788894057273865
1988-07-07,0.412879079580307
1988-07-08,0.38555973768234253
1988-07-09,0.36597341299057007
1988-07-10,0.3579697906970978
1988-07-11,0.35679635405540466
1988-07-12,0.36392098665237427
1988-07-13,0.38952940702438354
1988-07-14,0.4248214662075043
1988-07-15,0.42884722352027893
1988-07-16,0.40721994638442993
1988-07-17,0.3715556263923645
1988-07-18,0.3407075107097626
1988-07-19,0.33536508679389954
1988-07-20,0.35086894035339355
1988-07-21,0.3479883074760437
1988-07-22,0.3845215141773224
1988-07-23,0.6293774843215942
1988-07-24,1.0294380187988281
1988-07-25,1.211281657218933
1988-07-26,1.04766845703125
1988-07-27,0.8470430970191956
1988-07-28,0.7547584176063538
1988-07-29,0.7893772721290588
1988-07-30,0.8796942830085754
1988-07-31,0.9038176536560059
1988-08-01,0.7867789268493652
1988-08-02,0.637721061706543
1988-08-03,0.5246393084526062
1988-08-04,0.4708845615386963
1988-08-05,0.4647936522960663
1988-08-06,0.4483381509780884
1988-08-07,0.4290965795516968
1988-08-08,0.4114835560321808
1988-08-09,0.37606483697891235
1988-08-10,0.33565598726272583
1988-08-11,0.3052521347999573
1988-08-12,0.2861484885215759
1988-08-13,0.2641937732696533
1988-08-14,0.23976239562034607
1988-08-15,0.22330518066883087
1988-08-16,0.2152838110923767
1988-08-17,0.2054143100976944
1988-08-18,0.1912224292755127
1988-08-19,0.17347027361392975
1988-08-20,0.16575787961483002
1988-08-21,0.20743867754936218
1988-08-22,0.2961769700050354
1988-08-23,0.3291122317314148
1988-08-24,0.32300496101379395
1988-08-25,0.39691364765167236
1988-08-26,0.4916333556175232
1988-08-27,0.453559011220932
1988-08-28,0.38174280524253845
1988-08-29,0.5836064219474792
1988-08-30,1.4875307083129883
1988-08-31,2.3623790740966797
1988-09-01,2.2703187465667725
1988-09-02,1.6314772367477417
1988-09-03,1.0835511684417725
1988-09-04,0.8033791780471802
1988-09-05,1.3896905183792114
1988-09-06,3.59665584564209
1988-09-07,4.517393112182617
1988-09-08,3.5152227878570557
1988-09-09,2.3904995918273926
1988-09-10,2.39546275138855
1988-09-11,3.647219181060791
1988-09-12,3.893280029296875
1988-09-13,3.000797748565674
1988-09-14,2.0753915309906006
1988-09-15,1.471817970275879
1988-09-16,1.1224229335784912
1988-09-17,0.9565184116363525
1988-09-18,1.0271093845367432
1988-09-19,1.2575165033340454
1988-09-20,1.312731146812439
1988-09-21,1.2011659145355225
1988-09-22,1.0250402688980103
1988-09-23,0.8537843227386475
1988-09-24,0.7570488452911377
1988-09-25,0.8376930952072144
1988-09-26,1.0808724164962769
1988-09-27,1.2081248760223389
1988-09-28,1.1075488328933716
1988-09-29,0.9344736933708191
1988-09-30,0.7913141846656799
1988-10-01,0.7008138298988342
1988-10-02,0.6300463676452637
1988-10-03,0.6045104265213013
1988-10-04,1.6635799407958984
1988-10-05,5.740775108337402
1988-10-06,8.54175090789795
1988-10-07,7.057462692260742
1988-10-08,4.715579032897949
1988-10-09,3.135366678237915
1988-10-10,2.235727071762085
1988-10-11,1.7154347896575928
1988-10-12,1.3925994634628296
1988-10-13,1.1921424865722656
1988-10-14,1.0605885982513428
1988-10-15,0.9690992832183838
1988-10-16,0.9030378460884094
1988-10-17,0.8356273174285889
1988-10-18,0.7762237787246704
1988-10-19,0.7877789735794067
1988-10-20,0.9993148446083069
1988-10-21,1.4809176921844482
1988-10-22,2.6577506065368652
1988-10-23,4.2163310050964355
1988-10-24,4.231619834899902
1988-10-25,3.3701071739196777
1988-10-26,2.541682243347168
1988-10-27,1.9765220880508423
1988-10-28,1.6923037767410278
1988-10-29,1.8148852586746216
1988-10-30,2.1353859901428223
1988-10-31,2.088526964187622
1988-11-01,4.13314151763916
1988-11-02,12.857925415039062
1988-11-03,20.22202491760254
1988-11-04,17.868453979492188
1988-11-05,12.773651123046875
1988-11-06,9.887414932250977
1988-11-07,9.072807312011719
1988-11-08,7.6325459480285645
1988-11-09,6.0305280685424805
1988-11-10,4.797328472137451
1988-11-11,3.9971230030059814
1988-11-12,3.4133903980255127
1988-11-13,2.9901037216186523
1988-11-14,2.7217071056365967
1988-11-15,2.55088472366333
1988-11-16,2.402216911315918
1988-11-17,2.420151710510254
1988-11-18,3.034224271774292
1988-11-19,3.8540234565734863
1988-11-20,3.915955066680908
1988-11-21,3.7760777473449707
1988-11-22,3.674665927886963
1988-11-23,3.361967086791992
1988-11-24,3.0487070083618164
1988-11-25,2.8382279872894287
1988-11-26,2.6566624641418457
1988-11-27,2.4958817958831787
1988-11-28,2.865628242492676
1988-11-29,4.929701805114746
1988-11-30,7.1626434326171875
1988-12-01,6.900176048278809
1988-12-02,5.636626720428467
1988-12-03,4.573690414428711
1988-12-04,3.8502678871154785
1988-12-05,3.341381072998047
1988-12-06,3.0069940090179443
1988-12-07,2.7763190269470215
1988-12-08,2.604212522506714
1988-12-09,2.48101544380188
1988-12-10,2.507740020751953
1988-12-11,2.6967544555664062
1988-12-12,2.6706159114837646
1988-12-13,2.549482822418213
1988-12-14,2.3943674564361572
1988-12-15,2.259002685546875
1988-12-16,2.163628101348877
1988-12-17,2.086179256439209
1988-12-18,2.0084149837493896
1988-12-19,1.9311476945877075
1988-12-20,1.878707766532898
1988-12-21,1.8472328186035156
1988-12-22,1.8492928743362427
1988-12-23,1.861311674118042
1988-12-24,1.8482778072357178
1988-12-25,1.8471190929412842
1988-12-26,1.843348503112793
1988-12-27,1.7987877130508423
1988-12-28,1.7547682523727417
1988-12-29,1.7212717533111572
1988-12-30,1.6903371810913086
1988-12-31,1.7104554176330566
1989-01-01,2.2755374908447266
1989-01-02,4.245854377746582
1989-01-03,6.388917922973633
1989-01-04,6.373406410217285
1989-01-05,5.52801513671875
1989-01-06,4.614233493804932
1989-01-07,4.062417507171631
1989-01-08,3.9968061447143555
1989-01-09,3.9133224487304688
1989-01-10,3.8187789916992188
1989-01-11,4.137392044067383
1989-01-12,4.511904716491699
1989-01-13,5.43161678314209
1989-01-14,7.877425670623779
1989-01-15,9.468681335449219
1989-01-16,8.749797821044922
1989-01-17,8.026878356933594
1989-01-18,6.929730415344238
1989-01-19,5.818606376647949
1989-01-20,5.007716178894043
1989-01-21,4.411340713500977
1989-01-22,3.946983575820923
1989-01-23,3.575242042541504
1989-01-24,3.2991740703582764
1989-01-25,3.101449489593506
1989-01-26,2.9469308853149414
1989-01-27,2.8352339267730713
1989-01-28,2.7621331214904785
1989-01-29,2.6778502464294434
1989-01-30,2.6102848052978516
1989-01-31,2.6551194190979004
1989-02-01,2.7501468658447266
1989-02-02,2.706409454345703
1989-02-03,2.587975263595581
1989-02-04,2.4468860626220703
1989-02-05,2.387979030609131
1989-02-06,2.8057355880737305
1989-02-07,3.7490270137786865
1989-02-08,4.853812217712402
1989-02-09,5.453356742858887
1989-02-10,5.0948872566223145
1989-02-11,4.365516185760498
1989-02-12,3.757688522338867
1989-02-13,3.364222288131714
1989-02-14,3.1121630668640137
1989-02-15,2.96366810798645
1989-02-16,2.8212332725524902
1989-02-17,2.901167869567871
1989-02-18,4.609661102294922
1989-02-19,8.695014953613281
1989-02-20,11.888256072998047
1989-02-21,17.739276885986328
1989-02-22,38.15641403198242
1989-02-23,62.276145935058594
1989-02-24,63.638710021972656
1989-02-25,49.62987518310547
1989-02-26,34.798789978027344
1989-02-27,26.683679580688477
1989-02-28,34.52322769165039
1989-03-01,61.01362609863281
1989-03-02,63.10362243652344
1989-03-03,47.059112548828125
1989-03-04,36.183475494384766
1989-03-05,32.579036712646484
1989-03-06,28.838336944580078
1989-03-07,36.44640350341797
1989-03-08,49.304176330566406
1989-03-09,45.120975494384766
1989-03-10,34.17823028564453
1989-03-11,26.039684295654297
1989-03-12,20.212587356567383
1989-03-13,16.373920440673828
1989-03-14,13.904062271118164
1989-03-15,12.640308380126953
1989-03-16,11.823420524597168
1989-03-17,11.113707542419434
1989-03-18,10.103200912475586
1989-03-19,9.272388458251953
1989-03-20,8.681446075439453
1989-03-21,8.215797424316406
1989-03-22,9.33665657043457
1989-03-23,16.833824157714844
1989-03-24,44.432247161865234
1989-03-25,83.82455444335938
1989-03-26,77.8945083618164
1989-03-27,54.42393493652344
1989-03-28,36.041439056396484
1989-03-29,25.17424964904785
1989-03-30,19.131134033203125
1989-03-31,17.06664276123047
1989-04-01,17.56858253479004
1989-04-02,15.926092147827148
1989-04-03,13.14561939239502
1989-04-04,11.097574234008789
1989-04-05,10.198465347290039
1989-04-06,12.449996948242188
1989-04-07,19.700668334960938
1989-04-08,27.40853500366211
1989-04-09,31.26011848449707
1989-04-10,28.61602783203125
1989-04-11,22.994056701660156
1989-04-12,19.0382137298584
1989-04-13,15.753013610839844
1989-04-14,12.998255729675293
1989-04-15,11.875977516174316
1989-04-16,14.885732650756836
1989-04-17,19.446903228759766
1989-04-18,18.347814559936523
1989-04-19,14.869355201721191
1989-04-20,11.98577880859375
1989-04-21,10.151678085327148
1989-04-22,8.781587600708008
1989-04-23,7.673314094543457
1989-04-24,6.795504093170166
1989-04-25,6.1344757080078125
1989-04-26,5.810349941253662
1989-04-27,6.147488594055176
1989-04-28,7.224276542663574
1989-04-29,8.154356002807617
1989-04-30,9.775659561157227
1989-05-01,14.983654975891113
1989-05-02,29.193178176879883
1989-05-03,50.82106018066406
1989-05-04,46.41667175292969
1989-05-05,33.479705810546875
1989-05-06,32.488792419433594
1989-05-07,45.940818786621094
1989-05-08,43.559791564941406
1989-05-09,32.01091003417969
1989-05-10,25.074575424194336
1989-05-11,26.70699691772461
1989-05-12,26.523799896240234
1989-05-13,21.668739318847656
1989-05-14,16.39122772216797
1989-05-15,12.711952209472656
1989-05-16,10.61831283569336
1989-05-17,9.515406608581543
1989-05-18,8.3632173538208
1989-05-19,7.247809410095215
1989-05-20,6.310611724853516
1989-05-21,5.679884910583496
1989-05-22,5.211684226989746
1989-05-23,4.797947406768799
1989-05-24,4.559184551239014
1989-05-25,4.4224772453308105
1989-05-26,4.085660457611084
1989-05-27,3.6758041381835938
1989-05-28,3.2927451133728027
1989-05-29,2.988485813140869
1989-05-30,2.715428352355957
1989-05-31,2.5094149112701416
1989-06-01,2.342515230178833
1989-06-02,2.1896204948425293
1989-06-03,2.126255512237549
1989-06-04,2.1987993717193604
1989-06-05,2.5043625831604004
1989-06-06,4.165421962738037
1989-06-07,8.897574424743652
1989-06-08,13.180610656738281
1989-06-09,13.530290603637695
1989-06-10,13.65881633758545
1989-06-11,14.233683586120605
1989-06-12,11.31244945526123
1989-06-13,7.842252254486084
1989-06-14,6.057428359985352
1989-06-15,5.059656143188477
1989-06-16,4.458907604217529
1989-06-17,5.244635581970215
1989-06-18,6.988053798675537
1989-06-19,6.953912258148193
1989-06-20,5.844864845275879
1989-06-21,6.451397895812988
1989-06-22,9.07944107055664
1989-06-23,9.748985290527344
1989-06-24,9.006731033325195
1989-06-25,10.249303817749023
1989-06-26,11.336660385131836
1989-06-27,9.349358558654785
1989-06-28,7.149696350097656
1989-06-29,6.238547325134277
1989-06-30,6.190044403076172
1989-07-01,5.523727893829346
1989-07-02,4.393852233886719
1989-07-03,3.4915897846221924
1989-07-04,2.942528247833252
1989-07-05,2.6861228942871094
1989-07-06,2.913773536682129
1989-07-07,3.7932727336883545
1989-07-08,4.9463725090026855
1989-07-09,5.281159400939941
1989-07-10,4.530272006988525
1989-07-11,3.5839695930480957
1989-07-12,2.864487409591675
1989-07-13,2.7000436782836914
1989-07-14,3.6621758937835693
1989-07-15,5.0869598388671875
1989-07-16,5.763175010681152
1989-07-17,8.561235427856445
1989-07-18,15.49345874786377
1989-07-19,18.494028091430664
1989-07-20,14.902938842773438
1989-07-21,10.951327323913574
1989-07-22,8.62060546875
1989-07-23,7.11403751373291
1989-07-24,5.978509426116943
1989-07-25,5.0117621421813965
1989-07-26,4.316092491149902
1989-07-27,3.977221727371216
1989-07-28,4.930079936981201
1989-07-29,6.262194633483887
1989-07-30,5.689767837524414
1989-07-31,4.430130958557129
1989-08-01,4.087860107421875
1989-08-02,5.192371845245361
1989-08-03,6.35719108581543
1989-08-04,6.139205455780029
1989-08-05,4.88053035736084
1989-08-06,3.717818260192871
1989-08-07,2.9606590270996094
1989-08-08,2.5272114276885986
1989-08-09,2.277390956878662
1989-08-10,2.1290488243103027
1989-08-11,2.1188039779663086
1989-08-12,2.1009600162506104
1989-08-13,1.9765357971191406
1989-08-14,1.8718481063842773
1989-08-15,1.9918274879455566
1989-08-16,2.215127944946289
1989-08-17,2.5789248943328857
1989-08-18,5.240016937255859
1989-08-19,11.644606590270996
1989-08-20,15.031490325927734
1989-08-21,12.585831642150879
1989-08-22,8.821131706237793
1989-08-23,5.994585990905762
1989-08-24,4.499169826507568
1989-08-25,4.162533283233643
1989-08-26,4.444602012634277
1989-08-27,4.333926677703857
1989-08-28,3.93165922164917
1989-08-29,3.4621529579162598
1989-08-30,3.016295909881592
1989-08-31,2.7295703887939453
1989-09-01,2.512361526489258
1989-09-02,2.209869861602783
1989-09-03,1.9348323345184326
1989-09-04,1.7426369190216064
1989-09-05,1.6058977842330933
1989-09-06,1.5382003784179688
1989-09-07,1.5131086111068726
1989-09-08,1.4382838010787964
1989-09-09,1.3564027547836304
1989-09-10,1.2872693538665771
1989-09-11,1.2231169939041138
1989-09-12,1.1571834087371826
1989-09-13,1.1174951791763306
1989-09-14,1.116331934928894
1989-09-15,1.1073509454727173
1989-09-16,1.1377897262573242
1989-09-17,1.305565357208252
1989-09-18,1.4838619232177734
1989-09-19,1.45682954788208
1989-09-20,1.4263237714767456
1989-09-21,1.723362684249878
1989-09-22,2.4511547088623047
1989-09-23,3.0871315002441406
1989-09-24,3.412395715713501
1989-09-25,3.2961318492889404
1989-09-26,4.3023529052734375
1989-09-27,7.8738813400268555
1989-09-28,9.63037109375
1989-09-29,7.95319128036499
1989-09-30,5.8036065101623535
1989-10-01,6.063956260681152
1989-10-02,15.888617515563965
1989-10-03,34.1584587097168
1989-10-04,36.5509033203125
1989-10-05,25.290782928466797
1989-10-06,15.569896697998047
1989-10-07,10.170170783996582
1989-10-08,7.200173377990723
1989-10-09,5.5538716316223145
1989-10-10,4.592407703399658
1989-10-11,3.9223012924194336
1989-10-12,3.431015968322754
1989-10-13,3.0797119140625
1989-10-14,2.806063652038574
1989-10-15,2.6183695793151855
1989-10-16,2.497779369354248
1989-10-17,2.3465919494628906
1989-10-18,2.412294864654541
1989-10-19,4.859888076782227
1989-10-20,11.667469024658203
1989-10-21,15.996735572814941
1989-10-22,13.285003662109375
1989-10-23,9.359500885009766
1989-10-24,6.721296310424805
1989-10-25,5.1585893630981445
1989-10-26,4.208767890930176
1989-10-27,3.596348762512207
1989-10-28,3.159541368484497
1989-10-29,2.8375706672668457
1989-10-30,2.6089322566986084
1989-10-31,2.43076229095459
1989-11-01,2.2940778732299805
1989-11-02,2.454634189605713
1989-11-03,3.876919746398926
1989-11-04,6.113706588745117
1989-11-05,6.434967041015625
1989-11-06,5.535698890686035
1989-11-07,4.608461380004883
1989-11-08,4.052251815795898
1989-11-09,5.159915447235107
1989-11-10,9.386737823486328
1989-11-11,11.746419906616211
1989-11-12,9.92709732055664
1989-11-13,7.617206573486328
1989-11-14,6.029812812805176
1989-11-15,5.154782772064209
1989-11-16,5.562922477722168
1989-11-17,7.503419876098633
1989-11-18,8.327263832092285
1989-11-19,7.428379535675049
1989-11-20,6.240325450897217
1989-11-21,5.360332489013672
1989-11-22,4.689620018005371
1989-11-23,5.519073009490967
1989-11-24,10.291202545166016
1989-11-25,14.31047248840332
1989-11-26,13.435487747192383
1989-11-27,11.2412691116333
1989-11-28,9.43327808380127
1989-11-29,8.050962448120117
1989-11-30,7.03900146484375
1989-12-01,6.214740753173828
1989-12-02,5.54284143447876
1989-12-03,5.0389404296875
1989-12-04,4.628115177154541
1989-12-05,4.298086643218994
1989-12-06,4.031141757965088
1989-12-07,3.8222603797912598
1989-12-08,5.994193077087402
1989-12-09,15.682557106018066
1989-12-10,25.647640228271484
1989-12-11,26.486709594726562
1989-12-12,24.07978630065918
1989-12-13,23.512903213500977
1989-12-14,28.116426467895508
1989-12-15,28.14666175842285
1989-12-16,23.14295196533203
1989-12-17,18.07011604309082
1989-12-18,14.20388126373291
1989-12-19,11.451037406921387
1989-12-20,9.890274047851562
1989-12-21,9.289633750915527
1989-12-22,8.565902709960938
1989-12-23,7.717585563659668
1989-12-24,6.867432594299316
1989-12-25,6.366166591644287
1989-12-26,5.983146667480469
1989-12-27,5.731099605560303
1989-12-28,5.501482963562012
1989-12-29,5.400166988372803
1989-12-30,5.388502597808838
1989-12-31,5.86212682723999
1990-01-01,8.60276985168457
1990-01-02,14.281874656677246
1990-01-03,15.617473602294922
1990-01-04,13.210453033447266
1990-01-05,10.960712432861328
1990-01-06,9.962120056152344
1990-01-07,10.147834777832031
1990-01-08,12.558582305908203
1990-01-09,19.215137481689453
1990-01-10,25.71690559387207
1990-01-11,22.873760223388672
1990-01-12,17.452510833740234
1990-01-13,13.618477821350098
1990-01-14,11.048867225646973
1990-01-15,9.256576538085938
1990-01-16,8.165168762207031
1990-01-17,7.403944969177246
1990-01-18,6.877218246459961
1990-01-19,6.451494216918945
1990-01-20,6.0446319580078125
1990-01-21,6.319228172302246
1990-01-22,8.95331859588623
1990-01-23,12.190545082092285
1990-01-24,11.859687805175781
1990-01-25,11.352910995483398
1990-01-26,14.818339347839355
1990-01-27,24.099637985229492
1990-01-28,26.982147216796875
1990-01-29,22.03247833251953
1990-01-30,17.041780471801758
1990-01-31,14.328140258789062
1990-02-01,12.90062427520752
1990-02-02,11.199195861816406
1990-02-03,9.823198318481445
1990-02-04,8.831138610839844
1990-02-05,8.354485511779785
1990-02-06,8.147704124450684
1990-02-07,7.555779457092285
1990-02-08,6.9908599853515625
1990-02-09,6.529308319091797
1990-02-10,7.992917060852051
1990-02-11,15.802188873291016
1990-02-12,23.57054901123047
1990-02-13,21.14516258239746
1990-02-14,16.151445388793945
1990-02-15,12.573392868041992
1990-02-16,11.091440200805664
1990-02-17,13.436156272888184
1990-02-18,17.159137725830078
1990-02-19,16.791900634765625
1990-02-20,17.757211685180664
1990-02-21,20.115097045898438
1990-02-22,17.62596321105957
1990-02-23,14.86120319366455
1990-02-24,14.63011646270752
1990-02-25,14.516256332397461
1990-02-26,12.999377250671387
1990-02-27,11.135797500610352
1990-02-28,9.477496147155762
1990-03-01,8.334565162658691
1990-03-02,7.569385051727295
1990-03-03,7.615029335021973
1990-03-04,9.90113639831543
1990-03-05,12.513805389404297
1990-03-06,11.920492172241211
1990-03-07,10.33403491973877
1990-03-08,9.01290512084961
1990-03-09,7.979799270629883
1990-03-10,7.356820583343506
1990-03-11,7.058286190032959
1990-03-12,6.656880855560303
1990-03-13,6.220705986022949
1990-03-14,5.827723979949951
1990-03-15,5.500885963439941
1990-03-16,5.270417213439941
1990-03-17,5.489773273468018
1990-03-18,7.457416534423828
1990-03-19,11.08907413482666
1990-03-20,11.90859603881836
1990-03-21,10.751282691955566
1990-03-22,9.24964714050293
1990-03-23,7.941425323486328
1990-03-24,6.992531776428223
1990-03-25,6.286890506744385
1990-03-26,5.742408752441406
1990-03-27,5.337946891784668
1990-03-28,5.013164520263672
1990-03-29,6.373741149902344
1990-03-30,14.563053131103516
1990-03-31,27.123241424560547
1990-04-01,34.52861022949219
1990-04-02,38.70614242553711
1990-04-03,34.65925598144531
1990-04-04,29.144834518432617
1990-04-05,23.153194427490234
1990-04-06,17.516590118408203
1990-04-07,14.609893798828125
1990-04-08,15.250163078308105
1990-04-09,14.570991516113281
1990-04-10,12.473597526550293
1990-04-11,10.749397277832031
1990-04-12,9.911643981933594
1990-04-13,9.117717742919922
1990-04-14,8.081487655639648
1990-04-15,7.713627815246582
1990-04-16,9.175907135009766
1990-04-17,10.903883934020996
1990-04-18,10.215372085571289
1990-04-19,8.792326927185059
1990-04-20,7.473262310028076
1990-04-21,6.549377918243408
1990-04-22,5.970698833465576
1990-04-23,5.513291358947754
1990-04-24,5.041933059692383
1990-04-25,4.626526832580566
1990-04-26,4.255335330963135
1990-04-27,3.9125380516052246
1990-04-28,3.6071372032165527
1990-04-29,3.427522897720337
1990-04-30,3.6201229095458984
1990-05-01,4.44993257522583
1990-05-02,5.4631805419921875
1990-05-03,6.564670085906982
1990-05-04,9.117985725402832
1990-05-05,13.343914031982422
1990-05-06,17.222949981689453
1990-05-07,17.877220153808594
1990-05-08,14.548864364624023
1990-05-09,10.732404708862305
1990-05-10,8.694866180419922
1990-05-11,10.165526390075684
1990-05-12,12.473438262939453
1990-05-13,11.034173965454102
1990-05-14,9.118775367736816
1990-05-15,7.795961380004883
1990-05-16,6.402395248413086
1990-05-17,5.230236053466797
1990-05-18,4.381251335144043
1990-05-19,3.825573444366455
1990-05-20,3.35516095161438
1990-05-21,3.007591724395752
1990-05-22,3.0176806449890137
1990-05-23,4.021706581115723
1990-05-24,5.384998798370361
1990-05-25,5.1118316650390625
1990-05-26,4.306380271911621
1990-05-27,3.802730083465576
1990-05-28,4.279375076293945
1990-05-29,8.608415603637695
1990-05-30,19.3333740234375
1990-05-31,24.03538703918457
1990-06-01,18.062408447265625
1990-06-02,11.607319831848145
1990-06-03,7.792491912841797
1990-06-04,5.734072685241699
1990-06-05,4.648726463317871
1990-06-06,3.930804491043091
1990-06-07,3.3487167358398438
1990-06-08,2.9383957386016846
1990-06-09,2.816685914993286
1990-06-10,2.858809471130371
1990-06-11,2.674438953399658
1990-06-12,2.389317750930786
1990-06-13,2.0949552059173584
1990-06-14,1.8519234657287598
1990-06-15,1.7060928344726562
1990-06-16,1.6179778575897217
1990-06-17,1.5728033781051636
1990-06-18,1.51011323928833
1990-06-19,1.54788076877594
1990-06-20,1.7581135034561157
1990-06-21,1.767469882965088
1990-06-22,1.6218749284744263
1990-06-23,1.6204450130462646
1990-06-24,1.7268353700637817
1990-06-25,1.6383006572723389
1990-06-26,1.4160346984863281
1990-06-27,1.2378495931625366
1990-06-28,1.1234251260757446
1990-06-29,1.0198079347610474
1990-06-30,0.9480287432670593
1990-07-01,0.9135968089103699
1990-07-02,0.8875272274017334
1990-07-03,0.8444312214851379
1990-07-04,0.7737452983856201
1990-07-05,0.7089866399765015
1990-07-06,0.6527568697929382
1990-07-07,0.6108956336975098
1990-07-08,0.5818965435028076
1990-07-09,0.5567225813865662
1990-07-10,0.5443515777587891
1990-07-11,0.5406668186187744
1990-07-12,0.6042582988739014
1990-07-13,0.7980958223342896
1990-07-14,1.01310133934021
1990-07-15,1.174536943435669
1990-07-16,1.3123973608016968
1990-07-17,1.366672158241272
1990-07-18,1.432255744934082
1990-07-19,1.4753830432891846
1990-07-20,1.4134340286254883
1990-07-21,1.3392252922058105
1990-07-22,1.243377685546875
1990-07-23,1.125267505645752
1990-07-24,0.9957561492919922
1990-07-25,0.85228431224823
1990-07-26,0.7305564880371094
1990-07-27,0.634277880191803
1990-07-28,0.5661224126815796
1990-07-29,0.5235124230384827
1990-07-30,0.48581454157829285
1990-07-31,0.45242440700531006
1990-08-01,0.4256948232650757
1990-08-02,0.3964456617832184
1990-08-03,0.3742769658565521
1990-08-04,0.3623366951942444
1990-08-05,0.3532679080963135
1990-08-06,0.3543089032173157
1990-08-07,0.5015689730644226
1990-08-08,0.9104932546615601
1990-08-09,1.2662067413330078
1990-08-10,1.5313845872879028
1990-08-11,1.8007397651672363
1990-08-12,1.6940349340438843
1990-08-13,1.3474137783050537
1990-08-14,1.0450620651245117
1990-08-15,0.9552819728851318
1990-08-16,1.1714167594909668
1990-08-17,1.7467701435089111
1990-08-18,2.3255774974823
1990-08-19,2.212991714477539
1990-08-20,1.6929023265838623
1990-08-21,1.3001220226287842
1990-08-22,1.164255976676941
1990-08-23,1.4842891693115234
1990-08-24,2.2573306560516357
1990-08-25,2.672691822052002
1990-08-26,2.4451346397399902
1990-08-27,1.9933075904846191
1990-08-28,1.5811665058135986
1990-08-29,1.2531639337539673
1990-08-30,1.0112959146499634
1990-08-31,0.8654508590698242
1990-09-01,0.7628676295280457
1990-09-02,0.6735178828239441
1990-09-03,0.6028339862823486
1990-09-04,0.5466797947883606
1990-09-05,0.5056145787239075
1990-09-06,0.47340160608291626
1990-09-07,0.45017504692077637
1990-09-08,0.42978721857070923
1990-09-09,0.415863037109375
1990-09-10,0.4528912603855133
1990-09-11,0.5828044414520264
1990-09-12,0.7893435955047607
1990-09-13,0.928565502166748
1990-09-14,0.9506884813308716
1990-09-15,0.9729215502738953
1990-09-16,0.9286488890647888
1990-09-17,0.7939330339431763
1990-09-18,0.6679248213768005
1990-09-19,0.5774598717689514
1990-09-20,0.5199771523475647
1990-09-21,0.4835275113582611
1990-09-22,0.46521174907684326
1990-09-23,0.4597506821155548
1990-09-24,0.44005119800567627
1990-09-25,0.41985031962394714
1990-09-26,0.4024997651576996
1990-09-27,0.38420844078063965
1990-09-28,0.36517810821533203
1990-09-29,0.35204559564590454
1990-09-30,0.3417295813560486
1990-10-01,0.3381282389163971
1990-10-02,0.3383188843727112
1990-10-03,0.3327329754829407
1990-10-04,0.32734376192092896
1990-10-05,0.3430292308330536
1990-10-06,0.37978512048721313
1990-10-07,0.398434042930603
1990-10-08,0.3937801122665405
1990-10-09,0.3728893995285034
1990-10-10,0.366783082485199
1990-10-11,0.9034231305122375
1990-10-12,2.795286178588867
1990-10-13,4.352076530456543
1990-10-14,4.214735984802246
1990-10-15,3.6057770252227783
1990-10-16,2.5708653926849365
1990-10-17,1.7570167779922485
1990-10-18,1.3394711017608643
1990-10-19,1.2748647928237915
1990-10-20,1.37246572971344
1990-10-21,1.2536487579345703
1990-10-22,1.1304019689559937
1990-10-23,4.81199312210083
1990-10-24,17.919031143188477
1990-10-25,24.846946716308594
1990-10-26,22.58097267150879
1990-10-27,24.31157112121582
1990-10-28,19.514724731445312
1990-10-29,12.659403800964355
1990-10-30,7.967036724090576
1990-10-31,5.431337356567383
1990-11-01,4.1438822746276855
1990-11-02,3.393714427947998
1990-11-03,2.942020893096924
1990-11-04,2.6123898029327393
1990-11-05,2.3710670471191406
1990-11-06,2.157473087310791
1990-11-07,1.977066993713379
1990-11-08,1.8449324369430542
1990-11-09,1.7324354648590088
1990-11-10,2.6030073165893555
1990-11-11,6.913253307342529
1990-11-12,11.41854476928711
1990-11-13,9.953672409057617
1990-11-14,7.071826934814453
1990-11-15,5.1270647048950195
1990-11-16,4.030889987945557
1990-11-17,3.3791465759277344
1990-11-18,2.9402618408203125
1990-11-19,2.656817674636841
1990-11-20,2.46891450881958
1990-11-21,2.3077468872070312
1990-11-22,2.196974754333496
1990-11-23,2.1093344688415527
1990-11-24,2.0211827754974365
1990-11-25,1.9633971452713013
1990-11-26,1.911131501197815
1990-11-27,1.852729082107544
1990-11-28,1.7845137119293213
1990-11-29,1.7904974222183228
1990-11-30,1.942389965057373
1990-12-01,2.0956718921661377
1990-12-02,2.109372138977051
1990-12-03,2.088799476623535
1990-12-04,2.8423819541931152
1990-12-05,5.050023078918457
1990-12-06,6.0207648277282715
1990-12-07,5.219659328460693
1990-12-08,4.4248127937316895
1990-12-09,4.681927680969238
1990-12-10,5.324060440063477
1990-12-11,5.0518999099731445
1990-12-12,4.3611674308776855
1990-12-13,3.816138505935669
1990-12-14,3.4202301502227783
1990-12-15,3.1556546688079834
1990-12-16,3.018810749053955
1990-12-17,2.9317445755004883
1990-12-18,2.836901903152466
1990-12-19,2.8607959747314453
1990-12-20,3.2999603748321533
1990-12-21,4.286948204040527
1990-12-22,5.828828811645508
1990-12-23,7.122003555297852
1990-12-24,7.1534810066223145
1990-12-25,6.8522257804870605
1990-12-26,6.206382751464844
1990-12-27,5.255322456359863
1990-12-28,4.73651123046875
1990-12-29,4.872325897216797
1990-12-30,5.290050029754639
1990-12-31,5.485851287841797
1991-01-01,5.465005874633789
1991-01-02,5.231441497802734
1991-01-03,4.816527366638184
1991-01-04,4.83101749420166
1991-01-05,5.200759410858154
1991-01-06,5.235591888427734
1991-01-07,5.322292327880859
1991-01-08,8.74339485168457
1991-01-09,17.400978088378906
1991-01-10,21.544153213500977
1991-01-11,23.24188232421875
1991-01-12,41.257659912109375
1991-01-13,61.7025260925293
1991-01-14,54.170143127441406
1991-01-15,36.3493766784668
1991-01-16,24.293102264404297
1991-01-17,21.322118759155273
1991-01-18,22.38530731201172
1991-01-19,18.990625381469727
1991-01-20,15.527336120605469
1991-01-21,15.395442962646484
1991-01-22,15.74980354309082
1991-01-23,14.081830978393555
1991-01-24,11.509450912475586
1991-01-25,9.773749351501465
1991-01-26,8.902545928955078
1991-01-27,8.08248233795166
1991-01-28,7.345461845397949
1991-01-29,6.804991722106934
1991-01-30,7.239720344543457
1991-01-31,12.318943977355957
1991-02-01,20.424835205078125
1991-02-02,20.3599796295166
1991-02-03,16.112438201904297
1991-02-04,12.604856491088867
1991-02-05,10.336219787597656
1991-02-06,8.886977195739746
1991-02-07,8.316096305847168
1991-02-08,8.802515029907227
1991-02-09,9.237589836120605
1991-02-10,8.84219741821289
1991-02-11,8.03152847290039
1991-02-12,7.217513561248779
1991-02-13,6.53929328918457
1991-02-14,6.103523254394531
1991-02-15,6.041252613067627
1991-02-16,6.055146217346191
1991-02-17,5.8095479011535645
1991-02-18,5.46827507019043
1991-02-19,5.617595672607422
1991-02-20,6.3668622970581055
1991-02-21,6.647572040557861
1991-02-22,6.51107931137085
1991-02-23,6.250496864318848
1991-02-24,5.987918853759766
1991-02-25,5.731399059295654
1991-02-26,5.45773983001709
1991-02-27,5.292960166931152
1991-02-28,5.259138584136963
1991-03-01,5.072598934173584
1991-03-02,5.7091474533081055
1991-03-03,12.381170272827148
1991-03-04,30.996889114379883
1991-03-05,48.09413146972656
1991-03-06,42.10502243041992
1991-03-07,29.85187339782715
1991-03-08,21.125064849853516
1991-03-09,16.250877380371094
1991-03-10,14.163013458251953
1991-03-11,12.082804679870605
1991-03-12,10.234975814819336
1991-03-13,8.986248016357422
1991-03-14,9.823601722717285
1991-03-15,13.271295547485352
1991-03-16,14.668478012084961
1991-03-17,13.001201629638672
1991-03-18,11.959369659423828
1991-03-19,14.804574012756348
1991-03-20,18.138656616210938
1991-03-21,16.641698837280273
1991-03-22,13.702306747436523
1991-03-23,11.601512908935547
1991-03-24,11.202035903930664
1991-03-25,11.306105613708496
1991-03-26,10.114059448242188
1991-03-27,8.76366138458252
1991-03-28,7.8666229248046875
1991-03-29,11.201070785522461
1991-03-30,30.685976028442383
1991-03-31,55.598716735839844
1991-04-01,50.074989318847656
1991-04-02,34.33903121948242
1991-04-03,23.0880069732666
1991-04-04,16.487483978271484
1991-04-05,12.71424388885498
1991-04-06,10.676968574523926
1991-04-07,9.546112060546875
1991-04-08,8.507055282592773
1991-04-09,7.59744930267334
1991-04-10,6.913705825805664
1991-04-11,6.275038719177246
1991-04-12,5.627962112426758
1991-04-13,5.118165969848633
1991-04-14,4.852099895477295
1991-04-15,4.865612030029297
1991-04-16,5.0622711181640625
1991-04-17,5.235725402832031
1991-04-18,4.907863616943359
1991-04-19,4.446823596954346
1991-04-20,4.687167644500732
1991-04-21,7.597399711608887
1991-04-22,12.125314712524414
1991-04-23,13.168834686279297
1991-04-24,10.93757152557373
1991-04-25,8.536205291748047
1991-04-26,6.798404693603516
1991-04-27,5.654432773590088
1991-04-28,4.993339538574219
1991-04-29,4.843607425689697
1991-04-30,5.379447937011719
1991-05-01,6.394602298736572
1991-05-02,7.047797203063965
1991-05-03,6.609224319458008
1991-05-04,5.508737564086914
1991-05-05,4.561769485473633
1991-05-06,4.100864887237549
1991-05-07,4.192429542541504
1991-05-08,4.251847267150879
1991-05-09,3.8308088779449463
1991-05-10,3.3602824211120605
1991-05-11,3.0224735736846924
1991-05-12,2.7464852333068848
1991-05-13,2.550671100616455
1991-05-14,2.415879964828491
1991-05-15,2.306419849395752
1991-05-16,2.2127583026885986
1991-05-17,2.0849227905273438
1991-05-18,1.9455089569091797
1991-05-19,2.027813673019409
1991-05-20,3.489293098449707
1991-05-21,7.705636501312256
1991-05-22,11.157715797424316
1991-05-23,9.877742767333984
1991-05-24,7.200061321258545
1991-05-25,5.2520952224731445
1991-05-26,3.9736790657043457
1991-05-27,3.1773154735565186
1991-05-28,2.738290309906006
1991-05-29,2.7953429222106934
1991-05-30,2.9743361473083496
1991-05-31,2.7307515144348145
1991-06-01,2.3373045921325684
1991-06-02,2.320410966873169
1991-06-03,3.196178674697876
1991-06-04,4.141826152801514
1991-06-05,3.8716518878936768
1991-06-06,3.117300271987915
1991-06-07,2.461601734161377
1991-06-08,2.0221378803253174
1991-06-09,1.7337489128112793
1991-06-10,1.5356438159942627
1991-06-11,1.3907968997955322
1991-06-12,1.2568557262420654
1991-06-13,1.1604580879211426
1991-06-14,1.085740327835083
1991-06-15,1.0010713338851929
1991-06-16,0.9451768398284912
1991-06-17,0.95893394947052
1991-06-18,1.1509857177734375
1991-06-19,1.8143682479858398
1991-06-20,3.4172110557556152
1991-06-21,4.896350860595703
1991-06-22,4.690895080566406
1991-06-23,3.917816162109375
1991-06-24,3.0580315589904785
1991-06-25,2.382384777069092
1991-06-26,1.877097487449646
1991-06-27,1.5209836959838867
1991-06-28,1.2835105657577515
1991-06-29,1.1164255142211914
1991-06-30,0.9904135465621948
1991-07-01,0.9090645909309387
1991-07-02,0.8624464869499207
1991-07-03,0.9490734338760376
1991-07-04,1.5618457794189453
1991-07-05,2.7221407890319824
1991-07-06,3.582974433898926
1991-07-07,3.7156167030334473
1991-07-08,3.269117593765259
1991-07-09,2.515281915664673
1991-07-10,1.9248406887054443
1991-07-11,2.0241315364837646
1991-07-12,3.864516258239746
1991-07-13,5.877155303955078
1991-07-14,5.200521945953369
1991-07-15,3.6697211265563965
1991-07-16,2.482900381088257
1991-07-17,1.7931840419769287
1991-07-18,1.5173968076705933
1991-07-19,1.7532774209976196
1991-07-20,2.3333239555358887
1991-07-21,2.465467929840088
1991-07-22,2.179943561553955
1991-07-23,1.8554770946502686
1991-07-24,1.584100604057312
1991-07-25,1.3374344110488892
1991-07-26,1.2606544494628906
1991-07-27,1.6320019960403442
1991-07-28,2.8917956352233887
1991-07-29,4.514970779418945
1991-07-30,5.536823272705078
1991-07-31,7.035351753234863
1991-08-01,8.475521087646484
1991-08-02,7.884822368621826
1991-08-03,7.150141716003418
1991-08-04,6.741394996643066
1991-08-05,5.432558059692383
1991-08-06,3.955913543701172
1991-08-07,3.1386046409606934
1991-08-08,3.144047260284424
1991-08-09,3.607743740081787
1991-08-10,4.1141438484191895
1991-08-11,4.1508259773254395
1991-08-12,3.53123140335083
1991-08-13,3.0248172283172607
1991-08-14,2.8634603023529053
1991-08-15,3.5634469985961914
1991-08-16,5.345757484436035
1991-08-17,5.836956024169922
1991-08-18,4.69399356842041
1991-08-19,3.4310381412506104
1991-08-20,2.648669481277466
1991-08-21,2.1993916034698486
1991-08-22,1.8919644355773926
1991-08-23,1.6165441274642944
1991-08-24,1.4119560718536377
1991-08-25,1.2723909616470337
1991-08-26,1.1902354955673218
1991-08-27,1.2014334201812744
1991-08-28,1.3871585130691528
1991-08-29,1.5927855968475342
1991-08-30,1.5771052837371826
1991-08-31,1.3974521160125732
1991-09-01,1.200530767440796
1991-09-02,1.0690906047821045
1991-09-03,0.9866976737976074
1991-09-04,0.9026526808738708
1991-09-05,0.8251521587371826
1991-09-06,0.7713308334350586
1991-09-07,0.7575602531433105
1991-09-08,0.7710325717926025
1991-09-09,0.7472953796386719
1991-09-10,0.6936360597610474
1991-09-11,0.6394520998001099
1991-09-12,0.5979891419410706
1991-09-13,0.5628066658973694
1991-09-14,0.5472515225410461
1991-09-15,0.5383288264274597
1991-09-16,0.515374481678009
1991-09-17,0.4937800168991089
1991-09-18,0.474863737821579
1991-09-19,0.4695367217063904
1991-09-20,0.6258753538131714
1991-09-21,1.1710002422332764
1991-09-22,1.5597599744796753
1991-09-23,1.3979589939117432
1991-09-24,1.1892331838607788
1991-09-25,1.8254756927490234
1991-09-26,4.347936153411865
1991-09-27,6.447142124176025
1991-09-28,5.27296781539917
1991-09-29,3.433727264404297
1991-09-30,2.3033249378204346
1991-10-01,1.69362211227417
1991-10-02,1.3574082851409912
1991-10-03,1.3667018413543701
1991-10-04,1.9559361934661865
1991-10-05,2.488537311553955
1991-10-06,2.342263698577881
1991-10-07,2.0274646282196045
1991-10-08,1.7668406963348389
1991-10-09,1.5220270156860352
1991-10-10,1.3279664516448975
1991-10-11,1.1744180917739868
1991-10-12,1.0549794435501099
1991-10-13,0.9589716196060181
1991-10-14,0.8871951699256897
1991-10-15,0.8388264179229736
1991-10-16,0.9045183062553406
1991-10-17,1.4805374145507812
1991-10-18,2.565319776535034
1991-10-19,2.97566819190979
1991-10-20,2.5976712703704834
1991-10-21,2.0528125762939453
1991-10-22,1.669506311416626
1991-10-23,1.4284414052963257
1991-10-24,1.2608363628387451
1991-10-25,1.1325232982635498
1991-10-26,1.0441569089889526
1991-10-27,1.0006277561187744
1991-10-28,0.9568743705749512
1991-10-29,0.8944876790046692
1991-10-30,0.838132381439209
1991-10-31,0.807032585144043
1991-11-01,0.7888290286064148
1991-11-02,0.789868950843811
1991-11-03,0.776742696762085
1991-11-04,0.764343798160553
1991-11-05,0.7552939057350159
1991-11-06,0.7700945138931274
1991-11-07,0.7916195392608643
1991-11-08,0.7882429361343384
1991-11-09,0.8202211260795593
1991-11-10,1.189130425453186
1991-11-11,2.0795624256134033
1991-11-12,2.854858875274658
1991-11-13,2.7997829914093018
1991-11-14,2.377368927001953
1991-11-15,2.031313419342041
1991-11-16,1.794865369796753
1991-11-17,1.6237146854400635
1991-11-18,1.4637893438339233
1991-11-19,1.3717063665390015
1991-11-20,1.308240294456482
1991-11-21,1.2562223672866821
1991-11-22,1.2275259494781494
1991-11-23,1.2497055530548096
1991-11-24,1.2799198627471924
1991-11-25,1.2286421060562134
1991-11-26,1.1670241355895996
1991-11-27,1.1217389106750488
1991-11-28,1.1066625118255615
1991-11-29,1.102426290512085
1991-11-30,1.1113319396972656
1991-12-01,1.0972532033920288
1991-12-02,1.0854753255844116
1991-12-03,1.1790094375610352
1991-12-04,1.5632832050323486
1991-12-05,2.08457612991333
1991-12-06,2.141256332397461
1991-12-07,1.9608805179595947
1991-12-08,1.7856875658035278
1991-12-09,1.654279351234436
1991-12-10,1.5625590085983276
1991-12-11,1.5751795768737793
1991-12-12,1.6207681894302368
1991-12-13,1.5778416395187378
1991-12-14,1.5128024816513062
1991-12-15,1.4690110683441162
1991-12-16,1.4339313507080078
1991-12-17,1.3594932556152344
1991-12-18,1.3099243640899658
1991-12-19,1.250474452972412
1991-12-20,1.2102413177490234
1991-12-21,1.1895540952682495
1991-12-22,1.1728765964508057
1991-12-23,1.1783679723739624
1991-12-24,1.2516775131225586
1991-12-25,1.4988443851470947
1991-12-26,1.751249074935913
1991-12-27,1.7858781814575195
1991-12-28,2.085413694381714
1991-12-29,4.662203311920166
1991-12-30,11.676589012145996
1991-12-31,16.058330535888672
1992-01-01,13.033933639526367
1992-01-02,8.799314498901367
1992-01-03,8.211816787719727
1992-01-04,27.00307846069336
1992-01-05,74.11266326904297
1992-01-06,85.72649383544922
1992-01-07,59.937461853027344
1992-01-08,35.458187103271484
1992-01-09,21.488004684448242
1992-01-10,14.500723838806152
1992-01-11,11.105137825012207
1992-01-12,9.217549324035645
1992-01-13,7.8599324226379395
1992-01-14,7.42467737197876
1992-01-15,8.4224271774292
1992-01-16,8.922567367553711
1992-01-17,8.213397979736328
1992-01-18,7.005345344543457
1992-01-19,6.08528995513916
1992-01-20,5.475696563720703
1992-01-21,5.005356788635254
1992-01-22,4.654013156890869
1992-01-23,4.686131954193115
1992-01-24,6.186119079589844
1992-01-25,8.561721801757812
1992-01-26,8.37167739868164
1992-01-27,7.170262813568115
1992-01-28,6.352643013000488
1992-01-29,6.536280632019043
1992-01-30,7.168497562408447
1992-01-31,6.91202974319458
1992-02-01,6.263731956481934
1992-02-02,5.605647087097168
1992-02-03,5.076094150543213
1992-02-04,4.6703386306762695
1992-02-05,4.365636348724365
1992-02-06,4.1040215492248535
1992-02-07,3.874922513961792
1992-02-08,3.6828551292419434
1992-02-09,3.5134425163269043
1992-02-10,3.3785533905029297
1992-02-11,3.2519679069519043
1992-02-12,3.1924262046813965
1992-02-13,3.2262299060821533
1992-02-14,3.220301866531372
1992-02-15,3.3942441940307617
1992-02-16,4.6252522468566895
1992-02-17,7.008375644683838
1992-02-18,7.901363849639893
1992-02-19,8.168359756469727
1992-02-20,8.954092025756836
1992-02-21,9.12560749053955
1992-02-22,7.975716590881348
1992-02-23,7.02853536605835
1992-02-24,7.809330463409424
1992-02-25,10.476326942443848
1992-02-26,15.862503051757812
1992-02-27,27.840171813964844
1992-02-28,32.642173767089844
1992-02-29,25.544633865356445
1992-03-01,17.954795837402344
1992-03-02,12.939037322998047
1992-03-03,10.180717468261719
1992-03-04,8.542256355285645
1992-03-05,7.401064395904541
1992-03-06,7.043142318725586
1992-03-07,10.280908584594727
1992-03-08,17.78874969482422
1992-03-09,19.952478408813477
1992-03-10,17.96317481994629
1992-03-11,20.172195434570312
1992-03-12,23.59252166748047
1992-03-13,20.269556045532227
1992-03-14,15.53848934173584
1992-03-15,12.039457321166992
1992-03-16,9.793667793273926
1992-03-17,8.362165451049805
1992-03-18,7.323453426361084
1992-03-19,6.881025314331055
1992-03-20,7.297525882720947
1992-03-21,7.7955403327941895
1992-03-22,7.405857563018799
1992-03-23,7.005508899688721
1992-03-24,7.465452671051025
1992-03-25,7.628567695617676
1992-03-26,8.445157051086426
1992-03-27,14.178430557250977
1992-03-28,21.55130386352539
1992-03-29,19.973684310913086
1992-03-30,15.46442985534668
1992-03-31,12.120237350463867
1992-04-01,9.959465026855469
1992-04-02,8.543436050415039
1992-04-03,7.518740653991699
1992-04-04,6.667431354522705
1992-04-05,6.095135688781738
1992-04-06,5.804286956787109
1992-04-07,5.449365615844727
1992-04-08,5.132850170135498
1992-04-09,4.826235771179199
1992-04-10,4.532011032104492
1992-04-11,4.259639739990234
1992-04-12,4.033655643463135
1992-04-13,3.948509693145752
1992-04-14,3.974027156829834
1992-04-15,3.829503059387207
1992-04-16,3.6250128746032715
1992-04-17,3.4319920539855957
1992-04-18,3.2530643939971924
1992-04-19,3.083160877227783
1992-04-20,2.929314374923706
1992-04-21,3.0264739990234375
1992-04-22,5.41532039642334
1992-04-23,10.735357284545898
1992-04-24,11.336589813232422
1992-04-25,8.896584510803223
1992-04-26,6.671472549438477
1992-04-27,5.233637809753418
1992-04-28,4.358539581298828
1992-04-29,3.862267017364502
1992-04-30,3.5352232456207275
1992-05-01,3.2597599029541016
1992-05-02,3.0303735733032227
1992-05-03,2.8200652599334717
1992-05-04,2.590811252593994
1992-05-05,2.3820366859436035
1992-05-06,2.212125778198242
1992-05-07,2.192744255065918
1992-05-08,2.791198492050171
1992-05-09,4.307866096496582
1992-05-10,4.9882049560546875
1992-05-11,4.484086990356445
1992-05-12,3.6616663932800293
1992-05-13,3.042328357696533
1992-05-14,2.7896573543548584
1992-05-15,2.735698938369751
1992-05-16,2.561023712158203
1992-05-17,2.3600964546203613
1992-05-18,2.190530300140381
1992-05-19,2.1124229431152344
1992-05-20,2.095548391342163
1992-05-21,2.0318918228149414
1992-05-22,1.9029028415679932
1992-05-23,1.7551500797271729
1992-05-24,1.6081628799438477
1992-05-25,1.4595146179199219
1992-05-26,1.362701416015625
1992-05-27,1.4339184761047363
1992-05-28,1.568361759185791
1992-05-29,1.5581645965576172
1992-05-30,1.8914470672607422
1992-05-31,3.3163933753967285
1992-06-01,4.83891487121582
1992-06-02,4.560568809509277
1992-06-03,3.506168842315674
1992-06-04,2.793144464492798
1992-06-05,3.1125428676605225
1992-06-06,4.114439010620117
1992-06-07,3.945065498352051
1992-06-08,3.174851417541504
1992-06-09,3.9600465297698975
1992-06-10,10.25864315032959
1992-06-11,17.76227569580078
1992-06-12,15.149621963500977
1992-06-13,10.038919448852539
1992-06-14,6.625317573547363
1992-06-15,5.130602836608887
1992-06-16,5.990121841430664
1992-06-17,10.406224250793457
1992-06-18,13.392797470092773
1992-06-19,10.372540473937988
1992-06-20,7.545251369476318
1992-06-21,6.473710060119629
1992-06-22,6.409256935119629
1992-06-23,6.27101993560791
1992-06-24,5.013092994689941
1992-06-25,3.8435568809509277
1992-06-26,3.4928932189941406
1992-06-27,4.6742353439331055
1992-06-28,6.368251800537109
1992-06-29,6.119701862335205
1992-06-30,4.713134288787842
1992-07-01,3.5511326789855957
1992-07-02,3.0672073364257812
1992-07-03,3.2166991233825684
1992-07-04,3.56056547164917
1992-07-05,3.9164834022521973
1992-07-06,3.824817180633545
1992-07-07,3.4083046913146973
1992-07-08,3.0819966793060303
1992-07-09,2.5684123039245605
1992-07-10,2.0942208766937256
1992-07-11,1.7422130107879639
1992-07-12,1.4944576025009155
1992-07-13,1.297277569770813
1992-07-14,1.1339075565338135
1992-07-15,0.990687370300293
1992-07-16,0.885250985622406
1992-07-17,0.7957172393798828
1992-07-18,0.7500775456428528
1992-07-19,0.779240608215332
1992-07-20,0.8575647473335266
1992-07-21,0.8584097623825073
1992-07-22,0.8105790615081787
1992-07-23,0.9400750994682312
1992-07-24,1.568287968635559
1992-07-25,2.382436990737915
1992-07-26,2.4344112873077393
1992-07-27,1.955025315284729
1992-07-28,1.538355827331543
1992-07-29,1.3250644207000732
1992-07-30,1.1964216232299805
1992-07-31,1.0479360818862915
1992-08-01,0.9649618864059448
1992-08-02,0.9137377738952637
1992-08-03,0.8263084888458252
1992-08-04,0.7419182658195496
1992-08-05,0.679042637348175
1992-08-06,0.643623948097229
1992-08-07,0.6728337407112122
1992-08-08,0.7224783897399902
1992-08-09,0.7496657371520996
1992-08-10,0.7850911617279053
1992-08-11,0.7632548809051514
1992-08-12,0.8221864700317383
1992-08-13,1.962395429611206
1992-08-14,6.686392307281494
1992-08-15,15.201038360595703
1992-08-16,20.247438430786133
1992-08-17,20.304832458496094
1992-08-18,19.876689910888672
1992-08-19,19.504684448242188
1992-08-20,15.924394607543945
1992-08-21,12.660859107971191
1992-08-22,10.659051895141602
1992-08-23,7.857359886169434
1992-08-24,5.526786804199219
1992-08-25,4.0735321044921875
1992-08-26,3.1382389068603516
1992-08-27,2.5434036254882812
1992-08-28,2.245448350906372
1992-08-29,2.104548931121826
1992-08-30,1.9588075876235962
1992-08-31,1.7365803718566895
1992-09-01,1.5188814401626587
1992-09-02,1.3371108770370483
1992-09-03,1.2119176387786865
1992-09-04,1.171474814414978
1992-09-05,1.187988042831421
1992-09-06,1.2983183860778809
1992-09-07,1.5760765075683594
1992-09-08,1.863084077835083
1992-09-09,1.967616319656372
1992-09-10,1.895833969116211
1992-09-11,1.6801083087921143
1992-09-12,1.5450220108032227
1992-09-13,1.4355242252349854
1992-09-14,1.2776882648468018
1992-09-15,1.1296465396881104
1992-09-16,1.0120052099227905
1992-09-17,0.9202180504798889
1992-09-18,0.859492301940918
1992-09-19,0.8370640277862549
1992-09-20,0.9138196706771851
1992-09-21,1.1103401184082031
1992-09-22,1.2400686740875244
1992-09-23,1.2074520587921143
1992-09-24,1.1905007362365723
1992-09-25,1.169341802597046
1992-09-26,1.1282389163970947
1992-09-27,1.0932049751281738
1992-09-28,1.0764410495758057
1992-09-29,1.0687881708145142
1992-09-30,1.0152932405471802
1992-10-01,0.9332422018051147
1992-10-02,0.8495604991912842
1992-10-03,0.7962386012077332
1992-10-04,1.1480083465576172
1992-10-05,3.518716812133789
1992-10-06,7.601348876953125
1992-10-07,8.143316268920898
1992-10-08,6.167604446411133
1992-10-09,4.489701271057129
1992-10-10,4.051656723022461
1992-10-11,4.231224536895752
1992-10-12,4.03195858001709
1992-10-13,3.6190760135650635
1992-10-14,3.0430216789245605
1992-10-15,2.5266575813293457
1992-10-16,2.1240429878234863
1992-10-17,1.842517375946045
1992-10-18,1.6362404823303223
1992-10-19,1.4995214939117432
1992-10-20,1.4027838706970215
1992-10-21,1.3352036476135254
1992-10-22,1.2754242420196533
1992-10-23,1.1914347410202026
1992-10-24,1.1370768547058105
1992-10-25,1.0976818799972534
1992-10-26,1.044206142425537
1992-10-27,1.0168707370758057
1992-10-28,0.9851239919662476
1992-10-29,0.9977176189422607
1992-10-30,1.0760619640350342
1992-10-31,1.4873969554901123
1992-11-01,3.180469512939453
1992-11-02,5.370443820953369
1992-11-03,6.110371112823486
1992-11-04,7.510213851928711
1992-11-05,9.749406814575195
1992-11-06,12.726396560668945
1992-11-07,13.531610488891602
1992-11-08,10.738485336303711
1992-11-09,7.685223579406738
1992-11-10,5.6850152015686035
1992-11-11,4.492284774780273
1992-11-12,4.393892288208008
1992-11-13,8.247468948364258
1992-11-14,15.257638931274414
1992-11-15,15.688782691955566
1992-11-16,12.231245040893555
1992-11-17,9.006904602050781
1992-11-18,6.808536052703857
1992-11-19,5.507987976074219
1992-11-20,4.683030128479004
1992-11-21,4.167471885681152
1992-11-22,4.12683629989624
1992-11-23,5.803823947906494
1992-11-24,10.51045036315918
1992-11-25,14.355478286743164
1992-11-26,17.543731689453125
1992-11-27,25.556594848632812
1992-11-28,32.07493591308594
1992-11-29,27.955101013183594
1992-11-30,20.35114288330078
1992-12-01,14.567682266235352
1992-12-02,11.03993034362793
1992-12-03,8.8837890625
1992-12-04,7.410819053649902
1992-12-05,6.40364933013916
1992-12-06,5.72443962097168
1992-12-07,5.238611221313477
1992-12-08,4.782451629638672
1992-12-09,4.430792808532715
1992-12-10,4.943071365356445
1992-12-11,9.47800064086914
1992-12-12,16.642650604248047
1992-12-13,16.720293045043945
1992-12-14,13.254405975341797
1992-12-15,10.179787635803223
1992-12-16,8.088020324707031
1992-12-17,6.88399600982666
1992-12-18,6.695840358734131
1992-12-19,7.089603424072266
1992-12-20,7.15842342376709
1992-12-21,8.950122833251953
1992-12-22,12.116779327392578
1992-12-23,11.97509765625
1992-12-24,10.830143928527832
1992-12-25,10.041278839111328
1992-12-26,9.020525932312012
1992-12-27,7.810348987579346
1992-12-28,7.522173881530762
1992-12-29,9.617326736450195
1992-12-30,13.244325637817383
1992-12-31,14.056609153747559
1993-01-01,12.409916877746582
1993-01-02,10.388415336608887
1993-01-03,8.709715843200684
1993-01-04,7.455924987792969
1993-01-05,7.423347473144531
1993-01-06,10.527433395385742
1993-01-07,14.441617012023926
1993-01-08,19.866313934326172
1993-01-09,40.54304122924805
1993-01-10,60.326377868652344
1993-01-11,56.77963638305664
1993-01-12,42.78444290161133
1993-01-13,33.06935119628906
1993-01-14,29.415021896362305
1993-01-15,25.243728637695312
1993-01-16,19.708786010742188
1993-01-17,16.159976959228516
1993-01-18,14.093857765197754
1993-01-19,12.19778060913086
1993-01-20,10.66331672668457
1993-01-21,10.144335746765137
1993-01-22,17.369768142700195
1993-01-23,35.148990631103516
1993-01-24,38.765464782714844
1993-01-25,33.09498596191406
1993-01-26,28.22756576538086
1993-01-27,23.079673767089844
1993-01-28,17.852643966674805
1993-01-29,14.141681671142578
1993-01-30,11.861662864685059
1993-01-31,10.263774871826172
1993-02-01,9.232213020324707
1993-02-02,8.485152244567871
1993-02-03,7.773428440093994
1993-02-04,7.08892297744751
1993-02-05,6.630771160125732
1993-02-06,6.235257148742676
1993-02-07,5.922679901123047
1993-02-08,5.72444486618042
1993-02-09,5.900965690612793
1993-02-10,6.245654106140137
1993-02-11,6.09197998046875
1993-02-12,6.218276500701904
1993-02-13,8.152016639709473
1993-02-14,10.999067306518555
1993-02-15,10.76671028137207
1993-02-16,9.68834400177002
1993-02-17,10.742912292480469
1993-02-18,13.581039428710938
1993-02-19,13.1293363571167
1993-02-20,11.293050765991211
1993-02-21,9.713104248046875
1993-02-22,9.762866973876953
1993-02-23,11.066326141357422
1993-02-24,10.841497421264648
1993-02-25,9.618400573730469
1993-02-26,8.581048011779785
1993-02-27,8.43885326385498
1993-02-28,9.305201530456543
1993-03-01,9.600335121154785
1993-03-02,9.268708229064941
1993-03-03,9.161378860473633
1993-03-04,27.876127243041992
1993-03-05,81.38072204589844
1993-03-06,89.88861083984375
1993-03-07,63.87913513183594
1993-03-08,40.563114166259766
1993-03-09,27.456684112548828
1993-03-10,20.085899353027344
1993-03-11,15.774981498718262
1993-03-12,13.156240463256836
1993-03-13,18.79426383972168
1993-03-14,44.77239990234375
1993-03-15,61.295310974121094
1993-03-16,50.04608917236328
1993-03-17,37.15338897705078
1993-03-18,31.073291778564453
1993-03-19,28.865251541137695
1993-03-20,23.901058197021484
1993-03-21,18.911537170410156
1993-03-22,15.53698444366455
1993-03-23,13.369298934936523
1993-03-24,13.862112045288086
1993-03-25,19.940799713134766
1993-03-26,26.400442123413086
1993-03-27,33.02252960205078
1993-03-28,53.00160217285156
1993-03-29,62.482826232910156
1993-03-30,50.36333465576172
1993-03-31,35.4902229309082
1993-04-01,26.175193786621094
1993-04-02,21.749269485473633
1993-04-03,18.754262924194336
1993-04-04,15.67497444152832
1993-04-05,15.261459350585938
1993-04-06,30.356462478637695
1993-04-07,59.016571044921875
1993-04-08,61.552284240722656
1993-04-09,46.22612762451172
1993-04-10,36.898681640625
1993-04-11,44.481109619140625
1993-04-12,48.4576530456543
1993-04-13,38.72199249267578
1993-04-14,27.897598266601562
1993-04-15,20.84601593017578
1993-04-16,20.32384490966797
1993-04-17,33.23793029785156
1993-04-18,42.932708740234375
1993-04-19,35.23927688598633
1993-04-20,25.276309967041016
1993-04-21,18.809463500976562
1993-04-22,14.981409072875977
1993-04-23,12.697811126708984
1993-04-24,10.99962043762207
1993-04-25,9.680438041687012
1993-04-26,8.736296653747559
1993-04-27,8.185924530029297
1993-04-28,7.814907073974609
1993-04-29,7.143913269042969
1993-04-30,6.581979751586914
1993-05-01,6.167925834655762
1993-05-02,5.812281131744385
1993-05-03,5.42057466506958
1993-05-04,5.076465606689453
1993-05-05,5.4238104820251465
1993-05-06,7.45451545715332
1993-05-07,9.26660442352295
1993-05-08,8.408509254455566
1993-05-09,6.926889896392822
1993-05-10,5.8744001388549805
1993-05-11,5.219751834869385
1993-05-12,4.702319145202637
1993-05-13,4.266963958740234
1993-05-14,4.063663005828857
1993-05-15,4.202417850494385
1993-05-16,4.2514472007751465
1993-05-17,3.8927011489868164
1993-05-18,3.5078835487365723
1993-05-19,3.6342480182647705
1993-05-20,4.700631141662598
1993-05-21,5.602570533752441
1993-05-22,5.170417308807373
1993-05-23,4.375369548797607
1993-05-24,3.755168914794922
1993-05-25,3.300154209136963
1993-05-26,3.10178804397583
1993-05-27,3.5781736373901367
1993-05-28,4.156836032867432
1993-05-29,3.8674330711364746
1993-05-30,3.584378480911255
1993-05-31,3.754361391067505
1993-06-01,3.879688024520874
1993-06-02,3.9604740142822266
1993-06-03,3.7552490234375
1993-06-04,3.2652087211608887
1993-06-05,3.0416831970214844
1993-06-06,3.3058395385742188
1993-06-07,3.448066234588623
1993-06-08,3.0736422538757324
1993-06-09,2.637892246246338
1993-06-10,2.3088700771331787
1993-06-11,2.0461995601654053
1993-06-12,1.8630316257476807
1993-06-13,1.8053672313690186
1993-06-14,1.907062292098999
1993-06-15,1.9349383115768433
1993-06-16,1.7508658170700073
1993-06-17,1.5568746328353882
1993-06-18,1.4179247617721558
1993-06-19,1.2997078895568848
1993-06-20,1.2059924602508545
1993-06-21,1.113262414932251
1993-06-22,1.0467169284820557
1993-06-23,1.0286427736282349
1993-06-24,0.9856616258621216
1993-06-25,0.913404643535614
1993-06-26,0.843290388584137
1993-06-27,0.7950231432914734
1993-06-28,0.7796484231948853
1993-06-29,0.7689041495323181
1993-06-30,0.7653853893280029
1993-07-01,0.7891796827316284
1993-07-02,0.8229016065597534
1993-07-03,0.9339625835418701
1993-07-04,1.1088935136795044
1993-07-05,1.2299656867980957
1993-07-06,1.1946651935577393
1993-07-07,1.1084340810775757
1993-07-08,1.0281813144683838
1993-07-09,0.9342647790908813
1993-07-10,0.8609207272529602
1993-07-11,0.8202083706855774
1993-07-12,0.7803512811660767
1993-07-13,0.7541508674621582
1993-07-14,0.7480025887489319
1993-07-15,0.7418487668037415
1993-07-16,0.7244177460670471
1993-07-17,0.7034704685211182
1993-07-18,0.6667770147323608
1993-07-19,0.6769756078720093
1993-07-20,0.8436794877052307
1993-07-21,1.1068006753921509
1993-07-22,1.1504228115081787
1993-07-23,0.9660547971725464
1993-07-24,0.8337310552597046
1993-07-25,0.8598196506500244
1993-07-26,1.0144896507263184
1993-07-27,1.2544013261795044
1993-07-28,1.421705722808838
1993-07-29,1.334446668624878
1993-07-30,1.0731101036071777
1993-07-31,0.8403708934783936
1993-08-01,0.6790189743041992
1993-08-02,0.5829541087150574
1993-08-03,0.5895352959632874
1993-08-04,1.0109349489212036
1993-08-05,1.8350579738616943
1993-08-06,2.046769857406616
1993-08-07,1.8357442617416382
1993-08-08,1.7487088441848755
1993-08-09,1.5623060464859009
1993-08-10,1.2690114974975586
1993-08-11,1.0027529001235962
1993-08-12,0.818184494972229
1993-08-13,0.7457844614982605
1993-08-14,0.8138946294784546
1993-08-15,0.909797191619873
1993-08-16,0.854854941368103
1993-08-17,0.7519371509552002
1993-08-18,0.6785179376602173
1993-08-19,0.6292542815208435
1993-08-20,0.5756071209907532
1993-08-21,0.5349059104919434
1993-08-22,0.5270037651062012
1993-08-23,0.510084867477417
1993-08-24,0.4734859764575958
1993-08-25,0.4375630021095276
1993-08-26,0.4208046793937683
1993-08-27,0.4603290557861328
1993-08-28,0.5282345414161682
1993-08-29,0.5214162468910217
1993-08-30,0.46502214670181274
1993-08-31,0.41731318831443787
1993-09-01,0.3820940852165222
1993-09-02,0.3562576174736023
1993-09-03,0.33978432416915894
1993-09-04,0.3349686563014984
1993-09-05,0.4897454082965851
1993-09-06,1.002465009689331
1993-09-07,1.4471207857131958
1993-09-08,1.3397146463394165
1993-09-09,1.068398118019104
1993-09-10,0.8528339266777039
1993-09-11,0.6913700699806213
1993-09-12,0.5728946924209595
1993-09-13,0.49761250615119934
1993-09-14,0.45158347487449646
1993-09-15,0.41827982664108276
1993-09-16,0.40723690390586853
1993-09-17,0.4787631630897522
1993-09-18,0.6826323866844177
1993-09-19,0.878362774848938
1993-09-20,0.881437361240387
1993-09-21,0.7733817100524902
1993-09-22,0.7106293439865112
1993-09-23,0.6659905910491943
1993-09-24,0.5919018983840942
1993-09-25,0.5278114080429077
1993-09-26,0.4944959878921509
1993-09-27,0.4736737012863159
1993-09-28,0.45686423778533936
1993-09-29,0.44261234998703003
1993-09-30,0.4160586893558502
1993-10-01,0.3918863534927368
1993-10-02,0.3694043755531311
1993-10-03,0.351378858089447
1993-10-04,0.3357411026954651
1993-10-05,0.32578834891319275
1993-10-06,0.31267207860946655
1993-10-07,0.30308064818382263
1993-10-08,0.3084383010864258
1993-10-09,0.33221137523651123
1993-10-10,0.35068681836128235
1993-10-11,0.3636511564254761
1993-10-12,0.38658004999160767
1993-10-13,0.41182941198349
1993-10-14,0.4075196385383606
1993-10-15,0.3936566114425659
1993-10-16,0.3814793825149536
1993-10-17,0.3766777813434601
1993-10-18,0.3962022066116333
1993-10-19,0.4145764410495758
1993-10-20,0.4072333574295044
1993-10-21,0.39357954263687134
1993-10-22,0.39164891839027405
1993-10-23,0.4130937457084656
1993-10-24,0.42769235372543335
1993-10-25,0.4154621660709381
1993-10-26,0.4084703326225281
1993-10-27,0.457625150680542
1993-10-28,0.5395745038986206
1993-10-29,0.5432330369949341
1993-10-30,0.8101702928543091
1993-10-31,2.0293467044830322
1993-11-01,3.295267105102539
1993-11-02,3.010232925415039
1993-11-03,2.1867830753326416
1993-11-04,1.6009559631347656
1993-11-05,1.36149001121521
1993-11-06,1.7208712100982666
1993-11-07,2.6851606369018555
1993-11-08,2.946840524673462
1993-11-09,2.4725818634033203
1993-11-10,1.943156123161316
1993-11-11,1.5887813568115234
1993-11-12,1.387782335281372
1993-11-13,1.263445258140564
1993-11-14,1.1821660995483398
1993-11-15,1.1150593757629395
1993-11-16,1.0596636533737183
1993-11-17,1.0028858184814453
1993-11-18,0.9637083411216736
1993-11-19,0.9305322766304016
1993-11-20,0.8980803489685059
1993-11-21,0.8861266374588013
1993-11-22,0.880347728729248
1993-11-23,0.8726862668991089
1993-11-24,0.8562697172164917
1993-11-25,0.8339407444000244
1993-11-26,0.7912393808364868
1993-11-27,1.1393036842346191
1993-11-28,6.240463733673096
1993-11-29,17.70105743408203
1993-11-30,17.011680603027344
1993-12-01,10.893604278564453
1993-12-02,6.549289703369141
1993-12-03,4.342366695404053
1993-12-04,3.2481276988983154
1993-12-05,3.831709384918213
1993-12-06,8.254655838012695
1993-12-07,11.488388061523438
1993-12-08,9.664656639099121
1993-12-09,6.89650297164917
1993-12-10,5.029812812805176
1993-12-11,4.124586582183838
1993-12-12,3.9662938117980957
1993-12-13,3.7318921089172363
1993-12-14,3.315544843673706
1993-12-15,3.423591136932373
1993-12-16,5.9486165046691895
1993-12-17,9.942305564880371
1993-12-18,9.82735538482666
1993-12-19,7.79390811920166
1993-12-20,6.240871906280518
1993-12-21,5.914381980895996
1993-12-22,8.242350578308105
1993-12-23,10.35316276550293
1993-12-24,10.678519248962402
1993-12-25,10.148521423339844
1993-12-26,8.54317855834961
1993-12-27,6.997645854949951
1993-12-28,5.842395305633545
1993-12-29,5.090437889099121
1993-12-30,4.8206095695495605
1993-12-31,4.814503192901611
1994-01-01,4.501068115234375
1994-01-02,4.864903450012207
1994-01-03,7.218819618225098
1994-01-04,10.719474792480469
1994-01-05,14.279643058776855
1994-01-06,15.527064323425293
1994-01-07,13.201043128967285
1994-01-08,10.747879028320312
1994-01-09,9.975471496582031
1994-01-10,9.647967338562012
1994-01-11,8.325661659240723
1994-01-12,7.903468132019043
1994-01-13,11.78906536102295
1994-01-14,17.025636672973633
1994-01-15,16.319272994995117
1994-01-16,13.243353843688965
1994-01-17,10.087621688842773
1994-01-18,9.989226341247559
1994-01-19,15.137704849243164
1994-01-20,15.690010070800781
1994-01-21,12.746170043945312
1994-01-22,10.470316886901855
1994-01-23,8.821901321411133
1994-01-24,7.874573230743408
1994-01-25,7.416568756103516
1994-01-26,7.106277942657471
1994-01-27,6.809323787689209
1994-01-28,7.372142314910889
1994-01-29,11.917685508728027
1994-01-30,17.212539672851562
1994-01-31,16.005876541137695
1994-02-01,13.092096328735352
1994-02-02,10.604713439941406
1994-02-03,8.862417221069336
1994-02-04,7.599456787109375
1994-02-05,6.819581508636475
1994-02-06,6.861759185791016
1994-02-07,7.388202667236328
1994-02-08,7.146640777587891
1994-02-09,6.6523871421813965
1994-02-10,6.946809768676758
1994-02-11,11.507257461547852
1994-02-12,20.803239822387695
1994-02-13,24.57034683227539
1994-02-14,23.667865753173828
1994-02-15,21.177772521972656
1994-02-16,17.8232479095459
1994-02-17,14.67628288269043
1994-02-18,12.059571266174316
1994-02-19,10.064330101013184
1994-02-20,8.72637939453125
1994-02-21,7.815312385559082
1994-02-22,7.170921325683594
1994-02-23,6.805115699768066
1994-02-24,13.111893653869629
1994-02-25,32.03334045410156
1994-02-26,34.763099670410156
1994-02-27,26.844287872314453
1994-02-28,19.28365707397461
1994-03-01,14.186508178710938
1994-03-02,24.540420532226562
1994-03-03,72.1658706665039
1994-03-04,102.1484375
1994-03-05,78.09408569335938
1994-03-06,49.38177490234375
1994-03-07,32.1453857421875
1994-03-08,22.86129379272461
1994-03-09,17.48954963684082
1994-03-10,16.577392578125
1994-03-11,24.713829040527344
1994-03-12,29.414920806884766
1994-03-13,24.34803009033203
1994-03-14,18.715656280517578
1994-03-15,15.044024467468262
1994-03-16,12.69425106048584
1994-03-17,11.01933765411377
1994-03-18,9.663759231567383
1994-03-19,8.743680953979492
1994-03-20,8.222583770751953
1994-03-21,7.660589218139648
1994-03-22,7.450233459472656
1994-03-23,7.895871639251709
1994-03-24,7.842750549316406
1994-03-25,9.127299308776855
1994-03-26,16.49639129638672
1994-03-27,24.969810485839844
1994-03-28,28.041397094726562
1994-03-29,42.91371154785156
1994-03-30,66.2069320678711
1994-03-31,60.69320297241211
1994-04-01,49.969642639160156
1994-04-02,41.527015686035156
1994-04-03,31.590065002441406
1994-04-04,23.7399845123291
1994-04-05,18.356307983398438
1994-04-06,14.809837341308594
1994-04-07,12.656335830688477
1994-04-08,11.3176908493042
1994-04-09,9.964167594909668
1994-04-10,8.838298797607422
1994-04-11,8.069246292114258
1994-04-12,7.496659278869629
1994-04-13,7.269958019256592
1994-04-14,7.561562538146973
1994-04-15,8.212297439575195
1994-04-16,9.656261444091797
1994-04-17,12.896993637084961
1994-04-18,13.242554664611816
1994-04-19,11.118583679199219
1994-04-20,9.015303611755371
1994-04-21,7.5007500648498535
1994-04-22,6.431748390197754
1994-04-23,5.687410354614258
1994-04-24,5.136001110076904
1994-04-25,4.712447643280029
1994-04-26,4.375400543212891
1994-04-27,4.08143424987793
1994-04-28,3.850897789001465
1994-04-29,3.6628785133361816
1994-04-30,3.481395959854126
1994-05-01,3.3546221256256104
1994-05-02,3.3122472763061523
1994-05-03,3.2548699378967285
1994-05-04,3.4600884914398193
1994-05-05,5.21912145614624
1994-05-06,7.631442546844482
1994-05-07,7.286154270172119
1994-05-08,6.052112579345703
1994-05-09,5.790116786956787
1994-05-10,5.934508323669434
1994-05-11,5.315833568572998
1994-05-12,4.480568885803223
1994-05-13,3.789801597595215
1994-05-14,3.263969898223877
1994-05-15,2.8761706352233887
1994-05-16,2.6862447261810303
1994-05-17,2.7634549140930176
1994-05-18,2.7778189182281494
1994-05-19,2.5550479888916016
1994-05-20,2.3516674041748047
1994-05-21,2.194133758544922
1994-05-22,2.053400993347168
1994-05-23,1.93357515335083
1994-05-24,1.806307315826416
1994-05-25,1.661562442779541
1994-05-26,1.547888994216919
1994-05-27,1.6659059524536133
1994-05-28,2.1174068450927734
1994-05-29,2.307880163192749
1994-05-30,2.0828444957733154
1994-05-31,1.8079326152801514
1994-06-01,1.5979599952697754
1994-06-02,1.4601860046386719
1994-06-03,1.3239073753356934
1994-06-04,1.1966302394866943
1994-06-05,1.091739296913147
1994-06-06,1.0472097396850586
1994-06-07,1.1085361242294312
1994-06-08,1.294916033744812
1994-06-09,1.5231804847717285
1994-06-10,1.6414700746536255
1994-06-11,2.114821672439575
1994-06-12,3.556898593902588
1994-06-13,4.391552448272705
1994-06-14,3.623518943786621
1994-06-15,2.634158134460449
1994-06-16,2.013979911804199
1994-06-17,1.8590333461761475
1994-06-18,2.2989251613616943
1994-06-19,2.691821336746216
1994-06-20,2.378535270690918
1994-06-21,1.933773398399353
1994-06-22,1.7137387990951538
1994-06-23,1.691472053527832
1994-06-24,1.6950657367706299
1994-06-25,1.6727361679077148
1994-06-26,1.5076088905334473
1994-06-27,1.3399266004562378
1994-06-28,1.3184818029403687
1994-06-29,1.4098173379898071
1994-06-30,1.6017370223999023
1994-07-01,1.973660945892334
1994-07-02,2.1203453540802
1994-07-03,1.9167945384979248
1994-07-04,1.6240198612213135
1994-07-05,1.5097386837005615
1994-07-06,1.5177850723266602
1994-07-07,1.3909162282943726
1994-07-08,1.2001795768737793
1994-07-09,1.036010503768921
1994-07-10,0.9304152727127075
1994-07-11,0.9627549052238464
1994-07-12,1.0995147228240967
1994-07-13,1.1449614763259888
1994-07-14,1.0941694974899292
1994-07-15,0.9813051223754883
1994-07-16,0.8776406645774841
1994-07-17,0.8257570862770081
1994-07-18,0.8981848359107971
1994-07-19,1.188529133796692
1994-07-20,1.6427277326583862
1994-07-21,2.1161677837371826
1994-07-22,2.6284396648406982
1994-07-23,3.05037260055542
1994-07-24,3.1666932106018066
1994-07-25,2.857254981994629
1994-07-26,2.3809661865234375
1994-07-27,2.4310994148254395
1994-07-28,3.3154447078704834
1994-07-29,4.636529445648193
1994-07-30,6.183282375335693
1994-07-31,7.062686920166016
1994-08-01,6.517520904541016
1994-08-02,5.27271032333374
1994-08-03,4.227016448974609
1994-08-04,3.458839178085327
1994-08-05,3.0340473651885986
1994-08-06,3.316161870956421
1994-08-07,3.5714974403381348
1994-08-08,3.086442470550537
1994-08-09,2.411454916000366
1994-08-10,1.8836312294006348
1994-08-11,1.5293329954147339
1994-08-12,1.279911756515503
1994-08-13,1.1164348125457764
1994-08-14,1.0357292890548706
1994-08-15,1.093400239944458
1994-08-16,1.9626421928405762
1994-08-17,4.425493240356445
1994-08-18,6.801822662353516
1994-08-19,7.163807392120361
1994-08-20,5.86042594909668
1994-08-21,4.479646682739258
1994-08-22,3.6367721557617188
1994-08-23,3.120972156524658
1994-08-24,2.5395567417144775
1994-08-25,2.027690887451172
1994-08-26,1.6539561748504639
1994-08-27,1.4213608503341675
1994-08-28,1.2899365425109863
1994-08-29,1.2099905014038086
1994-08-30,1.2350050210952759
1994-08-31,1.4491074085235596
1994-09-01,1.5896228551864624
1994-09-02,1.9054317474365234
1994-09-03,3.7022249698638916
1994-09-04,5.944363594055176
1994-09-05,5.552628517150879
1994-09-06,4.134305477142334
1994-09-07,3.026639461517334
1994-09-08,2.3278441429138184
1994-09-09,1.8475074768066406
1994-09-10,1.5298399925231934
1994-09-11,1.3205846548080444
1994-09-12,1.1575391292572021
1994-09-13,1.0321451425552368
1994-09-14,0.9394064545631409
1994-09-15,0.8620722889900208
1994-09-16,0.7950122356414795
1994-09-17,0.7404341101646423
1994-09-18,0.7292106747627258
1994-09-19,0.7744821310043335
1994-09-20,0.8082125186920166
1994-09-21,0.7871575355529785
1994-09-22,0.7571784257888794
1994-09-23,0.7315846085548401
1994-09-24,0.7283886075019836
1994-09-25,0.868481457233429
1994-09-26,1.2340166568756104
1994-09-27,1.589463233947754
1994-09-28,1.5929484367370605
1994-09-29,1.364868402481079
1994-09-30,1.135814905166626
1994-10-01,0.9676074981689453
1994-10-02,0.8543046712875366
1994-10-03,0.7868879437446594
1994-10-04,0.7511622905731201
1994-10-05,0.7163757085800171
1994-10-06,0.6791715621948242
1994-10-07,0.6488972306251526
1994-10-08,0.6324907541275024
1994-10-09,0.6246806383132935
1994-10-10,0.6199377775192261
1994-10-11,0.6675288081169128
1994-10-12,0.7301307916641235
1994-10-13,0.7468002438545227
1994-10-14,2.2660624980926514
1994-10-15,8.636146545410156
1994-10-16,14.437554359436035
1994-10-17,12.039838790893555
1994-10-18,7.860592842102051
1994-10-19,5.054182052612305
1994-10-20,3.5437207221984863
1994-10-21,2.873353958129883
1994-10-22,2.562814474105835
1994-10-23,2.2808749675750732
1994-10-24,2.180551052093506
1994-10-25,2.14031720161438
1994-10-26,1.9467189311981201
1994-10-27,1.7397598028182983
1994-10-28,1.5730559825897217
1994-10-29,1.4555691480636597
1994-10-30,1.3775007724761963
1994-10-31,1.330264687538147
1994-11-01,1.3173160552978516
1994-11-02,1.3879029750823975
1994-11-03,1.4406546354293823
1994-11-04,1.428005576133728
1994-11-05,1.3666059970855713
1994-11-06,1.2993308305740356
1994-11-07,1.246124267578125
1994-11-08,1.2043828964233398
1994-11-09,1.1822068691253662
1994-11-10,1.1540393829345703
1994-11-11,1.1619901657104492
1994-11-12,1.2065526247024536
1994-11-13,1.226696252822876
1994-11-14,1.2285388708114624
1994-11-15,1.2121870517730713
1994-11-16,1.1854758262634277
1994-11-17,1.1699621677398682
1994-11-18,1.195230484008789
1994-11-19,1.2454833984375
1994-11-20,1.2243845462799072
1994-11-21,1.2159557342529297
1994-11-22,1.3707568645477295
1994-11-23,1.6021647453308105
1994-11-24,1.5722880363464355
1994-11-25,1.4572778940200806
1994-11-26,1.3638261556625366
1994-11-27,1.3704198598861694
1994-11-28,1.7915230989456177
1994-11-29,2.655269145965576
1994-11-30,3.3080780506134033
1994-12-01,3.7521464824676514
1994-12-02,3.6932356357574463
1994-12-03,3.2297251224517822
1994-12-04,2.812241792678833
1994-12-05,2.697455406188965
1994-12-06,3.0619142055511475
1994-12-07,3.3020050525665283
1994-12-08,3.075268268585205
1994-12-09,2.71614933013916
1994-12-10,2.42838191986084
1994-12-11,2.4362752437591553
1994-12-12,3.106368064880371
1994-12-13,3.7200613021850586
1994-12-14,3.585827112197876
1994-12-15,3.4419071674346924
1994-12-16,3.3461532592773438
1994-12-17,3.0988340377807617
1994-12-18,2.8835482597351074
1994-12-19,2.801104784011841
1994-12-20,2.649134397506714
1994-12-21,2.490602493286133
1994-12-22,2.357133388519287
1994-12-23,2.660914659500122
1994-12-24,4.535696506500244
1994-12-25,6.943150997161865
1994-12-26,6.714382648468018
1994-12-27,5.538791656494141
1994-12-28,4.544624328613281
1994-12-29,3.8568336963653564
1994-12-30,3.3711748123168945
1994-12-31,3.0264768600463867
1995-01-01,2.931537628173828
1995-01-02,3.1749653816223145
1995-01-03,3.256486415863037
1995-01-04,3.0852088928222656
1995-01-05,2.8542611598968506
1995-01-06,2.68959379196167
1995-01-07,3.7880680561065674
1995-01-08,9.123918533325195
1995-01-09,14.792623519897461
1995-01-10,13.397353172302246
1995-01-11,10.063465118408203
1995-01-12,7.650511264801025
1995-01-13,6.332568645477295
1995-01-14,5.703974723815918
1995-01-15,11.333717346191406
1995-01-16,35.58238220214844
1995-01-17,55.445655822753906
1995-01-18,42.65359115600586
1995-01-19,26.629924774169922
1995-01-20,18.018287658691406
1995-01-21,15.83305549621582
1995-01-22,15.035855293273926
1995-01-23,12.814506530761719
1995-01-24,10.585474967956543
1995-01-25,9.27121353149414
1995-01-26,8.015304565429688
1995-01-27,6.983303546905518
1995-01-28,6.725827217102051
1995-01-29,8.781059265136719
1995-01-30,12.010454177856445
1995-01-31,12.63565444946289
1995-02-01,11.4512939453125
1995-02-02,9.983309745788574
1995-02-03,8.773998260498047
1995-02-04,8.19679069519043
1995-02-05,8.415279388427734
1995-02-06,8.490989685058594
1995-02-07,7.734931468963623
1995-02-08,6.85610294342041
1995-02-09,6.297337532043457
1995-02-10,5.856821537017822
1995-02-11,5.638862609863281
1995-02-12,6.143029689788818
1995-02-13,7.0466156005859375
1995-02-14,6.985595703125
1995-02-15,6.9437971115112305
1995-02-16,15.21578311920166
1995-02-17,46.11497116088867
1995-02-18,80.83545684814453
1995-02-19,81.10232543945312
1995-02-20,65.93095397949219
1995-02-21,46.737518310546875
1995-02-22,32.17710494995117
1995-02-23,23.021764755249023
1995-02-24,17.437410354614258
1995-02-25,13.920456886291504
1995-02-26,11.529342651367188
1995-02-27,9.9486665725708
1995-02-28,9.241182327270508
1995-03-01,13.141916275024414
1995-03-02,25.754653930664062
1995-03-03,33.664451599121094
1995-03-04,28.392738342285156
1995-03-05,22.71182632446289
1995-03-06,20.090805053710938
1995-03-07,18.79183006286621
1995-03-08,21.011533737182617
1995-03-09,31.685619354248047
1995-03-10,42.85881042480469
1995-03-11,34.65048599243164
1995-03-12,25.09050750732422
1995-03-13,19.023162841796875
1995-03-14,15.229632377624512
1995-03-15,12.7493257522583
1995-03-16,11.080581665039062
1995-03-17,9.974186897277832
1995-03-18,9.10229206085205
1995-03-19,8.338598251342773
1995-03-20,7.627481937408447
1995-03-21,7.339979648590088
1995-03-22,7.856340408325195
1995-03-23,8.242169380187988
1995-03-24,7.805818557739258
1995-03-25,7.155310153961182
1995-03-26,6.545159339904785
1995-03-27,6.048526287078857
1995-03-28,5.73060417175293
1995-03-29,5.526525020599365
1995-03-30,5.272298812866211
1995-03-31,5.018570899963379
1995-04-01,4.776681900024414
1995-04-02,4.548947334289551
1995-04-03,4.359140872955322
1995-04-04,4.217048645019531
1995-04-05,4.07895565032959
1995-04-06,3.894052028656006
1995-04-07,3.7550253868103027
1995-04-08,3.6309194564819336
1995-04-09,3.5083160400390625
1995-04-10,3.375307559967041
1995-04-11,3.1960601806640625
1995-04-12,3.1023330688476562
1995-04-13,3.621701717376709
1995-04-14,4.837391376495361
1995-04-15,5.1697564125061035
1995-04-16,4.682700157165527
1995-04-17,4.135892391204834
1995-04-18,3.706087827682495
1995-04-19,3.380173683166504
1995-04-20,3.1330552101135254
1995-04-21,2.9219725131988525
1995-04-22,2.782158374786377
1995-04-23,2.661346912384033
1995-04-24,2.6206107139587402
1995-04-25,2.8043272495269775
1995-04-26,2.941767692565918
1995-04-27,2.7951998710632324
1995-04-28,2.593708038330078
1995-04-29,2.4108781814575195
1995-04-30,2.2389094829559326
1995-05-01,2.1178083419799805
1995-05-02,2.172423839569092
1995-05-03,2.6983065605163574
1995-05-04,3.3164262771606445
1995-05-05,3.2142529487609863
1995-05-06,2.8528082370758057
1995-05-07,2.50618314743042
1995-05-08,2.201474905014038
1995-05-09,1.967043161392212
1995-05-10,1.938128113746643
1995-05-11,2.4675540924072266
1995-05-12,3.2250266075134277
1995-05-13,3.38138747215271
1995-05-14,3.671051025390625
1995-05-15,5.105119705200195
1995-05-16,6.302720546722412
1995-05-17,5.631547927856445
1995-05-18,4.364882469177246
1995-05-19,3.5044994354248047
1995-05-20,3.4164490699768066
1995-05-21,3.6794610023498535
1995-05-22,3.274819850921631
1995-05-23,2.698936939239502
1995-05-24,2.264167070388794
1995-05-25,1.939613699913025
1995-05-26,1.712689757347107
1995-05-27,1.7081248760223389
1995-05-28,2.5427842140197754
1995-05-29,4.775551795959473
1995-05-30,6.418088436126709
1995-05-31,5.455974578857422
1995-06-01,3.94288969039917
1995-06-02,2.98401141166687
1995-06-03,3.168947696685791
1995-06-04,4.212900161743164
1995-06-05,4.3984150886535645
1995-06-06,4.9339447021484375
1995-06-07,9.587132453918457
1995-06-08,15.199353218078613
1995-06-09,13.31644058227539
1995-06-10,9.930608749389648
1995-06-11,8.197844505310059
1995-06-12,8.313726425170898
1995-06-13,9.5741548538208
1995-06-14,10.085871696472168
1995-06-15,8.216907501220703
1995-06-16,6.0041656494140625
1995-06-17,4.513504981994629
1995-06-18,3.5521247386932373
1995-06-19,3.1609277725219727
1995-06-20,4.014427185058594
1995-06-21,5.043213367462158
1995-06-22,5.144649982452393
1995-06-23,5.613283634185791
1995-06-24,6.760684013366699
1995-06-25,7.925637245178223
1995-06-26,8.470090866088867
1995-06-27,8.696870803833008
1995-06-28,10.294200897216797
1995-06-29,22.100086212158203
1995-06-30,51.63074493408203
1995-07-01,63.794212341308594
1995-07-02,52.4905891418457
1995-07-03,38.12016296386719
1995-07-04,26.513513565063477
1995-07-05,20.89649772644043
1995-07-06,19.358474731445312
1995-07-07,20.11890411376953
1995-07-08,22.31012535095215
1995-07-09,20.323078155517578
1995-07-10,14.846370697021484
1995-07-11,10.691545486450195
1995-07-12,8.522324562072754
1995-07-13,7.1143798828125
1995-07-14,5.7436933517456055
1995-07-15,4.606838226318359
1995-07-16,3.810014009475708
1995-07-17,3.4442806243896484
1995-07-18,3.514033794403076
1995-07-19,3.606128692626953
1995-07-20,3.3790202140808105
1995-07-21,3.016204357147217
1995-07-22,3.086799144744873
1995-07-23,3.7089812755584717
1995-07-24,3.971090316772461
1995-07-25,3.7556238174438477
1995-07-26,3.624455451965332
1995-07-27,3.4725184440612793
1995-07-28,3.2044715881347656
1995-07-29,2.980325937271118
1995-07-30,2.6757149696350098
1995-07-31,2.473637580871582
1995-08-01,2.5457074642181396
1995-08-02,2.5807645320892334
1995-08-03,2.3434457778930664
1995-08-04,2.0353498458862305
1995-08-05,1.800248622894287
1995-08-06,1.6102732419967651
1995-08-07,1.4262065887451172
1995-08-08,1.2705456018447876
1995-08-09,1.1663832664489746
1995-08-10,1.111039161682129
1995-08-11,1.0960030555725098
1995-08-12,1.0769578218460083
1995-08-13,1.0310689210891724
1995-08-14,1.0114970207214355
1995-08-15,1.0103687047958374
1995-08-16,0.9579049348831177
1995-08-17,0.8741105198860168
1995-08-18,0.7862519025802612
1995-08-19,0.7198864817619324
1995-08-20,0.6676493883132935
1995-08-21,0.6216055750846863
1995-08-22,0.587476372718811
1995-08-23,0.5875414609909058
1995-08-24,0.6237303018569946
1995-08-25,0.6496046781539917
1995-08-26,0.648381233215332
1995-08-27,1.0859110355377197
1995-08-28,5.4899163246154785
1995-08-29,13.473793983459473
1995-08-30,12.026351928710938
1995-08-31,7.1141462326049805
1995-09-01,4.140321731567383
1995-09-02,2.984907865524292
1995-09-03,2.606990337371826
1995-09-04,2.170112133026123
1995-09-05,1.7412444353103638
1995-09-06,1.443405270576477
1995-09-07,1.25249445438385
1995-09-08,1.1239569187164307
1995-09-09,1.0321080684661865
1995-09-10,0.9494798183441162
1995-09-11,0.887748122215271
1995-09-12,0.8453332185745239
1995-09-13,0.8087624907493591
1995-09-14,0.7671654224395752
1995-09-15,0.730438232421875
1995-09-16,0.7197149395942688
1995-09-17,0.7627071738243103
1995-09-18,0.8572230339050293
1995-09-19,0.8976473212242126
1995-09-20,0.8568992018699646
1995-09-21,0.807950496673584
1995-09-22,0.8275876641273499
1995-09-23,1.0707647800445557
1995-09-24,1.5772109031677246
1995-09-25,1.911447525024414
1995-09-26,1.8208434581756592
1995-09-27,1.7153030633926392
1995-09-28,1.6078314781188965
1995-09-29,1.4044263362884521
1995-09-30,1.2064273357391357
1995-10-01,1.066222906112671
1995-10-02,0.9716456532478333
1995-10-03,0.9029812812805176
1995-10-04,1.7018150091171265
1995-10-05,9.331486701965332
1995-10-06,24.391063690185547
1995-10-07,28.93116569519043
1995-10-08,20.555908203125
1995-10-09,12.070680618286133
1995-10-10,7.269093990325928
1995-10-11,4.911005020141602
1995-10-12,3.6831161975860596
1995-10-13,2.9739160537719727
1995-10-14,2.619006633758545
1995-10-15,3.766291856765747
1995-10-16,7.5185346603393555
1995-10-17,9.409003257751465
1995-10-18,7.973587512969971
1995-10-19,5.914037704467773
1995-10-20,4.839716911315918
1995-10-21,8.510154724121094
1995-10-22,18.101665496826172
1995-10-23,19.231666564941406
1995-10-24,14.39831256866455
1995-10-25,9.923141479492188
1995-10-26,7.064559459686279
1995-10-27,5.400938987731934
1995-10-28,5.05125093460083
1995-10-29,6.876412868499756
1995-10-30,8.786563873291016
1995-10-31,8.192103385925293
1995-11-01,6.836949348449707
1995-11-02,6.811668395996094
1995-11-03,9.479995727539062
1995-11-04,13.460389137268066
1995-11-05,14.509258270263672
1995-11-06,12.531876564025879
1995-11-07,12.997795104980469
1995-11-08,25.316879272460938
1995-11-09,39.277061462402344
1995-11-10,33.38117218017578
1995-11-11,24.54574966430664
1995-11-12,27.734010696411133
1995-11-13,38.300899505615234
1995-11-14,33.62425994873047
1995-11-15,25.23849105834961
1995-11-16,19.692218780517578
1995-11-17,15.352631568908691
1995-11-18,12.151079177856445
1995-11-19,9.985471725463867
1995-11-20,8.5424165725708
1995-11-21,7.5105299949646
1995-11-22,6.742419242858887
1995-11-23,6.1410722732543945
1995-11-24,5.719232559204102
1995-11-25,5.877396583557129
1995-11-26,6.727956771850586
1995-11-27,6.9107747077941895
1995-11-28,6.547110557556152
1995-11-29,6.117513656616211
1995-11-30,5.953145980834961
1995-12-01,6.048810005187988
1995-12-02,5.792924880981445
1995-12-03,5.380583763122559
1995-12-04,5.0249810218811035
1995-12-05,4.757903099060059
1995-12-06,4.563797473907471
1995-12-07,4.587767601013184
1995-12-08,5.279867172241211
1995-12-09,7.12577486038208
1995-12-10,11.477231979370117
1995-12-11,15.38878345489502
1995-12-12,14.029935836791992
1995-12-13,11.119794845581055
1995-12-14,9.112127304077148
1995-12-15,7.916767120361328
1995-12-16,7.117410659790039
1995-12-17,6.519472599029541
1995-12-18,5.988734722137451
1995-12-19,5.920031547546387
1995-12-20,7.902660369873047
1995-12-21,10.805658340454102
1995-12-22,10.553659439086914
1995-12-23,8.962319374084473
1995-12-24,7.635990142822266
1995-12-25,6.681375503540039
1995-12-26,5.967345714569092
1995-12-27,5.453224182128906
1995-12-28,5.009819984436035
1995-12-29,4.663453578948975
1995-12-30,4.391725063323975
1995-12-31,4.206600189208984
1996-01-01,4.25898551940918
1996-01-02,4.8414788246154785
1996-01-03,5.88493537902832
1996-01-04,7.208534240722656
1996-01-05,7.523641109466553
1996-01-06,6.908495903015137
1996-01-07,6.604228973388672
1996-01-08,7.127246379852295
1996-01-09,7.577608585357666
1996-01-10,7.6187286376953125
1996-01-11,7.577709197998047
1996-01-12,7.385421276092529
1996-01-13,7.624701976776123
1996-01-14,8.56884765625
1996-01-15,10.117413520812988
1996-01-16,12.908281326293945
1996-01-17,15.692214965820312
1996-01-18,16.7541561126709
1996-01-19,21.109699249267578
1996-01-20,34.917266845703125
1996-01-21,38.48746109008789
1996-01-22,28.85210609436035
1996-01-23,20.3314208984375
1996-01-24,15.920482635498047
1996-01-25,15.191346168518066
1996-01-26,15.86512279510498
1996-01-27,17.341609954833984
1996-01-28,26.99319076538086
1996-01-29,33.702903747558594
1996-01-30,27.860530853271484
1996-01-31,21.134958267211914
1996-02-01,18.44713020324707
1996-02-02,17.103925704956055
1996-02-03,15.528430938720703
1996-02-04,14.55286979675293
1996-02-05,13.114248275756836
1996-02-06,11.919163703918457
1996-02-07,11.492086410522461
1996-02-08,12.155354499816895
1996-02-09,17.166833877563477
1996-02-10,27.802661895751953
1996-02-11,35.44168472290039
1996-02-12,35.184654235839844
1996-02-13,29.674793243408203
1996-02-14,23.18079948425293
1996-02-15,18.06519317626953
1996-02-16,15.230684280395508
1996-02-17,15.104389190673828
1996-02-18,15.794600486755371
1996-02-19,14.253565788269043
1996-02-20,13.346176147460938
1996-02-21,17.223846435546875
1996-02-22,23.949607849121094
1996-02-23,23.6846981048584
1996-02-24,19.836883544921875
1996-02-25,16.395503997802734
1996-02-26,13.663031578063965
1996-02-27,11.677397727966309
1996-02-28,10.254135131835938
1996-02-29,9.327397346496582
1996-03-01,8.575593948364258
1996-03-02,7.818344593048096
1996-03-03,7.233994483947754
1996-03-04,6.775187015533447
1996-03-05,6.387749671936035
1996-03-06,6.733347415924072
1996-03-07,13.460101127624512
1996-03-08,35.75286865234375
1996-03-09,55.05815124511719
1996-03-10,47.58243942260742
1996-03-11,34.38031768798828
1996-03-12,24.568340301513672
1996-03-13,18.36400604248047
1996-03-14,14.479151725769043
1996-03-15,12.386482238769531
1996-03-16,11.176323890686035
1996-03-17,10.454000473022461
1996-03-18,10.563331604003906
1996-03-19,12.598167419433594
1996-03-20,16.518911361694336
1996-03-21,18.32072639465332
1996-03-22,16.074125289916992
1996-03-23,13.229156494140625
1996-03-24,11.016361236572266
1996-03-25,9.534584999084473
1996-03-26,8.7296724319458
1996-03-27,8.230913162231445
1996-03-28,8.770339012145996
1996-03-29,13.528082847595215
1996-03-30,20.214113235473633
1996-03-31,19.619586944580078
1996-04-01,16.42024803161621
1996-04-02,15.108192443847656
1996-04-03,14.98123550415039
1996-04-04,13.257776260375977
1996-04-05,11.356761932373047
1996-04-06,9.794921875
1996-04-07,8.74618911743164
1996-04-08,8.375551223754883
1996-04-09,8.364011764526367
1996-04-10,9.534976959228516
1996-04-11,10.03126335144043
1996-04-12,9.38399600982666
1996-04-13,8.451456069946289
1996-04-14,7.668362140655518
1996-04-15,7.25480842590332
1996-04-16,7.574187755584717
1996-04-17,8.14120864868164
1996-04-18,7.670355319976807
1996-04-19,6.887765884399414
1996-04-20,6.3050432205200195
1996-04-21,5.927029609680176
1996-04-22,5.71455192565918
1996-04-23,5.536273002624512
1996-04-24,5.199097156524658
1996-04-25,4.812495708465576
1996-04-26,4.600615978240967
1996-04-27,4.812680721282959
1996-04-28,5.113009929656982
1996-04-29,4.959674835205078
1996-04-30,6.350491523742676
1996-05-01,11.906180381774902
1996-05-02,16.290536880493164
1996-05-03,14.205081939697266
1996-05-04,10.775278091430664
1996-05-05,8.188847541809082
1996-05-06,6.6317009925842285
1996-05-07,6.6935296058654785
1996-05-08,8.440120697021484
1996-05-09,9.687851905822754
1996-05-10,8.591266632080078
1996-05-11,6.914227485656738
1996-05-12,6.000865936279297
1996-05-13,5.718797206878662
1996-05-14,5.139365196228027
1996-05-15,4.676674842834473
1996-05-16,5.478080749511719
1996-05-17,9.466608047485352
1996-05-18,13.737691879272461
1996-05-19,13.057373046875
1996-05-20,9.771461486816406
1996-05-21,7.031273365020752
1996-05-22,5.314902305603027
1996-05-23,4.25333309173584
1996-05-24,3.559985876083374
1996-05-25,3.2076520919799805
1996-05-26,3.2495734691619873
1996-05-27,3.5138587951660156
1996-05-28,4.389663219451904
1996-05-29,7.080803394317627
1996-05-30,9.5020751953125
1996-05-31,9.118898391723633
1996-06-01,7.08828067779541
1996-06-02,5.264362335205078
1996-06-03,4.087062835693359
1996-06-04,3.396548271179199
1996-06-05,3.239514112472534
1996-06-06,3.5146982669830322
1996-06-07,3.5614209175109863
1996-06-08,3.156799077987671
1996-06-09,2.816469669342041
1996-06-10,3.085122585296631
1996-06-11,3.9307913780212402
1996-06-12,4.400601387023926
1996-06-13,4.5094428062438965
1996-06-14,4.157795429229736
1996-06-15,3.533318281173706
1996-06-16,2.945430278778076
1996-06-17,2.5074965953826904
1996-06-18,2.196165084838867
1996-06-19,1.9289155006408691
1996-06-20,1.7381353378295898
1996-06-21,1.668755292892456
1996-06-22,1.6208646297454834
1996-06-23,1.540146827697754
1996-06-24,1.4447036981582642
1996-06-25,1.4062525033950806
1996-06-26,1.401000738143921
1996-06-27,1.348312258720398
1996-06-28,1.1986862421035767
1996-06-29,1.0539542436599731
1996-06-30,0.9454824328422546
1996-07-01,0.8714188933372498
1996-07-02,0.8306270837783813
1996-07-03,0.8486759066581726
1996-07-04,0.8963277339935303
1996-07-05,0.8710770606994629
1996-07-06,0.8172155022621155
1996-07-07,0.7908622622489929
1996-07-08,0.7658018469810486
1996-07-09,0.7885870337486267
1996-07-10,0.8829501271247864
1996-07-11,0.9038426876068115
1996-07-12,0.9473382234573364
1996-07-13,1.4971444606781006
1996-07-14,2.493802547454834
1996-07-15,3.0157508850097656
1996-07-16,3.9123785495758057
1996-07-17,4.791455268859863
1996-07-18,4.3761773109436035
1996-07-19,3.634845733642578
1996-07-20,2.8743135929107666
1996-07-21,2.1530508995056152
1996-07-22,1.6649218797683716
1996-07-23,1.5609954595565796
1996-07-24,1.8738439083099365
1996-07-25,2.505208969116211
1996-07-26,3.5301270484924316
1996-07-27,4.408578395843506
1996-07-28,4.0185065269470215
1996-07-29,3.206843852996826
1996-07-30,2.856755495071411
1996-07-31,2.7884316444396973
1996-08-01,3.0820860862731934
1996-08-02,4.9317779541015625
1996-08-03,7.710624694824219
1996-08-04,8.920069694519043
1996-08-05,8.190555572509766
1996-08-06,6.120436668395996
1996-08-07,4.636948585510254
1996-08-08,5.060027122497559
1996-08-09,6.220067977905273
1996-08-10,5.745495319366455
1996-08-11,4.741874694824219
1996-08-12,3.77868914604187
1996-08-13,3.499701976776123
1996-08-14,4.045693397521973
1996-08-15,4.197460651397705
1996-08-16,3.5779714584350586
1996-08-17,2.880563497543335
1996-08-18,2.4837565422058105
1996-08-19,2.3199424743652344
1996-08-20,2.1509599685668945
1996-08-21,1.8840477466583252
1996-08-22,1.6382843255996704
1996-08-23,1.5170921087265015
1996-08-24,1.5107150077819824
1996-08-25,1.740299940109253
1996-08-26,2.3475701808929443
1996-08-27,2.8617382049560547
1996-08-28,3.1384775638580322
1996-08-29,3.3350253105163574
1996-08-30,3.1622331142425537
1996-08-31,2.65750789642334
1996-09-01,2.188769578933716
1996-09-02,1.8399531841278076
1996-09-03,1.8145780563354492
1996-09-04,2.9195477962493896
1996-09-05,7.055092811584473
1996-09-06,53.52082443237305
1996-09-07,173.56985473632812
1996-09-08,186.52288818359375
1996-09-09,115.95414733886719
1996-09-10,60.8355712890625
1996-09-11,40.36154556274414
1996-09-12,44.53553771972656
1996-09-13,49.533695220947266
1996-09-14,38.14836502075195
1996-09-15,25.341781616210938
1996-09-16,17.200897216796875
1996-09-17,14.971906661987305
1996-09-18,18.704713821411133
1996-09-19,20.130462646484375
1996-09-20,16.490306854248047
1996-09-21,12.282350540161133
1996-09-22,9.460655212402344
1996-09-23,7.772331237792969
1996-09-24,6.613004207611084
1996-09-25,5.644124984741211
1996-09-26,5.1824541091918945
1996-09-27,5.954489231109619
1996-09-28,7.1323723793029785
1996-09-29,7.942444801330566
1996-09-30,11.451272964477539
1996-10-01,16.054197311401367
1996-10-02,16.577354431152344
1996-10-03,15.28699016571045
1996-10-04,12.616401672363281
1996-10-05,9.866219520568848
1996-10-06,7.79400634765625
1996-10-07,6.441335678100586
1996-10-08,15.959794998168945
1996-10-09,62.24618148803711
1996-10-10,108.65522003173828
1996-10-11,87.66001892089844
1996-10-12,53.329566955566406
1996-10-13,31.729137420654297
1996-10-14,20.4823055267334
1996-10-15,14.524125099182129
1996-10-16,11.111213684082031
1996-10-17,9.032076835632324
1996-10-18,7.828652858734131
1996-10-19,8.914559364318848
1996-10-20,12.679335594177246
1996-10-21,12.767067909240723
1996-10-22,10.695817947387695
1996-10-23,8.708111763000488
1996-10-24,7.318181037902832
1996-10-25,6.326687812805176
1996-10-26,5.612432956695557
1996-10-27,5.120660781860352
1996-10-28,4.7534565925598145
1996-10-29,4.429962158203125
1996-10-30,4.130466938018799
1996-10-31,3.8821310997009277
1996-11-01,3.608187437057495
1996-11-02,3.7378923892974854
1996-11-03,5.260659217834473
1996-11-04,7.2617082595825195
1996-11-05,7.031698226928711
1996-11-06,6.162259101867676
1996-11-07,5.572897911071777
1996-11-08,6.538603782653809
1996-11-09,12.773462295532227
1996-11-10,20.170547485351562
1996-11-11,18.463464736938477
1996-11-12,14.27831745147705
1996-11-13,10.962991714477539
1996-11-14,8.7494535446167
1996-11-15,7.429598808288574
1996-11-16,6.639107704162598
1996-11-17,5.9651994705200195
1996-11-18,5.461604118347168
1996-11-19,5.306494235992432
1996-11-20,5.520147323608398
1996-11-21,5.653512954711914
1996-11-22,6.572919845581055
1996-11-23,9.39777660369873
1996-11-24,10.814552307128906
1996-11-25,10.031028747558594
1996-11-26,9.086894989013672
1996-11-27,9.417640686035156
1996-11-28,10.007932662963867
1996-11-29,9.172245979309082
1996-11-30,8.051941871643066
1996-12-01,10.952373504638672
1996-12-02,27.73265838623047
1996-12-03,45.12105941772461
1996-12-04,38.19799041748047
1996-12-05,26.47934913635254
1996-12-06,19.78291893005371
1996-12-07,20.07918930053711
1996-12-08,24.508018493652344
1996-12-09,26.90116310119629
1996-12-10,22.54704475402832
1996-12-11,17.22068214416504
1996-12-12,13.78085994720459
1996-12-13,11.752998352050781
1996-12-14,10.568787574768066
1996-12-15,9.771655082702637
1996-12-16,8.872995376586914
1996-12-17,8.021407127380371
1996-12-18,7.479450702667236
1996-12-19,7.944372653961182
1996-12-20,10.468457221984863
1996-12-21,12.605118751525879
1996-12-22,11.645125389099121
1996-12-23,10.110490798950195
1996-12-24,9.308733940124512
1996-12-25,9.530221939086914
1996-12-26,10.360611915588379
1996-12-27,10.657050132751465
1996-12-28,11.076176643371582
1996-12-29,11.408218383789062
1996-12-30,10.628308296203613
1996-12-31,9.603838920593262
1997-01-01,8.916950225830078
1997-01-02,8.622369766235352
1997-01-03,8.526712417602539
1997-01-04,8.129851341247559
1997-01-05,7.5777459144592285
1997-01-06,7.216832637786865
1997-01-07,6.998098373413086
1997-01-08,6.586816310882568
1997-01-09,7.902448654174805
1997-01-10,16.63142967224121
1997-01-11,28.02928924560547
1997-01-12,26.58954620361328
1997-01-13,20.901945114135742
1997-01-14,16.032482147216797
1997-01-15,12.575004577636719
1997-01-16,11.432766914367676
1997-01-17,14.247997283935547
1997-01-18,16.512226104736328
1997-01-19,14.76417064666748
1997-01-20,12.171653747558594
1997-01-21,10.331738471984863
1997-01-22,9.309551239013672
1997-01-23,8.776909828186035
1997-01-24,8.688700675964355
1997-01-25,9.622852325439453
1997-01-26,11.691764831542969
1997-01-27,12.030047416687012
1997-01-28,11.1928129196167
1997-01-29,12.562897682189941
1997-01-30,15.46695327758789
1997-01-31,14.842245101928711
1997-02-01,13.676395416259766
1997-02-02,12.078112602233887
1997-02-03,10.501612663269043
1997-02-04,9.311330795288086
1997-02-05,8.58279800415039
1997-02-06,8.220114707946777
1997-02-07,8.032236099243164
1997-02-08,7.956037998199463
1997-02-09,9.962823867797852
1997-02-10,13.180069923400879
1997-02-11,13.043865203857422
1997-02-12,11.684752464294434
1997-02-13,10.477399826049805
1997-02-14,14.691291809082031
1997-02-15,40.261375427246094
1997-02-16,76.20240020751953
1997-02-17,67.30904388427734
1997-02-18,46.830528259277344
1997-02-19,31.32636833190918
1997-02-20,22.683467864990234
1997-02-21,17.682048797607422
1997-02-22,14.740711212158203
1997-02-23,13.113544464111328
1997-02-24,11.824397087097168
1997-02-25,10.496782302856445
1997-02-26,9.373598098754883
1997-02-27,8.632344245910645
1997-02-28,8.81797981262207
1997-03-01,10.802242279052734
1997-03-02,14.1062650680542
1997-03-03,14.393634796142578
1997-03-04,13.469444274902344
1997-03-05,13.069942474365234
1997-03-06,12.294416427612305
1997-03-07,12.513272285461426
1997-03-08,12.069540977478027
1997-03-09,10.728591918945312
1997-03-10,9.459545135498047
1997-03-11,8.501699447631836
1997-03-12,7.732941627502441
1997-03-13,7.1002044677734375
1997-03-14,7.240358352661133
1997-03-15,10.00265884399414
1997-03-16,13.680668830871582
1997-03-17,12.967083930969238
1997-03-18,10.826387405395508
1997-03-19,10.29653263092041
1997-03-20,15.412899017333984
1997-03-21,23.67534065246582
1997-03-22,22.769620895385742
1997-03-23,18.116456985473633
1997-03-24,14.150497436523438
1997-03-25,11.46225357055664
1997-03-26,9.973844528198242
1997-03-27,9.926473617553711
1997-03-28,10.012075424194336
1997-03-29,9.409330368041992
1997-03-30,8.659424781799316
1997-03-31,7.942024230957031
1997-04-01,7.472022533416748
1997-04-02,7.053009986877441
1997-04-03,6.514328956604004
1997-04-04,6.039851665496826
1997-04-05,5.667840957641602
1997-04-06,5.3947601318359375
1997-04-07,5.366432189941406
1997-04-08,5.413578033447266
1997-04-09,5.104866027832031
1997-04-10,4.690380096435547
1997-04-11,4.301141262054443
1997-04-12,4.252229690551758
1997-04-13,5.291989326477051
1997-04-14,7.103463649749756
1997-04-15,6.943791389465332
1997-04-16,5.943816184997559
1997-04-17,5.17860221862793
1997-04-18,4.694013595581055
1997-04-19,4.327174186706543
1997-04-20,4.058402061462402
1997-04-21,3.8374505043029785
1997-04-22,3.906489372253418
1997-04-23,6.783607482910156
1997-04-24,15.381725311279297
1997-04-25,21.83805274963379
1997-04-26,19.202768325805664
1997-04-27,14.31861400604248
1997-04-28,13.968399047851562
1997-04-29,28.63835334777832
1997-04-30,53.30533218383789
1997-05-01,52.02760696411133
1997-05-02,40.7833137512207
1997-05-03,30.267873764038086
1997-05-04,22.860116958618164
1997-05-05,18.584827423095703
1997-05-06,14.552282333374023
1997-05-07,11.464946746826172
1997-05-08,9.33726978302002
1997-05-09,7.85916805267334
1997-05-10,6.9676289558410645
1997-05-11,6.334933757781982
1997-05-12,5.657565116882324
1997-05-13,5.159064769744873
1997-05-14,4.807411193847656
1997-05-15,4.522461414337158
1997-05-16,4.207461357116699
1997-05-17,3.874382495880127
1997-05-18,3.5826520919799805
1997-05-19,3.357529401779175
1997-05-20,3.130446195602417
1997-05-21,2.946150779724121
1997-05-22,2.825287103652954
1997-05-23,2.6306185722351074
1997-05-24,2.4374866485595703
1997-05-25,2.2938923835754395
1997-05-26,2.2875852584838867
1997-05-27,2.636518955230713
1997-05-28,2.9945616722106934
1997-05-29,2.8800950050354004
1997-05-30,2.5603601932525635
1997-05-31,2.2925524711608887
1997-06-01,2.1680221557617188
1997-06-02,2.4468672275543213
1997-06-03,3.419015884399414
1997-06-04,4.4374098777771
1997-06-05,4.782015323638916
1997-06-06,4.358024597167969
1997-06-07,4.118288516998291
1997-06-08,4.364842414855957
1997-06-09,4.036676406860352
1997-06-10,3.4372525215148926
1997-06-11,2.9387619495391846
1997-06-12,2.5589382648468018
1997-06-13,2.447904586791992
1997-06-14,2.904735803604126
1997-06-15,3.686807632446289
1997-06-16,3.9247965812683105
1997-06-17,3.4547510147094727
1997-06-18,2.8572654724121094
1997-06-19,2.5092592239379883
1997-06-20,2.3159573078155518
1997-06-21,2.0927882194519043
1997-06-22,1.8584108352661133
1997-06-23,1.6642029285430908
1997-06-24,1.504916787147522
1997-06-25,1.371273398399353
1997-06-26,1.2748806476593018
1997-06-27,1.2299001216888428
1997-06-28,1.276688575744629
1997-06-29,1.3352000713348389
1997-06-30,1.2443633079528809
1997-07-01,1.1486660242080688
1997-07-02,1.2661213874816895
1997-07-03,1.5160200595855713
1997-07-04,1.5311357975006104
1997-07-05,1.3896942138671875
1997-07-06,1.2573531866073608
1997-07-07,1.200233817100525
1997-07-08,1.1609961986541748
1997-07-09,1.0992988348007202
1997-07-10,1.050765872001648
1997-07-11,1.0413891077041626
1997-07-12,1.0192420482635498
1997-07-13,0.9378907084465027
1997-07-14,0.8398551940917969
1997-07-15,0.7651540040969849
1997-07-16,0.7835962176322937
1997-07-17,1.090465784072876
1997-07-18,1.5737850666046143
1997-07-19,1.6389570236206055
1997-07-20,1.3958466053009033
1997-07-21,1.241400122642517
1997-07-22,1.3036010265350342
1997-07-23,1.9042376279830933
1997-07-24,8.784646987915039
1997-07-25,27.10736656188965
1997-07-26,34.898521423339844
1997-07-27,24.0421142578125
1997-07-28,13.493707656860352
1997-07-29,8.0845365524292
1997-07-30,5.5606489181518555
1997-07-31,4.437005996704102
1997-08-01,3.7734603881835938
1997-08-02,3.077363967895508
1997-08-03,2.480390787124634
1997-08-04,2.072291851043701
1997-08-05,1.919235348701477
1997-08-06,2.0001091957092285
1997-08-07,1.9933651685714722
1997-08-08,1.8855750560760498
1997-08-09,1.733959436416626
1997-08-10,1.5355254411697388
1997-08-11,1.3881996870040894
1997-08-12,1.3015828132629395
1997-08-13,1.2067127227783203
1997-08-14,1.103060245513916
1997-08-15,1.016230583190918
1997-08-16,0.9660099744796753
1997-08-17,0.9206907749176025
1997-08-18,0.8658648133277893
1997-08-19,0.8198620080947876
1997-08-20,0.7805269956588745
1997-08-21,0.818950891494751
1997-08-22,0.9126034379005432
1997-08-23,0.895330011844635
1997-08-24,0.801731288433075
1997-08-25,0.7192823886871338
1997-08-26,0.6610262393951416
1997-08-27,0.6183889508247375
1997-08-28,0.586725115776062
1997-08-29,0.5616604089736938
1997-08-30,0.5310872793197632
1997-08-31,0.505168080329895
1997-09-01,0.5098872184753418
1997-09-02,0.5467633008956909
1997-09-03,0.5790631175041199
1997-09-04,0.5722107887268066
1997-09-05,0.548209547996521
1997-09-06,0.511243462562561
1997-09-07,0.4794626832008362
1997-09-08,0.45247477293014526
1997-09-09,0.4342586398124695
1997-09-10,0.47749611735343933
1997-09-11,0.7166003584861755
1997-09-12,1.1235535144805908
1997-09-13,1.2527499198913574
1997-09-14,1.1004729270935059
1997-09-15,0.9198585748672485
1997-09-16,0.8318623900413513
1997-09-17,0.7776804566383362
1997-09-18,0.6997316479682922
1997-09-19,0.6392795443534851
1997-09-20,0.5986910462379456
1997-09-21,0.5638521313667297
1997-09-22,0.525230884552002
1997-09-23,0.49442291259765625
1997-09-24,0.5338709950447083
1997-09-25,0.8307673335075378
1997-09-26,1.3057003021240234
1997-09-27,1.4234546422958374
1997-09-28,1.2393800020217896
1997-09-29,1.1027840375900269
1997-09-30,1.0451539754867554
1997-10-01,0.9214742183685303
1997-10-02,0.7845480442047119
1997-10-03,0.6931949257850647
1997-10-04,0.6339203119277954
1997-10-05,0.5924246907234192
1997-10-06,0.5577316880226135
1997-10-07,0.5256628394126892
1997-10-08,0.4979385733604431
1997-10-09,0.47678595781326294
1997-10-10,0.46118319034576416
1997-10-11,0.4451356828212738
1997-10-12,0.4267846941947937
1997-10-13,0.4126432538032532
1997-10-14,0.407673716545105
1997-10-15,0.42199262976646423
1997-10-16,0.5068255662918091
1997-10-17,0.6157174706459045
1997-10-18,0.6541748046875
1997-10-19,0.9112155437469482
1997-10-20,1.8917348384857178
1997-10-21,2.805462598800659
1997-10-22,2.5146002769470215
1997-10-23,1.9184659719467163
1997-10-24,1.511602759361267
1997-10-25,1.2712527513504028
1997-10-26,1.2257471084594727
1997-10-27,1.9757599830627441
1997-10-28,3.645674705505371
1997-10-29,4.065881729125977
1997-10-30,3.268903970718384
1997-10-31,2.4472148418426514
1997-11-01,1.9954140186309814
1997-11-02,2.023613214492798
1997-11-03,2.472193956375122
1997-11-04,2.6032283306121826
1997-11-05,2.326420307159424
1997-11-06,2.0029616355895996
1997-11-07,1.8436195850372314
1997-11-08,1.9404960870742798
1997-11-09,2.06573486328125
1997-11-10,1.9835096597671509
1997-11-11,1.8020617961883545
1997-11-12,1.638865351676941
1997-11-13,1.6883411407470703
1997-11-14,3.225236415863037
1997-11-15,7.004148483276367
1997-11-16,9.091578483581543
1997-11-17,7.8097381591796875
1997-11-18,5.844240188598633
1997-11-19,4.395081043243408
1997-11-20,3.5086119174957275
1997-11-21,3.0521295070648193
1997-11-22,4.927277565002441
1997-11-23,11.761151313781738
1997-11-24,15.610542297363281
1997-11-25,12.798128128051758
1997-11-26,8.93978214263916
1997-11-27,6.456118106842041
1997-11-28,5.017479419708252
1997-11-29,4.188726425170898
1997-11-30,3.7707407474517822
1997-12-01,4.207294940948486
1997-12-02,5.377546310424805
1997-12-03,5.543997287750244
1997-12-04,4.98337459564209
1997-12-05,4.440739154815674
1997-12-06,4.110330104827881
1997-12-07,3.780364513397217
1997-12-08,3.413337469100952
1997-12-09,3.1112895011901855
1997-12-10,3.0235447883605957
1997-12-11,3.4818620681762695
1997-12-12,4.079113483428955
1997-12-13,4.050874710083008
1997-12-14,3.7610702514648438
1997-12-15,3.432778835296631
1997-12-16,3.1709132194519043
1997-12-17,2.9735937118530273
1997-12-18,2.827054977416992
1997-12-19,2.6985244750976562
1997-12-20,2.6152825355529785
1997-12-21,2.532604217529297
1997-12-22,2.5622239112854004
1997-12-23,3.284743070602417
1997-12-24,4.850574493408203
1997-12-25,7.094831943511963
1997-12-26,9.853172302246094
1997-12-27,10.143564224243164
1997-12-28,9.835322380065918
1997-12-29,10.715669631958008
1997-12-30,11.461814880371094
1997-12-31,12.248034477233887
1998-01-01,11.126636505126953
1998-01-02,9.210875511169434
1998-01-03,7.542821884155273
1998-01-04,6.5020599365234375
1998-01-05,5.80748176574707
1998-01-06,5.3795270919799805
1998-01-07,5.848320007324219
1998-01-08,9.993643760681152
1998-01-09,20.10109519958496
1998-01-10,26.49175453186035
1998-01-11,21.511816024780273
1998-01-12,15.338373184204102
1998-01-13,11.408650398254395
1998-01-14,9.337239265441895
1998-01-15,8.738480567932129
1998-01-16,19.07927131652832
1998-01-17,48.74446487426758
1998-01-18,57.487457275390625
1998-01-19,46.380584716796875
1998-01-20,38.12985610961914
1998-01-21,34.62522506713867
1998-01-22,26.883216857910156
1998-01-23,25.599843978881836
1998-01-24,45.677650451660156
1998-01-25,64.19715118408203
1998-01-26,55.11347579956055
1998-01-27,42.26143264770508
1998-01-28,52.9519157409668
1998-01-29,76.36408996582031
1998-01-30,70.8589859008789
1998-01-31,50.83795928955078
1998-02-01,34.36914825439453
1998-02-02,23.88999366760254
1998-02-03,18.054832458496094
1998-02-04,26.535207748413086
1998-02-05,66.30565643310547
1998-02-06,95.17572021484375
1998-02-07,80.79095458984375
1998-02-08,54.97402572631836
1998-02-09,37.41043472290039
1998-02-10,26.67344856262207
1998-02-11,20.209381103515625
1998-02-12,17.182342529296875
1998-02-13,16.19287109375
1998-02-14,14.459196090698242
1998-02-15,12.66627311706543
1998-02-16,11.54947280883789
1998-02-17,37.00664138793945
1998-02-18,112.85057830810547
1998-02-19,130.78955078125
1998-02-20,91.8902587890625
1998-02-21,56.721553802490234
1998-02-22,36.542598724365234
1998-02-23,27.422515869140625
1998-02-24,29.40926170349121
1998-02-25,34.23357391357422
1998-02-26,29.982139587402344
1998-02-27,23.370220184326172
1998-02-28,18.57561492919922
1998-03-01,15.716300010681152
1998-03-02,13.781166076660156
1998-03-03,12.274581909179688
1998-03-04,11.156208038330078
1998-03-05,10.208032608032227
1998-03-06,9.329582214355469
1998-03-07,8.582965850830078
1998-03-08,9.826239585876465
1998-03-09,32.95534133911133
1998-03-10,81.1315689086914
1998-03-11,75.73802185058594
1998-03-12,54.293766021728516
1998-03-13,36.9820556640625
1998-03-14,25.82611083984375
1998-03-15,19.516950607299805
1998-03-16,15.612857818603516
1998-03-17,13.1565580368042
1998-03-18,14.49809455871582
1998-03-19,49.83268356323242
1998-03-20,128.702880859375
1998-03-21,142.18106079101562
1998-03-22,118.83360290527344
1998-03-23,84.5693359375
1998-03-24,55.053802490234375
1998-03-25,36.73131561279297
1998-03-26,26.78171157836914
1998-03-27,21.051040649414062
1998-03-28,17.508405685424805
1998-03-29,15.082172393798828
1998-03-30,13.254644393920898
1998-03-31,11.844037055969238
1998-04-01,10.880375862121582
1998-04-02,10.58226203918457
1998-04-03,10.57097339630127
1998-04-04,10.2665376663208
1998-04-05,10.580476760864258
1998-04-06,10.657930374145508
1998-04-07,9.834603309631348
1998-04-08,8.956634521484375
1998-04-09,9.947615623474121
1998-04-10,15.480027198791504
1998-04-11,19.8548526763916
1998-04-12,17.458328247070312
1998-04-13,13.720677375793457
1998-04-14,11.149755477905273
1998-04-15,9.844234466552734
1998-04-16,9.181439399719238
1998-04-17,8.75794792175293
1998-04-18,10.708807945251465
1998-04-19,17.15654182434082
1998-04-20,23.215009689331055
1998-04-21,23.974843978881836
1998-04-22,20.003881454467773
1998-04-23,16.139606475830078
1998-04-24,13.851598739624023
1998-04-25,12.149174690246582
1998-04-26,10.499558448791504
1998-04-27,9.099081993103027
1998-04-28,8.063232421875
1998-04-29,7.353066444396973
1998-04-30,6.7911248207092285
1998-05-01,6.462707042694092
1998-05-02,6.680105686187744
1998-05-03,7.159768104553223
1998-05-04,7.178085803985596
1998-05-05,7.314952850341797
1998-05-06,7.407078266143799
1998-05-07,6.83137321472168
1998-05-08,6.981993675231934
1998-05-09,9.264693260192871
1998-05-10,11.190886497497559
1998-05-11,11.773024559020996
1998-05-12,14.318622589111328
1998-05-13,15.280719757080078
1998-05-14,12.88344955444336
1998-05-15,9.947490692138672
1998-05-16,7.781668186187744
1998-05-17,6.4282379150390625
1998-05-18,5.54400110244751
1998-05-19,4.994876384735107
1998-05-20,4.4781622886657715
1998-05-21,4.064250469207764
1998-05-22,3.7810616493225098
1998-05-23,3.54697322845459
1998-05-24,3.7053823471069336
1998-05-25,4.233654499053955
1998-05-26,4.680565357208252
1998-05-27,4.90248441696167
1998-05-28,4.949145317077637
1998-05-29,5.096284866333008
1998-05-30,4.7754130363464355
1998-05-31,4.268904209136963
1998-06-01,3.9112908840179443
1998-06-02,3.6610536575317383
1998-06-03,3.477459192276001
1998-06-04,3.359487533569336
1998-06-05,3.6136655807495117
1998-06-06,4.480823516845703
1998-06-07,5.122380256652832
1998-06-08,4.758406639099121
1998-06-09,3.9543590545654297
1998-06-10,3.5003957748413086
1998-06-11,3.580158233642578
1998-06-12,3.698843002319336
1998-06-13,3.4858310222625732
1998-06-14,3.120610237121582
1998-06-15,2.864290714263916
1998-06-16,3.0699284076690674
1998-06-17,3.44777774810791
1998-06-18,3.177044153213501
1998-06-19,2.6557793617248535
1998-06-20,2.3088560104370117
1998-06-21,2.1609251499176025
1998-06-22,1.9421582221984863
1998-06-23,1.785567283630371
1998-06-24,1.7254726886749268
1998-06-25,1.6309477090835571
1998-06-26,1.471961498260498
1998-06-27,1.3310000896453857
1998-06-28,1.2467938661575317
1998-06-29,1.1992281675338745
1998-06-30,1.1615010499954224
1998-07-01,1.165777564048767
1998-07-02,1.2158105373382568
1998-07-03,1.19857919216156
1998-07-04,1.0950630903244019
1998-07-05,1.0448894500732422
1998-07-06,1.182044267654419
1998-07-07,1.3174452781677246
1998-07-08,1.2142835855484009
1998-07-09,1.090108871459961
1998-07-10,1.0112274885177612
1998-07-11,0.9158950448036194
1998-07-12,0.8216904401779175
1998-07-13,0.753164529800415
1998-07-14,0.7006621360778809
1998-07-15,0.6554397344589233
1998-07-16,0.6468466520309448
1998-07-17,0.8004887104034424
1998-07-18,1.0749962329864502
1998-07-19,1.122349500656128
1998-07-20,0.9907054901123047
1998-07-21,0.913115382194519
1998-07-22,0.9059450030326843
1998-07-23,0.8812086582183838
1998-07-24,0.8423231840133667
1998-07-25,0.833659291267395
1998-07-26,0.8907415270805359
1998-07-27,1.013393521308899
1998-07-28,1.1187975406646729
1998-07-29,1.1167799234390259
1998-07-30,1.0347315073013306
1998-07-31,1.0307414531707764
1998-08-01,1.1232730150222778
1998-08-02,1.0960545539855957
1998-08-03,0.9509085416793823
1998-08-04,0.8087221384048462
1998-08-05,0.7040872573852539
1998-08-06,0.6198455095291138
1998-08-07,0.5541369915008545
1998-08-08,0.5287342071533203
1998-08-09,0.5866702795028687
1998-08-10,0.7875969409942627
1998-08-11,1.152931809425354
1998-08-12,1.3776772022247314
1998-08-13,1.2297977209091187
1998-08-14,1.0046347379684448
1998-08-15,0.8383995294570923
1998-08-16,0.8083163499832153
1998-08-17,1.3705229759216309
1998-08-18,2.481009006500244
1998-08-19,2.602206230163574
1998-08-20,2.0039660930633545
1998-08-21,1.439682960510254
1998-08-22,1.0712071657180786
1998-08-23,0.8660758137702942
1998-08-24,0.7356293201446533
1998-08-25,0.6480170488357544
1998-08-26,0.5937298536300659
1998-08-27,0.665589451789856
1998-08-28,0.8996188044548035
1998-08-29,1.0200040340423584
1998-08-30,0.9545472264289856
1998-08-31,0.8470441699028015
1998-09-01,0.760440468788147
1998-09-02,0.6904554963111877
1998-09-03,0.7423012852668762
1998-09-04,2.608027458190918
1998-09-05,7.563239574432373
1998-09-06,8.239462852478027
1998-09-07,5.679423809051514
1998-09-08,3.5038766860961914
1998-09-09,2.6261777877807617
1998-09-10,2.364731550216675
1998-09-11,1.9243782758712769
1998-09-12,1.506239891052246
1998-09-13,1.2192847728729248
1998-09-14,1.0199997425079346
1998-09-15,0.8724138736724854
1998-09-16,0.7621076107025146
1998-09-17,0.6809883117675781
1998-09-18,0.6186321973800659
1998-09-19,0.57513427734375
1998-09-20,0.5500644445419312
1998-09-21,0.5443525314331055
1998-09-22,0.5521717667579651
1998-09-23,0.5549739599227905
1998-09-24,0.5272829532623291
1998-09-25,0.49878454208374023
1998-09-26,0.4770766794681549
1998-09-27,0.46167975664138794
1998-09-28,0.44167760014533997
1998-09-29,0.41878363490104675
1998-09-30,0.41545408964157104
1998-10-01,0.4577934145927429
1998-10-02,0.493821382522583
1998-10-03,0.4791755676269531
1998-10-04,0.4605083167552948
1998-10-05,0.48444515466690063
1998-10-06,0.5510075092315674
1998-10-07,0.5802828073501587
1998-10-08,0.6521422266960144
1998-10-09,1.0730628967285156
1998-10-10,1.664422631263733
1998-10-11,1.6568026542663574
1998-10-12,1.347027063369751
1998-10-13,1.0780856609344482
1998-10-14,0.9187416434288025
1998-10-15,0.7943692803382874
1998-10-16,0.7043132185935974
1998-10-17,0.642058253288269
1998-10-18,0.6027459502220154
1998-10-19,0.5730716586112976
1998-10-20,0.5491355657577515
1998-10-21,0.5372377634048462
1998-10-22,0.5393887758255005
1998-10-23,0.5297174453735352
1998-10-24,0.5185461044311523
1998-10-25,0.5209473371505737
1998-10-26,0.5250526070594788
1998-10-27,0.5219084620475769
1998-10-28,0.5114011168479919
1998-10-29,0.497667133808136
1998-10-30,0.4839238226413727
1998-10-31,0.4842769503593445
1998-11-01,0.4701201617717743
1998-11-02,0.4714007079601288
1998-11-03,0.5112113952636719
1998-11-04,0.6997814774513245
1998-11-05,1.0131303071975708
1998-11-06,1.1237125396728516
1998-11-07,1.046197772026062
1998-11-08,0.9551750421524048
1998-11-09,0.9008196592330933
1998-11-10,0.8420513868331909
1998-11-11,0.8179347515106201
1998-11-12,0.8218189477920532
1998-11-13,0.8426865935325623
1998-11-14,0.831813633441925
1998-11-15,0.8494125008583069
1998-11-16,0.9423892498016357
1998-11-17,1.071157455444336
1998-11-18,1.1900053024291992
1998-11-19,1.2329285144805908
1998-11-20,1.1856707334518433
1998-11-21,1.0935099124908447
1998-11-22,1.022960901260376
1998-11-23,0.9714340567588806
1998-11-24,0.9421346187591553
1998-11-25,0.8965389132499695
1998-11-26,0.9001381397247314
1998-11-27,0.9925512075424194
1998-11-28,1.1037851572036743
1998-11-29,1.108628749847412
1998-11-30,1.061711311340332
1998-12-01,1.0082412958145142
1998-12-02,0.9561952352523804
1998-12-03,0.9326835870742798
1998-12-04,0.9078137874603271
1998-12-05,0.8953242301940918
1998-12-06,0.8923227190971375
1998-12-07,0.8811824321746826
1998-12-08,0.8651489615440369
1998-12-09,0.8564141988754272
1998-12-10,0.8910106420516968
1998-12-11,0.9426298141479492
1998-12-12,0.9235281944274902
1998-12-13,1.0812119245529175
1998-12-14,2.0444726943969727
1998-12-15,3.3209946155548096
1998-12-16,3.4952454566955566
1998-12-17,4.087962627410889
1998-12-18,4.687817096710205
1998-12-19,4.115634918212891
1998-12-20,3.2598867416381836
1998-12-21,2.657452344894409
1998-12-22,2.3038768768310547
1998-12-23,2.099501132965088
1998-12-24,2.3688924312591553
1998-12-25,3.625957727432251
1998-12-26,4.967928409576416
1998-12-27,5.363548755645752
1998-12-28,5.234519958496094
1998-12-29,4.81790828704834
1998-12-30,4.503272533416748
1998-12-31,4.448544502258301
1999-01-01,3.9439120292663574
1999-01-02,3.368664026260376
1999-01-03,7.87318754196167
1999-01-04,25.262760162353516
1999-01-05,35.684635162353516
1999-01-06,28.091476440429688
1999-01-07,17.859647750854492
1999-01-08,11.746164321899414
1999-01-09,8.557878494262695
1999-01-10,7.0303215980529785
1999-01-11,5.9761962890625
1999-01-12,5.08959436416626
1999-01-13,4.470983982086182
1999-01-14,4.031705856323242
1999-01-15,4.209650039672852
1999-01-16,6.172928810119629
1999-01-17,8.109088897705078
1999-01-18,8.144195556640625
1999-01-19,9.257410049438477
1999-01-20,11.017813682556152
1999-01-21,10.092535018920898
1999-01-22,8.19471549987793
1999-01-23,6.83177375793457
1999-01-24,15.06670093536377
1999-01-25,46.24015808105469
1999-01-26,64.09861755371094
1999-01-27,48.68211364746094
1999-01-28,30.665691375732422
1999-01-29,19.923095703125
1999-01-30,14.016433715820312
1999-01-31,10.594620704650879
1999-02-01,8.65161418914795
1999-02-02,8.513838768005371
1999-02-03,10.24416732788086
1999-02-04,10.972478866577148
1999-02-05,9.909404754638672
1999-02-06,8.495888710021973
1999-02-07,7.313683986663818
1999-02-08,6.4431257247924805
1999-02-09,5.817046165466309
1999-02-10,5.306743621826172
1999-02-11,4.910088539123535
1999-02-12,4.633218765258789
1999-02-13,4.583395481109619
1999-02-14,4.609230995178223
1999-02-15,4.40430212020874
1999-02-16,4.120231628417969
1999-02-17,3.902296304702759
1999-02-18,3.8955276012420654
1999-02-19,4.93084192276001
1999-02-20,7.375723838806152
1999-02-21,8.680547714233398
1999-02-22,8.31892204284668
1999-02-23,7.381816864013672
1999-02-24,6.312465190887451
1999-02-25,5.5005388259887695
1999-02-26,4.93244743347168
1999-02-27,4.544427394866943
1999-02-28,4.350108623504639
1999-03-01,4.627581596374512
1999-03-02,5.096095085144043
1999-03-03,5.098444938659668
1999-03-04,5.178644180297852
1999-03-05,5.393561363220215
1999-03-06,5.1376471519470215
1999-03-07,4.795633792877197
1999-03-08,4.5292463302612305
1999-03-09,4.24066162109375
1999-03-10,4.115346908569336
1999-03-11,4.196299076080322
1999-03-12,4.146693229675293
1999-03-13,3.9853110313415527
1999-03-14,3.9907336235046387
1999-03-15,7.79960823059082
1999-03-16,19.682941436767578
1999-03-17,26.302827835083008
1999-03-18,22.808517456054688
1999-03-19,16.97095489501953
1999-03-20,12.502456665039062
1999-03-21,10.865106582641602
1999-03-22,15.490521430969238
1999-03-23,22.450016021728516
1999-03-24,20.235021591186523
1999-03-25,15.843938827514648
1999-03-26,12.632342338562012
1999-03-27,11.212379455566406
1999-03-28,10.411066055297852
1999-03-29,9.289814949035645
1999-03-30,8.141138076782227
1999-03-31,7.181835174560547
1999-04-01,7.020135879516602
1999-04-02,9.81042766571045
1999-04-03,14.167145729064941
1999-04-04,13.490984916687012
1999-04-05,10.96493148803711
1999-04-06,9.0172700881958
1999-04-07,7.727499961853027
1999-04-08,6.64337158203125
1999-04-09,5.841099739074707
1999-04-10,5.327845573425293
1999-04-11,5.042011260986328
1999-04-12,5.248059272766113
1999-04-13,5.726139545440674
1999-04-14,5.446582794189453
1999-04-15,4.8433990478515625
1999-04-16,4.432873249053955
1999-04-17,4.2229719161987305
1999-04-18,3.9398536682128906
1999-04-19,3.619464874267578
1999-04-20,3.340987205505371
1999-04-21,3.1467697620391846
1999-04-22,2.9629478454589844
1999-04-23,2.7902021408081055
1999-04-24,2.6318304538726807
1999-04-25,2.4729971885681152
1999-04-26,2.3221065998077393
1999-04-27,2.219679832458496
1999-04-28,2.2757911682128906
1999-04-29,3.1639721393585205
1999-04-30,6.460075855255127
1999-05-01,11.68631362915039
1999-05-02,14.018423080444336
1999-05-03,11.908668518066406
1999-05-04,8.726898193359375
1999-05-05,6.307973384857178
1999-05-06,4.853244304656982
1999-05-07,4.037734031677246
1999-05-08,3.615912437438965
1999-05-09,3.621105432510376
1999-05-10,3.6039929389953613
1999-05-11,3.2287485599517822
1999-05-12,2.781156063079834
1999-05-13,2.452303171157837
1999-05-14,2.4406349658966064
1999-05-15,3.325883626937866
1999-05-16,4.662116050720215
1999-05-17,4.507691383361816
1999-05-18,3.6704208850860596
1999-05-19,2.9698662757873535
1999-05-20,2.4817285537719727
1999-05-21,2.164088726043701
1999-05-22,1.9173283576965332
1999-05-23,1.7763252258300781
1999-05-24,1.7082576751708984
1999-05-25,1.6289381980895996
1999-05-26,1.5331752300262451
1999-05-27,1.4512945413589478
1999-05-28,1.4032858610153198
1999-05-29,1.3169400691986084
1999-05-30,1.2130532264709473
1999-05-31,1.1266613006591797
1999-06-01,1.05613374710083
1999-06-02,0.9845965504646301
1999-06-03,0.9126710295677185
1999-06-04,0.8534656763076782
1999-06-05,0.8009933829307556
1999-06-06,0.7465997338294983
1999-06-07,0.6946666240692139
1999-06-08,0.6511487364768982
1999-06-09,0.6120110750198364
1999-06-10,0.5782581567764282
1999-06-11,0.5514315962791443
1999-06-12,0.5253627300262451
1999-06-13,0.5057932138442993
1999-06-14,0.48840266466140747
1999-06-15,0.49048471450805664
1999-06-16,0.5799179077148438
1999-06-17,0.8805888295173645
1999-06-18,1.2393953800201416
1999-06-19,1.351787805557251
1999-06-20,1.1579084396362305
1999-06-21,0.9680417776107788
1999-06-22,0.8768024444580078
1999-06-23,0.8051702380180359
1999-06-24,0.7393330335617065
1999-06-25,0.6666766405105591
1999-06-26,0.6560114026069641
1999-06-27,0.7076911926269531
1999-06-28,0.7633529305458069
1999-06-29,0.8020581603050232
1999-06-30,0.7746076583862305
1999-07-01,0.7678501605987549
1999-07-02,0.8115456104278564
1999-07-03,0.8193634748458862
1999-07-04,0.7564669251441956
1999-07-05,0.668816864490509
1999-07-06,0.586018443107605
1999-07-07,0.5342428684234619
1999-07-08,0.5167677402496338
1999-07-09,0.5158588886260986
1999-07-10,0.4945404529571533
1999-07-11,0.4813568592071533
1999-07-12,0.5111043453216553
1999-07-13,0.6019640564918518
1999-07-14,0.832367479801178
1999-07-15,1.2721197605133057
1999-07-16,1.5957703590393066
1999-07-17,1.4715155363082886
1999-07-18,1.1668446063995361
1999-07-19,0.9293959736824036
1999-07-20,0.7643146514892578
1999-07-21,0.6402921080589294
1999-07-22,0.5777992606163025
1999-07-23,0.6034926176071167
1999-07-24,0.6503407955169678
1999-07-25,0.6693047285079956
1999-07-26,0.711522102355957
1999-07-27,0.6783870458602905
1999-07-28,0.5700807571411133
1999-07-29,0.48948776721954346
1999-07-30,0.45949092507362366
1999-07-31,0.44003981351852417
1999-08-01,0.39523497223854065
1999-08-02,0.35246026515960693
1999-08-03,0.32429447770118713
1999-08-04,0.2937066853046417
1999-08-05,0.2617667019367218
1999-08-06,0.23883405327796936
1999-08-07,0.2213544100522995
1999-08-08,0.21243916451931
1999-08-09,0.2117181420326233
1999-08-10,0.2138587236404419
1999-08-11,0.21429967880249023
1999-08-12,0.20548143982887268
1999-08-13,0.1914503276348114
1999-08-14,0.2120366096496582
1999-08-15,0.4651256799697876
1999-08-16,1.0325636863708496
1999-08-17,1.2571253776550293
1999-08-18,1.0367777347564697
1999-08-19,0.7673887014389038
1999-08-20,0.5865086913108826
1999-08-21,0.5583898425102234
1999-08-22,0.6264474987983704
1999-08-23,0.605542778968811
1999-08-24,0.5189718008041382
1999-08-25,0.4666537046432495
1999-08-26,0.5807700157165527
1999-08-27,0.8822608590126038
1999-08-28,1.1235952377319336
1999-08-29,1.0941519737243652
1999-08-30,0.8946285843849182
1999-08-31,0.7706011533737183
1999-09-01,0.6704593300819397
1999-09-02,0.5550836324691772
1999-09-03,0.46280521154403687
1999-09-04,0.4196281433105469
1999-09-05,2.316958427429199
1999-09-06,26.949676513671875
1999-09-07,78.72793579101562
1999-09-08,72.79008483886719
1999-09-09,42.01508712768555
1999-09-10,20.420520782470703
1999-09-11,10.60617733001709
1999-09-12,6.329087734222412
1999-09-13,4.22844934463501
1999-09-14,3.10241436958313
1999-09-15,3.436708688735962
1999-09-16,46.77872085571289
1999-09-17,153.16795349121094
1999-09-18,128.81736755371094
1999-09-19,72.13084411621094
1999-09-20,35.988094329833984
1999-09-21,19.95411491394043
1999-09-22,15.414178848266602
1999-09-23,15.35430908203125
1999-09-24,12.819979667663574
1999-09-25,9.637984275817871
1999-09-26,7.2538299560546875
1999-09-27,6.383909225463867
1999-09-28,14.847434043884277
1999-09-29,49.46369171142578
1999-09-30,91.80007934570312
1999-10-01,96.85611724853516
1999-10-02,62.7996711730957
1999-10-03,35.49907684326172
1999-10-04,21.498796463012695
1999-10-05,15.15251350402832
1999-10-06,12.231657981872559
1999-10-07,10.030985832214355
1999-10-08,8.297374725341797
1999-10-09,6.988874435424805
1999-10-10,6.178436279296875
1999-10-11,6.848487377166748
1999-10-12,10.061555862426758
1999-10-13,12.12945556640625
1999-10-14,11.466466903686523
1999-10-15,10.211097717285156
1999-10-16,8.412335395812988
1999-10-17,9.359430313110352
1999-10-18,22.666160583496094
1999-10-19,42.08552169799805
1999-10-20,38.92863464355469
1999-10-21,30.682371139526367
1999-10-22,27.64491081237793
1999-10-23,22.15546226501465
1999-10-24,16.562576293945312
1999-10-25,12.578518867492676
1999-10-26,9.955748558044434
1999-10-27,8.231216430664062
1999-10-28,7.048366546630859
1999-10-29,6.201652526855469
1999-10-30,5.5790557861328125
1999-10-31,5.122104644775391
1999-11-01,4.74033260345459
1999-11-02,4.723880290985107
1999-11-03,5.5760698318481445
1999-11-04,6.568207263946533
1999-11-05,6.251692771911621
1999-11-06,5.602947235107422
1999-11-07,5.0716657638549805
1999-11-08,4.629832744598389
1999-11-09,4.3093085289001465
1999-11-10,4.087276458740234
1999-11-11,3.8687775135040283
1999-11-12,3.714599609375
1999-11-13,3.619802474975586
1999-11-14,3.5045928955078125
1999-11-15,3.3815996646881104
1999-11-16,3.2163119316101074
1999-11-17,3.0832412242889404
1999-11-18,2.996809959411621
1999-11-19,2.9428701400756836
1999-11-20,2.9018566608428955
1999-11-21,2.8345580101013184
1999-11-22,2.8309574127197266
1999-11-23,2.941180467605591
1999-11-24,3.02219820022583
1999-11-25,2.9888863563537598
1999-11-26,3.233875274658203
1999-11-27,4.648299694061279
1999-11-28,6.499421119689941
1999-11-29,6.28893518447876
1999-11-30,5.353529930114746
1999-12-01,4.600239276885986
1999-12-02,4.113396167755127
1999-12-03,3.781862735748291
1999-12-04,3.557187080383301
1999-12-05,3.3963844776153564
1999-12-06,3.3277530670166016
1999-12-07,3.4633023738861084
1999-12-08,3.668590545654297
1999-12-09,3.587841033935547
1999-12-10,3.449989080429077
1999-12-11,3.4395580291748047
1999-12-12,3.516829013824463
1999-12-13,3.4322736263275146
1999-12-14,4.001274108886719
1999-12-15,7.235480308532715
1999-12-16,11.027169227600098
1999-12-17,10.465834617614746
1999-12-18,8.41391658782959
1999-12-19,6.794172763824463
1999-12-20,5.9424543380737305
1999-12-21,5.71927547454834
1999-12-22,5.829502582550049
1999-12-23,6.127233505249023
1999-12-24,6.017297744750977
1999-12-25,5.584537029266357
1999-12-26,5.171840667724609
1999-12-27,4.741703033447266
1999-12-28,4.362015247344971
1999-12-29,4.060649871826172
1999-12-30,3.8449089527130127
1999-12-31,3.6990387439727783
2000-01-01,3.5859923362731934
2000-01-02,3.492950439453125
2000-01-03,3.4204354286193848
2000-01-04,3.4029459953308105
2000-01-05,3.677027463912964
2000-01-06,4.329519271850586
2000-01-07,4.583583831787109
2000-01-08,4.4262237548828125
2000-01-09,4.282408237457275
2000-01-10,7.175140857696533
2000-01-11,18.32072639465332
2000-01-12,26.67831039428711
2000-01-13,22.396329879760742
2000-01-14,16.079103469848633
2000-01-15,11.692590713500977
2000-01-16,9.02038860321045
2000-01-17,7.413819313049316
2000-01-18,6.4541168212890625
2000-01-19,6.060944557189941
2000-01-20,6.368978023529053
2000-01-21,7.1540374755859375
2000-01-22,7.308094024658203
2000-01-23,6.690043926239014
2000-01-24,6.715681552886963
2000-01-25,9.263612747192383
2000-01-26,15.039740562438965
2000-01-27,17.12767219543457
2000-01-28,14.872071266174316
2000-01-29,11.997912406921387
2000-01-30,10.975908279418945
2000-01-31,14.134420394897461
2000-02-01,19.264543533325195
2000-02-02,19.40680694580078
2000-02-03,17.308109283447266
2000-02-04,15.349006652832031
2000-02-05,14.647974014282227
2000-02-06,14.777280807495117
2000-02-07,15.240588188171387
2000-02-08,16.318403244018555
2000-02-09,16.93041229248047
2000-02-10,16.006040573120117
2000-02-11,14.833752632141113
2000-02-12,15.301446914672852
2000-02-13,18.89533233642578
2000-02-14,24.63152313232422
2000-02-15,29.511362075805664
2000-02-16,30.269134521484375
2000-02-17,24.941652297973633
2000-02-18,19.62836456298828
2000-02-19,17.66170310974121
2000-02-20,18.802616119384766
2000-02-21,17.389591217041016
2000-02-22,14.521413803100586
2000-02-23,11.981201171875
2000-02-24,10.271566390991211
2000-02-25,9.159608840942383
2000-02-26,8.394768714904785
2000-02-27,7.768974304199219
2000-02-28,7.822935104370117
2000-02-29,9.414102554321289
2000-03-01,10.298005104064941
2000-03-02,9.788444519042969
2000-03-03,8.80209732055664
2000-03-04,7.84291934967041
2000-03-05,7.121872901916504
2000-03-06,6.6240010261535645
2000-03-07,6.1917619705200195
2000-03-08,5.819815158843994
2000-03-09,5.558211326599121
2000-03-10,5.3381171226501465
2000-03-11,5.121838569641113
2000-03-12,5.005524635314941
2000-03-13,5.050915718078613
2000-03-14,4.980281829833984
2000-03-15,4.736314296722412
2000-03-16,4.576233386993408
2000-03-17,5.0227508544921875
2000-03-18,6.639839172363281
2000-03-19,7.100586891174316
2000-03-20,6.800649166107178
2000-03-21,8.728496551513672
2000-03-22,13.65909481048584
2000-03-23,14.964426040649414
2000-03-24,12.69786262512207
2000-03-25,10.108915328979492
2000-03-26,8.416535377502441
2000-03-27,7.761599540710449
2000-03-28,8.757946968078613
2000-03-29,10.200069427490234
2000-03-30,9.574451446533203
2000-03-31,8.255463600158691
2000-04-01,7.219663143157959
2000-04-02,6.445368766784668
2000-04-03,5.969002723693848
2000-04-04,5.9179158210754395
2000-04-05,6.053165912628174
2000-04-06,5.7600250244140625
2000-04-07,5.258664131164551
2000-04-08,5.3768415451049805
2000-04-09,7.557182788848877
2000-04-10,9.864173889160156
2000-04-11,8.993184089660645
2000-04-12,7.433022499084473
2000-04-13,6.299241065979004
2000-04-14,6.2440385818481445
2000-04-15,8.425930976867676
2000-04-16,13.73697280883789
2000-04-17,19.301570892333984
2000-04-18,19.332406997680664
2000-04-19,21.911212921142578
2000-04-20,25.275360107421875
2000-04-21,20.617918014526367
2000-04-22,15.178576469421387
2000-04-23,11.501627922058105
2000-04-24,9.125184059143066
2000-04-25,7.7108964920043945
2000-04-26,7.239119052886963
2000-04-27,7.413599491119385
2000-04-28,8.865739822387695
2000-04-29,15.049642562866211
2000-04-30,22.246335983276367
2000-05-01,21.024444580078125
2000-05-02,16.751726150512695
2000-05-03,12.815031051635742
2000-05-04,10.14587116241455
2000-05-05,8.264153480529785
2000-05-06,6.8931884765625
2000-05-07,5.903778553009033
2000-05-08,5.153946876525879
2000-05-09,4.541008949279785
2000-05-10,4.045553684234619
2000-05-11,3.672304391860962
2000-05-12,3.3894808292388916
2000-05-13,3.122987747192383
2000-05-14,2.872210741043091
2000-05-15,2.6527585983276367
2000-05-16,2.454854965209961
2000-05-17,2.2665107250213623
2000-05-18,2.1442525386810303
2000-05-19,2.05837082862854
2000-05-20,1.9381657838821411
2000-05-21,1.8409042358398438
2000-05-22,2.502060890197754
2000-05-23,4.474004745483398
2000-05-24,5.301026344299316
2000-05-25,4.5712175369262695
2000-05-26,3.883746862411499
2000-05-27,3.547353506088257
2000-05-28,3.208679437637329
2000-05-29,3.207704544067383
2000-05-30,3.376448154449463
2000-05-31,3.2242431640625
2000-06-01,2.7666749954223633
2000-06-02,2.333909034729004
2000-06-03,2.0163865089416504
2000-06-04,1.9492746591567993
2000-06-05,2.4456892013549805
2000-06-06,3.2142648696899414
2000-06-07,3.595904588699341
2000-06-08,3.4108095169067383
2000-06-09,2.816103458404541
2000-06-10,2.290977954864502
2000-06-11,1.9186590909957886
2000-06-12,1.6484624147415161
2000-06-13,1.4472970962524414
2000-06-14,1.3596405982971191
2000-06-15,1.508812665939331
2000-06-16,1.815461277961731
2000-06-17,2.018909454345703
2000-06-18,2.0500762462615967
2000-06-19,2.049438238143921
2000-06-20,2.615938901901245
2000-06-21,3.5337605476379395
2000-06-22,3.6330385208129883
2000-06-23,3.2599050998687744
2000-06-24,2.903076648712158
2000-06-25,2.3719406127929688
2000-06-26,1.9041897058486938
2000-06-27,1.6228525638580322
2000-06-28,1.5614296197891235
2000-06-29,2.109726905822754
2000-06-30,3.321901798248291
2000-07-01,3.7151081562042236
2000-07-02,3.0123777389526367
2000-07-03,2.2824172973632812
2000-07-04,1.7907229661941528
2000-07-05,1.4918639659881592
2000-07-06,1.4319335222244263
2000-07-07,1.6074758768081665
2000-07-08,1.7891323566436768
2000-07-09,1.7383079528808594
2000-07-10,1.507091760635376
2000-07-11,1.2933411598205566
2000-07-12,1.135452151298523
2000-07-13,1.129562497138977
2000-07-14,1.2964966297149658
2000-07-15,1.5170682668685913
2000-07-16,1.8513820171356201
2000-07-17,2.129180908203125
2000-07-18,2.0069234371185303
2000-07-19,1.6781415939331055
2000-07-20,1.3512744903564453
2000-07-21,1.143618106842041
2000-07-22,1.0826267004013062
2000-07-23,1.307476282119751
2000-07-24,5.57581901550293
2000-07-25,17.583744049072266
2000-07-26,23.299423217773438
2000-07-27,19.024105072021484
2000-07-28,12.555408477783203
2000-07-29,7.9842376708984375
2000-07-30,5.817235469818115
2000-07-31,5.263772487640381
2000-08-01,5.823343276977539
2000-08-02,9.905638694763184
2000-08-03,16.21463394165039
2000-08-04,18.68601417541504
2000-08-05,18.0347900390625
2000-08-06,15.637601852416992
2000-08-07,12.16641616821289
2000-08-08,8.716584205627441
2000-08-09,6.351784706115723
2000-08-10,5.069380760192871
2000-08-11,4.591446876525879
2000-08-12,4.343321800231934
2000-08-13,3.7959628105163574
2000-08-14,3.2569611072540283
2000-08-15,2.8038861751556396
2000-08-16,2.4049408435821533
2000-08-17,2.102396011352539
2000-08-18,1.8869847059249878
2000-08-19,1.8139290809631348
2000-08-20,1.8180205821990967
2000-08-21,1.6889625787734985
2000-08-22,1.5170811414718628
2000-08-23,1.369441032409668
2000-08-24,1.2422072887420654
2000-08-25,1.1539463996887207
2000-08-26,1.1296476125717163
2000-08-27,1.1986333131790161
2000-08-28,1.6890336275100708
2000-08-29,2.717942953109741
2000-08-30,3.3674569129943848
2000-08-31,3.787436008453369
2000-09-01,4.661712169647217
2000-09-02,5.207675933837891
2000-09-03,5.7285475730896
2000-09-04,6.930232524871826
2000-09-05,9.155374526977539
2000-09-06,10.567791938781738
2000-09-07,9.216350555419922
2000-09-08,6.866883277893066
2000-09-09,4.942466735839844
2000-09-10,3.7403690814971924
2000-09-11,3.0171008110046387
2000-09-12,2.5137391090393066
2000-09-13,2.1445133686065674
2000-09-14,1.9115726947784424
2000-09-15,1.8765125274658203
2000-09-16,1.8791611194610596
2000-09-17,1.7516175508499146
2000-09-18,1.6437835693359375
2000-09-19,1.840195894241333
2000-09-20,2.2548892498016357
2000-09-21,2.247539520263672
2000-09-22,2.0730724334716797
2000-09-23,2.50191068649292
2000-09-24,4.667609691619873
2000-09-25,7.6654510498046875
2000-09-26,10.049337387084961
2000-09-27,12.901424407958984
2000-09-28,12.055244445800781
2000-09-29,8.933707237243652
2000-09-30,6.312264919281006
2000-10-01,4.6062116622924805
2000-10-02,3.588822841644287
2000-10-03,2.958878993988037
2000-10-04,2.531078577041626
2000-10-05,2.20591402053833
2000-10-06,1.9626837968826294
2000-10-07,1.7792998552322388
2000-10-08,1.6450752019882202
2000-10-09,1.5733963251113892
2000-10-10,1.502293348312378
2000-10-11,1.4300973415374756
2000-10-12,1.3590986728668213
2000-10-13,1.3066213130950928
2000-10-14,1.286651611328125
2000-10-15,1.270132303237915
2000-10-16,1.2364295721054077
2000-10-17,1.1852303743362427
2000-10-18,1.1312570571899414
2000-10-19,1.0852599143981934
2000-10-20,1.043352723121643
2000-10-21,1.0128967761993408
2000-10-22,0.9837342500686646
2000-10-23,0.9443968534469604
2000-10-24,0.9081853628158569
2000-10-25,0.8953987956047058
2000-10-26,0.9067775011062622
2000-10-27,0.9187811613082886
2000-10-28,0.89792799949646
2000-10-29,0.8658261299133301
2000-10-30,0.8334670066833496
2000-10-31,0.8159171938896179
2000-11-01,0.8058077692985535
2000-11-02,0.8249146342277527
2000-11-03,0.8514083027839661
2000-11-04,0.8696929812431335
2000-11-05,0.8609828948974609
2000-11-06,0.8582437634468079
2000-11-07,0.873578667640686
2000-11-08,0.8929141163825989
2000-11-09,0.9157110452651978
2000-11-10,0.9321044087409973
2000-11-11,0.9442829489707947
2000-11-12,0.924691915512085
2000-11-13,0.9058005809783936
2000-11-14,0.9211927652359009
2000-11-15,1.0616579055786133
2000-11-16,1.2609564065933228
2000-11-17,1.3118538856506348
2000-11-18,1.3145372867584229
2000-11-19,1.330291986465454
2000-11-20,1.4602707624435425
2000-11-21,1.7273401021957397
2000-11-22,1.7524874210357666
2000-11-23,1.640394687652588
2000-11-24,1.5098530054092407
2000-11-25,1.553022027015686
2000-11-26,2.2305150032043457
2000-11-27,3.399625301361084
2000-11-28,3.6704559326171875
2000-11-29,3.2047805786132812
2000-11-30,2.6691033840179443
2000-12-01,2.2704620361328125
2000-12-02,2.0214741230010986
2000-12-03,1.867542028427124
2000-12-04,1.8244223594665527
2000-12-05,1.7854588031768799
2000-12-06,1.7137203216552734
2000-12-07,1.626558780670166
2000-12-08,1.5650055408477783
2000-12-09,1.5303223133087158
2000-12-10,1.4752484560012817
2000-12-11,1.4591381549835205
2000-12-12,1.5113271474838257
2000-12-13,1.529434323310852
2000-12-14,1.5070738792419434
2000-12-15,1.512335181236267
2000-12-16,1.5925253629684448
2000-12-17,2.1178882122039795
2000-12-18,4.141149520874023
2000-12-19,5.7059245109558105
2000-12-20,5.394253730773926
2000-12-21,4.826047420501709
2000-12-22,4.135512828826904
2000-12-23,3.552704334259033
2000-12-24,3.144249200820923
2000-12-25,2.7978522777557373
2000-12-26,2.534857988357544
2000-12-27,2.3256571292877197
2000-12-28,2.1714696884155273
2000-12-29,2.0572757720947266
2000-12-30,1.961118459701538
2000-12-31,1.8760197162628174
2001-01-01,1.8009079694747925
2001-01-02,1.7187249660491943
2001-01-03,1.656775712966919
2001-01-04,1.6119811534881592
2001-01-05,1.5780513286590576
2001-01-06,1.5409643650054932
2001-01-07,1.509768009185791
2001-01-08,1.517754316329956
2001-01-09,1.562569260597229
2001-01-10,1.671668291091919
2001-01-11,1.7079222202301025
2001-01-12,1.7084746360778809
2001-01-13,1.7218832969665527
2001-01-14,1.7649762630462646
2001-01-15,1.770348310470581
2001-01-16,1.78273606300354
2001-01-17,1.7792915105819702
2001-01-18,1.7563221454620361
2001-01-19,1.7916483879089355
2001-01-20,2.7380831241607666
2001-01-21,6.427665710449219
2001-01-22,10.219417572021484
2001-01-23,9.072097778320312
2001-01-24,6.715811729431152
2001-01-25,5.076113700866699
2001-01-26,4.096705436706543
2001-01-27,3.498128652572632
2001-01-28,3.096503257751465
2001-01-29,2.8210277557373047
2001-01-30,2.6802749633789062
2001-01-31,2.8566532135009766
2001-02-01,3.153834581375122
2001-02-02,3.0596766471862793
2001-02-03,2.815680503845215
2001-02-04,2.5953757762908936
2001-02-05,2.4617419242858887
2001-02-06,2.540123701095581
2001-02-07,2.678661346435547
2001-02-08,2.6359777450561523
2001-02-09,2.5187125205993652
2001-02-10,2.4287350177764893
2001-02-11,2.4006564617156982
2001-02-12,2.3699569702148438
2001-02-13,2.4811148643493652
2001-02-14,2.981873035430908
2001-02-15,3.5284905433654785
2001-02-16,3.959383964538574
2001-02-17,5.7640886306762695
2001-02-18,11.7573881149292
2001-02-19,14.543354034423828
2001-02-20,12.036615371704102
2001-02-21,8.943804740905762
2001-02-22,6.877864837646484
2001-02-23,5.956999778747559
2001-02-24,6.229099273681641
2001-02-25,5.905386924743652
2001-02-26,5.474008560180664
2001-02-27,5.346189022064209
2001-02-28,4.898797512054443
2001-03-01,4.387558460235596
2001-03-02,3.960177421569824
2001-03-03,3.7542221546173096
2001-03-04,4.980924606323242
2001-03-05,9.459784507751465
2001-03-06,13.585611343383789
2001-03-07,12.724021911621094
2001-03-08,10.083708763122559
2001-03-09,7.876452445983887
2001-03-10,6.4168381690979
2001-03-11,5.420936107635498
2001-03-12,4.7275238037109375
2001-03-13,4.321753978729248
2001-03-14,4.2078447341918945
2001-03-15,4.435709476470947
2001-03-16,5.891266822814941
2001-03-17,8.255203247070312
2001-03-18,8.353013038635254
2001-03-19,7.189826011657715
2001-03-20,6.282320976257324
2001-03-21,15.08847427368164
2001-03-22,42.83639144897461
2001-03-23,53.17558670043945
2001-03-24,41.22083282470703
2001-03-25,27.368896484375
2001-03-26,18.604572296142578
2001-03-27,13.61044979095459
2001-03-28,10.400835037231445
2001-03-29,10.511848449707031
2001-03-30,25.060264587402344
2001-03-31,50.30464172363281
2001-04-01,51.6478271484375
2001-04-02,55.17978286743164
2001-04-03,53.09800338745117
2001-04-04,40.62901306152344
2001-04-05,29.071361541748047
2001-04-06,20.870031356811523
2001-04-07,15.772563934326172
2001-04-08,12.534056663513184
2001-04-09,10.38734245300293
2001-04-10,8.85676383972168
2001-04-11,7.672998905181885
2001-04-12,6.735630989074707
2001-04-13,6.069499969482422
2001-04-14,5.5507283210754395
2001-04-15,5.143231391906738
2001-04-16,4.779771327972412
2001-04-17,4.464442253112793
2001-04-18,4.249721527099609
2001-04-19,4.152318477630615
2001-04-20,3.902787446975708
2001-04-21,3.6934897899627686
2001-04-22,3.494304895401001
2001-04-23,3.2677054405212402
2001-04-24,3.05176043510437
2001-04-25,3.0554914474487305
2001-04-26,3.6651298999786377
2001-04-27,4.329174995422363
2001-04-28,4.097601890563965
2001-04-29,3.6323916912078857
2001-04-30,3.220245361328125
2001-05-01,2.8988661766052246
2001-05-02,2.6804161071777344
2001-05-03,2.496354579925537
2001-05-04,2.3175361156463623
2001-05-05,2.156320095062256
2001-05-06,2.0093464851379395
2001-05-07,1.872804880142212
2001-05-08,1.754818320274353
2001-05-09,1.631456732749939
2001-05-10,1.5526752471923828
2001-05-11,1.5230872631072998
2001-05-12,1.4967888593673706
2001-05-13,1.5362231731414795
2001-05-14,1.6311862468719482
2001-05-15,1.5725500583648682
2001-05-16,1.6559900045394897
2001-05-17,2.642242193222046
2001-05-18,4.228310585021973
2001-05-19,4.698617935180664
2001-05-20,4.176806449890137
2001-05-21,3.4486992359161377
2001-05-22,3.1282997131347656
2001-05-23,3.068075656890869
2001-05-24,2.977114200592041
2001-05-25,2.6105260848999023
2001-05-26,2.418931484222412
2001-05-27,3.1342391967773438
2001-05-28,4.0344038009643555
2001-05-29,4.072624206542969
2001-05-30,4.065527439117432
2001-05-31,3.676271915435791
2001-06-01,4.004301071166992
2001-06-02,9.444258689880371
2001-06-03,17.601661682128906
2001-06-04,16.008438110351562
2001-06-05,10.32252311706543
2001-06-06,6.569478511810303
2001-06-07,4.757566452026367
2001-06-08,3.9223196506500244
2001-06-09,3.320158004760742
2001-06-10,2.8441197872161865
2001-06-11,2.4399020671844482
2001-06-12,2.0752506256103516
2001-06-13,1.9094897508621216
2001-06-14,2.6416804790496826
2001-06-15,4.868927478790283
2001-06-16,7.001794815063477
2001-06-17,7.686091899871826
2001-06-18,7.073032855987549
2001-06-19,5.43980073928833
2001-06-20,3.9336094856262207
2001-06-21,2.901752471923828
2001-06-22,2.3451173305511475
2001-06-23,2.439155340194702
2001-06-24,3.0575311183929443
2001-06-25,3.5227150917053223
2001-06-26,4.037409782409668
2001-06-27,4.398726463317871
2001-06-28,3.910797119140625
2001-06-29,3.1373467445373535
2001-06-30,2.489917755126953
2001-07-01,2.0298585891723633
2001-07-02,1.7475700378417969
2001-07-03,1.5769097805023193
2001-07-04,1.4793840646743774
2001-07-05,1.7709027528762817
2001-07-06,2.7094926834106445
2001-07-07,3.2016680240631104
2001-07-08,2.8610026836395264
2001-07-09,2.757861375808716
2001-07-10,3.137744426727295
2001-07-11,3.180267572402954
2001-07-12,2.944169521331787
2001-07-13,2.4681742191314697
2001-07-14,1.9722179174423218
2001-07-15,1.6358305215835571
2001-07-16,1.3612865209579468
2001-07-17,1.1619765758514404
2001-07-18,1.0256569385528564
2001-07-19,0.9394694566726685
2001-07-20,0.8863427639007568
2001-07-21,0.8296420574188232
2001-07-22,0.7622226476669312
2001-07-23,0.6935001611709595
2001-07-24,0.666556715965271
2001-07-25,0.7085729241371155
2001-07-26,0.7557040452957153
2001-07-27,1.0222305059432983
2001-07-28,2.313337564468384
2001-07-29,4.003296852111816
2001-07-30,4.339775085449219
2001-07-31,4.096985340118408
2001-08-01,3.3990871906280518
2001-08-02,2.5382792949676514
2001-08-03,1.8836913108825684
2001-08-04,1.4459006786346436
2001-08-05,1.1684541702270508
2001-08-06,0.991593599319458
2001-08-07,0.8594286441802979
2001-08-08,0.7568895816802979
2001-08-09,0.6753754019737244
2001-08-10,0.6382238268852234
2001-08-11,0.8785518407821655
2001-08-12,2.577340841293335
2001-08-13,6.058812141418457
2001-08-14,7.624894618988037
2001-08-15,6.777782440185547
2001-08-16,5.170678615570068
2001-08-17,3.5943684577941895
2001-08-18,2.648221015930176
2001-08-19,3.0367472171783447
2001-08-20,4.608940124511719
2001-08-21,4.998981475830078
2001-08-22,4.019659042358398
2001-08-23,2.915334939956665
2001-08-24,2.1964666843414307
2001-08-25,1.9376945495605469
2001-08-26,1.829870343208313
2001-08-27,1.567735195159912
2001-08-28,1.3442764282226562
2001-08-29,1.23667573928833
2001-08-30,1.3223187923431396
2001-08-31,1.8796427249908447
2001-09-01,2.914945602416992
2001-09-02,3.629426956176758
2001-09-03,3.7045860290527344
2001-09-04,3.3061470985412598
2001-09-05,2.988424777984619
2001-09-06,2.639979839324951
2001-09-07,2.185549020767212
2001-09-08,1.7654508352279663
2001-09-09,1.4620214700698853
2001-09-10,1.3059953451156616
2001-09-11,1.2789347171783447
2001-09-12,1.262848138809204
2001-09-13,1.175865888595581
2001-09-14,1.0565061569213867
2001-09-15,0.9643790125846863
2001-09-16,0.8966779708862305
2001-09-17,0.8306963443756104
2001-09-18,0.7739441394805908
2001-09-19,0.7263425588607788
2001-09-20,0.6918613314628601
2001-09-21,0.7102270126342773
2001-09-22,0.7792220115661621
2001-09-23,0.8009034991264343
2001-09-24,0.80265212059021
2001-09-25,1.0054863691329956
2001-09-26,1.3744364976882935
2001-09-27,1.4082231521606445
2001-09-28,1.2207412719726562
2001-09-29,1.031336784362793
2001-09-30,0.8978548645973206
2001-10-01,0.8051661252975464
2001-10-02,0.7347615957260132
2001-10-03,0.6843515634536743
2001-10-04,0.6438772082328796
2001-10-05,0.6076679229736328
2001-10-06,0.6033653020858765
2001-10-07,0.6857938766479492
2001-10-08,0.7954239249229431
2001-10-09,0.797970175743103
2001-10-10,0.7589044570922852
2001-10-11,0.7287178635597229
2001-10-12,0.6792821884155273
2001-10-13,0.6399333477020264
2001-10-14,0.6540380716323853
2001-10-15,0.8247935771942139
2001-10-16,1.0640348196029663
2001-10-17,1.074855923652649
2001-10-18,0.9642860889434814
2001-10-19,0.8666302561759949
2001-10-20,0.8091057538986206
2001-10-21,0.7499202489852905
2001-10-22,0.7166589498519897
2001-10-23,0.6817678809165955
2001-10-24,0.6506830453872681
2001-10-25,0.6150563955307007
2001-10-26,0.5807332992553711
2001-10-27,0.5511316061019897
2001-10-28,0.5351120829582214
2001-10-29,0.5306479930877686
2001-10-30,0.5381256937980652
2001-10-31,0.5394794940948486
2001-11-01,0.5371921062469482
2001-11-02,0.5521259307861328
2001-11-03,0.5517796277999878
2001-11-04,0.5447325706481934
2001-11-05,0.5289247035980225
2001-11-06,0.5152804851531982
2001-11-07,0.5147259831428528
2001-11-08,0.5363459587097168
2001-11-09,0.549911379814148
2001-11-10,0.5306495428085327
2001-11-11,0.5252835154533386
2001-11-12,0.5110263228416443
2001-11-13,0.5070149898529053
2001-11-14,0.5210011601448059
2001-11-15,0.5431451201438904
2001-11-16,0.5482456684112549
2001-11-17,0.5446794033050537
2001-11-18,0.5314695835113525
2001-11-19,0.5272020101547241
2001-11-20,0.5393361449241638
2001-11-21,0.5323095321655273
2001-11-22,0.5296227931976318
2001-11-23,0.5413692593574524
2001-11-24,0.5712534189224243
2001-11-25,0.6680309176445007
2001-11-26,0.8382890820503235
2001-11-27,0.9346314072608948
2001-11-28,0.9392034411430359
2001-11-29,0.8827695846557617
2001-11-30,0.827797532081604
2001-12-01,0.7911489009857178
2001-12-02,0.7734073996543884
2001-12-03,0.7473491430282593
2001-12-04,0.7351292371749878
2001-12-05,0.7441292405128479
2001-12-06,0.747553825378418
2001-12-07,0.7330073714256287
2001-12-08,0.7177225351333618
2001-12-09,0.7078226804733276
2001-12-10,0.6942840218544006
2001-12-11,0.8372949361801147
2001-12-12,1.4495337009429932
2001-12-13,2.0893633365631104
2001-12-14,2.0991015434265137
2001-12-15,1.8293652534484863
2001-12-16,1.56593656539917
2001-12-17,1.3576586246490479
2001-12-18,1.2830488681793213
2001-12-19,1.3913483619689941
2001-12-20,1.525578498840332
2001-12-21,1.4233059883117676
2001-12-22,1.2911720275878906
2001-12-23,1.1994189023971558
2001-12-24,1.1634808778762817
2001-12-25,1.1777064800262451
2001-12-26,1.1878821849822998
2001-12-27,1.1361267566680908
2001-12-28,1.0868889093399048
2001-12-29,1.054892659187317
2001-12-30,1.0248302221298218
2001-12-31,0.9806716442108154
2002-01-01,0.9358767867088318
2002-01-02,0.9038271903991699
2002-01-03,0.9069598913192749
2002-01-04,1.0236332416534424
2002-01-05,1.2591431140899658
2002-01-06,1.5723888874053955
2002-01-07,2.636570453643799
2002-01-08,4.299938201904297
2002-01-09,4.555973052978516
2002-01-10,4.053155899047852
2002-01-11,3.5669116973876953
2002-01-12,3.108266830444336
2002-01-13,2.7414567470550537
2002-01-14,2.7617907524108887
2002-01-15,2.9159035682678223
2002-01-16,2.7619376182556152
2002-01-17,2.473045587539673
2002-01-18,2.234123706817627
2002-01-19,2.6229867935180664
2002-01-20,7.327119827270508
2002-01-21,16.393169403076172
2002-01-22,17.936582565307617
2002-01-23,17.25511932373047
2002-01-24,21.396697998046875
2002-01-25,27.84747886657715
2002-01-26,25.161319732666016
2002-01-27,19.143295288085938
2002-01-28,13.658343315124512
2002-01-29,10.114364624023438
2002-01-30,7.908843517303467
2002-01-31,6.44157075881958
2002-02-01,5.416647911071777
2002-02-02,4.740778923034668
2002-02-03,4.229125499725342
2002-02-04,3.759817600250244
2002-02-05,3.42030930519104
2002-02-06,3.155221939086914
2002-02-07,3.614915132522583
2002-02-08,7.185784339904785
2002-02-09,12.27580451965332
2002-02-10,12.562629699707031
2002-02-11,10.403217315673828
2002-02-12,8.4972562789917
2002-02-13,6.860964775085449
2002-02-14,5.676872730255127
2002-02-15,4.853023529052734
2002-02-16,4.265607833862305
2002-02-17,3.8703501224517822
2002-02-18,3.5570292472839355
2002-02-19,3.3084168434143066
2002-02-20,3.1065847873687744
2002-02-21,2.994546413421631
2002-02-22,2.9168875217437744
2002-02-23,2.7763102054595947
2002-02-24,2.6274585723876953
2002-02-25,2.5225088596343994
2002-02-26,2.4437084197998047
2002-02-27,2.384718656539917
2002-02-28,2.324885845184326
2002-03-01,2.2458572387695312
2002-03-02,2.252455949783325
2002-03-03,3.0415923595428467
2002-03-04,5.215872764587402
2002-03-05,6.923985481262207
2002-03-06,6.568206787109375
2002-03-07,5.483274936676025
2002-03-08,4.601680755615234
2002-03-09,3.997648239135742
2002-03-10,3.6316466331481934
2002-03-11,3.393622875213623
2002-03-12,3.138584613800049
2002-03-13,3.106600284576416
2002-03-14,3.8137130737304688
2002-03-15,4.983626365661621
2002-03-16,5.121047019958496
2002-03-17,4.649703025817871
2002-03-18,4.506880283355713
2002-03-19,5.189149856567383
2002-03-20,5.447443008422852
2002-03-21,5.867311954498291
2002-03-22,8.215890884399414
2002-03-23,10.143299102783203
2002-03-24,8.97636604309082
2002-03-25,7.205406665802002
2002-03-26,5.990962028503418
2002-03-27,5.9599809646606445
2002-03-28,8.093402862548828
2002-03-29,9.092300415039062
2002-03-30,8.282135009765625
2002-03-31,7.832735061645508
2002-04-01,11.314567565917969
2002-04-02,17.91669464111328
2002-04-03,17.67314910888672
2002-04-04,14.208576202392578
2002-04-05,10.85450267791748
2002-04-06,8.323443412780762
2002-04-07,6.615062713623047
2002-04-08,5.463666915893555
2002-04-09,4.721858501434326
2002-04-10,4.328091621398926
2002-04-11,4.368523597717285
2002-04-12,4.581435203552246
2002-04-13,4.407278060913086
2002-04-14,4.036633491516113
2002-04-15,3.6832895278930664
2002-04-16,3.3741848468780518
2002-04-17,3.0828380584716797
2002-04-18,2.811145305633545
2002-04-19,2.609281301498413
2002-04-20,2.602025032043457
2002-04-21,2.651146173477173
2002-04-22,2.5318899154663086
2002-04-23,2.3456130027770996
2002-04-24,2.153176784515381
2002-04-25,1.9808396100997925
2002-04-26,1.8730692863464355
2002-04-27,1.7889333963394165
2002-04-28,1.7042927742004395
2002-04-29,1.6378755569458008
2002-04-30,1.5497071743011475
2002-05-01,1.4569040536880493
2002-05-02,1.4843668937683105
2002-05-03,1.5781488418579102
2002-05-04,1.6927968263626099
2002-05-05,2.241959810256958
2002-05-06,2.991750955581665
2002-05-07,2.914496660232544
2002-05-08,2.4655158519744873
2002-05-09,2.096998453140259
2002-05-10,1.8339636325836182
2002-05-11,1.596297264099121
2002-05-12,1.4154937267303467
2002-05-13,1.3079094886779785
2002-05-14,1.2968231439590454
2002-05-15,1.3529632091522217
2002-05-16,1.309101939201355
2002-05-17,1.1875784397125244
2002-05-18,1.0865200757980347
2002-05-19,1.0901141166687012
2002-05-20,1.1478331089019775
2002-05-21,1.1053552627563477
2002-05-22,1.023905634880066
2002-05-23,0.9505035281181335
2002-05-24,0.8787935972213745
2002-05-25,0.840237557888031
2002-05-26,0.7911592721939087
2002-05-27,0.7319854497909546
2002-05-28,0.6735204458236694
2002-05-29,0.6196497082710266
2002-05-30,0.578154444694519
2002-05-31,0.5503432154655457
2002-06-01,0.5508326292037964
2002-06-02,0.5884906053543091
2002-06-03,0.6229284405708313
2002-06-04,0.591905415058136
2002-06-05,0.5353677868843079
2002-06-06,0.4898099899291992
2002-06-07,0.4695388078689575
2002-06-08,0.4827815890312195
2002-06-09,0.4814905822277069
2002-06-10,0.44065436720848083
2002-06-11,0.4077107608318329
2002-06-12,0.3818030059337616
2002-06-13,0.3538525104522705
2002-06-14,0.32694172859191895
2002-06-15,0.3106107711791992
2002-06-16,0.3093092739582062
2002-06-17,0.29277095198631287
2002-06-18,0.2740829586982727
2002-06-19,0.26702913641929626
2002-06-20,0.26501256227493286
2002-06-21,0.2540251910686493
2002-06-22,0.239516943693161
2002-06-23,0.2261432707309723
2002-06-24,0.21968433260917664
2002-06-25,0.21219734847545624
2002-06-26,0.2036665380001068
2002-06-27,0.24661125242710114
2002-06-28,0.47309285402297974
2002-06-29,0.9495552778244019
2002-06-30,1.3975017070770264
2002-07-01,1.3612744808197021
2002-07-02,1.023060917854309
2002-07-03,0.7846482992172241
2002-07-04,0.6779372692108154
2002-07-05,0.6398906707763672
2002-07-06,0.6454735398292542
2002-07-07,0.6258513927459717
2002-07-08,0.5368196368217468
2002-07-09,0.4361307621002197
2002-07-10,0.361876904964447
2002-07-11,0.34562063217163086
2002-07-12,0.4024544656276703
2002-07-13,0.4453381597995758
2002-07-14,0.42895352840423584
2002-07-15,0.4350253939628601
2002-07-16,0.4496557116508484
2002-07-17,0.412028044462204
2002-07-18,0.3474559187889099
2002-07-19,0.30139628052711487
2002-07-20,0.2851801812648773
2002-07-21,0.3073064386844635
2002-07-22,0.345958411693573
2002-07-23,0.35682544112205505
2002-07-24,0.35999181866645813
2002-07-25,0.43166136741638184
2002-07-26,0.6964288949966431
2002-07-27,1.0703389644622803
2002-07-28,1.2158080339431763
2002-07-29,1.0632907152175903
2002-07-30,0.8014602661132812
2002-07-31,0.5834718346595764
2002-08-01,0.4439789950847626
2002-08-02,0.3608645796775818
2002-08-03,0.3168850243091583
2002-08-04,0.27990037202835083
2002-08-05,0.24337849020957947
2002-08-06,0.21562178432941437
2002-08-07,0.19844676554203033
2002-08-08,0.18403814733028412
2002-08-09,0.16810253262519836
2002-08-10,0.15566377341747284
2002-08-11,0.14747262001037598
2002-08-12,0.1395440399646759
2002-08-13,0.1305115669965744
2002-08-14,0.12323807179927826
2002-08-15,0.12777502834796906
2002-08-16,0.15662357211112976
2002-08-17,0.2059437334537506
2002-08-18,0.258857399225235
2002-08-19,0.28923994302749634
2002-08-20,0.28397247195243835
2002-08-21,0.2504597306251526
2002-08-22,0.21130436658859253
2002-08-23,0.1793472021818161
2002-08-24,0.16014447808265686
2002-08-25,0.16016198694705963
2002-08-26,0.1830938756465912
2002-08-27,0.2513118088245392
2002-08-28,0.43530774116516113
2002-08-29,0.7682998180389404
2002-08-30,1.077851414680481
2002-08-31,1.6422432661056519
2002-09-01,4.098513603210449
2002-09-02,7.9594011306762695
2002-09-03,7.991525173187256
2002-09-04,5.117891788482666
2002-09-05,2.927572011947632
2002-09-06,1.8021252155303955
2002-09-07,1.2116479873657227
2002-09-08,0.881537675857544
2002-09-09,0.6900001168251038
2002-09-10,0.5731097459793091
2002-09-11,0.49668028950691223
2002-09-12,0.43637362122535706
2002-09-13,0.38380205631256104
2002-09-14,0.3648357391357422
2002-09-15,0.47543877363204956
2002-09-16,0.9643867611885071
2002-09-17,2.0673656463623047
2002-09-18,3.0035958290100098
2002-09-19,2.893937826156616
2002-09-20,2.406048059463501
2002-09-21,1.8609272241592407
2002-09-22,1.407759666442871
2002-09-23,1.0717413425445557
2002-09-24,0.8595450520515442
2002-09-25,0.7293021082878113
2002-09-26,0.6570819616317749
2002-09-27,0.6586188673973083
2002-09-28,0.6876948475837708
2002-09-29,0.6620243787765503
2002-09-30,0.6072083115577698
2002-10-01,0.5486190319061279
2002-10-02,0.5099126100540161
2002-10-03,0.4825291037559509
2002-10-04,0.45106741786003113
2002-10-05,0.42324143648147583
2002-10-06,0.3965184688568115
2002-10-07,0.36749914288520813
2002-10-08,0.3485119640827179
2002-10-09,0.3421177268028259
2002-10-10,0.35780683159828186
2002-10-11,2.3179428577423096
2002-10-12,12.651667594909668
2002-10-13,26.369524002075195
2002-10-14,22.596019744873047
2002-10-15,14.25271987915039
2002-10-16,10.144668579101562
2002-10-17,11.572713851928711
2002-10-18,13.168816566467285
2002-10-19,10.436456680297852
2002-10-20,7.119813442230225
2002-10-21,5.037811279296875
2002-10-22,4.249215126037598
2002-10-23,4.666665554046631
2002-10-24,4.9745073318481445
2002-10-25,4.614363670349121
2002-10-26,4.115829944610596
2002-10-27,3.765073776245117
2002-10-28,3.719327926635742
2002-10-29,5.59483003616333
2002-10-30,11.022597312927246
2002-10-31,15.482244491577148
2002-11-01,15.461982727050781
2002-11-02,12.056875228881836
2002-11-03,8.68172836303711
2002-11-04,6.437432765960693
2002-11-05,5.384009838104248
2002-11-06,6.316388130187988
2002-11-07,9.518584251403809
2002-11-08,11.092782974243164
2002-11-09,9.781438827514648
2002-11-10,7.828553199768066
2002-11-11,6.398562908172607
2002-11-12,7.865636348724365
2002-11-13,19.431175231933594
2002-11-14,35.07479476928711
2002-11-15,32.888877868652344
2002-11-16,23.902069091796875
2002-11-17,19.850460052490234
2002-11-18,26.04807472229004
2002-11-19,31.347904205322266
2002-11-20,25.398557662963867
2002-11-21,17.918859481811523
2002-11-22,13.019139289855957
2002-11-23,10.190957069396973
2002-11-24,8.316283226013184
2002-11-25,7.0337018966674805
2002-11-26,6.157362937927246
2002-11-27,5.493553161621094
2002-11-28,4.965777397155762
2002-11-29,4.546606063842773
2002-11-30,4.1888909339904785
2002-12-01,3.910280466079712
2002-12-02,3.6979382038116455
2002-12-03,3.516531467437744
2002-12-04,3.3767173290252686
2002-12-05,3.895905017852783
2002-12-06,6.097641468048096
2002-12-07,8.183499336242676
2002-12-08,8.674736022949219
2002-12-09,8.62605094909668
2002-12-10,8.542157173156738
2002-12-11,8.611261367797852
2002-12-12,10.64587116241455
2002-12-13,16.85807228088379
2002-12-14,29.683130264282227
2002-12-15,41.6609992980957
2002-12-16,35.16429138183594
2002-12-17,24.57848358154297
2002-12-18,17.124879837036133
2002-12-19,12.697224617004395
2002-12-20,10.77546501159668
2002-12-21,12.500027656555176
2002-12-22,14.024187088012695
2002-12-23,12.749732971191406
2002-12-24,11.398014068603516
2002-12-25,15.054902076721191
2002-12-26,24.465166091918945
2002-12-27,25.80840301513672
2002-12-28,20.616472244262695
2002-12-29,15.690185546875
2002-12-30,12.35305118560791
2002-12-31,10.202937126159668
2003-01-01,9.906654357910156
2003-01-02,14.117228507995605
2003-01-03,19.592601776123047
2003-01-04,19.483272552490234
2003-01-05,17.408164978027344
2003-01-06,14.187787055969238
2003-01-07,11.590246200561523
2003-01-08,9.756779670715332
2003-01-09,8.372489929199219
2003-01-10,7.448021411895752
2003-01-11,6.757296562194824
2003-01-12,6.207775592803955
2003-01-13,5.757035255432129
2003-01-14,5.343570709228516
2003-01-15,4.983565330505371
2003-01-16,4.73269510269165
2003-01-17,4.514859676361084
2003-01-18,4.380174160003662
2003-01-19,4.245143890380859
2003-01-20,4.08989143371582
2003-01-21,3.9413652420043945
2003-01-22,3.8501336574554443
2003-01-23,3.9128589630126953
2003-01-24,3.9155116081237793
2003-01-25,3.820986270904541
2003-01-26,3.6888914108276367
2003-01-27,3.61820387840271
2003-01-28,3.52681565284729
2003-01-29,3.4701950550079346
2003-01-30,4.144471168518066
2003-01-31,7.534710884094238
2003-02-01,12.49688720703125
2003-02-02,14.11060619354248
2003-02-03,12.77209758758545
2003-02-04,10.979114532470703
2003-02-05,10.239953994750977
2003-02-06,9.895462036132812
2003-02-07,11.075165748596191
2003-02-08,17.905805587768555
2003-02-09,22.256772994995117
2003-02-10,19.817598342895508
2003-02-11,18.714696884155273
2003-02-12,19.70751190185547
2003-02-13,17.53060531616211
2003-02-14,14.260065078735352
2003-02-15,11.809590339660645
2003-02-16,12.381477355957031
2003-02-17,17.69685935974121
2003-02-18,22.131376266479492
2003-02-19,21.472318649291992
2003-02-20,19.983245849609375
2003-02-21,18.29635238647461
2003-02-22,18.892526626586914
2003-02-23,30.436416625976562
2003-02-24,45.061439514160156
2003-02-25,39.6452522277832
2003-02-26,28.799325942993164
2003-02-27,22.22096824645996
2003-02-28,25.733074188232422
2003-03-01,36.17613983154297
2003-03-02,39.222782135009766
2003-03-03,40.14073181152344
2003-03-04,38.19670867919922
2003-03-05,30.41293716430664
2003-03-06,30.270977020263672
2003-03-07,46.30021286010742
2003-03-08,52.63217544555664
2003-03-09,43.20758056640625
2003-03-10,32.01073455810547
2003-03-11,23.767593383789062
2003-03-12,18.281991958618164
2003-03-13,14.864704132080078
2003-03-14,13.100421905517578
2003-03-15,12.277064323425293
2003-03-16,12.854718208312988
2003-03-17,17.656354904174805
2003-03-18,22.00977325439453
2003-03-19,20.586605072021484
2003-03-20,28.413644790649414
2003-03-21,66.53817749023438
2003-03-22,96.44610595703125
2003-03-23,76.60823059082031
2003-03-24,49.7286491394043
2003-03-25,32.916465759277344
2003-03-26,23.487655639648438
2003-03-27,18.237876892089844
2003-03-28,15.08655834197998
2003-03-29,13.096765518188477
2003-03-30,15.839726448059082
2003-03-31,29.65808868408203
2003-04-01,39.04998016357422
2003-04-02,31.725032806396484
2003-04-03,22.928739547729492
2003-04-04,17.20400047302246
2003-04-05,13.776201248168945
2003-04-06,11.666585922241211
2003-04-07,11.027376174926758
2003-04-08,14.938726425170898
2003-04-09,28.955568313598633
2003-04-10,74.5018081665039
2003-04-11,148.68148803710938
2003-04-12,148.40576171875
2003-04-13,101.054443359375
2003-04-14,59.539249420166016
2003-04-15,36.653297424316406
2003-04-16,25.18019676208496
2003-04-17,18.958303451538086
2003-04-18,15.259960174560547
2003-04-19,13.140116691589355
2003-04-20,11.876813888549805
2003-04-21,10.695198059082031
2003-04-22,9.724705696105957
2003-04-23,9.066271781921387
2003-04-24,8.405966758728027
2003-04-25,7.668422698974609
2003-04-26,7.968100547790527
2003-04-27,10.112468719482422
2003-04-28,11.536447525024414
2003-04-29,10.439027786254883
2003-04-30,8.918956756591797
2003-05-01,7.885557651519775
2003-05-02,7.190405368804932
2003-05-03,6.531420707702637
2003-05-04,6.015321254730225
2003-05-05,5.786771774291992
2003-05-06,5.974240303039551
2003-05-07,6.75786018371582
2003-05-08,7.445990085601807
2003-05-09,6.926082611083984
2003-05-10,6.0274882316589355
2003-05-11,5.25412130355835
2003-05-12,4.670694351196289
2003-05-13,4.221246719360352
2003-05-14,3.7843987941741943
2003-05-15,3.494326591491699
2003-05-16,3.631038188934326
2003-05-17,4.202624797821045
2003-05-18,4.444188117980957
2003-05-19,4.641326427459717
2003-05-20,5.517477989196777
2003-05-21,6.192387580871582
2003-05-22,8.286578178405762
2003-05-23,20.370502471923828
2003-05-24,37.25215530395508
2003-05-25,36.963356018066406
2003-05-26,30.123939514160156
2003-05-27,27.084938049316406
2003-05-28,23.75893783569336
2003-05-29,18.867225646972656
2003-05-30,14.184331893920898
2003-05-31,11.200395584106445
2003-06-01,10.027960777282715
2003-06-02,9.442266464233398
2003-06-03,7.993783950805664
2003-06-04,6.852802276611328
2003-06-05,6.956794738769531
2003-06-06,7.212521553039551
2003-06-07,6.891576290130615
2003-06-08,9.387478828430176
2003-06-09,15.727235794067383
2003-06-10,16.651588439941406
2003-06-11,13.090422630310059
2003-06-12,9.738262176513672
2003-06-13,8.055130958557129
2003-06-14,7.3204803466796875
2003-06-15,6.332974433898926
2003-06-16,5.919483184814453
2003-06-17,6.8460845947265625
2003-06-18,7.89137077331543
2003-06-19,8.797416687011719
2003-06-20,11.531006813049316
2003-06-21,15.098769187927246
2003-06-22,14.974037170410156
2003-06-23,11.78648853302002
2003-06-24,8.816901206970215
2003-06-25,6.657815456390381
2003-06-26,5.237156391143799
2003-06-27,4.288337230682373
2003-06-28,3.647143840789795
2003-06-29,3.34043025970459
2003-06-30,3.372724771499634
2003-07-01,3.7655954360961914
2003-07-02,6.898125648498535
2003-07-03,17.54489517211914
2003-07-04,27.1428279876709
2003-07-05,22.544694900512695
2003-07-06,14.58033561706543
2003-07-07,9.597810745239258
2003-07-08,6.940786361694336
2003-07-09,5.472848415374756
2003-07-10,4.573537826538086
2003-07-11,4.165855407714844
2003-07-12,4.129922866821289
2003-07-13,4.235666275024414
2003-07-14,4.821939945220947
2003-07-15,6.536942005157471
2003-07-16,7.455360412597656
2003-07-17,6.761111259460449
2003-07-18,5.921653747558594
2003-07-19,5.291378974914551
2003-07-20,4.83819580078125
2003-07-21,4.392186164855957
2003-07-22,3.9061388969421387
2003-07-23,4.185415744781494
2003-07-24,5.479355812072754
2003-07-25,6.0328216552734375
2003-07-26,5.123344421386719
2003-07-27,4.088798999786377
2003-07-28,3.364070415496826
2003-07-29,2.8689074516296387
2003-07-30,3.045689344406128
2003-07-31,4.212538242340088
2003-08-01,5.211427688598633
2003-08-02,5.959667682647705
2003-08-03,7.390134811401367
2003-08-04,8.21476936340332
2003-08-05,8.292257308959961
2003-08-06,9.46756362915039
2003-08-07,11.450212478637695
2003-08-08,13.39716911315918
2003-08-09,18.42424964904785
2003-08-10,27.235143661499023
2003-08-11,32.07863998413086
2003-08-12,28.681739807128906
2003-08-13,21.403491973876953
2003-08-14,15.3759126663208
2003-08-15,12.174943923950195
2003-08-16,11.485713958740234
2003-08-17,13.336389541625977
2003-08-18,14.829438209533691
2003-08-19,13.787487030029297
2003-08-20,11.872466087341309
2003-08-21,9.379878997802734
2003-08-22,7.466518402099609
2003-08-23,6.974021911621094
2003-08-24,7.136360168457031
2003-08-25,6.6451873779296875
2003-08-26,5.751142501831055
2003-08-27,4.733336925506592
2003-08-28,3.905022382736206
2003-08-29,3.336479663848877
2003-08-30,2.9791643619537354
2003-08-31,3.0883467197418213
2003-09-01,4.657106399536133
2003-09-02,6.518998146057129
2003-09-03,5.971376895904541
2003-09-04,5.073277473449707
2003-09-05,5.720893383026123
2003-09-06,6.918187618255615
2003-09-07,6.1976118087768555
2003-09-08,5.1619110107421875
2003-09-09,5.0293450355529785
2003-09-10,5.1647443771362305
2003-09-11,4.668181896209717
2003-09-12,3.931746006011963
2003-09-13,3.375640869140625
2003-09-14,3.036709785461426
2003-09-15,2.761960029602051
2003-09-16,2.6080095767974854
2003-09-17,2.50789737701416
2003-09-18,3.1016268730163574
2003-09-19,7.956683158874512
2003-09-20,16.197729110717773
2003-09-21,15.943685531616211
2003-09-22,11.644532203674316
2003-09-23,9.5833158493042
2003-09-24,12.933060646057129
2003-09-25,15.659261703491211
2003-09-26,12.950559616088867
2003-09-27,9.34365463256836
2003-09-28,6.8480939865112305
2003-09-29,5.375756740570068
2003-09-30,4.464376449584961
2003-10-01,3.815568447113037
2003-10-02,3.386465072631836
2003-10-03,3.0788626670837402
2003-10-04,2.84193754196167
2003-10-05,2.628941774368286
2003-10-06,2.449646472930908
2003-10-07,2.305197238922119
2003-10-08,2.2214314937591553
2003-10-09,2.352766513824463
2003-10-10,2.7975902557373047
2003-10-11,3.227989673614502
2003-10-12,3.421370029449463
2003-10-13,3.359858989715576
2003-10-14,3.116223096847534
2003-10-15,3.0648093223571777
2003-10-16,3.1779212951660156
2003-10-17,3.0410573482513428
2003-10-18,2.7641544342041016
2003-10-19,2.522799015045166
2003-10-20,2.3367631435394287
2003-10-21,2.1781649589538574
2003-10-22,2.055241823196411
2003-10-23,1.9609650373458862
2003-10-24,1.8870494365692139
2003-10-25,1.8211865425109863
2003-10-26,1.8086719512939453
2003-10-27,1.8334912061691284
2003-10-28,2.0286877155303955
2003-10-29,3.6527748107910156
2003-10-30,8.105180740356445
2003-10-31,10.28488826751709
2003-11-01,8.604267120361328
2003-11-02,6.445871353149414
2003-11-03,5.0322442054748535
2003-11-04,4.222762584686279
2003-11-05,3.7625861167907715
2003-11-06,3.4644947052001953
2003-11-07,3.395031690597534
2003-11-08,3.552018404006958
2003-11-09,3.7813422679901123
2003-11-10,3.8779683113098145
2003-11-11,3.701859712600708
2003-11-12,3.469026565551758
2003-11-13,3.2012522220611572
2003-11-14,2.970226764678955
2003-11-15,2.7777419090270996
2003-11-16,2.6650941371917725
2003-11-17,2.602273941040039
2003-11-18,2.5203933715820312
2003-11-19,2.803765296936035
2003-11-20,4.8503007888793945
2003-11-21,8.053459167480469
2003-11-22,8.004964828491211
2003-11-23,6.600763320922852
2003-11-24,5.388138294219971
2003-11-25,4.597853660583496
2003-11-26,4.1734771728515625
2003-11-27,3.9316720962524414
2003-11-28,3.7499845027923584
2003-11-29,3.861989736557007
2003-11-30,4.126967430114746
2003-12-01,3.9846222400665283
2003-12-02,3.6579880714416504
2003-12-03,3.363708019256592
2003-12-04,3.2390615940093994
2003-12-05,3.653616189956665
2003-12-06,4.810013294219971
2003-12-07,5.686093807220459
2003-12-08,5.611995697021484
2003-12-09,5.074918746948242
2003-12-10,5.603148937225342
2003-12-11,11.303866386413574
2003-12-12,20.07513999938965
2003-12-13,19.321910858154297
2003-12-14,15.94815444946289
2003-12-15,19.071544647216797
2003-12-16,25.28426170349121
2003-12-17,23.113338470458984
2003-12-18,20.002517700195312
2003-12-19,18.94540023803711
2003-12-20,15.834212303161621
2003-12-21,12.575729370117188
2003-12-22,10.121100425720215
2003-12-23,8.504283905029297
2003-12-24,7.53442907333374
2003-12-25,7.0929365158081055
2003-12-26,6.909837245941162
2003-12-27,6.430526256561279
2003-12-28,5.914057731628418
2003-12-29,5.506616592407227
2003-12-30,5.205785274505615
2003-12-31,4.96329402923584
2004-01-01,4.743834972381592
2004-01-02,4.546374797821045
2004-01-03,4.401472091674805
2004-01-04,4.287058353424072
2004-01-05,4.258630752563477
2004-01-06,4.639523506164551
2004-01-07,5.320743560791016
2004-01-08,5.350484848022461
2004-01-09,4.924204349517822
2004-01-10,4.706479072570801
2004-01-11,4.732731819152832
2004-01-12,4.535834789276123
2004-01-13,4.361248016357422
2004-01-14,4.212869644165039
2004-01-15,4.034302234649658
2004-01-16,3.851594924926758
2004-01-17,3.6958119869232178
2004-01-18,3.6210334300994873
2004-01-19,4.045670509338379
2004-01-20,4.938483238220215
2004-01-21,5.00318717956543
2004-01-22,4.601962089538574
2004-01-23,4.228374481201172
2004-01-24,3.9516870975494385
2004-01-25,3.7887485027313232
2004-01-26,3.9839513301849365
2004-01-27,4.604856014251709
2004-01-28,4.971798896789551
2004-01-29,5.1060261726379395
2004-01-30,5.378426551818848
2004-01-31,5.772103786468506
2004-02-01,5.7772135734558105
2004-02-02,5.378822326660156
2004-02-03,5.514747142791748
2004-02-04,7.861040115356445
2004-02-05,10.879392623901367
2004-02-06,11.0246000289917
2004-02-07,16.310461044311523
2004-02-08,31.450599670410156
2004-02-09,32.3276252746582
2004-02-10,24.053768157958984
2004-02-11,17.560375213623047
2004-02-12,14.043724060058594
2004-02-13,14.487198829650879
2004-02-14,17.05868911743164
2004-02-15,16.24605941772461
2004-02-16,15.650880813598633
2004-02-17,15.70854377746582
2004-02-18,14.303372383117676
2004-02-19,13.749580383300781
2004-02-20,13.518692016601562
2004-02-21,12.887563705444336
2004-02-22,11.770654678344727
2004-02-23,10.373617172241211
2004-02-24,9.05813980102539
2004-02-25,8.081192016601562
2004-02-26,7.428341388702393
2004-02-27,8.256482124328613
2004-02-28,12.507614135742188
2004-02-29,15.807214736938477
2004-03-01,14.779464721679688
2004-03-02,12.7222900390625
2004-03-03,11.226130485534668
2004-03-04,10.271988868713379
2004-03-05,9.304344177246094
2004-03-06,8.442092895507812
2004-03-07,8.018960952758789
2004-03-08,7.8825507164001465
2004-03-09,7.421539783477783
2004-03-10,6.852818012237549
2004-03-11,6.408504486083984
2004-03-12,5.982933521270752
2004-03-13,5.642495632171631
2004-03-14,5.321059703826904
2004-03-15,5.233377456665039
2004-03-16,6.906445026397705
2004-03-17,12.428693771362305
2004-03-18,18.114669799804688
2004-03-19,19.477693557739258
2004-03-20,18.450706481933594
2004-03-21,15.273426055908203
2004-03-22,12.360958099365234
2004-03-23,10.129288673400879
2004-03-24,8.470855712890625
2004-03-25,7.3819193840026855
2004-03-26,6.686928749084473
2004-03-27,6.194062232971191
2004-03-28,5.822188377380371
2004-03-29,5.478058815002441
2004-03-30,5.140539169311523
2004-03-31,5.0625386238098145
2004-04-01,6.07805871963501
2004-04-02,8.145230293273926
2004-04-03,8.932267189025879
2004-04-04,8.314298629760742
2004-04-05,7.283979415893555
2004-04-06,6.284797668457031
2004-04-07,5.533465385437012
2004-04-08,5.059347152709961
2004-04-09,4.7031331062316895
2004-04-10,4.385432720184326
2004-04-11,4.152383327484131
2004-04-12,5.010201454162598
2004-04-13,10.347855567932129
2004-04-14,19.277116775512695
2004-04-15,21.759721755981445
2004-04-16,18.273746490478516
2004-04-17,13.519426345825195
2004-04-18,10.182555198669434
2004-04-19,8.117682456970215
2004-04-20,6.761666774749756
2004-04-21,5.784830093383789
2004-04-22,5.095442771911621
2004-04-23,4.593796730041504
2004-04-24,4.1847710609436035
2004-04-25,3.8355014324188232
2004-04-26,3.6225392818450928
2004-04-27,3.689208984375
2004-04-28,3.894923210144043
2004-04-29,3.7222089767456055
2004-04-30,3.4267749786376953
2004-05-01,3.405306339263916
2004-05-02,5.103725433349609
2004-05-03,10.963142395019531
2004-05-04,20.085304260253906
2004-05-05,24.716548919677734
2004-05-06,19.523725509643555
2004-05-07,13.511600494384766
2004-05-08,9.44260025024414
2004-05-09,6.961985111236572
2004-05-10,5.519101619720459
2004-05-11,4.6617889404296875
2004-05-12,4.108119487762451
2004-05-13,3.823617696762085
2004-05-14,3.6550827026367188
2004-05-15,3.335170269012451
2004-05-16,2.9747314453125
2004-05-17,2.7228548526763916
2004-05-18,2.5541434288024902
2004-05-19,2.37865948677063
2004-05-20,2.2720487117767334
2004-05-21,2.233496904373169
2004-05-22,2.1251320838928223
2004-05-23,2.0135245323181152
2004-05-24,2.0004382133483887
2004-05-25,2.0566091537475586
2004-05-26,1.9877183437347412
2004-05-27,1.7734527587890625
2004-05-28,1.5868022441864014
2004-05-29,1.457385778427124
2004-05-30,1.41270112991333
2004-05-31,1.6118624210357666
2004-06-01,1.8795422315597534
2004-06-02,1.8005478382110596
2004-06-03,1.5533370971679688
2004-06-04,1.4731266498565674
2004-06-05,2.061084508895874
2004-06-06,2.9618470668792725
2004-06-07,2.8310346603393555
2004-06-08,2.297006368637085
2004-06-09,1.9458649158477783
2004-06-10,1.811002254486084
2004-06-11,1.7320297956466675
2004-06-12,1.6762889623641968
2004-06-13,1.6318349838256836
2004-06-14,1.5692347288131714
2004-06-15,1.4308226108551025
2004-06-16,1.3211297988891602
2004-06-17,1.310051441192627
2004-06-18,1.3259035348892212
2004-06-19,1.287439227104187
2004-06-20,1.2128198146820068
2004-06-21,1.104645013809204
2004-06-22,0.9949043989181519
2004-06-23,0.9347924590110779
2004-06-24,1.0067049264907837
2004-06-25,1.1813702583312988
2004-06-26,1.374691367149353
2004-06-27,1.7142114639282227
2004-06-28,2.0450098514556885
2004-06-29,2.233692169189453
2004-06-30,2.425544023513794
2004-07-01,2.224029541015625
2004-07-02,1.9006638526916504
2004-07-03,1.7563203573226929
2004-07-04,1.9818205833435059
2004-07-05,2.3142805099487305
2004-07-06,2.2418599128723145
2004-07-07,1.88820481300354
2004-07-08,1.50809645652771
2004-07-09,1.2494213581085205
2004-07-10,1.0817716121673584
2004-07-11,1.0069596767425537
2004-07-12,1.1235053539276123
2004-07-13,1.5391258001327515
2004-07-14,1.9224836826324463
2004-07-15,1.840120792388916
2004-07-16,1.5368430614471436
2004-07-17,1.2489205598831177
2004-07-18,1.1241616010665894
2004-07-19,1.3791265487670898
2004-07-20,1.7623565196990967
2004-07-21,1.7048670053482056
2004-07-22,1.4547739028930664
2004-07-23,1.3825502395629883
2004-07-24,1.6556814908981323
2004-07-25,1.8370187282562256
2004-07-26,1.6826632022857666
2004-07-27,1.4808200597763062
2004-07-28,1.592402458190918
2004-07-29,2.3147389888763428
2004-07-30,4.081426620483398
2004-07-31,5.8771467208862305
2004-08-01,5.63238000869751
2004-08-02,4.640013217926025
2004-08-03,4.183207035064697
2004-08-04,4.075896263122559
2004-08-05,3.444795608520508
2004-08-06,2.79768705368042
2004-08-07,2.6466097831726074
2004-08-08,2.377413272857666
2004-08-09,1.9457603693008423
2004-08-10,1.5694984197616577
2004-08-11,1.2979061603546143
2004-08-12,1.1816909313201904
2004-08-13,1.6314573287963867
2004-08-14,4.138550758361816
2004-08-15,11.720409393310547
2004-08-16,21.613924026489258
2004-08-17,22.0831298828125
2004-08-18,15.571771621704102
2004-08-19,9.774335861206055
2004-08-20,6.374509334564209
2004-08-21,4.455123424530029
2004-08-22,3.732637882232666
2004-08-23,4.436956882476807
2004-08-24,4.848241806030273
2004-08-25,4.151987075805664
2004-08-26,3.219695568084717
2004-08-27,2.4926979541778564
2004-08-28,2.0044150352478027
2004-08-29,1.7028329372406006
2004-08-30,3.212310552597046
2004-08-31,12.082703590393066
2004-09-01,23.9360294342041
2004-09-02,22.561288833618164
2004-09-03,16.260208129882812
2004-09-04,10.611554145812988
2004-09-05,7.035200119018555
2004-09-06,5.0929741859436035
2004-09-07,4.637179374694824
2004-09-08,7.834433555603027
2004-09-09,16.719934463500977
2004-09-10,22.12900733947754
2004-09-11,17.665878295898438
2004-09-12,11.844722747802734
2004-09-13,8.0260591506958
2004-09-14,5.9541015625
2004-09-15,5.426011085510254
2004-09-16,5.663989067077637
2004-09-17,5.888319969177246
2004-09-18,8.357699394226074
2004-09-19,13.467924118041992
2004-09-20,15.398449897766113
2004-09-21,12.554882049560547
2004-09-22,9.053216934204102
2004-09-23,6.610715389251709
2004-09-24,5.071582317352295
2004-09-25,4.087329387664795
2004-09-26,3.4226977825164795
2004-09-27,2.9761478900909424
2004-09-28,2.955597400665283
2004-09-29,3.650933265686035
2004-09-30,4.421963691711426
2004-10-01,4.230877876281738
2004-10-02,3.9027633666992188
2004-10-03,4.060202121734619
2004-10-04,4.3929123878479
2004-10-05,4.438874244689941
2004-10-06,4.291201114654541
2004-10-07,3.8567676544189453
2004-10-08,3.344492197036743
2004-10-09,2.922722816467285
2004-10-10,2.6173758506774902
2004-10-11,2.3815042972564697
2004-10-12,2.1941425800323486
2004-10-13,2.3999438285827637
2004-10-14,4.051430702209473
2004-10-15,6.654258728027344
2004-10-16,7.306568145751953
2004-10-17,6.514007568359375
2004-10-18,5.235008716583252
2004-10-19,4.2366461753845215
2004-10-20,3.612431049346924
2004-10-21,3.250945568084717
2004-10-22,2.990934371948242
2004-10-23,2.7646067142486572
2004-10-24,2.5800414085388184
2004-10-25,2.5186867713928223
2004-10-26,2.558711528778076
2004-10-27,2.54123854637146
2004-10-28,2.455575942993164
2004-10-29,2.397264242172241
2004-10-30,2.354248523712158
2004-10-31,2.2900822162628174
2004-11-01,2.183228015899658
2004-11-02,2.0771782398223877
2004-11-03,1.996987223625183
2004-11-04,2.02203369140625
2004-11-05,2.3128247261047363
2004-11-06,2.7285096645355225
2004-11-07,2.74208402633667
2004-11-08,2.5379586219787598
2004-11-09,2.3143186569213867
2004-11-10,2.1579957008361816
2004-11-11,2.073873281478882
2004-11-12,2.2527410984039307
2004-11-13,3.7649388313293457
2004-11-14,6.795520782470703
2004-11-15,7.789055824279785
2004-11-16,6.739830017089844
2004-11-17,5.445071697235107
2004-11-18,4.523130416870117
2004-11-19,3.9297144412994385
2004-11-20,3.546844005584717
2004-11-21,3.2928383350372314
2004-11-22,3.095736503601074
2004-11-23,3.2798311710357666
2004-11-24,5.2568440437316895
2004-11-25,9.078701972961426
2004-11-26,10.59042739868164
2004-11-27,9.37778091430664
2004-11-28,8.358596801757812
2004-11-29,10.837336540222168
2004-11-30,13.931825637817383
2004-12-01,12.647439002990723
2004-12-02,10.282720565795898
2004-12-03,8.511677742004395
2004-12-04,7.072653770446777
2004-12-05,6.023566246032715
2004-12-06,5.311327934265137
2004-12-07,4.870488166809082
2004-12-08,4.760656356811523
2004-12-09,4.851146697998047
2004-12-10,6.242528438568115
2004-12-11,12.629615783691406
2004-12-12,18.322874069213867
2004-12-13,16.542560577392578
2004-12-14,12.568480491638184
2004-12-15,9.609432220458984
2004-12-16,7.760491371154785
2004-12-17,6.451390743255615
2004-12-18,5.613655090332031
2004-12-19,5.061960220336914
2004-12-20,4.701223850250244
2004-12-21,4.496404647827148
2004-12-22,4.238949298858643
2004-12-23,4.207557678222656
2004-12-24,4.950871467590332
2004-12-25,5.971956253051758
2004-12-26,5.780465126037598
2004-12-27,5.226230621337891
2004-12-28,4.830556869506836
2004-12-29,4.456301689147949
2004-12-30,4.163455963134766
2004-12-31,3.9601125717163086
2005-01-01,3.8155014514923096
2005-01-02,3.699309825897217
2005-01-03,3.582747459411621
2005-01-04,3.4820199012756348
2005-01-05,3.404606819152832
2005-01-06,3.3273026943206787
2005-01-07,3.2545809745788574
2005-01-08,3.1769678592681885
2005-01-09,3.1062843799591064
2005-01-10,3.045344829559326
2005-01-11,2.974090337753296
2005-01-12,2.895966053009033
2005-01-13,2.8923237323760986
2005-01-14,7.238158226013184
2005-01-15,23.86054229736328
2005-01-16,36.245426177978516
2005-01-17,28.713027954101562
2005-01-18,19.55777359008789
2005-01-19,13.710887908935547
2005-01-20,10.118192672729492
2005-01-21,8.17495346069336
2005-01-22,7.10644006729126
2005-01-23,6.499944686889648
2005-01-24,6.122579097747803
2005-01-25,5.676130294799805
2005-01-26,5.322571754455566
2005-01-27,5.239887237548828
2005-01-28,5.2545013427734375
2005-01-29,5.00941276550293
2005-01-30,5.097038269042969
2005-01-31,6.7638959884643555
2005-02-01,8.653570175170898
2005-02-02,8.767393112182617
2005-02-03,8.439071655273438
2005-02-04,10.496955871582031
2005-02-05,14.503154754638672
2005-02-06,14.326299667358398
2005-02-07,12.043595314025879
2005-02-08,9.903755187988281
2005-02-09,8.4295654296875
2005-02-10,7.524355888366699
2005-02-11,6.958775043487549
2005-02-12,6.363620281219482
2005-02-13,5.7863569259643555
2005-02-14,5.369970798492432
2005-02-15,5.305793762207031
2005-02-16,5.439844131469727
2005-02-17,5.323090076446533
2005-02-18,5.045155048370361
2005-02-19,4.706783771514893
2005-02-20,4.403457164764404
2005-02-21,4.220117092132568
2005-02-22,4.242927551269531
2005-02-23,4.378988742828369
2005-02-24,4.673494338989258
2005-02-25,6.684840202331543
2005-02-26,9.778783798217773
2005-02-27,9.769074440002441
2005-02-28,10.75709342956543
2005-03-01,19.937700271606445
2005-03-02,30.41039276123047
2005-03-03,27.301700592041016
2005-03-04,20.159053802490234
2005-03-05,14.702299118041992
2005-03-06,11.569976806640625
2005-03-07,9.6933012008667
2005-03-08,11.169745445251465
2005-03-09,19.542831420898438
2005-03-10,24.02665138244629
2005-03-11,20.730113983154297
2005-03-12,16.45686149597168
2005-03-13,13.440245628356934
2005-03-14,11.207027435302734
2005-03-15,9.850482940673828
2005-03-16,9.61819076538086
2005-03-17,14.963216781616211
2005-03-18,28.45086097717285
2005-03-19,32.32368850708008
2005-03-20,26.874353408813477
2005-03-21,20.484989166259766
2005-03-22,15.81215763092041
2005-03-23,13.64105224609375
2005-03-24,15.502154350280762
2005-03-25,18.66313934326172
2005-03-26,17.30604362487793
2005-03-27,14.327396392822266
2005-03-28,15.436308860778809
2005-03-29,27.55634117126465
2005-03-30,36.15335464477539
2005-03-31,29.94508171081543
2005-04-01,22.919902801513672
2005-04-02,19.875173568725586
2005-04-03,19.46670913696289
2005-04-04,18.80585479736328
2005-04-05,15.858911514282227
2005-04-06,12.94732666015625
2005-04-07,10.884074211120605
2005-04-08,10.503377914428711
2005-04-09,14.061759948730469
2005-04-10,18.35381317138672
2005-04-11,17.400503158569336
2005-04-12,14.295345306396484
2005-04-13,11.951508522033691
2005-04-14,11.704352378845215
2005-04-15,12.391916275024414
2005-04-16,11.438087463378906
2005-04-17,9.688385009765625
2005-04-18,8.212991714477539
2005-04-19,7.2173261642456055
2005-04-20,6.482027530670166
2005-04-21,5.901007175445557
2005-04-22,5.406368255615234
2005-04-23,4.971848011016846
2005-04-24,4.691324234008789
2005-04-25,4.453315734863281
2005-04-26,4.170621395111084
2005-04-27,3.9402031898498535
2005-04-28,3.7325680255889893
2005-04-29,3.539496898651123
2005-04-30,3.504373550415039
2005-05-01,3.810903549194336
2005-05-02,4.519373416900635
2005-05-03,4.814571380615234
2005-05-04,4.421811103820801
2005-05-05,3.9128808975219727
2005-05-06,4.0908331871032715
2005-05-07,6.251489162445068
2005-05-08,8.786373138427734
2005-05-09,8.262836456298828
2005-05-10,6.603642463684082
2005-05-11,5.195354461669922
2005-05-12,4.269774913787842
2005-05-13,3.71628999710083
2005-05-14,3.402616024017334
2005-05-15,3.196356773376465
2005-05-16,3.0735843181610107
2005-05-17,3.0577502250671387
2005-05-18,2.9084274768829346
2005-05-19,2.666886568069458
2005-05-20,2.6307668685913086
2005-05-21,3.122175931930542
2005-05-22,3.72585391998291
2005-05-23,3.5393571853637695
2005-05-24,3.0742440223693848
2005-05-25,2.7179484367370605
2005-05-26,2.4643359184265137
2005-05-27,2.23947811126709
2005-05-28,2.012453317642212
2005-05-29,1.824519157409668
2005-05-30,1.699779987335205
2005-05-31,1.5960437059402466
2005-06-01,1.5360703468322754
2005-06-02,1.7339767217636108
2005-06-03,2.661696195602417
2005-06-04,3.9311575889587402
2005-06-05,4.360713958740234
2005-06-06,3.99765944480896
2005-06-07,3.3541135787963867
2005-06-08,3.210789203643799
2005-06-09,3.6860225200653076
2005-06-10,4.034059524536133
2005-06-11,3.9501335620880127
2005-06-12,3.4025392532348633
2005-06-13,2.73435640335083
2005-06-14,2.2662811279296875
2005-06-15,1.9524997472763062
2005-06-16,1.6665492057800293
2005-06-17,1.425674319267273
2005-06-18,1.2534101009368896
2005-06-19,1.1338472366333008
2005-06-20,1.0649034976959229
2005-06-21,1.015533685684204
2005-06-22,0.9701360464096069
2005-06-23,0.9306044578552246
2005-06-24,0.8950598239898682
2005-06-25,0.8406457304954529
2005-06-26,0.7832649946212769
2005-06-27,0.7540183067321777
2005-06-28,0.7924025654792786
2005-06-29,0.9738894701004028
2005-06-30,1.265936255455017
2005-07-01,1.3906011581420898
2005-07-02,1.3018156290054321
2005-07-03,1.1705918312072754
2005-07-04,1.0738567113876343
2005-07-05,1.0205823183059692
2005-07-06,0.9865590333938599
2005-07-07,0.9799578189849854
2005-07-08,1.3306785821914673
2005-07-09,2.151092529296875
2005-07-10,2.4478940963745117
2005-07-11,2.03304123878479
2005-07-12,1.523431658744812
2005-07-13,1.214150309562683
2005-07-14,1.0741121768951416
2005-07-15,1.0094655752182007
2005-07-16,0.9276226162910461
2005-07-17,0.8464994430541992
2005-07-18,0.802385687828064
2005-07-19,0.7898048758506775
2005-07-20,0.8453673124313354
2005-07-21,1.1816304922103882
2005-07-22,1.6431523561477661
2005-07-23,1.7676730155944824
2005-07-24,1.706837773323059
2005-07-25,1.4728367328643799
2005-07-26,1.1647369861602783
2005-07-27,0.910622239112854
2005-07-28,0.746295690536499
2005-07-29,1.018564224243164
2005-07-30,2.691960096359253
2005-07-31,5.102944374084473
2005-08-01,6.12034273147583
2005-08-02,5.864808082580566
2005-08-03,4.396739959716797
2005-08-04,3.0261752605438232
2005-08-05,2.1819021701812744
2005-08-06,1.6591875553131104
2005-08-07,1.3093992471694946
2005-08-08,1.1011114120483398
2005-08-09,1.260238528251648
2005-08-10,2.394686698913574
2005-08-11,3.9753336906433105
2005-08-12,4.1260857582092285
2005-08-13,3.289918899536133
2005-08-14,2.600590229034424
2005-08-15,2.3784477710723877
2005-08-16,2.165876865386963
2005-08-17,1.90105402469635
2005-08-18,1.9381260871887207
2005-08-19,2.0369582176208496
2005-08-20,1.847013235092163
2005-08-21,1.6841918230056763
2005-08-22,1.5613057613372803
2005-08-23,1.3735281229019165
2005-08-24,1.3175930976867676
2005-08-25,1.2824008464813232
2005-08-26,1.1314282417297363
2005-08-27,0.9597711563110352
2005-08-28,0.8290297985076904
2005-08-29,0.7400659322738647
2005-08-30,0.6701577305793762
2005-08-31,0.6280308961868286
2005-09-01,0.5902047157287598
2005-09-02,0.5366911888122559
2005-09-03,0.49169647693634033
2005-09-04,0.4522402882575989
2005-09-05,0.41928625106811523
2005-09-06,0.3963035047054291
2005-09-07,0.3747981786727905
2005-09-08,0.35475581884384155
2005-09-09,0.3390781283378601
2005-09-10,0.32698485255241394
2005-09-11,0.31295767426490784
2005-09-12,0.2987799644470215
2005-09-13,0.2910580039024353
2005-09-14,0.2986847162246704
2005-09-15,0.3207726776599884
2005-09-16,0.33335041999816895
2005-09-17,0.3264600932598114
2005-09-18,0.31692785024642944
2005-09-19,0.30243831872940063
2005-09-20,0.2896237373352051
2005-09-21,0.29783910512924194
2005-09-22,0.3519231379032135
2005-09-23,0.4024224281311035
2005-09-24,0.3936721682548523
2005-09-25,0.35917773842811584
2005-09-26,0.33802860975265503
2005-09-27,0.3284103274345398
2005-09-28,0.31879469752311707
2005-09-29,0.3013163208961487
2005-09-30,0.2837931513786316
2005-10-01,0.27454036474227905
2005-10-02,0.2795752286911011
2005-10-03,0.27555567026138306
2005-10-04,0.26766589283943176
2005-10-05,0.2617362439632416
2005-10-06,0.2651218771934509
2005-10-07,0.3591613173484802
2005-10-08,0.8014355301856995
2005-10-09,1.5694811344146729
2005-10-10,1.8944454193115234
2005-10-11,1.6709290742874146
2005-10-12,1.4186468124389648
2005-10-13,1.19138765335083
2005-10-14,0.9833078384399414
2005-10-15,0.8088854551315308
2005-10-16,0.6811704039573669
2005-10-17,0.5854949355125427
2005-10-18,0.5273712277412415
2005-10-19,0.5000307559967041
2005-10-20,0.46791720390319824
2005-10-21,0.43421778082847595
2005-10-22,0.4184185564517975
2005-10-23,0.44552820920944214
2005-10-24,0.47384005784988403
2005-10-25,0.4691891670227051
2005-10-26,0.45141637325286865
2005-10-27,0.4316919445991516
2005-10-28,0.41835764050483704
2005-10-29,0.40259379148483276
2005-10-30,0.3979451358318329
2005-10-31,0.4078320562839508
2005-11-01,0.413662314414978
2005-11-02,0.4191805124282837
2005-11-03,0.4141536355018616
2005-11-04,0.4204113185405731
2005-11-05,0.41794201731681824
2005-11-06,0.4101053476333618
2005-11-07,0.40206965804100037
2005-11-08,0.39731061458587646
2005-11-09,0.4101163148880005
2005-11-10,0.4183369576931
2005-11-11,0.433418869972229
2005-11-12,0.4588760733604431
2005-11-13,0.4751611053943634
2005-11-14,0.47808247804641724
2005-11-15,0.47079452872276306
2005-11-16,0.4635520875453949
2005-11-17,0.46802812814712524
2005-11-18,0.48157066106796265
2005-11-19,0.5015659928321838
2005-11-20,0.5114469528198242
2005-11-21,0.6897702813148499
2005-11-22,1.925144076347351
2005-11-23,4.073083400726318
2005-11-24,4.145296573638916
2005-11-25,3.1144087314605713
2005-11-26,2.2161433696746826
2005-11-27,1.6917552947998047
2005-11-28,1.5885779857635498
2005-11-29,2.1333000659942627
2005-11-30,3.662613868713379
2005-12-01,5.575103759765625
2005-12-02,5.151665210723877
2005-12-03,3.842339038848877
2005-12-04,2.851785659790039
2005-12-05,3.474095106124878
2005-12-06,9.591550827026367
2005-12-07,17.737932205200195
2005-12-08,15.584663391113281
2005-12-09,11.157435417175293
2005-12-10,9.162605285644531
2005-12-11,8.368785858154297
2005-12-12,6.957289695739746
2005-12-13,5.541742324829102
2005-12-14,4.475242614746094
2005-12-15,4.5188798904418945
2005-12-16,9.045315742492676
2005-12-17,16.666751861572266
2005-12-18,16.13058090209961
2005-12-19,12.554088592529297
2005-12-20,9.889272689819336
2005-12-21,7.7749552726745605
2005-12-22,6.146948337554932
2005-12-23,5.019506454467773
2005-12-24,4.301002025604248
2005-12-25,3.8664767742156982
2005-12-26,3.8045101165771484
2005-12-27,4.050384998321533
2005-12-28,3.9244089126586914
2005-12-29,3.7565994262695312
2005-12-30,4.001405715942383
2005-12-31,4.373167514801025
2006-01-01,4.322114944458008
2006-01-02,4.236640453338623
2006-01-03,5.05653715133667
2006-01-04,6.9784650802612305
2006-01-05,7.2894392013549805
2006-01-06,6.497742652893066
2006-01-07,6.022787570953369
2006-01-08,5.770684242248535
2006-01-09,5.226604461669922
2006-01-10,4.680960655212402
2006-01-11,4.255970001220703
2006-01-12,4.054464340209961
2006-01-13,4.034826278686523
2006-01-14,4.042266845703125
2006-01-15,4.313239574432373
2006-01-16,4.501996040344238
2006-01-17,4.273676872253418
2006-01-18,4.476554870605469
2006-01-19,5.857757568359375
2006-01-20,6.732987403869629
2006-01-21,6.3168745040893555
2006-01-22,5.908380508422852
2006-01-23,6.049255847930908
2006-01-24,6.27364444732666
2006-01-25,6.788266181945801
2006-01-26,6.657109260559082
2006-01-27,5.901980400085449
2006-01-28,5.110925197601318
2006-01-29,4.531298637390137
2006-01-30,4.171183109283447
2006-01-31,4.128800392150879
2006-02-01,4.319782733917236
2006-02-02,4.379945755004883
2006-02-03,4.294135570526123
2006-02-04,4.737590312957764
2006-02-05,6.356619834899902
2006-02-06,7.952662467956543
2006-02-07,7.421570777893066
2006-02-08,6.307677745819092
2006-02-09,5.392467498779297
2006-02-10,4.730260372161865
2006-02-11,4.325196743011475
2006-02-12,4.521984100341797
2006-02-13,5.295409679412842
2006-02-14,5.3234357833862305
2006-02-15,4.913199424743652
2006-02-16,4.520242691040039
2006-02-17,4.207286834716797
2006-02-18,3.9546611309051514
2006-02-19,3.795450210571289
2006-02-20,3.7568564414978027
2006-02-21,3.6158270835876465
2006-02-22,3.500509023666382
2006-02-23,3.974304676055908
2006-02-24,6.232261657714844
2006-02-25,8.414071083068848
2006-02-26,8.065193176269531
2006-02-27,6.890562057495117
2006-02-28,5.817254066467285
2006-03-01,5.047942161560059
2006-03-02,4.536800384521484
2006-03-03,4.170151233673096
2006-03-04,3.866506338119507
2006-03-05,3.5806772708892822
2006-03-06,3.3639237880706787
2006-03-07,3.297891616821289
2006-03-08,3.3264825344085693
2006-03-09,3.2713258266448975
2006-03-10,3.1962952613830566
2006-03-11,3.123422622680664
2006-03-12,3.0841610431671143
2006-03-13,3.0460124015808105
2006-03-14,2.9268901348114014
2006-03-15,2.8092119693756104
2006-03-16,2.7140684127807617
2006-03-17,2.5951976776123047
2006-03-18,2.4874844551086426
2006-03-19,2.3714709281921387
2006-03-20,2.2783138751983643
2006-03-21,2.522636651992798
2006-03-22,3.8529181480407715
2006-03-23,5.5569963455200195
2006-03-24,5.604196071624756
2006-03-25,4.924394130706787
2006-03-26,4.417483329772949
2006-03-27,4.070101261138916
2006-03-28,3.7288224697113037
2006-03-29,3.4303455352783203
2006-03-30,3.1827468872070312
2006-03-31,2.9757752418518066
2006-04-01,2.8249874114990234
2006-04-02,2.7332229614257812
2006-04-03,2.6767919063568115
2006-04-04,2.845336675643921
2006-04-05,3.136141777038574
2006-04-06,3.0602898597717285
2006-04-07,2.798832654953003
2006-04-08,2.6136891841888428
2006-04-09,2.7262680530548096
2006-04-10,3.039064884185791
2006-04-11,2.94107985496521
2006-04-12,2.6929192543029785
2006-04-13,2.4686131477355957
2006-04-14,2.281254291534424
2006-04-15,2.1143791675567627
2006-04-16,1.9781237840652466
2006-04-17,1.884779930114746
2006-04-18,1.936500906944275
2006-04-19,2.0067830085754395
2006-04-20,1.9034514427185059
2006-04-21,1.7675403356552124
2006-04-22,1.7806932926177979
2006-04-23,2.463369369506836
2006-04-24,3.6352529525756836
2006-04-25,3.865129232406616
2006-04-26,3.5586869716644287
2006-04-27,4.753062725067139
2006-04-28,8.938718795776367
2006-04-29,11.51675033569336
2006-04-30,9.813634872436523
2006-05-01,7.100363731384277
2006-05-02,5.246187686920166
2006-05-03,4.035201549530029
2006-05-04,3.241190195083618
2006-05-05,2.714979648590088
2006-05-06,2.381744384765625
2006-05-07,2.404379367828369
2006-05-08,3.983053207397461
2006-05-09,8.246692657470703
2006-05-10,10.83911418914795
2006-05-11,9.393916130065918
2006-05-12,7.013886451721191
2006-05-13,5.360165596008301
2006-05-14,4.4298319816589355
2006-05-15,4.630595684051514
2006-05-16,5.204741477966309
2006-05-17,4.92159366607666
2006-05-18,4.224159240722656
2006-05-19,4.018265724182129
2006-05-20,4.095650672912598
2006-05-21,3.7986221313476562
2006-05-22,3.3370413780212402
2006-05-23,2.854215145111084
2006-05-24,2.434373617172241
2006-05-25,2.0901288986206055
2006-05-26,1.8550282716751099
2006-05-27,1.6986523866653442
2006-05-28,1.561798095703125
2006-05-29,1.4141039848327637
2006-05-30,1.2746022939682007
2006-05-31,1.176499366760254
2006-06-01,1.1329482793807983
2006-06-02,1.122739315032959
2006-06-03,1.3306515216827393
2006-06-04,1.9612023830413818
2006-06-05,2.4581522941589355
2006-06-06,2.5095624923706055
2006-06-07,2.442101240158081
2006-06-08,2.216310501098633
2006-06-09,1.924631953239441
2006-06-10,1.7017158269882202
2006-06-11,1.486581802368164
2006-06-12,1.575506567955017
2006-06-13,2.321012496948242
2006-06-14,6.643413543701172
2006-06-15,24.460506439208984
2006-06-16,43.32637023925781
2006-06-17,34.43983459472656
2006-06-18,20.465694427490234
2006-06-19,11.637664794921875
2006-06-20,7.02182149887085
2006-06-21,4.629118919372559
2006-06-22,3.334367513656616
2006-06-23,2.701132297515869
2006-06-24,2.8264901638031006
2006-06-25,4.164736270904541
2006-06-26,6.898896217346191
2006-06-27,10.21783447265625
2006-06-28,12.200129508972168
2006-06-29,12.00901985168457
2006-06-30,9.634031295776367
2006-07-01,6.901139259338379
2006-07-02,4.779628276824951
2006-07-03,3.4535887241363525
2006-07-04,2.677640914916992
2006-07-05,2.2225112915039062
2006-07-06,2.2728848457336426
2006-07-07,4.076342582702637
2006-07-08,6.734084129333496
2006-07-09,6.234290599822998
2006-07-10,4.486449718475342
2006-07-11,3.22414493560791
2006-07-12,2.411069393157959
2006-07-13,1.900462031364441
2006-07-14,1.6182260513305664
2006-07-15,1.5653945207595825
2006-07-16,1.6016058921813965
2006-07-17,1.4929752349853516
2006-07-18,1.2793834209442139
2006-07-19,1.0893819332122803
2006-07-20,0.9860579371452332
2006-07-21,0.9279553890228271
2006-07-22,0.8802239298820496
2006-07-23,0.9030177593231201
2006-07-24,1.2454652786254883
2006-07-25,2.065448045730591
2006-07-26,3.835911273956299
2006-07-27,5.351776123046875
2006-07-28,4.725046157836914
2006-07-29,3.415252685546875
2006-07-30,2.4262173175811768
2006-07-31,1.83425772190094
2006-08-01,1.4459714889526367
2006-08-02,1.190725326538086
2006-08-03,1.0241053104400635
2006-08-04,0.941015362739563
2006-08-05,0.8912924528121948
2006-08-06,0.8089989423751831
2006-08-07,0.7489941120147705
2006-08-08,0.7927076816558838
2006-08-09,0.8945544958114624
2006-08-10,0.8959654569625854
2006-08-11,0.8339815139770508
2006-08-12,0.7879695892333984
2006-08-13,0.8016061186790466
2006-08-14,0.7887721657752991
2006-08-15,0.7146650552749634
2006-08-16,0.6422035098075867
2006-08-17,0.5968180894851685
2006-08-18,0.5679739713668823
2006-08-19,0.5446138978004456
2006-08-20,0.538772463798523
2006-08-21,0.52890545129776
2006-08-22,0.558750331401825
2006-08-23,0.6616734266281128
2006-08-24,0.7655208706855774
2006-08-25,0.7510725259780884
2006-08-26,0.6627305746078491
2006-08-27,0.5671902298927307
2006-08-28,0.4894804358482361
2006-08-29,0.43771445751190186
2006-08-30,0.48505276441574097
2006-08-31,1.0802788734436035
2006-09-01,3.113887071609497
2006-09-02,6.598728179931641
2006-09-03,8.228111267089844
2006-09-04,6.3091654777526855
2006-09-05,5.608887195587158
2006-09-06,9.68430233001709
2006-09-07,14.38227653503418
2006-09-08,12.05551528930664
2006-09-09,8.057701110839844
2006-09-10,5.1704511642456055
2006-09-11,3.491825580596924
2006-09-12,2.5318291187286377
2006-09-13,2.102257490158081
2006-09-14,2.7424728870391846
2006-09-15,4.862624168395996
2006-09-16,6.222473621368408
2006-09-17,5.35072660446167
2006-09-18,3.9465112686157227
2006-09-19,2.9665884971618652
2006-09-20,2.6787564754486084
2006-09-21,2.7189135551452637
2006-09-22,2.4554526805877686
2006-09-23,2.0957701206207275
2006-09-24,1.7874841690063477
2006-09-25,1.5837706327438354
2006-09-26,1.5550825595855713
2006-09-27,1.5487180948257446
2006-09-28,1.4433356523513794
2006-09-29,1.4218058586120605
2006-09-30,1.733994960784912
2006-10-01,2.025259017944336
2006-10-02,1.958500862121582
2006-10-03,1.7131609916687012
2006-10-04,1.475757122039795
2006-10-05,1.283937931060791
2006-10-06,1.1995549201965332
2006-10-07,1.4579412937164307
2006-10-08,2.1875977516174316
2006-10-09,3.169405460357666
2006-10-10,3.926988363265991
2006-10-11,3.682302236557007
2006-10-12,3.0229978561401367
2006-10-13,2.4640207290649414
2006-10-14,2.0558979511260986
2006-10-15,1.7682249546051025
2006-10-16,1.5671170949935913
2006-10-17,1.6908189058303833
2006-10-18,3.4657175540924072
2006-10-19,6.822455883026123
2006-10-20,7.42144775390625
2006-10-21,6.160926342010498
2006-10-22,4.84930944442749
2006-10-23,4.032289028167725
2006-10-24,3.6455321311950684
2006-10-25,3.197014331817627
2006-10-26,2.7486515045166016
2006-10-27,2.478933572769165
2006-10-28,3.244579315185547
2006-10-29,5.928221702575684
2006-10-30,7.406977653503418
2006-10-31,6.596487998962402
2006-11-01,5.1777191162109375
2006-11-02,4.107046127319336
2006-11-03,3.3991353511810303
2006-11-04,2.9527475833892822
2006-11-05,2.6598730087280273
2006-11-06,2.4460108280181885
2006-11-07,3.407233238220215
2006-11-08,10.158357620239258
2006-11-09,21.501008987426758
2006-11-10,23.64961814880371
2006-11-11,18.648401260375977
2006-11-12,15.097932815551758
2006-11-13,19.809953689575195
2006-11-14,26.619033813476562
2006-11-15,22.924894332885742
2006-11-16,19.65359115600586
2006-11-17,29.451292037963867
2006-11-18,41.23115539550781
2006-11-19,35.48866271972656
2006-11-20,24.61297607421875
2006-11-21,17.546655654907227
2006-11-22,26.598255157470703
2006-11-23,66.48507690429688
2006-11-24,88.46469116210938
2006-11-25,68.79682159423828
2006-11-26,42.9447021484375
2006-11-27,26.936708450317383
2006-11-28,18.471303939819336
2006-11-29,13.968034744262695
2006-11-30,11.423301696777344
2006-12-01,10.025154113769531
2006-12-02,9.671038627624512
2006-12-03,9.696645736694336
2006-12-04,8.909812927246094
2006-12-05,8.214103698730469
2006-12-06,7.610583305358887
2006-12-07,7.026518821716309
2006-12-08,6.505842208862305
2006-12-09,6.036605358123779
2006-12-10,5.560970306396484
2006-12-11,5.2116899490356445
2006-12-12,4.941485404968262
2006-12-13,4.726085662841797
2006-12-14,4.587679862976074
2006-12-15,4.51881217956543
2006-12-16,4.40597677230835
2006-12-17,4.269758224487305
2006-12-18,4.155523300170898
2006-12-19,4.044119358062744
2006-12-20,3.893369436264038
2006-12-21,3.7406070232391357
2006-12-22,4.197525501251221
2006-12-23,7.485605716705322
2006-12-24,12.865307807922363
2006-12-25,18.376333236694336
2006-12-26,35.82035827636719
2006-12-27,52.7797966003418
2006-12-28,43.87031555175781
2006-12-29,29.470182418823242
2006-12-30,19.790294647216797
2006-12-31,14.3889741897583
2007-01-01,12.176021575927734
2007-01-02,14.423839569091797
2007-01-03,18.555124282836914
2007-01-04,16.924171447753906
2007-01-05,13.716917991638184
2007-01-06,12.996377944946289
2007-01-07,18.26763153076172
2007-01-08,26.461822509765625
2007-01-09,32.49748992919922
2007-01-10,30.59516716003418
2007-01-11,23.677696228027344
2007-01-12,17.42081069946289
2007-01-13,13.524589538574219
2007-01-14,11.280088424682617
2007-01-15,9.849696159362793
2007-01-16,8.81983757019043
2007-01-17,8.092312812805176
2007-01-18,7.6310319900512695
2007-01-19,7.401520729064941
2007-01-20,7.618951320648193
2007-01-21,7.511927127838135
2007-01-22,8.397522926330566
2007-01-23,12.283957481384277
2007-01-24,15.424297332763672
2007-01-25,14.40143871307373
2007-01-26,12.158021926879883
2007-01-27,10.238663673400879
2007-01-28,8.836320877075195
2007-01-29,7.907876014709473
2007-01-30,7.245360374450684
2007-01-31,6.616031646728516
2007-02-01,6.168078422546387
2007-02-02,6.279045581817627
2007-02-03,7.343954563140869
2007-02-04,8.226935386657715
2007-02-05,7.978641510009766
2007-02-06,7.378512382507324
2007-02-07,6.75001335144043
2007-02-08,6.1985883712768555
2007-02-09,5.782414436340332
2007-02-10,5.481902599334717
2007-02-11,5.194079875946045
2007-02-12,4.950512886047363
2007-02-13,4.785519123077393
2007-02-14,5.889632701873779
2007-02-15,9.597795486450195
2007-02-16,11.690523147583008
2007-02-17,10.697617530822754
2007-02-18,9.058293342590332
2007-02-19,7.877529144287109
2007-02-20,7.0665388107299805
2007-02-21,6.506504535675049
2007-02-22,6.1624884605407715
2007-02-23,5.904698371887207
2007-02-24,5.591576099395752
2007-02-25,5.514863967895508
2007-02-26,6.571770191192627
2007-02-27,8.236627578735352
2007-02-28,8.214319229125977
2007-03-01,7.459510803222656
2007-03-02,13.1417236328125
2007-03-03,32.990142822265625
2007-03-04,39.90296173095703
2007-03-05,31.187400817871094
2007-03-06,21.79130744934082
2007-03-07,15.856919288635254
2007-03-08,12.31210994720459
2007-03-09,10.118867874145508
2007-03-10,8.675350189208984
2007-03-11,7.679842472076416
2007-03-12,7.007034778594971
2007-03-13,6.472091197967529
2007-03-14,6.0380778312683105
2007-03-15,5.725196838378906
2007-03-16,8.20205307006836
2007-03-17,21.14312744140625
2007-03-18,35.96845245361328
2007-03-19,32.11130142211914
2007-03-20,23.253467559814453
2007-03-21,16.975601196289062
2007-03-22,13.103201866149902
2007-03-23,10.650142669677734
2007-03-24,9.084692001342773
2007-03-25,7.964593887329102
2007-03-26,7.129510879516602
2007-03-27,6.473644256591797
2007-03-28,5.956618309020996
2007-03-29,5.605534076690674
2007-03-30,5.735329627990723
2007-03-31,6.126830577850342
2007-04-01,5.954382419586182
2007-04-02,5.596278667449951
2007-04-03,5.2338128089904785
2007-04-04,4.877602577209473
2007-04-05,4.56516695022583
2007-04-06,4.243983268737793
2007-04-07,3.9377574920654297
2007-04-08,3.753112316131592
2007-04-09,3.577434778213501
2007-04-10,3.4028239250183105
2007-04-11,3.304443836212158
2007-04-12,4.594151496887207
2007-04-13,8.503809928894043
2007-04-14,9.774609565734863
2007-04-15,11.559237480163574
2007-04-16,27.288360595703125
2007-04-17,47.56958770751953
2007-04-18,38.73910903930664
2007-04-19,26.100780487060547
2007-04-20,17.751506805419922
2007-04-21,12.861351013183594
2007-04-22,9.93787956237793
2007-04-23,8.125321388244629
2007-04-24,6.901022911071777
2007-04-25,6.0166015625
2007-04-26,5.321663856506348
2007-04-27,4.793867111206055
2007-04-28,4.488443374633789
2007-04-29,4.248977184295654
2007-04-30,3.913600444793701
2007-05-01,3.579346179962158
2007-05-02,3.296354293823242
2007-05-03,3.0064687728881836
2007-05-04,2.7611472606658936
2007-05-05,2.6726431846618652
2007-05-06,2.765723705291748
2007-05-07,2.900456428527832
2007-05-08,2.7972843647003174
2007-05-09,2.719561815261841
2007-05-10,3.149245262145996
2007-05-11,3.7666103839874268
2007-05-12,3.701707601547241
2007-05-13,3.993635654449463
2007-05-14,4.762701988220215
2007-05-15,4.540818691253662
2007-05-16,3.828343152999878
2007-05-17,3.199967622756958
2007-05-18,2.7531449794769287
2007-05-19,2.477971076965332
2007-05-20,2.252516269683838
2007-05-21,2.062197685241699
2007-05-22,1.8958467245101929
2007-05-23,1.737998366355896
2007-05-24,1.611203670501709
2007-05-25,1.5014963150024414
2007-05-26,1.4024466276168823
2007-05-27,1.317036509513855
2007-05-28,1.240988850593567
2007-05-29,1.167508840560913
2007-05-30,1.10038423538208
2007-05-31,1.0425076484680176
2007-06-01,0.9845711588859558
2007-06-02,0.9250747561454773
2007-06-03,1.034132480621338
2007-06-04,1.7604480981826782
2007-06-05,2.646862506866455
2007-06-06,2.5364015102386475
2007-06-07,2.1442127227783203
2007-06-08,1.8388726711273193
2007-06-09,1.5471271276474
2007-06-10,1.3375804424285889
2007-06-11,1.231689691543579
2007-06-12,1.220482349395752
2007-06-13,1.2631182670593262
2007-06-14,1.3278517723083496
2007-06-15,1.357858657836914
2007-06-16,1.2894175052642822
2007-06-17,1.172593593597412
2007-06-18,1.075324296951294
2007-06-19,0.9813979268074036
2007-06-20,0.9290744066238403
2007-06-21,0.9563775062561035
2007-06-22,0.9747104644775391
2007-06-23,0.9112673997879028
2007-06-24,0.8517616391181946
2007-06-25,0.7982355356216431
2007-06-26,0.7812308073043823
2007-06-27,0.8128336071968079
2007-06-28,0.8552579879760742
2007-06-29,0.8817293643951416
2007-06-30,0.9445378184318542
2007-07-01,1.0642483234405518
2007-07-02,1.0645804405212402
2007-07-03,0.9122288823127747
2007-07-04,0.7645919322967529
2007-07-05,0.6637089252471924
2007-07-06,0.5852439999580383
2007-07-07,0.5274044275283813
2007-07-08,0.5070120692253113
2007-07-09,0.4992120862007141
2007-07-10,0.5014700889587402
2007-07-11,0.6368525624275208
2007-07-12,0.8953332304954529
2007-07-13,1.0367239713668823
2007-07-14,0.9486433267593384
2007-07-15,0.807437539100647
2007-07-16,0.6949777603149414
2007-07-17,0.6207147240638733
2007-07-18,0.6948727369308472
2007-07-19,1.0851655006408691
2007-07-20,1.368417739868164
2007-07-21,1.2164210081100464
2007-07-22,0.9637237787246704
2007-07-23,0.7587015628814697
2007-07-24,0.627152144908905
2007-07-25,0.540306806564331
2007-07-26,0.4821683168411255
2007-07-27,0.4564668834209442
2007-07-28,0.5320221781730652
2007-07-29,0.721219003200531
2007-07-30,0.8310025334358215
2007-07-31,0.8796817064285278
2007-08-01,0.8581502437591553
2007-08-02,0.7386081218719482
2007-08-03,0.6029286980628967
2007-08-04,0.5010702610015869
2007-08-05,0.43127089738845825
2007-08-06,0.3840859830379486
2007-08-07,0.35168012976646423
2007-08-08,0.3244742751121521
2007-08-09,0.30848589539527893
2007-08-10,0.29673072695732117
2007-08-11,0.29005661606788635
2007-08-12,0.2760852873325348
2007-08-13,0.25818297266960144
2007-08-14,0.23706620931625366
2007-08-15,0.21838608384132385
2007-08-16,0.20419463515281677
2007-08-17,0.1898018717765808
2007-08-18,0.17882919311523438
2007-08-19,0.17106761038303375
2007-08-20,0.1645335555076599
2007-08-21,0.1580657958984375
2007-08-22,0.16169628500938416
2007-08-23,0.1831274926662445
2007-08-24,0.21803909540176392
2007-08-25,0.237362802028656
2007-08-26,0.23003295063972473
2007-08-27,0.22905495762825012
2007-08-28,0.23721104860305786
2007-08-29,0.23109683394432068
2007-08-30,0.21188922226428986
2007-08-31,0.19540686905384064
2007-09-01,0.18239116668701172
2007-09-02,0.16976433992385864
2007-09-03,0.16055981814861298
2007-09-04,0.1517922729253769
2007-09-05,0.1449698805809021
2007-09-06,0.13897185027599335
2007-09-07,0.13240399956703186
2007-09-08,0.12605898082256317
2007-09-09,0.12203828990459442
2007-09-10,0.11929389089345932
2007-09-11,0.11691667139530182
2007-09-12,0.11331511288881302
2007-09-13,0.10885065793991089
2007-09-14,0.12534593045711517
2007-09-15,0.2217521369457245
2007-09-16,0.3693520426750183
2007-09-17,0.3992712199687958
2007-09-18,0.3373968303203583
2007-09-19,0.2800042927265167
2007-09-20,0.25468379259109497
2007-09-21,0.2423495650291443
2007-09-22,0.24510249495506287
2007-09-23,0.2392713874578476
2007-09-24,0.22558243572711945
2007-09-25,0.20209233462810516
2007-09-26,0.18440046906471252
2007-09-27,0.17134173214435577
2007-09-28,0.15934059023857117
2007-09-29,0.14825715124607086
2007-09-30,0.13871045410633087
2007-10-01,0.1327117532491684
2007-10-02,0.1290709525346756
2007-10-03,0.1281900703907013
2007-10-04,0.12928591668605804
2007-10-05,0.13246679306030273
2007-10-06,0.1398240476846695
2007-10-07,0.14750607311725616
2007-10-08,0.14859017729759216
2007-10-09,0.14848172664642334
2007-10-10,0.14775638282299042
2007-10-11,0.14474990963935852
2007-10-12,0.13751976191997528
2007-10-13,0.13122676312923431
2007-10-14,0.12773488461971283
2007-10-15,0.12657368183135986
2007-10-16,0.12727707624435425
2007-10-17,0.1275784820318222
2007-10-18,0.1312618851661682
2007-10-19,0.13730859756469727
2007-10-20,0.14555154740810394
2007-10-21,0.15523827075958252
2007-10-22,0.1558069884777069
2007-10-23,0.15131156146526337
2007-10-24,0.16825462877750397
2007-10-25,0.27623629570007324
2007-10-26,0.7501705884933472
2007-10-27,2.2978014945983887
2007-10-28,4.142419338226318
2007-10-29,3.7405052185058594
2007-10-30,2.4133777618408203
2007-10-31,1.49204421043396
2007-11-01,1.039215087890625
2007-11-02,0.8085482120513916
2007-11-03,0.662651002407074
2007-11-04,0.5695945024490356
2007-11-05,0.5100948214530945
2007-11-06,0.4688832759857178
2007-11-07,0.4337098002433777
2007-11-08,0.41206714510917664
2007-11-09,0.4047434329986572
2007-11-10,0.3972484767436981
2007-11-11,0.38717687129974365
2007-11-12,0.3871994614601135
2007-11-13,0.38823673129081726
2007-11-14,0.3885631561279297
2007-11-15,0.40015801787376404
2007-11-16,0.4419090747833252
2007-11-17,0.5097242593765259
2007-11-18,0.5338728427886963
2007-11-19,0.5246906280517578
2007-11-20,0.49914753437042236
2007-11-21,0.4861602485179901
2007-11-22,0.47440263628959656
2007-11-23,0.4599541425704956
2007-11-24,0.44577541947364807
2007-11-25,0.43387487530708313
2007-11-26,0.4401349127292633
2007-11-27,0.47215551137924194
2007-11-28,0.49622008204460144
2007-11-29,0.5070628523826599
2007-11-30,0.506881594657898
2007-12-01,0.48838451504707336
2007-12-02,0.4818951189517975
2007-12-03,0.4788901209831238
2007-12-04,0.47531431913375854
2007-12-05,0.4655096232891083
2007-12-06,0.4705153703689575
2007-12-07,0.467093825340271
2007-12-08,0.4767409563064575
2007-12-09,0.491563618183136
2007-12-10,0.4960879981517792
2007-12-11,0.5029701590538025
2007-12-12,0.5032632350921631
2007-12-13,0.49731704592704773
2007-12-14,0.4899466037750244
2007-12-15,0.48469215631484985
2007-12-16,0.6167151927947998
2007-12-17,1.1480472087860107
2007-12-18,1.5798498392105103
2007-12-19,1.5050857067108154
2007-12-20,1.2928624153137207
2007-12-21,1.134577751159668
2007-12-22,1.0187914371490479
2007-12-23,0.9872414469718933
2007-12-24,0.9757389426231384
2007-12-25,0.9814286231994629
2007-12-26,1.0611345767974854
2007-12-27,1.704591155052185
2007-12-28,2.6135358810424805
2007-12-29,2.5763773918151855
2007-12-30,3.2102437019348145
2007-12-31,8.244067192077637
2008-01-01,15.23431396484375
2008-01-02,13.75540542602539
2008-01-03,9.440488815307617
2008-01-04,6.237368106842041
2008-01-05,4.269296646118164
2008-01-06,3.195376396179199
2008-01-07,2.630833864212036
2008-01-08,2.287623882293701
2008-01-09,2.0397489070892334
2008-01-10,1.86845064163208
2008-01-11,1.7903560400009155
2008-01-12,1.8065650463104248
2008-01-13,1.7668670415878296
2008-01-14,1.6614255905151367
2008-01-15,1.5614088773727417
2008-01-16,1.4719953536987305
2008-01-17,1.4448230266571045
2008-01-18,1.7889909744262695
2008-01-19,2.5143074989318848
2008-01-20,2.9526193141937256
2008-01-21,3.244518280029297
2008-01-22,3.0628228187561035
2008-01-23,2.7812631130218506
2008-01-24,2.673089027404785
2008-01-25,2.611598491668701
2008-01-26,2.4296610355377197
2008-01-27,2.2014427185058594
2008-01-28,2.025629997253418
2008-01-29,1.9029600620269775
2008-01-30,1.8431551456451416
2008-01-31,1.8659932613372803
2008-02-01,2.230818271636963
2008-02-02,4.10483980178833
2008-02-03,6.7196044921875
2008-02-04,6.633967876434326
2008-02-05,5.441699028015137
2008-02-06,4.455563545227051
2008-02-07,3.828885078430176
2008-02-08,3.3469078540802
2008-02-09,2.9121532440185547
2008-02-10,2.576295852661133
2008-02-11,2.3245792388916016
2008-02-12,2.13922119140625
2008-02-13,2.5487682819366455
2008-02-14,5.115685939788818
2008-02-15,8.50028133392334
2008-02-16,8.495918273925781
2008-02-17,6.955716609954834
2008-02-18,5.655587196350098
2008-02-19,5.443816184997559
2008-02-20,5.6335344314575195
2008-02-21,5.093244552612305
2008-02-22,4.3468403816223145
2008-02-23,4.056286811828613
2008-02-24,4.581874370574951
2008-02-25,4.954355239868164
2008-02-26,4.795110702514648
2008-02-27,5.160832405090332
2008-02-28,6.05457878112793
2008-02-29,5.859548568725586
2008-03-01,5.051868438720703
2008-03-02,4.380989074707031
2008-03-03,3.852229118347168
2008-03-04,3.641767978668213
2008-03-05,7.657856464385986
2008-03-06,18.42193603515625
2008-03-07,22.713424682617188
2008-03-08,30.504545211791992
2008-03-09,37.837135314941406
2008-03-10,31.228816986083984
2008-03-11,21.17165184020996
2008-03-12,14.47008991241455
2008-03-13,10.651629447937012
2008-03-14,8.326885223388672
2008-03-15,7.336469650268555
2008-03-16,9.258803367614746
2008-03-17,13.5797700881958
2008-03-18,14.087122917175293
2008-03-19,11.836370468139648
2008-03-20,10.011678695678711
2008-03-21,9.247747421264648
2008-03-22,8.149128913879395
2008-03-23,6.999813079833984
2008-03-24,6.02528190612793
2008-03-25,5.279717445373535
2008-03-26,4.74754524230957
2008-03-27,4.376516342163086
2008-03-28,4.088655948638916
2008-03-29,3.8297152519226074
2008-03-30,3.6711347103118896
2008-03-31,4.548444747924805
2008-04-01,8.112947463989258
2008-04-02,12.77525806427002
2008-04-03,13.494996070861816
2008-04-04,12.149459838867188
2008-04-05,14.458951950073242
2008-04-06,24.77046012878418
2008-04-07,34.41351318359375
2008-04-08,30.159107208251953
2008-04-09,21.64712905883789
2008-04-10,15.128791809082031
2008-04-11,11.125238418579102
2008-04-12,8.723878860473633
2008-04-13,7.287204742431641
2008-04-14,6.365523338317871
2008-04-15,5.608433723449707
2008-04-16,5.03857946395874
2008-04-17,4.544477462768555
2008-04-18,4.177568435668945
2008-04-19,3.8787100315093994
2008-04-20,3.8132903575897217
2008-04-21,4.4731125831604
2008-04-22,5.305794715881348
2008-04-23,5.361772537231445
2008-04-24,4.979442119598389
2008-04-25,4.402944564819336
2008-04-26,3.8725123405456543
2008-04-27,3.568942070007324
2008-04-28,4.977015495300293
2008-04-29,11.265565872192383
2008-04-30,17.871065139770508
2008-05-01,16.08111572265625
2008-05-02,12.106952667236328
2008-05-03,8.871684074401855
2008-05-04,6.656106948852539
2008-05-05,5.2089338302612305
2008-05-06,4.311117649078369
2008-05-07,3.724787473678589
2008-05-08,3.312605857849121
2008-05-09,3.160172462463379
2008-05-10,3.522857189178467
2008-05-11,4.094034671783447
2008-05-12,5.507907867431641
2008-05-13,8.049764633178711
2008-05-14,8.25786018371582
2008-05-15,6.757989406585693
2008-05-16,5.970584392547607
2008-05-17,7.099614143371582
2008-05-18,8.195679664611816
2008-05-19,8.107755661010742
2008-05-20,8.082113265991211
2008-05-21,7.620206356048584
2008-05-22,7.01076602935791
2008-05-23,5.868690013885498
2008-05-24,4.645944595336914
2008-05-25,3.8079190254211426
2008-05-26,3.26640248298645
2008-05-27,2.8592164516448975
2008-05-28,2.568906545639038
2008-05-29,2.580990791320801
2008-05-30,2.7385849952697754
2008-05-31,2.5679380893707275
2008-06-01,2.2780046463012695
2008-06-02,2.062558650970459
2008-06-03,1.9564237594604492
2008-06-04,1.8451893329620361
2008-06-05,1.6773656606674194
2008-06-06,1.479297161102295
2008-06-07,1.3039536476135254
2008-06-08,1.158467411994934
2008-06-09,1.0425411462783813
2008-06-10,0.9542316794395447
2008-06-11,0.8762333393096924
2008-06-12,0.8132383823394775
2008-06-13,0.7658511400222778
2008-06-14,0.7249188423156738
2008-06-15,0.7063956260681152
2008-06-16,0.7470991611480713
2008-06-17,0.7847273349761963
2008-06-18,0.7661300897598267
2008-06-19,0.7162299752235413
2008-06-20,0.6543655395507812
2008-06-21,0.6368823647499084
2008-06-22,0.6953490972518921
2008-06-23,0.8417445421218872
2008-06-24,1.0571119785308838
2008-06-25,1.221210241317749
2008-06-26,1.117681860923767
2008-06-27,0.9227266311645508
2008-06-28,0.771070122718811
2008-06-29,0.6768379807472229
2008-06-30,0.7804725766181946
2008-07-01,1.3962219953536987
2008-07-02,1.8693718910217285
2008-07-03,1.6502834558486938
2008-07-04,1.2407925128936768
2008-07-05,1.1901130676269531
2008-07-06,3.288306713104248
2008-07-07,8.5514554977417
2008-07-08,10.350576400756836
2008-07-09,8.04861831665039
2008-07-10,5.918882369995117
2008-07-11,5.074859142303467
2008-07-12,4.179645538330078
2008-07-13,3.1903746128082275
2008-07-14,2.355215549468994
2008-07-15,1.9669289588928223
2008-07-16,1.8383959531784058
2008-07-17,1.5589717626571655
2008-07-18,1.2829885482788086
2008-07-19,1.2125518321990967
2008-07-20,1.5438107252120972
2008-07-21,1.9453777074813843
2008-07-22,1.8369977474212646
2008-07-23,1.5817768573760986
2008-07-24,1.536912441253662
2008-07-25,1.6079515218734741
2008-07-26,1.5017000436782837
2008-07-27,1.2891223430633545
2008-07-28,1.1724848747253418
2008-07-29,1.1427005529403687
2008-07-30,1.049664855003357
2008-07-31,0.9783423542976379
2008-08-01,0.9819996356964111
2008-08-02,0.9764373898506165
2008-08-03,0.8976180553436279
2008-08-04,0.7937322854995728
2008-08-05,0.681790828704834
2008-08-06,0.5832871794700623
2008-08-07,0.5222015976905823
2008-08-08,0.4825199842453003
2008-08-09,0.44552814960479736
2008-08-10,0.4103553891181946
2008-08-11,0.4073193669319153
2008-08-12,0.4218721389770508
2008-08-13,0.40876519680023193
2008-08-14,0.4135728180408478
2008-08-15,0.433509886264801
2008-08-16,0.45105433464050293
2008-08-17,0.5001887083053589
2008-08-18,0.5476795434951782
2008-08-19,0.539479672908783
2008-08-20,0.4943559765815735
2008-08-21,0.47431686520576477
2008-08-22,0.47834622859954834
2008-08-23,0.45620718598365784
2008-08-24,0.406486839056015
2008-08-25,0.36539870500564575
2008-08-26,0.3480544686317444
2008-08-27,0.9937531352043152
2008-08-28,5.852212905883789
2008-08-29,14.409422874450684
2008-08-30,13.724187850952148
2008-08-31,8.893736839294434
2008-09-01,6.219007968902588
2008-09-02,4.866389274597168
2008-09-03,3.4997332096099854
2008-09-04,2.415994167327881
2008-09-05,1.7747690677642822
2008-09-06,10.81777286529541
2008-09-07,47.40335464477539
2008-09-08,72.08525085449219
2008-09-09,50.348785400390625
2008-09-10,26.681346893310547
2008-09-11,17.68228530883789
2008-09-12,16.611141204833984
2008-09-13,13.244659423828125
2008-09-14,9.40822696685791
2008-09-15,6.621056079864502
2008-09-16,5.66873836517334
2008-09-17,8.83948040008545
2008-09-18,13.795564651489258
2008-09-19,12.143847465515137
2008-09-20,8.629725456237793
2008-09-21,6.091041564941406
2008-09-22,4.486634731292725
2008-09-23,3.556912422180176
2008-09-24,2.971108913421631
2008-09-25,2.552190065383911
2008-09-26,2.863276720046997
2008-09-27,5.620101451873779
2008-09-28,9.531982421875
2008-09-29,9.933084487915039
2008-09-30,7.982909202575684
2008-10-01,6.104151725769043
2008-10-02,5.414757251739502
2008-10-03,5.230484962463379
2008-10-04,4.548200607299805
2008-10-05,3.767184257507324
2008-10-06,3.1658754348754883
2008-10-07,2.7302839756011963
2008-10-08,2.419637680053711
2008-10-09,2.2035539150238037
2008-10-10,2.100318431854248
2008-10-11,2.051182508468628
2008-10-12,1.969214677810669
2008-10-13,1.8433564901351929
2008-10-14,1.7118005752563477
2008-10-15,1.6157256364822388
2008-10-16,1.532325029373169
2008-10-17,1.4542227983474731
2008-10-18,1.5268735885620117
2008-10-19,1.825164556503296
2008-10-20,2.120119333267212
2008-10-21,2.0972888469696045
2008-10-22,1.9384925365447998
2008-10-23,1.77267324924469
2008-10-24,1.6425585746765137
2008-10-25,1.5841230154037476
2008-10-26,1.5895988941192627
2008-10-27,1.575671911239624
2008-10-28,1.5103331804275513
2008-10-29,1.4364252090454102
2008-10-30,1.3665287494659424
2008-10-31,1.318252682685852
2008-11-01,1.2987614870071411
2008-11-02,1.2913761138916016
2008-11-03,1.2617636919021606
2008-11-04,1.2870466709136963
2008-11-05,1.6323658227920532
2008-11-06,2.4167447090148926
2008-11-07,2.9161455631256104
2008-11-08,2.7996597290039062
2008-11-09,2.474091053009033
2008-11-10,2.20644474029541
2008-11-11,1.991552710533142
2008-11-12,1.830595850944519
2008-11-13,1.7214367389678955
2008-11-14,1.9768931865692139
2008-11-15,3.8715853691101074
2008-11-16,7.7370500564575195
2008-11-17,9.775991439819336
2008-11-18,8.517329216003418
2008-11-19,6.5482401847839355
2008-11-20,5.054302215576172
2008-11-21,4.0218095779418945
2008-11-22,3.4169135093688965
2008-11-23,3.0546700954437256
2008-11-24,2.7427711486816406
2008-11-25,2.6247751712799072
2008-11-26,2.869990110397339
2008-11-27,3.1786675453186035
2008-11-28,3.1520655155181885
2008-11-29,2.9622721672058105
2008-11-30,3.479860544204712
2008-12-01,7.738359451293945
2008-12-02,14.512354850769043
2008-12-03,14.46222972869873
2008-12-04,11.011816024780273
2008-12-05,8.173723220825195
2008-12-06,6.350876808166504
2008-12-07,5.2365617752075195
2008-12-08,4.583889007568359
2008-12-09,4.1450114250183105
2008-12-10,3.8292226791381836
2008-12-11,5.457777976989746
2008-12-12,17.020925521850586
2008-12-13,35.52078628540039
2008-12-14,32.878265380859375
2008-12-15,22.364299774169922
2008-12-16,15.183993339538574
2008-12-17,11.0074462890625
2008-12-18,8.79216194152832
2008-12-19,7.564484596252441
2008-12-20,6.854063987731934
2008-12-21,7.807783603668213
2008-12-22,12.455511093139648
2008-12-23,15.73009967803955
2008-12-24,13.997753143310547
2008-12-25,11.54581069946289
2008-12-26,11.074410438537598
2008-12-27,11.178345680236816
2008-12-28,10.032379150390625
2008-12-29,8.973501205444336
2008-12-30,8.303255081176758
2008-12-31,7.790655612945557
2009-01-01,7.0201191902160645
2009-01-02,6.249423027038574
2009-01-03,5.619014739990234
2009-01-04,5.356802940368652
2009-01-05,5.736403942108154
2009-01-06,8.2479829788208
2009-01-07,17.24428939819336
2009-01-08,30.949848175048828
2009-01-09,30.89545249938965
2009-01-10,23.136632919311523
2009-01-11,16.50307846069336
2009-01-12,12.478231430053711
2009-01-13,10.097901344299316
2009-01-14,8.415639877319336
2009-01-15,7.296483039855957
2009-01-16,6.501067638397217
2009-01-17,5.878332138061523
2009-01-18,5.304467678070068
2009-01-19,4.947640419006348
2009-01-20,4.676875114440918
2009-01-21,4.630281448364258
2009-01-22,4.702116966247559
2009-01-23,4.555905342102051
2009-01-24,4.401180744171143
2009-01-25,4.266183853149414
2009-01-26,4.0802435874938965
2009-01-27,3.9087371826171875
2009-01-28,4.077841281890869
2009-01-29,5.070970058441162
2009-01-30,6.2399396896362305
2009-01-31,6.168119430541992
2009-02-01,5.621683597564697
2009-02-02,5.104238510131836
2009-02-03,4.857044219970703
2009-02-04,5.106837749481201
2009-02-05,5.330763816833496
2009-02-06,5.110411643981934
2009-02-07,4.706384658813477
2009-02-08,4.4513421058654785
2009-02-09,4.320596694946289
2009-02-10,4.158232688903809
2009-02-11,4.00497579574585
2009-02-12,3.9125373363494873
2009-02-13,3.8210742473602295
2009-02-14,3.670912265777588
2009-02-15,3.506730318069458
2009-02-16,3.342555046081543
2009-02-17,3.214550733566284
2009-02-18,3.1921510696411133
2009-02-19,3.745593786239624
2009-02-20,4.979935646057129
2009-02-21,5.351982116699219
2009-02-22,5.093616008758545
2009-02-23,4.792091369628906
2009-02-24,4.5068135261535645
2009-02-25,4.203678131103516
2009-02-26,3.9441661834716797
2009-02-27,3.778402090072632
2009-02-28,3.735128402709961
2009-03-01,6.803690433502197
2009-03-02,20.979751586914062
2009-03-03,36.33224105834961
2009-03-04,31.72650146484375
2009-03-05,24.827884674072266
2009-03-06,21.067909240722656
2009-03-07,19.162702560424805
2009-03-08,17.186416625976562
2009-03-09,14.765295028686523
2009-03-10,12.28334903717041
2009-03-11,10.111223220825195
2009-03-12,8.522026062011719
2009-03-13,7.439207077026367
2009-03-14,8.070207595825195
2009-03-15,16.336151123046875
2009-03-16,34.87517547607422
2009-03-17,45.78160858154297
2009-03-18,41.998558044433594
2009-03-19,31.35748291015625
2009-03-20,23.507036209106445
2009-03-21,20.87636947631836
2009-03-22,18.027244567871094
2009-03-23,14.760590553283691
2009-03-24,12.302474021911621
2009-03-25,10.377267837524414
2009-03-26,8.938232421875
2009-03-27,9.384308815002441
2009-03-28,15.049240112304688
2009-03-29,28.391448974609375
2009-03-30,39.81355285644531
2009-03-31,35.427799224853516
2009-04-01,26.274782180786133
2009-04-02,19.779190063476562
2009-04-03,17.03094482421875
2009-04-04,17.498096466064453
2009-04-05,16.72098159790039
2009-04-06,14.268598556518555
2009-04-07,12.370933532714844
2009-04-08,11.203109741210938
2009-04-09,9.86975383758545
2009-04-10,8.710458755493164
2009-04-11,8.218623161315918
2009-04-12,8.170612335205078
2009-04-13,7.75784158706665
2009-04-14,7.135551929473877
2009-04-15,6.954380512237549
2009-04-16,7.137820243835449
2009-04-17,6.880753517150879
2009-04-18,6.2469868659973145
2009-04-19,5.678544998168945
2009-04-20,5.365114688873291
2009-04-21,5.508816242218018
2009-04-22,5.733238697052002
2009-04-23,5.417315483093262
2009-04-24,4.91194486618042
2009-04-25,4.49677848815918
2009-04-26,4.157653331756592
2009-04-27,3.8398940563201904
2009-04-28,3.5171494483947754
2009-04-29,3.2286784648895264
2009-04-30,2.9892640113830566
2009-05-01,2.8256611824035645
2009-05-02,2.7391159534454346
2009-05-03,2.6391654014587402
2009-05-04,2.497812271118164
2009-05-05,2.568056106567383
2009-05-06,3.692715644836426
2009-05-07,5.825345993041992
2009-05-08,6.593437194824219
2009-05-09,5.926660060882568
2009-05-10,5.031508445739746
2009-05-11,4.363307476043701
2009-05-12,3.791477918624878
2009-05-13,3.4319353103637695
2009-05-14,3.02872896194458
2009-05-15,2.6614022254943848
2009-05-16,2.401292562484741
2009-05-17,2.2430167198181152
2009-05-18,2.277331829071045
2009-05-19,2.498715400695801
2009-05-20,2.5207619667053223
2009-05-21,2.331178903579712
2009-05-22,2.09214448928833
2009-05-23,1.8830785751342773
2009-05-24,1.7417265176773071
2009-05-25,1.716582179069519
2009-05-26,1.8306821584701538
2009-05-27,2.1079599857330322
2009-05-28,2.4757916927337646
2009-05-29,2.8378541469573975
2009-05-30,3.320439338684082
2009-05-31,3.358032703399658
2009-06-01,2.918356418609619
2009-06-02,2.426645278930664
2009-06-03,2.0258278846740723
2009-06-04,1.782848596572876
2009-06-05,3.2269768714904785
2009-06-06,9.352766036987305
2009-06-07,14.091178894042969
2009-06-08,10.606454849243164
2009-06-09,6.725210189819336
2009-06-10,4.812551021575928
2009-06-11,5.091974258422852
2009-06-12,6.757537841796875
2009-06-13,7.487986087799072
2009-06-14,6.860527038574219
2009-06-15,5.3659796714782715
2009-06-16,4.182772636413574
2009-06-17,4.413669586181641
2009-06-18,5.800560474395752
2009-06-19,6.228729248046875
2009-06-20,5.444706916809082
2009-06-21,4.186629772186279
2009-06-22,3.132323741912842
2009-06-23,2.417445182800293
2009-06-24,1.9657962322235107
2009-06-25,1.6769696474075317
2009-06-26,1.475358009338379
2009-06-27,1.3192558288574219
2009-06-28,1.1898356676101685
2009-06-29,1.0852034091949463
2009-06-30,0.9859325885772705
2009-07-01,0.8954850435256958
2009-07-02,0.8272677063941956
2009-07-03,0.7805383801460266
2009-07-04,0.7547281980514526
2009-07-05,0.7354453802108765
2009-07-06,0.7669970393180847
2009-07-07,0.8924660086631775
2009-07-08,0.942954957485199
2009-07-09,0.8699066638946533
2009-07-10,0.7812137603759766
2009-07-11,0.717414379119873
2009-07-12,0.6642323732376099
2009-07-13,0.6629781723022461
2009-07-14,0.7982697486877441
2009-07-15,0.9611902236938477
2009-07-16,0.8945546746253967
2009-07-17,0.78346186876297
2009-07-18,0.7911337614059448
2009-07-19,0.8786205053329468
2009-07-20,0.8945235013961792
2009-07-21,0.9720014333724976
2009-07-22,1.1059151887893677
2009-07-23,1.0858972072601318
2009-07-24,1.0061248540878296
2009-07-25,0.9893953204154968
2009-07-26,0.9587044715881348
2009-07-27,0.8698300123214722
2009-07-28,0.8036501407623291
2009-07-29,0.7790098786354065
2009-07-30,0.7903071045875549
2009-07-31,0.8037438988685608
2009-08-01,0.7904927134513855
2009-08-02,0.785099983215332
2009-08-03,0.816149890422821
2009-08-04,0.8391304016113281
2009-08-05,0.8255283236503601
2009-08-06,0.8635813593864441
2009-08-07,1.0274065732955933
2009-08-08,1.1409471035003662
2009-08-09,1.0179368257522583
2009-08-10,0.8337492346763611
2009-08-11,0.6836372017860413
2009-08-12,0.5922794342041016
2009-08-13,0.5724849700927734
2009-08-14,0.6055991649627686
2009-08-15,0.645725429058075
2009-08-16,0.6578643321990967
2009-08-17,0.666082501411438
2009-08-18,0.6953877210617065
2009-08-19,0.6764558553695679
2009-08-20,0.6083511710166931
2009-08-21,0.5720283389091492
2009-08-22,0.6186172366142273
2009-08-23,0.7805509567260742
2009-08-24,0.9213201999664307
2009-08-25,0.8685873746871948
2009-08-26,0.7357023358345032
2009-08-27,0.6163233518600464
2009-08-28,0.5328329801559448
2009-08-29,0.5194358825683594
2009-08-30,0.5738061666488647
2009-08-31,0.6040226221084595
2009-09-01,0.6220378279685974
2009-09-02,0.6221317648887634
2009-09-03,0.5624935030937195
2009-09-04,0.49834439158439636
2009-09-05,0.4455324113368988
2009-09-06,0.40096861124038696
2009-09-07,0.3680907189846039
2009-09-08,0.3718408942222595
2009-09-09,0.4243457317352295
2009-09-10,0.45740431547164917
2009-09-11,0.43896621465682983
2009-09-12,0.4064776301383972
2009-09-13,0.3709256052970886
2009-09-14,0.34165191650390625
2009-09-15,0.31973904371261597
2009-09-16,0.3048973083496094
2009-09-17,0.3174290359020233
2009-09-18,0.37742841243743896
2009-09-19,0.4554786682128906
2009-09-20,0.4800218343734741
2009-09-21,0.4526306092739105
2009-09-22,0.4535599946975708
2009-09-23,0.7491623759269714
2009-09-24,1.447473406791687
2009-09-25,1.7644834518432617
2009-09-26,1.521977186203003
2009-09-27,1.2773282527923584
2009-09-28,1.3707492351531982
2009-09-29,1.5934314727783203
2009-09-30,1.5443429946899414
2009-10-01,1.263836145401001
2009-10-02,0.9986739158630371
2009-10-03,0.8226901888847351
2009-10-04,0.6999795436859131
2009-10-05,0.6227936148643494
2009-10-06,0.6167720556259155
2009-10-07,0.65744948387146
2009-10-08,0.6715199947357178
2009-10-09,0.6290676593780518
2009-10-10,0.5978192090988159
2009-10-11,0.5741609930992126
2009-10-12,0.5779628157615662
2009-10-13,0.6286155581474304
2009-10-14,0.7067385911941528
2009-10-15,0.7595462799072266
2009-10-16,0.8322113752365112
2009-10-17,0.8560100197792053
2009-10-18,0.8084619045257568
2009-10-19,0.7493056058883667
2009-10-20,0.694743275642395
2009-10-21,0.6561914682388306
2009-10-22,0.6224966645240784
2009-10-23,0.5921071767807007
2009-10-24,0.5866785049438477
2009-10-25,0.6572340726852417
2009-10-26,0.7434200048446655
2009-10-27,0.7414069175720215
2009-10-28,0.8023450374603271
2009-10-29,0.9975793361663818
2009-10-30,1.075408935546875
2009-10-31,0.9922630190849304
2009-11-01,0.9655935764312744
2009-11-02,1.3423399925231934
2009-11-03,1.9945440292358398
2009-11-04,2.0100901126861572
2009-11-05,1.6625010967254639
2009-11-06,1.359084129333496
2009-11-07,1.1592378616333008
2009-11-08,1.056815505027771
2009-11-09,0.9988349676132202
2009-11-10,0.9751798510551453
2009-11-11,4.091462135314941
2009-11-12,24.860267639160156
2009-11-13,61.584346771240234
2009-11-14,65.7522201538086
2009-11-15,46.72588348388672
2009-11-16,27.292984008789062
2009-11-17,16.073020935058594
2009-11-18,10.675663948059082
2009-11-19,7.986676216125488
2009-11-20,6.792720317840576
2009-11-21,6.317935943603516
2009-11-22,5.656962871551514
2009-11-23,5.5009260177612305
2009-11-24,7.936718463897705
2009-11-25,11.608748435974121
2009-11-26,11.06110954284668
2009-11-27,8.959142684936523
2009-11-28,7.518245697021484
2009-11-29,6.679349899291992
2009-11-30,5.892881393432617
2009-12-01,5.324065685272217
2009-12-02,6.119176387786865
2009-12-03,17.774921417236328
2009-12-04,44.995216369628906
2009-12-05,48.35050582885742
2009-12-06,37.61043167114258
2009-12-07,30.58904266357422
2009-12-08,22.48297882080078
2009-12-09,20.138084411621094
2009-12-10,31.31865692138672
2009-12-11,41.037864685058594
2009-12-12,33.4637451171875
2009-12-13,23.097475051879883
2009-12-14,18.63593864440918
2009-12-15,19.137969970703125
2009-12-16,16.857501983642578
2009-12-17,13.818639755249023
2009-12-18,11.337320327758789
2009-12-19,11.321731567382812
2009-12-20,15.861284255981445
2009-12-21,19.51497459411621
2009-12-22,18.599365234375
2009-12-23,15.676023483276367
2009-12-24,12.955121994018555
2009-12-25,13.985401153564453
2009-12-26,26.76119613647461
2009-12-27,42.075889587402344
2009-12-28,37.01552200317383
2009-12-29,26.6637020111084
2009-12-30,19.115917205810547
2009-12-31,14.375297546386719
2010-01-01,11.740609169006348
2010-01-02,10.897123336791992
2010-01-03,10.02294921875
2010-01-04,8.941205024719238
2010-01-05,7.920526504516602
2010-01-06,7.078852653503418
2010-01-07,6.4140520095825195
2010-01-08,5.907608985900879
2010-01-09,5.588839530944824
2010-01-10,5.3281965255737305
2010-01-11,5.023728370666504
2010-01-12,4.7324934005737305
2010-01-13,4.511667251586914
2010-01-14,4.349071979522705
2010-01-15,4.214756488800049
2010-01-16,4.127996921539307
2010-01-17,6.230880260467529
2010-01-18,16.595111846923828
2010-01-19,28.521888732910156
2010-01-20,25.64006805419922
2010-01-21,19.063129425048828
2010-01-22,16.61358642578125
2010-01-23,20.3435001373291
2010-01-24,22.572154998779297
2010-01-25,26.614025115966797
2010-01-26,46.212684631347656
2010-01-27,51.32615661621094
2010-01-28,38.13584899902344
2010-01-29,25.68788719177246
2010-01-30,18.758407592773438
2010-01-31,16.17837142944336
2010-02-01,15.853096008300781
2010-02-02,14.52476978302002
2010-02-03,15.159036636352539
2010-02-04,18.71092414855957
2010-02-05,24.10942268371582
2010-02-06,52.791770935058594
2010-02-07,95.13678741455078
2010-02-08,82.3997802734375
2010-02-09,55.252052307128906
2010-02-10,38.830047607421875
2010-02-11,32.16655349731445
2010-02-12,26.136280059814453
2010-02-13,21.050216674804688
2010-02-14,18.203330993652344
2010-02-15,16.346532821655273
2010-02-16,14.94278335571289
2010-02-17,13.883852005004883
2010-02-18,12.348687171936035
2010-02-19,10.935890197753906
2010-02-20,9.88425064086914
2010-02-21,9.067514419555664
2010-02-22,8.563562393188477
2010-02-23,9.264820098876953
2010-02-24,10.71102237701416
2010-02-25,11.125926971435547
2010-02-26,11.459510803222656
2010-02-27,10.68293571472168
2010-02-28,9.565254211425781
2010-03-01,8.646130561828613
2010-03-02,7.975594997406006
2010-03-03,8.001208305358887
2010-03-04,9.18763542175293
2010-03-05,9.89659309387207
2010-03-06,9.473074913024902
2010-03-07,8.656120300292969
2010-03-08,7.886606693267822
2010-03-09,7.367748260498047
2010-03-10,6.953479766845703
2010-03-11,6.802768230438232
2010-03-12,7.1680097579956055
2010-03-13,9.36672592163086
2010-03-14,14.263575553894043
2010-03-15,17.662466049194336
2010-03-16,16.681438446044922
2010-03-17,13.928135871887207
2010-03-18,11.476216316223145
2010-03-19,9.768865585327148
2010-03-20,8.625208854675293
2010-03-21,7.80352258682251
2010-03-22,7.2465057373046875
2010-03-23,6.869655132293701
2010-03-24,6.574954032897949
2010-03-25,6.221975326538086
2010-03-26,5.970006942749023
2010-03-27,5.963134288787842
2010-03-28,5.966884613037109
2010-03-29,7.991159439086914
2010-03-30,16.713966369628906
2010-03-31,23.946903228759766
2010-04-01,21.224271774291992
2010-04-02,16.296321868896484
2010-04-03,12.568502426147461
2010-04-04,10.080672264099121
2010-04-05,8.488020896911621
2010-04-06,7.3984785079956055
2010-04-07,6.585623264312744
2010-04-08,5.934189319610596
2010-04-09,5.622032165527344
2010-04-10,5.885174751281738
2010-04-11,6.0097784996032715
2010-04-12,5.607240200042725
2010-04-13,5.106812953948975
2010-04-14,4.684431552886963
2010-04-15,4.352984428405762
2010-04-16,4.101717948913574
2010-04-17,3.891052484512329
2010-04-18,3.6460437774658203
2010-04-19,3.37772536277771
2010-04-20,3.1446189880371094
2010-04-21,3.040529727935791
2010-04-22,3.1050522327423096
2010-04-23,3.2138681411743164
2010-04-24,3.1214499473571777
2010-04-25,3.052351951599121
2010-04-26,3.276038646697998
2010-04-27,3.522669792175293
2010-04-28,3.3311188220977783
2010-04-29,3.0006518363952637
2010-04-30,2.7084264755249023
2010-05-01,2.5220959186553955
2010-05-02,2.380647659301758
2010-05-03,2.2360754013061523
2010-05-04,2.1160941123962402
2010-05-05,2.033809185028076
2010-05-06,1.936873435974121
2010-05-07,1.8083354234695435
2010-05-08,1.6737229824066162
2010-05-09,1.5485563278198242
2010-05-10,1.425093650817871
2010-05-11,1.3301081657409668
2010-05-12,1.2948737144470215
2010-05-13,1.269631266593933
2010-05-14,1.2111575603485107
2010-05-15,1.1630330085754395
2010-05-16,1.1429429054260254
2010-05-17,1.8702796697616577
2010-05-18,6.333291530609131
2010-05-19,14.589987754821777
2010-05-20,17.09600067138672
2010-05-21,14.012046813964844
2010-05-22,9.343350410461426
2010-05-23,7.395692348480225
2010-05-24,9.696157455444336
2010-05-25,12.856668472290039
2010-05-26,11.916640281677246
2010-05-27,8.814149856567383
2010-05-28,6.248577117919922
2010-05-29,4.9013991355896
2010-05-30,5.279821872711182
2010-05-31,6.188479423522949
2010-06-01,5.632021903991699
2010-06-02,5.491767883300781
2010-06-03,5.900707244873047
2010-06-04,5.409526348114014
2010-06-05,4.347209930419922
2010-06-06,3.4073243141174316
2010-06-07,2.758610963821411
2010-06-08,2.4258885383605957
2010-06-09,2.205249309539795
2010-06-10,1.9387162923812866
2010-06-11,1.7139489650726318
2010-06-12,1.5449694395065308
2010-06-13,1.5396461486816406
2010-06-14,1.9370158910751343
2010-06-15,2.3144280910491943
2010-06-16,2.1971700191497803
2010-06-17,2.1410560607910156
2010-06-18,2.1717605590820312
2010-06-19,1.8940041065216064
2010-06-20,1.5412428379058838
2010-06-21,1.29313063621521
2010-06-22,1.1118535995483398
2010-06-23,0.9898949861526489
2010-06-24,0.9361773133277893
2010-06-25,0.9019235372543335
2010-06-26,0.8402431011199951
2010-06-27,0.7924969792366028
2010-06-28,0.7410115599632263
2010-06-29,0.6819705963134766
2010-06-30,0.6660875082015991
2010-07-01,0.7132437229156494
2010-07-02,0.7321274876594543
2010-07-03,0.6845327615737915
2010-07-04,0.6164882183074951
2010-07-05,0.5631695985794067
2010-07-06,0.5198373794555664
2010-07-07,0.48074042797088623
2010-07-08,0.445377379655838
2010-07-09,0.4262840747833252
2010-07-10,0.45446741580963135
2010-07-11,0.5084798336029053
2010-07-12,0.5269795060157776
2010-07-13,0.5125943422317505
2010-07-14,0.5464873313903809
2010-07-15,0.7234917879104614
2010-07-16,0.8701961040496826
2010-07-17,0.856382429599762
2010-07-18,0.9338051080703735
2010-07-19,1.1111171245574951
2010-07-20,1.1056874990463257
2010-07-21,1.001213550567627
2010-07-22,0.876289963722229
2010-07-23,0.7315465211868286
2010-07-24,0.6087231636047363
2010-07-25,0.5288604497909546
2010-07-26,0.47559836506843567
2010-07-27,0.5170149803161621
2010-07-28,0.8091226816177368
2010-07-29,1.0712270736694336
2010-07-30,1.0092891454696655
2010-07-31,0.894994854927063
2010-08-01,0.8562444448471069
2010-08-02,0.9359049201011658
2010-08-03,0.971756637096405
2010-08-04,0.8545061945915222
2010-08-05,0.8167560696601868
2010-08-06,1.1607091426849365
2010-08-07,1.6851359605789185
2010-08-08,1.6824818849563599
2010-08-09,1.299761414527893
2010-08-10,0.9512368440628052
2010-08-11,0.7324157357215881
2010-08-12,0.6184936761856079
2010-08-13,0.5826436281204224
2010-08-14,0.5560914278030396
2010-08-15,0.49983102083206177
2010-08-16,0.44506463408470154
2010-08-17,0.40245628356933594
2010-08-18,0.37082529067993164
2010-08-19,0.3870495855808258
2010-08-20,0.537584125995636
2010-08-21,0.7472847104072571
2010-08-22,0.7681699991226196
2010-08-23,0.6993904113769531
2010-08-24,0.7574111223220825
2010-08-25,1.0940730571746826
2010-08-26,1.4116225242614746
2010-08-27,1.2633000612258911
2010-08-28,0.95074462890625
2010-08-29,0.71038818359375
2010-08-30,0.5674245357513428
2010-08-31,0.47672247886657715
2010-09-01,0.41012200713157654
2010-09-02,0.35863029956817627
2010-09-03,0.32744938135147095
2010-09-04,0.30778467655181885
2010-09-05,0.285763680934906
2010-09-06,0.26459839940071106
2010-09-07,0.2487211972475052
2010-09-08,0.23612411320209503
2010-09-09,0.22613489627838135
2010-09-10,0.21712005138397217
2010-09-11,0.20680725574493408
2010-09-12,0.2049725353717804
2010-09-13,0.20923461019992828
2010-09-14,0.20449015498161316
2010-09-15,0.19940251111984253
2010-09-16,0.1932099461555481
2010-09-17,0.1861276924610138
2010-09-18,0.17753532528877258
2010-09-19,0.1735714077949524
2010-09-20,0.17149397730827332
2010-09-21,0.16737064719200134
2010-09-22,0.1610984355211258
2010-09-23,0.15670669078826904
2010-09-24,0.1519751101732254
2010-09-25,0.14816543459892273
2010-09-26,0.1529444307088852
2010-09-27,0.28700631856918335
2010-09-28,0.7862315773963928
2010-09-29,1.5263762474060059
2010-09-30,4.1170148849487305
2010-10-01,11.176084518432617
2010-10-02,14.05525016784668
2010-10-03,9.414031982421875
2010-10-04,5.104072093963623
2010-10-05,2.9476051330566406
2010-10-06,1.9438912868499756
2010-10-07,1.4304121732711792
2010-10-08,1.1349884271621704
2010-10-09,0.9390935301780701
2010-10-10,0.8211669921875
2010-10-11,0.7351704835891724
2010-10-12,0.6689478158950806
2010-10-13,0.6110527515411377
2010-10-14,0.6424606442451477
2010-10-15,0.9841857552528381
2010-10-16,1.398362398147583
2010-10-17,1.3798490762710571
2010-10-18,1.176839828491211
2010-10-19,0.9821251630783081
2010-10-20,0.8371477127075195
2010-10-21,0.7588366270065308
2010-10-22,0.7112345099449158
2010-10-23,0.6599782705307007
2010-10-24,0.6285464763641357
2010-10-25,0.5951998829841614
2010-10-26,0.629016101360321
2010-10-27,0.8128817081451416
2010-10-28,1.048706293106079
2010-10-29,1.219546914100647
2010-10-30,1.284799575805664
2010-10-31,1.162255048751831
2010-11-01,0.997331976890564
2010-11-02,0.8771978616714478
2010-11-03,0.799942672252655
2010-11-04,0.7906156182289124
2010-11-05,0.9558128118515015
2010-11-06,1.2848079204559326
2010-11-07,1.4133986234664917
2010-11-08,1.368520975112915
2010-11-09,1.2661869525909424
2010-11-10,1.1615833044052124
2010-11-11,1.0674856901168823
2010-11-12,0.9808675050735474
2010-11-13,0.9292505383491516
2010-11-14,0.9014468193054199
2010-11-15,0.8824118971824646
2010-11-16,0.8772248029708862
2010-11-17,0.9275676012039185
2010-11-18,1.0789721012115479
2010-11-19,1.1518361568450928
2010-11-20,1.122137188911438
2010-11-21,1.0760297775268555
2010-11-22,1.0319490432739258
2010-11-23,0.9913688898086548
2010-11-24,0.9448696374893188
2010-11-25,0.902900755405426
2010-11-26,0.8837937116622925
2010-11-27,0.8895158171653748
2010-11-28,0.8975726366043091
2010-11-29,0.8912968635559082
2010-11-30,0.8952074646949768
2010-12-01,0.9237374067306519
2010-12-02,1.0664896965026855
2010-12-03,1.2080392837524414
2010-12-04,1.1931655406951904
2010-12-05,1.156237006187439
2010-12-06,1.1726751327514648
2010-12-07,1.1711227893829346
2010-12-08,1.1290700435638428
2010-12-09,1.0780831575393677
2010-12-10,1.0340453386306763
2010-12-11,1.0044031143188477
2010-12-12,1.0186412334442139
2010-12-13,1.2281419038772583
2010-12-14,1.600131869316101
2010-12-15,1.6928870677947998
2010-12-16,1.639761209487915
2010-12-17,1.8950735330581665
2010-12-18,2.5825142860412598
2010-12-19,2.7860267162323
2010-12-20,2.667088031768799
2010-12-21,2.431541681289673
2010-12-22,2.1680099964141846
2010-12-23,1.9696300029754639
2010-12-24,1.809583067893982
2010-12-25,1.6814160346984863
2010-12-26,1.8203424215316772
2010-12-27,2.601483106613159
2010-12-28,3.1752705574035645
2010-12-29,3.0866966247558594
2010-12-30,2.8426899909973145
2010-12-31,2.646738052368164
2011-01-01,2.6180689334869385
2011-01-02,2.784804105758667
2011-01-03,3.4921722412109375
2011-01-04,4.303540229797363
2011-01-05,4.004826545715332
2011-01-06,3.420403480529785
2011-01-07,3.0515222549438477
2011-01-08,2.8520538806915283
2011-01-09,2.6523618698120117
2011-01-10,2.4483022689819336
2011-01-11,2.272935628890991
2011-01-12,2.2106001377105713
2011-01-13,2.223820209503174
2011-01-14,2.1709117889404297
2011-01-15,2.0791525840759277
2011-01-16,2.0079822540283203
2011-01-17,1.9474629163742065
2011-01-18,1.8974294662475586
2011-01-19,1.9132707118988037
2011-01-20,1.9928960800170898
2011-01-21,1.9779261350631714
2011-01-22,1.9028501510620117
2011-01-23,1.8246304988861084
2011-01-24,1.7478702068328857
2011-01-25,1.6813647747039795
2011-01-26,1.7528018951416016
2011-01-27,2.2805898189544678
2011-01-28,3.143627643585205
2011-01-29,3.317258834838867
2011-01-30,3.0745644569396973
2011-01-31,2.7832865715026855
2011-02-01,2.523566961288452
2011-02-02,2.4073357582092285
2011-02-03,2.5700197219848633
2011-02-04,2.836642265319824
2011-02-05,4.300755500793457
2011-02-06,9.776250839233398
2011-02-07,14.869140625
2011-02-08,13.15155029296875
2011-02-09,9.945212364196777
2011-02-10,7.416374206542969
2011-02-11,5.760590076446533
2011-02-12,4.712510108947754
2011-02-13,4.071224689483643
2011-02-14,3.6280903816223145
2011-02-15,3.332547426223755
2011-02-16,3.091958522796631
2011-02-17,2.8816089630126953
2011-02-18,2.7246217727661133
2011-02-19,2.609762191772461
2011-02-20,2.4932198524475098
2011-02-21,2.373849630355835
2011-02-22,2.281780242919922
2011-02-23,2.190692901611328
2011-02-24,2.0815653800964355
2011-02-25,2.0191779136657715
2011-02-26,2.035078525543213
2011-02-27,2.0854554176330566
2011-02-28,2.0822510719299316
2011-03-01,2.6678524017333984
2011-03-02,4.454899311065674
2011-03-03,5.264859199523926
2011-03-04,4.727675437927246
2011-03-05,3.9276204109191895
2011-03-06,3.544524908065796
2011-03-07,4.41873025894165
2011-03-08,6.106630325317383
2011-03-09,5.978266716003418
2011-03-10,5.430025577545166
2011-03-11,6.733652591705322
2011-03-12,8.902885437011719
2011-03-13,8.465002059936523
2011-03-14,6.9302568435668945
2011-03-15,5.5985894203186035
2011-03-16,4.78630256652832
2011-03-17,4.455964088439941
2011-03-18,4.246459007263184
2011-03-19,3.9052391052246094
2011-03-20,3.5054738521575928
2011-03-21,3.1419732570648193
2011-03-22,2.889616012573242
2011-03-23,2.7074341773986816
2011-03-24,2.7485101222991943
2011-03-25,3.4769985675811768
2011-03-26,4.071786880493164
2011-03-27,4.111518859863281
2011-03-28,4.775186061859131
2011-03-29,5.941119194030762
2011-03-30,6.791074752807617
2011-03-31,10.224725723266602
2011-04-01,15.493037223815918
2011-04-02,15.370634078979492
2011-04-03,12.1674165725708
2011-04-04,9.068885803222656
2011-04-05,7.122701644897461
2011-04-06,6.486959457397461
2011-04-07,6.283717155456543
2011-04-08,5.559469699859619
2011-04-09,5.134091854095459
2011-04-10,6.687617301940918
2011-04-11,9.906793594360352
2011-04-12,10.642669677734375
2011-04-13,9.055663108825684
2011-04-14,7.131078720092773
2011-04-15,5.643520355224609
2011-04-16,4.9395856857299805
2011-04-17,5.727954864501953
2011-04-18,6.964797019958496
2011-04-19,6.384283065795898
2011-04-20,5.237530708312988
2011-04-21,4.317903518676758
2011-04-22,3.7771897315979004
2011-04-23,3.8706464767456055
2011-04-24,4.278457164764404
2011-04-25,4.119593143463135
2011-04-26,3.6094021797180176
2011-04-27,3.1804397106170654
2011-04-28,2.9380104541778564
2011-04-29,2.780729293823242
2011-04-30,2.5991604328155518
2011-05-01,2.359839916229248
2011-05-02,2.116840124130249
2011-05-03,1.9098703861236572
2011-05-04,2.012875556945801
2011-05-05,3.193798065185547
2011-05-06,4.63710355758667
2011-05-07,4.519797325134277
2011-05-08,3.8569889068603516
2011-05-09,3.3379883766174316
2011-05-10,3.003038167953491
2011-05-11,2.627652645111084
2011-05-12,2.359890937805176
2011-05-13,2.3647842407226562
2011-05-14,2.752027988433838
2011-05-15,3.5511133670806885
2011-05-16,4.102321147918701
2011-05-17,3.8678059577941895
2011-05-18,3.35495924949646
2011-05-19,2.8979640007019043
2011-05-20,2.527024030685425
2011-05-21,2.189758777618408
2011-05-22,1.9050284624099731
2011-05-23,1.66903817653656
2011-05-24,1.5111998319625854
2011-05-25,1.4014886617660522
2011-05-26,1.2863701581954956
2011-05-27,1.488973617553711
2011-05-28,3.286710500717163
2011-05-29,6.400206565856934
2011-05-30,7.056492805480957
2011-05-31,5.543996810913086
2011-06-01,3.851900100708008
2011-06-02,2.72930645942688
2011-06-03,2.0624876022338867
2011-06-04,1.6201685667037964
2011-06-05,1.3172097206115723
2011-06-06,1.1028430461883545
2011-06-07,0.9521244168281555
2011-06-08,0.8413578271865845
2011-06-09,0.7554740309715271
2011-06-10,0.6982325911521912
2011-06-11,0.6920766830444336
2011-06-12,0.7688591480255127
2011-06-13,0.9042490720748901
2011-06-14,0.9588609933853149
2011-06-15,0.8733283281326294
2011-06-16,0.7391856908798218
2011-06-17,0.6364079117774963
2011-06-18,0.574836015701294
2011-06-19,0.5393078327178955
2011-06-20,0.5151203274726868
2011-06-21,0.49365222454071045
2011-06-22,0.4641420543193817
2011-06-23,0.43530988693237305
2011-06-24,0.4002906382083893
2011-06-25,0.3673672676086426
2011-06-26,0.34129273891448975
2011-06-27,0.32229694724082947
2011-06-28,0.3489972949028015
2011-06-29,0.48948532342910767
2011-06-30,0.7604590654373169
2011-07-01,0.8890269994735718
2011-07-02,0.7612305283546448
2011-07-03,0.5913660526275635
2011-07-04,0.4927297830581665
2011-07-05,0.5197413563728333
2011-07-06,0.680695652961731
2011-07-07,0.9087803363800049
2011-07-08,1.151175618171692
2011-07-09,1.4988142251968384
2011-07-10,1.971837043762207
2011-07-11,1.995354413986206
2011-07-12,1.5305366516113281
2011-07-13,1.0748742818832397
2011-07-14,0.8027881383895874
2011-07-15,0.6483463048934937
2011-07-16,0.5343718528747559
2011-07-17,0.4414389133453369
2011-07-18,0.38025400042533875
2011-07-19,0.3387976288795471
2011-07-20,0.30766764283180237
2011-07-21,0.29152432084083557
2011-07-22,0.2899724245071411
2011-07-23,0.28724053502082825
2011-07-24,0.27851569652557373
2011-07-25,0.27940958738327026
2011-07-26,0.31670284271240234
2011-07-27,0.3731173872947693
2011-07-28,0.37034955620765686
2011-07-29,0.3154035210609436
2011-07-30,0.2679137587547302
2011-07-31,0.30945754051208496
2011-08-01,0.5694230198860168
2011-08-02,0.8274027705192566
2011-08-03,0.7660080194473267
2011-08-04,0.5805040597915649
2011-08-05,0.43753036856651306
2011-08-06,0.4989599883556366
2011-08-07,1.1648215055465698
2011-08-08,1.9492201805114746
2011-08-09,1.8134479522705078
2011-08-10,1.2960044145584106
2011-08-11,0.8716405630111694
2011-08-12,0.604005753993988
2011-08-13,0.503764271736145
2011-08-14,0.5947904586791992
2011-08-15,0.7974141836166382
2011-08-16,0.9745225310325623
2011-08-17,0.9740824103355408
2011-08-18,0.7959974408149719
2011-08-19,0.6037189364433289
2011-08-20,0.4698593318462372
2011-08-21,0.39475613832473755
2011-08-22,0.39128103852272034
2011-08-23,0.4405539631843567
2011-08-24,0.44740432500839233
2011-08-25,0.39991429448127747
2011-08-26,0.3392658829689026
2011-08-27,0.3079792559146881
2011-08-28,0.36262449622154236
2011-08-29,0.4631153345108032
2011-08-30,0.5719408392906189
2011-08-31,0.7316296696662903
2011-09-01,0.7746852040290833
2011-09-02,0.6586891412734985
2011-09-03,0.5260005593299866
2011-09-04,0.4290483295917511
2011-09-05,0.363940566778183
2011-09-06,0.5409111380577087
2011-09-07,1.9144560098648071
2011-09-08,4.407100200653076
2011-09-09,4.720483779907227
2011-09-10,3.472012519836426
2011-09-11,2.2146108150482178
2011-09-12,1.4311554431915283
2011-09-13,0.9972478747367859
2011-09-14,0.7515158653259277
2011-09-15,0.6176981329917908
2011-09-16,0.6409599781036377
2011-09-17,0.9592010974884033
2011-09-18,1.4153395891189575
2011-09-19,1.5854322910308838
2011-09-20,1.4039783477783203
2011-09-21,1.19333815574646
2011-09-22,1.3316935300827026
2011-09-23,2.071178436279297
2011-09-24,3.3031206130981445
2011-09-25,4.293512344360352
2011-09-26,3.9349403381347656
2011-09-27,3.103567600250244
2011-09-28,2.505051374435425
2011-09-29,2.408294200897217
2011-09-30,2.480659246444702
2011-10-01,2.2722506523132324
2011-10-02,1.9245843887329102
2011-10-03,1.5759344100952148
2011-10-04,1.2924091815948486
2011-10-05,1.0834429264068604
2011-10-06,0.9307869672775269
2011-10-07,0.8165478706359863
2011-10-08,0.7304074168205261
2011-10-09,0.6640891432762146
2011-10-10,0.6197866797447205
2011-10-11,0.6082149147987366
2011-10-12,0.6507394313812256
2011-10-13,0.7768308520317078
2011-10-14,0.8762957453727722
2011-10-15,0.875429093837738
2011-10-16,0.8046842813491821
2011-10-17,0.7253167033195496
2011-10-18,0.6557480692863464
2011-10-19,0.8681080341339111
2011-10-20,2.351644515991211
2011-10-21,4.55388069152832
2011-10-22,4.65084981918335
2011-10-23,3.581976890563965
2011-10-24,2.571866989135742
2011-10-25,1.9252095222473145
2011-10-26,1.5172559022903442
2011-10-27,1.2613935470581055
2011-10-28,1.0925674438476562
2011-10-29,1.1179521083831787
2011-10-30,1.6067558526992798
2011-10-31,2.35720157623291
2011-11-01,2.6057472229003906
2011-11-02,2.561236619949341
2011-11-03,2.3043503761291504
2011-11-04,2.718071222305298
2011-11-05,6.5093889236450195
2011-11-06,12.15512752532959
2011-11-07,11.92172908782959
2011-11-08,8.763309478759766
2011-11-09,6.153189182281494
2011-11-10,4.566712379455566
2011-11-11,3.629289388656616
2011-11-12,3.0329177379608154
2011-11-13,2.6351938247680664
2011-11-14,2.3523731231689453
2011-11-15,2.145871162414551
2011-11-16,1.9767087697982788
2011-11-17,1.9225270748138428
2011-11-18,2.268075942993164
2011-11-19,2.9275341033935547
2011-11-20,3.0013041496276855
2011-11-21,2.7337515354156494
2011-11-22,2.4466991424560547
2011-11-23,2.282264232635498
2011-11-24,2.332517385482788
2011-11-25,2.4579334259033203
2011-11-26,2.3794360160827637
2011-11-27,2.201120376586914
2011-11-28,2.05328106880188
2011-11-29,2.7446799278259277
2011-11-30,6.2772040367126465
2011-12-01,10.255863189697266
2011-12-02,9.566034317016602
2011-12-03,7.177247524261475
2011-12-04,5.389712810516357
2011-12-05,4.285905838012695
2011-12-06,3.6233139038085938
2011-12-07,3.2767319679260254
2011-12-08,3.5621604919433594
2011-12-09,4.536346435546875
2011-12-10,4.77264928817749
2011-12-11,4.295231819152832
2011-12-12,3.722700357437134
2011-12-13,3.2648942470550537
2011-12-14,2.9563136100769043
2011-12-15,2.732011079788208
2011-12-16,2.5795743465423584
2011-12-17,2.676635980606079
2011-12-18,3.5315685272216797
2011-12-19,4.491064071655273
2011-12-20,4.513181209564209
2011-12-21,4.220947265625
2011-12-22,4.736736297607422
2011-12-23,6.189546585083008
2011-12-24,6.5567169189453125
2011-12-25,5.775975704193115
2011-12-26,4.781248569488525
2011-12-27,4.134330749511719
2011-12-28,4.5171284675598145
2011-12-29,5.829104900360107
2011-12-30,5.897922515869141
2011-12-31,5.240156650543213
2012-01-01,4.569579124450684
2012-01-02,4.046802520751953
2012-01-03,3.6825191974639893
2012-01-04,3.388442039489746
2012-01-05,3.0881476402282715
2012-01-06,2.844027280807495
2012-01-07,2.6983609199523926
2012-01-08,2.591897487640381
2012-01-09,2.505105495452881
2012-01-10,2.5283055305480957
2012-01-11,2.772475481033325
2012-01-12,3.409423828125
2012-01-13,4.494187831878662
2012-01-14,4.762328624725342
2012-01-15,4.365204811096191
2012-01-16,3.8284964561462402
2012-01-17,3.4130711555480957
2012-01-18,3.188568115234375
2012-01-19,3.2252326011657715
2012-01-20,3.2515628337860107
2012-01-21,3.3032078742980957
2012-01-22,4.191434383392334
2012-01-23,5.731359481811523
2012-01-24,6.240129470825195
2012-01-25,5.920473575592041
2012-01-26,5.238109588623047
2012-01-27,4.749361038208008
2012-01-28,5.047232151031494
2012-01-29,5.532077789306641
2012-01-30,5.185779094696045
2012-01-31,4.5617356300354
2012-02-01,4.046358585357666
2012-02-02,3.6848244667053223
2012-02-03,3.423264980316162
2012-02-04,3.177015542984009
2012-02-05,3.117386817932129
2012-02-06,3.6253044605255127
2012-02-07,4.343353271484375
2012-02-08,4.320237159729004
2012-02-09,3.9604623317718506
2012-02-10,3.5811150074005127
2012-02-11,3.271501064300537
2012-02-12,3.03012752532959
2012-02-13,2.8522465229034424
2012-02-14,2.678828716278076
2012-02-15,2.540832996368408
2012-02-16,2.4768645763397217
2012-02-17,2.5995001792907715
2012-02-18,2.884953260421753
2012-02-19,3.032177686691284
2012-02-20,4.243497371673584
2012-02-21,7.013061046600342
2012-02-22,7.648088455200195
2012-02-23,7.003705024719238
2012-02-24,6.591706275939941
2012-02-25,6.8323445320129395
2012-02-26,6.691673278808594
2012-02-27,5.808375835418701
2012-02-28,5.065267562866211
2012-02-29,5.074180603027344
2012-03-01,4.993431091308594
2012-03-02,4.956732749938965
2012-03-03,6.414308547973633
2012-03-04,13.35116958618164
2012-03-05,20.203243255615234
2012-03-06,17.824922561645508
2012-03-07,13.150534629821777
2012-03-08,9.662921905517578
2012-03-09,7.7320756912231445
2012-03-10,7.013266086578369
2012-03-11,6.732388019561768
2012-03-12,6.051015853881836
2012-03-13,5.357965469360352
2012-03-14,4.836581707000732
2012-03-15,4.397733688354492
2012-03-16,4.015517234802246
2012-03-17,3.7720508575439453
2012-03-18,4.108426094055176
2012-03-19,5.736117839813232
2012-03-20,8.24765396118164
2012-03-21,11.22884750366211
2012-03-22,15.854142189025879
2012-03-23,17.863197326660156
2012-03-24,16.78223991394043
2012-03-25,21.66387176513672
2012-03-26,32.609474182128906
2012-03-27,31.96938133239746
2012-03-28,23.831802368164062
2012-03-29,16.508853912353516
2012-03-30,11.937553405761719
2012-03-31,9.296453475952148
2012-04-01,8.310656547546387
2012-04-02,7.9631147384643555
2012-04-03,7.091195106506348
2012-04-04,6.17465877532959
2012-04-05,5.798732280731201
2012-04-06,5.933750152587891
2012-04-07,6.0138750076293945
2012-04-08,5.635012149810791
2012-04-09,4.999357223510742
2012-04-10,4.402994155883789
2012-04-11,3.9224119186401367
2012-04-12,3.5317039489746094
2012-04-13,3.2045974731445312
2012-04-14,2.9379987716674805
2012-04-15,2.7540063858032227
2012-04-16,2.591081142425537
2012-04-17,2.4116227626800537
2012-04-18,2.2297794818878174
2012-04-19,2.1441049575805664
2012-04-20,2.153975486755371
2012-04-21,2.1100172996520996
2012-04-22,2.1614866256713867
2012-04-23,2.9617080688476562
2012-04-24,4.498884677886963
2012-04-25,4.856464385986328
2012-04-26,4.362337112426758
2012-04-27,4.07142448425293
2012-04-28,3.860473394393921
2012-04-29,3.436978578567505
2012-04-30,2.992063045501709
2012-05-01,2.6459808349609375
2012-05-02,2.383810520172119
2012-05-03,2.1292061805725098
2012-05-04,1.8883261680603027
2012-05-05,1.8080737590789795
2012-05-06,2.506761074066162
2012-05-07,4.08071231842041
2012-05-08,4.722932815551758
2012-05-09,4.205810070037842
2012-05-10,3.899218797683716
2012-05-11,4.282197952270508
2012-05-12,3.9487621784210205
2012-05-13,3.216827154159546
2012-05-14,2.8206706047058105
2012-05-15,3.755138397216797
2012-05-16,6.430591106414795
2012-05-17,8.060072898864746
2012-05-18,7.206334590911865
2012-05-19,5.520781993865967
2012-05-20,4.083470821380615
2012-05-21,3.1008596420288086
2012-05-22,2.5134239196777344
2012-05-23,2.5173187255859375
2012-05-24,3.542908191680908
2012-05-25,4.62083625793457
2012-05-26,4.242816925048828
2012-05-27,3.363295555114746
2012-05-28,2.6449825763702393
2012-05-29,2.235349178314209
2012-05-30,2.02077317237854
2012-05-31,2.017958641052246
2012-06-01,2.0729455947875977
2012-06-02,2.3561949729919434
2012-06-03,3.0207033157348633
2012-06-04,3.0611743927001953
2012-06-05,2.5604875087738037
2012-06-06,2.0770695209503174
2012-06-07,1.8302969932556152
2012-06-08,1.6937609910964966
2012-06-09,1.5146201848983765
2012-06-10,1.3125319480895996
2012-06-11,1.1712216138839722
2012-06-12,1.3563759326934814
2012-06-13,2.2465198040008545
2012-06-14,3.385237693786621
2012-06-15,3.539112091064453
2012-06-16,2.938709259033203
2012-06-17,2.2525172233581543
2012-06-18,1.7114075422286987
2012-06-19,1.356398582458496
2012-06-20,1.1769918203353882
2012-06-21,1.0741908550262451
2012-06-22,0.9981160163879395
2012-06-23,1.006432294845581
2012-06-24,1.0418052673339844
2012-06-25,0.9852513670921326
2012-06-26,0.8882664442062378
2012-06-27,0.8014765381813049
2012-06-28,0.7096697688102722
2012-06-29,0.6233683228492737
2012-06-30,0.5486247539520264
2012-07-01,0.5012069344520569
2012-07-02,0.46992698311805725
2012-07-03,0.4365726411342621
2012-07-04,0.4071303606033325
2012-07-05,0.39365655183792114
2012-07-06,0.39605140686035156
2012-07-07,0.40204814076423645
2012-07-08,0.3913612365722656
2012-07-09,0.36329999566078186
2012-07-10,0.3871687650680542
2012-07-11,0.6140992641448975
2012-07-12,1.1637001037597656
2012-07-13,1.5286028385162354
2012-07-14,1.3782442808151245
2012-07-15,1.1046091318130493
2012-07-16,0.8928907513618469
2012-07-17,0.7213774919509888
2012-07-18,0.5977953672409058
2012-07-19,0.5254621505737305
2012-07-20,0.514210045337677
2012-07-21,0.598942220211029
2012-07-22,0.8576493859291077
2012-07-23,1.3874940872192383
2012-07-24,1.893210768699646
2012-07-25,1.9903820753097534
2012-07-26,1.7598462104797363
2012-07-27,1.3704009056091309
2012-07-28,1.1482747793197632
2012-07-29,1.463385820388794
2012-07-30,2.467839002609253
2012-07-31,2.9961225986480713
2012-08-01,2.4530420303344727
2012-08-02,1.7639081478118896
2012-08-03,1.3286776542663574
2012-08-04,1.023727536201477
2012-08-05,0.818648099899292
2012-08-06,0.691587507724762
2012-08-07,0.6453194618225098
2012-08-08,0.740840494632721
2012-08-09,0.9009484648704529
2012-08-10,0.9419493675231934
2012-08-11,1.0089589357376099
2012-08-12,1.2231874465942383
2012-08-13,1.3810782432556152
2012-08-14,1.269979476928711
2012-08-15,1.0130879878997803
2012-08-16,0.7819302082061768
2012-08-17,0.6384618878364563
2012-08-18,0.5524162650108337
2012-08-19,0.5610107779502869
2012-08-20,0.9392865300178528
2012-08-21,1.6927478313446045
2012-08-22,1.9984543323516846
2012-08-23,1.8985252380371094
2012-08-24,1.6491994857788086
2012-08-25,1.3748440742492676
2012-08-26,1.2466143369674683
2012-08-27,1.1987826824188232
2012-08-28,1.057120680809021
2012-08-29,0.9034051299095154
2012-08-30,0.7802066802978516
2012-08-31,0.6814348697662354
2012-09-01,0.5944427251815796
2012-09-02,0.5416838526725769
2012-09-03,1.3123772144317627
2012-09-04,4.343453407287598
2012-09-05,6.743926525115967
2012-09-06,5.760852336883545
2012-09-07,5.1656975746154785
2012-09-08,5.813182353973389
2012-09-09,5.541836738586426
2012-09-10,5.093840599060059
2012-09-11,4.19038200378418
2012-09-12,3.090773582458496
2012-09-13,2.2269606590270996
2012-09-14,1.6623446941375732
2012-09-15,1.315163016319275
2012-09-16,1.1142693758010864
2012-09-17,1.1014076471328735
2012-09-18,2.2025771141052246
2012-09-19,8.701191902160645
2012-09-20,19.003828048706055
2012-09-21,17.624181747436523
2012-09-22,11.362924575805664
2012-09-23,6.780381202697754
2012-09-24,4.37550163269043
2012-09-25,3.10469913482666
2012-09-26,2.3666467666625977
2012-09-27,1.909663438796997
2012-09-28,1.6136771440505981
2012-09-29,1.6864893436431885
2012-09-30,2.7615177631378174
2012-10-01,4.264141082763672
2012-10-02,4.600553512573242
2012-10-03,4.6690239906311035
2012-10-04,4.4974517822265625
2012-10-05,3.7804417610168457
2012-10-06,2.996264934539795
2012-10-07,2.4451019763946533
2012-10-08,2.341157913208008
2012-10-09,2.8719000816345215
2012-10-10,3.525940418243408
2012-10-11,3.4920437335968018
2012-10-12,3.01188588142395
2012-10-13,2.5007357597351074
2012-10-14,2.1199307441711426
2012-10-15,1.9382805824279785
2012-10-16,2.0503764152526855
2012-10-17,2.2967991828918457
2012-10-18,2.2023000717163086
2012-10-19,2.0142507553100586
2012-10-20,1.9719077348709106
2012-10-21,1.9371615648269653
2012-10-22,1.7913851737976074
2012-10-23,1.6416430473327637
2012-10-24,1.5078636407852173
2012-10-25,1.3727144002914429
2012-10-26,1.263592004776001
2012-10-27,1.1943106651306152
2012-10-28,1.1509976387023926
2012-10-29,1.1258385181427002
2012-10-30,1.189319133758545
2012-10-31,1.4189037084579468
2012-11-01,1.6286404132843018
2012-11-02,1.6473157405853271
2012-11-03,1.568282127380371
2012-11-04,1.4535781145095825
2012-11-05,1.3610109090805054
2012-11-06,1.2856333255767822
2012-11-07,1.2329462766647339
2012-11-08,1.1992019414901733
2012-11-09,1.1754707098007202
2012-11-10,1.1615769863128662
2012-11-11,1.1618000268936157
2012-11-12,1.1458055973052979
2012-11-13,1.133740782737732
2012-11-14,1.1504974365234375
2012-11-15,1.2062959671020508
2012-11-16,1.2998325824737549
2012-11-17,1.4203259944915771
2012-11-18,1.4257327318191528
2012-11-19,1.3704943656921387
2012-11-20,1.3239127397537231
2012-11-21,1.2858644723892212
2012-11-22,1.2460548877716064
2012-11-23,1.2118659019470215
2012-11-24,1.185202717781067
2012-11-25,1.135940670967102
2012-11-26,1.1147090196609497
2012-11-27,1.1012368202209473
2012-11-28,1.0888278484344482
2012-11-29,1.0976608991622925
2012-11-30,1.1004524230957031
2012-12-01,1.0951621532440186
2012-12-02,1.0991795063018799
2012-12-03,1.0982730388641357
2012-12-04,1.0985528230667114
2012-12-05,1.0957125425338745
2012-12-06,1.0776033401489258
2012-12-07,1.061887264251709
2012-12-08,1.0793466567993164
2012-12-09,1.1355202198028564
2012-12-10,1.1491248607635498
2012-12-11,1.140779972076416
2012-12-12,1.1281468868255615
2012-12-13,1.147418737411499
2012-12-14,1.3177666664123535
2012-12-15,1.5157785415649414
2012-12-16,1.5367552042007446
2012-12-17,1.6027507781982422
2012-12-18,1.9311017990112305
2012-12-19,2.291666269302368
2012-12-20,2.281510829925537
2012-12-21,2.1618459224700928
2012-12-22,2.3808035850524902
2012-12-23,2.6529974937438965
2012-12-24,2.537079334259033
2012-12-25,2.2852630615234375
2012-12-26,2.8953516483306885
2012-12-27,7.411159038543701
2012-12-28,14.144981384277344
2012-12-29,13.398245811462402
2012-12-30,10.795193672180176
2012-12-31,9.50989818572998
2013-01-01,7.710905075073242
2013-01-02,6.362847805023193
2013-01-03,6.5855817794799805
2013-01-04,6.986904621124268
2013-01-05,6.474376201629639
2013-01-06,5.505624771118164
2013-01-07,4.6787800788879395
2013-01-08,4.141109466552734
2013-01-09,3.726422071456909
2013-01-10,3.40885329246521
2013-01-11,3.1720328330993652
2013-01-12,3.065096378326416
2013-01-13,3.1345114707946777
2013-01-14,3.091005802154541
2013-01-15,3.029939651489258
2013-01-16,3.0953335762023926
2013-01-17,4.465827465057373
2013-01-18,15.791845321655273
2013-01-19,36.473304748535156
2013-01-20,32.87971878051758
2013-01-21,22.711467742919922
2013-01-22,15.146199226379395
2013-01-23,10.713996887207031
2013-01-24,8.164985656738281
2013-01-25,6.608042240142822
2013-01-26,5.579163551330566
2013-01-27,5.118265151977539
2013-01-28,4.788837909698486
2013-01-29,4.534416198730469
2013-01-30,4.411818504333496
2013-01-31,4.7197394371032715
2013-02-01,6.131182670593262
2013-02-02,6.86181116104126
2013-02-03,6.315359115600586
2013-02-04,5.481235980987549
2013-02-05,4.7916789054870605
2013-02-06,4.285092353820801
2013-02-07,3.9305419921875
2013-02-08,4.637579917907715
2013-02-09,8.979459762573242
2013-02-10,13.940958023071289
2013-02-11,13.404335021972656
2013-02-12,11.015768051147461
2013-02-13,9.654221534729004
2013-02-14,8.759329795837402
2013-02-15,8.530592918395996
2013-02-16,7.781166076660156
2013-02-17,7.919225692749023
2013-02-18,8.904266357421875
2013-02-19,8.39557933807373
2013-02-20,7.999920845031738
2013-02-21,8.247345924377441
2013-02-22,7.771928787231445
2013-02-23,9.717724800109863
2013-02-24,18.369760513305664
2013-02-25,25.59528923034668
2013-02-26,24.41672134399414
2013-02-27,28.19286346435547
2013-02-28,35.11098098754883
2013-03-01,29.36631965637207
2013-03-02,21.06322479248047
2013-03-03,15.260591506958008
2013-03-04,11.75084114074707
2013-03-05,9.496091842651367
2013-03-06,8.184510231018066
2013-03-07,8.046611785888672
2013-03-08,8.018832206726074
2013-03-09,7.496058464050293
2013-03-10,6.782664775848389
2013-03-11,6.1430559158325195
2013-03-12,6.224124431610107
2013-03-13,8.300224304199219
2013-03-14,10.81896686553955
2013-03-15,10.47670841217041
2013-03-16,8.930203437805176
2013-03-17,7.6651787757873535
2013-03-18,6.720897674560547
2013-03-19,6.292576789855957
2013-03-20,6.469648838043213
2013-03-21,6.411558628082275
2013-03-22,5.980269908905029
2013-03-23,5.440424919128418
2013-03-24,5.467994213104248
2013-03-25,8.0015230178833
2013-03-26,11.981882095336914
2013-03-27,12.140472412109375
2013-03-28,10.356443405151367
2013-03-29,8.492975234985352
2013-03-30,7.122747898101807
2013-03-31,6.4529266357421875
2013-04-01,7.307819366455078
2013-04-02,9.293022155761719
2013-04-03,9.662836074829102
2013-04-04,8.889305114746094
2013-04-05,9.997418403625488
2013-04-06,13.506776809692383
2013-04-07,14.735700607299805
2013-04-08,12.828758239746094
2013-04-09,10.41872787475586
2013-04-10,8.529709815979004
2013-04-11,7.1625823974609375
2013-04-12,6.558310031890869
2013-04-13,7.566751003265381
2013-04-14,8.833108901977539
2013-04-15,8.160146713256836
2013-04-16,6.990825653076172
2013-04-17,6.012614727020264
2013-04-18,5.247137069702148
2013-04-19,4.714399814605713
2013-04-20,5.197861671447754
2013-04-21,7.173264026641846
2013-04-22,7.541097640991211
2013-04-23,6.643327236175537
2013-04-24,5.641503810882568
2013-04-25,4.886638164520264
2013-04-26,4.259396553039551
2013-04-27,3.7364070415496826
2013-04-28,3.401745557785034
2013-04-29,4.7595624923706055
2013-04-30,10.677352905273438
2013-05-01,16.25596809387207
2013-05-02,15.082220077514648
2013-05-03,11.502002716064453
2013-05-04,8.496973037719727
2013-05-05,6.439419269561768
2013-05-06,5.875275611877441
2013-05-07,9.242727279663086
2013-05-08,14.947134017944336
2013-05-09,15.27182388305664
2013-05-10,12.550881385803223
2013-05-11,9.830479621887207
2013-05-12,7.673177242279053
2013-05-13,6.331917762756348
2013-05-14,5.281582832336426
2013-05-15,4.413650035858154
2013-05-16,3.786569595336914
2013-05-17,3.2684082984924316
2013-05-18,2.872124433517456
2013-05-19,3.1708462238311768
2013-05-20,7.218291759490967
2013-05-21,16.56778335571289
2013-05-22,21.251821517944336
2013-05-23,17.71921157836914
2013-05-24,13.305599212646484
2013-05-25,10.976996421813965
2013-05-26,8.521685600280762
2013-05-27,6.301020622253418
2013-05-28,4.840603351593018
2013-05-29,3.921666383743286
2013-05-30,3.283240556716919
2013-05-31,2.8034896850585938
2013-06-01,2.4281020164489746
2013-06-02,2.134209156036377
2013-06-03,2.00966215133667
2013-06-04,2.4285802841186523
2013-06-05,3.087869644165039
2013-06-06,3.033596992492676
2013-06-07,8.629793167114258
2013-06-08,36.5942497253418
2013-06-09,68.38973999023438
2013-06-10,59.50368881225586
2013-06-11,42.22414779663086
2013-06-12,32.180999755859375
2013-06-13,22.621164321899414
2013-06-14,15.455503463745117
2013-06-15,11.189020156860352
2013-06-16,8.18692684173584
2013-06-17,6.135864734649658
2013-06-18,4.908596992492676
2013-06-19,4.984084129333496
2013-06-20,6.014337539672852
2013-06-21,5.897714614868164
2013-06-22,4.887251377105713
2013-06-23,4.052896022796631
2013-06-24,3.7584023475646973
2013-06-25,3.515902280807495
2013-06-26,3.217268705368042
2013-06-27,3.08750057220459
2013-06-28,3.3611721992492676
2013-06-29,5.353964805603027
2013-06-30,18.637474060058594
2013-07-01,50.443302154541016
2013-07-02,69.68794250488281
2013-07-03,65.07538604736328
2013-07-04,59.03282928466797
2013-07-05,49.2973747253418
2013-07-06,33.088592529296875
2013-07-07,20.385862350463867
2013-07-08,13.153173446655273
2013-07-09,9.681502342224121
2013-07-10,8.32775592803955
2013-07-11,7.9846272468566895
2013-07-12,9.860347747802734
2013-07-13,12.59346866607666
2013-07-14,13.166677474975586
2013-07-15,12.638899803161621
2013-07-16,10.815776824951172
2013-07-17,8.487733840942383
2013-07-18,6.72429895401001
2013-07-19,5.624917984008789
2013-07-20,4.7698259353637695
2013-07-21,4.029008865356445
2013-07-22,3.5356616973876953
2013-07-23,3.2156825065612793
2013-07-24,2.928450584411621
2013-07-25,2.68933367729187
2013-07-26,2.599640130996704
2013-07-27,2.5519862174987793
2013-07-28,2.5599634647369385
2013-07-29,2.787010669708252
2013-07-30,3.009510040283203
2013-07-31,2.901340961456299
2013-08-01,2.7039568424224854
2013-08-02,3.1631269454956055
2013-08-03,4.101221084594727
2013-08-04,4.844095230102539
2013-08-05,5.503861427307129
2013-08-06,5.296086311340332
2013-08-07,4.668757438659668
2013-08-08,4.05165958404541
2013-08-09,3.32389497756958
2013-08-10,2.773181676864624
2013-08-11,2.5857300758361816
2013-08-12,2.750802993774414
2013-08-13,2.938675880432129
2013-08-14,3.307093381881714
2013-08-15,3.5312113761901855
2013-08-16,3.178706169128418
2013-08-17,2.6994452476501465
2013-08-18,2.5285279750823975
2013-08-19,2.6945934295654297
2013-08-20,3.094942092895508
2013-08-21,3.6017870903015137
2013-08-22,4.295958995819092
2013-08-23,4.724475860595703
2013-08-24,3.9907333850860596
2013-08-25,3.1165504455566406
2013-08-26,2.478804349899292
2013-08-27,2.062692165374756
2013-08-28,1.7883442640304565
2013-08-29,1.5876184701919556
2013-08-30,1.4444559812545776
2013-08-31,1.316665768623352
2013-09-01,1.2563742399215698
2013-09-02,1.5829631090164185
2013-09-03,2.4626877307891846
2013-09-04,3.0291361808776855
2013-09-05,2.7977256774902344
2013-09-06,2.306227684020996
2013-09-07,1.8592687845230103
2013-09-08,1.5480272769927979
2013-09-09,1.3459255695343018
2013-09-10,1.2016429901123047
2013-09-11,1.0973142385482788
2013-09-12,1.0125290155410767
2013-09-13,0.9486244916915894
2013-09-14,0.8966350555419922
2013-09-15,0.8464869260787964
2013-09-16,0.8116354942321777
2013-09-17,0.7945888042449951
2013-09-18,0.7740632891654968
2013-09-19,0.745386004447937
2013-09-20,0.7332887053489685
2013-09-21,0.7736210227012634
2013-09-22,1.1226165294647217
2013-09-23,1.9800150394439697
2013-09-24,2.452690601348877
2013-09-25,2.1400110721588135
2013-09-26,1.7006261348724365
2013-09-27,1.397896647453308
2013-09-28,1.1987601518630981
2013-09-29,1.0441547632217407
2013-09-30,0.9424048066139221
2013-10-01,0.8977420330047607
2013-10-02,0.8638577461242676
2013-10-03,0.8196316957473755
2013-10-04,0.7849438190460205
2013-10-05,0.7533169388771057
2013-10-06,0.7215678691864014
2013-10-07,0.8078490495681763
2013-10-08,1.3874330520629883
2013-10-09,2.1898343563079834
2013-10-10,2.2591304779052734
2013-10-11,2.031377077102661
2013-10-12,1.9714003801345825
2013-10-13,1.8358718156814575
2013-10-14,1.6794538497924805
2013-10-15,1.5945309400558472
2013-10-16,1.505828857421875
2013-10-17,1.3889888525009155
2013-10-18,1.2933804988861084
2013-10-19,1.2264190912246704
2013-10-20,1.1694368124008179
2013-10-21,1.1100165843963623
2013-10-22,1.058333396911621
2013-10-23,1.0132105350494385
2013-10-24,0.9661577343940735
2013-10-25,0.9240927696228027
2013-10-26,0.890129804611206
2013-10-27,0.872927725315094
2013-10-28,0.852449893951416
2013-10-29,0.8537318706512451
2013-10-30,0.8548457622528076
2013-10-31,0.8560972213745117
2013-11-01,0.893014669418335
2013-11-02,1.1725926399230957
2013-11-03,1.637731671333313
2013-11-04,1.7171880006790161
2013-11-05,1.576743483543396
2013-11-06,1.4561383724212646
2013-11-07,1.3341031074523926
2013-11-08,1.2354133129119873
2013-11-09,1.1661165952682495
2013-11-10,1.1359350681304932
2013-11-11,1.104434609413147
2013-11-12,1.0567747354507446
2013-11-13,1.0187407732009888
2013-11-14,1.0057631731033325
2013-11-15,1.016103982925415
2013-11-16,1.0171518325805664
2013-11-17,0.9958697557449341
2013-11-18,0.9966421127319336
2013-11-19,1.0116941928863525
2013-11-20,1.004130482673645
2013-11-21,0.9878238439559937
2013-11-22,0.9951220750808716
2013-11-23,0.9956137537956238
2013-11-24,0.9819161295890808
2013-11-25,0.9614201784133911
2013-11-26,0.9742928743362427
2013-11-27,1.652423620223999
2013-11-28,4.118437767028809
2013-11-29,6.17192268371582
2013-11-30,5.436995983123779
2013-12-01,4.079900741577148
2013-12-02,3.1676714420318604
2013-12-03,2.629425048828125
2013-12-04,2.2965869903564453
2013-12-05,2.0742247104644775
2013-12-06,1.9575179815292358
2013-12-07,1.919303059577942
2013-12-08,1.9587080478668213
2013-12-09,2.102360248565674
2013-12-10,2.566218852996826
2013-12-11,3.8393943309783936
2013-12-12,4.984370231628418
2013-12-13,4.664499282836914
2013-12-14,4.143828868865967
2013-12-15,5.277710914611816
2013-12-16,8.015027046203613
2013-12-17,8.47726058959961
2013-12-18,7.07173490524292
2013-12-19,5.5635986328125
2013-12-20,4.5336761474609375
2013-12-21,3.888291358947754
2013-12-22,3.4655098915100098
2013-12-23,5.0850443840026855
2013-12-24,14.376032829284668
2013-12-25,25.4583797454834
2013-12-26,22.313518524169922
2013-12-27,15.269111633300781
2013-12-28,10.647541999816895
2013-12-29,11.502284049987793
2013-12-30,25.380260467529297
2013-12-31,39.04151153564453
2014-01-01,32.546077728271484
2014-01-02,21.997177124023438
2014-01-03,15.303892135620117
2014-01-04,12.44365119934082
2014-01-05,10.386754035949707
2014-01-06,8.86185359954834
2014-01-07,8.960288047790527
2014-01-08,8.680793762207031
2014-01-09,7.440809726715088
2014-01-10,6.807124137878418
2014-01-11,11.40273666381836
2014-01-12,26.737110137939453
2014-01-13,35.70677185058594
2014-01-14,28.39008140563965
2014-01-15,21.17997932434082
2014-01-16,18.376455307006836
2014-01-17,15.618305206298828
2014-01-18,12.85515308380127
2014-01-19,10.603683471679688
2014-01-20,8.887639045715332
2014-01-21,7.698763847351074
2014-01-22,6.9467058181762695
2014-01-23,6.49513053894043
2014-01-24,5.948502540588379
2014-01-25,5.458609580993652
2014-01-26,5.007411956787109
2014-01-27,4.666142463684082
2014-01-28,4.458588600158691
2014-01-29,4.296601295471191
2014-01-30,4.1492791175842285
2014-01-31,4.001348495483398
2014-02-01,3.9028749465942383
2014-02-02,3.8495960235595703
2014-02-03,3.889047861099243
2014-02-04,4.139301776885986
2014-02-05,4.839709281921387
2014-02-06,5.950725078582764
2014-02-07,6.909975528717041
2014-02-08,6.615605354309082
2014-02-09,5.920214653015137
2014-02-10,5.346954822540283
2014-02-11,4.983109474182129
2014-02-12,4.830057144165039
2014-02-13,5.681402206420898
2014-02-14,9.98689079284668
2014-02-15,17.24559783935547
2014-02-16,22.691333770751953
2014-02-17,23.94688606262207
2014-02-18,21.123435974121094
2014-02-19,17.86929702758789
2014-02-20,18.121824264526367
2014-02-21,20.281253814697266
2014-02-22,20.975982666015625
2014-02-23,20.99875259399414
2014-02-24,17.807676315307617
2014-02-25,14.23478889465332
2014-02-26,11.382955551147461
2014-02-27,9.458136558532715
2014-02-28,8.200737953186035
2014-03-01,7.282079219818115
2014-03-02,6.528395175933838
2014-03-03,6.046803951263428
2014-03-04,6.126649379730225
2014-03-05,6.857217311859131
2014-03-06,6.82276725769043
2014-03-07,12.73001480102539
2014-03-08,38.547523498535156
2014-03-09,62.70802307128906
2014-03-10,55.048316955566406
2014-03-11,38.77226257324219
2014-03-12,27.921581268310547
2014-03-13,22.840408325195312
2014-03-14,20.72768783569336
2014-03-15,16.863609313964844
2014-03-16,13.93175220489502
2014-03-17,12.998801231384277
2014-03-18,15.545571327209473
2014-03-19,19.29701042175293
2014-03-20,20.520477294921875
2014-03-21,18.978572845458984
2014-03-22,15.863492965698242
2014-03-23,13.29492473602295
2014-03-24,11.688885688781738
2014-03-25,10.835071563720703
2014-03-26,9.75900650024414
2014-03-27,8.941619873046875
2014-03-28,8.08112907409668
2014-03-29,8.33706283569336
2014-03-30,12.015618324279785
2014-03-31,17.377559661865234
2014-04-01,17.876461029052734
2014-04-02,15.238308906555176
2014-04-03,12.562192916870117
2014-04-04,10.392058372497559
2014-04-05,8.927145004272461
2014-04-06,7.805346488952637
2014-04-07,8.10280704498291
2014-04-08,14.097626686096191
2014-04-09,23.07357406616211
2014-04-10,22.248682022094727
2014-04-11,17.27633285522461
2014-04-12,13.119138717651367
2014-04-13,10.346582412719727
2014-04-14,8.596384048461914
2014-04-15,8.59467887878418
2014-04-16,13.471916198730469
2014-04-17,19.586944580078125
2014-04-18,17.54557991027832
2014-04-19,14.916492462158203
2014-04-20,17.804656982421875
2014-04-21,22.92323875427246
2014-04-22,20.449607849121094
2014-04-23,15.738361358642578
2014-04-24,12.152975082397461
2014-04-25,10.07394790649414
2014-04-26,10.460479736328125
2014-04-27,11.331205368041992
2014-04-28,10.050374984741211
2014-04-29,8.494157791137695
2014-04-30,8.179525375366211
2014-05-01,9.883781433105469
2014-05-02,11.376688003540039
2014-05-03,10.683395385742188
2014-05-04,9.006460189819336
2014-05-05,7.430807113647461
2014-05-06,6.18997859954834
2014-05-07,5.328703880310059
2014-05-08,4.685870170593262
2014-05-09,4.211374282836914
2014-05-10,3.81658673286438
2014-05-11,3.5361080169677734
2014-05-12,3.3480374813079834
2014-05-13,3.1335344314575195
2014-05-14,2.88236141204834
2014-05-15,4.238408088684082
2014-05-16,29.49817657470703
2014-05-17,81.60677337646484
2014-05-18,66.24618530273438
2014-05-19,39.505279541015625
2014-05-20,22.713048934936523
2014-05-21,14.32327651977539
2014-05-22,9.944723129272461
2014-05-23,7.42015266418457
2014-05-24,5.892918586730957
2014-05-25,4.911123275756836
2014-05-26,4.208590507507324
2014-05-27,3.771515369415283
2014-05-28,3.5529282093048096
2014-05-29,3.456906318664551
2014-05-30,3.204817295074463
2014-05-31,2.9332058429718018
2014-06-01,2.698723316192627
2014-06-02,2.4872188568115234
2014-06-03,2.290442943572998
2014-06-04,2.1537559032440186
2014-06-05,2.059579372406006
2014-06-06,1.9649569988250732
2014-06-07,1.83628511428833
2014-06-08,1.6944714784622192
2014-06-09,1.5924949645996094
2014-06-10,1.5578725337982178
2014-06-11,1.724998116493225
2014-06-12,2.2106542587280273
2014-06-13,2.7065844535827637
2014-06-14,2.8574612140655518
2014-06-15,2.666721820831299
2014-06-16,2.2841334342956543
2014-06-17,1.9437406063079834
2014-06-18,1.7615866661071777
2014-06-19,1.6514109373092651
2014-06-20,1.5985441207885742
2014-06-21,1.6834120750427246
2014-06-22,1.9001376628875732
2014-06-23,2.0518674850463867
2014-06-24,1.87723708152771
2014-06-25,1.5871787071228027
2014-06-26,1.3698294162750244
2014-06-27,1.2684012651443481
2014-06-28,1.3064018487930298
2014-06-29,1.3874752521514893
2014-06-30,1.3026835918426514
2014-07-01,1.1335129737854004
2014-07-02,0.9909814596176147
2014-07-03,0.8907827734947205
2014-07-04,0.8151057362556458
2014-07-05,0.7701624035835266
2014-07-06,0.7193635702133179
2014-07-07,0.6625510454177856
2014-07-08,0.6184917092323303
2014-07-09,0.5797652006149292
2014-07-10,0.5707418322563171
2014-07-11,0.6618273258209229
2014-07-12,0.7979418039321899
2014-07-13,0.8063867092132568
2014-07-14,0.7268155813217163
2014-07-15,1.1105718612670898
2014-07-16,3.5067954063415527
2014-07-17,6.937551021575928
2014-07-18,6.88692045211792
2014-07-19,4.68302059173584
2014-07-20,2.9094038009643555
2014-07-21,2.5597786903381348
2014-07-22,5.077960014343262
2014-07-23,8.71658992767334
2014-07-24,7.695655345916748
2014-07-25,5.823474407196045
2014-07-26,5.371403694152832
2014-07-27,5.081955432891846
2014-07-28,4.390331268310547
2014-07-29,3.847196578979492
2014-07-30,3.084981918334961
2014-07-31,2.3704638481140137
2014-08-01,2.1357648372650146
2014-08-02,3.210869312286377
2014-08-03,5.257650375366211
2014-08-04,5.433390140533447
2014-08-05,4.32331657409668
2014-08-06,3.157599449157715
2014-08-07,2.334291696548462
2014-08-08,1.8095141649246216
2014-08-09,1.8886032104492188
2014-08-10,3.8694605827331543
2014-08-11,7.5586419105529785
2014-08-12,11.042057037353516
2014-08-13,17.663734436035156
2014-08-14,23.04916000366211
2014-08-15,19.721967697143555
2014-08-16,13.308859825134277
2014-08-17,8.420077323913574
2014-08-18,5.623189926147461
2014-08-19,4.6579155921936035
2014-08-20,5.2439351081848145
2014-08-21,5.9704508781433105
2014-08-22,5.928589344024658
2014-08-23,5.161778450012207
2014-08-24,4.601093292236328
2014-08-25,4.095517158508301
2014-08-26,3.4000840187072754
2014-08-27,2.749138355255127
2014-08-28,2.266416549682617
2014-08-29,1.9301165342330933
2014-08-30,1.7102646827697754
2014-08-31,1.5465428829193115
2014-09-01,1.3872520923614502
2014-09-02,1.2406846284866333
2014-09-03,1.1295193433761597
2014-09-04,1.0711091756820679
2014-09-05,1.1727513074874878
2014-09-06,1.3965297937393188
2014-09-07,1.4649451971054077
2014-09-08,1.4948177337646484
2014-09-09,1.9096229076385498
2014-09-10,2.609196186065674
2014-09-11,2.659562826156616
2014-09-12,2.264394521713257
2014-09-13,1.9293268918991089
2014-09-14,1.7638169527053833
2014-09-15,1.6437333822250366
2014-09-16,1.5124647617340088
2014-09-17,1.3973113298416138
2014-09-18,1.318474531173706
2014-09-19,1.2493994235992432
2014-09-20,1.1607205867767334
2014-09-21,1.0714446306228638
2014-09-22,0.9896036386489868
2014-09-23,0.9296940565109253
2014-09-24,1.2935938835144043
2014-09-25,3.425652027130127
2014-09-26,6.618051528930664
2014-09-27,7.076302528381348
2014-09-28,5.594448089599609
2014-09-29,4.036380767822266
2014-09-30,3.089073419570923
2014-10-01,2.5633599758148193
2014-10-02,2.168221950531006
2014-10-03,1.8776590824127197
2014-10-04,1.677117109298706
2014-10-05,1.5395292043685913
2014-10-06,1.4253528118133545
2014-10-07,1.3146988153457642
2014-10-08,1.2113286256790161
2014-10-09,1.1264050006866455
2014-10-10,1.071258544921875
2014-10-11,1.2188403606414795
2014-10-12,1.773537516593933
2014-10-13,2.3134055137634277
2014-10-14,2.4157607555389404
2014-10-15,2.7848455905914307
2014-10-16,4.942349433898926
2014-10-17,7.105019569396973
2014-10-18,6.4048590660095215
2014-10-19,4.786090850830078
2014-10-20,3.5314786434173584
2014-10-21,2.74847412109375
2014-10-22,2.260043144226074
2014-10-23,1.9321578741073608
2014-10-24,1.7025080919265747
2014-10-25,1.539530873298645
2014-10-26,1.4176219701766968
2014-10-27,1.3230760097503662
2014-10-28,1.2734692096710205
2014-10-29,1.2173738479614258
2014-10-30,1.1526110172271729
2014-10-31,1.1164518594741821
2014-11-01,1.1371334791183472
2014-11-02,1.3596712350845337
2014-11-03,1.6854194402694702
2014-11-04,1.7551213502883911
2014-11-05,1.6628397703170776
2014-11-06,1.553220510482788
2014-11-07,1.542885184288025
2014-11-08,1.6145942211151123
2014-11-09,1.591381311416626
2014-11-10,1.5148038864135742
2014-11-11,1.4586299657821655
2014-11-12,1.4077718257904053
2014-11-13,1.3529366254806519
2014-11-14,1.3110780715942383
2014-11-15,1.2631645202636719
2014-11-16,1.2455631494522095
2014-11-17,1.2770947217941284
2014-11-18,1.4718401432037354
2014-11-19,1.789991855621338
2014-11-20,1.8415812253952026
2014-11-21,1.7226800918579102
2014-11-22,1.592180609703064
2014-11-23,1.5318219661712646
2014-11-24,1.6217340230941772
2014-11-25,2.1557750701904297
2014-11-26,4.370185375213623
2014-11-27,11.815195083618164
2014-11-28,19.69777488708496
2014-11-29,17.97831153869629
2014-11-30,12.759954452514648
2014-12-01,8.857521057128906
2014-12-02,6.538632392883301
2014-12-03,5.131440162658691
2014-12-04,4.274029731750488
2014-12-05,3.71602201461792
2014-12-06,3.333117723464966
2014-12-07,3.1051011085510254
2014-12-08,3.0413498878479004
2014-12-09,3.0263826847076416
2014-12-10,3.5938730239868164
2014-12-11,4.856956958770752
2014-12-12,5.284783363342285
2014-12-13,4.880936145782471
2014-12-14,4.31044864654541
2014-12-15,3.8251430988311768
2014-12-16,3.5284829139709473
2014-12-17,3.6473474502563477
2014-12-18,4.056910991668701
2014-12-19,3.9713778495788574
2014-12-20,3.6522326469421387
2014-12-21,3.380934000015259
2014-12-22,3.327843189239502
2014-12-23,3.8029534816741943
2014-12-24,9.00207805633545
2014-12-25,28.888103485107422
2014-12-26,49.3896598815918
2014-12-27,40.981422424316406
2014-12-28,26.96779441833496
2014-12-29,18.800430297851562
2014-12-30,18.40371322631836
2014-12-31,21.543899536132812
2015-01-01,19.067209243774414
2015-01-02,14.623886108398438
2015-01-03,11.31075668334961
2015-01-04,9.959674835205078
2015-01-05,10.48652458190918
2015-01-06,10.918149948120117
2015-01-07,9.916728019714355
2015-01-08,8.518567085266113
2015-01-09,7.377084255218506
2015-01-10,6.441682815551758
2015-01-11,5.737646102905273
2015-01-12,6.919904708862305
2015-01-13,14.648633003234863
2015-01-14,24.195308685302734
2015-01-15,23.63282012939453
2015-01-16,18.55641746520996
2015-01-17,14.227509498596191
2015-01-18,11.637907028198242
2015-01-19,11.371767044067383
2015-01-20,12.046637535095215
2015-01-21,11.16694164276123
2015-01-22,9.6615629196167
2015-01-23,8.445625305175781
2015-01-24,9.569622039794922
2015-01-25,14.618414878845215
2015-01-26,17.410717010498047
2015-01-27,16.223026275634766
2015-01-28,14.294649124145508
2015-01-29,12.066523551940918
2015-01-30,10.059659957885742
2015-01-31,8.691312789916992
2015-02-01,7.693530082702637
2015-02-02,7.188702583312988
2015-02-03,7.834039211273193
2015-02-04,8.593000411987305
2015-02-05,8.130047798156738
2015-02-06,7.36837911605835
2015-02-07,6.672060012817383
2015-02-08,6.098093032836914
2015-02-09,5.790465354919434
2015-02-10,6.828963279724121
2015-02-11,11.299619674682617
2015-02-12,14.967957496643066
2015-02-13,13.572677612304688
2015-02-14,11.114013671875
2015-02-15,9.002485275268555
2015-02-16,7.641312122344971
2015-02-17,6.8413543701171875
2015-02-18,6.628288745880127
2015-02-19,6.59234619140625
2015-02-20,6.335566997528076
2015-02-21,5.902304172515869
2015-02-22,5.845518112182617
2015-02-23,6.688356399536133
2015-02-24,8.073373794555664
2015-02-25,8.430925369262695
2015-02-26,9.364853858947754
2015-02-27,13.892049789428711
2015-02-28,17.78114891052246
2015-03-01,17.530439376831055
2015-03-02,17.533061981201172
2015-03-03,21.497676849365234
2015-03-04,23.713899612426758
2015-03-05,27.856168746948242
2015-03-06,39.85450744628906
2015-03-07,46.6673698425293
2015-03-08,36.482505798339844
2015-03-09,27.195098876953125
2015-03-10,21.043354034423828
2015-03-11,17.006717681884766
2015-03-12,14.353081703186035
2015-03-13,12.551791191101074
2015-03-14,10.927752494812012
2015-03-15,10.653024673461914
2015-03-16,11.523276329040527
2015-03-17,10.85384750366211
2015-03-18,9.65401840209961
2015-03-19,8.596405982971191
2015-03-20,8.897754669189453
2015-03-21,11.665250778198242
2015-03-22,13.463058471679688
2015-03-23,12.572437286376953
2015-03-24,10.85802173614502
2015-03-25,9.276947021484375
2015-03-26,8.31966781616211
2015-03-27,8.55817699432373
2015-03-28,9.424760818481445
2015-03-29,9.886372566223145
2015-03-30,9.069414138793945
2015-03-31,8.413141250610352
2015-04-01,8.129932403564453
2015-04-02,7.511737823486328
2015-04-03,6.823631763458252
2015-04-04,6.26898193359375
2015-04-05,5.7622294425964355
2015-04-06,5.274310111999512
2015-04-07,4.933248996734619
2015-04-08,4.738197326660156
2015-04-09,5.111580848693848
2015-04-10,7.5034685134887695
2015-04-11,11.026664733886719
2015-04-12,11.46080207824707
2015-04-13,9.555412292480469
2015-04-14,7.832122802734375
2015-04-15,8.052393913269043
2015-04-16,11.805667877197266
2015-04-17,16.104000091552734
2015-04-18,16.202863693237305
2015-04-19,14.105073928833008
2015-04-20,21.266822814941406
2015-04-21,42.58860778808594
2015-04-22,47.86237716674805
2015-04-23,36.53862380981445
2015-04-24,25.084068298339844
2015-04-25,17.296838760375977
2015-04-26,13.15866470336914
2015-04-27,11.915582656860352
2015-04-28,11.02830982208252
2015-04-29,9.594122886657715
2015-04-30,8.331128120422363
2015-05-01,8.676509857177734
2015-05-02,12.356273651123047
2015-05-03,15.411935806274414
2015-05-04,14.064373970031738
2015-05-05,11.174156188964844
2015-05-06,8.774197578430176
2015-05-07,7.101984024047852
2015-05-08,5.9593963623046875
2015-05-09,5.166670322418213
2015-05-10,4.658682823181152
2015-05-11,4.525884628295898
2015-05-12,4.600247383117676
2015-05-13,4.44429874420166
2015-05-14,4.023555278778076
2015-05-15,3.5203590393066406
2015-05-16,3.145056962966919
2015-05-17,2.877927303314209
2015-05-18,2.631725549697876
2015-05-19,2.453253746032715
2015-05-20,2.4857354164123535
2015-05-21,2.687509298324585
2015-05-22,2.816089630126953
2015-05-23,2.8190367221832275
2015-05-24,2.540860414505005
2015-05-25,2.2447052001953125
2015-05-26,2.0144004821777344
2015-05-27,1.818203091621399
2015-05-28,1.7230600118637085
2015-05-29,1.7278926372528076
2015-05-30,1.6561129093170166
2015-05-31,1.525655746459961
2015-06-01,1.4033399820327759
2015-06-02,1.3908427953720093
2015-06-03,1.576299786567688
2015-06-04,1.7944800853729248
2015-06-05,1.8462269306182861
2015-06-06,1.7588764429092407
2015-06-07,1.6001936197280884
2015-06-08,1.4146109819412231
2015-06-09,1.3116977214813232
2015-06-10,1.4699985980987549
2015-06-11,1.7318975925445557
2015-06-12,1.6710209846496582
2015-06-13,1.445257306098938
2015-06-14,1.2542906999588013
2015-06-15,1.1041027307510376
2015-06-16,0.9773327112197876
2015-06-17,0.88621985912323
2015-06-18,0.874993085861206
2015-06-19,1.265470027923584
2015-06-20,2.5281596183776855
2015-06-21,3.4944684505462646
2015-06-22,3.119056224822998
2015-06-23,2.3283464908599854
2015-06-24,1.692558765411377
2015-06-25,1.34092378616333
2015-06-26,1.3817055225372314
2015-06-27,3.4878339767456055
2015-06-28,8.781331062316895
2015-06-29,10.655996322631836
2015-06-30,7.656496047973633
2015-07-01,4.894165992736816
2015-07-02,3.501915454864502
2015-07-03,2.833277702331543
2015-07-04,2.89644193649292
2015-07-05,3.5082428455352783
2015-07-06,4.306439399719238
2015-07-07,5.166382789611816
2015-07-08,4.960784912109375
2015-07-09,3.8843743801116943
2015-07-10,2.9140918254852295
2015-07-11,2.2897844314575195
2015-07-12,1.8160765171051025
2015-07-13,1.5713242292404175
2015-07-14,1.989999771118164
2015-07-15,2.8948628902435303
2015-07-16,3.0283102989196777
2015-07-17,2.4809741973876953
2015-07-18,1.9002282619476318
2015-07-19,1.6270300149917603
2015-07-20,1.7309850454330444
2015-07-21,1.8814787864685059
2015-07-22,1.917444109916687
2015-07-23,1.9923750162124634
2015-07-24,2.133148670196533
2015-07-25,2.3209400177001953
2015-07-26,2.0732789039611816
2015-07-27,1.638270616531372
2015-07-28,1.2944711446762085
2015-07-29,1.0981650352478027
2015-07-30,0.9817651510238647
2015-07-31,0.8912720084190369
2015-08-01,0.8170760273933411
2015-08-02,0.7364053726196289
2015-08-03,0.6529529094696045
2015-08-04,0.5850836038589478
2015-08-05,0.5340322256088257
2015-08-06,0.5143029689788818
2015-08-07,0.5947718024253845
2015-08-08,0.7767336964607239
2015-08-09,0.8438987135887146
2015-08-10,0.7778802514076233
2015-08-11,0.7091168761253357
2015-08-12,0.7305203676223755
2015-08-13,0.8246841430664062
2015-08-14,0.8080282807350159
2015-08-15,0.7092511653900146
2015-08-16,0.6116665005683899
2015-08-17,0.5342808961868286
2015-08-18,0.4824977219104767
2015-08-19,0.47598302364349365
2015-08-20,0.5357441902160645
2015-08-21,0.6177539825439453
2015-08-22,0.6251622438430786
2015-08-23,0.5595056414604187
2015-08-24,0.5041176080703735
2015-08-25,0.5382635593414307
2015-08-26,0.6175824403762817
2015-08-27,0.6031055450439453
2015-08-28,0.5394277572631836
2015-08-29,0.47577404975891113
2015-08-30,0.4262283444404602
2015-08-31,0.4936225712299347
2015-09-01,0.8677545189857483
2015-09-02,1.2274236679077148
2015-09-03,1.1459118127822876
2015-09-04,1.032072901725769
2015-09-05,0.997990608215332
2015-09-06,0.8831895589828491
2015-09-07,0.7466833591461182
2015-09-08,0.6390835046768188
2015-09-09,0.5708640813827515
2015-09-10,0.5660313963890076
2015-09-11,0.6389536261558533
2015-09-12,0.7186509370803833
2015-09-13,0.7422429919242859
2015-09-14,0.7138710618019104
2015-09-15,0.6425219178199768
2015-09-16,0.5624351501464844
2015-09-17,0.4941640794277191
2015-09-18,0.4440194070339203
2015-09-19,0.40727344155311584
2015-09-20,0.37596842646598816
2015-09-21,0.35163459181785583
2015-09-22,0.3370150923728943
2015-09-23,0.3283490538597107
2015-09-24,0.3155297636985779
2015-09-25,0.403592586517334
2015-09-26,1.0489500761032104
2015-09-27,2.4817757606506348
2015-09-28,3.5534210205078125
2015-09-29,3.9179930686950684
2015-09-30,4.257097244262695
2015-10-01,4.628355026245117
2015-10-02,5.976353168487549
2015-10-03,20.97551727294922
2015-10-04,49.44987106323242
2015-10-05,50.11983871459961
2015-10-06,36.90810775756836
2015-10-07,23.316930770874023
2015-10-08,14.322948455810547
2015-10-09,9.277137756347656
2015-10-10,6.6232428550720215
2015-10-11,5.474515914916992
2015-10-12,5.034884452819824
2015-10-13,4.334433078765869
2015-10-14,3.6494178771972656
2015-10-15,3.0833499431610107
2015-10-16,2.679450035095215
2015-10-17,2.409727096557617
2015-10-18,2.1922152042388916
2015-10-19,2.0209295749664307
2015-10-20,1.8840911388397217
2015-10-21,1.7922148704528809
2015-10-22,1.7121257781982422
2015-10-23,1.6328741312026978
2015-10-24,1.5311002731323242
2015-10-25,1.4484572410583496
2015-10-26,1.4093588590621948
2015-10-27,1.3937170505523682
2015-10-28,1.8422248363494873
2015-10-29,3.5706944465637207
2015-10-30,5.364676475524902
2015-10-31,5.131535530090332
2015-11-01,4.176026344299316
2015-11-02,6.593835830688477
2015-11-03,19.49664878845215
2015-11-04,33.33585739135742
2015-11-05,30.06513023376465
2015-11-06,21.33363914489746
2015-11-07,15.324325561523438
2015-11-08,13.974976539611816
2015-11-09,17.052059173583984
2015-11-10,27.230012893676758
2015-11-11,40.90606689453125
2015-11-12,39.381038665771484
2015-11-13,28.630416870117188
2015-11-14,19.336193084716797
2015-11-15,13.591167449951172
2015-11-16,10.182387351989746
2015-11-17,8.199795722961426
2015-11-18,7.019234657287598
2015-11-19,8.727917671203613
2015-11-20,20.643451690673828
2015-11-21,35.24513626098633
2015-11-22,30.74234962463379
2015-11-23,21.77692985534668
2015-11-24,15.397762298583984
2015-11-25,11.391782760620117
2015-11-26,9.06046199798584
2015-11-27,7.657742977142334
2015-11-28,6.712747097015381
2015-11-29,6.046370506286621
2015-11-30,5.997863292694092
2015-12-01,8.379399299621582
2015-12-02,13.001935958862305
2015-12-03,14.607004165649414
2015-12-04,13.809072494506836
2015-12-05,11.589254379272461
2015-12-06,9.491397857666016
2015-12-07,7.990631103515625
2015-12-08,7.001002311706543
2015-12-09,6.37386417388916
2015-12-10,5.912727355957031
2015-12-11,5.515263557434082
2015-12-12,5.205886363983154
2015-12-13,4.948484897613525
2015-12-14,4.716455936431885
2015-12-15,4.631626605987549
2015-12-16,4.676455020904541
2015-12-17,5.279463768005371
2015-12-18,10.168100357055664
2015-12-19,18.747713088989258
2015-12-20,19.420074462890625
2015-12-21,15.256896018981934
2015-12-22,13.062875747680664
2015-12-23,34.66388702392578
2015-12-24,95.6690673828125
2015-12-25,117.74842834472656
2015-12-26,89.93279266357422
2015-12-27,57.58625411987305
2015-12-28,37.13637924194336
2015-12-29,26.728992462158203
2015-12-30,33.11048126220703
2015-12-31,67.22917175292969
2016-01-01,95.38966369628906
2016-01-02,84.70234680175781
2016-01-03,57.54027557373047
2016-01-04,37.23418045043945
2016-01-05,25.870145797729492
2016-01-06,19.737035751342773
2016-01-07,15.281462669372559
2016-01-08,12.394916534423828
2016-01-09,10.694046974182129
2016-01-10,9.967653274536133
2016-01-11,10.116399765014648
2016-01-12,10.240771293640137
2016-01-13,9.553540229797363
2016-01-14,8.701556205749512
2016-01-15,8.028585433959961
2016-01-16,8.026474952697754
2016-01-17,8.934520721435547
2016-01-18,9.482866287231445
2016-01-19,9.446357727050781
2016-01-20,8.790760040283203
2016-01-21,7.92098331451416
2016-01-22,7.320853233337402
2016-01-23,7.609119415283203
2016-01-24,9.168350219726562
2016-01-25,10.820286750793457
2016-01-26,12.461066246032715
2016-01-27,14.159163475036621
2016-01-28,15.439813613891602
2016-01-29,15.169756889343262
2016-01-30,13.781183242797852
2016-01-31,12.082176208496094
2016-02-01,10.887701034545898
2016-02-02,10.040570259094238
2016-02-03,9.99675178527832
2016-02-04,16.062820434570312
2016-02-05,31.290668487548828
2016-02-06,38.14053726196289
2016-02-07,31.65513801574707
2016-02-08,23.7974853515625
2016-02-09,18.38759994506836
2016-02-10,15.078145980834961
2016-02-11,12.827674865722656
2016-02-12,11.023545265197754
2016-02-13,9.66989517211914
2016-02-14,8.781750679016113
2016-02-15,7.987067222595215
2016-02-16,11.678184509277344
2016-02-17,27.752784729003906
2016-02-18,39.88679885864258
2016-02-19,35.5273551940918
2016-02-20,26.4456787109375
2016-02-21,19.800905227661133
2016-02-22,15.871517181396484
2016-02-23,15.10739803314209
2016-02-24,23.30022621154785
2016-02-25,40.48985290527344
2016-02-26,45.4188346862793
2016-02-27,35.35896301269531
2016-02-28,25.093807220458984
2016-02-29,18.765769958496094
2016-03-01,15.239409446716309
2016-03-02,13.031559944152832
2016-03-03,11.655879974365234
2016-03-04,10.577503204345703
2016-03-05,9.748138427734375
2016-03-06,9.069259643554688
2016-03-07,8.468911170959473
2016-03-08,7.981962203979492
2016-03-09,7.609312057495117
2016-03-10,7.263535976409912
2016-03-11,6.92317533493042
2016-03-12,6.547835350036621
2016-03-13,6.26226806640625
2016-03-14,7.24061918258667
2016-03-15,13.47176742553711
2016-03-16,24.118682861328125
2016-03-17,25.938613891601562
2016-03-18,21.50188446044922
2016-03-19,16.491207122802734
2016-03-20,12.84826374053955
2016-03-21,10.474319458007812
2016-03-22,9.214235305786133
2016-03-23,8.236836433410645
2016-03-24,7.5373759269714355
2016-03-25,6.974565505981445
2016-03-26,6.5226569175720215
2016-03-27,6.659327507019043
2016-03-28,12.296646118164062
2016-03-29,24.72446632385254
2016-03-30,24.534427642822266
2016-03-31,18.81747817993164
2016-04-01,14.566661834716797
2016-04-02,13.298377990722656
2016-04-03,14.23376750946045
2016-04-04,13.937858581542969
2016-04-05,11.84889030456543
2016-04-06,9.847777366638184
2016-04-07,8.40650463104248
2016-04-08,7.607727527618408
2016-04-09,7.002435207366943
2016-04-10,6.369016647338867
2016-04-11,5.78792667388916
2016-04-12,5.665764808654785
2016-04-13,6.5966796875
2016-04-14,8.07539176940918
2016-04-15,7.79616641998291
2016-04-16,6.920112133026123
2016-04-17,6.113207817077637
2016-04-18,5.508552551269531
2016-04-19,5.110299110412598
2016-04-20,4.776745796203613
2016-04-21,4.426334857940674
2016-04-22,4.280666351318359
2016-04-23,5.412684440612793
2016-04-24,8.013328552246094
2016-04-25,8.612503051757812
2016-04-26,7.589038848876953
2016-04-27,6.407623291015625
2016-04-28,5.979731559753418
2016-04-29,7.331690788269043
2016-04-30,8.68691635131836
2016-05-01,8.08741283416748
2016-05-02,7.349212646484375
2016-05-03,8.20278549194336
2016-05-04,11.908967971801758
2016-05-05,15.801362991333008
2016-05-06,19.844738006591797
2016-05-07,27.784934997558594
2016-05-08,27.49945068359375
2016-05-09,20.710725784301758
2016-05-10,14.522443771362305
2016-05-11,10.779080390930176
2016-05-12,8.494077682495117
2016-05-13,7.4244608879089355
2016-05-14,8.016071319580078
2016-05-15,8.5820951461792
2016-05-16,7.560242652893066
2016-05-17,6.298535346984863
2016-05-18,5.952505111694336
2016-05-19,6.416464805603027
2016-05-20,6.637876033782959
2016-05-21,6.609519004821777
2016-05-22,6.8598504066467285
2016-05-23,7.482658386230469
2016-05-24,7.414025783538818
2016-05-25,6.661009788513184
2016-05-26,5.588809013366699
2016-05-27,4.648063659667969
2016-05-28,3.9480602741241455
2016-05-29,3.7438182830810547
2016-05-30,5.419332027435303
2016-05-31,8.751822471618652
2016-06-01,9.351282119750977
2016-06-02,7.917863368988037
2016-06-03,6.188083171844482
2016-06-04,5.126743316650391
2016-06-05,5.745540618896484
2016-06-06,8.967392921447754
2016-06-07,12.989823341369629
2016-06-08,14.633590698242188
2016-06-09,12.636781692504883
2016-06-10,9.094618797302246
2016-06-11,6.445156097412109
2016-06-12,4.842272758483887
2016-06-13,3.862212657928467
2016-06-14,3.1940736770629883
2016-06-15,2.745408535003662
2016-06-16,2.6817657947540283
2016-06-17,2.994380474090576
2016-06-18,3.085310220718384
2016-06-19,2.8345236778259277
2016-06-20,2.432142496109009
2016-06-21,2.100515604019165
2016-06-22,1.8680148124694824
2016-06-23,1.7998898029327393
2016-06-24,2.2739901542663574
2016-06-25,3.5551371574401855
2016-06-26,4.198104381561279
2016-06-27,3.6591129302978516
2016-06-28,3.1281373500823975
2016-06-29,4.422756195068359
2016-06-30,7.430972576141357
2016-07-01,8.579572677612305
2016-07-02,8.45080852508545
2016-07-03,9.681217193603516
2016-07-04,16.40665054321289
2016-07-05,21.741500854492188
2016-07-06,20.28997039794922
2016-07-07,16.430898666381836
2016-07-08,12.1809720993042
2016-07-09,8.985102653503418
2016-07-10,7.133549690246582
2016-07-11,5.972811698913574
2016-07-12,4.952869892120361
2016-07-13,4.471344947814941
2016-07-14,4.306171417236328
2016-07-15,4.136105537414551
2016-07-16,4.896877765655518
2016-07-17,9.212413787841797
2016-07-18,16.4332275390625
2016-07-19,18.023666381835938
2016-07-20,13.86915397644043
2016-07-21,9.36989688873291
2016-07-22,6.462606906890869
2016-07-23,4.6603922843933105
2016-07-24,3.587632656097412
2016-07-25,2.9125564098358154
2016-07-26,2.475162982940674
2016-07-27,2.2484562397003174
2016-07-28,2.310373306274414
2016-07-29,2.4499340057373047
2016-07-30,2.23714280128479
2016-07-31,2.004702091217041
2016-08-01,2.6932060718536377
2016-08-02,5.797757148742676
2016-08-03,9.100439071655273
2016-08-04,9.54277515411377
2016-08-05,9.40976333618164
2016-08-06,11.735420227050781
2016-08-07,13.908171653747559
2016-08-08,11.979702949523926
2016-08-09,10.873709678649902
2016-08-10,10.780272483825684
2016-08-11,8.895868301391602
2016-08-12,6.520035743713379
2016-08-13,4.719762802124023
2016-08-14,3.5756962299346924
2016-08-15,2.8525850772857666
2016-08-16,2.381837844848633
2016-08-17,2.0448031425476074
2016-08-18,1.8035014867782593
2016-08-19,1.6599876880645752
2016-08-20,1.6475459337234497
2016-08-21,1.745376467704773
2016-08-22,1.7877376079559326
2016-08-23,1.6864230632781982
2016-08-24,1.5058355331420898
2016-08-25,1.34068763256073
2016-08-26,1.219938039779663
2016-08-27,1.1304643154144287
2016-08-28,1.1135624647140503
2016-08-29,1.1247904300689697
2016-08-30,1.0637235641479492
2016-08-31,0.9716968536376953
2016-09-01,0.9054309725761414
2016-09-02,0.9563470482826233
2016-09-03,1.4722830057144165
2016-09-04,2.5615758895874023
2016-09-05,2.83512282371521
2016-09-06,2.376518964767456
2016-09-07,1.8583780527114868
2016-09-08,1.4915229082107544
2016-09-09,1.253910779953003
2016-09-10,1.0824661254882812
2016-09-11,0.9589341878890991
2016-09-12,0.872296929359436
2016-09-13,0.8086353540420532
2016-09-14,0.7573665380477905
2016-09-15,0.7085676193237305
2016-09-16,0.6644017100334167
2016-09-17,0.6328558921813965
2016-09-18,0.6148149967193604
2016-09-19,0.8723823428153992
2016-09-20,2.0997562408447266
2016-09-21,3.6179428100585938
2016-09-22,4.2594313621521
2016-09-23,4.865389823913574
2016-09-24,4.466989517211914
2016-09-25,3.475165843963623
2016-09-26,2.617720365524292
2016-09-27,2.1192989349365234
2016-09-28,2.0651137828826904
2016-09-29,3.1947181224823
2016-09-30,7.884486675262451
2016-10-01,12.93105411529541
2016-10-02,11.14529800415039
2016-10-03,7.041590690612793
2016-10-04,4.45751428604126
2016-10-05,3.183784246444702
2016-10-06,2.547825813293457
2016-10-07,2.235128164291382
2016-10-08,15.48717212677002
2016-10-09,97.61717224121094
2016-10-10,198.36366271972656
2016-10-11,131.56143188476562
2016-10-12,66.08646392822266
2016-10-13,34.55866241455078
2016-10-14,20.313262939453125
2016-10-15,13.528777122497559
2016-10-16,9.950708389282227
2016-10-17,7.890873432159424
2016-10-18,6.629335403442383
2016-10-19,5.703647613525391
2016-10-20,4.9953999519348145
2016-10-21,4.462775707244873
2016-10-22,4.049615859985352
2016-10-23,3.7053866386413574
2016-10-24,3.403305768966675
2016-10-25,3.1449716091156006
2016-10-26,2.9111900329589844
2016-10-27,2.754363536834717
2016-10-28,2.63881254196167
2016-10-29,2.546618938446045
2016-10-30,2.4817941188812256
2016-10-31,2.363615036010742
2016-11-01,2.2398147583007812
2016-11-02,2.1935806274414062
2016-11-03,2.1760149002075195
2016-11-04,2.1425082683563232
2016-11-05,2.082498550415039
2016-11-06,2.03867244720459
2016-11-07,1.9977269172668457
2016-11-08,1.9457378387451172
2016-11-09,1.9284162521362305
2016-11-10,1.8786556720733643
2016-11-11,1.8337022066116333
2016-11-12,1.7962136268615723
2016-11-13,1.755901575088501
2016-11-14,1.7856379747390747
2016-11-15,1.9565359354019165
2016-11-16,2.229936361312866
2016-11-17,2.246194362640381
2016-11-18,2.1596903800964355
2016-11-19,2.113511323928833
2016-11-20,2.046710729598999
2016-11-21,1.931071162223816
2016-11-22,1.8704630136489868
2016-11-23,1.8358139991760254
2016-11-24,1.8178040981292725
2016-11-25,1.8352351188659668
2016-11-26,1.870701551437378
2016-11-27,1.8299087285995483
2016-11-28,1.7982407808303833
2016-11-29,1.78230881690979
2016-11-30,1.7925238609313965
2016-12-01,1.8619332313537598
2016-12-02,1.918306589126587
2016-12-03,1.8946911096572876
2016-12-04,1.8434600830078125
2016-12-05,1.986055612564087
2016-12-06,2.629270315170288
2016-12-07,3.7522525787353516
2016-12-08,4.636087417602539
2016-12-09,4.306670188903809
2016-12-10,3.69417142868042
2016-12-11,3.23209810256958
2016-12-12,2.917090654373169
2016-12-13,2.7147040367126465
2016-12-14,2.604351043701172
2016-12-15,2.4771127700805664
2016-12-16,2.3740391731262207
2016-12-17,2.3097450733184814
2016-12-18,2.309627056121826
2016-12-19,2.4751036167144775
2016-12-20,2.7942488193511963
2016-12-21,3.023568868637085
2016-12-22,2.966974973678589
2016-12-23,2.8094534873962402
2016-12-24,2.627423048019409
2016-12-25,2.52580189704895
2016-12-26,2.470750570297241
2016-12-27,2.4193482398986816
2016-12-28,2.401315450668335
2016-12-29,2.440438747406006
2016-12-30,2.6113715171813965
2016-12-31,2.7921838760375977
2017-01-01,2.801274061203003
2017-01-02,4.965015411376953
2017-01-03,13.366193771362305
2017-01-04,21.484577178955078
2017-01-05,20.369224548339844
2017-01-06,14.872432708740234
2017-01-07,10.754119873046875
2017-01-08,9.376474380493164
2017-01-09,8.790460586547852
2017-01-10,7.751669883728027
2017-01-11,7.158288478851318
2017-01-12,7.593319892883301
2017-01-13,8.900135040283203
2017-01-14,9.316781997680664
2017-01-15,8.484777450561523
2017-01-16,7.477448463439941
2017-01-17,6.642508506774902
2017-01-18,6.114429473876953
2017-01-19,5.742074489593506
2017-01-20,5.285770893096924
2017-01-21,5.041333198547363
2017-01-22,5.476269721984863
2017-01-23,8.593656539916992
2017-01-24,16.162769317626953
2017-01-25,19.208099365234375
2017-01-26,15.914695739746094
2017-01-27,12.189958572387695
2017-01-28,9.516529083251953
2017-01-29,7.767841339111328
2017-01-30,6.642038345336914
2017-01-31,5.895033836364746
2017-02-01,5.367641448974609
2017-02-02,4.967472076416016
2017-02-03,4.638164043426514
2017-02-04,4.425267219543457
2017-02-05,4.329856872558594
2017-02-06,4.17448616027832
2017-02-07,4.028700351715088
2017-02-08,3.949310779571533
2017-02-09,4.189517974853516
2017-02-10,5.019354820251465
2017-02-11,5.376092433929443
2017-02-12,5.097014904022217
2017-02-13,4.717750549316406
2017-02-14,4.416921615600586
2017-02-15,4.2116241455078125
2017-02-16,4.438647270202637
2017-02-17,4.830090522766113
2017-02-18,4.695680141448975
2017-02-19,4.387754440307617
2017-02-20,4.102720737457275
2017-02-21,3.831428050994873
2017-02-22,3.609241008758545
2017-02-23,3.448880434036255
2017-02-24,3.3148486614227295
2017-02-25,3.201570749282837
2017-02-26,3.1015427112579346
2017-02-27,2.994340419769287
2017-02-28,2.8927345275878906
2017-03-01,2.8162484169006348
2017-03-02,3.5385258197784424
2017-03-03,6.070522308349609
2017-03-04,7.406064510345459
2017-03-05,6.714134216308594
2017-03-06,5.625034332275391
2017-03-07,4.793333530426025
2017-03-08,4.245045185089111
2017-03-09,3.8816514015197754
2017-03-10,3.5974793434143066
2017-03-11,3.3632431030273438
2017-03-12,3.1225812435150146
2017-03-13,2.946467876434326
2017-03-14,3.450324535369873
2017-03-15,5.398083209991455
2017-03-16,6.667422294616699
2017-03-17,6.268558979034424
2017-03-18,5.5381245613098145
2017-03-19,5.2823100090026855
2017-03-20,5.3343353271484375
2017-03-21,5.00935697555542
2017-03-22,4.660345554351807
2017-03-23,4.46151065826416
2017-03-24,4.188051223754883
2017-03-25,3.8737075328826904
2017-03-26,3.6201672554016113
2017-03-27,3.4145946502685547
2017-03-28,3.279968500137329
2017-03-29,3.2273061275482178
2017-03-30,3.1495680809020996
2017-03-31,3.2493088245391846
2017-04-01,4.1493024826049805
2017-04-02,5.183290481567383
2017-04-03,5.052195072174072
2017-04-04,4.870310306549072
2017-04-05,5.539921760559082
2017-04-06,6.593275547027588
2017-04-07,7.651411056518555
2017-04-08,7.450204849243164
2017-04-09,6.30861234664917
2017-04-10,5.167263507843018
2017-04-11,4.365009307861328
2017-04-12,3.7992019653320312
2017-04-13,3.352262496948242
2017-04-14,3.0109474658966064
2017-04-15,2.7541344165802
2017-04-16,2.559906482696533
2017-04-17,2.3932723999023438
2017-04-18,2.243140935897827
2017-04-19,2.129077434539795
2017-04-20,2.048757553100586
2017-04-21,1.97786545753479
2017-04-22,1.936920404434204
2017-04-23,2.0978167057037354
2017-04-24,7.255447864532471
2017-04-25,45.74622344970703
2017-04-26,124.90231323242188
2017-04-27,137.7291717529297
2017-04-28,92.39250183105469
2017-04-29,50.651371002197266
2017-04-30,29.02312660217285
2017-05-01,18.39455795288086
2017-05-02,13.402097702026367
2017-05-03,11.34522819519043
2017-05-04,9.71877670288086
2017-05-05,10.711725234985352
2017-05-06,19.667993545532227
2017-05-07,26.076425552368164
2017-05-08,21.932044982910156
2017-05-09,15.602395057678223
2017-05-10,11.33127212524414
2017-05-11,9.843206405639648
2017-05-12,9.233161926269531
2017-05-13,8.592840194702148
2017-05-14,8.815140724182129
2017-05-15,8.871063232421875
2017-05-16,7.665613174438477
2017-05-17,6.237747669219971
2017-05-18,5.134002685546875
2017-05-19,4.3201375007629395
2017-05-20,3.759969711303711
2017-05-21,3.3958137035369873
2017-05-22,3.1216559410095215
2017-05-23,3.6888322830200195
2017-05-24,7.42619514465332
2017-05-25,14.563702583312988
2017-05-26,20.16803741455078
2017-05-27,19.555601119995117
2017-05-28,14.519620895385742
2017-05-29,10.042914390563965
2017-05-30,7.454252243041992
2017-05-31,5.990634918212891
2017-06-01,5.192907810211182
2017-06-02,4.476484298706055
2017-06-03,3.8471105098724365
2017-06-04,3.3016486167907715
2017-06-05,3.2452642917633057
2017-06-06,5.284546852111816
2017-06-07,9.607839584350586
2017-06-08,10.604728698730469
2017-06-09,8.509448051452637
2017-06-10,6.204538345336914
2017-06-11,4.6107916831970215
2017-06-12,3.6050596237182617
2017-06-13,2.946925640106201
2017-06-14,2.5065674781799316
2017-06-15,2.2303450107574463
2017-06-16,2.225085973739624
2017-06-17,3.1596360206604004
2017-06-18,5.531444072723389
2017-06-19,7.157941818237305
2017-06-20,7.579504489898682
2017-06-21,12.67393970489502
2017-06-22,19.602256774902344
2017-06-23,18.313932418823242
2017-06-24,13.32036018371582
2017-06-25,11.324396133422852
2017-06-26,11.601795196533203
2017-06-27,9.66843032836914
2017-06-28,7.009247779846191
2017-06-29,5.107102870941162
2017-06-30,4.047549247741699
2017-07-01,3.953890800476074
2017-07-02,4.20308256149292
2017-07-03,3.7049641609191895
2017-07-04,3.159367322921753
2017-07-05,3.034756660461426
2017-07-06,3.373321533203125
2017-07-07,3.666562080383301
2017-07-08,3.414940595626831
2017-07-09,2.986604690551758
2017-07-10,2.690868854522705
2017-07-11,2.380249500274658
2017-07-12,2.0426266193389893
2017-07-13,1.746020793914795
2017-07-14,1.5342817306518555
2017-07-15,1.4054594039916992
2017-07-16,1.3380197286605835
2017-07-17,1.3530350923538208
2017-07-18,1.5137590169906616
2017-07-19,1.7263070344924927
2017-07-20,1.762388825416565
2017-07-21,1.6124763488769531
2017-07-22,1.3789403438568115
2017-07-23,1.3077216148376465
2017-07-24,1.8480658531188965
2017-07-25,2.7112507820129395
2017-07-26,2.651860475540161
2017-07-27,2.0890798568725586
2017-07-28,1.6334428787231445
2017-07-29,1.4767251014709473
2017-07-30,1.520522952079773
2017-07-31,1.4766426086425781
2017-08-01,1.2776213884353638
2017-08-02,1.079883098602295
2017-08-03,0.9408091902732849
2017-08-04,0.8399457931518555
2017-08-05,0.7703267335891724
2017-08-06,0.7283865809440613
2017-08-07,0.689647912979126
2017-08-08,0.7584387063980103
2017-08-09,1.136357307434082
2017-08-10,1.5406485795974731
2017-08-11,1.4822828769683838
2017-08-12,1.3682929277420044
2017-08-13,1.7223824262619019
2017-08-14,2.466215133666992
2017-08-15,2.828678846359253
2017-08-16,2.7422640323638916
2017-08-17,2.491849422454834
2017-08-18,2.10959529876709
2017-08-19,1.7939050197601318
2017-08-20,1.591877818107605
2017-08-21,1.413812279701233
2017-08-22,1.1898109912872314
2017-08-23,1.0082769393920898
2017-08-24,0.9119687080383301
2017-08-25,0.8704015016555786
2017-08-26,0.8339753746986389
2017-08-27,0.7841253280639648
2017-08-28,0.7221565246582031
2017-08-29,0.6746847033500671
2017-08-30,0.6705501675605774
2017-08-31,0.6869202852249146
2017-09-01,0.7425822019577026
2017-09-02,1.2585121393203735
2017-09-03,2.283761978149414
2017-09-04,2.574948787689209
2017-09-05,2.1009480953216553
2017-09-06,1.6243058443069458
2017-09-07,1.4231791496276855
2017-09-08,1.3940428495407104
2017-09-09,1.2488303184509277
2017-09-10,1.0685139894485474
2017-09-11,0.9402685165405273
2017-09-12,0.9189316034317017
2017-09-13,1.0809768438339233
2017-09-14,1.2612378597259521
2017-09-15,1.2016456127166748
2017-09-16,1.060722827911377
2017-09-17,0.9333505630493164
2017-09-18,0.8261232376098633
2017-09-19,0.7399989366531372
2017-09-20,0.6759282946586609
2017-09-21,0.6286602020263672
2017-09-22,0.5991629362106323
2017-09-23,0.5795626640319824
2017-09-24,0.549272358417511
2017-09-25,0.5137776136398315
2017-09-26,0.4866529703140259
2017-09-27,0.4732300639152527
2017-09-28,0.4582040309906006
2017-09-29,0.4344961941242218
2017-09-30,0.42211562395095825
2017-10-01,0.4110468327999115
2017-10-02,0.3961390256881714
2017-10-03,0.3863458037376404
2017-10-04,0.37801527976989746
2017-10-05,0.3699754476547241
2017-10-06,0.36148524284362793
2017-10-07,0.35859331488609314
2017-10-08,0.3797125220298767
2017-10-09,0.42459723353385925
2017-10-10,0.4758215546607971
2017-10-11,0.5340391993522644
2017-10-12,0.6488062143325806
2017-10-13,0.761066734790802
2017-10-14,0.7707085609436035
2017-10-15,0.7027279138565063
2017-10-16,0.6368640065193176
2017-10-17,0.6232504844665527
2017-10-18,0.6273638606071472
2017-10-19,0.5982935428619385
2017-10-20,0.5629475712776184
2017-10-21,0.53611820936203
2017-10-22,0.5094720125198364
2017-10-23,0.4900558590888977
2017-10-24,0.5919604897499084
2017-10-25,1.0035451650619507
2017-10-26,1.3516404628753662
2017-10-27,1.2769286632537842
2017-10-28,1.072816014289856
2017-10-29,0.9350242614746094
2017-10-30,1.0326942205429077
2017-10-31,1.2691795825958252
2017-11-01,1.243576169013977
2017-11-02,1.102934718132019
2017-11-03,0.9749439358711243
2017-11-04,0.8987324237823486
2017-11-05,0.8373793363571167
2017-11-06,0.7987253665924072
2017-11-07,0.7693221569061279
2017-11-08,0.756503701210022
2017-11-09,0.793830394744873
2017-11-10,0.9103013277053833
2017-11-11,1.0421899557113647
2017-11-12,1.0522394180297852
2017-11-13,1.0956815481185913
2017-11-14,1.376213550567627
2017-11-15,1.7067773342132568
2017-11-16,1.6845637559890747
2017-11-17,1.5137107372283936
2017-11-18,1.3350541591644287
2017-11-19,1.229706048965454
2017-11-20,1.143495798110962
2017-11-21,1.0933154821395874
2017-11-22,1.070849061012268
2017-11-23,1.0273902416229248
2017-11-24,0.9992022514343262
2017-11-25,0.9943915605545044
2017-11-26,0.9773213863372803
2017-11-27,0.9348519444465637
2017-11-28,0.9218889474868774
2017-11-29,0.9158201813697815
2017-11-30,0.9025486707687378
2017-12-01,0.8933870792388916
2017-12-02,0.8697915077209473
2017-12-03,0.8657832145690918
2017-12-04,0.8834272027015686
2017-12-05,0.8878695964813232
2017-12-06,0.9028826951980591
2017-12-07,0.9509788751602173
2017-12-08,1.0879740715026855
2017-12-09,1.7058546543121338
2017-12-10,3.191547155380249
2017-12-11,4.297717094421387
2017-12-12,4.182711601257324
2017-12-13,3.5198018550872803
2017-12-14,2.8526768684387207
2017-12-15,2.357241153717041
2017-12-16,2.024468421936035
2017-12-17,1.824985146522522
2017-12-18,1.7089142799377441
2017-12-19,1.6363887786865234
2017-12-20,1.6421747207641602
2017-12-21,1.8700071573257446
2017-12-22,2.3373570442199707
2017-12-23,2.385157585144043
2017-12-24,2.2065958976745605
2017-12-25,2.0179338455200195
2017-12-26,1.8304860591888428
2017-12-27,1.687427282333374
2017-12-28,1.5806074142456055
2017-12-29,1.5064504146575928
2017-12-30,1.445357322692871
2017-12-31,1.3875622749328613
2018-01-01,1.3217275142669678
2018-01-02,1.26383376121521
2018-01-03,1.2289533615112305
2018-01-04,1.2101292610168457
2018-01-05,1.1974334716796875
2018-01-06,1.1622834205627441
2018-01-07,1.115900993347168
2018-01-08,1.0963630676269531
2018-01-09,1.1314152479171753
2018-01-10,1.161421537399292
2018-01-11,1.1561397314071655
2018-01-12,1.2169075012207031
2018-01-13,1.5736359357833862
2018-01-14,2.509627342224121
2018-01-15,3.057979106903076
2018-01-16,2.8308308124542236
2018-01-17,2.5706076622009277
2018-01-18,2.9692163467407227
2018-01-19,3.7839813232421875
2018-01-20,3.8494200706481934
2018-01-21,3.764446258544922
2018-01-22,3.692213296890259
2018-01-23,3.9109230041503906
2018-01-24,5.497560977935791
2018-01-25,7.1525492668151855
2018-01-26,6.509904384613037
2018-01-27,5.113081932067871
2018-01-28,4.453569412231445
2018-01-29,8.19584846496582
2018-01-30,20.466875076293945
2018-01-31,28.339271545410156
2018-02-01,23.104877471923828
2018-02-02,15.947063446044922
2018-02-03,11.716785430908203
2018-02-04,10.017047882080078
2018-02-05,11.990623474121094
2018-02-06,16.130414962768555
2018-02-07,14.746685981750488
2018-02-08,12.541213989257812
2018-02-09,11.858062744140625
2018-02-10,10.087482452392578
2018-02-11,8.473469734191895
2018-02-12,7.9647393226623535
2018-02-13,7.675896644592285
2018-02-14,7.252096176147461
2018-02-15,6.5624895095825195
2018-02-16,5.922162055969238
2018-02-17,5.386682510375977
2018-02-18,4.916452407836914
2018-02-19,4.698245525360107
2018-02-20,4.656424045562744
2018-02-21,4.920699119567871
2018-02-22,4.867469310760498
2018-02-23,4.5884246826171875
2018-02-24,4.2548370361328125
2018-02-25,3.986380100250244
2018-02-26,3.7568204402923584
2018-02-27,3.6303927898406982
2018-02-28,3.667788028717041
2018-03-01,3.872023582458496
2018-03-02,5.523658752441406
2018-03-03,8.021883010864258
2018-03-04,7.818757057189941
2018-03-05,6.56904935836792
2018-03-06,5.537577152252197
2018-03-07,5.508339881896973
2018-03-08,6.625736236572266
2018-03-09,6.839550018310547
2018-03-10,6.209195613861084
2018-03-11,5.452367305755615
2018-03-12,6.25174617767334
2018-03-13,11.50987434387207
2018-03-14,17.364500045776367
2018-03-15,16.296337127685547
2018-03-16,12.682083129882812
2018-03-17,9.889886856079102
2018-03-18,8.01948356628418
2018-03-19,6.8850555419921875
2018-03-20,7.068394660949707
2018-03-21,11.479022026062012
2018-03-22,18.63898277282715
2018-03-23,19.47052001953125
2018-03-24,15.949298858642578
2018-03-25,14.747252464294434
2018-03-26,20.686307907104492
2018-03-27,23.165794372558594
2018-03-28,19.086755752563477
2018-03-29,14.906821250915527
2018-03-30,11.898332595825195
2018-03-31,9.82724380493164
2018-04-01,8.336758613586426
2018-04-02,7.176340103149414
2018-04-03,6.2875800132751465
2018-04-04,5.6189374923706055
2018-04-05,5.113840579986572
2018-04-06,4.666874408721924
2018-04-07,4.650861740112305
2018-04-08,6.63905143737793
2018-04-09,10.419797897338867
2018-04-10,10.489093780517578
2018-04-11,8.866881370544434
2018-04-12,7.278195381164551
2018-04-13,6.164196014404297
2018-04-14,5.352038383483887
2018-04-15,5.024849891662598
2018-04-16,15.728025436401367
2018-04-17,47.80757522583008
2018-04-18,58.05936050415039
2018-04-19,44.39553451538086
2018-04-20,28.759845733642578
2018-04-21,18.47647476196289
2018-04-22,12.66146183013916
2018-04-23,9.708659172058105
2018-04-24,9.66396713256836
2018-04-25,14.681207656860352
2018-04-26,20.382722854614258
2018-04-27,19.54566192626953
2018-04-28,17.28304672241211
2018-04-29,15.327574729919434
2018-04-30,12.454041481018066
2018-05-01,9.716058731079102
2018-05-02,7.944561004638672
2018-05-03,6.6916985511779785
2018-05-04,5.722625732421875
2018-05-05,4.9580559730529785
2018-05-06,4.346521377563477
2018-05-07,3.999352216720581
2018-05-08,3.828230381011963
2018-05-09,3.5245540142059326
2018-05-10,3.1975317001342773
2018-05-11,3.0006628036499023
2018-05-12,2.904916286468506
2018-05-13,2.7797012329101562
2018-05-14,2.554194211959839
2018-05-15,2.3155384063720703
2018-05-16,2.2293713092803955
2018-05-17,2.8912370204925537
2018-05-18,5.197190284729004
2018-05-19,10.067668914794922
2018-05-20,15.940008163452148
2018-05-21,18.604736328125
2018-05-22,17.43421745300293
2018-05-23,16.862628936767578
2018-05-24,15.195823669433594
2018-05-25,11.83648681640625
2018-05-26,8.572854042053223
2018-05-27,6.5629987716674805
2018-05-28,5.864838600158691
2018-05-29,6.778769493103027
2018-05-30,9.85608959197998
2018-05-31,11.971757888793945
2018-06-01,11.765066146850586
2018-06-02,9.718103408813477
2018-06-03,7.566988945007324
2018-06-04,6.137544631958008
2018-06-05,5.032369613647461
2018-06-06,4.1240034103393555
2018-06-07,3.439640522003174
2018-06-08,2.956664562225342
2018-06-09,2.558265209197998
2018-06-10,2.24507737159729
2018-06-11,2.145758867263794
2018-06-12,2.473712205886841
2018-06-13,2.847184658050537
2018-06-14,2.718569278717041
2018-06-15,2.411151885986328
2018-06-16,2.147311210632324
2018-06-17,1.8706965446472168
2018-06-18,1.6413227319717407
2018-06-19,1.467028021812439
2018-06-20,1.3289680480957031
2018-06-21,1.2343436479568481
2018-06-22,1.1762014627456665
2018-06-23,1.129775047302246
2018-06-24,1.079003930091858
2018-06-25,1.0309003591537476
2018-06-26,1.130094051361084
2018-06-27,1.8178637027740479
2018-06-28,2.6743133068084717
2018-06-29,2.5566728115081787
2018-06-30,2.009373903274536
2018-07-01,1.6087126731872559
2018-07-02,1.3820980787277222
2018-07-03,1.216322898864746
2018-07-04,1.0841671228408813
2018-07-05,1.1155401468276978
2018-07-06,1.348618745803833
2018-07-07,1.677167534828186
2018-07-08,2.1941823959350586
2018-07-09,2.5796501636505127
2018-07-10,2.251065492630005
2018-07-11,1.729891300201416
2018-07-12,1.3537030220031738
2018-07-13,1.1373895406723022
2018-07-14,1.0044068098068237
2018-07-15,0.8796047568321228
2018-07-16,0.772933304309845
2018-07-17,0.7105894088745117
2018-07-18,0.7174563407897949
2018-07-19,0.7425024509429932
2018-07-20,0.7029837369918823
2018-07-21,0.6291784048080444
2018-07-22,0.6322619915008545
2018-07-23,1.0054718255996704
2018-07-24,1.7167742252349854
2018-07-25,1.969303846359253
2018-07-26,1.837712049484253
2018-07-27,1.6977691650390625
2018-07-28,1.490594744682312
2018-07-29,1.3364794254302979
2018-07-30,1.4676837921142578
2018-07-31,2.0742411613464355
2018-08-01,2.9169821739196777
2018-08-02,3.7928123474121094
2018-08-03,8.661407470703125
2018-08-04,19.637924194335938
2018-08-05,23.16497802734375
2018-08-06,16.156047821044922
2018-08-07,9.656548500061035
2018-08-08,7.088496685028076
2018-08-09,9.344029426574707
2018-08-10,12.999822616577148
2018-08-11,11.327438354492188
2018-08-12,8.424023628234863
2018-08-13,7.836180686950684
2018-08-14,9.170317649841309
2018-08-15,10.10677719116211
2018-08-16,8.454771041870117
2018-08-17,6.038642883300781
2018-08-18,4.31270694732666
2018-08-19,4.077722072601318
2018-08-20,7.997247695922852
2018-08-21,18.8898868560791
2018-08-22,27.176654815673828
2018-08-23,24.774473190307617
2018-08-24,17.151573181152344
2018-08-25,10.882877349853516
2018-08-26,7.106199264526367
2018-08-27,4.99740743637085
2018-08-28,3.7774603366851807
2018-08-29,3.035045623779297
2018-08-30,2.5185012817382812
2018-08-31,2.2975053787231445
2018-09-01,2.5780014991760254
2018-09-02,2.999422073364258
2018-09-03,2.9988598823547363
2018-09-04,2.8288064002990723
2018-09-05,2.5837368965148926
2018-09-06,2.274923086166382
2018-09-07,1.9686979055404663
2018-09-08,1.8121147155761719
2018-09-09,1.956991195678711
2018-09-10,2.4807939529418945
2018-09-11,3.2472243309020996
2018-09-12,4.437772274017334
2018-09-13,5.300076961517334
2018-09-14,5.074967861175537
2018-09-15,13.73055648803711
2018-09-16,58.99711990356445
2018-09-17,169.46066284179688
2018-09-18,287.538330078125
2018-09-19,244.41378784179688
2018-09-20,145.64735412597656
2018-09-21,75.85470581054688
2018-09-22,41.59114074707031
2018-09-23,25.486116409301758
2018-09-24,17.198659896850586
2018-09-25,12.762587547302246
2018-09-26,10.183961868286133
2018-09-27,8.960396766662598
2018-09-28,9.919654846191406
2018-09-29,11.695966720581055
2018-09-30,11.086830139160156
2018-10-01,9.118372917175293
2018-10-02,7.418678283691406
2018-10-03,6.295643329620361
2018-10-04,5.522066116333008
2018-10-05,4.934953212738037
2018-10-06,4.524953842163086
2018-10-07,4.447784900665283
2018-10-08,4.450168609619141
2018-10-09,4.19917106628418
2018-10-10,3.9366254806518555
2018-10-11,8.520216941833496
2018-10-12,30.54616355895996
2018-10-13,53.94822311401367
2018-10-14,43.158206939697266
2018-10-15,27.751575469970703
2018-10-16,18.061203002929688
2018-10-17,12.865388870239258
2018-10-18,9.9642915725708
2018-10-19,8.208364486694336
2018-10-20,7.012068748474121
2018-10-21,6.3874077796936035
2018-10-22,6.0698041915893555
2018-10-23,5.57669734954834
2018-10-24,5.051331043243408
2018-10-25,4.607150077819824
2018-10-26,6.044010639190674
2018-10-27,15.220016479492188
2018-10-28,28.1498966217041
2018-10-29,27.46109390258789
2018-10-30,20.3797607421875
2018-10-31,14.384552001953125
2018-11-01,10.653254508972168
2018-11-02,8.727951049804688
2018-11-03,8.287221908569336
2018-11-04,8.165653228759766
2018-11-05,8.74474048614502
2018-11-06,14.569793701171875
2018-11-07,22.481704711914062
2018-11-08,21.551319122314453
2018-11-09,16.635534286499023
2018-11-10,12.94586181640625
2018-11-11,11.293039321899414
2018-11-12,12.125127792358398
2018-11-13,42.88835906982422
2018-11-14,119.33094024658203
2018-11-15,139.14129638671875
2018-11-16,119.41627502441406
2018-11-17,96.49415588378906
2018-11-18,64.90668487548828
2018-11-19,40.653934478759766
2018-11-20,27.211978912353516
2018-11-21,20.300615310668945
2018-11-22,16.094223022460938
2018-11-23,13.342156410217285
2018-11-24,12.580726623535156
2018-11-25,16.681198120117188
2018-11-26,22.557727813720703
2018-11-27,21.18008041381836
2018-11-28,17.545982360839844
2018-11-29,14.39736557006836
2018-11-30,11.92409896850586
2018-12-01,10.514545440673828
2018-12-02,10.33554458618164
2018-12-03,11.402414321899414
2018-12-04,12.089277267456055
2018-12-05,11.222200393676758
2018-12-06,9.996570587158203
2018-12-07,8.957115173339844
2018-12-08,8.09829330444336
2018-12-09,11.28782844543457
2018-12-10,32.85539627075195
2018-12-11,65.29346466064453
2018-12-12,63.95127487182617
2018-12-13,47.16807556152344
2018-12-14,34.2697639465332
2018-12-15,35.324462890625
2018-12-16,47.565635681152344
2018-12-17,48.93608856201172
2018-12-18,38.22328186035156
2018-12-19,27.624841690063477
2018-12-20,20.98406982421875
2018-12-21,21.82748794555664
2018-12-22,30.98372459411621
2018-12-23,31.966604232788086
2018-12-24,25.63020896911621
2018-12-25,19.984954833984375
2018-12-26,16.073503494262695
2018-12-27,13.534777641296387
2018-12-28,13.376419067382812
2018-12-29,21.231849670410156
2018-12-30,34.24718475341797
2018-12-31,33.138824462890625
2019-01-01,26.61844253540039
2019-01-02,22.383712768554688
2019-01-03,19.30911636352539
2019-01-04,18.696027755737305
2019-01-05,23.205726623535156
2019-01-06,27.150291442871094
2019-01-07,24.01229476928711
2019-01-08,19.413354873657227
2019-01-09,15.966756820678711
2019-01-10,13.622361183166504
2019-01-11,11.901132583618164
2019-01-12,10.555410385131836
2019-01-13,10.946662902832031
2019-01-14,16.626848220825195
2019-01-15,23.324251174926758
2019-01-16,22.153207778930664
2019-01-17,18.41748046875
2019-01-18,15.478632926940918
2019-01-19,13.435395240783691
2019-01-20,13.7643404006958
2019-01-21,18.895601272583008
2019-01-22,21.247228622436523
2019-01-23,18.38867950439453
2019-01-24,18.18589973449707
2019-01-25,27.11220932006836
2019-01-26,33.60095977783203
2019-01-27,28.2447509765625
2019-01-28,21.714418411254883
2019-01-29,17.45923614501953
2019-01-30,15.222871780395508
2019-01-31,14.081993103027344
2019-02-01,12.643250465393066
2019-02-02,11.197452545166016
2019-02-03,10.067978858947754
2019-02-04,9.309431076049805
2019-02-05,8.783538818359375
2019-02-06,8.372096061706543
2019-02-07,8.049857139587402
2019-02-08,7.802131652832031
2019-02-09,7.501284599304199
2019-02-10,7.089972496032715
2019-02-11,6.649433612823486
2019-02-12,6.495330333709717
2019-02-13,7.051481246948242
2019-02-14,7.877606391906738
2019-02-15,7.979548454284668
2019-02-16,8.105470657348633
2019-02-17,10.176280975341797
2019-02-18,15.336419105529785
2019-02-19,23.04585075378418
2019-02-20,27.317819595336914
2019-02-21,30.509180068969727
2019-02-22,41.01576232910156
2019-02-23,60.14337158203125
2019-02-24,93.71824645996094
2019-02-25,96.0272216796875
2019-02-26,70.97586822509766
2019-02-27,45.52490997314453
2019-02-28,31.218250274658203
2019-03-01,24.954235076904297
2019-03-02,24.23298454284668
2019-03-03,28.994983673095703
2019-03-04,32.92262268066406
2019-03-05,42.18019104003906
2019-03-06,40.10020446777344
2019-03-07,32.2379150390625
2019-03-08,24.627155303955078
2019-03-09,19.9135799407959
2019-03-10,17.441864013671875
2019-03-11,16.141536712646484
2019-03-12,15.069856643676758
2019-03-13,13.570878982543945
2019-03-14,12.093317985534668
2019-03-15,11.38492202758789
2019-03-16,12.033760070800781
2019-03-17,12.898778915405273
2019-03-18,11.888544082641602
2019-03-19,10.610557556152344
2019-03-20,9.591307640075684
2019-03-21,10.436108589172363
2019-03-22,16.226686477661133
2019-03-23,20.60919189453125
2019-03-24,18.075986862182617
2019-03-25,14.40492057800293
2019-03-26,12.868404388427734
2019-03-27,13.616034507751465
2019-03-28,13.570762634277344
2019-03-29,12.165298461914062
2019-03-30,10.91491985321045
2019-03-31,9.9544095993042
2019-04-01,9.15296459197998
2019-04-02,8.545218467712402
2019-04-03,8.660792350769043
2019-04-04,9.27928638458252
2019-04-05,9.548264503479004
2019-04-06,11.968408584594727
2019-04-07,15.4282808303833
2019-04-08,16.02330780029297
2019-04-09,22.217378616333008
2019-04-10,35.32642364501953
2019-04-11,37.16819381713867
2019-04-12,35.32522964477539
2019-04-13,61.419273376464844
2019-04-14,104.85526275634766
2019-04-15,104.08206176757812
2019-04-16,75.13117980957031
2019-04-17,47.39762878417969
2019-04-18,31.15882110595703
2019-04-19,23.10866355895996
2019-04-20,22.331695556640625
2019-04-21,25.353866577148438
2019-04-22,22.774394989013672
2019-04-23,18.279735565185547
2019-04-24,14.692140579223633
2019-04-25,12.201882362365723
2019-04-26,10.588888168334961
2019-04-27,9.97693920135498
2019-04-28,9.539434432983398
2019-04-29,8.643610000610352
2019-04-30,7.7772674560546875
2019-05-01,7.036051273345947
2019-05-02,6.397794723510742
2019-05-03,5.784179210662842
2019-05-04,5.2785844802856445
2019-05-05,5.245281219482422
2019-05-06,6.1802496910095215
2019-05-07,6.990151882171631
2019-05-08,6.397845268249512
2019-05-09,5.487170219421387
2019-05-10,4.7543840408325195
2019-05-11,4.259258270263672
2019-05-12,4.076367378234863
2019-05-13,4.410758018493652
2019-05-14,5.567845821380615
2019-05-15,6.396729469299316
2019-05-16,5.776151657104492
2019-05-17,4.876765727996826
2019-05-18,4.1802144050598145
2019-05-19,3.6557161808013916
2019-05-20,3.2462081909179688
2019-05-21,2.9193010330200195
2019-05-22,2.679586172103882
2019-05-23,2.4687888622283936
2019-05-24,2.3420228958129883
2019-05-25,2.2654736042022705
2019-05-26,2.1435234546661377
2019-05-27,2.0992190837860107
2019-05-28,2.0590245723724365
2019-05-29,1.9057787656784058
2019-05-30,1.7460384368896484
2019-05-31,1.6427478790283203
2019-06-01,1.7347540855407715
2019-06-02,2.037827968597412
2019-06-03,2.101956367492676
2019-06-04,1.9044365882873535
2019-06-05,1.6777663230895996
2019-06-06,1.570599913597107
2019-06-07,1.5948173999786377
2019-06-08,2.1846790313720703
2019-06-09,5.2251877784729
2019-06-10,9.733840942382812
2019-06-11,11.199565887451172
2019-06-12,9.79524040222168
2019-06-13,7.556962966918945
2019-06-14,6.993576526641846
2019-06-15,6.799291133880615
2019-06-16,5.355876922607422
2019-06-17,3.9912109375
2019-06-18,3.10092830657959
2019-06-19,2.6733415126800537
2019-06-20,3.0654358863830566
2019-06-21,4.1659955978393555
2019-06-22,4.2683892250061035
2019-06-23,3.339977979660034
2019-06-24,2.613161087036133
2019-06-25,2.1880218982696533
2019-06-26,1.8872947692871094
2019-06-27,1.6628613471984863
2019-06-28,1.4876761436462402
2019-06-29,1.4162676334381104
2019-06-30,1.4046711921691895
2019-07-01,1.3268208503723145
2019-07-02,1.210331678390503
2019-07-03,1.1022217273712158
2019-07-04,1.049076795578003
2019-07-05,1.128550410270691
2019-07-06,1.3070896863937378
2019-07-07,1.3589606285095215
2019-07-08,1.4339383840560913
2019-07-09,1.5853779315948486
2019-07-10,1.5739738941192627
2019-07-11,1.427993893623352
2019-07-12,1.3097342252731323
2019-07-13,1.338771104812622
2019-07-14,1.3486820459365845
2019-07-15,1.2102960348129272
2019-07-16,1.0857090950012207
2019-07-17,1.0235058069229126
2019-07-18,0.9647827744483948
2019-07-19,0.907541811466217
2019-07-20,0.8832647800445557
2019-07-21,0.9075725674629211
2019-07-22,0.9127846956253052
2019-07-23,1.148003101348877
2019-07-24,2.467405080795288
2019-07-25,3.8944873809814453
2019-07-26,3.4310524463653564
2019-07-27,2.4075238704681396
2019-07-28,1.7061394453048706
2019-07-29,1.3147000074386597
2019-07-30,1.0775591135025024
2019-07-31,0.9286141991615295
2019-08-01,0.8601157069206238
2019-08-02,0.9436070919036865
2019-08-03,1.3358914852142334
2019-08-04,1.821353554725647
2019-08-05,2.0250649452209473
2019-08-06,2.246966600418091
2019-08-07,2.542848587036133
2019-08-08,2.683990716934204
2019-08-09,2.6509695053100586
2019-08-10,2.296618938446045
2019-08-11,1.7920377254486084
2019-08-12,1.3840160369873047
2019-08-13,1.1292948722839355
2019-08-14,1.1242947578430176
2019-08-15,1.5010417699813843
2019-08-16,1.943969964981079
2019-08-17,2.2472586631774902
2019-08-18,2.434091329574585
2019-08-19,2.1849117279052734
2019-08-20,1.7673238515853882
2019-08-21,1.4385948181152344
2019-08-22,1.3049825429916382
2019-08-23,1.4087783098220825
2019-08-24,1.616781234741211
2019-08-25,1.965174674987793
2019-08-26,2.32913875579834
2019-08-27,2.1102705001831055
2019-08-28,1.7201170921325684
2019-08-29,1.4661225080490112
2019-08-30,1.286641001701355
2019-08-31,1.1060296297073364
2019-09-01,0.9588390588760376
2019-09-02,0.837833046913147
2019-09-03,0.7535457611083984
2019-09-04,0.6916249990463257
2019-09-05,0.663292646408081
2019-09-06,0.7792922258377075
2019-09-07,1.0446925163269043
2019-09-08,1.1151413917541504
2019-09-09,0.9970142841339111
2019-09-10,0.8649460077285767
2019-09-11,0.7698467373847961
2019-09-12,0.6963331699371338
2019-09-13,0.6394134759902954
2019-09-14,0.6021949052810669
2019-09-15,0.583868145942688
2019-09-16,0.5619765520095825
2019-09-17,0.5320075750350952
2019-09-18,0.49946328997612
2019-09-19,0.4782857298851013
2019-09-20,0.4590834081172943
2019-09-21,0.44447261095046997
2019-09-22,0.4341511130332947
2019-09-23,0.41982167959213257
2019-09-24,0.40179532766342163
2019-09-25,0.38367587327957153
2019-09-26,0.37540188431739807
2019-09-27,0.3685387372970581
2019-09-28,0.35737279057502747
2019-09-29,0.3529398441314697
2019-09-30,0.34399035573005676
2019-10-01,0.3334634602069855
2019-10-02,0.3355969190597534
2019-10-03,0.33325767517089844
2019-10-04,0.3207802176475525
2019-10-05,0.31230461597442627
2019-10-06,0.32315728068351746
2019-10-07,0.33676019310951233
2019-10-08,0.3365515470504761
2019-10-09,0.32487910985946655
2019-10-10,0.31748756766319275
2019-10-11,0.3067338168621063
2019-10-12,0.3023948669433594
2019-10-13,0.3193064332008362
2019-10-14,0.38223788142204285
2019-10-15,0.47615718841552734
2019-10-16,0.5097140073776245
2019-10-17,0.5615156292915344
2019-10-18,0.6293005347251892
2019-10-19,0.60231614112854
2019-10-20,0.7658378481864929
2019-10-21,1.6340537071228027
2019-10-22,2.4623539447784424
2019-10-23,2.2627463340759277
2019-10-24,1.845919132232666
2019-10-25,1.4253263473510742
2019-10-26,1.138490915298462
2019-10-27,0.9610244631767273
2019-10-28,0.8676014542579651
2019-10-29,0.8073249459266663
2019-10-30,0.7658931016921997
2019-10-31,0.7814138531684875
2019-11-01,0.9585654139518738
2019-11-02,1.2400968074798584
2019-11-03,1.3282194137573242
2019-11-04,1.2086715698242188
2019-11-05,1.1011033058166504
2019-11-06,1.0037778615951538
2019-11-07,0.9207583665847778
2019-11-08,0.8958500027656555
2019-11-09,0.9225665926933289
2019-11-10,0.9665707349777222
2019-11-11,0.9571049213409424
2019-11-12,1.0056418180465698
2019-11-13,1.4615323543548584
2019-11-14,2.1438889503479004
2019-11-15,2.19195294380188
2019-11-16,2.2024478912353516
2019-11-17,2.3620493412017822
2019-11-18,2.2412261962890625
2019-11-19,2.1010847091674805
2019-11-20,2.1303324699401855
2019-11-21,2.015989303588867
2019-11-22,1.8274122476577759
2019-11-23,1.7534730434417725
2019-11-24,2.3946595191955566
2019-11-25,3.8128223419189453
2019-11-26,4.103147983551025
2019-11-27,3.566758155822754
2019-11-28,3.0671451091766357
2019-11-29,2.830223560333252
2019-11-30,2.517162799835205
2019-12-01,2.786930561065674
2019-12-02,4.936809539794922
2019-12-03,7.1039910316467285
2019-12-04,6.289431095123291
2019-12-05,4.792538642883301
2019-12-06,3.741738796234131
2019-12-07,3.120408773422241
2019-12-08,2.677062749862671
2019-12-09,2.420093059539795
2019-12-10,2.2759504318237305
2019-12-11,2.3824570178985596
2019-12-12,2.9346890449523926
2019-12-13,3.9257850646972656
2019-12-14,7.438729286193848
2019-12-15,14.31768798828125
2019-12-16,16.933574676513672
2019-12-17,13.952781677246094
2019-12-18,11.266616821289062
2019-12-19,10.722126007080078
2019-12-20,9.049582481384277
2019-12-21,7.076572418212891
2019-12-22,5.6856489181518555
2019-12-23,4.9362263679504395
2019-12-24,5.174347877502441
2019-12-25,5.994565486907959
2019-12-26,5.780977725982666
2019-12-27,5.138298988342285
2019-12-28,4.576276779174805
2019-12-29,4.170943260192871
2019-12-30,3.9976491928100586
2019-12-31,4.113343715667725
2020-01-01,4.0865478515625
2020-01-02,3.8211569786071777
2020-01-03,3.7928876876831055
2020-01-04,7.751584529876709
2020-01-05,20.169448852539062
2020-01-06,26.67584800720215
2020-01-07,21.810808181762695
2020-01-08,15.477140426635742
2020-01-09,11.560370445251465
2020-01-10,9.015914916992188
2020-01-11,7.323355197906494
2020-01-12,6.570309162139893
2020-01-13,7.767299652099609
2020-01-14,12.432924270629883
2020-01-15,18.717578887939453
2020-01-16,20.242740631103516
2020-01-17,16.959003448486328
2020-01-18,12.96709156036377
2020-01-19,10.08836555480957
2020-01-20,8.445061683654785
2020-01-21,7.465450763702393
2020-01-22,6.628614902496338
2020-01-23,5.839277267456055
2020-01-24,5.253990173339844
2020-01-25,6.610828399658203
2020-01-26,13.41927719116211
2020-01-27,18.573963165283203
2020-01-28,16.364166259765625
2020-01-29,12.960830688476562
2020-01-30,10.274465560913086
2020-01-31,8.5283842086792
2020-02-01,8.322450637817383
2020-02-02,10.40070915222168
2020-02-03,12.156817436218262
2020-02-04,11.332700729370117
2020-02-05,9.74972915649414
2020-02-06,13.651588439941406
2020-02-07,61.401519775390625
2020-02-08,142.24600219726562
2020-02-09,110.8714828491211
2020-02-10,66.94213104248047
2020-02-11,41.45765686035156
2020-02-12,30.468534469604492
2020-02-13,29.15159034729004
2020-02-14,30.32282066345215
2020-02-15,30.122554779052734
2020-02-16,24.742351531982422
2020-02-17,18.950363159179688
2020-02-18,15.120956420898438
2020-02-19,12.777144432067871
2020-02-20,12.198473930358887
2020-02-21,13.6690673828125
2020-02-22,14.864971160888672
2020-02-23,13.5999116897583
2020-02-24,12.251274108886719
2020-02-25,11.717401504516602
2020-02-26,13.166414260864258
2020-02-27,14.92962646484375
2020-02-28,13.99409294128418
2020-02-29,12.098559379577637
2020-03-01,10.485575675964355
2020-03-02,9.241694450378418
2020-03-03,8.56242847442627
2020-03-04,8.472930908203125
2020-03-05,8.696833610534668
2020-03-06,8.417013168334961
2020-03-07,7.956940650939941
2020-03-08,7.387851238250732
2020-03-09,6.853589057922363
2020-03-10,6.516789436340332
2020-03-11,6.250511169433594
2020-03-12,5.99963903427124
2020-03-13,5.748154163360596
2020-03-14,5.585458755493164
2020-03-15,5.476794242858887
2020-03-16,5.237401008605957
2020-03-17,4.957141876220703
2020-03-18,4.755529403686523
2020-03-19,4.597510814666748
2020-03-20,4.4931745529174805
2020-03-21,4.451984405517578
2020-03-22,4.318662166595459
2020-03-23,4.396997451782227
2020-03-24,4.953253269195557
2020-03-25,8.185523986816406
2020-03-26,16.407686233520508
2020-03-27,21.476299285888672
2020-03-28,18.403257369995117
2020-03-29,13.826614379882812
2020-03-30,10.537386894226074
2020-03-31,8.4151029586792
2020-04-01,7.194287300109863
2020-04-02,6.814778804779053
2020-04-03,6.487357139587402
2020-04-04,5.941351413726807
2020-04-05,5.357162952423096
2020-04-06,4.8942365646362305
2020-04-07,4.561465263366699
2020-04-08,4.307751655578613
2020-04-09,4.1708221435546875
2020-04-10,4.161321640014648
2020-04-11,4.067493915557861
2020-04-12,3.792259931564331
2020-04-13,4.069309711456299
2020-04-14,5.990235805511475
2020-04-15,7.333625316619873
2020-04-16,6.52742862701416
2020-04-17,5.317292213439941
2020-04-18,4.582749366760254
2020-04-19,4.418338298797607
2020-04-20,4.758300304412842
2020-04-21,6.252630233764648
2020-04-22,7.856387138366699
2020-04-23,7.320878505706787
2020-04-24,6.150129318237305
2020-04-25,5.359411716461182
2020-04-26,4.998509883880615
2020-04-27,5.479375839233398
2020-04-28,6.237059593200684
2020-04-29,5.701494216918945
2020-04-30,6.823085784912109
2020-05-01,15.165935516357422
2020-05-02,24.2452335357666
2020-05-03,21.29605484008789
2020-05-04,14.916251182556152
2020-05-05,10.168990135192871
2020-05-06,7.333254814147949
2020-05-07,5.848766326904297
2020-05-08,4.9823689460754395
2020-05-09,4.37650203704834
2020-05-10,3.960096597671509
2020-05-11,3.5908474922180176
2020-05-12,3.2817609310150146
2020-05-13,2.9944417476654053
2020-05-14,2.769768714904785
2020-05-15,2.5932118892669678
2020-05-16,2.4195425510406494
2020-05-17,2.2375216484069824
2020-05-18,2.0600318908691406
2020-05-19,2.17936372756958
2020-05-20,4.584969520568848
2020-05-21,17.375713348388672
2020-05-22,47.313392639160156
2020-05-23,68.76522064208984
2020-05-24,57.384429931640625
2020-05-25,37.886253356933594
2020-05-26,25.347415924072266
2020-05-27,18.275564193725586
2020-05-28,17.968229293823242
2020-05-29,27.081886291503906
2020-05-30,36.72330093383789
2020-05-31,38.25818634033203
2020-06-01,29.673242568969727
2020-06-02,19.687702178955078
2020-06-03,12.9953031539917
2020-06-04,9.198125839233398
2020-06-05,6.972770690917969
2020-06-06,5.671709060668945
2020-06-07,4.8925461769104
2020-06-08,4.2764177322387695
2020-06-09,3.7121715545654297
2020-06-10,3.281454563140869
2020-06-11,3.1472854614257812
2020-06-12,4.231564998626709
2020-06-13,6.426680564880371
2020-06-14,6.424257278442383
2020-06-15,5.10705041885376
2020-06-16,5.119448661804199
2020-06-17,7.966312885284424
2020-06-18,11.803009033203125
2020-06-19,12.843708038330078
2020-06-20,11.963773727416992
2020-06-21,12.109159469604492
2020-06-22,11.244791030883789
2020-06-23,8.621932029724121
2020-06-24,6.251445770263672
2020-06-25,4.768303394317627
2020-06-26,3.8479137420654297
2020-06-27,3.297985076904297
2020-06-28,2.8569295406341553
2020-06-29,2.58878755569458
2020-06-30,2.510350227355957
2020-07-01,2.484936237335205
2020-07-02,2.4406003952026367
2020-07-03,2.271253824234009
2020-07-04,2.046627998352051
2020-07-05,1.9127209186553955
2020-07-06,1.8870562314987183
2020-07-07,1.8797786235809326
2020-07-08,1.8487932682037354
2020-07-09,1.908123254776001
2020-07-10,1.9430594444274902
2020-07-11,1.9776149988174438
2020-07-12,2.2304091453552246
2020-07-13,2.441838502883911
2020-07-14,2.3937649726867676
2020-07-15,2.2096645832061768
2020-07-16,1.8738856315612793
2020-07-17,1.5983819961547852
2020-07-18,1.6164973974227905
2020-07-19,1.9555977582931519
2020-07-20,2.114069700241089
2020-07-21,1.8984272480010986
2020-07-22,1.5965235233306885
2020-07-23,1.3678592443466187
2020-07-24,1.3250908851623535
2020-07-25,1.5440454483032227
2020-07-26,1.796046257019043
2020-07-27,1.7806440591812134
2020-07-28,1.5774903297424316
2020-07-29,1.732141375541687
2020-07-30,2.717233180999756
2020-07-31,3.3934388160705566
2020-08-01,2.9180471897125244
2020-08-02,2.240569829940796
2020-08-03,1.851379632949829
2020-08-04,4.976866245269775
2020-08-05,14.417009353637695
2020-08-06,15.908174514770508
2020-08-07,11.946417808532715
2020-08-08,8.941650390625
2020-08-09,6.962399959564209
2020-08-10,5.551182270050049
2020-08-11,4.600672721862793
2020-08-12,3.903090238571167
2020-08-13,3.2249178886413574
2020-08-14,2.757338523864746
2020-08-15,3.631596565246582
2020-08-16,7.610734462738037
2020-08-17,12.005739212036133
2020-08-18,12.186548233032227
2020-08-19,10.430943489074707
2020-08-20,8.387426376342773
2020-08-21,7.28280782699585
2020-08-22,6.463783264160156
2020-08-23,5.835390090942383
2020-08-24,5.153781890869141
2020-08-25,4.252356052398682
2020-08-26,3.419733762741089
2020-08-27,2.7794556617736816
2020-08-28,2.3005151748657227
2020-08-29,1.9740570783615112
2020-08-30,1.777305245399475
2020-08-31,1.9250757694244385
2020-09-01,3.6193113327026367
2020-09-02,6.702720642089844
2020-09-03,7.409277439117432
2020-09-04,5.958058834075928
2020-09-05,4.2514495849609375
2020-09-06,3.06204891204834
2020-09-07,2.3532333374023438
2020-09-08,1.9193534851074219
2020-09-09,1.668722152709961
2020-09-10,1.5898555517196655
2020-09-11,1.684789776802063
2020-09-12,2.058539390563965
2020-09-13,2.4332785606384277
2020-09-14,2.3489456176757812
2020-09-15,2.0283751487731934
2020-09-16,1.7579857110977173
2020-09-17,1.6572232246398926
2020-09-18,3.4639058113098145
2020-09-19,9.4448823928833
2020-09-20,12.128937721252441
2020-09-21,9.502066612243652
2020-09-22,6.375151634216309
2020-09-23,4.385909080505371
2020-09-24,3.2754647731781006
2020-09-25,3.07794451713562
2020-09-26,5.196936130523682
2020-09-27,9.38217544555664
2020-09-28,10.42821979522705
2020-09-29,8.600301742553711
2020-09-30,7.817783355712891
2020-10-01,9.638612747192383
2020-10-02,9.974692344665527
2020-10-03,8.161895751953125
2020-10-04,6.137880802154541
2020-10-05,4.712459087371826
2020-10-06,3.794898509979248
2020-10-07,3.1898300647735596
2020-10-08,2.7665302753448486
2020-10-09,2.4460391998291016
2020-10-10,2.278707265853882
2020-10-11,3.907289981842041
2020-10-12,11.507226943969727
2020-10-13,20.343055725097656
2020-10-14,18.833274841308594
2020-10-15,12.956466674804688
2020-10-16,9.062935829162598
2020-10-17,8.639073371887207
2020-10-18,9.796146392822266
2020-10-19,8.78647232055664
2020-10-20,6.996120929718018
2020-10-21,5.62160062789917
2020-10-22,4.749876976013184
2020-10-23,4.149138450622559
2020-10-24,3.7105019092559814
2020-10-25,3.395655393600464
2020-10-26,3.2585604190826416
2020-10-27,3.2040939331054688
2020-10-28,3.0707974433898926
2020-10-29,3.0028419494628906
2020-10-30,3.2814688682556152
2020-10-31,3.817412853240967
2020-11-01,4.07618522644043
2020-11-02,4.375112533569336
2020-11-03,4.827538967132568
2020-11-04,4.526867866516113
2020-11-05,4.010626316070557
2020-11-06,3.6075501441955566
2020-11-07,3.330522060394287
2020-11-08,3.119609832763672
2020-11-09,2.9382762908935547
2020-11-10,2.7867534160614014
2020-11-11,2.727825164794922
2020-11-12,10.410558700561523
2020-11-13,43.86963653564453
2020-11-14,72.89176940917969
2020-11-15,55.380226135253906
2020-11-16,33.651939392089844
2020-11-17,20.822675704956055
2020-11-18,14.044191360473633
2020-11-19,10.347043991088867
2020-11-20,8.23830795288086
2020-11-21,6.9898681640625
2020-11-22,6.147952556610107
2020-11-23,5.548952102661133
2020-11-24,5.076394081115723
2020-11-25,4.733611583709717
2020-11-26,4.495219707489014
2020-11-27,4.3564252853393555
2020-11-28,4.359399318695068
2020-11-29,4.219487190246582
2020-11-30,5.8669586181640625
2020-12-01,14.378149032592773
2020-12-02,23.687931060791016
2020-12-03,21.16927719116211
2020-12-04,15.447229385375977
2020-12-05,12.133309364318848
2020-12-06,12.081036567687988
2020-12-07,12.43045425415039
2020-12-08,12.221271514892578
2020-12-09,12.291112899780273
2020-12-10,10.955955505371094
2020-12-11,9.349225997924805
2020-12-12,8.116402626037598
2020-12-13,7.300743579864502
2020-12-14,8.464722633361816
2020-12-15,16.03434944152832
2020-12-16,26.94275665283203
2020-12-17,36.33233642578125
2020-12-18,42.14395523071289
2020-12-19,34.86801528930664
2020-12-20,25.29513931274414
2020-12-21,21.965044021606445
2020-12-22,23.271013259887695
2020-12-23,20.406593322753906
2020-12-24,18.933673858642578
2020-12-25,43.7003173828125
2020-12-26,92.49490356445312
2020-12-27,79.3063735961914
2020-12-28,50.542747497558594
2020-12-29,32.61337661743164
2020-12-30,23.0235652923584
2020-12-31,17.495275497436523
2021-01-01,14.237646102905273
2021-01-02,13.41351318359375
2021-01-03,20.378795623779297
2021-01-04,37.08805465698242
2021-01-05,43.1620979309082
2021-01-06,34.23616409301758
2021-01-07,24.966489791870117
2021-01-08,19.05542755126953
2021-01-09,16.993932723999023
2021-01-10,17.04894256591797
2021-01-11,15.480457305908203
2021-01-12,13.391741752624512
2021-01-13,12.121824264526367
2021-01-14,11.17733097076416
2021-01-15,10.37654972076416
2021-01-16,10.022941589355469
2021-01-17,9.866636276245117
2021-01-18,9.279731750488281
2021-01-19,8.555747032165527
2021-01-20,7.948474884033203
2021-01-21,7.444883346557617
2021-01-22,7.059001922607422
2021-01-23,6.807109355926514
2021-01-24,6.50823974609375
2021-01-25,6.382300853729248
2021-01-26,8.229005813598633
2021-01-27,14.692105293273926
2021-01-28,22.994857788085938
2021-01-29,29.264583587646484
2021-01-30,27.323894500732422
2021-01-31,22.811450958251953
2021-02-01,25.01129722595215
2021-02-02,30.50978660583496
2021-02-03,27.539892196655273
2021-02-04,21.492399215698242
2021-02-05,16.843544006347656
2021-02-06,14.260614395141602
2021-02-07,14.330286026000977
2021-02-08,18.102466583251953
2021-02-09,20.856830596923828
2021-02-10,18.836536407470703
2021-02-11,16.712263107299805
2021-02-12,19.945329666137695
2021-02-13,32.095455169677734
2021-02-14,50.34879684448242
2021-02-15,65.7030258178711
2021-02-16,70.18821716308594
2021-02-17,69.18089294433594
2021-02-18,58.74400329589844
2021-02-19,50.990089416503906
2021-02-20,57.659202575683594
2021-02-21,54.251670837402344
2021-02-22,41.94450378417969
2021-02-23,34.931884765625
2021-02-24,33.36555862426758
2021-02-25,28.205860137939453
2021-02-26,23.23581886291504
2021-02-27,20.593875885009766
2021-02-28,21.230697631835938
2021-03-01,21.926015853881836
2021-03-02,24.2021427154541
2021-03-03,25.716846466064453
2021-03-04,22.28099822998047
2021-03-05,18.653079986572266
2021-03-06,15.849382400512695
2021-03-07,13.717905044555664
2021-03-08,12.105728149414062
2021-03-09,10.85487174987793
2021-03-10,10.043261528015137
2021-03-11,9.465558052062988
2021-03-12,9.000334739685059
2021-03-13,8.572980880737305
2021-03-14,8.13630485534668
2021-03-15,7.730414867401123
2021-03-16,8.18210220336914
2021-03-17,11.256074905395508
2021-03-18,15.143235206604004
2021-03-19,16.36504364013672
2021-03-20,18.228708267211914
2021-03-21,18.33405876159668
2021-03-22,15.718486785888672
2021-03-23,13.121917724609375
2021-03-24,11.224517822265625
2021-03-25,10.087620735168457
2021-03-26,10.374505996704102
2021-03-27,13.921786308288574
2021-03-28,20.167299270629883
2021-03-29,24.53439712524414
2021-03-30,23.64181137084961
2021-03-31,19.48052406311035
2021-04-01,18.529516220092773
2021-04-02,20.079328536987305
2021-04-03,17.69826889038086
2021-04-04,14.27145004272461
2021-04-05,11.943641662597656
2021-04-06,10.374471664428711
2021-04-07,9.253860473632812
2021-04-08,8.368230819702148
2021-04-09,7.6724772453308105
2021-04-10,7.479126453399658
2021-04-11,8.312751770019531
2021-04-12,9.46821403503418
2021-04-13,9.233549118041992
2021-04-14,8.138487815856934
2021-04-15,7.216400146484375
2021-04-16,6.713318347930908
2021-04-17,6.332363128662109
2021-04-18,5.844030857086182
2021-04-19,5.409174919128418
2021-04-20,5.056859016418457
2021-04-21,4.748764991760254
2021-04-22,4.484890460968018
2021-04-23,4.222661972045898
2021-04-24,4.162930965423584
2021-04-25,4.989519119262695
2021-04-26,6.314087867736816
2021-04-27,6.176645278930664
2021-04-28,5.4431986808776855
2021-04-29,4.813461780548096
2021-04-30,5.321781158447266
2021-05-01,8.284353256225586
2021-05-02,9.414953231811523
2021-05-03,8.040298461914062
2021-05-04,7.071986198425293
2021-05-05,7.125799655914307
2021-05-06,6.809267044067383
2021-05-07,6.258683681488037
2021-05-08,7.079533576965332
2021-05-09,8.041484832763672
2021-05-10,7.616888999938965
2021-05-11,8.49129867553711
2021-05-12,10.426332473754883
2021-05-13,12.254939079284668
2021-05-14,13.869476318359375
2021-05-15,11.726000785827637
2021-05-16,8.959850311279297
2021-05-17,7.0065598487854
2021-05-18,5.835864067077637
2021-05-19,5.055728912353516
2021-05-20,4.477558135986328
2021-05-21,3.9718782901763916
2021-05-22,3.538025379180908
2021-05-23,3.1940770149230957
2021-05-24,2.932490110397339
2021-05-25,2.723071336746216
2021-05-26,2.5741028785705566
2021-05-27,2.4433982372283936
2021-05-28,2.2719669342041016
2021-05-29,2.1479341983795166
2021-05-30,2.3105432987213135
2021-05-31,2.6850671768188477
2021-06-01,2.7344791889190674
2021-06-02,2.5443668365478516
2021-06-03,2.9518678188323975
2021-06-04,5.374088287353516
2021-06-05,8.235780715942383
2021-06-06,7.788332462310791
2021-06-07,5.8215131759643555
2021-06-08,4.361972332000732
2021-06-09,3.6717474460601807
2021-06-10,3.6066856384277344
2021-06-11,4.9357733726501465
2021-06-12,7.629168510437012
2021-06-13,8.36945915222168
2021-06-14,7.140071868896484
2021-06-15,5.4030303955078125
2021-06-16,4.168393611907959
2021-06-17,3.3243119716644287
2021-06-18,2.737668991088867
2021-06-19,2.3301217555999756
2021-06-20,2.153555393218994
2021-06-21,2.4896228313446045
2021-06-22,3.185553550720215
2021-06-23,3.5228593349456787
2021-06-24,3.5652403831481934
2021-06-25,3.1126391887664795
2021-06-26,2.5586981773376465
2021-06-27,2.2125258445739746
2021-06-28,1.9885931015014648
2021-06-29,1.7941519021987915
2021-06-30,1.619343876838684
2021-07-01,1.4705121517181396
2021-07-02,1.4829133749008179
2021-07-03,2.1981043815612793
2021-07-04,3.3653974533081055
2021-07-05,3.3117456436157227
2021-07-06,2.6498255729675293
2021-07-07,2.1013593673706055
2021-07-08,2.261258125305176
2021-07-09,5.551867485046387
2021-07-10,11.146190643310547
2021-07-11,10.838571548461914
2021-07-12,7.683485984802246
2021-07-13,5.272583961486816
2021-07-14,3.821584939956665
2021-07-15,3.042043924331665
2021-07-16,2.654761791229248
2021-07-17,2.3571932315826416
2021-07-18,2.076856851577759
2021-07-19,2.300452470779419
2021-07-20,4.421133041381836
2021-07-21,7.16567325592041
2021-07-22,6.537829875946045
2021-07-23,4.79030704498291
2021-07-24,3.405825614929199
2021-07-25,2.5516891479492188
2021-07-26,2.062023162841797
2021-07-27,1.7675460577011108
2021-07-28,1.6193901300430298
2021-07-29,1.5431859493255615
2021-07-30,1.4268258810043335
2021-07-31,1.272812843322754
2021-08-01,1.1484445333480835
2021-08-02,1.1132076978683472
2021-08-03,1.1412560939788818
2021-08-04,1.2492178678512573
2021-08-05,1.4182051420211792
2021-08-06,1.3913578987121582
2021-08-07,1.324870228767395
2021-08-08,1.457746982574463
2021-08-09,1.6081504821777344
2021-08-10,1.5023313760757446
2021-08-11,1.3252158164978027
2021-08-12,1.2071999311447144
2021-08-13,1.108689546585083
2021-08-14,1.0295425653457642
2021-08-15,1.1431283950805664
2021-08-16,1.62637197971344
2021-08-17,2.2841124534606934
2021-08-18,2.7713284492492676
2021-08-19,2.989990472793579
2021-08-20,2.909722328186035
2021-08-21,3.2636594772338867
2021-08-22,4.134018421173096
2021-08-23,4.055002689361572
2021-08-24,3.310372829437256
2021-08-25,2.520012378692627
2021-08-26,1.96397066116333
2021-08-27,1.6126346588134766
2021-08-28,1.3603870868682861
2021-08-29,1.163232684135437
2021-08-30,1.0155785083770752
2021-08-31,0.9080998301506042
2021-09-01,0.8449928760528564
2021-09-02,0.9172609448432922
2021-09-03,1.0897281169891357
2021-09-04,1.0989420413970947
2021-09-05,0.9865074753761292
2021-09-06,0.8774946928024292
2021-09-07,0.7929761409759521
2021-09-08,0.7527302503585815
2021-09-09,0.8430761098861694
2021-09-10,1.1645448207855225
2021-09-11,1.4248701333999634
2021-09-12,1.3122574090957642
2021-09-13,1.103413462638855
2021-09-14,0.9317724108695984
2021-09-15,0.8075836896896362
2021-09-16,0.7380825281143188
2021-09-17,0.7237316966056824
2021-09-18,0.7239199280738831
2021-09-19,0.7018589377403259
2021-09-20,0.6737124919891357
2021-09-21,0.6834430694580078
2021-09-22,1.1036908626556396
2021-09-23,2.842837333679199
2021-09-24,5.228841781616211
2021-09-25,4.99232292175293
2021-09-26,3.5883874893188477
2021-09-27,2.4782798290252686
2021-09-28,1.8289040327072144
2021-09-29,1.4344451427459717
2021-09-30,1.1801261901855469
2021-10-01,1.031777262687683
2021-10-02,0.9444127082824707
2021-10-03,0.886353611946106
2021-10-04,0.8317410945892334
2021-10-05,0.8188396692276001
2021-10-06,0.8350570201873779
2021-10-07,0.8398687243461609
2021-10-08,0.8494889140129089
2021-10-09,1.2202045917510986
2021-10-10,2.9391050338745117
2021-10-11,5.019794464111328
2021-10-12,4.640182018280029
2021-10-13,3.5118775367736816
2021-10-14,2.609311580657959
2021-10-15,2.040161609649658
2021-10-16,1.66725492477417
2021-10-17,1.4365110397338867
2021-10-18,1.2764179706573486
2021-10-19,1.159087896347046
2021-10-20,1.0701748132705688
2021-10-21,1.0002456903457642
2021-10-22,0.9367298483848572
2021-10-23,0.8913040161132812
2021-10-24,0.8593251705169678
2021-10-25,0.8323144912719727
2021-10-26,0.8491395711898804
2021-10-27,0.9788373708724976
2021-10-28,1.0978261232376099
2021-10-29,1.15068781375885
2021-10-30,1.2348703145980835
2021-10-31,1.2765475511550903
2021-11-01,1.2132681608200073
2021-11-02,1.127076506614685
2021-11-03,1.0542969703674316
2021-11-04,1.0137639045715332
2021-11-05,1.0485801696777344
2021-11-06,1.1161798238754272
2021-11-07,1.1070804595947266
2021-11-08,1.0835850238800049
2021-11-09,1.0851612091064453
2021-11-10,1.0943050384521484
2021-11-11,1.0675179958343506
2021-11-12,1.044810175895691
2021-11-13,1.0061991214752197
2021-11-14,0.9751999974250793
2021-11-15,0.9525173306465149
2021-11-16,0.9320133924484253
2021-11-17,0.9448537230491638
2021-11-18,0.9481380581855774
2021-11-19,0.9392157793045044
2021-11-20,0.9213764071464539
2021-11-21,0.9171079397201538
2021-11-22,1.01189386844635
2021-11-23,1.3942790031433105
2021-11-24,1.8609962463378906
2021-11-25,1.872812032699585
2021-11-26,1.7125954627990723
2021-11-27,1.6072503328323364
2021-11-28,1.5660755634307861
2021-11-29,1.472339153289795
2021-11-30,1.3666436672210693
2021-12-01,1.3203842639923096
2021-12-02,1.2835381031036377
2021-12-03,1.2391811609268188
2021-12-04,1.2113651037216187
2021-12-05,1.1954365968704224
2021-12-06,1.1611958742141724
2021-12-07,1.1415176391601562
2021-12-08,1.1541669368743896
2021-12-09,1.2944402694702148
2021-12-10,1.5156619548797607
2021-12-11,1.5684348344802856
2021-12-12,1.6012529134750366
2021-12-13,1.856977939605713
2021-12-14,2.1220955848693848
2021-12-15,2.042609930038452
2021-12-16,1.8774396181106567
2021-12-17,1.7490748167037964
2021-12-18,1.6288648843765259
2021-12-19,2.135989189147949
2021-12-20,4.881687164306641
2021-12-21,8.104950904846191
2021-12-22,7.581394672393799
2021-12-23,6.628947734832764
2021-12-24,5.383431911468506
2021-12-25,4.2930378913879395
2021-12-26,3.535874843597412
2021-12-27,3.0366640090942383
2021-12-28,2.7028698921203613
2021-12-29,2.4665815830230713
2021-12-30,2.357802152633667
2021-12-31,2.4940476417541504
2022-01-01,2.7479405403137207
2022-01-02,2.9676332473754883
2022-01-03,17.882007598876953
2022-01-04,61.55288314819336
2022-01-05,71.35685729980469
2022-01-06,50.02894592285156
2022-01-07,30.731353759765625
2022-01-08,19.590717315673828
2022-01-09,13.393831253051758
2022-01-10,10.30621337890625
2022-01-11,9.864574432373047
2022-01-12,9.738025665283203
2022-01-13,8.52259635925293
2022-01-14,7.2848124504089355
2022-01-15,6.402956962585449
2022-01-16,7.034213542938232
2022-01-17,13.308841705322266
2022-01-18,22.089832305908203
2022-01-19,21.729921340942383
2022-01-20,17.766979217529297
2022-01-21,16.396404266357422
2022-01-22,17.883277893066406
2022-01-23,16.578073501586914
2022-01-24,13.859930992126465
2022-01-25,12.377676963806152
2022-01-26,11.512349128723145
2022-01-27,10.523195266723633
2022-01-28,9.223834991455078
2022-01-29,8.122089385986328
2022-01-30,7.497437000274658
2022-01-31,6.838690280914307
2022-02-01,6.19775390625
2022-02-02,5.740514755249023
2022-02-03,5.42313289642334
2022-02-04,5.758260250091553
2022-02-05,7.803805828094482
2022-02-06,10.517454147338867
2022-02-07,10.635428428649902
2022-02-08,10.24942684173584
2022-02-09,10.808459281921387
2022-02-10,10.149494171142578
2022-02-11,9.02445125579834
2022-02-12,7.989411354064941
2022-02-13,7.253512859344482
2022-02-14,6.686408996582031
2022-02-15,6.224765300750732
2022-02-16,5.751305103302002
2022-02-17,5.396633625030518
2022-02-18,5.431259632110596
2022-02-19,6.303447246551514
2022-02-20,7.155771732330322
2022-02-21,6.843345642089844
2022-02-22,6.172518253326416
2022-02-23,5.781707763671875
2022-02-24,5.845726013183594
2022-02-25,6.165886878967285
2022-02-26,6.315507888793945
2022-02-27,6.3328166007995605
2022-02-28,7.204225063323975
2022-03-01,8.60122299194336
2022-03-02,8.297416687011719
2022-03-03,7.391490936279297
2022-03-04,6.583507537841797
2022-03-05,5.933577537536621
2022-03-06,5.402791976928711
2022-03-07,5.060544490814209
2022-03-08,4.799799919128418
2022-03-09,5.572269439697266
2022-03-10,10.176554679870605
2022-03-11,15.612796783447266
2022-03-12,17.25246810913086
2022-03-13,24.399982452392578
2022-03-14,29.055177688598633
2022-03-15,23.598163604736328
2022-03-16,18.2761287689209
2022-03-17,24.623857498168945
2022-03-18,45.114078521728516
2022-03-19,47.060707092285156
2022-03-20,34.83820343017578
2022-03-21,23.9451961517334
2022-03-22,17.053865432739258
2022-03-23,13.316452026367188
2022-03-24,12.730403900146484
2022-03-25,15.204785346984863
2022-03-26,16.572704315185547
2022-03-27,14.850946426391602
2022-03-28,12.273388862609863
2022-03-29,10.132509231567383
2022-03-30,8.629508018493652
2022-03-31,9.161222457885742
2022-04-01,15.146565437316895
2022-04-02,21.317476272583008
2022-04-03,19.11260223388672
2022-04-04,14.870124816894531
2022-04-05,12.308479309082031
2022-04-06,14.669498443603516
2022-04-07,21.395723342895508
2022-04-08,23.971214294433594
2022-04-09,22.530269622802734
2022-04-10,18.351057052612305
2022-04-11,14.292291641235352
2022-04-12,11.348556518554688
2022-04-13,9.491475105285645
2022-04-14,8.237944602966309
2022-04-15,7.342788219451904
2022-04-16,6.636362552642822
2022-04-17,6.194738388061523
2022-04-18,7.515605926513672
2022-04-19,14.2472505569458
2022-04-20,21.58549690246582
2022-04-21,18.925018310546875
2022-04-22,14.258047103881836
2022-04-23,10.913985252380371
2022-04-24,8.738048553466797
2022-04-25,7.281604766845703
2022-04-26,6.330295085906982
2022-04-27,5.973050117492676
2022-04-28,5.820313930511475
2022-04-29,5.28529691696167
2022-04-30,4.763862133026123
2022-05-01,4.483649253845215
2022-05-02,4.588730335235596
2022-05-03,4.883302688598633
2022-05-04,4.769708633422852
2022-05-05,4.343901634216309
2022-05-06,3.8920328617095947
2022-05-07,3.7654542922973633
2022-05-08,4.231013298034668
2022-05-09,4.5739617347717285
2022-05-10,4.228349208831787
2022-05-11,3.7013161182403564
2022-05-12,3.2572219371795654
2022-05-13,2.916374683380127
2022-05-14,2.720947742462158
2022-05-15,2.7185606956481934
2022-05-16,2.724780797958374
2022-05-17,2.6748170852661133
2022-05-18,2.5947370529174805
2022-05-19,2.3685426712036133
2022-05-20,2.152653694152832
2022-05-21,2.12473726272583
2022-05-22,2.2909741401672363
2022-05-23,2.4033727645874023
2022-05-24,2.855125904083252
2022-05-25,4.171105861663818
2022-05-26,4.918325901031494
2022-05-27,4.575279712677002
2022-05-28,5.0845537185668945
2022-05-29,5.916278839111328
2022-05-30,5.114289283752441
2022-05-31,3.910837411880493
2022-06-01,3.046548366546631
2022-06-02,2.459843158721924
2022-06-03,2.0691428184509277
2022-06-04,1.8140541315078735
2022-06-05,1.6554059982299805
2022-06-06,1.5201343297958374
2022-06-07,1.3928393125534058
2022-06-08,1.2957055568695068
2022-06-09,1.289149284362793
2022-06-10,1.3319615125656128
2022-06-11,1.2668938636779785
2022-06-12,1.1696882247924805
2022-06-13,1.120314121246338
2022-06-14,1.0951284170150757
2022-06-15,1.0498909950256348
2022-06-16,1.0657371282577515
2022-06-17,1.3603006601333618
2022-06-18,1.7536425590515137
2022-06-19,1.7453835010528564
2022-06-20,1.4648067951202393
2022-06-21,1.211320161819458
2022-06-22,1.0583246946334839
2022-06-23,0.9769458174705505
2022-06-24,0.9503110647201538
2022-06-25,0.9391381144523621
2022-06-26,0.8643585443496704
2022-06-27,0.7871783375740051
2022-06-28,0.7622869610786438
2022-06-29,0.7658571004867554
2022-06-30,0.7312355041503906
2022-07-01,0.6878439784049988
2022-07-02,0.6333820819854736
2022-07-03,0.5819360017776489
2022-07-04,0.551639199256897
2022-07-05,0.5398738980293274
2022-07-06,0.5431131720542908
2022-07-07,0.5994621515274048
2022-07-08,0.7444969415664673
2022-07-09,1.0245647430419922
2022-07-10,1.3773270845413208
2022-07-11,1.6975975036621094
2022-07-12,1.8678622245788574
2022-07-13,1.6325970888137817
2022-07-14,1.4083945751190186
2022-07-15,1.3235292434692383
2022-07-16,1.2375526428222656
2022-07-17,1.2166564464569092
2022-07-18,1.1799046993255615
2022-07-19,1.0346462726593018
2022-07-20,0.8691771030426025
2022-07-21,0.7475648522377014
2022-07-22,0.7183794379234314
2022-07-23,0.7264212965965271
2022-07-24,0.6905516982078552
2022-07-25,0.6544642448425293
2022-07-26,0.6732283234596252
2022-07-27,0.8866672515869141
2022-07-28,1.168397307395935
2022-07-29,1.2514681816101074
2022-07-30,1.2603412866592407
2022-07-31,1.2504725456237793
2022-08-01,1.4074245691299438
2022-08-02,1.7233690023422241
2022-08-03,1.6675997972488403
2022-08-04,1.3479599952697754
2022-08-05,1.0792642831802368
2022-08-06,0.9412068724632263
2022-08-07,0.8505696654319763
2022-08-08,0.7506468892097473
2022-08-09,0.6602798700332642
2022-08-10,0.5907856225967407
2022-08-11,0.5624626874923706
2022-08-12,0.6072065830230713
2022-08-13,0.7214165925979614
2022-08-14,0.7505512833595276
2022-08-15,0.691307544708252
2022-08-16,0.722545862197876
2022-08-17,0.8125112056732178
2022-08-18,0.8058292865753174
2022-08-19,0.708339273929596
2022-08-20,0.6253756880760193
2022-08-21,0.6300125122070312
2022-08-22,0.8303621411323547
2022-08-23,1.0788891315460205
2022-08-24,1.0851514339447021
2022-08-25,0.9667293429374695
2022-08-26,0.8723262548446655
2022-08-27,0.7887510657310486
2022-08-28,0.707199215888977
2022-08-29,0.6439393758773804
2022-08-30,0.577641487121582
2022-08-31,0.5184685587882996
2022-09-01,0.4785354435443878
2022-09-02,0.4340422749519348
2022-09-03,0.3935908377170563
2022-09-04,0.36486053466796875
2022-09-05,0.3533042371273041
2022-09-06,0.3681529760360718
2022-09-07,0.43071475625038147
2022-09-08,0.5159560441970825
2022-09-09,0.5821696519851685
2022-09-10,0.5961381196975708
2022-09-11,0.6385210752487183
2022-09-12,0.7875044941902161
2022-09-13,0.9092644453048706
2022-09-14,0.8772082328796387
2022-09-15,0.7474176287651062
2022-09-16,0.6233848929405212
2022-09-17,0.5313634872436523
2022-09-18,0.4693368077278137
2022-09-19,0.42337721586227417
2022-09-20,0.38951414823532104
2022-09-21,0.363138347864151
2022-09-22,0.3419105112552643
2022-09-23,0.326890766620636
2022-09-24,0.31162843108177185
2022-09-25,0.30063894391059875
2022-09-26,0.29415377974510193
2022-09-27,0.29079484939575195
2022-09-28,0.2818233072757721
2022-09-29,0.2732032239437103
2022-09-30,0.5019074082374573
2022-10-01,1.9487481117248535
2022-10-02,4.451177597045898
2022-10-03,5.043021202087402
2022-10-04,3.8300821781158447
2022-10-05,2.564591646194458
2022-10-06,1.758952260017395
2022-10-07,1.2946332693099976
2022-10-08,1.0294303894042969
2022-10-09,0.8562355041503906
2022-10-10,0.749512255191803
2022-10-11,0.680256187915802
2022-10-12,0.6270813941955566
2022-10-13,0.6007966995239258
2022-10-14,0.6191024780273438
2022-10-15,0.6481819748878479
2022-10-16,0.6344984173774719
2022-10-17,0.6073790192604065
2022-10-18,0.6158710718154907
2022-10-19,0.6305740475654602
2022-10-20,0.6151125431060791
2022-10-21,0.5907170176506042
2022-10-22,0.567678689956665
2022-10-23,0.5531741976737976
2022-10-24,0.5276790261268616
2022-10-25,0.5025474429130554
2022-10-26,0.48739010095596313
2022-10-27,0.4854523241519928
2022-10-28,0.4759671986103058
2022-10-29,0.46393513679504395
2022-10-30,0.4607769250869751
2022-10-31,0.48081067204475403
2022-11-01,0.5470939874649048
2022-11-02,0.66861891746521
2022-11-03,0.7295367121696472
2022-11-04,0.7347388863563538
2022-11-05,0.7120060920715332
2022-11-06,0.6775165796279907
2022-11-07,0.6497730612754822
2022-11-08,0.6301830410957336
2022-11-09,0.600670337677002
2022-11-10,0.5743438005447388
2022-11-11,0.6563848257064819
2022-11-12,1.1416656970977783
2022-11-13,1.8744399547576904
2022-11-14,1.9794796705245972
2022-11-15,1.6712367534637451
2022-11-16,1.406855821609497
2022-11-17,1.3045439720153809
2022-11-18,1.1924480199813843
2022-11-19,1.0913987159729004
2022-11-20,0.9983172416687012
2022-11-21,0.9349196553230286
2022-11-22,0.9166455864906311
2022-11-23,0.8974871039390564
2022-11-24,0.8752325773239136
2022-11-25,0.88779616355896
2022-11-26,1.0629611015319824
2022-11-27,1.4951280355453491
2022-11-28,2.3633241653442383
2022-11-29,3.378187656402588
2022-11-30,3.4712464809417725
2022-12-01,4.535185813903809
2022-12-02,6.405458450317383
2022-12-03,5.846011161804199
2022-12-04,4.701848983764648
2022-12-05,4.072714328765869
2022-12-06,3.427598237991333
2022-12-07,2.8676905632019043
2022-12-08,2.6145334243774414
2022-12-09,2.512830972671509
2022-12-10,2.381558895111084
2022-12-11,2.237412452697754
2022-12-12,2.093332290649414
2022-12-13,1.9593230485916138
2022-12-14,1.8331549167633057
2022-12-15,2.0542659759521484
2022-12-16,3.865910053253174
2022-12-17,6.6558427810668945
2022-12-18,6.5504937171936035
2022-12-19,5.200881481170654
2022-12-20,4.054701805114746
2022-12-21,3.291752338409424
2022-12-22,3.2498486042022705
2022-12-23,5.487921714782715
2022-12-24,9.178092002868652
2022-12-25,9.004194259643555
2022-12-26,7.070256233215332
2022-12-27,5.4359564781188965
2022-12-28,4.404054164886475
2022-12-29,3.8015270233154297
2022-12-30,3.4288170337677
2022-12-31,3.236147165298462
2023-01-01,3.4786009788513184
2023-01-02,4.079276084899902
2023-01-03,4.032619953155518
2023-01-04,3.8585705757141113
2023-01-05,4.607052803039551
2023-01-06,6.069736480712891
2023-01-07,5.938601970672607
2023-01-08,5.066018581390381
2023-01-09,4.4116034507751465
2023-01-10,4.259859561920166
2023-01-11,4.0684309005737305
2023-01-12,3.759556293487549
2023-01-13,3.7442336082458496
2023-01-14,4.449693202972412
2023-01-15,4.980770111083984
2023-01-16,4.718777179718018
2023-01-17,4.196100234985352
2023-01-18,3.956451177597046
2023-01-19,4.045597076416016
2023-01-20,3.942774772644043
2023-01-21,3.6857500076293945
2023-01-22,3.851376533508301
2023-01-23,7.298488616943359
2023-01-24,14.277721405029297
2023-01-25,17.384326934814453
2023-01-26,23.3278865814209
2023-01-27,31.706390380859375
2023-01-28,27.939041137695312
2023-01-29,19.714733123779297
2023-01-30,14.107080459594727
2023-01-31,12.18578052520752
2023-02-01,12.201251983642578
2023-02-02,11.810758590698242
2023-02-03,12.231029510498047
2023-02-04,12.981451988220215
2023-02-05,12.04568099975586
2023-02-06,10.136161804199219
2023-02-07,8.59610366821289
2023-02-08,7.413740158081055
2023-02-09,6.574824810028076
2023-02-10,5.987883567810059
2023-02-11,5.669314384460449
2023-02-12,8.137253761291504
2023-02-13,19.3857421875
2023-02-14,31.357868194580078
2023-02-15,27.558320999145508
2023-02-16,19.940937042236328
2023-02-17,14.883190155029297
2023-02-18,13.377126693725586
2023-02-19,13.280465126037598
2023-02-20,11.59901237487793
2023-02-21,10.14617919921875
2023-02-22,9.694862365722656
2023-02-23,9.905220031738281
2023-02-24,10.339691162109375
2023-02-25,9.642946243286133
2023-02-26,9.274243354797363
2023-02-27,9.881293296813965
2023-02-28,9.329617500305176
2023-03-01,8.393518447875977
2023-03-02,8.197668075561523
2023-03-03,11.419822692871094
2023-03-04,17.102462768554688
2023-03-05,18.418350219726562
2023-03-06,15.225005149841309
2023-03-07,11.923755645751953
2023-03-08,9.646814346313477
2023-03-09,8.060752868652344
2023-03-10,6.932954788208008
2023-03-11,6.325429916381836
2023-03-12,6.249824523925781
2023-03-13,6.81770133972168
2023-03-14,8.184016227722168
2023-03-15,8.181407928466797
2023-03-16,7.339090347290039
2023-03-17,6.501186370849609
2023-03-18,7.071146011352539
2023-03-19,10.19211196899414
2023-03-20,11.505266189575195
2023-03-21,10.32142448425293
2023-03-22,8.76925277709961
2023-03-23,8.043341636657715
2023-03-24,7.810349464416504
2023-03-25,7.243142127990723
2023-03-26,6.921964645385742
2023-03-27,10.418540954589844
2023-03-28,20.041542053222656
2023-03-29,24.42671012878418
2023-03-30,22.436447143554688
2023-03-31,18.78119659423828
2023-04-01,15.267475128173828
2023-04-02,13.277288436889648
2023-04-03,11.805639266967773
2023-04-04,10.007471084594727
2023-04-05,8.411067962646484
2023-04-06,7.242806911468506
2023-04-07,8.128301620483398
2023-04-08,22.740488052368164
2023-04-09,61.84346008300781
2023-04-10,85.74440002441406
2023-04-11,65.44951629638672
2023-04-12,42.29209518432617
2023-04-13,27.678285598754883
2023-04-14,19.93917465209961
2023-04-15,18.430347442626953
2023-04-16,19.890506744384766
2023-04-17,18.151765823364258
2023-04-18,14.872085571289062
2023-04-19,11.821807861328125
2023-04-20,9.616066932678223
2023-04-21,8.105657577514648
2023-04-22,7.34239387512207
2023-04-23,8.164504051208496
2023-04-24,9.684733390808105
2023-04-25,9.248085021972656
2023-04-26,7.966378688812256
2023-04-27,6.9864501953125
2023-04-28,7.415543556213379
2023-04-29,10.682276725769043
2023-04-30,15.119348526000977
2023-05-01,22.47676658630371
2023-05-02,28.217609405517578
2023-05-03,23.62862777709961
2023-05-04,16.95076560974121
2023-05-05,12.159867286682129
2023-05-06,9.196096420288086
2023-05-07,7.461938858032227
2023-05-08,6.348217010498047
2023-05-09,5.545263767242432
2023-05-10,4.970469951629639
2023-05-11,4.480106830596924
2023-05-12,4.045053482055664
2023-05-13,3.672600507736206
2023-05-14,3.364741802215576
2023-05-15,3.165675163269043
2023-05-16,3.024634838104248
2023-05-17,3.0053086280822754
2023-05-18,3.3824360370635986
2023-05-19,3.6536290645599365
2023-05-20,3.501213550567627
2023-05-21,3.2140626907348633
2023-05-22,2.9125988483428955
2023-05-23,2.6675050258636475
2023-05-24,2.4343981742858887
2023-05-25,2.2507810592651367
2023-05-26,2.0903337001800537
2023-05-27,2.053816556930542
2023-05-28,2.470179796218872
2023-05-29,3.5313563346862793
2023-05-30,4.495151996612549
2023-05-31,4.642665386199951
2023-06-01,4.051136493682861
2023-06-02,3.3710527420043945
2023-06-03,2.8566489219665527
2023-06-04,2.4784841537475586
2023-06-05,2.1880457401275635
2023-06-06,1.9852529764175415
2023-06-07,1.83839750289917
2023-06-08,1.7947027683258057
2023-06-09,1.8555738925933838
2023-06-10,1.770227074623108
2023-06-11,1.622079610824585
2023-06-12,1.504749059677124
2023-06-13,1.4568092823028564
2023-06-14,1.4341552257537842
2023-06-15,1.3664147853851318
2023-06-16,1.2724356651306152
2023-06-17,1.1885275840759277
2023-06-18,1.1071126461029053
2023-06-19,1.0492486953735352
2023-06-20,1.3544399738311768
2023-06-21,2.498730182647705
2023-06-22,3.9695897102355957
2023-06-23,5.322441101074219
2023-06-24,6.355422496795654
2023-06-25,6.178447246551514
2023-06-26,4.856499671936035
2023-06-27,4.015567779541016
2023-06-28,4.750657081604004
2023-06-29,5.446987152099609
2023-06-30,4.442422866821289
2023-07-01,3.451855421066284
2023-07-02,3.724168539047241
2023-07-03,4.372617721557617
2023-07-04,3.9299607276916504
2023-07-05,3.2444610595703125
2023-07-06,2.88739013671875
2023-07-07,2.8652732372283936
2023-07-08,2.891223192214966
2023-07-09,3.60837459564209
2023-07-10,5.382077217102051
2023-07-11,6.224643707275391
2023-07-12,5.195289134979248
2023-07-13,3.7740845680236816
2023-07-14,2.898749589920044
2023-07-15,2.8005831241607666
2023-07-16,3.1726629734039307
2023-07-17,3.1927895545959473
2023-07-18,2.8158631324768066
2023-07-19,2.300675392150879
2023-07-20,2.020439624786377
2023-07-21,1.961362361907959
2023-07-22,1.8740036487579346
2023-07-23,1.6923328638076782
2023-07-24,1.528230905532837
2023-07-25,1.4941898584365845
2023-07-26,1.452262282371521
2023-07-27,1.298301339149475
2023-07-28,1.1260887384414673
2023-07-29,0.9834840297698975
2023-07-30,0.8755017518997192
2023-07-31,0.8182014226913452
2023-08-01,0.8147307634353638
2023-08-02,0.8142135143280029
2023-08-03,0.7778016328811646
2023-08-04,0.7622228264808655
2023-08-05,0.7729048132896423
2023-08-06,0.763704776763916
2023-08-07,0.74689120054245
2023-08-08,0.7807769775390625
2023-08-09,0.8211575746536255
2023-08-10,0.8223029971122742
2023-08-11,0.8975733518600464
2023-08-12,0.9764670729637146
2023-08-13,0.9154820442199707
2023-08-14,0.805454432964325
2023-08-15,0.7567068338394165
2023-08-16,0.8449721336364746
2023-08-17,0.9268030524253845
2023-08-18,0.8598907589912415
2023-08-19,0.75030517578125
2023-08-20,0.6537774801254272
2023-08-21,0.5762337446212769
2023-08-22,0.5173203349113464
2023-08-23,0.4746367037296295
2023-08-24,0.4415091276168823
2023-08-25,0.41660916805267334
2023-08-26,0.4061422348022461
2023-08-27,0.4036577045917511
2023-08-28,0.46420979499816895
2023-08-29,0.6989343166351318
2023-08-30,1.0759752988815308
2023-08-31,1.8052796125411987
2023-09-01,2.994647264480591
2023-09-02,3.1114063262939453
2023-09-03,2.3165667057037354
2023-09-04,1.6123496294021606
2023-09-05,1.1720240116119385
2023-09-06,0.9061642289161682
2023-09-07,0.7393258810043335
2023-09-08,0.6391623616218567
2023-09-09,0.6704909801483154
2023-09-10,1.048384189605713
2023-09-11,1.5626962184906006
2023-09-12,1.5699888467788696
2023-09-13,1.3339686393737793
2023-09-14,1.1569255590438843
2023-09-15,1.021183967590332
2023-09-16,0.8780912160873413
2023-09-17,0.7669277191162109
2023-09-18,0.7550647258758545
2023-09-19,0.7847010493278503
2023-09-20,0.7351454496383667
2023-09-21,0.6641212105751038
2023-09-22,0.6183619499206543
2023-09-23,0.9738839268684387
2023-09-24,2.744495391845703
2023-09-25,4.959165096282959
2023-09-26,4.680213928222656
2023-09-27,3.4324874877929688
2023-09-28,2.440082550048828
2023-09-29,1.8180279731750488
2023-09-30,1.4333901405334473
2023-10-01,1.190830945968628
2023-10-02,1.040215015411377
2023-10-03,0.9207912683486938
2023-10-04,0.824752151966095
2023-10-05,0.7502312660217285
2023-10-06,0.7068290710449219
2023-10-07,0.713591992855072
2023-10-08,0.7281102538108826
2023-10-09,0.7053411602973938
2023-10-10,0.6680480241775513
2023-10-11,0.6352537870407104
2023-10-12,0.6404570937156677
2023-10-13,0.7311070561408997
2023-10-14,0.8494428992271423
2023-10-15,1.0106494426727295
2023-10-16,1.1900289058685303
2023-10-17,1.1680543422698975
2023-10-18,1.0476939678192139
2023-10-19,0.9314572215080261
2023-10-20,0.8528590798377991
2023-10-21,0.8420635461807251
2023-10-22,0.8457633852958679
2023-10-23,0.7985171675682068
2023-10-24,0.7411643266677856
2023-10-25,0.7064636945724487
2023-10-26,0.6818292140960693
2023-10-27,0.6535156965255737
2023-10-28,0.6233388185501099
2023-10-29,0.5953863263130188
2023-10-30,0.5654690265655518
2023-10-31,0.5515132546424866
2023-11-01,0.5753456354141235
2023-11-02,0.5891340374946594
2023-11-03,0.5947223901748657
2023-11-04,0.6045219302177429
2023-11-05,0.6196638345718384
2023-11-06,0.6276749968528748
2023-11-07,0.6247147917747498
2023-11-08,0.6172967553138733
2023-11-09,0.6065112948417664
2023-11-10,0.6033270359039307
2023-11-11,0.6118963956832886
2023-11-12,0.628980278968811
2023-11-13,0.6442306637763977
2023-11-14,0.6414536833763123
2023-11-15,0.6278734803199768
2023-11-16,0.6280102133750916
2023-11-17,0.6415871977806091
2023-11-18,0.6435862183570862
2023-11-19,0.6246123313903809
2023-11-20,0.6074453592300415
2023-11-21,0.6151979565620422
2023-11-22,0.9715807437896729
2023-11-23,2.1295971870422363
2023-11-24,2.881850004196167
2023-11-25,2.5878705978393555
2023-11-26,2.0342841148376465
2023-11-27,1.6351232528686523
2023-11-28,1.4012614488601685
2023-11-29,1.237876057624817
2023-11-30,1.1373474597930908
2023-12-01,1.0741350650787354
2023-12-02,1.0431268215179443
2023-12-03,1.0546488761901855
2023-12-04,1.1320148706436157
2023-12-05,1.191442847251892
2023-12-06,1.1625423431396484
2023-12-07,1.1124294996261597
2023-12-08,1.0718424320220947
2023-12-09,1.04630708694458
2023-12-10,1.0780965089797974
2023-12-11,2.248793601989746
2023-12-12,5.572454929351807
2023-12-13,6.667704105377197
2023-12-14,5.441371917724609
2023-12-15,4.006376266479492
2023-12-16,3.0704727172851562
2023-12-17,6.689160346984863
2023-12-18,27.68752670288086
2023-12-19,52.80165481567383
2023-12-20,43.73839569091797
2023-12-21,27.332813262939453
2023-12-22,16.378459930419922
2023-12-23,10.690230369567871
2023-12-24,7.759089469909668
2023-12-25,6.128276348114014
2023-12-26,5.312400817871094
2023-12-27,7.325399398803711
2023-12-28,15.62142276763916
2023-12-29,22.27741813659668
2023-12-30,19.171863555908203
2023-12-31,13.83296012878418
2024-01-01,9.952999114990234
2024-01-02,7.62616491317749
2024-01-03,6.199215888977051
2024-01-04,5.308200836181641
2024-01-05,4.8014326095581055
2024-01-06,4.715431213378906
2024-01-07,6.204441070556641
2024-01-08,8.935884475708008
2024-01-09,14.625539779663086
2024-01-10,40.011436462402344
2024-01-11,67.6383285522461
2024-01-12,56.097862243652344
2024-01-13,38.614810943603516
2024-01-14,28.834699630737305
2024-01-15,22.248987197875977
2024-01-16,16.935312271118164
2024-01-17,13.371879577636719
2024-01-18,11.451852798461914
2024-01-19,9.656073570251465
2024-01-20,8.362297058105469
2024-01-21,7.409518718719482
2024-01-22,6.562567710876465
2024-01-23,5.827171802520752
2024-01-24,5.36761474609375
2024-01-25,5.295007705688477
2024-01-26,5.883244037628174
2024-01-27,7.195391654968262
2024-01-28,8.553230285644531
2024-01-29,11.176203727722168
2024-01-30,12.88672161102295
2024-01-31,11.587745666503906
2024-02-01,9.859554290771484
2024-02-02,8.706625938415527
2024-02-03,7.79393196105957
2024-02-04,6.92093563079834
2024-02-05,6.19499397277832
2024-02-06,5.692119598388672
2024-02-07,5.254021167755127
2024-02-08,4.895631790161133
2024-02-09,4.631702899932861
2024-02-10,4.462741374969482
2024-02-11,4.432074546813965
2024-02-12,5.358959674835205
2024-02-13,9.574468612670898
2024-02-14,15.338118553161621
2024-02-15,15.517927169799805
2024-02-16,12.852452278137207
2024-02-17,10.31523323059082
2024-02-18,8.492972373962402
2024-02-19,7.186081409454346
2024-02-20,6.298654556274414
2024-02-21,5.653695583343506
2024-02-22,5.195742607116699
2024-02-23,5.015558242797852
2024-02-24,5.5228681564331055
2024-02-25,6.392263889312744
2024-02-26,6.315284729003906
2024-02-27,5.913693904876709
2024-02-28,6.064096450805664
2024-02-29,7.312228202819824
2024-03-01,8.896011352539062
2024-03-02,12.015242576599121
2024-03-03,20.110767364501953
2024-03-04,24.41592025756836
2024-03-05,21.188005447387695
2024-03-06,16.77867317199707
2024-03-07,16.020902633666992
2024-03-08,17.728378295898438
2024-03-09,17.815113067626953
2024-03-10,23.213747024536133
2024-03-11,30.180057525634766
2024-03-12,26.0866756439209
2024-03-13,19.32866096496582
2024-03-14,14.556970596313477
2024-03-15,11.626354217529297
2024-03-16,10.097121238708496
2024-03-17,9.20742416381836
2024-03-18,8.33816909790039
2024-03-19,7.536673545837402
2024-03-20,6.847308158874512
2024-03-21,6.275374889373779
2024-03-22,5.775228023529053
2024-03-23,5.862616539001465
2024-03-24,7.578752517700195
2024-03-25,9.448530197143555
2024-03-26,8.961549758911133
2024-03-27,8.806282043457031
2024-03-28,21.75592803955078
2024-03-29,52.95341873168945
2024-03-30,57.92961883544922
2024-03-31,43.82941436767578
2024-04-01,30.066373825073242
2024-04-02,21.146608352661133
2024-04-03,16.184696197509766
2024-04-04,14.896381378173828
2024-04-05,15.152154922485352
2024-04-06,13.508671760559082
2024-04-07,11.289565086364746
2024-04-08,9.38742446899414
2024-04-09,8.145736694335938
2024-04-10,7.467970848083496
2024-04-11,7.147546768188477
2024-04-12,7.212648868560791
2024-04-13,7.656844615936279
2024-04-14,7.290832996368408
2024-04-15,6.466073513031006
2024-04-16,5.750967025756836
2024-04-17,5.246294021606445
2024-04-18,4.859517574310303
2024-04-19,4.529184341430664
2024-04-20,4.224088668823242
2024-04-21,4.098322868347168
2024-04-22,4.447945594787598
2024-04-23,4.994390964508057
2024-04-24,4.809325218200684
2024-04-25,4.429269790649414
2024-04-26,4.046687126159668
2024-04-27,3.708178997039795
2024-04-28,3.433810234069824
2024-04-29,3.206313371658325
2024-04-30,2.9857733249664307
2024-05-01,2.7658681869506836
2024-05-02,2.5803980827331543
2024-05-03,2.407757520675659
2024-05-04,2.3031420707702637
2024-05-05,3.1767141819000244
2024-05-06,6.460857391357422
2024-05-07,9.744884490966797
2024-05-08,9.60025405883789
2024-05-09,7.98959493637085
2024-05-10,6.8359527587890625
2024-05-11,5.908138275146484
2024-05-12,4.859543800354004
2024-05-13,4.001763343811035
2024-05-14,4.156096935272217
2024-05-15,8.467605590820312
2024-05-16,15.601692199707031
2024-05-17,15.432966232299805
2024-05-18,12.347786903381348
2024-05-19,10.663263320922852
2024-05-20,9.574816703796387
2024-05-21,7.84273624420166
2024-05-22,6.18668270111084
2024-05-23,4.9153900146484375
2024-05-24,4.227180004119873
2024-05-25,4.460031509399414
2024-05-26,5.019275665283203
2024-05-27,5.1278076171875
2024-05-28,5.884446144104004
2024-05-29,6.422130107879639
2024-05-30,5.580565452575684
2024-05-31,4.493588924407959
2024-06-01,3.6830267906188965
2024-06-02,3.099430799484253
2024-06-03,2.730428457260132
2024-06-04,2.5745890140533447
2024-06-05,2.5129947662353516
2024-06-06,2.3682913780212402
2024-06-07,2.1869897842407227
2024-06-08,2.041781425476074
2024-06-09,1.868652582168579
2024-06-10,1.6958959102630615
2024-06-11,1.6277658939361572
2024-06-12,1.5892550945281982
2024-06-13,1.484818458557129
2024-06-14,1.3655548095703125
2024-06-15,1.2562427520751953
2024-06-16,1.1542391777038574
2024-06-17,1.0507627725601196
2024-06-18,0.9692625999450684
2024-06-19,0.9069167375564575
2024-06-20,0.8467498421669006
2024-06-21,0.795451819896698
2024-06-22,0.7537100911140442
2024-06-23,0.7061187624931335
2024-06-24,0.6649632453918457
2024-06-25,0.6295292973518372
2024-06-26,0.5945026278495789
2024-06-27,0.5653891563415527
2024-06-28,0.5408337116241455
2024-06-29,0.5243613123893738
2024-06-30,0.5055884122848511
2024-07-01,0.567784309387207
2024-07-02,0.7826814651489258
2024-07-03,0.8776518106460571
2024-07-04,0.791217029094696
2024-07-05,0.6850688457489014
2024-07-06,0.6305172443389893
2024-07-07,0.6870140433311462
2024-07-08,0.9404127597808838
2024-07-09,1.2051705121994019
2024-07-10,1.165287733078003
2024-07-11,0.9752609729766846
2024-07-12,0.9730883240699768
2024-07-13,1.5767189264297485
2024-07-14,2.3754079341888428
2024-07-15,2.2077081203460693
2024-07-16,1.6690504550933838
2024-07-17,1.2583136558532715
2024-07-18,1.028328776359558
2024-07-19,1.088484287261963
2024-07-20,1.4944422245025635
2024-07-21,1.917651653289795
2024-07-22,2.382237672805786
2024-07-23,3.899496555328369
2024-07-24,5.666537761688232
2024-07-25,6.250918388366699
2024-07-26,7.792959213256836
2024-07-27,9.202213287353516
2024-07-28,7.692695617675781
2024-07-29,5.34680700302124
2024-07-30,4.066940784454346
2024-07-31,3.6675796508789062
2024-08-01,2.993380546569824
2024-08-02,2.354799747467041
2024-08-03,2.3482823371887207
2024-08-04,3.530895709991455
2024-08-05,4.735556602478027
2024-08-06,4.46779727935791
2024-08-07,4.636836051940918
2024-08-08,19.584941864013672
2024-08-09,75.2984390258789
2024-08-10,120.0085678100586
2024-08-11,88.07247924804688
2024-08-12,48.70661163330078
2024-08-13,26.654804229736328
2024-08-14,16.06357192993164
2024-08-15,10.827767372131348
2024-08-16,7.896443843841553
2024-08-17,6.063248634338379
2024-08-18,4.8946733474731445
2024-08-19,4.207873344421387
2024-08-20,3.7462077140808105
2024-08-21,3.3221850395202637
2024-08-22,2.9431369304656982
2024-08-23,2.6087191104888916
2024-08-24,2.339155673980713
2024-08-25,2.1236987113952637
2024-08-26,1.9391615390777588
2024-08-27,1.773523211479187
2024-08-28,1.6250121593475342
2024-08-29,1.496842384338379
2024-08-30,1.4508392810821533
2024-08-31,1.7514474391937256
2024-09-01,2.3380417823791504
2024-09-02,2.875844717025757
2024-09-03,3.7225852012634277
2024-09-04,4.067163467407227
2024-09-05,3.451284885406494
2024-09-06,2.7472143173217773
2024-09-07,2.2684669494628906
2024-09-08,2.008352279663086
2024-09-09,1.8507145643234253
2024-09-10,1.6871410608291626
2024-09-11,1.527036428451538
2024-09-12,1.3839049339294434
2024-09-13,1.3255385160446167
2024-09-14,1.5229789018630981
2024-09-15,1.8223397731781006
2024-09-16,2.505023956298828
2024-09-17,7.169661521911621
2024-09-18,16.039077758789062
2024-09-19,18.375659942626953
2024-09-20,14.813250541687012
2024-09-21,10.712747573852539
2024-09-22,7.586286544799805
2024-09-23,5.637052059173584
2024-09-24,4.54032039642334
2024-09-25,5.034045696258545
2024-09-26,9.372358322143555
2024-09-27,17.85226821899414
2024-09-28,28.6395206451416
2024-09-29,31.680816650390625
2024-09-30,24.40060043334961
2024-10-01,18.065568923950195
2024-10-02,14.5772705078125
2024-10-03,11.538910865783691
2024-10-04,8.92779541015625
2024-10-05,7.042337417602539
2024-10-06,5.727816581726074
2024-10-07,4.806942462921143
2024-10-08,4.124542713165283
2024-10-09,3.597360134124756
2024-10-10,3.203737258911133
2024-10-11,2.9023351669311523
2024-10-12,2.6485981941223145
2024-10-13,2.434462547302246
2024-10-14,2.254368543624878
2024-10-15,2.108388900756836
2024-10-16,1.995206594467163
2024-10-17,1.9148223400115967
2024-10-18,1.8329377174377441
2024-10-19,1.7478411197662354
2024-10-20,1.6722023487091064
2024-10-21,1.615766167640686
2024-10-22,1.574924111366272
2024-10-23,1.5449930429458618
2024-10-24,1.510603666305542
2024-10-25,1.456863522529602
2024-10-26,1.4146232604980469
2024-10-27,1.378476619720459
2024-10-28,1.3856759071350098
2024-10-29,1.4171773195266724
2024-10-30,1.432896375656128
2024-10-31,1.3879363536834717
2024-11-01,1.3352493047714233
2024-11-02,1.3094468116760254
2024-11-03,1.2890725135803223
2024-11-04,1.269493579864502
2024-11-05,1.2591475248336792
2024-11-06,1.255365252494812
2024-11-07,1.3220477104187012
2024-11-08,1.6386663913726807
2024-11-09,1.981660008430481
2024-11-10,1.9628682136535645
2024-11-11,1.887645959854126
2024-11-12,1.980125069618225
2024-11-13,2.1374685764312744
2024-11-14,2.3118906021118164
2024-11-15,3.476539373397827
2024-11-16,5.231346607208252
2024-11-17,5.485724925994873
2024-11-18,4.653615474700928
2024-11-19,3.7858505249023438
2024-11-20,3.2246923446655273
2024-11-21,3.115433931350708
2024-11-22,3.370485782623291
2024-11-23,3.3416712284088135
2024-11-24,3.0516011714935303
2024-11-25,2.7707457542419434
2024-11-26,2.5647525787353516
2024-11-27,2.461374282836914
2024-11-28,2.4610185623168945
2024-11-29,2.4323794841766357
2024-11-30,2.415832042694092
2024-12-01,2.3256754875183105
2024-12-02,2.2190017700195312
2024-12-03,2.12092924118042
2024-12-04,2.056795835494995
2024-12-05,1.9954497814178467
2024-12-06,1.9228459596633911
2024-12-07,1.8855448961257935
2024-12-08,1.8538872003555298
2024-12-09,1.8512381315231323
2024-12-10,1.989379644393921
2024-12-11,6.784462928771973
2024-12-12,25.914024353027344
2024-12-13,42.30350112915039
2024-12-14,33.41168975830078
2024-12-15,21.80046844482422
2024-12-16,14.473334312438965
2024-12-17,10.30448055267334
2024-12-18,7.995823860168457
2024-12-19,6.646971702575684
2024-12-20,5.788576126098633
2024-12-21,5.149559020996094
2024-12-22,4.652012825012207
2024-12-23,4.258248329162598
2024-12-24,3.9278552532196045
2024-12-25,3.67767596244812
2024-12-26,3.4520206451416016
2024-12-27,3.269033193588257
2024-12-28,3.1452245712280273
2024-12-29,3.2147114276885986
2024-12-30,3.7531723976135254
2024-12-31,4.58491325378418
2025-01-01,4.863699913024902
2025-01-02,4.643556118011475
2025-01-03,4.225531578063965
2025-01-04,3.8567347526550293
2025-01-05,3.56927227973938
2025-01-06,3.3917312622070312
2025-01-07,3.569877862930298
2025-01-08,4.093087196350098
2025-01-09,4.124702453613281
2025-01-10,3.8769240379333496
2025-01-11,3.6767189502716064
2025-01-12,3.804258346557617
2025-01-13,3.998958110809326
2025-01-14,3.934903621673584
2025-01-15,3.7726213932037354
2025-01-16,3.582991361618042
2025-01-17,3.3648834228515625
2025-01-18,3.21144962310791
2025-01-19,3.148808479309082
2025-01-20,3.1345365047454834
2025-01-21,3.1280274391174316
2025-01-22,3.0511155128479004
2025-01-23,2.9618029594421387
2025-01-24,2.857701301574707
2025-01-25,2.7485532760620117
2025-01-26,2.6777255535125732
2025-01-27,2.665067672729492
2025-01-28,2.6861963272094727
2025-01-29,2.7243809700012207
2025-01-30,2.7189486026763916
2025-01-31,2.7131710052490234
2025-02-01,3.6343817710876465
2025-02-02,7.480883598327637
2025-02-03,10.684427261352539
2025-02-04,9.831350326538086
2025-02-05,7.8231024742126465
2025-02-06,6.3053669929504395
2025-02-07,5.464554786682129
2025-02-08,4.9785003662109375
2025-02-09,4.506866455078125
2025-02-10,4.198423385620117
2025-02-11,4.042850971221924
2025-02-12,5.0803093910217285
2025-02-13,10.60067367553711
2025-02-14,19.258392333984375
2025-02-15,21.3046932220459
2025-02-16,18.43337631225586
2025-02-17,18.89948081970215
2025-02-18,19.059186935424805
2025-02-19,15.58105754852295
2025-02-20,12.712301254272461
2025-02-21,11.763044357299805
2025-02-22,10.313067436218262
2025-02-23,8.814281463623047
2025-02-24,7.726729393005371
2025-02-25,6.935186386108398
2025-02-26,6.3340983390808105
2025-02-27,6.022162437438965
2025-02-28,6.335561752319336
2025-03-01,6.704639434814453
2025-03-02,6.420456886291504
2025-03-03,5.873706817626953
2025-03-04,5.306325912475586
2025-03-05,5.712957859039307
2025-03-06,9.793012619018555
2025-03-07,15.391733169555664
2025-03-08,15.025739669799805
2025-03-09,12.354151725769043
2025-03-10,9.918107986450195
2025-03-11,8.384766578674316
2025-03-12,7.507720470428467
2025-03-13,6.6477227210998535
2025-03-14,5.959423065185547
2025-03-15,5.4216766357421875
2025-03-16,5.772922992706299
2025-03-17,10.526031494140625
2025-03-18,19.2993106842041
2025-03-19,19.9545955657959
2025-03-20,16.12088394165039
2025-03-21,13.440547943115234
2025-03-22,12.020233154296875
2025-03-23,10.181310653686523
2025-03-24,8.61589527130127
2025-03-25,8.020143508911133
2025-03-26,7.918750762939453
2025-03-27,7.286495685577393
2025-03-28,6.468251705169678
2025-03-29,5.853493690490723
2025-03-30,5.36164665222168
2025-03-31,5.0146403312683105
2025-04-01,5.110882759094238
2025-04-02,5.638651371002197
2025-04-03,5.587701797485352
2025-04-04,5.164145469665527
2025-04-05,4.700207710266113
2025-04-06,4.269119739532471
2025-04-07,5.77335786819458
2025-04-08,20.788835525512695
2025-04-09,46.8523063659668
2025-04-10,40.31719207763672
2025-04-11,31.028459548950195
2025-04-12,32.55994415283203
2025-04-13,33.48820114135742
2025-04-14,26.47927474975586
2025-04-15,18.63911247253418
2025-04-16,13.480331420898438
2025-04-17,10.366300582885742
2025-04-18,8.334226608276367
2025-04-19,7.026206016540527
2025-04-20,6.1263108253479
2025-04-21,5.383841514587402
2025-04-22,4.805245399475098
2025-04-23,4.368135929107666
2025-04-24,4.036635398864746
2025-04-25,3.7453532218933105
2025-04-26,3.5361289978027344
2025-04-27,3.4096508026123047
2025-04-28,3.2562382221221924
2025-04-29,3.010928153991699
2025-04-30,2.7861320972442627
2025-05-01,2.607389211654663
2025-05-02,2.46457576751709
2025-05-03,2.4566969871520996
2025-05-04,3.3602006435394287
2025-05-05,6.25639009475708
2025-05-06,9.263267517089844
2025-05-07,9.337590217590332
2025-05-08,7.5325164794921875
2025-05-09,6.337508678436279
2025-05-10,7.425119876861572
2025-05-11,8.989171981811523
2025-05-12,12.297372817993164
2025-05-13,28.056568145751953
2025-05-14,50.557640075683594
2025-05-15,54.32461929321289
2025-05-16,44.66145706176758
2025-05-17,30.61186981201172
2025-05-18,20.061594009399414
2025-05-19,13.748659133911133
2025-05-20,9.751873970031738
2025-05-21,7.415093421936035
2025-05-22,6.35805082321167
2025-05-23,5.836071968078613
2025-05-24,5.070035457611084
2025-05-25,4.346888542175293
2025-05-26,3.788299083709717
2025-05-27,3.6159653663635254
2025-05-28,4.624174118041992
2025-05-29,6.776815414428711
2025-05-30,8.503312110900879
2025-05-31,10.87005615234375
2025-06-01,11.942248344421387
2025-06-02,9.875467300415039
2025-06-03,7.519169330596924
2025-06-04,5.775757789611816
2025-06-05,5.5315728187561035
2025-06-06,9.503120422363281
2025-06-07,15.491265296936035
2025-06-08,15.950950622558594
2025-06-09,14.297107696533203
2025-06-10,11.364354133605957
2025-06-11,9.607564926147461
2025-06-12,9.09412670135498
2025-06-13,7.929781436920166
2025-06-14,7.456269264221191
2025-06-15,7.546435832977295
2025-06-16,7.325820446014404
2025-06-17,8.737298011779785
2025-06-18,11.174270629882812
2025-06-19,11.149816513061523
2025-06-20,8.841558456420898
2025-06-21,6.681751251220703
2025-06-22,5.177038192749023
2025-06-23,4.074857234954834
2025-06-24,3.3132896423339844
2025-06-25,2.826874256134033
2025-06-26,2.6307504177093506
2025-06-27,2.6719677448272705
2025-06-28,2.660917043685913
2025-06-29,2.7361249923706055
2025-06-30,2.8102688789367676
2025-07-01,2.6790616512298584
2025-07-02,3.054208993911743
2025-07-03,5.0941619873046875
2025-07-04,6.956735610961914
2025-07-05,6.062757968902588
2025-07-06,5.710338115692139
2025-07-07,13.630011558532715
2025-07-08,30.484317779541016
2025-07-09,30.077539443969727
2025-07-10,21.40883445739746
2025-07-11,17.78418731689453
2025-07-12,17.599945068359375
2025-07-13,13.836929321289062
2025-07-14,10.12210750579834
2025-07-15,8.942740440368652
2025-07-16,11.628915786743164
2025-07-17,16.3182373046875
2025-07-18,16.459659576416016
2025-07-19,13.385523796081543
2025-07-20,13.024821281433105
2025-07-21,17.036602020263672
2025-07-22,18.108306884765625
2025-07-23,14.701376914978027
2025-07-24,10.675219535827637
2025-07-25,7.464266777038574
2025-07-26,5.480498313903809
2025-07-27,4.366631507873535
2025-07-28,3.774486780166626
2025-07-29,3.6193034648895264
2025-07-30,3.6232080459594727
2025-07-31,3.2862212657928467
2025-08-01,2.9546453952789307
2025-08-02,2.9966249465942383
2025-08-03,3.2537941932678223
2025-08-04,3.1964993476867676
2025-08-05,2.96052885055542
2025-08-06,3.28886342048645
2025-08-07,5.092897415161133
2025-08-08,8.476359367370605
2025-08-09,10.378052711486816
2025-08-10,8.807153701782227
2025-08-11,6.573716163635254
2025-08-12,5.986649990081787
2025-08-13,7.222333908081055
2025-08-14,8.278932571411133
2025-08-15,8.576108932495117
2025-08-16,7.687356472015381
2025-08-17,6.144871711730957
2025-08-18,4.841434478759766
2025-08-19,3.905734062194824
2025-08-20,3.2847983837127686
2025-08-21,2.8474509716033936
2025-08-22,2.5216598510742188
2025-08-23,2.2822723388671875
2025-08-24,2.1229896545410156
2025-08-25,2.037942886352539
2025-08-26,1.9443731307983398
2025-08-27,1.799285888671875
2025-08-28,1.659201741218567
2025-08-29,1.5500954389572144
2025-08-30,1.4614574909210205
2025-08-31,1.3659913539886475
2025-09-01,1.292205810546875
2025-09-02,1.2180389165878296
2025-09-03,1.1501867771148682
2025-09-04,1.1034494638442993
2025-09-05,1.0787930488586426
2025-09-06,1.0636911392211914
2025-09-07,1.07851243019104
2025-09-08,1.1631492376327515
2025-09-09,1.2294716835021973
2025-09-10,1.1746723651885986
2025-09-11,1.1035515069961548
2025-09-12,1.048522710800171
2025-09-13,0.9940216541290283
2025-09-14,0.9369661808013916
2025-09-15,0.882975697517395
2025-09-16,0.8482599258422852
2025-09-17,0.8216031789779663
2025-09-18,0.8041558265686035
2025-09-19,0.7922515273094177
2025-09-20,0.7706553936004639
2025-09-21,0.7350730895996094
2025-09-22,0.7003233432769775
2025-09-23,0.6703060269355774
2025-09-24,0.6407276391983032
2025-09-25,0.6182262897491455
2025-09-26,0.6229825019836426
2025-09-27,0.8340902924537659
2025-09-28,1.5377745628356934
2025-09-29,2.154658794403076
2025-09-30,2.5721702575683594
2025-10-01,3.9285216331481934
2025-10-02,4.8857421875
2025-10-03,4.013880729675293
2025-10-04,2.8545613288879395
2025-10-05,2.1049282550811768
2025-10-06,1.68010675907135
2025-10-07,1.4203723669052124
2025-10-08,1.2605135440826416
2025-10-09,1.1826317310333252
2025-10-10,1.1407086849212646
2025-10-11,1.1262295246124268
2025-10-12,1.4019700288772583
2025-10-13,2.157857894897461
2025-10-14,2.7824246883392334
2025-10-15,2.6381735801696777
2025-10-16,2.182647943496704
2025-10-17,1.7931585311889648
2025-10-18,1.5302093029022217
2025-10-19,1.3594835996627808
2025-10-20,1.2408840656280518
2025-10-21,1.1556661128997803
2025-10-22,1.081566572189331
2025-10-23,1.015672206878662
2025-10-24,0.9604622721672058
2025-10-25,0.9161810874938965
2025-10-26,0.8858378529548645
2025-10-27,0.9558971524238586
2025-10-28,1.9173500537872314
2025-10-29,4.508228778839111
2025-10-30,6.295231342315674
2025-10-31,6.053108215332031
2025-11-01,4.921450138092041
2025-11-02,3.773895263671875
2025-11-03,3.184206962585449
2025-11-04,3.6037673950195312
2025-11-05,4.333800315856934
2025-11-06,4.117204189300537
2025-11-07,3.4706501960754395
2025-11-08,2.935703992843628
2025-11-09,2.580350399017334
2025-11-10,2.479193687438965
2025-11-11,2.49995756149292
2025-11-12,2.398615837097168
2025-11-13,2.2092490196228027
2025-11-14,2.034959316253662
2025-11-15,1.9208812713623047
2025-11-16,1.8342957496643066
2025-11-17,1.734508752822876
2025-11-18,1.6576859951019287
2025-11-19,1.6218293905258179
2025-11-20,1.6093344688415527
2025-11-21,1.6402692794799805
2025-11-22,1.6961963176727295
2025-11-23,1.783254861831665
2025-11-24,1.8002351522445679
2025-11-25,1.7613682746887207
2025-11-26,1.7374281883239746
2025-11-27,1.740281581878662
2025-11-28,1.7666006088256836
2025-11-29,1.7188963890075684
2025-11-30,1.662553310394287
2025-12-01,1.6492840051651
2025-12-02,2.0792479515075684
2025-12-03,3.7338600158691406
2025-12-04,5.560244083404541
2025-12-05,5.376430034637451
2025-12-06,4.554314136505127
2025-12-07,4.16814661026001
2025-12-08,3.7224619388580322
2025-12-09,3.375854015350342
2025-12-10,3.268526554107666
2025-12-11,3.077308177947998
2025-12-12,2.839372158050537
2025-12-13,2.6588730812072754
2025-12-14,2.5519862174987793
2025-12-15,2.494637966156006
2025-12-16,2.4975664615631104
2025-12-17,2.4138050079345703
2025-12-18,2.357398509979248
2025-12-19,2.9127044677734375
2025-12-20,4.882575035095215
2025-12-21,6.255544662475586
2025-12-22,5.860401630401611
2025-12-23,4.933993339538574
2025-12-24,4.2070631980896
2025-12-25,3.7266530990600586
2025-12-26,3.4244332313537598
2025-12-27,3.2416024208068848
2025-12-28,3.065387010574341
2025-12-29,2.8881726264953613
2025-12-30,2.7724666595458984
2025-12-31,2.6915054321289062