"COMID","Longitude","Latitude","dataset_source"
6203322,-74.54846,41.2601,"Caravan_PFAS"
6248392,-73.98915,40.9988,"Caravan_PFAS"
6249998,-74.34709,40.84469,"Caravan_PFAS"
6251110,-74.27277,40.89725,"Caravan_PFAS"
6246362,-74.40141,41.01824,"Caravan_PFAS"
6250676,-74.22558,40.88442,"Caravan_PFAS"
6250666,-74.08083,40.89035,"Caravan_PFAS"
9513836,-74.86795,40.57223,"Caravan_PFAS"
9513840,-74.67826,40.57079,"Caravan_PFAS"
9514706,-74.57587,40.47497,"Caravan_PFAS"
9442083,-74.1548,40.16113,"Caravan_PFAS"
9441123,-74.168,40.21242,"Caravan_PFAS"
9485398,-75.07673,39.49564,"Caravan_PFAS"
2590277,-74.78002,40.22001,"Caravan_PFAS"
4494690,-75.02177,39.90279,"Caravan_PFAS"
4495818,-75.25919,39.74053,"Caravan_PFAS"
9480708,-75.3303,39.6437,"Caravan_PFAS"
3986398,-84.09025,39.79766,"Caravan_PFAS"
4153168,-75.03759,41.08833,"Caravan_PFAS"
4782187,-75.20624,40.01527,"Caravan_PFAS"
4652046,-75.59355,39.86966,"Caravan_PFAS"
2603121,-76.08667,41.18874,"Caravan_PFAS"
8153799,-76.87835,40.96717,"Caravan_PFAS"
4710000,-76.88472,40.25567,"Caravan_PFAS"
3821215,-80.20634,40.55133,"Caravan_PFAS"
7710210,-73.35489,42.23181,"Caravan_PFAS"
21633937,-77.51178,43.14487,"Caravan_PFAS"
3176490,-109.02668,39.13254,"Caravan_PFAS"
6746076,-71.17729,42.69353,"Caravan_PFAS"
10295286,-72.63273,42.52663,"Caravan_PFAS"
7690589,-72.31865,42.2047,"Caravan_PFAS"
7692457,-72.51397,42.16068,"Caravan_PFAS"
6097601,-72.63642,42.09996,"Caravan_PFAS"
6203170,-74.62966,41.04027,"Caravan_PFAS"
6203376,-74.57516,41.19383,"Caravan_PFAS"
6203098,-74.67529,41.16255,"Caravan_PFAS"
6203060,-74.64133,41.18233,"Caravan_PFAS"
6202934,-74.56326,41.236,"Caravan_PFAS"
6203096,-74.41957,41.18676,"Caravan_PFAS"
6203096,-74.42135,41.16216,"Caravan_PFAS"
6247902,-73.96033,40.97356,"Caravan_PFAS"
6249408,-74.00806,40.98969,"Caravan_PFAS"
6249726,-74.03907,40.91178,"Caravan_PFAS"
6250820,-74.54909,40.74153,"Caravan_PFAS"
6250820,-74.55322,40.76356,"Caravan_PFAS"
6250418,-74.52368,40.65389,"Caravan_PFAS"
6250368,-74.43976,40.68952,"Caravan_PFAS"
6250652,-74.50143,40.90217,"Caravan_PFAS"
6249774,-74.46267,40.90356,"Caravan_PFAS"
6249606,-74.41225,40.95073,"Caravan_PFAS"
6250702,-74.39533,40.85333,"Caravan_PFAS"
6245966,-74.44181,41.04796,"Caravan_PFAS"
6246322,-74.16302,41.09827,"Caravan_PFAS"
6250932,-74.27622,40.99522,"Caravan_PFAS"
6249470,-74.28223,40.96979,"Caravan_PFAS"
6249662,-74.29122,40.92656,"Caravan_PFAS"
6249528,-74.21889,40.95289,"Caravan_PFAS"
6251048,-74.18367,40.91222,"Caravan_PFAS"
6261518,-74.23876,40.69395,"Caravan_PFAS"
6261526,-74.31174,40.68749,"Caravan_PFAS"
6261548,-74.28165,40.62219,"Caravan_PFAS"
9513920,-74.74344,40.87378,"Caravan_PFAS"
9512946,-74.96887,40.64821,"Caravan_PFAS"
9513224,-74.86063,40.59004,"Caravan_PFAS"
9515526,-74.82774,40.47334,"Caravan_PFAS"
9513510,-74.70512,40.526,"Caravan_PFAS"
9513394,-74.69677,40.54724,"Caravan_PFAS"
9512896,-74.79614,40.67743,"Caravan_PFAS"
9513068,-74.77241,40.62021,"Caravan_PFAS"
9513022,-74.68607,40.63426,"Caravan_PFAS"
9513352,-74.63576,40.56473,"Caravan_PFAS"
9515628,-74.588,40.31378,"Caravan_PFAS"
9514992,-74.80467,40.38211,"Caravan_PFAS"
9515108,-74.71796,40.35231,"Caravan_PFAS"
9515564,-74.61953,40.37076,"Caravan_PFAS"
9513832,-74.49941,40.58071,"Caravan_PFAS"
9512914,-74.42011,40.65767,"Caravan_PFAS"
9515656,-74.39805,40.29509,"Caravan_PFAS"
6262714,-74.14786,40.38453,"Caravan_PFAS"
6262928,-74.06925,40.19792,"Caravan_PFAS"
6263234,-74.09169,40.24336,"Caravan_PFAS"
6262926,-74.06583,40.20333,"Caravan_PFAS"
9442071,-74.25344,40.20713,"Caravan_PFAS"
9442119,-74.21919,40.10979,"Caravan_PFAS"
9453743,-74.21827,39.97639,"Caravan_PFAS"
9454535,-74.67922,39.66311,"Caravan_PFAS"
9454123,-74.71651,39.77301,"Caravan_PFAS"
9446603,-74.87522,39.70989,"Caravan_PFAS"
9454637,-74.71623,39.63004,"Caravan_PFAS"
9447041,-74.66649,39.7094,"Caravan_PFAS"
9447787,-74.54085,39.67497,"Caravan_PFAS"
9434169,-74.97778,39.65122,"Caravan_PFAS"
9434111,-74.77964,39.51388,"Caravan_PFAS"
9436617,-74.69037,39.47041,"Caravan_PFAS"
9436633,-74.66431,39.42548,"Caravan_PFAS"
9483520,-74.89639,39.0275,"Caravan_PFAS"
9483472,-74.91139,39.26,"Caravan_PFAS"
9481698,-75.10427,39.62031,"Caravan_PFAS"
9482012,-75.083,39.59667,"Caravan_PFAS"
9481742,-75.06079,39.59054,"Caravan_PFAS"
9479154,-74.98978,39.52111,"Caravan_PFAS"
9483432,-74.96591,39.41915,"Caravan_PFAS"
9484462,-75.2555,39.4725,"Caravan_PFAS"
4151294,-74.80367,41.20667,"Caravan_PFAS"
2583317,-74.68782,41.06662,"Caravan_PFAS"
2583353,-74.87867,41.07511,"Caravan_PFAS"
2586771,-74.95329,40.98089,"Caravan_PFAS"
932040221,-74.84921,40.97528,"Caravan_PFAS"
2587861,-75.07803,40.83035,"Caravan_PFAS"
2586223,-74.7188,40.92645,"Caravan_PFAS"
2588261,-75.18619,40.59266,"Caravan_PFAS"
2588101,-75.09378,40.58333,"Caravan_PFAS"
2588127,-75.02722,40.55656,"Caravan_PFAS"
2588141,-75.04587,40.54405,"Caravan_PFAS"
9514052,-74.46403,40.50857,"Caravan_PFAS"
2591115,-75.02131,40.47109,"Caravan_PFAS"
2590217,-74.94664,40.35575,"Caravan_PFAS"
2593559,-74.71733,40.25322,"Caravan_PFAS"
2590137,-74.76862,40.21737,"Caravan_PFAS"
4481245,-74.54112,40.08523,"Caravan_PFAS"
4481055,-74.61787,40.13606,"Caravan_PFAS"
4481599,-74.67708,40.16719,"Caravan_PFAS"
4480899,-74.59896,40.17756,"Caravan_PFAS"
4481155,-74.64111,40.10988,"Caravan_PFAS"
4490920,-74.75167,39.93778,"Caravan_PFAS"
4491262,-74.77267,39.90167,"Caravan_PFAS"
4491884,-74.82022,39.97289,"Caravan_PFAS"
4499256,-74.50542,39.88528,"Caravan_PFAS"
4491946,-74.62781,39.95729,"Caravan_PFAS"
4491878,-74.78095,39.99232,"Caravan_PFAS"
4494968,-75.06651,39.83389,"Caravan_PFAS"
943030230,-106.54113,31.80263,"Caravan_PFAS"
4188251,-75.23673,40.66938,"Caravan_PFAS"
4482885,-75.11939,40.2296,"Caravan_PFAS"
4782153,-75.60189,40.15196,"Caravan_PFAS"
4782629,-75.19732,40.00858,"Caravan_PFAS"
904040050,-87.96859,43.00662,"Caravan_PFAS"
6076069,-71.74688,42.54132,"Caravan_PFAS"
6772971,-71.63806,42.27954,"Caravan_PFAS"
6772355,-71.48667,42.36444,"Caravan_PFAS"
6746184,-71.29825,42.64638,"Caravan_PFAS"
5867585,-71.36199,42.13301,"Caravan_PFAS"
6126427,-70.97289,41.99689,"Caravan_PFAS"
6115786,-71.78167,42.20784,"Caravan_PFAS"
11947179,-89.31706,46.86745,"Caravan_PFAS"
12186641,-85.2696,46.57423,"Caravan_PFAS"
1777616,-92.41876,46.70327,"Caravan_PFAS"
17819084,-106.64339,35.19762,"Caravan_PFAS"
943020235,-106.8545,34.41022,"Caravan_PFAS"
17813236,-106.9969,33.67893,"Caravan_PFAS"
20818412,-104.52507,34.72997,"Caravan_PFAS"
20784350,-104.32378,32.84087,"Caravan_PFAS"
21972746,-76.50578,43.45152,"Caravan_PFAS"
2741462,-74.99158,41.48615,"Caravan_PFAS"
4153318,-75.20921,41.03613,"Caravan_PFAS"
4154488,-75.14314,40.99849,"Caravan_PFAS"
4185779,-75.60547,41.08478,"Caravan_PFAS"
4187957,-75.61212,40.79342,"Caravan_PFAS"
4188007,-75.4618,40.602,"Caravan_PFAS"
4483015,-75.05382,40.24007,"Caravan_PFAS"
4480911,-74.95765,40.17414,"Caravan_PFAS"
4779167,-75.99771,40.52237,"Caravan_PFAS"
4782017,-75.97896,40.36881,"Caravan_PFAS"
4782403,-75.77156,40.25844,"Caravan_PFAS"
4780673,-75.73488,40.40941,"Caravan_PFAS"
4782441,-75.65153,40.24184,"Caravan_PFAS"
4781431,-75.61908,40.20089,"Caravan_PFAS"
4781795,-75.5276,40.10915,"Caravan_PFAS"
4781635,-75.45594,40.15316,"Caravan_PFAS"
4782171,-75.45661,40.08155,"Caravan_PFAS"
4782163,-75.22019,40.1242,"Caravan_PFAS"
4494460,-75.43641,39.9766,"Caravan_PFAS"
4494612,-75.56456,39.92722,"Caravan_PFAS"
4651038,-75.78091,39.82837,"Caravan_PFAS"
4651254,-75.77075,39.74745,"Caravan_PFAS"
4651080,-75.70489,39.81105,"Caravan_PFAS"
4651058,-75.69096,39.81952,"Caravan_PFAS"
4651090,-75.69156,39.81679,"Caravan_PFAS"
4648694,-75.86089,40.07263,"Caravan_PFAS"
4651854,-75.82273,39.92977,"Caravan_PFAS"
4648470,-75.77889,40.09624,"Caravan_PFAS"
4650548,-75.67341,39.96861,"Caravan_PFAS"
4763058,-75.849,39.73011,"Caravan_PFAS"
8111755,-77.11467,41.95285,"Caravan_PFAS"
4199074,-76.50253,41.78119,"Caravan_PFAS"
4199356,-76.44054,41.76535,"Caravan_PFAS"
4200472,-75.85383,41.46171,"Caravan_PFAS"
2600273,-75.74545,41.35825,"Caravan_PFAS"
2602769,-76.22103,41.04705,"Caravan_PFAS"
2604187,-76.47541,40.99339,"Caravan_PFAS"
2604977,-76.62094,40.95675,"Caravan_PFAS"
4674911,-78.40619,40.9718,"Caravan_PFAS"
4672391,-78.10857,41.11777,"Caravan_PFAS"
8127529,-78.19683,41.41334,"Caravan_PFAS"
8140160,-77.79397,40.88991,"Caravan_PFAS"
8141516,-77.74234,40.9748,"Caravan_PFAS"
8139224,-77.70222,41.11173,"Caravan_PFAS"
8139392,-77.59206,41.07472,"Caravan_PFAS"
8139706,-77.43554,41.12479,"Caravan_PFAS"
8152471,-76.99762,41.23735,"Caravan_PFAS"
8153625,-76.8,40.975,"Caravan_PFAS"
4518742,-76.80544,40.85389,"Caravan_PFAS"
4517636,-76.86948,40.77503,"Caravan_PFAS"
4518306,-76.91189,40.61102,"Caravan_PFAS"
4683890,-78.36401,40.43098,"Caravan_PFAS"
4683708,-78.18669,40.47216,"Caravan_PFAS"
4682638,-78.14056,40.61256,"Caravan_PFAS"
4699925,-77.12851,40.47874,"Caravan_PFAS"
4712048,-77.02113,40.25224,"Caravan_PFAS"
4709060,-76.56189,40.34255,"Caravan_PFAS"
4709260,-76.66777,40.29842,"Caravan_PFAS"
4709872,-76.56781,40.1955,"Caravan_PFAS"
4709644,-76.68783,40.1494,"Caravan_PFAS"
4722109,-76.71823,40.08131,"Caravan_PFAS"
4721533,-76.65436,40.05167,"Caravan_PFAS"
4721493,-76.51579,40.06302,"Caravan_PFAS"
4722265,-76.5159,40.02912,"Caravan_PFAS"
4724385,-76.26362,39.99604,"Caravan_PFAS"
4724553,-76.36805,39.94647,"Caravan_PFAS"
4721931,-76.16198,40.00899,"Caravan_PFAS"
4724801,-76.32832,39.90593,"Caravan_PFAS"
4726191,-76.3161,39.77245,"Caravan_PFAS"
8430966,-78.34612,39.73216,"Caravan_PFAS"
8971114,-78.62471,41.97702,"Caravan_PFAS"
15445645,-79.13362,41.93841,"Caravan_PFAS"
10220190,-79.40629,41.57084,"Caravan_PFAS"
10220060,-79.04967,41.60184,"Caravan_PFAS"
9052735,-80.14991,41.5894,"Caravan_PFAS"
9053513,-79.83147,41.40164,"Caravan_PFAS"
10222268,-79.8412,41.26419,"Caravan_PFAS"
6877193,-79.20918,41.33059,"Caravan_PFAS"
6877295,-79.47293,41.17053,"Caravan_PFAS"
6877337,-79.5544,41.12994,"Caravan_PFAS"
4741683,-79.39408,40.99486,"Caravan_PFAS"
166808422,-79.29177,40.9272,"Caravan_PFAS"
4742165,-79.53131,40.82041,"Caravan_PFAS"
4753408,-78.81723,40.14831,"Caravan_PFAS"
4754924,-79.39088,40.4545,"Caravan_PFAS"
11050052,-79.84726,40.52757,"Caravan_PFAS"
3787957,-79.9704,39.75912,"Caravan_PFAS"
3789063,-80.11724,39.80145,"Caravan_PFAS"
3788379,-80.04144,39.97507,"Caravan_PFAS"
3788899,-80.33013,39.85391,"Caravan_PFAS"
3789647,-80.07276,39.92306,"Caravan_PFAS"
3785567,-79.90065,40.06507,"Caravan_PFAS"
3809037,-79.36492,39.80574,"Caravan_PFAS"
3808779,-79.10012,39.73225,"Caravan_PFAS"
3806147,-79.80592,40.23959,"Caravan_PFAS"
13153971,-80.44058,41.01845,"Caravan_PFAS"
12997122,-80.46026,41.49746,"Caravan_PFAS"
12998878,-80.37556,41.42222,"Caravan_PFAS"
12999814,-80.35056,41.00012,"Caravan_PFAS"
19464300,-80.33622,40.8893,"Caravan_PFAS"
10925137,-79.96472,40.80629,"Caravan_PFAS"
10926401,-80.24237,40.81693,"Caravan_PFAS"
3821167,-80.58999,40.61938,"Caravan_PFAS"
19453759,-80.4477,39.96796,"Caravan_PFAS"
19454253,-80.42919,39.87793,"Caravan_PFAS"
1813331,-90.68693,46.60999,"Caravan_PFAS"
17543645,-92.18199,41.74926,"Caravan_PFAS"
6076057,-71.60967,42.5785,"Caravan_PFAS"
6772919,-71.61706,42.3421,"Caravan_PFAS"
6772217,-71.44996,42.43214,"Caravan_PFAS"
5867575,-71.38945,42.13978,"Caravan_PFAS"
6772971,-71.63866,42.28333,"Caravan_PFAS"
1777788,-92.28399,46.65882,"Caravan_PFAS"
15568135,-79.0473,43.16211,"Caravan_PFAS"
15559671,-78.83286,43.30882,"Caravan_PFAS"
15559629,-78.71582,43.31394,"Caravan_PFAS"
15558039,-77.91553,43.3394,"Caravan_PFAS"
15537883,-77.61544,43.14138,"Caravan_PFAS"
21634091,-77.53392,43.23489,"Caravan_PFAS"
3986388,-84.08894,39.80115,"Caravan_PFAS"
3986384,-84.0732,39.81544,"Caravan_PFAS"
4482891,-75.14422,40.22356,"Caravan_PFAS"
4781877,-75.46096,40.07931,"Caravan_PFAS"
4494488,-75.48296,39.96687,"Caravan_PFAS"
4651888,-75.76904,39.74913,"Caravan_PFAS"
4650580,-75.80135,39.96175,"Caravan_PFAS"
4763608,-75.92022,39.76269,"Caravan_PFAS"
4723739,-75.99164,39.88289,"Caravan_PFAS"
9840538,-80.235,42.07382,"Caravan_PFAS"
1797113,-90.83141,46.92358,"Caravan_PFAS"
12169257,-87.89164,42.90451,"Caravan_PFAS"
19442947,-81.76103,38.94101,"Caravan_PFAS"
433830,-82.59842,38.11645,"Caravan_PFAS"
6076069,-71.73726,42.52577,"Caravan_PFAS"
3986384,-84.08531,39.80875,"Caravan_PFAS"
3369838,-82.20501,38.80306,"Caravan_PFAS"
19440335,-81.56377,39.28898,"Caravan_PFAS"
19455261,-80.7558,39.9206,"Caravan_PFAS"
4726273,-76.11453,39.70713,"Caravan_PFAS"
11916299,-91.54969,41.69477,"Caravan_PFAS"
14771800,-88.28959,42.10833,"Caravan_PFAS"
14835417,-88.98682,41.32143,"Caravan_PFAS"
6078701,-71.8176,42.44707,"Caravan_PFAS"
6772919,-71.6141,42.34512,"Caravan_PFAS"
6772879,-71.54617,42.40003,"Caravan_PFAS"
6772197,-71.3899,42.45657,"Caravan_PFAS"
6772173,-71.39124,42.46555,"Caravan_PFAS"
6771071,-71.29745,42.62807,"Caravan_PFAS"
6746076,-71.15303,42.70444,"Caravan_PFAS"
6745920,-71.08672,42.77023,"Caravan_PFAS"
6096309,-72.87011,42.22585,"Caravan_PFAS"
6107147,-73.07287,42.07887,"Caravan_PFAS"
7710172,-73.24047,42.3941,"Caravan_PFAS"
6771367,-71.31378,42.50908,"Caravan_PFAS"
8450394,-77.41043,39.36168,"Caravan_PFAS"
904010101,-92.11177,46.74629,"Caravan_PFAS"
17808622,-106.68707,34.98347,"Caravan_PFAS"
6241445,-73.87644,40.84339,"Caravan_PFAS"
6241853,-73.86172,40.89802,"Caravan_PFAS"
6241853,-73.85583,40.90684,"Caravan_PFAS"
6241853,-73.83731,40.93821,"Caravan_PFAS"
6240361,-73.77702,41.03724,"Caravan_PFAS"
6240353,-73.77347,41.0666,"Caravan_PFAS"
2616860,-75.27199,41.80679,"Caravan_PFAS"
4709222,-76.85556,40.3061,"Caravan_PFAS"
1798025,-91.60322,46.70483,"Caravan_PFAS"
1799017,-91.48663,46.76271,"Caravan_PFAS"
4352966,-79.87597,38.92088,"Caravan_PFAS"
6771325,-71.28684,42.58487,"Caravan_PFAS"
15559687,-78.31054,43.30107,"Caravan_PFAS"
20692252,-112.15866,36.04126,"Caravan_PFAS"
4709474,-76.86041,40.22432,"Caravan_PFAS"
3785861,-79.8585,40.39056,"Caravan_PFAS"
1005511,-104.59548,38.93494,"Caravan_PFAS"
1005511,-104.59928,38.94077,"Caravan_PFAS"
22290185,-73.15899,42.7003,"Caravan_PFAS"
20815202,-105.74938,35.5681,"Caravan_PFAS"
19464254,-80.3157,40.76297,"Caravan_PFAS"
3768822,-79.91168,39.72709,"Caravan_PFAS"
3820883,-80.33714,40.62815,"Caravan_PFAS"
10925875,-80.23374,40.88403,"Caravan_PFAS"
12999322,-80.47167,41.26582,"Caravan_PFAS"
4482913,-75.15704,40.21723,"Caravan_PFAS"
4482913,-75.16589,40.21286,"Caravan_PFAS"
4482891,-75.13411,40.2247,"Caravan_PFAS"
4482891,-75.14457,40.22338,"Caravan_PFAS"
4482925,-75.18545,40.20183,"Caravan_PFAS"
4482903,-75.15187,40.21978,"Caravan_PFAS"
4482913,-75.15943,40.21605,"Caravan_PFAS"
4482885,-75.13079,40.22442,"Caravan_PFAS"
4482883,-75.10186,40.23259,"Caravan_PFAS"
4482925,-75.17186,40.21006,"Caravan_PFAS"
4483015,-75.05416,40.24024,"Caravan_PFAS"
4482997,-75.09227,40.27438,"Caravan_PFAS"
3788105,-79.92156,39.82507,"Caravan_PFAS"
3785895,-79.90159,40.26256,"Caravan_PFAS"
9841752,-80.4688,41.91818,"Caravan_PFAS"
NA,-92.03045,46.71163,"Caravan_PFAS"
22250223,-93.32598,41.49915,"Caravan_PFAS"
11915459,-91.61679,41.68737,"Caravan_PFAS"
6987782,-93.07877,41.61144,"Caravan_PFAS"
6115786,-71.78752,42.22792,"Caravan_PFAS"
6188742,-73.48312,42.10613,"Caravan_PFAS"
931070172,-71.68011,42.43259,"Caravan_PFAS"
6772881,-71.52598,42.40456,"Caravan_PFAS"
6772155,-71.3556,42.46636,"Caravan_PFAS"
10295124,-72.62034,42.64702,"Caravan_PFAS"
6129529,-71.15422,41.93333,"Caravan_PFAS"
6126423,-70.9536,41.99745,"Caravan_PFAS"
22290389,-73.13829,42.60061,"Caravan_PFAS"
5867599,-71.50683,42.11997,"Caravan_PFAS"
6123671,-70.9843,42.03834,"Caravan_PFAS"
10294802,-72.93484,42.636,"Caravan_PFAS"
6126609,-70.91383,41.90659,"Caravan_PFAS"
6075389,-71.56002,42.67628,"Caravan_PFAS"
6076069,-71.75122,42.54933,"Caravan_PFAS"
6125309,-71.00886,42.05364,"Caravan_PFAS"
6129897,-71.10238,41.87108,"Caravan_PFAS"
6745550,-71.19476,42.59487,"Caravan_PFAS"
6129523,-71.16072,41.94705,"Caravan_PFAS"
9343803,-72.49694,42.58044,"Caravan_PFAS"
6772205,-71.4291,42.44103,"Caravan_PFAS"
6075825,-71.7273,42.51961,"Caravan_PFAS"
6129881,-71.09318,41.87786,"Caravan_PFAS"
6126439,-70.97311,41.93989,"Caravan_PFAS"
6075391,-71.56329,42.67305,"Caravan_PFAS"
6126609,-70.923,41.92178,"Caravan_PFAS"
931070172,-71.68028,42.42917,"Caravan_PFAS"
6076073,-71.61144,42.55512,"Caravan_PFAS"
6126439,-70.954,41.93456,"Caravan_PFAS"
5867599,-71.50143,42.11694,"Caravan_PFAS"
12026118,-87.38443,46.5186,"Caravan_PFAS"
12021644,-87.32879,46.48907,"Caravan_PFAS"
12021128,-86.64012,46.40912,"Caravan_PFAS"
11928872,-88.50595,47.0177,"Caravan_PFAS"
12027582,-88.45644,46.75589,"Caravan_PFAS"
6790481,-89.97457,46.69607,"Caravan_PFAS"
6789283,-89.54906,46.83445,"Caravan_PFAS"
6790753,-90.04633,46.6658,"Caravan_PFAS"
1777402,-92.42452,46.66088,"Caravan_PFAS"
1777706,-92.22772,46.65113,"Caravan_PFAS"
8970998,-78.62511,41.98873,"Caravan_PFAS"
3785331,-79.98956,40.28507,"Caravan_PFAS"
3785331,-79.98991,40.28547,"Caravan_PFAS"
13153963,-80.48888,41.01991,"Caravan_PFAS"
2602557,-76.52833,41.11428,"Caravan_PFAS"
2602557,-76.52806,41.11388,"Caravan_PFAS"
19464152,-80.30567,40.71562,"Caravan_PFAS"
8970998,-78.62517,41.98817,"Caravan_PFAS"
19464152,-80.30507,40.7157,"Caravan_PFAS"
1776954,-92.1189,46.66186,"Caravan_PFAS"
1800625,-92.03218,46.69682,"Caravan_PFAS"
1812825,-90.41425,46.55732,"Caravan_PFAS"
4690429,-78.26454,40.21583,"Caravan_PFAS"
22341025,-77.4143,38.76634,"Caravan_PFAS"
20052023,-104.37828,35.65441,"Caravan_PFAS"
22459435,-104.03928,32.07533,"Caravan_PFAS"
17016187,-108.20138,36.72239,"Caravan_PFAS"
2742874,-75.33988,41.33598,"Caravan_PFAS"
2588375,-75.08476,40.82889,"Caravan_PFAS"
8974256,-78.38625,41.96357,"Caravan_PFAS"
10222374,-79.69504,41.4817,"Caravan_PFAS"
6979128,-93.53278,42.18272,"Caravan_PFAS"
3986384,-84.08509,39.80893,"Caravan_PFAS"
3986384,-84.06733,39.8216,"Caravan_PFAS"
13326050,-91.22768,42.96633,"Caravan_PFAS"
13361354,-90.20106,42.01029,"Caravan_PFAS"
6978626,-93.63996,42.31441,"Caravan_PFAS"
7243027,-96.17761,43.24572,"Caravan_PFAS"
17239358,-95.72538,43.18651,"Caravan_PFAS"
20030643,-104.16944,35.4091,"Caravan_PFAS"
20031587,-103.39986,35.34974,"Caravan_PFAS"
8153511,-77.2516,41.20229,"Caravan_PFAS"
6572160,-93.15287,42.31442,"Caravan_PFAS"
17219468,-95.92167,41.25909,"Caravan_PFAS"
22251995,-93.29009,41.24662,"Caravan_PFAS"
20814930,-105.69205,35.548,"Caravan_PFAS"
4506614,-77.32933,39.091,"Caravan_PFAS"
6588095,-94.46268,42.80568,"Caravan_PFAS"
6618094,-94.7729,42.06383,"Caravan_PFAS"
166757556,-82.346969,29.65,"Camacho_2024"
166757556,-82.341171,29.64840419,"Camacho_2024"
166757556,-82.344767,29.64726139,"Camacho_2024"
166757556,-82.346014,29.64121789,"Camacho_2024"
166757556,-82.344812,29.64249661,"Camacho_2024"
166757556,-82.3501,29.6406,"Camacho_2024"
166757556,-82.347555,29.641006,"Camacho_2024"
2161520,-82.40511111,29.85386111,"Camacho_2024"
16626484,-82.10305556,29.51666667,"Camacho_2024"
16630372,-82.10166667,29.50611111,"Camacho_2024"
16626182,-82.12611111,29.65944444,"Camacho_2024"
16626490,-82.12944444,29.495,"Camacho_2024"
933080019,-82.06517778,29.56493833,"Camacho_2024"
933080222,-82.20671167,29.68774667,"Camacho_2024"
933080223,-82.238488,29.650554,"Camacho_2024"
933080223,-82.253158,29.618217,"Camacho_2024"
933080223,-82.248599,29.612292,"Camacho_2024"
2161848,-82.0523,29.7128,"Camacho_2024"
2161848,-82.1352,29.7787,"Camacho_2024"
166757556,-82.360294,29.644802,"Camacho_2024"
166757556,-82.362661,29.643334,"Camacho_2024"
166757556,-82.349754,29.64087,"Camacho_2024"
933080223,-82.239,29.6366,"Camacho_2024"
166757566,-82.3361,29.6164,"Camacho_2024"
166757566,-82.3242,29.6428,"Camacho_2024"
166757556,-82.4552,29.7113,"Camacho_2024"
166757556,-82.3519,29.644,"Camacho_2024"
166757566,-82.3055,29.5336,"Camacho_2024"
166757549,-82.2973,29.5112,"Camacho_2024"
166757566,-82.3089,29.6216,"Camacho_2024"
166757566,-82.340072,29.621653,"Camacho_2024"
166757566,-82.3389,29.6347,"Camacho_2024"
166757566,-82.333,29.6419,"Camacho_2024"
166757566,-82.3244,29.6434,"Camacho_2024"
166757566,-82.3289,29.629,"Camacho_2024"
16630384,-82.165012,29.485931,"Camacho_2024"
16630364,-82.092624,29.455616,"Camacho_2024"
16630386,-82.161252,29.479318,"Camacho_2024"
166757568,-82.206627,29.479318,"Camacho_2024"
166757568,-82.22171,29.517246,"Camacho_2024"
166757535,-82.058055,29.594622,"Camacho_2024"
933080223,-82.22466667,29.64136111,"Camacho_2024"
166757556,-82.34927778,29.66636111,"Camacho_2024"
166757556,-82.35361111,29.6635,"Camacho_2024"
166757556,-82.35997222,29.65711111,"Camacho_2024"
166757556,-82.36855556,29.65952778,"Camacho_2024"
166757556,-82.36402778,29.66636111,"Camacho_2024"
166757556,-82.37216667,29.67363889,"Camacho_2024"
166757556,-82.34475,29.674,"Camacho_2024"
166757556,-82.37508333,29.651,"Camacho_2024"
2161822,-82.60898,29.85172,"Camacho_2024"
166757556,-82.38863,29.71087,"Camacho_2024"
2161822,-82.64794,29.82372,"Camacho_2024"
2161866,-82.39562,29.748562,"Camacho_2024"
25900341,-82.4971,29.8798,"Camacho_2024"
933080019,-82.058569,29.562223,"Camacho_2024"
3340280,-82.60626389,29.56096944,"Camacho_2024"
16626402,-82.30238611,29.67395278,"Camacho_2024"
16626126,-82.30545,29.69871111,"Camacho_2024"
16626126,-82.3017,29.7031,"Camacho_2024"
16626398,-82.33671389,29.72316667,"Camacho_2024"
2161596,-82.32408889,29.7972,"Camacho_2024"
16626402,-82.29155833,29.68648056,"Camacho_2024"
933080224,-82.27373889,29.69888889,"Camacho_2024"
16626126,-82.29004167,29.70309722,"Camacho_2024"
16626182,-82.15191667,29.58919444,"Camacho_2024"
2161848,-82.05216667,29.71266667,"Camacho_2024"
933080223,-82.25175,29.61813889,"Camacho_2024"
933080223,-82.25711111,29.62344444,"Camacho_2024"
933080223,-82.20194444,29.63691667,"Camacho_2024"
933080221,-82.21922222,29.68777778,"Camacho_2024"
933080225,-82.23519444,29.6785,"Camacho_2024"
933080223,-82.25055556,29.65175,"Camacho_2024"
25367766,-82.14927778,29.58333333,"Camacho_2024"
166757566,-82.320788,29.6515,"Camacho_2024"
166757566,-82.317197,29.637845,"Camacho_2024"
166757566,-82.323854,29.621276,"Camacho_2024"
166757566,-82.319809,29.656915,"Camacho_2024"
166757556,-82.34635,29.64112,"Camacho_2024"
933080224,-82.23686,29.6793,"Camacho_2024"
933070043,-82.430396,30.214696,"Camacho_2024"
1997512,-82.41869167,30.803975,"Camacho_2024"
933070021,-82.198,30.34072222,"Camacho_2024"
18260335,-82.12858333,30.35180556,"Camacho_2024"
18258879,-82.26069444,30.56119444,"Camacho_2024"
18260257,-82.23113889,30.43286111,"Camacho_2024"
18258883,-82.24727778,30.53575,"Camacho_2024"
18258891,-82.17175,30.54919444,"Camacho_2024"
18258887,-82.23013889,30.52438889,"Camacho_2024"
18258871,-82.23291667,30.56669444,"Camacho_2024"
2180795,-85.42448889,29.95395,"Camacho_2024"
2180535,-85.46450556,29.96995278,"Camacho_2024"
2182093,-85.76208,30.316565,"Camacho_2024"
2179213,-85.61145,30.252607,"Camacho_2024"
2179801,-85.569952,30.136602,"Camacho_2024"
NA,-85.604018,30.105189,"Camacho_2024"
2179529,-85.705876,30.198582,"Camacho_2024"
NA,-85.757456,30.151114,"Camacho_2024"
NA,-85.74376667,30.21323333,"Camacho_2024"
2179515,-85.76283333,30.21948333,"Camacho_2024"
NA,-85.76695,30.22831667,"Camacho_2024"
2179793,-85.85722,30.29569,"Camacho_2024"
2179785,-85.81319,30.31511,"Camacho_2024"
2178381,-85.54526,30.43193,"Camacho_2024"
2179217,-85.9880812,30.2751767,"Camacho_2024"
2178441,-85.681079,30.392673,"Camacho_2024"
166758913,-85.981556,30.269611,"Camacho_2024"
2179517,-85.935869,30.251958,"Camacho_2024"
2179217,-85.988611,30.277083,"Camacho_2024"
NA,-85.48666,30.03833,"Camacho_2024"
NA,-85.63,30.125,"Camacho_2024"
2161848,-82.0781,29.7732,"Camacho_2024"
2161454,-82.17233333,29.92197222,"Camacho_2024"
2161454,-82.17233333,29.922,"Camacho_2024"
2161932,-82.16156,29.86414,"Camacho_2024"
16698003,-80.69944444,28.70416667,"Camacho_2024"
11003373,-80.71138889,28.13027778,"Camacho_2024"
16699925,-80.67138889,28.11861111,"Camacho_2024"
16698617,-80.62916667,28.07833333,"Camacho_2024"
16698495,-80.65472222,28.13277778,"Camacho_2024"
11003243,-80.755,28.23,"Camacho_2024"
10999469,-80.74305556,28.3175,"Camacho_2024"
11003427,-80.815,28.35055556,"Camacho_2024"
11003053,-80.87166667,28.36916667,"Camacho_2024"
11002255,-80.75277778,28.08472222,"Camacho_2024"
16699931,-80.55333333,28.04472222,"Camacho_2024"
16699941,-80.58138889,28.02972222,"Camacho_2024"
16699913,-80.62472222,28.12444444,"Camacho_2024"
16698489,-80.66,28.16277778,"Camacho_2024"
16699927,-80.57972222,28.09555556,"Camacho_2024"
16699887,-80.685,28.36861111,"Camacho_2024"
16699891,-80.72055556,28.44666667,"Camacho_2024"
16699877,-80.662701,28.4021224,"Camacho_2024"
16699877,-80.6615815,28.4034436,"Camacho_2024"
16699867,-80.594707,28.4084963,"Camacho_2024"
16699947,-80.5952596,28.3914325,"Camacho_2024"
16707067,-80.6089958,28.3814315,"Camacho_2024"
16707067,-80.6118229,28.3488286,"Camacho_2024"
NA,-80.6071947,28.3235581,"Camacho_2024"
16707067,-80.6162019,28.2927073,"Camacho_2024"
16699949,-80.6039321,28.2591602,"Camacho_2024"
16699951,-80.5970187,28.2146551,"Camacho_2024"
26027389,-80.6105465,28.1930728,"Camacho_2024"
26027389,-80.6105116,28.1832435,"Camacho_2024"
16699953,-80.5862638,28.1647322,"Camacho_2024"
16699953,-80.5752235,28.1225739,"Camacho_2024"
NA,-80.5508264,28.056245,"Camacho_2024"
NA,-80.5470348,28.0476849,"Camacho_2024"
16699931,-80.5532324,28.0428536,"Camacho_2024"
16699927,-80.5655648,28.0671137,"Camacho_2024"
16699927,-80.5788652,28.0884578,"Camacho_2024"
16699925,-80.5975937,28.0813619,"Camacho_2024"
16699925,-80.6036026,28.0709381,"Camacho_2024"
16699933,-80.5802117,28.0404064,"Camacho_2024"
16703473,-80.5478193,27.9756257,"Camacho_2024"
16699913,-80.6240487,28.1243351,"Camacho_2024"
16699919,-80.62582,28.1324482,"Camacho_2024"
16707069,-80.6625609,28.2081821,"Camacho_2024"
16707069,-80.6711731,28.229442,"Camacho_2024"
11001155,-80.76055,28.22861,"Camacho_2024"
11003367,-80.73416,28.1475,"Camacho_2024"
11003433,-80.77944,28.32888,"Camacho_2024"
10991477,-80.96194,28.60555,"Camacho_2024"
16697649,-80.845833,28.770556,"Camacho_2024"
16697907,-80.766111,28.756111,"Camacho_2024"
16697983,-80.799444,28.578889,"Camacho_2024"
16697949,-80.826389,28.677778,"Camacho_2024"
10991213,-80.8575,28.586389,"Camacho_2024"
16703171,-80.503084,27.884203,"Camacho_2024"
20112454,-80.532347,27.863092,"Camacho_2024"
20112482,-80.559117,27.827292,"Camacho_2024"
10991081,-80.86017,28.54334,"Camacho_2024"
16699889,-80.67843,28.35855,"Camacho_2024"
16698003,-80.72024,28.70582,"Camacho_2024"
79540,-80.15444444,26.31138889,"Camacho_2024"
149074,-80.1194,26.0425,"Camacho_2024"
79368,-80.334,26.071,"Camacho_2024"
79368,-80.4377,26.0622,"Camacho_2024"
77740,-80.3614,26.1304,"Camacho_2024"
79368,-80.4176,26.1052,"Camacho_2024"
79368,-80.169,26.0686,"Camacho_2024"
77740,-80.2649,26.1034,"Camacho_2024"
79368,-80.2336,26.0803,"Camacho_2024"
79540,-80.118,26.3069,"Camacho_2024"
79540,-80.1548,26.3179,"Camacho_2024"
79540,-80.081884,26.313183,"Camacho_2024"
79540,-80.117888,26.317537,"Camacho_2024"
79554,-80.079786,26.300691,"Camacho_2024"
79368,-80.35027778,26.01555556,"Camacho_2024"
79498,-80.16388889,26.06444444,"Camacho_2024"
84360,-80.29916667,26.01416667,"Camacho_2024"
89748,-80.57416667,26.14694444,"Camacho_2024"
79484,-80.12861111,26.117,"Camacho_2024"
79502,-80.11330556,26.06530556,"Camacho_2024"
79498,-80.15288889,26.05969444,"Camacho_2024"
79368,-80.18219444,26.06761111,"Camacho_2024"
79368,-80.15488889,26.04980556,"Camacho_2024"
79548,-80.11819444,26.01280556,"Camacho_2024"
84360,-80.23319444,26.00880556,"Camacho_2024"
79368,-80.351184,26.040956,"Camacho_2024"
79368,-80.345378,26.044912,"Camacho_2024"
79368,-80.166774,26.059882,"Camacho_2024"
89748,-80.444644,26.098889,"Camacho_2024"
89748,-80.444644,26.061179,"Camacho_2024"
79368,-80.316184,26.043969,"Camacho_2024"
84360,-80.330448,25.998431,"Camacho_2024"
79368,-80.247601,26.053087,"Camacho_2024"
79368,-80.395331,26.104503,"Camacho_2024"
79368,-80.200731,26.039331,"Camacho_2024"
77740,-80.358025,26.129752,"Camacho_2024"
79368,-80.215893,26.051986,"Camacho_2024"
79540,-80.09659722,26.32211667,"Camacho_2024"
79368,-80.412833,26.025467,"Camacho_2024"
89748,-80.44694444,26.178,"Camacho_2024"
89748,-80.77591667,26.33305556,"Camacho_2024"
89748,-80.88019444,26.33147222,"Camacho_2024"
89748,-80.63091667,26.14747222,"Camacho_2024"
89748,-80.71727778,26.14855556,"Camacho_2024"
79540,-80.26268,26.30124,"Camacho_2024"
79526,-80.09906,26.16134,"Camacho_2024"
76870,-80.29744,26.22987,"Camacho_2024"
77328,-80.1356,26.16343,"Camacho_2024"
77454,-80.12872,26.15384,"Camacho_2024"
77766,-80.149924,26.117141,"Camacho_2024"
76870,-80.25416,26.22972,"Camacho_2024"
77310,-80.175,26.19027,"Camacho_2024"
77454,-80.17138,26.16944,"Camacho_2024"
77454,-80.25111,26.16583,"Camacho_2024"
79540,-80.18194,26.29166,"Camacho_2024"
79358,-80.17916,26.09305,"Camacho_2024"
79544,-80.09885,26.21172,"Camacho_2024"
77740,-80.17304,26.12657,"Camacho_2024"
77766,-80.13185,26.12031,"Camacho_2024"
77832,-80.1309,26.11082,"Camacho_2024"
2293032,-84.994235,30.519674,"Camacho_2024"
2135714,-85.14474,30.2865,"Camacho_2024"
2297254,-85.032778,30.423889,"Camacho_2024"
2133698,-85.157222,30.506111,"Camacho_2024"
2135170,-85.17182,30.43172,"Camacho_2024"
2293162,-84.951389,30.582222,"Camacho_2024"
16852112,-82.04361111,26.90361111,"Camacho_2024"
16817577,-82.09666667,26.96916667,"Camacho_2024"
16817565,-82.03027778,26.97138889,"Camacho_2024"
16809761,-81.97888889,27.00222222,"Camacho_2024"
16848824,-82.00138889,26.92583333,"Camacho_2024"
16817637,-82.11666667,26.9925,"Camacho_2024"
16817637,-82.12055556,26.97361111,"Camacho_2024"
16851790,-82.15611111,26.95388889,"Camacho_2024"
16839190,-82.24388889,27.00833333,"Camacho_2024"
16867921,-82.31166667,26.875,"Camacho_2024"
16867873,-82.28416667,26.85694444,"Camacho_2024"
NA,-82.26944444,26.83277778,"Camacho_2024"
16867175,-82.24833333,26.89222222,"Camacho_2024"
16841428,-82.21416667,26.93833333,"Camacho_2024"
16841426,-82.20861111,26.9625,"Camacho_2024"
16849656,-81.98,26.79472222,"Camacho_2024"
16846658,-81.96388889,26.85805556,"Camacho_2024"
16846652,-81.98694444,26.8975,"Camacho_2024"
16849610,-82.02888889,26.81694444,"Camacho_2024"
10243397,-81.82611111,26.77,"Camacho_2024"
NA,-82.30902778,26.86341667,"Camacho_2024"
NA,-82.29708333,26.84741667,"Camacho_2024"
NA,-82.3035,26.84602778,"Camacho_2024"
NA,-82.3025,26.85063889,"Camacho_2024"
NA,-82.04959722,26.804675,"Camacho_2024"
16840754,-82.20072222,26.99444444,"Camacho_2024"
16852124,-82.05327778,26.88813889,"Camacho_2024"
16867953,-82.26408333,26.83375,"Camacho_2024"
16851834,-82.09494444,26.90925,"Camacho_2024"
16814911,-81.88934722,26.97419722,"Camacho_2024"
16814901,-81.96558056,26.97408333,"Camacho_2024"
16851790,-82.14993333,26.98610833,"Camacho_2024"
16928252,-82.593342,28.894725,"Camacho_2024"
16928252,-82.592934,28.88417,"Camacho_2024"
16928252,-82.595536,28.876391,"Camacho_2024"
16928252,-82.604396,28.8849,"Camacho_2024"
16928250,-82.610832,28.89268,"Camacho_2024"
16928390,-82.635012,28.895287,"Camacho_2024"
16937920,-82.640715,28.904465,"Camacho_2024"
16949694,-82.353393,28.991216,"Camacho_2024"
16944468,-82.388392,29.008522,"Camacho_2024"
16944488,-82.502233,29.040998,"Camacho_2024"
16928248,-82.620508,28.898646,"Camacho_2024"
16928252,-82.595654,28.890665,"Camacho_2024"
16928252,-82.59182,28.894745,"Camacho_2024"
16928248,-82.627816,28.915935,"Camacho_2024"
16928248,-82.627331,28.907221,"Camacho_2024"
16928592,-82.638142,28.90911,"Camacho_2024"
16944498,-82.616325,29.007811,"Camacho_2024"
16944502,-82.662107,29.013073,"Camacho_2024"
16949752,-82.3275,28.83583333,"Camacho_2024"
16949694,-82.34972222,28.98861111,"Camacho_2024"
16928268,-82.60305556,28.80138889,"Camacho_2024"
16928270,-82.62,28.78416667,"Camacho_2024"
16928606,-82.57694444,28.71527778,"Camacho_2024"
16949752,-82.37722222,28.94111111,"Camacho_2024"
16949752,-82.37333333,28.90166667,"Camacho_2024"
16949752,-82.32222222,28.84472222,"Camacho_2024"
16949752,-82.32638889,28.83888889,"Camacho_2024"
16949752,-82.30305556,28.88361111,"Camacho_2024"
16949752,-82.32888889,28.84027778,"Camacho_2024"
16949752,-82.31694444,28.83305556,"Camacho_2024"
16950014,-82.30416667,28.80722222,"Camacho_2024"
16957022,-82.26194444,28.78638889,"Camacho_2024"
16659079,-81.723599,30.033305,"Camacho_2024"
16665453,-81.629388,29.978317,"Camacho_2024"
16665453,-81.635,29.9804,"Camacho_2024"
16660573,-81.6914,30.0072,"Camacho_2024"
16674191,-81.7078,30.0395,"Camacho_2024"
16660505,-81.8054,30.0806,"Camacho_2024"
16658981,-81.8522,30.0732,"Camacho_2024"
16658821,-81.7065,30.1597,"Camacho_2024"
16674183,-81.7015,30.1453,"Camacho_2024"
16659567,-81.7183,30.1346,"Camacho_2024"
16660687,-81.746,30.1009,"Camacho_2024"
16658869,-81.756,30.1333,"Camacho_2024"
16660411,-81.6959,30.1705,"Camacho_2024"
16660451,-81.727909,30.13885,"Camacho_2024"
16660535,-81.719827,30.050184,"Camacho_2024"
16665193,-81.98772222,29.95622222,"Camacho_2024"
933080205,-82.03002,29.77918,"Camacho_2024"
933080205,-82.039245,29.795029,"Camacho_2024"
NA,-81.78916667,26.1425,"Camacho_2024"
16768880,-81.81944444,26.29305556,"Camacho_2024"
16768438,-81.787889,26.195667,"Camacho_2024"
16766916,-81.778838,26.143554,"Camacho_2024"
16766908,-81.765784,26.145621,"Camacho_2024"
16768922,-81.806499,26.132724,"Camacho_2024"
16768922,-81.792606,26.134064,"Camacho_2024"
16768484,-81.770697,26.12524,"Camacho_2024"
16766908,-81.760464,26.112151,"Camacho_2024"
16766908,-81.751516,26.122525,"Camacho_2024"
16766908,-81.753868,26.149737,"Camacho_2024"
16768922,-81.7858418,26.1492182,"Camacho_2024"
16766908,-81.759522,26.115208,"Camacho_2024"
16766908,-81.7364359,26.0973491,"Camacho_2024"
16766908,-81.7262133,26.1082629,"Camacho_2024"
16768906,-81.7192097,26.1974212,"Camacho_2024"
16768906,-81.7178442,26.1685051,"Camacho_2024"
16766908,-81.7010431,26.10251,"Camacho_2024"
16768438,-81.7631162,26.2197892,"Camacho_2024"
16768666,-81.8164888,26.2198779,"Camacho_2024"
16768898,-81.8182838,26.2186074,"Camacho_2024"
16768898,-81.816549,26.207081,"Camacho_2024"
16766790,-81.81056,26.196703,"Camacho_2024"
16768438,-81.783226,26.207412,"Camacho_2024"
27571250,-81.76765,26.197874,"Camacho_2024"
16768454,-81.78709,26.175251,"Camacho_2024"
16768906,-81.767752,26.167834,"Camacho_2024"
16768906,-81.77875,26.162364,"Camacho_2024"
16768922,-81.788376,26.15587,"Camacho_2024"
16768922,-81.810464,26.162642,"Camacho_2024"
16765950,-81.7689,26.2676,"Camacho_2024"
16768906,-81.7306,26.2149,"Camacho_2024"
16768894,-81.8245,26.2639,"Camacho_2024"
NA,-81.5404,25.9141,"Camacho_2024"
NA,-81.5159,25.9005,"Camacho_2024"
16770676,-81.5955,25.9342,"Camacho_2024"
16768514,-81.709846,26.023634,"Camacho_2024"
16770526,-81.686374,26.001367,"Camacho_2024"
16770976,-81.703206,25.980488,"Camacho_2024"
NA,-81.730698,25.952418,"Camacho_2024"
NA,-81.698358,25.924514,"Camacho_2024"
NA,-81.708795,25.922985,"Camacho_2024"
NA,-81.72097,25.92712,"Camacho_2024"
16770526,-81.60922222,26.00569444,"Camacho_2024"
16770526,-81.59830556,25.99863889,"Camacho_2024"
16770066,-81.52280556,26.12127778,"Camacho_2024"
16768906,-81.62613889,26.31172222,"Camacho_2024"
16770526,-81.61205556,25.99044444,"Camacho_2024"
16770526,-81.63461111,25.96744444,"Camacho_2024"
NA,-81.65508333,25.93247222,"Camacho_2024"
NA,-81.71691667,25.91244444,"Camacho_2024"
16770896,-81.70425,25.98522222,"Camacho_2024"
16770576,-81.32655556,25.89230556,"Camacho_2024"
16770716,-81.38230556,25.87241667,"Camacho_2024"
16768732,-81.70841667,26.04594444,"Camacho_2024"
16768922,-81.80947222,26.15466667,"Camacho_2024"
16768666,-81.81261111,26.211,"Camacho_2024"
16765614,-81.52908333,26.49547222,"Camacho_2024"
16765614,-81.47494444,26.4385,"Camacho_2024"
16765614,-81.48541667,26.43311111,"Camacho_2024"
16765614,-81.48661111,26.36669444,"Camacho_2024"
16770066,-81.43325,26.33822222,"Camacho_2024"
16770066,-81.44233333,26.31913889,"Camacho_2024"
16770182,-81.34341667,26.35175,"Camacho_2024"
16770182,-81.34463889,26.21813889,"Camacho_2024"
16770908,-81.35272222,26.14405556,"Camacho_2024"
16770182,-81.35186111,25.97055556,"Camacho_2024"
16770182,-81.26644444,26.15597222,"Camacho_2024"
16770530,-81.57033333,25.98730556,"Camacho_2024"
16770066,-81.52755556,25.96494444,"Camacho_2024"
16770066,-81.51005556,25.95922222,"Camacho_2024"
16770066,-81.50958333,25.97191667,"Camacho_2024"
16770556,-81.48866667,25.95583333,"Camacho_2024"
16770556,-81.47455556,25.94394444,"Camacho_2024"
16770546,-81.47016667,25.9405,"Camacho_2024"
16770908,-81.44444444,25.93136111,"Camacho_2024"
16770908,-81.41844444,25.92375,"Camacho_2024"
16770908,-81.37333333,25.91469444,"Camacho_2024"
16770182,-81.34877778,25.90530556,"Camacho_2024"
16770570,-81.27075,25.8915,"Camacho_2024"
16770594,-81.22808333,25.87655556,"Camacho_2024"
16770632,-81.13344444,25.86711111,"Camacho_2024"
16770632,-81.10061111,25.85944444,"Camacho_2024"
89748,-80.89472222,26.17466667,"Camacho_2024"
16770526,-81.61144444,26.02258333,"Camacho_2024"
2161822,-82.67477,29.84398,"Camacho_2024"
2161766,-82.77828,29.95149,"Camacho_2024"
1997544,-82.56000833,30.68178889,"Camacho_2024"
2161778,-82.56375,29.92708333,"Camacho_2024"
2161822,-82.63197222,29.84405556,"Camacho_2024"
2161822,-82.67733333,29.83466667,"Camacho_2024"
2161822,-82.73936111,29.86511111,"Camacho_2024"
2161778,-82.57955556,29.91463889,"Camacho_2024"
166743977,-82.759779,30.328239,"Camacho_2024"
166744066,-82.643857,30.185344,"Camacho_2024"
2000346,-82.635268,30.190703,"Camacho_2024"
166744066,-82.6159,30.169153,"Camacho_2024"
2000346,-82.602911,30.193357,"Camacho_2024"
2156926,-82.565978,30.170171,"Camacho_2024"
16809889,-81.98583333,27.04388889,"Camacho_2024"
16809545,-81.988275,27.074775,"Camacho_2024"
16809889,-81.98575278,27.04380833,"Camacho_2024"
16807729,-81.9675,27.15467222,"Camacho_2024"
16807599,-81.90196667,27.16216667,"Camacho_2024"
16807219,-81.87661944,27.22125278,"Camacho_2024"
16807171,-81.882027,27.224135,"Camacho_2024"
16806727,-81.84628,27.29791,"Camacho_2024"
1987196,-83.2032,29.4445,"Camacho_2024"
1984418,-83.3914,29.5524,"Camacho_2024"
1984080,-83.3641,29.565,"Camacho_2024"
2236143,-83.14447222,29.32110833,"Camacho_2024"
2235913,-83.00048056,29.46384167,"Camacho_2024"
2232713,-82.93756389,29.58885833,"Camacho_2024"
2232705,-82.93983333,29.77966667,"Camacho_2024"
2232713,-82.93775,29.58997222,"Camacho_2024"
16657883,-81.68444444,30.475,"Camacho_2024"
18252505,-81.66388889,30.50166667,"Camacho_2024"
16657923,-81.67111111,30.44611111,"Camacho_2024"
16660065,-81.58666667,30.39777778,"Camacho_2024"
18254913,-81.46055556,30.51055556,"Camacho_2024"
18254065,-81.43166667,30.46333333,"Camacho_2024"
16659837,-81.4125,30.40638889,"Camacho_2024"
16659885,-81.4375,30.39416667,"Camacho_2024"
16660787,-81.43611111,30.37611111,"Camacho_2024"
16658089,-81.41194444,30.37027778,"Camacho_2024"
16659431,-81.3998,30.2747,"Camacho_2024"
16681305,-81.3901,30.2665,"Camacho_2024"
16674179,-81.7088,30.2821,"Camacho_2024"
16660307,-81.7124,30.2901,"Camacho_2024"
16660331,-81.7008,30.2738,"Camacho_2024"
16660365,-81.6885,30.2523,"Camacho_2024"
16674179,-81.7175,30.2784,"Camacho_2024"
16659433,-81.741,30.2736,"Camacho_2024"
16660333,-81.7408,30.2822,"Camacho_2024"
16658523,-81.7578,30.2897,"Camacho_2024"
16674107,-81.53805556,30.4175,"Camacho_2024"
16660351,-81.73277778,30.27416667,"Camacho_2024"
16660267,-81.66055556,30.31888889,"Camacho_2024"
16660143,-81.63916667,30.37111111,"Camacho_2024"
16660109,-81.62,30.38888889,"Camacho_2024"
16660021,-81.43222222,30.37111111,"Camacho_2024"
16681299,-81.40277778,30.36777778,"Camacho_2024"
16660103,-81.42805556,30.35611111,"Camacho_2024"
16660709,-81.44111111,30.32194444,"Camacho_2024"
16660369,-81.72722222,30.25916667,"Camacho_2024"
16660267,-81.68027778,30.31,"Camacho_2024"
16660425,-81.596,30.1353,"Camacho_2024"
16659559,-81.5538,30.1454,"Camacho_2024"
16660461,-81.6341,30.1336,"Camacho_2024"
16658855,-81.6283,30.1491,"Camacho_2024"
16660385,-81.6166,30.2157,"Camacho_2024"
16658727,-81.6041,30.2258,"Camacho_2024"
16660363,-81.6404,30.2537,"Camacho_2024"
16658605,-81.6467,30.2623,"Camacho_2024"
16660369,-81.7276,30.2594,"Camacho_2024"
16658625,-81.7477,30.2602,"Camacho_2024"
16660241,-81.421601,30.291177,"Camacho_2024"
16659941,-81.471125,30.388701,"Camacho_2024"
16659927,-81.456203,30.398738,"Camacho_2024"
18254191,-81.429397,30.440231,"Camacho_2024"
16660773,-81.50775,30.38922,"Camacho_2024"
16674145,-81.64759,30.39271,"Camacho_2024"
16660041,-81.66342,30.40356,"Camacho_2024"
16660937,-81.71868,30.39228,"Camacho_2024"
16658013,-81.7241,30.43117,"Camacho_2024"
16659335,-81.76307,30.43805,"Camacho_2024"
16658559,-81.56981,30.28718,"Camacho_2024"
16659485,-81.51229,30.22353,"Camacho_2024"
18252941,-81.6138,30.56459,"Camacho_2024"
16674147,-81.68512,30.39718,"Camacho_2024"
16674139,-81.42834,30.39722,"Camacho_2024"
16660333,-81.74017,30.28176,"Camacho_2024"
18254229,-81.83236,30.46112,"Camacho_2024"
26810196,-87.344598,30.362459,"Camacho_2024"
801247,-87.316726,30.377438,"Camacho_2024"
801325,-87.275813,30.374229,"Camacho_2024"
801223,-87.208935,30.46014,"Camacho_2024"
800339,-87.160964,30.506011,"Camacho_2024"
448396,-87.196239,30.547069,"Camacho_2024"
448388,-87.263009,30.618085,"Camacho_2024"
447980,-87.22943246,30.54556209,"Camacho_2024"
801309,-87.25758456,30.40982911,"Camacho_2024"
10854213,-87.28020275,30.45084874,"Camacho_2024"
10853983,-87.26858333,30.478775,"Camacho_2024"
NA,-87.44701111,30.30083889,"Camacho_2024"
NA,-87.469777,30.294113,"Camacho_2024"
10854299,-87.409683,30.368547,"Camacho_2024"
2171553,-87.445082,30.523548,"Camacho_2024"
10854403,-87.42228,30.311826,"Camacho_2024"
801351,-87.162058,30.479545,"Camacho_2024"
10854177,-87.37388889,30.46494444,"Camacho_2024"
10854219,-87.26813889,30.37255556,"Camacho_2024"
NA,-87.34238889,30.43027778,"Camacho_2024"
448630,-87.21825,30.56230556,"Camacho_2024"
450568,-87.24669444,30.59808333,"Camacho_2024"
448612,-87.24197222,30.59591667,"Camacho_2024"
10853419,-87.33033333,30.54758333,"Camacho_2024"
801219,-87.20988889,30.47388889,"Camacho_2024"
801325,-87.28222222,30.38113889,"Camacho_2024"
NA,-87.38388889,30.31497222,"Camacho_2024"
NA,-87.25038889,30.33088889,"Camacho_2024"
448444,-87.2344,30.96662,"Camacho_2024"
448456,-87.29263,30.96753,"Camacho_2024"
448464,-87.26949,30.93422,"Camacho_2024"
448704,-87.31167,30.85518,"Camacho_2024"
448542,-87.30589,30.72384,"Camacho_2024"
448540,-87.28514,30.73251,"Camacho_2024"
16682757,-81.256607,29.59911,"Camacho_2024"
16682947,-81.274208,29.608717,"Camacho_2024"
16682975,-81.231105,29.576452,"Camacho_2024"
16683981,-81.211113,29.581528,"Camacho_2024"
16683391,-81.205502,29.592242,"Camacho_2024"
16682945,-81.204477,29.603727,"Camacho_2024"
16683979,-81.193851,29.576565,"Camacho_2024"
16683983,-81.2048,29.569686,"Camacho_2024"
16683983,-81.20949,29.563447,"Camacho_2024"
16683021,-81.228226,29.549634,"Camacho_2024"
16684121,-81.21644444,29.66780556,"Camacho_2024"
16684205,-81.22891667,29.66430556,"Camacho_2024"
16684215,-81.2048,29.6157,"Camacho_2024"
16683977,-81.2029,29.6151,"Camacho_2024"
16683989,-81.1759,29.5592,"Camacho_2024"
16684265,-81.2133,29.5836,"Camacho_2024"
16682987,-81.2329,29.5736,"Camacho_2024"
16682601,-81.2668,29.6372,"Camacho_2024"
16682591,-81.2425,29.6536,"Camacho_2024"
16683931,-81.2371,29.6591,"Camacho_2024"
16682601,-81.2772,29.6521,"Camacho_2024"
16687033,-81.21836,29.49661,"Camacho_2024"
16687261,-81.1356,29.477,"Camacho_2024"
16687311,-81.12651,29.47973,"Camacho_2024"
16687261,-81.10995,29.43804,"Camacho_2024"
16668015,-81.43521,29.42294,"Camacho_2024"
2078097,-84.625078,29.926235,"Camacho_2024"
2298054,-84.99931667,29.7435,"Camacho_2024"
2078343,-84.87515,29.81858333,"Camacho_2024"
NA,-84.96208333,29.617,"Camacho_2024"
25901456,-84.36755556,29.91191667,"Camacho_2024"
2299098,-85.04319444,29.76844444,"Camacho_2024"
2077997,-84.83697222,29.81669444,"Camacho_2024"
2297828,-84.97336111,29.85352778,"Camacho_2024"
2078119,-84.66844444,29.85227778,"Camacho_2024"
2078119,-84.66436111,29.84647222,"Camacho_2024"
2295936,-84.99722,30.0075,"Camacho_2024"
10362516,-84.3052,30.6695,"Camacho_2024"
10365778,-84.4985,30.46,"Camacho_2024"
10365476,-84.4098,30.4752,"Camacho_2024"
10363290,-84.3594,30.586,"Camacho_2024"
2293124,-84.856667,30.700833,"Camacho_2024"
2292768,-84.732778,30.664444,"Camacho_2024"
2232703,-82.91935556,29.7954,"Camacho_2024"
2161822,-82.73994444,29.86469444,"Camacho_2024"
2232705,-82.94277778,29.72227778,"Camacho_2024"
166758640,-82.95458333,29.67436111,"Camacho_2024"
166758640,-82.94308333,29.64405556,"Camacho_2024"
933110048,-82.73244444,29.70897222,"Camacho_2024"
10247859,-81.08733,26.839951,"Camacho_2024"
16742435,-81.082166,26.86441,"Camacho_2024"
166757653,-81.082533,26.97599,"Camacho_2024"
166757653,-81.046356,26.94762,"Camacho_2024"
166757653,-81.04969,26.9177,"Camacho_2024"
16742595,-81.058038,26.83837,"Camacho_2024"
166757654,-81.045795,26.96962,"Camacho_2024"
166757653,-81.013503,26.94159,"Camacho_2024"
166757654,-81.010053,26.99483,"Camacho_2024"
166757654,-81.029152,26.98507,"Camacho_2024"
166757653,-80.996061,26.95514,"Camacho_2024"
166757655,-80.979219,26.99373,"Camacho_2024"
166757654,-80.991764,26.98359,"Camacho_2024"
166757653,-80.959955,26.94949,"Camacho_2024"
16742585,-80.963296,26.92475,"Camacho_2024"
16742585,-80.962867,26.89614,"Camacho_2024"
16742585,-80.951064,26.85923,"Camacho_2024"
166757655,-80.946299,27.05181,"Camacho_2024"
166757655,-80.944538,27.02275,"Camacho_2024"
166757655,-80.946473,27.00512,"Camacho_2024"
166757655,-80.95984,26.98247,"Camacho_2024"
166757652,-80.924865,26.94956,"Camacho_2024"
16742585,-80.929612,26.92424,"Camacho_2024"
16742585,-80.931204,26.89521,"Camacho_2024"
933090015,-80.91359,27.07723,"Camacho_2024"
166757655,-80.916818,27.04831,"Camacho_2024"
166757655,-80.914662,27.02933,"Camacho_2024"
166757655,-80.915666,26.99883,"Camacho_2024"
166757655,-80.926511,26.97794,"Camacho_2024"
16742581,-80.894607,26.94799,"Camacho_2024"
933090015,-80.887579,27.11334,"Camacho_2024"
933090015,-80.888654,27.0611,"Camacho_2024"
166757655,-80.883668,27.02803,"Camacho_2024"
16742581,-80.883217,27.00043,"Camacho_2024"
16742581,-80.894136,26.98083,"Camacho_2024"
16742599,-81.08213889,26.83991667,"Camacho_2024"
10247449,-81.39083333,26.77136111,"Camacho_2024"
16730940,-81.06611111,26.98661111,"Camacho_2024"
16731760,-81.31463889,26.93355556,"Camacho_2024"
10247437,-81.30880556,26.78983333,"Camacho_2024"
166757655,-80.94780556,27.04261111,"Camacho_2024"
166757653,-81.10047222,26.971,"Camacho_2024"
2180801,-85.31318889,29.83220833,"Camacho_2024"
2180623,-85.29006389,29.79580278,"Camacho_2024"
2180623,-85.29785556,29.79815278,"Camacho_2024"
2298904,-85.29061389,29.81229167,"Camacho_2024"
2180801,-85.31288611,29.83911389,"Camacho_2024"
NA,-85.30578611,29.81095,"Camacho_2024"
2180611,-85.22117222,29.88058333,"Camacho_2024"
2180611,-85.22113889,29.88069444,"Camacho_2024"
2135762,-85.17873,30.0882,"Camacho_2024"
2135744,-85.19943,30.13646,"Camacho_2024"
2297468,-85.1425,30.131944,"Camacho_2024"
2135762,-85.17888,30.08833,"Camacho_2024"
2135830,-85.200278,30.243611,"Camacho_2024"
2179807,-85.20027,30.11638,"Camacho_2024"
2298904,-85.28555556,29.71861111,"Camacho_2024"
3572759,-85.28166667,29.69416667,"Camacho_2024"
2180823,-85.30194444,29.71027778,"Camacho_2024"
2180811,-85.30305556,29.75222222,"Camacho_2024"
3572717,-85.26833333,29.70833333,"Camacho_2024"
2180821,-85.29361111,29.71194444,"Camacho_2024"
3572717,-85.28027778,29.70611111,"Camacho_2024"
2299168,-85.18745,29.74341,"Camacho_2024"
3572719,-85.255,29.70777778,"Camacho_2024"
2180525,-85.36973,29.99826,"Camacho_2024"
2135844,-85.14671,30.0177,"Camacho_2024"
2067240,-83.2422,30.5014,"Camacho_2024"
166743977,-82.76105556,30.32972222,"Camacho_2024"
2000156,-82.68692778,30.353875,"Camacho_2024"
1997568,-82.72488889,30.56413889,"Camacho_2024"
2017342,-83.09686,30.44829,"Camacho_2024"
2000152,-82.81906,30.33954,"Camacho_2024"
16803063,-81.805656,27.503798,"Camacho_2024"
16742609,-80.921934,26.77391,"Camacho_2024"
16744249,-80.891,26.86016,"Camacho_2024"
16742609,-80.890223,26.80208,"Camacho_2024"
16742609,-80.891294,26.77547,"Camacho_2024"
10243499,-81.42763889,26.62294444,"Camacho_2024"
16770182,-81.37486111,26.59636111,"Camacho_2024"
89748,-80.97722222,26.31097222,"Camacho_2024"
89748,-81.02766667,26.43136111,"Camacho_2024"
89748,-81.12813889,26.42922222,"Camacho_2024"
68334,-80.92308333,26.76211111,"Camacho_2024"
10247467,-81.44066667,26.77027778,"Camacho_2024"
10247467,-81.44766667,26.76675,"Camacho_2024"
16928054,-82.55444444,28.56333333,"Camacho_2024"
27724373,-82.62333333,28.54527778,"Camacho_2024"
16928062,-82.63611111,28.52111111,"Camacho_2024"
16933316,-82.65027778,28.49722222,"Camacho_2024"
16933344,-82.61638889,28.445,"Camacho_2024"
16933316,-82.656341,28.492605,"Camacho_2024"
16949434,-82.26222,28.64722,"Camacho_2024"
16933020,-82.30944,28.48194,"Camacho_2024"
16949964,-82.21777,28.57861,"Camacho_2024"
21491910,-81.00061111,27.27019444,"Camacho_2024"
21483434,-81.35916667,27.52694444,"Camacho_2024"
21491524,-81.28638889,27.4425,"Camacho_2024"
21484958,-81.47638889,27.4975,"Camacho_2024"
16806221,-81.55472222,27.47222222,"Camacho_2024"
21491876,-81.45111111,27.39472222,"Camacho_2024"
21491936,-81.36361111,27.34194444,"Camacho_2024"
21491938,-81.41611111,27.33,"Camacho_2024"
21491844,-81.33138889,27.38583333,"Camacho_2024"
21491844,-81.31277778,27.30666667,"Camacho_2024"
21491852,-81.23,27.35361111,"Camacho_2024"
21491920,-81.37675,27.25251,"Camacho_2024"
21485130,-81.48986,27.52416,"Camacho_2024"
21484984,-81.49071,27.58218,"Camacho_2024"
21491938,-81.390933,27.348883,"Camacho_2024"
21484984,-81.504194,27.573444,"Camacho_2024"
21484984,-81.504,27.586283,"Camacho_2024"
21484984,-81.497028,27.597806,"Camacho_2024"
21484980,-81.531611,27.639583,"Camacho_2024"
21484980,-81.547444,27.63225,"Camacho_2024"
27805050,-81.477379,27.646957,"Camacho_2024"
21482672,-81.36418,27.63917,"Camacho_2024"
21483268,-81.42581,27.54313,"Camacho_2024"
21491938,-81.372526,27.314155,"Camacho_2024"
21491938,-81.372526,27.297206,"Camacho_2024"
NA,-82.5757,27.9694,"Camacho_2024"
16918986,-82.5459,27.9502,"Camacho_2024"
16917952,-82.5032,27.9908,"Camacho_2024"
16916802,-82.4942,28.015,"Camacho_2024"
16919098,-82.5021,27.868,"Camacho_2024"
16918982,-82.4508,27.9415,"Camacho_2024"
16918978,-82.43,27.9463,"Camacho_2024"
16918712,-82.3617,27.9766,"Camacho_2024"
16916254,-82.504522,28.121608,"Camacho_2024"
16916824,-82.528104,28.141407,"Camacho_2024"
16916760,-82.593956,28.146919,"Camacho_2024"
16916760,-82.592371,28.151431,"Camacho_2024"
16916302,-82.525068,28.071965,"Camacho_2024"
16916302,-82.523392,28.074062,"Camacho_2024"
16916360,-82.58689,28.112496,"Camacho_2024"
16907103,-82.479996,28.092938,"Camacho_2024"
16916882,-82.3441,28.0592,"Camacho_2024"
16907035,-82.3525,28.0578,"Camacho_2024"
16911535,-82.3761,28.0749,"Camacho_2024"
16919098,-82.4889,27.8666,"Camacho_2024"
16919104,-82.5373,27.8671,"Camacho_2024"
16919088,-82.5291,27.8755,"Camacho_2024"
16916386,-82.5564,28.01189,"Camacho_2024"
16896602,-82.2282,27.86721667,"Camacho_2024"
16918808,-82.38438333,27.86018333,"Camacho_2024"
16883906,-82.37616667,27.6763,"Camacho_2024"
933100013,-82.47966667,28.08252778,"Camacho_2024"
16916832,-82.49733333,28.04883333,"Camacho_2024"
16910627,-82.46361111,27.95902778,"Camacho_2024"
16916360,-82.59416667,28.05658333,"Camacho_2024"
16916760,-82.58716667,28.13486111,"Camacho_2024"
16916356,-82.58797222,28.02786111,"Camacho_2024"
16919098,-82.4965,27.86548056,"Camacho_2024"
16919104,-82.51833333,27.87774722,"Camacho_2024"
16919078,-82.53305,27.89326111,"Camacho_2024"
16919098,-82.48638333,27.874775,"Camacho_2024"
16884008,-82.44527778,27.69388889,"Camacho_2024"
16884000,-82.44666667,27.705,"Camacho_2024"
16884032,-82.43611111,27.67555556,"Camacho_2024"
16907113,-82.38777,28.02111,"Camacho_2024"
166743843,-82.42885,28.02501,"Camacho_2024"
166743843,-82.4475,28.01777,"Camacho_2024"
16907061,-82.46519,28.0126,"Camacho_2024"
16910625,-82.46638,27.99694,"Camacho_2024"
16918614,-82.37416,27.77249,"Camacho_2024"
16918210,-82.34944,27.79666,"Camacho_2024"
16896598,-82.3,27.88055,"Camacho_2024"
16896198,-82.27638,27.84638,"Camacho_2024"
16896198,-82.27444,27.83777,"Camacho_2024"
16896300,-82.13805,27.77888,"Camacho_2024"
16896736,-82.16805,27.92333,"Camacho_2024"
16896092,-82.21972,27.94472,"Camacho_2024"
16910629,-82.14888,27.99222,"Camacho_2024"
16910627,-82.45861,27.94361,"Camacho_2024"
16916882,-82.34387,28.00652,"Camacho_2024"
16906571,-82.36345,28.05491,"Camacho_2024"
16910625,-82.46843,27.98892,"Camacho_2024"
16906535,-82.26895,28.0484,"Camacho_2024"
16906977,-82.22673,28.1513,"Camacho_2024"
16906983,-82.26435,28.12852,"Camacho_2024"
16916882,-82.35325,28.01299,"Camacho_2024"
16918960,-82.54888,27.96202,"Camacho_2024"
16916856,-82.6332221,28.0134145,"Camacho_2024"
16919008,-82.428999,27.932082,"Camacho_2024"
16918072,-82.41013,27.94192,"Camacho_2024"
2241581,-85.66166,30.87894,"Camacho_2024"
2242919,-86.02531,30.81226,"Camacho_2024"
2242357,-85.84297,30.94751,"Camacho_2024"
2241797,-85.903328,30.657263,"Camacho_2024"
20119418,-80.499,27.633,"Camacho_2024"
20119418,-80.399,27.65,"Camacho_2024"
20119418,-80.388,27.65,"Camacho_2024"
16701689,-80.671,27.988,"Camacho_2024"
16701689,-80.646,28.014,"Camacho_2024"
20119444,-80.387361,27.603818,"Camacho_2024"
20119444,-80.405665,27.588882,"Camacho_2024"
20112680,-80.48435833,27.79619167,"Camacho_2024"
20112882,-80.51096944,27.76949722,"Camacho_2024"
20118914,-80.46575278,27.76525833,"Camacho_2024"
20119418,-80.42692778,27.64565,"Camacho_2024"
NA,-80.35037222,27.63142222,"Camacho_2024"
NA,-80.36039444,27.66552222,"Camacho_2024"
NA,-80.42430833,27.79620833,"Camacho_2024"
20112680,-80.49527778,27.79833333,"Camacho_2024"
20119514,-80.50805556,27.82,"Camacho_2024"
11016053,-80.774752,27.726678,"Camacho_2024"
NA,-80.32855,27.56112,"Camacho_2024"
20119324,-80.496442,27.835333,"Camacho_2024"
20119450,-80.36505,27.586561,"Camacho_2024"
11013115,-80.76473,27.63107,"Camacho_2024"
11012425,-80.67264,27.82085,"Camacho_2024"
11011565,-80.81166,27.82242,"Camacho_2024"
2315303,-84.904487,30.727634,"Camacho_2024"
2134240,-85.140538,30.790438,"Camacho_2024"
2133314,-85.25947,30.84989,"Camacho_2024"
2177191,-85.390309,30.597047,"Camacho_2024"
2311991,-84.944167,30.869444,"Camacho_2024"
2177571,-85.330556,30.5825,"Camacho_2024"
2292846,-84.973611,30.656667,"Camacho_2024"
933130024,-84.959444,30.904444,"Camacho_2024"
2287175,-83.97932,30.1167,"Camacho_2024"
2287347,-83.8975,30.255,"Camacho_2024"
10319934,-84.04111,30.21305,"Camacho_2024"
2287373,-83.9912,30.3398,"Camacho_2024"
10316690,-83.9781,30.5288,"Camacho_2024"
1978658,-83.90644,30.06107,"Camacho_2024"
2287361,-83.96881,30.14761,"Camacho_2024"
1978638,-83.86598,30.14255,"Camacho_2024"
2287411,-83.81606,30.30657,"Camacho_2024"
2285003,-83.71612,30.59465,"Camacho_2024"
2230497,-83.171046,30.099101,"Camacho_2024"
2229745,-82.99736111,30.00605556,"Camacho_2024"
2232701,-82.89419444,29.84744444,"Camacho_2024"
2230499,-83.119701,30.039163,"Camacho_2024"
2230495,-83.13191,30.12874,"Camacho_2024"
1984346,-83.30828,29.84243,"Camacho_2024"
2230499,-83.12004,30.0393,"Camacho_2024"
16636512,-81.75388889,28.84472222,"Camacho_2024"
16636528,-81.84083333,28.86194444,"Camacho_2024"
16635750,-81.680846,28.689617,"Camacho_2024"
16635750,-81.678529,28.673126,"Camacho_2024"
16636578,-81.662564,28.654599,"Camacho_2024"
933080161,-81.66298333,28.5934,"Camacho_2024"
933080161,-81.676578,28.578773,"Camacho_2024"
16635750,-81.67121,28.68071,"Camacho_2024"
933080159,-81.6590585,28.544899,"Camacho_2024"
16636578,-81.69366,28.637254,"Camacho_2024"
16636578,-81.688033,28.637322,"Camacho_2024"
16636578,-81.675535,28.630625,"Camacho_2024"
16636578,-81.675695,28.622473,"Camacho_2024"
933080161,-81.676347,28.571703,"Camacho_2024"
933080159,-81.679963,28.56718,"Camacho_2024"
933080161,-81.657814,28.568919,"Camacho_2024"
16636528,-81.808422,28.833441,"Camacho_2024"
16636548,-81.887276,28.786823,"Camacho_2024"
16636490,-81.874865,28.901069,"Camacho_2024"
16636530,-81.747347,28.81249,"Camacho_2024"
933080190,-81.8239,28.5933,"Camacho_2024"
933080191,-81.856,28.5803,"Camacho_2024"
16636664,-81.782,28.5548,"Camacho_2024"
16636660,-81.7605,28.5543,"Camacho_2024"
16636014,-81.7711,28.5449,"Camacho_2024"
16636666,-81.775,28.5433,"Camacho_2024"
16636440,-81.7493,28.5047,"Camacho_2024"
16636660,-81.7731,28.5587,"Camacho_2024"
16636660,-81.76044444,28.56116667,"Camacho_2024"
16636440,-81.75091667,28.50769444,"Camacho_2024"
16636586,-81.90004,28.857269,"Camacho_2024"
16636528,-81.86873,28.814563,"Camacho_2024"
16636608,-81.766727,28.743382,"Camacho_2024"
16636608,-81.746315,28.710352,"Camacho_2024"
16636470,-81.806314,28.902874,"Camacho_2024"
16636470,-81.717002,28.936493,"Camacho_2024"
933080180,-81.617834,28.902617,"Camacho_2024"
933080177,-81.634743,29.012981,"Camacho_2024"
10988543,-81.508545,29.04603,"Camacho_2024"
933080159,-81.653507,28.542973,"Camacho_2024"
10989141,-81.52319,29.16534,"Camacho_2024"
10988925,-81.62738,29.17065,"Camacho_2024"
16850270,-82.03944444,26.695,"Camacho_2024"
16851976,-82.05777778,26.64,"Camacho_2024"
10247829,-81.96861111,26.61472222,"Camacho_2024"
10243393,-81.80138889,26.70972222,"Camacho_2024"
16754658,-81.85527778,26.58,"Camacho_2024"
10245639,-81.87555556,26.58194444,"Camacho_2024"
16767836,-81.75222222,26.55555556,"Camacho_2024"
16768768,-81.77527778,26.46638889,"Camacho_2024"
16767836,-81.84694444,26.47638889,"Camacho_2024"
10247841,-81.95222222,26.56083333,"Camacho_2024"
16763314,-81.80583333,26.33888889,"Camacho_2024"
16852102,-82.05263889,26.55152778,"Camacho_2024"
NA,-82.12588889,26.43586111,"Camacho_2024"
16768068,-81.7408,26.3461,"Camacho_2024"
16763342,-81.7622,26.3417,"Camacho_2024"
NA,-82.068825,26.73860833,"Camacho_2024"
16851930,-82.07186389,26.72403889,"Camacho_2024"
16850624,-82.05646944,26.66190278,"Camacho_2024"
16768068,-81.69072222,26.33936111,"Camacho_2024"
16768068,-81.74583333,26.33522222,"Camacho_2024"
16763076,-81.78033333,26.34244444,"Camacho_2024"
16768776,-81.81808333,26.33852778,"Camacho_2024"
10244447,-81.68702778,26.64952778,"Camacho_2024"
10243713,-81.56569444,26.59869444,"Camacho_2024"
NA,-81.83761111,26.35841667,"Camacho_2024"
16849826,-82.06127778,26.76130556,"Camacho_2024"
16767914,-81.84,26.43861111,"Camacho_2024"
10247723,-81.69276944,26.7211,"Camacho_2024"
10247741,-81.75331111,26.71153056,"Camacho_2024"
10247687,-81.64441944,26.72138056,"Camacho_2024"
10247691,-81.60608889,26.71276944,"Camacho_2024"
16763314,-81.81,26.33722222,"Camacho_2024"
10247049,-81.66333333,26.70861111,"Camacho_2024"
933120062,-84.336154,30.402363,"Camacho_2024"
933120062,-84.299589,30.43147,"Camacho_2024"
933120062,-84.323223,30.459515,"Camacho_2024"
933120062,-84.293546,30.446618,"Camacho_2024"
933120025,-84.18145,30.47495,"Camacho_2024"
933120023,-84.178025,30.436394,"Camacho_2024"
10363396,-84.2527,30.6181,"Camacho_2024"
10363386,-84.2026,30.6426,"Camacho_2024"
10365782,-84.5294,30.4394,"Camacho_2024"
10363524,-84.3134,30.5076,"Camacho_2024"
25900542,-83.9911,30.5622,"Camacho_2024"
10320758,-84.1508,30.2842,"Camacho_2024"
10363630,-84.2492,30.5184,"Camacho_2024"
10363484,-84.3275,30.5393,"Camacho_2024"
10320982,-84.299964,30.366466,"Camacho_2024"
10363686,-84.28777,30.57944,"Camacho_2024"
933120063,-84.30722,30.40027,"Camacho_2024"
933120062,-84.35833,30.43361,"Camacho_2024"
10365822,-84.61019,30.40723,"Camacho_2024"
10317480,-84.215833,30.533056,"Camacho_2024"
10320950,-84.298889,30.319444,"Camacho_2024"
10320230,-84.15197,30.28547,"Camacho_2024"
16944470,-82.669484,29.025424,"Camacho_2024"
16944488,-82.573884,29.033209,"Camacho_2024"
16944470,-82.712745,29.030803,"Camacho_2024"
NA,-83.044984,29.13523,"Camacho_2024"
NA,-83.034599,29.139727,"Camacho_2024"
2235919,-83.02577778,29.39653333,"Camacho_2024"
2232715,-82.97051667,29.51796389,"Camacho_2024"
3340288,-82.73551667,29.35365278,"Camacho_2024"
933110050,-82.97713889,29.48944444,"Camacho_2024"
3339996,-82.76287,29.21498,"Camacho_2024"
2296208,-84.986563,30.440196,"Camacho_2024"
2297288,-85.03969,30.30785,"Camacho_2024"
10365936,-84.67158,30.12876,"Camacho_2024"
166758629,-83.243931,30.480527,"Camacho_2024"
166758629,-83.2442,30.4804,"Camacho_2024"
166758628,-83.18015,30.41006667,"Camacho_2024"
2067392,-83.41923333,30.62163056,"Camacho_2024"
-415327,-83.42341667,30.47408333,"Camacho_2024"
NA,-82.6997,27.4664,"Camacho_2024"
16877070,-82.5805,27.4844,"Camacho_2024"
16863519,-82.5814,27.4473,"Camacho_2024"
16863327,-82.6125,27.4737,"Camacho_2024"
16863591,-82.5474,27.4249,"Camacho_2024"
16878432,-82.4859,27.4448,"Camacho_2024"
16875268,-82.3602,27.5107,"Camacho_2024"
16875644,-82.4302,27.5247,"Camacho_2024"
16918890,-82.5622,27.5804,"Camacho_2024"
16865475,-82.65665,27.4967,"Camacho_2024"
16865577,-82.6706,27.4599,"Camacho_2024"
16865597,-82.6485,27.4456,"Camacho_2024"
16865721,-82.5748,27.4148,"Camacho_2024"
16878442,-82.48132778,27.43175833,"Camacho_2024"
16878368,-82.34131667,27.48118333,"Camacho_2024"
16878374,-82.52375,27.49715,"Camacho_2024"
16878442,-82.48166667,27.43248333,"Camacho_2024"
16875704,-82.56171667,27.50023333,"Camacho_2024"
16865481,-82.66961667,27.49601667,"Camacho_2024"
NA,-82.587218,27.574765,"Camacho_2024"
16919362,-82.55194444,27.60138889,"Camacho_2024"
16919362,-82.55166667,27.60083333,"Camacho_2024"
16918326,-82.55361111,27.59,"Camacho_2024"
16838830,-82.1488,27.3664,"Camacho_2024"
16838846,-82.2484,27.3211,"Camacho_2024"
16878350,-82.3023585,27.4764734,"Camacho_2024"
16944518,-82.43697,29.061107,"Camacho_2024"
16944526,-82.435844,29.098602,"Camacho_2024"
16944484,-82.464971,29.046238,"Camacho_2024"
16636460,-81.8375,28.98888889,"Camacho_2024"
16629114,-81.984307,29.216103,"Camacho_2024"
16630398,-82.054921,29.213432,"Camacho_2024"
16944524,-82.351988,29.104852,"Camacho_2024"
16944524,-82.430484,29.086234,"Camacho_2024"
16944516,-82.446808,29.049392,"Camacho_2024"
16628572,-81.993333,29.215,"Camacho_2024"
16629118,-81.992664,29.183532,"Camacho_2024"
16628636,-81.880919,29.078888,"Camacho_2024"
933080194,-81.834328,29.178477,"Camacho_2024"
16629290,-81.901066,29.371106,"Camacho_2024"
933080262,-81.908848,29.225744,"Camacho_2024"
16628602,-81.849089,29.138874,"Camacho_2024"
933080198,-82.055882,29.379037,"Camacho_2024"
16629082,-81.966806,29.362477,"Camacho_2024"
16628534,-81.926587,29.289674,"Camacho_2024"
16629240,-81.902104,29.374307,"Camacho_2024"
16624830,-81.91669,29.504921,"Camacho_2024"
16629144,-81.96305556,29.01666667,"Camacho_2024"
16630390,-82.212416,29.447713,"Camacho_2024"
16629144,-81.970227,29.018514,"Camacho_2024"
16629144,-81.928706,29.040407,"Camacho_2024"
-414980,-82.382,29.368,"Camacho_2024"
10988451,-81.71241944,29.18383889,"Camacho_2024"
10989029,-81.7301,29.3498,"Camacho_2024"
10989409,-81.64341,29.24636,"Camacho_2024"
68166,-80.141549,26.976504,"Camacho_2024"
53926,-80.124902,27.065983,"Camacho_2024"
54182,-80.16567,27.100367,"Camacho_2024"
53818,-80.141375,27.101386,"Camacho_2024"
54334,-80.19505,27.149255,"Camacho_2024"
54334,-80.190694,27.147015,"Camacho_2024"
54318,-80.206428,27.182738,"Camacho_2024"
45478,-80.371918,27.205997,"Camacho_2024"
68166,-80.13174736,26.97657343,"Camacho_2024"
149106,-80.19379699,27.16426408,"Camacho_2024"
54332,-80.25717122,27.16183848,"Camacho_2024"
16742573,-80.620068,26.984403,"Camacho_2024"
54392,-80.287055,27.108727,"Camacho_2024"
53784,-80.2562,27.1116,"Camacho_2024"
54502,-80.2701,27.1876,"Camacho_2024"
149106,-80.194,27.1624,"Camacho_2024"
54370,-80.2824,27.1137,"Camacho_2024"
54396,-80.44281,27.0184,"Camacho_2024"
16742581,-80.828361,26.97541,"Camacho_2024"
16741017,-80.783074,27.02633,"Camacho_2024"
16741019,-80.793429,27.00136,"Camacho_2024"
16742581,-80.794445,26.97425,"Camacho_2024"
933090013,-80.753815,27.05958,"Camacho_2024"
16741019,-80.762127,27.00118,"Camacho_2024"
16742579,-80.760667,26.97157,"Camacho_2024"
16741019,-80.728731,27.00543,"Camacho_2024"
16742575,-80.728423,26.97178,"Camacho_2024"
933090013,-80.695258,27.03482,"Camacho_2024"
933090013,-80.666815,27.09079,"Camacho_2024"
933090013,-80.662051,27.0687,"Camacho_2024"
933090013,-80.658638,27.03829,"Camacho_2024"
16742575,-80.662631,26.97479,"Camacho_2024"
16742573,-80.6302,27.0052,"Camacho_2024"
16742573,-80.628777,26.97243,"Camacho_2024"
NA,-80.22841,27.32175,"Camacho_2024"
83362,-80.3283,25.6154,"Camacho_2024"
83974,-80.2806,25.6421,"Camacho_2024"
83972,-80.284,25.6699,"Camacho_2024"
84156,-80.3288,25.5406,"Camacho_2024"
83454,-80.4055147,25.6002136,"Camacho_2024"
83454,-80.4197858,25.604103,"Camacho_2024"
83454,-80.4220301,25.6193223,"Camacho_2024"
83454,-80.44721,25.637843,"Camacho_2024"
83454,-80.4487087,25.6595057,"Camacho_2024"
83454,-80.4385334,25.6731526,"Camacho_2024"
83274,-80.4255327,25.6753778,"Camacho_2024"
83386,-80.4063626,25.6390049,"Camacho_2024"
83386,-80.4070848,25.6404872,"Camacho_2024"
31280963,-80.4076762,25.6874004,"Camacho_2024"
90466,-80.71194444,25.20222222,"Camacho_2024"
84360,-80.24611111,25.96416667,"Camacho_2024"
84204,-80.25222222,25.91527778,"Camacho_2024"
84204,-80.29861111,25.92055556,"Camacho_2024"
84178,-80.13055556,25.91361111,"Camacho_2024"
84204,-80.18555556,25.87916667,"Camacho_2024"
83082,-80.32666667,25.78888889,"Camacho_2024"
83064,-80.30861111,25.77138889,"Camacho_2024"
31280931,-80.28083333,25.78527778,"Camacho_2024"
84150,-80.21638889,25.78388889,"Camacho_2024"
83082,-80.38611111,25.80027778,"Camacho_2024"
83900,-80.28138889,25.82277778,"Camacho_2024"
82932,-80.23,25.88222222,"Camacho_2024"
83204,-80.27222222,25.72694444,"Camacho_2024"
83218,-80.38111111,25.70472222,"Camacho_2024"
90516,-80.4625,25.49916667,"Camacho_2024"
83732,-80.43611111,25.47444444,"Camacho_2024"
90536,-80.54222222,25.48138889,"Camacho_2024"
84156,-80.32972222,25.53861111,"Camacho_2024"
83572,-80.34777778,25.54833333,"Camacho_2024"
83572,-80.35055556,25.56416667,"Camacho_2024"
83568,-80.32805556,25.56777778,"Camacho_2024"
83454,-80.37111111,25.57,"Camacho_2024"
83572,-80.34277778,25.55944444,"Camacho_2024"
83596,-80.34363889,25.53711111,"Camacho_2024"
83574,-80.33088889,25.54311111,"Camacho_2024"
83572,-80.33158333,25.55219444,"Camacho_2024"
83732,-80.41252778,25.47352778,"Camacho_2024"
83732,-80.37936111,25.47038889,"Camacho_2024"
90516,-80.34705556,25.46263889,"Camacho_2024"
90536,-80.40388889,25.44811111,"Camacho_2024"
90536,-80.43086111,25.44752778,"Camacho_2024"
84204,-80.306739,25.921662,"Camacho_2024"
83900,-80.357118,25.842945,"Camacho_2024"
84360,-80.300142,25.947179,"Camacho_2024"
89748,-80.5109,25.7791,"Camacho_2024"
89748,-80.5051,25.791,"Camacho_2024"
89748,-80.5052,25.7976,"Camacho_2024"
89748,-80.4974,25.8055,"Camacho_2024"
89748,-80.4978,25.8119,"Camacho_2024"
89748,-80.5012,25.8204,"Camacho_2024"
89748,-80.5038,25.8325,"Camacho_2024"
89748,-80.5123,25.8222,"Camacho_2024"
16770632,-80.85886111,25.76063889,"Camacho_2024"
89748,-80.81913889,25.76211111,"Camacho_2024"
89748,-80.72747222,25.76233333,"Camacho_2024"
89748,-80.67386111,25.76355556,"Camacho_2024"
89748,-80.56152778,25.76077778,"Camacho_2024"
89748,-80.50247222,25.762,"Camacho_2024"
89748,-80.57547222,25.61747222,"Camacho_2024"
90470,-80.85036111,25.21461111,"Camacho_2024"
90466,-80.79783333,25.25347222,"Camacho_2024"
90466,-80.57230556,25.39811111,"Camacho_2024"
90466,-80.60911111,25.38208333,"Camacho_2024"
89880,-80.44427778,25.28941667,"Camacho_2024"
83732,-80.42527,25.51388,"Camacho_2024"
83732,-80.39916,25.51666,"Camacho_2024"
83648,-80.49722,25.63777,"Camacho_2024"
83362,-80.37611,25.64222,"Camacho_2024"
83342,-80.40277,25.66583,"Camacho_2024"
83242,-80.34666,25.68916,"Camacho_2024"
83208,-80.26027,25.70555,"Camacho_2024"
83950,-80.28694,25.73861,"Camacho_2024"
83082,-80.32638,25.72,"Camacho_2024"
83082,-80.36347,25.76946,"Camacho_2024"
82974,-80.2075,25.85388,"Camacho_2024"
84186,-80.12583,25.90222,"Camacho_2024"
84360,-80.15116,25.92936,"Camacho_2024"
84198,-80.16288,25.90517,"Camacho_2024"
84134,-80.24232,25.87165,"Camacho_2024"
82974,-80.18867,25.85025,"Camacho_2024"
84204,-80.22359,25.91624,"Camacho_2024"
84204,-80.17337,25.87159,"Camacho_2024"
NA,-80.16926,25.70026,"Camacho_2024"
NA,-80.16253,25.7316,"Camacho_2024"
NA,-80.23281,25.73089,"Camacho_2024"
84150,-80.20029,25.77156,"Camacho_2024"
NA,-80.12761,25.8603,"Camacho_2024"
NA,-81.81138889,24.55027778,"Camacho_2024"
NA,-81.80833333,24.55833333,"Camacho_2024"
NA,-81.78833333,24.54638889,"Camacho_2024"
NA,-81.77138889,24.55972222,"Camacho_2024"
NA,-81.73472222,24.55972222,"Camacho_2024"
NA,-81.7125,24.57861111,"Camacho_2024"
NA,-81.65472222,24.58,"Camacho_2024"
NA,-81.56527778,24.64638889,"Camacho_2024"
NA,-81.49972222,24.68055556,"Camacho_2024"
NA,-81.51305556,24.66305556,"Camacho_2024"
NA,-81.45194444,24.66111111,"Camacho_2024"
NA,-81.08722222,24.69194444,"Camacho_2024"
NA,-81.07527778,24.7125,"Camacho_2024"
NA,-81.07666667,24.71416667,"Camacho_2024"
NA,-81.05916667,24.725,"Camacho_2024"
NA,-80.64277778,24.91305556,"Camacho_2024"
16746751,-80.58583333,24.96055556,"Camacho_2024"
16746789,-80.54166667,24.99333333,"Camacho_2024"
16745673,-80.48805556,25.045,"Camacho_2024"
16749441,-81.40102778,24.72408333,"Camacho_2024"
NA,-81.0631,24.721,"Camacho_2024"
NA,-81.0444,24.7242,"Camacho_2024"
NA,-81.0152,24.7301,"Camacho_2024"
NA,-81.0836,24.7086,"Camacho_2024"
16770632,-81.09980556,25.78847222,"Camacho_2024"
16770632,-81.03891667,25.76022222,"Camacho_2024"
16770632,-80.92563889,25.75508333,"Camacho_2024"
NA,-81.56738056,24.64545,"Camacho_2024"
NA,-81.44261389,24.65666111,"Camacho_2024"
16745759,-80.48940556,25.04979167,"Camacho_2024"
16749417,-81.38043611,24.70593889,"Camacho_2024"
16749417,-81.38405,24.699075,"Camacho_2024"
16751411,-80.53035278,25.002925,"Camacho_2024"
NA,-80.63812222,24.91786389,"Camacho_2024"
NA,-80.58759889,24.95228056,"Camacho_2024"
NA,-81.45413472,24.66185389,"Camacho_2024"
16745727,-80.39193083,25.15622694,"Camacho_2024"
16745719,-80.40280833,25.12500694,"Camacho_2024"
16745745,-80.4418575,25.09861278,"Camacho_2024"
16745423,-80.407015,25.12429111,"Camacho_2024"
18257643,-81.53638889,30.75888889,"Camacho_2024"
18257643,-81.53888889,30.76638889,"Camacho_2024"
18257817,-81.54833333,30.72083333,"Camacho_2024"
18257559,-81.53,30.63416667,"Camacho_2024"
18253163,-81.52027778,30.5725,"Camacho_2024"
18257539,-81.45722222,30.69,"Camacho_2024"
18257985,-81.46666667,30.66944444,"Camacho_2024"
18253185,-81.47361111,30.61472222,"Camacho_2024"
18257539,-81.43972222,30.66916667,"Camacho_2024"
18257983,-81.45972222,30.67722222,"Camacho_2024"
18257211,-81.46472222,30.66222222,"Camacho_2024"
18253125,-81.46916667,30.61638889,"Camacho_2024"
18252891,-81.66455556,30.58925,"Camacho_2024"
18253163,-81.52213889,30.56575,"Camacho_2024"
18261963,-81.48222222,30.64497222,"Camacho_2024"
18257759,-81.68355556,30.74188889,"Camacho_2024"
18252709,-81.57075,30.62905556,"Camacho_2024"
18258889,-82.01861111,30.52377778,"Camacho_2024"
18257539,-81.44022222,30.66880556,"Camacho_2024"
18257971,-81.47469444,30.67322222,"Camacho_2024"
18257983,-81.45994444,30.67697222,"Camacho_2024"
18257079,-81.72536111,30.73461111,"Camacho_2024"
18257825,-81.62394444,30.72305556,"Camacho_2024"
18258727,-82.06672222,30.55169444,"Camacho_2024"
18258009,-81.48955556,30.64341667,"Camacho_2024"
18252795,-81.53627778,30.5495,"Camacho_2024"
18257987,-81.48519444,30.66272222,"Camacho_2024"
18258621,-82.03919444,30.72002778,"Camacho_2024"
18260311,-82.13413889,30.36233333,"Camacho_2024"
18252767,-81.58811111,30.57877778,"Camacho_2024"
18258867,-82.04516667,30.57122222,"Camacho_2024"
18257753,-81.73366667,30.75105556,"Camacho_2024"
18257737,-81.96991667,30.78408333,"Camacho_2024"
18258745,-82.23380556,30.55425,"Camacho_2024"
18258611,-82.07058333,30.72325,"Camacho_2024"
18258575,-82.02416667,30.78336111,"Camacho_2024"
18257665,-81.84036111,30.78644444,"Camacho_2024"
18257665,-81.80633333,30.79025,"Camacho_2024"
18257679,-81.53861111,30.73338889,"Camacho_2024"
NA,-81.44146,30.59934,"Camacho_2024"
478405,-86.4893,30.4024,"Camacho_2024"
478941,-86.4829,30.4059,"Camacho_2024"
478407,-86.4752,30.3955,"Camacho_2024"
477061,-86.496,30.5173,"Camacho_2024"
477063,-86.4889,30.5088,"Camacho_2024"
477065,-86.4895,30.5018,"Camacho_2024"
478921,-86.5914,30.4634,"Camacho_2024"
478921,-86.5873,30.4557,"Camacho_2024"
478369,-86.61432,30.45162,"Camacho_2024"
478909,-86.6367,30.4312,"Camacho_2024"
800907,-86.6063,30.4024,"Camacho_2024"
800909,-86.705007,30.407914,"Camacho_2024"
NA,-86.68972,30.406189,"Camacho_2024"
NA,-86.637446,30.40528,"Camacho_2024"
476583,-86.48822222,30.52108333,"Camacho_2024"
476991,-86.51016667,30.52308333,"Camacho_2024"
477061,-86.49563889,30.51708333,"Camacho_2024"
477063,-86.48758333,30.50772222,"Camacho_2024"
477065,-86.48952778,30.50166667,"Camacho_2024"
477059,-86.489371,30.5197,"Camacho_2024"
477065,-86.489226,30.501788,"Camacho_2024"
478985,-86.487139,30.496792,"Camacho_2024"
478839,-86.600323,30.429996,"Camacho_2024"
478839,-86.600342,30.429342,"Camacho_2024"
800911,-86.715364,30.408832,"Camacho_2024"
800907,-86.66736,30.408407,"Camacho_2024"
478927,-86.59583333,30.47472222,"Camacho_2024"
478333,-86.58527778,30.48027778,"Camacho_2024"
897929,-86.65091667,30.68055556,"Camacho_2024"
897967,-86.75855556,30.64569444,"Camacho_2024"
NA,-86.59352778,30.40013889,"Camacho_2024"
479001,-86.42691667,30.49958333,"Camacho_2024"
477077,-86.45547222,30.51022222,"Camacho_2024"
896197,-86.5586,30.92533,"Camacho_2024"
792156,-86.75283,30.93727,"Camacho_2024"
897807,-86.509708,30.753418,"Camacho_2024"
791644,-86.891107,30.783081,"Camacho_2024"
933090023,-80.853484,27.14758,"Camacho_2024"
933090015,-80.851436,27.11906,"Camacho_2024"
933090015,-80.85783,27.09114,"Camacho_2024"
16742581,-80.859738,27.00491,"Camacho_2024"
16715740,-80.822443,27.17808,"Camacho_2024"
16741003,-80.790448,27.20611,"Camacho_2024"
16741011,-80.791034,27.15008,"Camacho_2024"
933090022,-80.785187,27.05801,"Camacho_2024"
16741007,-80.759639,27.17709,"Camacho_2024"
933070277,-80.756991,27.11903,"Camacho_2024"
933070277,-80.728146,27.14836,"Camacho_2024"
933090013,-80.699984,27.12748,"Camacho_2024"
21476308,-81.6266,28.3542,"Camacho_2024"
21477628,-81.63924,28.431952,"Camacho_2024"
21477628,-81.607658,28.454448,"Camacho_2024"
933080158,-81.61405,28.53034,"Camacho_2024"
16636578,-81.628833,28.677343,"Camacho_2024"
16636578,-81.599908,28.674858,"Camacho_2024"
933080236,-81.59856667,28.61688333,"Camacho_2024"
933080237,-81.55473333,28.617,"Camacho_2024"
933080237,-81.57413333,28.60468333,"Camacho_2024"
933080161,-81.61921667,28.59296667,"Camacho_2024"
16636578,-81.65633333,28.61508333,"Camacho_2024"
933080161,-81.65096667,28.58003333,"Camacho_2024"
933080236,-81.579299,28.648985,"Camacho_2024"
933080236,-81.597496,28.645407,"Camacho_2024"
933080236,-81.560268,28.636224,"Camacho_2024"
16636578,-81.631602,28.638204,"Camacho_2024"
933080161,-81.64895,28.56237,"Camacho_2024"
933080161,-81.625403,28.563392,"Camacho_2024"
933080237,-81.589977,28.578268,"Camacho_2024"
21478140,-81.5538,28.4418,"Camacho_2024"
21476200,-81.4884,28.407,"Camacho_2024"
21478140,-81.5123,28.4547,"Camacho_2024"
21476200,-81.483005,28.449474,"Camacho_2024"
21476236,-81.342868,28.438419,"Camacho_2024"
27805042,-81.356986,28.462687,"Camacho_2024"
21476122,-81.31534,28.45484,"Camacho_2024"
21476296,-81.273455,28.415635,"Camacho_2024"
933090058,-81.218443,28.352197,"Camacho_2024"
10996659,-81.253335,28.571895,"Camacho_2024"
10997833,-81.366435,28.621199,"Camacho_2024"
10991241,-80.93416667,28.54388889,"Camacho_2024"
10996629,-81.225,28.5975,"Camacho_2024"
21476298,-81.22472222,28.38888889,"Camacho_2024"
21477664,-81.25583333,28.37138889,"Camacho_2024"
11009181,-81.26666667,28.46388889,"Camacho_2024"
11009181,-81.26166667,28.46111111,"Camacho_2024"
933080237,-81.551,28.6329,"Camacho_2024"
10997261,-81.509692,28.684102,"Camacho_2024"
10997785,-81.36810278,28.57145,"Camacho_2024"
933080159,-81.63328611,28.54344167,"Camacho_2024"
933080038,-81.3271,28.5763,"Camacho_2024"
10997841,-81.3349,28.6108,"Camacho_2024"
10996629,-81.2033,28.6065,"Camacho_2024"
10997287,-81.282,28.6082,"Camacho_2024"
10997287,-81.2781,28.61,"Camacho_2024"
933080212,-81.434308,28.600525,"Camacho_2024"
933080217,-81.437368,28.559705,"Camacho_2024"
21472882,-81.423391,28.534662,"Camacho_2024"
21478118,-81.407004,28.528947,"Camacho_2024"
16636536,-81.655107,28.76842,"Camacho_2024"
933090042,-81.20232,28.3803,"Camacho_2024"
21476236,-81.33984,28.44283,"Camacho_2024"
933080154,-81.541406,28.570886,"Camacho_2024"
933080165,-81.510735,28.598372,"Camacho_2024"
933080212,-81.40673,28.58127,"Camacho_2024"
11009169,-81.09561,28.48605,"Camacho_2024"
933080212,-81.41397,28.59694,"Camacho_2024"
11019283,-81.038915,27.982001,"Camacho_2024"
21477692,-81.5221,28.3335,"Camacho_2024"
21478176,-81.5801,28.3322,"Camacho_2024"
21477708,-81.4856,28.2671,"Camacho_2024"
933090063,-81.5365,28.2638,"Camacho_2024"
21476406,-81.31805556,28.3475,"Camacho_2024"
21476408,-81.26583333,28.34555556,"Camacho_2024"
21478008,-81.32166667,28.30444444,"Camacho_2024"
21477724,-81.32944444,28.25361111,"Camacho_2024"
21478012,-81.39722222,28.29333333,"Camacho_2024"
21478014,-81.405,28.28944444,"Camacho_2024"
21478014,-81.41805556,28.28277778,"Camacho_2024"
21478014,-81.42805556,28.28611111,"Camacho_2024"
21478014,-81.405177,28.289483,"Camacho_2024"
21478006,-81.280541,28.260565,"Camacho_2024"
21477724,-81.328599,28.252977,"Camacho_2024"
21478038,-81.416283,28.224262,"Camacho_2024"
21478060,-81.36178,28.139843,"Camacho_2024"
21478036,-81.39311111,28.20486111,"Camacho_2024"
21484468,-81.16502778,27.91027778,"Camacho_2024"
21478050,-81.37655,28.19922778,"Camacho_2024"
27805140,-81.22675278,28.15367222,"Camacho_2024"
21484506,-81.05193611,27.87236111,"Camacho_2024"
21478102,-81.449626,28.032498,"Camacho_2024"
11009209,-81.121767,28.209395,"Camacho_2024"
21478070,-81.30438,28.08418,"Camacho_2024"
56890,-80.178463,26.926222,"Camacho_2024"
56850,-80.132499,26.938495,"Camacho_2024"
68240,-80.245362,26.872308,"Camacho_2024"
68240,-80.166714,26.840463,"Camacho_2024"
68152,-80.1044,26.966654,"Camacho_2024"
56850,-80.136439,26.948323,"Camacho_2024"
56850,-80.136459,26.949502,"Camacho_2024"
67182,-80.07770989,26.72429535,"Camacho_2024"
68152,-80.10400629,26.95783202,"Camacho_2024"
68168,-80.121577,26.9431001,"Camacho_2024"
68172,-80.07714878,26.91697872,"Camacho_2024"
59942,-80.06814385,26.70333954,"Camacho_2024"
67182,-80.08893233,26.74956722,"Camacho_2024"
68150,-80.07768158,26.95734435,"Camacho_2024"
68186,-80.05754399,26.84391901,"Camacho_2024"
57668,-80.08093965,26.81787969,"Camacho_2024"
68178,-80.06704591,26.84442554,"Camacho_2024"
68300,-80.06861975,26.88179644,"Camacho_2024"
68306,-80.07894965,26.91337585,"Camacho_2024"
16742583,-80.44548,26.598185,"Camacho_2024"
89748,-80.538554,26.33736,"Camacho_2024"
79540,-80.1057,26.3575,"Camacho_2024"
79540,-80.0963,26.3411,"Camacho_2024"
79610,-80.0723,26.4024,"Camacho_2024"
79616,-80.0684,26.4304,"Camacho_2024"
79614,-80.0886,26.4145,"Camacho_2024"
79616,-80.0664,26.4388,"Camacho_2024"
79620,-80.0633,26.4569,"Camacho_2024"
79614,-80.1149,26.4846,"Camacho_2024"
79614,-80.1145,26.4764,"Camacho_2024"
79614,-80.084,26.4795,"Camacho_2024"
79614,-80.0948,26.4693,"Camacho_2024"
68218,-80.18861111,26.53888889,"Camacho_2024"
79540,-80.16138889,26.46416667,"Camacho_2024"
79540,-80.19972222,26.4425,"Camacho_2024"
79614,-80.09694444,26.44638889,"Camacho_2024"
79540,-80.10666667,26.38777778,"Camacho_2024"
79540,-80.18611111,26.32805556,"Camacho_2024"
79540,-80.20722222,26.36638889,"Camacho_2024"
79540,-80.236657,26.375063,"Camacho_2024"
89748,-80.222159,26.498831,"Camacho_2024"
79540,-80.103409,26.366148,"Camacho_2024"
79540,-80.094611,26.369407,"Camacho_2024"
79540,-80.114528,26.388284,"Camacho_2024"
79540,-80.105678,26.412755,"Camacho_2024"
79614,-80.099133,26.415835,"Camacho_2024"
79540,-80.1474,26.3874,"Camacho_2024"
79540,-80.0982,26.3967,"Camacho_2024"
79540,-80.11,26.3874,"Camacho_2024"
79540,-80.1712,26.3664,"Camacho_2024"
68202,-80.0728766,26.6854213,"Camacho_2024"
68206,-80.0486116,26.6770072,"Camacho_2024"
60720,-80.0729181,26.6663349,"Camacho_2024"
68218,-80.0793798,26.6021388,"Camacho_2024"
68218,-80.0849659,26.5852303,"Camacho_2024"
68218,-80.0766869,26.5889859,"Camacho_2024"
68290,-80.0468471,26.5837644,"Camacho_2024"
67182,-80.0668979,26.716638,"Camacho_2024"
79624,-80.062816,26.473844,"Camacho_2024"
79610,-80.070004,26.40427,"Camacho_2024"
79540,-80.084598,26.324824,"Camacho_2024"
79540,-80.096989,26.330255,"Camacho_2024"
16742581,-80.859993,26.94683,"Camacho_2024"
16742581,-80.856913,26.88512,"Camacho_2024"
16744247,-80.859306,26.83268,"Camacho_2024"
16744247,-80.862473,26.80883,"Camacho_2024"
16742611,-80.863548,26.77783,"Camacho_2024"
16742611,-80.85446,26.74604,"Camacho_2024"
16742581,-80.830277,26.92444,"Camacho_2024"
16742611,-80.83167,26.71868,"Camacho_2024"
16742581,-80.79343,26.94557,"Camacho_2024"
16742581,-80.794358,26.92137,"Camacho_2024"
16742583,-80.796683,26.88989,"Camacho_2024"
16742591,-80.79981,26.86025,"Camacho_2024"
16742591,-80.792274,26.83135,"Camacho_2024"
16742611,-80.811017,26.78454,"Camacho_2024"
16742611,-80.795723,26.72557,"Camacho_2024"
16742591,-80.764288,26.8048,"Camacho_2024"
16742591,-80.775082,26.7822,"Camacho_2024"
16744243,-80.7769,26.75677,"Camacho_2024"
16744243,-80.776511,26.7243,"Camacho_2024"
16742579,-80.729084,26.94274,"Camacho_2024"
16742583,-80.729965,26.91966,"Camacho_2024"
16742583,-80.729459,26.89112,"Camacho_2024"
16742587,-80.73132,26.86106,"Camacho_2024"
16744243,-80.699173,26.83184,"Camacho_2024"
16744243,-80.697844,26.80211,"Camacho_2024"
16744245,-80.71213,26.77695,"Camacho_2024"
16742589,-80.712999,26.75254,"Camacho_2024"
16742583,-80.666039,26.9218,"Camacho_2024"
16742583,-80.660754,26.88441,"Camacho_2024"
16742587,-80.663588,26.85719,"Camacho_2024"
16742583,-80.63169,26.91735,"Camacho_2024"
16742583,-80.631626,26.89122,"Camacho_2024"
79540,-80.115275,26.387775,"Camacho_2024"
79448,-80.07579722,26.36335,"Camacho_2024"
89748,-80.62791667,26.33863889,"Camacho_2024"
16742621,-80.71475,26.70516667,"Camacho_2024"
89748,-80.814,26.69730556,"Camacho_2024"
16744243,-80.73197222,26.68219444,"Camacho_2024"
89748,-80.85341667,26.58761111,"Camacho_2024"
89748,-80.29982,26.35616,"Camacho_2024"
67100,-80.14013,26.78622,"Camacho_2024"
16932188,-82.71888889,28.19444444,"Camacho_2024"
16933180,-82.7545,28.1878,"Camacho_2024"
16933104,-82.7646,28.1951,"Camacho_2024"
16932188,-82.7189,28.1942,"Camacho_2024"
166743839,-82.4033,28.188,"Camacho_2024"
16933020,-82.3058,28.4169,"Camacho_2024"
166743839,-82.446857,28.205577,"Camacho_2024"
166743839,-82.448983,28.20811,"Camacho_2024"
166743839,-82.458583,28.202768,"Camacho_2024"
16933434,-82.75472222,28.21833333,"Camacho_2024"
166743839,-82.458147,28.227282,"Camacho_2024"
166743839,-82.457338,28.223334,"Camacho_2024"
166743839,-82.458049,28.229604,"Camacho_2024"
16931830,-82.691105,28.30195,"Camacho_2024"
16933352,-82.671609,28.406548,"Camacho_2024"
16933602,-82.695908,28.373057,"Camacho_2024"
16931786,-82.706269,28.342617,"Camacho_2024"
16933046,-82.707111,28.312351,"Camacho_2024"
16931968,-82.742911,28.23531,"Camacho_2024"
16933068,-82.722412,28.250623,"Camacho_2024"
16933084,-82.668149,28.22947,"Camacho_2024"
16933084,-82.699756,28.23642,"Camacho_2024"
16933094,-82.689453,28.224182,"Camacho_2024"
10997387,-81.34685,28.97786,"Camacho_2024"
16931786,-82.60722,28.28638,"Camacho_2024"
16931478,-82.4409,28.3212,"Camacho_2024"
16955672,-82.0557,28.3021,"Camacho_2024"
16955670,-82.0559,28.3125,"Camacho_2024"
NA,-82.76,27.755,"Camacho_2024"
NA,-82.76388889,27.80472222,"Camacho_2024"
NA,-82.68444444,27.70944444,"Camacho_2024"
NA,-82.72277778,27.6825,"Camacho_2024"
16919254,-82.6244814,27.7830622,"Camacho_2024"
16919240,-82.6334554,27.8001284,"Camacho_2024"
16919240,-82.6422621,27.789524,"Camacho_2024"
16934994,-82.7681077,27.8118076,"Camacho_2024"
16932602,-82.7765,28.0886,"Camacho_2024"
16933126,-82.7513,28.0741,"Camacho_2024"
16916816,-82.7101,28.0598,"Camacho_2024"
16916816,-82.7069,28.0492,"Camacho_2024"
16916842,-82.6811,28.0352,"Camacho_2024"
16933128,-82.7513,28.0441,"Camacho_2024"
16932636,-82.757,28.0461,"Camacho_2024"
16932652,-82.7836,28.0363,"Camacho_2024"
166743867,-82.7363,28.1265,"Camacho_2024"
16932306,-82.7322,28.1654,"Camacho_2024"
16934422,-82.762503,27.95218,"Camacho_2024"
16919084,-82.66751,27.89528,"Camacho_2024"
16934486,-82.77186,27.90381,"Camacho_2024"
166758497,-82.7998,27.90949,"Camacho_2024"
16934930,-82.78224,27.86761,"Camacho_2024"
16934512,-82.80918,27.87307,"Camacho_2024"
16934970,-82.84308,27.882495,"Camacho_2024"
166743867,-82.737417,28.133083,"Camacho_2024"
166743867,-82.727988,28.146315,"Camacho_2024"
16937900,-82.762225,28.140657,"Camacho_2024"
16932376,-82.771863,28.147848,"Camacho_2024"
166743867,-82.731508,28.103213,"Camacho_2024"
16933272,-82.762588,28.153741,"Camacho_2024"
16932652,-82.7825,28.03472222,"Camacho_2024"
16917974,-82.72194444,28.005,"Camacho_2024"
16918578,-82.72138889,27.97333333,"Camacho_2024"
16918784,-82.7025,27.88805556,"Camacho_2024"
16918776,-82.73,27.93666667,"Camacho_2024"
16934422,-82.76166667,27.9725,"Camacho_2024"
16934422,-82.7675,27.97861111,"Camacho_2024"
16934890,-82.78888889,27.98333333,"Camacho_2024"
16934486,-82.78305556,27.90083333,"Camacho_2024"
16934486,-82.77138889,27.9025,"Camacho_2024"
16935034,-82.76777778,27.87138889,"Camacho_2024"
16933306,-82.767689,28.136034,"Camacho_2024"
16932314,-82.704472,28.162431,"Camacho_2024"
16933268,-82.75958,28.155957,"Camacho_2024"
16917974,-82.686199,27.992958,"Camacho_2024"
16918994,-82.697222,27.972739,"Camacho_2024"
16918012,-82.741243,27.979282,"Camacho_2024"
16918012,-82.748266,27.982817,"Camacho_2024"
16918604,-82.66666667,27.83944444,"Camacho_2024"
16934514,-82.73694444,27.86194444,"Camacho_2024"
16934540,-82.74222222,27.82111111,"Camacho_2024"
16934972,-82.77638889,27.84111111,"Camacho_2024"
16919282,-82.6354,27.7623,"Camacho_2024"
16919292,-82.6309,27.7558,"Camacho_2024"
16919268,-82.6287,27.7672,"Camacho_2024"
16918238,-82.64590278,27.76315,"Camacho_2024"
16919336,-82.65247222,27.70075,"Camacho_2024"
16919322,-82.6353,27.7186,"Camacho_2024"
16919084,-82.6794,27.8956,"Camacho_2024"
16919120,-82.6134,27.8701,"Camacho_2024"
16918834,-82.6707,27.841,"Camacho_2024"
NA,-82.7657,27.756,"Camacho_2024"
NA,-82.7634,27.7578,"Camacho_2024"
16933306,-82.769186,28.130179,"Camacho_2024"
16937900,-82.746654,28.121963,"Camacho_2024"
16937900,-82.751713,28.13064,"Camacho_2024"
16919120,-82.599728,27.874282,"Camacho_2024"
16919454,-82.633528,27.848533,"Camacho_2024"
16919184,-82.611031,27.844036,"Camacho_2024"
16919184,-82.603034,27.849392,"Camacho_2024"
16919144,-82.636084,27.853466,"Camacho_2024"
16918178,-82.605957,27.821097,"Camacho_2024"
16919032,-82.6985067,27.9609344,"Camacho_2024"
166743869,-82.7045527,28.0888489,"Camacho_2024"
16916842,-82.6924889,28.038099,"Camacho_2024"
16935040,-82.7957254,27.9910128,"Camacho_2024"
NA,-82.8510721,27.8873944,"Camacho_2024"
NA,-82.8396231,27.8455022,"Camacho_2024"
16918880,-82.647816,27.735247,"Camacho_2024"
NA,-82.635237,27.742192,"Camacho_2024"
16918862,-82.662455,27.783791,"Camacho_2024"
16794835,-81.937083,28.054274,"Camacho_2024"
16794835,-81.945698,28.077946,"Camacho_2024"
16794835,-81.914666,28.060044,"Camacho_2024"
16794835,-81.884303,28.062675,"Camacho_2024"
16794835,-81.950769,28.10455,"Camacho_2024"
16801419,-81.746561,28.059946,"Camacho_2024"
16794855,-81.744755,28.066745,"Camacho_2024"
16794431,-81.787784,28.083708,"Camacho_2024"
16794845,-81.851077,28.001982,"Camacho_2024"
16794431,-81.805865,28.070275,"Camacho_2024"
16801419,-81.758054,28.066514,"Camacho_2024"
16801419,-81.767356,28.058788,"Camacho_2024"
16894484,-81.950899,27.966745,"Camacho_2024"
16896032,-82.004132,27.981996,"Camacho_2024"
16902149,-81.980684,28.047019,"Camacho_2024"
16906585,-81.966443,28.029772,"Camacho_2024"
16803125,-81.94574,28.017575,"Camacho_2024"
16794835,-81.924315,28.032573,"Camacho_2024"
21476576,-81.6592,28.341,"Camacho_2024"
16794835,-81.912789,28.104615,"Camacho_2024"
16794431,-81.808311,28.073741,"Camacho_2024"
16801419,-81.749646,28.048328,"Camacho_2024"
16794835,-81.884862,28.055053,"Camacho_2024"
21484578,-81.20935833,27.81761389,"Camacho_2024"
21484012,-81.57394167,27.90565556,"Camacho_2024"
16803103,-81.7237,27.90074,"Camacho_2024"
21484484,-81.41849,27.94124,"Camacho_2024"
16794855,-81.735838,28.093421,"Camacho_2024"
16794855,-81.627616,28.100598,"Camacho_2024"
16794855,-81.684423,28.067794,"Camacho_2024"
21478156,-81.533152,28.056362,"Camacho_2024"
16644104,-81.79552,28.12806,"Camacho_2024"
16801419,-81.747931,28.013974,"Camacho_2024"
16801419,-81.747587,28.000392,"Camacho_2024"
21483940,-81.541823,27.976875,"Camacho_2024"
933100040,-81.760341,27.981896,"Camacho_2024"
16801419,-81.697382,27.99742,"Camacho_2024"
16801419,-81.70503,28.000666,"Camacho_2024"
16794377,-81.670943,27.997837,"Camacho_2024"
16802843,-81.851118,27.938326,"Camacho_2024"
16802915,-81.817208,27.901416,"Camacho_2024"
16802921,-81.838813,27.869701,"Camacho_2024"
-415155,-81.8134,27.82602,"Camacho_2024"
16801591,-81.793475,27.812679,"Camacho_2024"
16801647,-81.801965,27.759827,"Camacho_2024"
16802959,-81.780083,27.747116,"Camacho_2024"
16802963,-81.678664,27.786384,"Camacho_2024"
21484698,-81.562138,27.809773,"Camacho_2024"
21484698,-81.573062,27.762973,"Camacho_2024"
21484698,-81.535553,27.744559,"Camacho_2024"
21484698,-81.510352,27.755664,"Camacho_2024"
21484618,-81.385059,27.813514,"Camacho_2024"
21484706,-81.417541,27.720044,"Camacho_2024"
16794855,-81.716303,28.091916,"Camacho_2024"
21484206,-81.4367912,27.6868138,"Camacho_2024"
21484146,-81.4463922,27.7086845,"Camacho_2024"
16801419,-81.69315,27.98857,"Camacho_2024"
16664797,-81.724136,29.693549,"Camacho_2024"
16665363,-81.628628,29.645586,"Camacho_2024"
933080019,-82.05068889,29.57001333,"Camacho_2024"
16624808,-81.877835,29.525679,"Camacho_2024"
16624840,-81.804176,29.508214,"Camacho_2024"
16624766,-82.010555,29.608443,"Camacho_2024"
933080204,-82.040076,29.665976,"Camacho_2024"
16629076,-81.738994,29.475684,"Camacho_2024"
16624794,-81.836418,29.542626,"Camacho_2024"
933080024,-82.046218,29.599497,"Camacho_2024"
16664655,-81.84561111,29.80230556,"Camacho_2024"
16665091,-81.63007,29.69099,"Camacho_2024"
16665187,-81.67826,29.50823,"Camacho_2024"
16668029,-81.67521,29.47943,"Camacho_2024"
10989015,-81.66504,29.43215,"Camacho_2024"
16664279,-81.59114,29.5012,"Camacho_2024"
16629194,-81.50638,29.42853,"Camacho_2024"
801341,-87.094141,30.472223,"Camacho_2024"
800365,-87.19331801,30.56138233,"Camacho_2024"
793986,-87.03581429,30.62390104,"Camacho_2024"
801355,-87.048288,30.398143,"Camacho_2024"
800315,-87.092856,30.523838,"Camacho_2024"
793992,-87.029006,30.602215,"Camacho_2024"
793996,-87.028945,30.59637,"Camacho_2024"
791508,-86.983968,30.847055,"Camacho_2024"
792078,-86.852473,30.860885,"Camacho_2024"
793986,-87.03277778,30.61838889,"Camacho_2024"
800221,-87.10636111,30.54886111,"Camacho_2024"
448560,-87.26511111,30.67061111,"Camacho_2024"
793982,-87.03338889,30.62733333,"Camacho_2024"
447958,-87.23438889,30.60127778,"Camacho_2024"
897975,-86.83333333,30.62069444,"Camacho_2024"
801355,-87.00244444,30.4085,"Camacho_2024"
793992,-87.030106,30.603075,"Camacho_2024"
793842,-87.09446,30.95198,"Camacho_2024"
792164,-86.832409,30.86206,"Camacho_2024"
791818,-86.960944,30.674612,"Camacho_2024"
799171,-86.997161,30.584435,"Camacho_2024"
793970,-87.020374,30.634502,"Camacho_2024"
793492,-87.04571,30.710615,"Camacho_2024"
793858,-87.005621,30.660538,"Camacho_2024"
16839180,-82.27527778,27.01972222,"Camacho_2024"
16864675,-82.437301,27.118552,"Camacho_2024"
16864459,-82.470069,27.171158,"Camacho_2024"
NA,-82.54573,27.27946,"Camacho_2024"
NA,-82.54272,27.27038,"Camacho_2024"
NA,-82.53196,27.2547,"Camacho_2024"
NA,-82.52801,27.25089,"Camacho_2024"
NA,-82.51845,27.24116,"Camacho_2024"
NA,-82.49282,27.1812,"Camacho_2024"
NA,-82.49121,27.17459,"Camacho_2024"
NA,-82.48224,27.16011,"Camacho_2024"
NA,-82.47383,27.14879,"Camacho_2024"
NA,-82.47017,27.14008,"Camacho_2024"
NA,-82.46935,27.12788,"Camacho_2024"
NA,-82.4634,27.12,"Camacho_2024"
NA,-82.4502,27.1232,"Camacho_2024"
NA,-82.4584,27.1079,"Camacho_2024"
NA,-82.4563,27.1103,"Camacho_2024"
16865889,-82.4301,27.0748,"Camacho_2024"
NA,-82.42608,27.03506,"Camacho_2024"
NA,-82.41381,27.01602,"Camacho_2024"
NA,-82.403,27.00063,"Camacho_2024"
NA,-82.3873,26.97569,"Camacho_2024"
NA,-82.37008,26.95236,"Camacho_2024"
NA,-82.56161,27.3477,"Camacho_2024"
NA,-82.54475,27.32566,"Camacho_2024"
16863989,-82.514,27.3042,"Camacho_2024"
NA,-82.5557,27.2759,"Camacho_2024"
16865807,-82.5308,27.2541,"Camacho_2024"
16865841,-82.4933,27.1793,"Camacho_2024"
27085175,-82.4553,27.1392,"Camacho_2024"
16864553,-82.4362,27.137,"Camacho_2024"
16864665,-82.4326,27.1176,"Camacho_2024"
NA,-82.409649,27.010592,"Camacho_2024"
16863879,-82.44159167,27.33439722,"Camacho_2024"
166758449,-82.41789167,27.36463056,"Camacho_2024"
16878316,-82.45249167,27.37486944,"Camacho_2024"
27085131,-82.53918889,27.38802222,"Camacho_2024"
16865399,-82.53277778,27.27194444,"Camacho_2024"
16864189,-82.49972222,27.27666667,"Camacho_2024"
16865295,-82.50416667,27.32055556,"Camacho_2024"
16865879,-82.44944444,27.11722222,"Camacho_2024"
16864665,-82.43361111,27.1175,"Camacho_2024"
16838908,-82.31119722,27.23473333,"Camacho_2024"
16865323,-82.38611111,27.2495,"Camacho_2024"
16865333,-82.45684167,27.15804444,"Camacho_2024"
16837686,-82.35083333,27.12305556,"Camacho_2024"
16838908,-82.31416667,27.24111111,"Camacho_2024"
16837240,-82.22361111,27.30166667,"Camacho_2024"
16867949,-82.38883333,26.99791667,"Camacho_2024"
16839150,-82.293525,27.04505278,"Camacho_2024"
16837958,-82.21241667,27.07676111,"Camacho_2024"
16837668,-82.14920278,27.11981667,"Camacho_2024"
16839088,-82.28823333,27.26566111,"Camacho_2024"
16865421,-82.43430556,27.13269444,"Camacho_2024"
NA,-82.4445,27.10344444,"Camacho_2024"
NA,-82.46427778,27.11380556,"Camacho_2024"
NA,-82.46905556,27.11366667,"Camacho_2024"
16864549,-82.43433333,27.14058333,"Camacho_2024"
16865887,-82.44138889,27.10194444,"Camacho_2024"
16864835,-82.41180556,27.07319444,"Camacho_2024"
16837638,-82.36111111,27.13822222,"Camacho_2024"
16864527,-82.42236111,27.15916667,"Camacho_2024"
16864835,-82.39741667,27.05727778,"Camacho_2024"
16865891,-82.43758333,27.05186111,"Camacho_2024"
16837210,-82.2537,27.3012,"Camacho_2024"
16838908,-82.3138,27.2412,"Camacho_2024"
16837792,-82.3331,27.1011,"Camacho_2024"
16839164,-82.25,27.033,"Camacho_2024"
16839148,-82.2939,27.0455,"Camacho_2024"
16865295,-82.504311,27.319307,"Camacho_2024"
16863879,-82.441116,27.325806,"Camacho_2024"
16863879,-82.4392128,27.325827,"Camacho_2024"
10997271,-81.383956,28.666402,"Camacho_2024"
10996601,-81.426463,28.641477,"Camacho_2024"
10997905,-81.03555556,28.71472222,"Camacho_2024"
10997585,-81.18055556,28.78611111,"Camacho_2024"
11033091,-81.32777778,28.83583333,"Camacho_2024"
10997521,-81.268453,28.814972,"Camacho_2024"
10997569,-81.412446,28.828896,"Camacho_2024"
10997649,-81.263841,28.726816,"Camacho_2024"
10997269,-81.4197,28.6981,"Camacho_2024"
10996339,-81.444185,28.713831,"Camacho_2024"
10996339,-81.459599,28.688462,"Camacho_2024"
10996481,-81.410712,28.665858,"Camacho_2024"
10997713,-81.400845,28.652228,"Camacho_2024"
11033091,-81.32308333,28.83670556,"Camacho_2024"
10997649,-81.2577,28.7228,"Camacho_2024"
10997523,-81.058611,28.793056,"Camacho_2024"
10996421,-81.11416,28.67777,"Camacho_2024"
10997711,-81.12138,28.63277,"Camacho_2024"
16681309,-81.3821,30.2435,"Camacho_2024"
16681287,-81.3604,30.1609,"Camacho_2024"
16681283,-81.328,30.0227,"Camacho_2024"
16684023,-81.3143,29.9906,"Camacho_2024"
16683613,-81.3123,29.9542,"Camacho_2024"
16683613,-81.3086,29.9431,"Camacho_2024"
16684345,-81.2985,29.9167,"Camacho_2024"
16674189,-81.6557,30.1039,"Camacho_2024"
16682069,-81.364607,29.990381,"Camacho_2024"
16683259,-81.34961,29.972612,"Camacho_2024"
16683265,-81.332811,29.950323,"Camacho_2024"
16683279,-81.36208,29.936971,"Camacho_2024"
16683279,-81.360854,29.920715,"Camacho_2024"
16683279,-81.341769,29.929309,"Camacho_2024"
16683731,-81.331171,29.913714,"Camacho_2024"
16684179,-81.323878,29.930445,"Camacho_2024"
16684345,-81.307963,29.917704,"Camacho_2024"
16684253,-81.316457,29.904839,"Camacho_2024"
16683715,-81.295731,29.910962,"Camacho_2024"
16683769,-81.332395,29.889613,"Camacho_2024"
16683769,-81.32209,29.886279,"Camacho_2024"
16684015,-81.310083,29.883397,"Camacho_2024"
16683743,-81.309886,29.892043,"Camacho_2024"
16683737,-81.285352,29.886192,"Camacho_2024"
16660511,-81.668344,30.05167,"Camacho_2024"
16665013,-81.566003,29.985239,"Camacho_2024"
16664745,-81.51805556,29.64444444,"Camacho_2024"
16684255,-81.31222778,29.85533056,"Camacho_2024"
16684045,-81.29779167,29.86987778,"Camacho_2024"
16683737,-81.27563056,29.87203333,"Camacho_2024"
16682407,-81.31337,29.855619,"Camacho_2024"
16682415,-81.278901,29.844466,"Camacho_2024"
16683799,-81.3139,29.829101,"Camacho_2024"
16683811,-81.316168,29.821785,"Camacho_2024"
16683317,-81.334853,29.816995,"Camacho_2024"
16683319,-81.27509,29.815618,"Camacho_2024"
16683819,-81.26783,29.787707,"Camacho_2024"
16682447,-81.316593,29.775946,"Camacho_2024"
16683825,-81.249454,29.753425,"Camacho_2024"
16684031,-81.244318,29.745418,"Camacho_2024"
16681231,-81.39833333,30.11527778,"Camacho_2024"
16681229,-81.38611111,30.13277778,"Camacho_2024"
16681291,-81.41,30.21027778,"Camacho_2024"
16681253,-81.34786111,30.10013889,"Camacho_2024"
16660559,-81.6405,30.0201,"Camacho_2024"
16674189,-81.6473,30.0836,"Camacho_2024"
16660483,-81.6552,30.0806,"Camacho_2024"
16660567,-81.6146,30.0065,"Camacho_2024"
16684243,-81.29868,29.912915,"Camacho_2024"
16683857,-81.242598,29.717835,"Camacho_2024"
16683791,-81.30402778,29.83313889,"Camacho_2024"
16683327,-81.25813889,29.76861111,"Camacho_2024"
16683863,-81.23291667,29.71161111,"Camacho_2024"
16683815,-81.28105556,29.81108333,"Camacho_2024"
16682585,-81.26836111,29.66261111,"Camacho_2024"
16682399,-81.39366667,29.87719444,"Camacho_2024"
16683345,-81.27906944,29.68442222,"Camacho_2024"
16683773,-81.31066944,29.86236389,"Camacho_2024"
16681261,-81.371244,30.065879,"Camacho_2024"
16665051,-81.53138,29.79,"Camacho_2024"
16665469,-81.55333,29.82333,"Camacho_2024"
16663809,-81.48444,29.72361,"Camacho_2024"
NA,-80.29235083,27.47018,"Camacho_2024"
20122598,-80.33139583,27.46630889,"Camacho_2024"
20122594,-80.334751,27.486349,"Camacho_2024"
NA,-80.302977,27.49512,"Camacho_2024"
20120830,-80.3485,27.488814,"Camacho_2024"
20120830,-80.373232,27.481789,"Camacho_2024"
20120830,-80.349412,27.476393,"Camacho_2024"
26790,-80.390238,27.470258,"Camacho_2024"
32804,-80.35158,27.395748,"Camacho_2024"
53144,-80.342213,27.374298,"Camacho_2024"
53178,-80.366324,27.352347,"Camacho_2024"
40078,-80.322508,27.304292,"Camacho_2024"
933090016,-80.371918,27.265745,"Camacho_2024"
53358,-80.316682,27.24909,"Camacho_2024"
20122610,-80.31957,27.43746,"Camacho_2024"
NA,-80.27706,27.41934,"Camacho_2024"
32614,-80.37554,27.39885,"Camacho_2024"
38584,-80.33271,27.32332,"Camacho_2024"
933090016,-80.54622,27.33807,"Camacho_2024"
54476,-80.315417,27.244333,"Camacho_2024"
32298,-80.39948,27.40323,"Camacho_2024"
16949812,-82.144496,28.817103,"Camacho_2024"
16949806,-82.21444444,28.85222222,"Camacho_2024"
16949882,-82.24194444,28.72333333,"Camacho_2024"
16949962,-82.2212,28.5934,"Camacho_2024"
166758528,-82.1121,28.7637,"Camacho_2024"
166758528,-82.1197,28.7926,"Camacho_2024"
16949820,-82.1516,28.8015,"Camacho_2024"
16949306,-82.003853,28.906641,"Camacho_2024"
16949630,-81.978173,28.828286,"Camacho_2024"
16949630,-82.006428,28.83242,"Camacho_2024"
16949630,-81.991933,28.831601,"Camacho_2024"
2161390,-82.76188889,29.98413889,"Camacho_2024"
2161766,-82.762187,29.965422,"Camacho_2024"
2232693,-82.92848333,29.95382778,"Camacho_2024"
2229745,-82.99641944,30.00725278,"Camacho_2024"
2230475,-83.18956111,30.35306389,"Camacho_2024"
166743979,-82.93445,30.39453889,"Camacho_2024"
2000038,-82.962984,30.414804,"Camacho_2024"
2161876,-82.86027778,29.91211111,"Camacho_2024"
2230489,-83.24897,30.24479,"Camacho_2024"
1978498,-83.77932,30.00948,"Camacho_2024"
1984856,-83.67058,29.92071,"Camacho_2024"
1984438,-83.58015,29.95813,"Camacho_2024"
1978426,-83.58875,30.05931,"Camacho_2024"
1978648,-83.47202,30.09834,"Camacho_2024"
1978394,-83.66422,30.08404,"Camacho_2024"
1978312,-83.6825,30.28705,"Camacho_2024"
2157168,-82.16105556,30.10358333,"Camacho_2024"
2156984,-82.20316667,30.07055556,"Camacho_2024"
2157178,-82.22888889,30.06761111,"Camacho_2024"
2157042,-82.30252778,30.04666667,"Camacho_2024"
2157044,-82.33058333,30.01836111,"Camacho_2024"
2157044,-82.33980556,30.02686111,"Camacho_2024"
2161874,-82.42655556,29.92208333,"Camacho_2024"
933070053,-82.39768,30.11702,"Camacho_2024"
2157166,-82.29368,30.11815,"Camacho_2024"
10989141,-81.52166667,29.1675,"Camacho_2024"
10997477,-81.310334,28.862891,"Camacho_2024"
10997585,-81.180426,28.786114,"Camacho_2024"
16687189,-81.12805556,29.27388889,"Camacho_2024"
16686557,-81.08777778,29.26722222,"Camacho_2024"
16687289,-81.09388889,29.30472222,"Camacho_2024"
16687279,-81.08722222,29.34222222,"Camacho_2024"
NA,-81.04638889,29.30777778,"Camacho_2024"
16687209,-81.10972222,29.21722222,"Camacho_2024"
16687193,-81.12805556,29.25694444,"Camacho_2024"
16687319,-81.11222222,29.26638889,"Camacho_2024"
16687209,-81.08472222,29.185,"Camacho_2024"
16687299,-81.04694444,29.1825,"Camacho_2024"
16667977,-81.1625,29.16611111,"Camacho_2024"
16687313,-81.00527778,29.22333333,"Camacho_2024"
16687329,-81.02333333,29.23,"Camacho_2024"
16707083,-80.90833333,29.0375,"Camacho_2024"
16707087,-80.90388889,29.02944444,"Camacho_2024"
16684601,-80.94194444,29.04638889,"Camacho_2024"
16684695,-80.96055556,29.05111111,"Camacho_2024"
16684687,-80.97388889,29.09333333,"Camacho_2024"
16684733,-80.97444444,29.15194444,"Camacho_2024"
16684735,-81.00277778,29.15805556,"Camacho_2024"
16686671,-81.05722222,29.16305556,"Camacho_2024"
16687253,-81.02555556,29.085,"Camacho_2024"
16687253,-81.03444444,29.10861111,"Camacho_2024"
16687209,-81.0525,29.13638889,"Camacho_2024"
10989245,-81.38261389,29.010425,"Camacho_2024"
16668047,-81.27215,29.03259167,"Camacho_2024"
10997173,-81.19177778,28.92305,"Camacho_2024"
10997469,-81.25287222,28.86226111,"Camacho_2024"
10989147,-81.36336667,29.13415833,"Camacho_2024"
16684707,-80.937778,29.064444,"Camacho_2024"
16684693,-80.967222,29.081111,"Camacho_2024"
16684633,-80.96027,29.02249,"Camacho_2024"
NA,-80.88972,29.03361,"Camacho_2024"
16697809,-80.90305,28.99333,"Camacho_2024"
16684597,-80.94666,29.03166,"Camacho_2024"
16696391,-80.92138,29.0275,"Camacho_2024"
16684701,-80.94166,29.10638,"Camacho_2024"
10997157,-81.0952,28.93734,"Camacho_2024"
933080202,-81.300396,29.167781,"Camacho_2024"
16696389,-80.89385,29.03597,"Camacho_2024"
10997397,-81.34388,28.94638,"Camacho_2024"
10997439,-81.355,28.89,"Camacho_2024"
10997173,-81.16888,28.8725,"Camacho_2024"
10997173,-81.22472,28.89888,"Camacho_2024"
10997537,-81.13833,28.79027,"Camacho_2024"
10997879,-81.131389,28.808056,"Camacho_2024"
16697997,-80.829444,28.934444,"Camacho_2024"
16697811,-80.869722,28.988889,"Camacho_2024"
16696417,-80.887222,29.003333,"Camacho_2024"
16687271,-81.10028,29.40845,"Camacho_2024"
16687287,-81.07531,29.35245,"Camacho_2024"
10989059,-81.54506,29.27242,"Camacho_2024"
10320316,-84.245293,30.175845,"Camacho_2024"
10369388,-84.501722,29.987948,"Camacho_2024"
NA,-84.2616,30.1047,"Camacho_2024"
10319942,-84.145,30.1298,"Camacho_2024"
10320318,-84.2048,30.154,"Camacho_2024"
10320316,-84.2616,30.2134,"Camacho_2024"
10365970,-84.49966667,30.05088889,"Camacho_2024"
10366060,-84.47169444,30.00466667,"Camacho_2024"
10365698,-84.50986111,30.09244444,"Camacho_2024"
10365914,-84.68169444,30.21455556,"Camacho_2024"
10319908,-84.270556,30.239444,"Camacho_2024"
10323852,-84.17771,30.19923,"Camacho_2024"
10320306,-84.30284,30.23545,"Camacho_2024"
10320306,-84.30224,30.23424,"Camacho_2024"
10320242,-84.30527,30.22861,"Camacho_2024"
10320242,-84.30416,30.2325,"Camacho_2024"
10320306,-84.30222,30.23361,"Camacho_2024"
10320306,-84.30222,30.23416,"Camacho_2024"
478531,-86.136631,30.486274,"Camacho_2024"
477007,-86.186517,30.512616,"Camacho_2024"
478845,-86.27925,30.39808333,"Camacho_2024"
478837,-86.22794444,30.41894444,"Camacho_2024"
478871,-86.11508333,30.37263889,"Camacho_2024"
478313,-86.13963889,30.49227778,"Camacho_2024"
898317,-86.31675,30.99553,"Camacho_2024"
478875,-86.37868,30.391239,"Camacho_2024"
478889,-86.291401,30.367953,"Camacho_2024"
2248023,-86.036618,30.404203,"Camacho_2024"
2240641,-85.55301,30.74219,"Camacho_2024"
2240673,-85.53119,30.7272,"Camacho_2024"
2179737,-85.69793,30.45375,"Camacho_2024"
2244465,-85.898874,30.451065,"Camacho_2024"
2241015,-85.86225,30.538231,"Camacho_2024"
2241871,-85.765401,30.605275,"Camacho_2024"
-450549,-85.550577,30.498553,"Camacho_2024"
-450549,-85.567936,30.553506,"Camacho_2024"
23398857,-116.234961,43.629129,"Sims_2025"
23398853,-116.243208,43.636746,"Sims_2025"
23398859,-116.23483,43.626037,"Sims_2025"
23398851,-116.246988,43.640575,"Sims_2025"
23398847,-116.257507,43.646804,"Sims_2025"
23398847,-116.258516,43.646929,"Sims_2025"
23398843,-116.261996,43.649035,"Sims_2025"
23398843,-116.261911,43.649907,"Sims_2025"
23398839,-116.26433,43.651893,"Sims_2025"
23398851,-116.248141,43.640662,"Sims_2025"
11432309,-119.706017,39.158074,"Sims_2025"
11432309,-119.705723,39.164089,"Sims_2025"
11432975,-119.706784,39.170791,"Sims_2025"
11432975,-119.706533,39.171582,"Sims_2025"
11432249,-119.707945,39.18,"Sims_2025"
11432249,-119.708987,39.180299,"Sims_2025"
11432245,-119.705179,39.182342,"Sims_2025"
11432263,-119.694569,39.181294,"Sims_2025"
11432263,-119.687564,39.181082,"Sims_2025"
11432263,-119.688065,39.177443,"Sims_2025"
22937952,-114.0223343,46.8764824,"Sims_2025"
22937952,-114.0279542,46.8811312,"Sims_2025"
22937952,-114.0311578,46.8823064,"Sims_2025"
22937952,-114.040298,46.8785985,"Sims_2025"
22937950,-114.0405961,46.8780312,"Sims_2025"
22937950,-114.0414339,46.8771459,"Sims_2025"
22937948,-114.0440984,46.8742886,"Sims_2025"
22937946,-114.0456364,46.8734371,"Sims_2025"
22937944,-114.0489875,46.8710961,"Sims_2025"
22937944,-114.0508962,46.8714412,"Sims_2025"
3179654,-108.644411,39.101269,"Sims_2025"
3179654,-108.651128,39.099797,"Sims_2025"
3179638,-108.657561,39.107097,"Sims_2025"
3179638,-108.661281,39.109231,"Sims_2025"
3179624,-108.664744,39.113722,"Sims_2025"
3185972,-108.673169,39.118089,"Sims_2025"
3185972,-108.679653,39.122936,"Sims_2025"
3185976,-108.689497,39.124342,"Sims_2025"
3185974,-108.694044,39.116475,"Sims_2025"
3179600,-108.706103,39.123917,"Sims_2025"
21435315,-114.707619,35.707669,"Sims_2025"
21435315,-114.707511,35.707897,"Sims_2025"
21435315,-114.707108,35.708469,"Sims_2025"
21435311,-114.708644,35.710733,"Sims_2025"
21435311,-114.707814,35.711231,"Sims_2025"
25138510,-114.311975,36.039472,"Sims_2025"
25138510,-114.311181,36.040072,"Sims_2025"
25138510,-114.311528,36.041008,"Sims_2025"
25138510,-114.310667,36.042194,"Sims_2025"
25138510,-114.312822,36.041389,"Sims_2025"
21435223,-114.660942,35.870181,"Sims_2025"
21435223,-114.660956,35.869589,"Sims_2025"
21435223,-114.661653,35.869131,"Sims_2025"
21435227,-114.662931,35.868044,"Sims_2025"
945030067,-114.663597,35.867447,"Sims_2025"
21412753,-114.594261,32.723561,"Sims_2025"
21412731,-114.6149,32.72855,"Sims_2025"
21412723,-114.635389,32.730981,"Sims_2025"
21412723,-114.64935,32.732661,"Sims_2025"
21412723,-114.657153,32.733325,"Sims_2025"
21412803,-114.688578,32.738669,"Sims_2025"
21412803,-114.695261,32.7416,"Sims_2025"
23735707,-122.6615804,45.6091819,"Sims_2025"
23735705,-122.7256111,45.6441752,"Sims_2025"
20380357,-114.412861,32.760861,"Sims_2025"
20380357,-114.421811,32.7596,"Sims_2025"
20380357,-114.433061,32.753389,"Sims_2025"
20380357,-114.43665,32.750119,"Sims_2025"
20380357,-114.441686,32.743056,"Sims_2025"
20380381,-114.441844,32.727983,"Sims_2025"
20379251,-114.512669,32.724231,"Sims_2025"
20379285,-114.54785,32.712492,"Sims_2025"
21413723,-114.557275,32.717803,"Sims_2025"
22514972,-118.34091922,34.1450188,"Sims_2025"
22514888,-118.57961,34.19426,"Sims_2025"
22514906,-118.51867,34.18484,"Sims_2025"
22515812,-118.44015,34.15508,"Sims_2025"
22515824,-118.2672725,34.1162835,"Sims_2025"
22515036,-118.2242144,34.0673722,"Sims_2025"
22518268,-118.17065,33.96368,"Sims_2025"
22518110,-118.18282748,33.9034613,"Sims_2025"
22518110,-118.19014754,33.8742578,"Sims_2025"
22518274,-118.20535772,33.804072,"Sims_2025"
23980805,-122.231742,47.228179,"Sims_2025"
23980805,-122.242705,47.212388,"Sims_2025"
23980803,-122.251194,47.20192,"Sims_2025"
23980379,-122.258229,47.199888,"Sims_2025"
23980377,-122.260089,47.19972,"Sims_2025"
23980377,-122.275164,47.195065,"Sims_2025"
23980375,-122.287163,47.198572,"Sims_2025"
17819108,-106.67314005,35.02759992,"Sims_2025"
17819108,-106.67291834,35.02515668,"Sims_2025"
17806526,-106.671389,35.0175,"Sims_2025"
17806526,-106.671389,35.017222,"Sims_2025"
17806526,-106.671389,35.016389,"Sims_2025"
17806526,-106.671389,35.015,"Sims_2025"
17806526,-106.672222,35.014167,"Sims_2025"
17819112,-106.674028,35.013056,"Sims_2025"
17806526,-106.675833,35.011111,"Sims_2025"
17806858,-106.679741,35.006944,"Sims_2025"
3383953,-109.58255,38.60355,"Sims_2025"
3379121,-109.59002,38.59459,"Sims_2025"
3379121,-109.58911,38.58491,"Sims_2025"
3379121,-109.5811,38.57762,"Sims_2025"
3379135,-109.57948,38.56971,"Sims_2025"
3379135,-109.58323,38.5613,"Sims_2025"
3379135,-109.59033,38.55417,"Sims_2025"
3379135,-109.59749,38.54709,"Sims_2025"
3379135,-109.60059,38.53833,"Sims_2025"
3379147,-109.60707,38.53095,"Sims_2025"
17808636,-106.726944,34.784444,"Sims_2025"
17808636,-106.726944,34.784167,"Sims_2025"
17808636,-106.726944,34.783889,"Sims_2025"
17808636,-106.731667,34.776667,"Sims_2025"
17808636,-106.731944,34.776389,"Sims_2025"
17808636,-106.731667,34.775833,"Sims_2025"
17808636,-106.731944,34.774722,"Sims_2025"
17808636,-106.731944,34.774167,"Sims_2025"
17808636,-106.732222,34.773611,"Sims_2025"
17808636,-106.7325,34.773056,"Sims_2025"
15024957,-121.423056,38.583611,"Sims_2025"
15024919,-121.491389,38.601944,"Sims_2025"
15024919,-121.503889,38.600278,"Sims_2025"
15024919,-121.507222,38.597778,"Sims_2025"
15039173,-121.505833,38.591389,"Sims_2025"
15039173,-121.511944,38.576111,"Sims_2025"
15039157,-121.516667,38.536389,"Sims_2025"
15039157,-121.523056,38.521111,"Sims_2025"
15039157,-121.527222,38.5175,"Sims_2025"
15048349,-121.543333,38.478056,"Sims_2025"
17037479,-108.1025,36.694167,"Sims_2025"
17016191,-108.214722,36.715,"Sims_2025"
17016191,-108.220556,36.714167,"Sims_2025"
17003788,-108.222222,36.717222,"Sims_2025"
17003788,-108.223056,36.72,"Sims_2025"
17003788,-108.22416,36.721915,"Sims_2025"
17003768,-108.249722,36.725556,"Sims_2025"
17003978,-108.251111,36.728056,"Sims_2025"
17003978,-108.250556,36.731111,"Sims_2025"
17003978,-108.249461,36.732148,"Sims_2025"
15890430,-111.14626433,32.40601145,"Sims_2025"
15890430,-111.14100299,32.40041058,"Sims_2025"
15902363,-111.11579646,32.37998348,"Sims_2025"
15903137,-111.11223449,32.37336895,"Sims_2025"
15903137,-111.1046144,32.35824828,"Sims_2025"
15903137,-111.09585202,32.3507749,"Sims_2025"
15903137,-111.09143717,32.34570891,"Sims_2025"
15902409,-111.08193917,32.33798457,"Sims_2025"
15902461,-111.05275225,32.30958272,"Sims_2025"
15902449,-111.03829905,32.294392,"Sims_2025"
948070292,-117.0625,32.546881,"Sims_2025"
948070292,-117.0638,32.547083,"Sims_2025"
948070292,-117.06495,32.5488,"Sims_2025"
948070292,-117.066561,32.551511,"Sims_2025"
948070380,-117.084139,32.551369,"Sims_2025"
8932654,-119.7150303,39.5180105,"Sims_2025"
8932654,-119.7087435,39.5205754,"Sims_2025"
8932092,-119.7030525,39.5209721,"Sims_2025"
8932092,-119.7012135,39.5208017,"Sims_2025"
8932092,-119.6952339,39.5216156,"Sims_2025"
8932092,-119.6948275,39.521914,"Sims_2025"
8932668,-119.690192,39.5217819,"Sims_2025"
8932668,-119.6872805,39.5193774,"Sims_2025"
8932668,-119.6668662,39.5097149,"Sims_2025"
8932668,-119.6599612,39.5086854,"Sims_2025"
10024050,-113.377778,37.177778,"Sims_2025"
10024340,-113.438889,37.116667,"Sims_2025"
4914306,-113.601389,37.052778,"Sims_2025"
4914346,-113.630556,37.038889,"Sims_2025"
4914350,-113.630556,37.0375,"Sims_2025"
4914356,-113.633333,37.031944,"Sims_2025"
4914518,-113.630556,37.027778,"Sims_2025"
4914376,-113.6375,37.026389,"Sims_2025"
4914388,-113.643056,37.025,"Sims_2025"
20654810,-113.080556,36.948611,"Sims_2025"
23791013,-122.6029382,45.3636376,"Sims_2025"
23791013,-122.6116624,45.3587807,"Sims_2025"
23791013,-122.6060965,45.3641478,"Sims_2025"
23815042,-122.6539823,45.4648718,"Sims_2025"
23815060,-122.643692,45.4432664,"Sims_2025"
23815040,-122.6677954,45.475971,"Sims_2025"
6712523,-70.971596,44.39806,"NH_DES_2026"
6778923,-72.471419,42.683597,"NH_DES_2026"
6746168,-71.421325,42.675953,"NH_DES_2026"
9327176,-72.317386,43.633831,"NH_DES_2026"
9311291,-70.989931,44.016886,"NH_DES_2026"
9329406,-72.393798,43.398329,"NH_DES_2026"
6778371,-72.486456,42.786069,"NH_DES_2026"
6741458,-71.355228,43.145299,"NH_DES_2026"
9330720,-72.390389,43.132131,"NH_DES_2026"
6767466,-71.596644,43.284928,"NH_DES_2026"
5844802,-70.955424,43.233476,"NH_DES_2026"
4593901,-71.569608,44.487925,"NH_DES_2026"
6744224,-71.493033,42.860642,"NH_DES_2026"
4594593,-71.981903,44.154781,"NH_DES_2026"
5845576,-70.748913,43.036204,"NH_DES_2026"
5844988,-70.91779,43.17443,"NH_DES_2026"
6745698,-71.456472,42.936044,"NH_DES_2026"
5845058,-70.965667,43.148281,"NH_DES_2026"
5850736,-71.038343,42.984705,"NH_DES_2026"
5844728,-70.977211,43.274253,"NH_DES_2026"
4594599,-71.631625,44.271631,"NH_DES_2026"
6728999,-71.682036,44.022111,"NH_DES_2026"
6741958,-71.5645,43.271031,"NH_DES_2026"
4594611,-71.594419,44.496114,"NH_DES_2026"
5846232,-70.746583,43.045222,"NH_DES_2026"
5845582,-70.74374,43.01774,"NH_DES_2026"
5845280,-70.738592,43.030669,"NH_DES_2026"
6741320,-71.749156,43.459525,"NH_DES_2026"
5850684,-71.173977,42.988836,"NH_DES_2026"
5850684,-71.174242,42.989052,"NH_DES_2026"
5850684,-71.173831,42.989251,"NH_DES_2026"
6778315,-72.18722,42.80257,"NH_DES_2026"
4594533,-71.497825,44.411906,"NH_DES_2026"
6743708,-71.682594,42.982247,"NH_DES_2026"
6730207,-71.930497,43.818692,"NH_DES_2026"
5846114,-70.778485,43.069322,"NH_DES_2026"
5847716,-71.076626,43.238821,"NH_DES_2026"
5849262,-70.826761,42.989708,"NH_DES_2026"
9329234,-72.18037,43.41573,"NH_DES_2026"
9343719,-72.23223,42.7365,"NH_DES_2026"
4592981,-71.534725,44.683616,"NH_DES_2026"
4593187,-71.504094,44.868166,"NH_DES_2026"
6777957,-72.214519,42.971142,"NH_DES_2026"
19334449,-71.225347,44.686214,"NH_DES_2026"
9311693,-71.130312,44.121906,"NH_DES_2026"
6075267,-71.556219,42.726617,"NH_DES_2026"
6745478,-71.2455,42.7595,"NH_DES_2026"
6745478,-71.2504,42.7612,"NH_DES_2026"
9326856,-72.163561,43.807535,"NH_DES_2026"
9327030,-72.270774,43.69188,"NH_DES_2026"
6761124,-71.918803,43.267502,"NH_DES_2026"
6738510,-71.465396,43.532541,"NH_DES_2026"
6745456,-71.245119,42.764633,"NH_DES_2026"
6744082,-71.555396,42.898046,"NH_DES_2026"
6744132,-71.545634,42.889363,"NH_DES_2026"
6744132,-71.536958,42.885895,"NH_DES_2026"
6743982,-71.54335,42.957422,"NH_DES_2026"
6743982,-71.538538,42.948088,"NH_DES_2026"
5848228,-71.04968,43.017954,"NH_DES_2026"
5845302,-70.81653,43.008638,"NH_DES_2026"
5845302,-70.81744,43.005673,"NH_DES_2026"
5845576,-70.801755,43.016533,"NH_DES_2026"
5848228,-71.048192,43.012209,"NH_DES_2026"
5845302,-70.815692,43.010632,"NH_DES_2026"
5845302,-70.816769,43.008909,"NH_DES_2026"
6745856,-71.203056,42.817215,"NH_DES_2026"
6744694,-71.246866,42.802303,"NH_DES_2026"
5845296,-70.825857,43.014223,"NH_DES_2026"
6746370,-71.529881,42.81993,"NH_DES_2026"
6744130,-71.51293,42.89298,"NH_DES_2026"
6740240,-71.38987,43.30312,"NH_DES_2026"
6744084,-71.607674,42.892034,"NH_DES_2026"
6744060,-71.6035,42.896688,"NH_DES_2026"
6744084,-71.6086,42.891824,"NH_DES_2026"
6745478,-71.247627,42.759092,"NH_DES_2026"
6745478,-71.249438,42.760134,"NH_DES_2026"
6745404,-71.50037,42.89477,"NH_DES_2026"
6744044,-71.51237,42.89947,"NH_DES_2026"
6744130,-71.514357,42.893282,"NH_DES_2026"
19335227,-71.14313,44.45325,"NH_DES_2026"
6745438,-71.57075,42.80217,"NH_DES_2026"
9330700,-72.328,43.146,"NH_DES_2026"
6745404,-71.490972,42.863175,"NH_DES_2026"
6745872,-71.48708,42.862586,"NH_DES_2026"
6745404,-71.489325,42.867808,"NH_DES_2026"
6745404,-71.493716,42.875658,"NH_DES_2026"
6745872,-71.479897,42.874441,"NH_DES_2026"
6738706,-71.2796,43.646518,"NH_DES_2026"
6738706,-71.2798,43.645568,"NH_DES_2026"
6740040,-71.54867,43.338265,"NH_DES_2026"
6740040,-71.54855,43.33855,"NH_DES_2026"
6740040,-71.548322,43.33803,"NH_DES_2026"
4594209,-71.691902,44.296937,"NH_DES_2026"
19335013,-71.150703,44.453905,"NH_DES_2026"
19335013,-71.149811,44.45413,"NH_DES_2026"
19335013,-71.150903,44.453886,"NH_DES_2026"
4594163,-71.5526,44.3054,"NH_DES_2026"
4594163,-71.5527,44.3059,"NH_DES_2026"
6739864,-71.42,43.4376,"NH_DES_2026"
5845006,-70.916241,43.172947,"NH_DES_2026"
5844996,-70.911144,43.173675,"NH_DES_2026"
6745386,-71.398966,42.918033,"NH_DES_2026"
6745386,-71.398916,42.918383,"NH_DES_2026"
6745386,-71.398533,42.9187,"NH_DES_2026"
5849510,-70.825133,42.92655,"NH_DES_2026"
5849510,-70.8263,42.9256,"NH_DES_2026"
5845576,-70.783467,43.022106,"NH_DES_2026"
5849246,-70.796346,42.990445,"NH_DES_2026"
5845144,-70.837125,43.100937,"NH_DES_2026"
6744322,-71.330267,42.870569,"NH_DES_2026"
6744322,-71.333431,42.861604,"NH_DES_2026"
5845280,-70.739223,43.030815,"NH_DES_2026"
5845576,-70.748841,43.036395,"NH_DES_2026"
5846232,-70.74679,43.045367,"NH_DES_2026"
5845576,-70.783603,43.022041,"NH_DES_2026"
5849246,-70.796151,42.992074,"NH_DES_2026"
5845582,-70.744876,43.017619,"NH_DES_2026"
6739840,-71.670647,43.415502,"NH_DES_2026"
5849262,-70.826258,42.987259,"NH_DES_2026"
5849262,-70.816944,42.9825,"NH_DES_2026"
5849266,-70.806278,42.970029,"NH_DES_2026"
5849410,-70.840679,42.963053,"NH_DES_2026"
5849278,-70.829136,42.97084,"NH_DES_2026"
5849404,-70.838069,42.967105,"NH_DES_2026"
6744618,-71.296364,42.804389,"NH_DES_2026"
6744618,-71.298641,42.805081,"NH_DES_2026"
6745596,-71.54861,42.79778,"NH_DES_2026"
6745436,-71.55919,42.80275,"NH_DES_2026"
6744572,-71.56083,42.79917,"NH_DES_2026"
6745438,-71.56552,42.80071,"NH_DES_2026"
6745596,-71.53972,42.80306,"NH_DES_2026"
6745442,-71.50722,42.78778,"NH_DES_2026"
6745442,-71.49861,42.79111,"NH_DES_2026"
6745988,-71.47691,42.78932,"NH_DES_2026"
6744536,-71.51206,42.80464,"NH_DES_2026"
6745986,-71.5046,42.8133,"NH_DES_2026"
6744602,-71.47917,42.79278,"NH_DES_2026"
6745596,-71.54305,42.80444,"NH_DES_2026"
6745982,-71.52459,42.79921,"NH_DES_2026"
6745982,-71.52378,42.80502,"NH_DES_2026"
6745596,-71.54894,42.8001,"NH_DES_2026"
6744606,-71.47472,42.79139,"NH_DES_2026"
6745984,-71.48448,42.79373,"NH_DES_2026"
6745986,-71.498878,42.804728,"NH_DES_2026"
6745980,-71.51281,42.80232,"NH_DES_2026"
9329750,-72.17122,43.34478,"NH_DES_2026"
6777011,-72.216083,43.1273,"NH_DES_2026"
5844994,-70.905328,43.173697,"NH_DES_2026"
5844998,-70.917234,43.17371,"NH_DES_2026"
6740400,-71.480527,43.213688,"NH_DES_2026"
6740416,-71.474201,43.20737,"NH_DES_2026"
6740428,-71.476557,43.2067,"NH_DES_2026"
6740442,-71.480744,43.201261,"NH_DES_2026"
5849510,-70.825129,42.926555,"NH_DES_2026"
5849304,-70.821044,42.925689,"NH_DES_2026"
5849304,-70.82373,42.925954,"NH_DES_2026"
5849510,-70.826618,42.92831,"NH_DES_2026"
5844574,-70.995917,43.324886,"NH_DES_2026"
5844574,-70.993987,43.322445,"NH_DES_2026"
5844558,-70.996319,43.327536,"NH_DES_2026"
6743744,-71.7342,42.9609,"NH_DES_2026"
6745430,-71.4271,42.8184,"NH_DES_2026"
6738814,-71.439098,43.59576,"NH_DES_2026"
9330724,-72.41068,43.13078,"NH_DES_2026"
6744132,-71.542925,42.897755,"NH_DES_2026"
6744132,-71.539459,42.893754,"NH_DES_2026"
6744080,-71.547254,42.897598,"NH_DES_2026"
6744080,-71.546948,42.892638,"NH_DES_2026"
6744318,-71.3512,42.8536,"NH_DES_2026"
6744318,-71.3459,42.8599,"NH_DES_2026"
6739956,-71.248056,43.38,"NH_DES_2026"
6745806,-71.459462,42.896174,"NH_DES_2026"
6745806,-71.461877,42.900035,"NH_DES_2026"
6745872,-71.468136,42.884752,"NH_DES_2026"
6745812,-71.464548,42.887501,"NH_DES_2026"
6746428,-71.466254,42.887236,"NH_DES_2026"
6746428,-71.467866,42.887384,"NH_DES_2026"
6746428,-71.469136,42.88819,"NH_DES_2026"
6746428,-71.468952,42.889429,"NH_DES_2026"
6746428,-71.4689,42.890706,"NH_DES_2026"
6745824,-71.46771,42.884984,"NH_DES_2026"
6746428,-71.469512,42.893066,"NH_DES_2026"
6746428,-71.469726,42.893935,"NH_DES_2026"
6745806,-71.462744,42.891376,"NH_DES_2026"
6745812,-71.463702,42.888244,"NH_DES_2026"
6745806,-71.46294,42.891479,"NH_DES_2026"
6745806,-71.460989,42.893759,"NH_DES_2026"
6744318,-71.3475,42.861,"NH_DES_2026"
6745812,-71.4639,42.8877,"NH_DES_2026"
6745812,-71.4643,42.8873,"NH_DES_2026"
6745812,-71.4647,42.8867,"NH_DES_2026"
6745406,-71.4674,42.8853,"NH_DES_2026"
6745806,-71.4657,42.8941,"NH_DES_2026"
6745806,-71.464,42.8943,"NH_DES_2026"
6745824,-71.4672,42.8852,"NH_DES_2026"
6745806,-71.4654,42.8929,"NH_DES_2026"
5845114,-70.9014,43.1213,"NH_DES_2026"
5845114,-70.9037,43.126,"NH_DES_2026"
9311715,-71.2954,44.0856,"NH_DES_2026"
6745386,-71.398633,42.91715,"NH_DES_2026"
6745440,-71.345023,42.817312,"NH_DES_2026"
6745440,-71.348052,42.831294,"NH_DES_2026"
6744336,-71.34617,42.847886,"NH_DES_2026"
6744322,-71.335458,42.860143,"NH_DES_2026"
6744352,-71.373615,42.850812,"NH_DES_2026"
6744030,-71.341373,42.908574,"NH_DES_2026"
6746366,-71.4887,42.8524,"NH_DES_2026"
6746366,-71.4892,42.8575,"NH_DES_2026"
6746366,-71.4904,42.8523,"NH_DES_2026"
6778263,-72.1833,42.8196,"NH_DES_2026"
6744112,-71.072397,42.894566,"NH_DES_2026"
6744112,-71.075531,42.895471,"NH_DES_2026"
6744112,-71.081105,42.897615,"NH_DES_2026"
6745662,-71.0711,42.893712,"NH_DES_2026"
6745668,-71.068607,42.894788,"NH_DES_2026"
6745672,-71.068934,42.889479,"NH_DES_2026"
6744146,-71.074518,42.890508,"NH_DES_2026"
6744112,-71.074966,42.896662,"NH_DES_2026"
6744112,-71.077454,42.898115,"NH_DES_2026"
6744112,-71.074045,42.895446,"NH_DES_2026"
6743922,-71.4514,42.9219,"NH_DES_2026"
6743952,-71.4222,42.9206,"NH_DES_2026"
6743868,-71.3758,42.9403,"NH_DES_2026"
6744062,-71.3399,42.9052,"NH_DES_2026"
6745398,-71.389,42.8975,"NH_DES_2026"
6744106,-71.4371,42.898,"NH_DES_2026"
6745420,-71.4274,42.8445,"NH_DES_2026"
6777963,-72.345369,42.976242,"NH_DES_2026"
6738714,-71.20637,43.63262,"NH_DES_2026"
9329904,-72.0985,43.3128,"NH_DES_2026"
9329904,-72.0999,43.3129,"NH_DES_2026"
6744318,-71.346,42.8596,"NH_DES_2026"
6744618,-71.2956,42.8023,"NH_DES_2026"
6744618,-71.3011,42.8028,"NH_DES_2026"
6744618,-71.2997,42.8042,"NH_DES_2026"
6744618,-71.297,42.8001,"NH_DES_2026"
6740622,-71.432784,43.12437,"NH_DES_2026"
6738650,-71.5058,43.672096,"NH_DES_2026"
6738650,-71.504129,43.669514,"NH_DES_2026"
6744210,-71.010727,42.875634,"NH_DES_2026"
4594723,-71.672943,44.344347,"NH_DES_2026"
5849262,-70.82757,42.974476,"NH_DES_2026"
6744654,-71.413647,42.780911,"NH_DES_2026"
19334991,-71.1906,44.4966,"NH_DES_2026"
19334991,-71.1892,44.4961,"NH_DES_2026"
19334991,-71.1902,44.4957,"NH_DES_2026"
5850684,-71.173998,42.991925,"NH_DES_2026"
6744702,-71.23295,42.76289,"NH_DES_2026"
5845274,-70.9163,43.0234,"NH_DES_2026"
6743834,-71.470651,42.946035,"NH_DES_2026"
6745688,-71.471619,42.948232,"NH_DES_2026"
6745688,-71.471786,42.949418,"NH_DES_2026"
6745698,-71.468882,42.938456,"NH_DES_2026"
6743834,-71.469886,42.94466,"NH_DES_2026"
9330312,-72.424553,43.24206,"NH_DES_2026"
6741390,-71.6403,43.314,"NH_DES_2026"
6746430,-71.195763,42.820515,"NH_DES_2026"
6746430,-71.19689,42.816879,"NH_DES_2026"
6741382,-71.31417,43.32386,"NH_DES_2026"
6740040,-71.548362,43.338373,"NH_DES_2026"
6740040,-71.547954,43.33827,"NH_DES_2026"
4594163,-71.54717,44.307113,"NH_DES_2026"
6739650,-71.179005,43.475668,"NH_DES_2026"
6739666,-71.180393,43.471217,"NH_DES_2026"
4594519,-71.360913,44.496956,"NH_DES_2026"
4593881,-71.357534,44.49775,"NH_DES_2026"
19335219,-71.152212,44.460021,"NH_DES_2026"
6744132,-71.536906,42.885808,"NH_DES_2026"
6744082,-71.555151,42.897976,"NH_DES_2026"
6744132,-71.545538,42.889369,"NH_DES_2026"
5849510,-70.8251,42.9266,"NH_DES_2026"
5849304,-70.8238,42.926,"NH_DES_2026"
5849510,-70.8266,42.9258,"NH_DES_2026"
6744318,-71.3482,42.8537,"NH_DES_2026"
9316299,-71.2684,43.8402,"NH_DES_2026"
5846314,-70.872241,43.194991,"NH_DES_2026"
166174387,-72.033173,42.914125,"NH_DES_2026"
5850732,-71.003212,42.964912,"NH_DES_2026"
6777963,-72.33969,42.975307,"NH_DES_2026"
6777963,-72.343026,42.976006,"NH_DES_2026"
6777969,-72.334667,42.968886,"NH_DES_2026"
6777969,-72.335192,42.969663,"NH_DES_2026"
4594167,-71.789058,44.307769,"NH_DES_2026"
4594167,-71.794744,44.304742,"NH_DES_2026"
5844986,-70.8967,43.1764,"NH_DES_2026"
5844986,-70.9004,43.174,"NH_DES_2026"
5844986,-70.9002,43.1742,"NH_DES_2026"
5844998,-70.9173,43.1737,"NH_DES_2026"
6745866,-71.576808,42.881172,"NH_DES_2026"
6745706,-71.300215,42.905601,"NH_DES_2026"
6745754,-71.21284,42.864512,"NH_DES_2026"
6744694,-71.25281,42.800851,"NH_DES_2026"
6745870,-71.17168,42.8082,"NH_DES_2026"
6745932,-71.294655,42.788144,"NH_DES_2026"
6745622,-71.060693,42.918186,"NH_DES_2026"
6741760,-71.757563,43.456638,"NH_DES_2026"
6746366,-71.491344,42.849599,"NH_DES_2026"
6742202,-71.379468,43.004451,"NH_DES_2026"
6746370,-71.526176,42.820122,"NH_DES_2026"
6746372,-71.38589,42.799405,"NH_DES_2026"
6745856,-71.208982,42.821231,"NH_DES_2026"
9326434,-71.968903,43.958916,"NH_DES_2026"
6743982,-71.541808,42.951348,"NH_DES_2026"
6743982,-71.545618,42.952662,"NH_DES_2026"
6743982,-71.543257,42.951149,"NH_DES_2026"
5847876,-71.11,43.155,"NH_DES_2026"
5847876,-71.108611,43.155278,"NH_DES_2026"
5847882,-71.111111,43.150278,"NH_DES_2026"
5847898,-71.113056,43.148611,"NH_DES_2026"
9331198,-72.038303,43.410119,"NH_DES_2026"
6738754,-71.49771,43.65608,"NH_DES_2026"
6738698,-71.45713,43.7042,"NH_DES_2026"
6738698,-71.45557,43.70222,"NH_DES_2026"
5843484,-71.0279,43.5402,"NH_DES_2026"
5843482,-71.0315,43.5379,"NH_DES_2026"
5843484,-71.0304,43.5376,"NH_DES_2026"
5843470,-71.0328,43.5399,"NH_DES_2026"
9330458,-72.205773,43.208084,"NH_DES_2026"
9330458,-72.20316,43.207164,"NH_DES_2026"
9330458,-72.204599,43.2076,"NH_DES_2026"
6744338,-71.08602,42.84532,"NH_DES_2026"
6745438,-71.58255,42.80253,"NH_DES_2026"
6745438,-71.5747,42.80147,"NH_DES_2026"
6745438,-71.57059,42.80159,"NH_DES_2026"
6745438,-71.56919,42.80106,"NH_DES_2026"
6745438,-71.56397,42.8005,"NH_DES_2026"
6744572,-71.56131,42.7985,"NH_DES_2026"
5846484,-70.76521,43.05558,"NH_DES_2026"
5845210,-70.77732,43.05423,"NH_DES_2026"
5846482,-70.7622,43.04537,"NH_DES_2026"
166174446,-72.0946,42.9366,"NH_DES_2026"
6739752,-71.5857,43.4412,"NH_DES_2026"
6739752,-71.5861,43.4413,"NH_DES_2026"
6744210,-71.00985,42.876186,"NH_DES_2026"
19334991,-71.1909,44.4952,"NH_DES_2026"
19334991,-71.1929,44.4937,"NH_DES_2026"
6744618,-71.297912,42.805618,"NH_DES_2026"
6744618,-71.29644,42.804315,"NH_DES_2026"
6746370,-71.533214,42.817985,"NH_DES_2026"
4594599,-71.624269,44.265401,"NH_DES_2026"
4594599,-71.624786,44.265379,"NH_DES_2026"
4594599,-71.62731,44.266168,"NH_DES_2026"
4594209,-71.69292,44.29711,"NH_DES_2026"
9327886,-72.331639,43.61609,"NH_DES_2026"
9327886,-72.331646,43.615161,"NH_DES_2026"
19335013,-71.149967,44.45452,"NH_DES_2026"
19335013,-71.145418,44.45549,"NH_DES_2026"
19335013,-71.151094,44.456972,"NH_DES_2026"
19335013,-71.151485,44.456858,"NH_DES_2026"
19335013,-71.152175,44.456809,"NH_DES_2026"
19335013,-71.152203,44.456725,"NH_DES_2026"
19335013,-71.151132,44.455718,"NH_DES_2026"
6745710,-71.456428,42.934828,"NH_DES_2026"
6744620,-71.3159,42.8031,"NH_DES_2026"
6744620,-71.3143,42.8037,"NH_DES_2026"
6744620,-71.3139,42.8005,"NH_DES_2026"
6744620,-71.3135,42.8032,"NH_DES_2026"
6744620,-71.3137,42.8043,"NH_DES_2026"
6740072,-71.6415,43.3274,"NH_DES_2026"
19334991,-71.193561,44.493089,"NH_DES_2026"
19334991,-71.194711,44.492219,"NH_DES_2026"
4482925,-75.18541667,40.20161111,"Breitmeyer_2023"
4482925,-75.17188889,40.21011111,"Breitmeyer_2023"
4482913,-75.16572222,40.21266667,"Breitmeyer_2023"
4482913,-75.15980556,40.2165,"Breitmeyer_2023"
4482913,-75.15705556,40.21725,"Breitmeyer_2023"
4482903,-75.15163889,40.2195,"Breitmeyer_2023"
4482891,-75.14461681,40.22344124,"Breitmeyer_2023"
4482889,-75.14545013,40.22510787,"Breitmeyer_2023"
4482891,-75.13427778,40.22463889,"Breitmeyer_2023"
4482885,-75.13100532,40.22455238,"Breitmeyer_2023"
4482885,-75.11961605,40.22927456,"Breitmeyer_2023"
4482883,-75.10186111,40.23258333,"Breitmeyer_2023"
4480911,-74.95683424,40.17399824,"Breitmeyer_2023"
6128611,-71.55,41.85,"Zhang_2016"
6128675,-71.44,41.82,"Zhang_2016"
6130035,-71.49,41.87,"Zhang_2016"
6128891,-71.4,41.77,"Zhang_2016"
6129061,-71.38,41.71,"Zhang_2016"
6130749,-71.39,41.7,"Zhang_2016"
6129087,-71.42,41.7,"Zhang_2016"
6129089,-71.46,41.7,"Zhang_2016"
NA,-71.45,41.65,"Zhang_2016"
6129703,-71.44,41.64,"Zhang_2016"
6129719,-71.47,41.61,"Zhang_2016"
6129315,-71.48,41.55,"Zhang_2016"
6129341,-71.44,41.52,"Zhang_2016"
6131435,-71.45,41.49,"Zhang_2016"
6131445,-71.45,41.47,"Zhang_2016"
6131447,-71.45,41.45,"Zhang_2016"
6140308,-71.56,41.54,"Zhang_2016"
6140762,-71.56,41.49,"Zhang_2016"
6140842,-71.63,41.45,"Zhang_2016"
6141100,-71.75,41.41,"Zhang_2016"
6140854,-71.82,41.45,"Zhang_2016"
6140876,-71.8,41.44,"Zhang_2016"
6140010,-71.69,41.58,"Zhang_2016"
6141198,-71.62,41.37,"Zhang_2016"
6130755,-71.29,41.67,"Zhang_2016"
NA,-71.28,41.67,"Zhang_2016"
NA,-71.27,41.66,"Zhang_2016"
6231872,-73.93,40.87,"Zhang_2016"
6249760,-74.19,40.91,"Zhang_2016"
6251098,-74.13,40.91,"Zhang_2016"
6232986,-74.04,40.71,"Zhang_2016"
6251384,-74.15,40.73,"Zhang_2016"
6251234,-74.12,40.83,"Zhang_2016"
9485910,-75.23317,39.417041,"Goodrow_2020"
6246784,-74.411516,41.05072,"Goodrow_2020"
9480992,-75.459884,39.579047,"Goodrow_2020"
9442461,-74.32243,40.008695,"Goodrow_2020"
4492158,-74.569568,39.989643,"Goodrow_2020"
9441311,-74.144155,40.073831,"Goodrow_2020"
4492176,-74.569972,39.971195,"Goodrow_2020"
6251098,-74.127131,40.883793,"Goodrow_2020"
26928189,-74.252702,40.008279,"Goodrow_2020"
9515730,-74.389158,40.486965,"Goodrow_2020"
4495714,-75.182366,39.857137,"Goodrow_2020"
8942031,-120.025,39.235833,"Bai_Son_2021"
8932122,-119.865556,39.510556,"Bai_Son_2021"
8932654,-119.770556,39.521389,"Bai_Son_2021"
8932654,-119.729167,39.513889,"Bai_Son_2021"
8932212,-119.705556,39.517222,"Bai_Son_2021"
8932668,-119.668889,39.510833,"Bai_Son_2021"
8931816,-119.486667,39.564722,"Bai_Son_2021"
946050023,-119.456944,39.849167,"Bai_Son_2021"
22070016,-115.019111,36.104722,"Bai_Son_2021"
22073682,-114.984722,36.0875,"Bai_Son_2021"
945010401,-114.943056,36.100278,"Bai_Son_2021"
25138724,-114.861222,36.120278,"Bai_Son_2021"
25138716,-114.820833,36.098889,"Bai_Son_2021"
25138752,-114.763611,36.026667,"Bai_Son_2021"
6712477,-70.07727601,44.32091242,"Maine_DEP_2026"
6712369,-70.20560915,44.49167884,"Maine_DEP_2026"
6713605,-69.96343,43.92110085,"Maine_DEP_2026"
6713619,-69.94059131,43.91562226,"Maine_DEP_2026"
6713653,-69.92447631,43.91410721,"Maine_DEP_2026"
6713601,-69.9132863,43.920684,"Maine_DEP_2026"
6710373,-70.67541944,44.50495116,"Maine_DEP_2026"
6713631,-69.97770232,43.91537109,"Maine_DEP_2026"
3325592,-69.98759354,44.26054045,"Maine_DEP_2026"
803171,-67.95641654,46.85431033,"Maine_DEP_2026"
805079,-68.001965,46.855837,"Maine_DEP_2026"
803173,-67.945572,46.842881,"Maine_DEP_2026"
803227,-67.834172,46.774198,"Maine_DEP_2026"
803191,-67.873656,46.807886,"Maine_DEP_2026"
807647,-68.454411,46.477459,"Maine_DEP_2026"
802939,-67.970287,46.77626,"Maine_DEP_2026"
19333987,-70.9952,44.945094,"Maine_DEP_2026"
5196894,-67.613888,45.207397,"Maine_DEP_2026"
1736534,-68.676976,44.991758,"Maine_DEP_2026"
6720701,-70.308192,43.909819,"Maine_DEP_2026"
1022630,-69.836038,45.622053,"Maine_DEP_2026"
803633,-68.04491543,46.84842744,"Maine_DEP_2026"
3325360,-69.55121457,44.42711865,"Maine_DEP_2026"
5203696,-69.5520942,44.21462806,"Maine_DEP_2026"
3325610,-69.92962654,44.26941036,"Maine_DEP_2026"
6720703,-70.316604,43.918076,"Maine_DEP_2026"
6720797,-70.304917,43.906385,"Maine_DEP_2026"
5204106,-69.48538714,44.14112284,"Maine_DEP_2026"
1700594,-68.627153,45.647315,"Maine_DEP_2026"
724862,-68.49540921,47.04313905,"Maine_DEP_2026"
3322412,-69.78106387,44.61176917,"Maine_DEP_2026"
6720651,-70.31411,43.928289,"Maine_DEP_2026"
3323514,-70.05167039,44.5208391,"Maine_DEP_2026"
3321194,-69.61261624,44.58809313,"Maine_DEP_2026"
3321194,-69.61371,44.586705,"Maine_DEP_2026"
3321152,-69.475291,44.621622,"Maine_DEP_2026"
3321438,-69.418964,44.513284,"Maine_DEP_2026"
1032581,-70.22107697,45.17348176,"Maine_DEP_2026"
6722283,-70.33008685,43.82112098,"Maine_DEP_2026"
4287295,-68.365832,47.317346,"Maine_DEP_2026"
5196756,-67.53903175,45.24691341,"Maine_DEP_2026"
3322528,-69.84222032,44.53861911,"Maine_DEP_2026"
5845464,-70.743958,43.316761,"Maine_DEP_2026"
5844730,-70.73814669,43.2989537,"Maine_DEP_2026"
5845464,-70.751298,43.332315,"Maine_DEP_2026"
3321366,-69.24585011,44.5165508,"Maine_DEP_2026"
3321240,-69.25010845,44.56327581,"Maine_DEP_2026"
1736912,-68.93543817,44.78084012,"Maine_DEP_2026"
6722369,-70.3568367,43.77358607,"Maine_DEP_2026"
6719219,-70.73411459,44.070508,"Maine_DEP_2026"
2685930,-69.131454,44.21586,"Maine_DEP_2026"
3325550,-69.852508,44.28562,"Maine_DEP_2026"
1737636,-69.054516,44.986092,"Maine_DEP_2026"
1735724,-68.91583091,44.91011455,"Maine_DEP_2026"
3325524,-69.77656623,44.3003904,"Maine_DEP_2026"
3322300,-69.58464276,44.61564954,"Maine_DEP_2026"
3322180,-69.63252325,44.68940515,"Maine_DEP_2026"
3322180,-69.63306825,44.70128215,"Maine_DEP_2026"
3322186,-69.7834956,44.72245164,"Maine_DEP_2026"
3325716,-69.763201,44.12443219,"Maine_DEP_2026"
3325392,-69.69816288,44.43563282,"Maine_DEP_2026"
3322064,-69.68006682,44.76775645,"Maine_DEP_2026"
3322438,-69.62966646,44.54454239,"Maine_DEP_2026"
9311197,-70.884805,44.241169,"Maine_DEP_2026"
804155,-68.05033,46.64438,"Maine_DEP_2026"
6720683,-70.319954,43.921455,"Maine_DEP_2026"
802881,-67.810316,46.904626,"Maine_DEP_2026"
803095,-67.943323,46.86275,"Maine_DEP_2026"
803517,-68.013501,46.966329,"Maine_DEP_2026"
724654,-68.288352,47.229076,"Maine_DEP_2026"
6719209,-70.68174557,44.08276101,"Maine_DEP_2026"
3322564,-69.911212,44.51134,"Maine_DEP_2026"
3322430,-69.46860716,44.51985469,"Maine_DEP_2026"
3325528,-69.96341739,44.32349326,"Maine_DEP_2026"
6719387,-69.96253832,43.898372,"Maine_DEP_2026"
6719387,-69.922797,43.881221,"Maine_DEP_2026"
1733792,-68.500972,45.361508,"Maine_DEP_2026"
3322506,-69.76166629,44.56620012,"Maine_DEP_2026"
817475,-67.847167,46.128695,"Maine_DEP_2026"
817271,-67.993302,46.095556,"Maine_DEP_2026"
817165,-67.80406566,46.1816703,"Maine_DEP_2026"
6719387,-69.921077,43.8851822,"Maine_DEP_2026"
3325338,-69.78076524,44.49107195,"Maine_DEP_2026"
3321290,-69.646561,44.542191,"Maine_DEP_2026"
6712723,-70.373048,44.036678,"Maine_DEP_2026"
1023740,-70.295664,45.520165,"Maine_DEP_2026"
166421075,-70.794699,44.962534,"Maine_DEP_2026"
804901,-68.116479,46.690826,"Maine_DEP_2026"
804895,-68.14282467,46.68790272,"Maine_DEP_2026"
3322374,-69.83640732,44.62965813,"Maine_DEP_2026"
5846294,-70.77855956,43.44602489,"Maine_DEP_2026"
817499,-67.844963,46.124759,"Maine_DEP_2026"
6712577,-70.58293331,44.23028328,"Maine_DEP_2026"
1736986,-68.84047683,44.70935976,"Maine_DEP_2026"
1736860,-68.69887902,44.84136401,"Maine_DEP_2026"
1731402,-68.42891679,45.57587637,"Maine_DEP_2026"
1723323,-69.231121,45.181434,"Maine_DEP_2026"
1722177,-69.465219,45.203909,"Maine_DEP_2026"
811531,-68.013267,46.691734,"Maine_DEP_2026"
816915,-67.84547453,46.49616882,"Maine_DEP_2026"
816453,-67.9072168,46.54518299,"Maine_DEP_2026"
6721357,-70.409304,43.716523,"Maine_DEP_2026"
6721405,-70.32395393,43.70413308,"Maine_DEP_2026"
6722373,-70.4546924,43.78656168,"Maine_DEP_2026"
1736768,-68.829196,44.97162322,"Maine_DEP_2026"
1736772,-68.704441,44.948285,"Maine_DEP_2026"
5203000,-69.233528,44.171375,"Maine_DEP_2026"
19333975,-70.65651179,44.94679266,"Maine_DEP_2026"
6722249,-70.191691,43.807316,"Maine_DEP_2026"
6712579,-70.10253938,44.15569904,"Maine_DEP_2026"
9314837,-70.515784,43.511024,"Maine_DEP_2026"
5196690,-67.47794585,45.26764865,"Maine_DEP_2026"
5845850,-70.82889905,43.24336158,"Maine_DEP_2026"
3322532,-69.77964846,44.52753725,"Maine_DEP_2026"
3322378,-69.30437099,44.51689027,"Maine_DEP_2026"
3323254,-70.516187,44.858203,"Maine_DEP_2026"
3321652,-69.354799,44.61383,"Maine_DEP_2026"
3321132,-69.298552,44.587053,"Maine_DEP_2026"
3321228,-69.29652,44.576333,"Maine_DEP_2026"
6722221,-70.41866855,43.87212511,"Maine_DEP_2026"
6722321,-70.57790552,43.86610497,"Maine_DEP_2026"
3321848,-69.2487629,44.85468356,"Maine_DEP_2026"
3322228,-69.473636,44.627928,"Maine_DEP_2026"
3322078,-69.423762,44.693454,"Maine_DEP_2026"
3322462,-69.616922,44.538768,"Maine_DEP_2026"
3321980,-69.343592,44.750233,"Maine_DEP_2026"
3322242,-69.480508,44.623039,"Maine_DEP_2026"
3322116,-69.428525,44.689387,"Maine_DEP_2026"
5203956,-69.275539,44.203068,"Maine_DEP_2026"
5203834,-69.43276707,44.36136183,"Maine_DEP_2026"
1737110,-68.793768,44.601446,"Maine_DEP_2026"
817465,-67.803029,46.174884,"Maine_DEP_2026"
5203814,-69.350289,44.39429,"Maine_DEP_2026"
4288379,-69.023756,47.089169,"Maine_DEP_2026"
4287727,-68.384798,47.303266,"Maine_DEP_2026"
1738044,-69.156216,44.54062,"Maine_DEP_2026"
2681542,-68.999504,44.525447,"Maine_DEP_2026"
3325478,-69.6581192,44.32445224,"Maine_DEP_2026"
3320972,-69.419888,44.691048,"Maine_DEP_2026"
3322636,-69.33230126,44.64679801,"Maine_DEP_2026"
3322626,-69.41339448,44.83869922,"Maine_DEP_2026"
3326456,-70.04341,44.273764,"Maine_DEP_2026"
21481676,-81.35394,27.91292,"WQP_USA_2026"
21484512,-81.353739,27.89404,"WQP_USA_2026"
21484512,-81.346961,27.86965599,"WQP_USA_2026"
21484512,-81.34875629,27.87347732,"WQP_USA_2026"
21484512,-81.34838763,27.87435252,"WQP_USA_2026"
21484512,-81.370102,27.89547399,"WQP_USA_2026"
21484512,-81.372798,27.90197799,"WQP_USA_2026"
21484512,-81.3718824,27.90558909,"WQP_USA_2026"
17014973,-107.891944,37.126944,"WQP_USA_2026"
17014887,-107.878685,37.187051,"WQP_USA_2026"
17015297,-107.8754,37.03226,"WQP_USA_2026"
17015259,-107.867906,37.062072,"WQP_USA_2026"
22440412,-110.90587,33.91355,"WQP_USA_2026"
20454068,-111.7533521,34.645914,"WQP_USA_2026"
21356397,-109.1521,33.20795,"WQP_USA_2026"
15934431,-110.10894,31.47057,"WQP_USA_2026"
4915734,-114.03293,36.80573,"WQP_USA_2026"
21438257,-114.5197,34.74043,"WQP_USA_2026"
10003808,-114.59878,33.48711,"WQP_USA_2026"
20453270,-111.72787,34.90988,"WQP_USA_2026"
20436512,-111.6174861,34.40335875,"WQP_USA_2026"
20435258,-111.6845951,34.53840644,"WQP_USA_2026"
20435606,-111.7419495,34.51827839,"WQP_USA_2026"
20435376,-111.8223842,34.51209936,"WQP_USA_2026"
20437172,-111.4535114,34.24171142,"WQP_USA_2026"
20439510,-111.4815466,33.80567225,"WQP_USA_2026"
945040067,-109.1595159,32.76890662,"WQP_USA_2026"
21355827,-109.1956398,33.2920045,"WQP_USA_2026"
15932661,-110.166736,31.61155916,"WQP_USA_2026"
20436776,-111.2850795,34.35061706,"WQP_USA_2026"
15932827,-110.1367885,31.55029839,"WQP_USA_2026"
21329099,-109.7879804,32.6991302,"WQP_USA_2026"
15918699,-110.7287862,32.85892104,"WQP_USA_2026"
20467340,-112.88126,34.8938,"WQP_USA_2026"
21435149,-114.73015,35.9483,"WQP_USA_2026"
945030206,-114.02069,34.26614,"WQP_USA_2026"
10003808,-114.5986,33.48702,"WQP_USA_2026"
945030190,-114.67224,33.25861,"WQP_USA_2026"
21413721,-114.56576,32.72092,"WQP_USA_2026"
10004898,-114.49694,32.98995,"WQP_USA_2026"
21412735,-114.53131,32.74077,"WQP_USA_2026"
937020561,-93.231477,44.844547,"WQP_USA_2026"
21747683,-111.15572,34.46157,"WQP_USA_2026"
20493827,-109.32676,33.73862,"WQP_USA_2026"
20585718,-109.30257,34.21578,"WQP_USA_2026"
22326605,-93.537845,47.165225,"WQP_USA_2026"
13216112,-91.21645,43.500363,"WQP_USA_2026"
7083806,-96.49442,48.71724,"WQP_USA_2026"
7083392,-96.922333,48.760035,"WQP_USA_2026"
937010724,-93.04932,44.934203,"WQP_USA_2026"
1101428,-92.873407,44.765961,"WQP_USA_2026"
1104210,-93.13003,44.918639,"WQP_USA_2026"
1101440,-92.995679,44.773681,"WQP_USA_2026"
1104324,-93.007767,44.859582,"WQP_USA_2026"
1104326,-93.01605,44.882698,"WQP_USA_2026"
1104294,-93.015566,44.774304,"WQP_USA_2026"
1104280,-93.006866,44.814432,"WQP_USA_2026"
1104246,-93.193958,44.905849,"WQP_USA_2026"
22328043,-94.711,47.453,"WQP_USA_2026"
4798248,-90.90199,47.547018,"WQP_USA_2026"
18275747,-107.388575,41.08274,"WQP_USA_2026"
22326555,-93.612317,47.19922,"WQP_USA_2026"
2124904,-91.53606,44.02332,"WQP_USA_2026"
22328137,-94.971638,47.39378,"WQP_USA_2026"
2723135,-93.81419,45.32016,"WQP_USA_2026"
2723239,-93.685621,45.305158,"WQP_USA_2026"
2118562,-91.6371,44.0567,"WQP_USA_2026"
1878185,-92.092785,44.410198,"WQP_USA_2026"
1878133,-92.290317,44.487584,"WQP_USA_2026"
2456318,-91.25816,43.80923,"WQP_USA_2026"
22327901,-94.906574,47.451119,"WQP_USA_2026"
1104098,-93.2732,44.9932,"WQP_USA_2026"
4841888,-93.484444,46.709444,"WQP_USA_2026"
4973611,-94.18272,45.59723,"WQP_USA_2026"
13208332,-91.2334,43.57581,"WQP_USA_2026"
2725063,-94.051301,45.434703,"WQP_USA_2026"
4836950,-93.274436,47.023084,"WQP_USA_2026"
4836810,-93.486839,47.216222,"WQP_USA_2026"
4836768,-93.592809,47.250893,"WQP_USA_2026"
2721591,-94.140705,45.517842,"WQP_USA_2026"
1875229,-92.568169,44.602348,"WQP_USA_2026"
1875273,-92.459991,44.563188,"WQP_USA_2026"
1875225,-92.642098,44.652178,"WQP_USA_2026"
1875101,-92.619241,44.613298,"WQP_USA_2026"
2456344,-91.246194,43.776342,"WQP_USA_2026"
4858881,-94.334806,46.074417,"WQP_USA_2026"
4853489,-93.955889,46.54425,"WQP_USA_2026"
4858823,-94.331389,46.281389,"WQP_USA_2026"
4860533,-94.38348,45.961727,"WQP_USA_2026"
4858779,-94.211255,46.360681,"WQP_USA_2026"
4858773,-94.15672,46.40732,"WQP_USA_2026"
1101464,-92.814781,44.748188,"WQP_USA_2026"
15985547,-106.4614,41.1497,"WQP_USA_2026"
166766511,-90.064029,48.049924,"WQP_USA_2026"
4793982,-90.38301,48.053315,"WQP_USA_2026"
4798158,-90.847694,47.639556,"WQP_USA_2026"
4797202,-90.307112,47.929219,"WQP_USA_2026"
4804106,-91.2337,47.4242,"WQP_USA_2026"
4803990,-91.246044,47.4147,"WQP_USA_2026"
4802672,-91.113355,47.503471,"WQP_USA_2026"
18345879,-110.01225,43.35077,"WQP_USA_2026"
18302986,-109.51511,42.34264,"WQP_USA_2026"
17481981,-105.505137,42.214352,"WQP_USA_2026"
2723231,-93.535499,45.25503,"WQP_USA_2026"
5377634,-106.26974,44.72544,"WQP_USA_2026"
3060620,-110.95762,44.64907,"WQP_USA_2026"
5335951,-107.09137,44.75508,"WQP_USA_2026"
12802936,-108.12365,44.58647,"WQP_USA_2026"
23123719,-110.20978,43.7342,"WQP_USA_2026"
24432663,-110.64496,43.42933,"WQP_USA_2026"
12842986,-108.58603,43.72966,"WQP_USA_2026"
7083380,-96.88681,48.76562,"WQP_USA_2026"
15982379,-107.17872,41.48795,"WQP_USA_2026"
4268798,-109.36457,44.94782,"WQP_USA_2026"
22095103,-104.94612,42.47809,"WQP_USA_2026"
22095185,-104.90809,42.36369,"WQP_USA_2026"
5351761,-106.65977,43.70398,"WQP_USA_2026"
17483051,-105.261563,42.005618,"WQP_USA_2026"
9388875,-104.20883,43.61835,"WQP_USA_2026"
17494057,-106.0144468,41.124377,"WQP_USA_2026"
22105371,-106.173,42.729,"WQP_USA_2026"
17475863,-104.59,41.62,"WQP_USA_2026"
22329511,-95.170548,47.335958,"WQP_USA_2026"
22329223,-95.158181,47.239728,"WQP_USA_2026"
22593695,-116.194546,33.717253,"WQP_USA_2026"
18352659,-110.36055,42.42099,"WQP_USA_2026"
7881510,-110.97992,41.69606,"WQP_USA_2026"
5450032,-104.23228,44.85475,"WQP_USA_2026"
1758798,-92.111196,46.84723,"WQP_USA_2026"
1758788,-92.099949,46.856585,"WQP_USA_2026"
1758788,-92.11111,46.85166,"WQP_USA_2026"
1758788,-92.096639,46.856891,"WQP_USA_2026"
1758788,-92.103214,46.855012,"WQP_USA_2026"
1758798,-92.092966,46.838223,"WQP_USA_2026"
1758788,-92.112625,46.852151,"WQP_USA_2026"
1758798,-92.100475,46.841773,"WQP_USA_2026"
21331401,-109.83841,32.92038,"WQP_USA_2026"
21438275,-114.47841,34.71448,"WQP_USA_2026"
945030302,-114.57068,35.15629,"WQP_USA_2026"
3529001,-111.54888,36.8433,"WQP_USA_2026"
9509262,-73.744182,40.814226,"WQP_USA_2026"
9496274,-72.658648,40.82763,"WQP_USA_2026"
9496458,-72.90694,40.83,"WQP_USA_2026"
9498334,-73.15167,40.76306,"WQP_USA_2026"
9496440,-72.76472,40.90361,"WQP_USA_2026"
9499660,-73.24427,40.72747,"WQP_USA_2026"
9498456,-73.30024,40.70454,"WQP_USA_2026"
6240217,-73.70697701,41.05156398,"WQP_USA_2026"
6240163,-73.73694239,41.1299565,"WQP_USA_2026"
7732053,-73.56725819,41.21225334,"WQP_USA_2026"
7731895,-73.52884737,41.24223008,"WQP_USA_2026"
6241835,-73.821995,40.95944,"WQP_USA_2026"
7732171,-73.62472,41.19389,"WQP_USA_2026"
7732037,-73.55305,41.2125,"WQP_USA_2026"
18349981,-110.189433,42.510979,"WQP_USA_2026"
10313578,-73.72734833,43.34920502,"WQP_USA_2026"
10313540,-73.2804545,43.51460855,"WQP_USA_2026"
10311426,-73.50966625,44.1301713,"WQP_USA_2026"
9523103,-73.90154443,44.47170412,"WQP_USA_2026"
10313430,-73.25663686,43.42376421,"WQP_USA_2026"
17483099,-105.12071,42.059701,"WQP_USA_2026"
9500186,-73.54991245,40.7092669,"WQP_USA_2026"
7734159,-73.60453916,41.16671604,"WQP_USA_2026"
7734183,-73.69329,41.1728,"WQP_USA_2026"
9422421,-76.0758776,42.76981384,"WQP_USA_2026"
8085401,-75.36353552,42.62427783,"WQP_USA_2026"
8102919,-76.32957546,42.1392649,"WQP_USA_2026"
9421073,-75.71544084,42.82350276,"WQP_USA_2026"
5372621,-106.94448,44.11833,"WQP_USA_2026"
8084479,-74.69408607,42.63562301,"WQP_USA_2026"
8085113,-75.28691269,42.78758568,"WQP_USA_2026"
15953660,-108.675511,42.389221,"WQP_USA_2026"
5380286,-106.68274,44.37745,"WQP_USA_2026"
8087255,-75.53128401,42.20068897,"WQP_USA_2026"
9420203,-75.57490014,42.72003918,"WQP_USA_2026"
8085255,-75.31953229,42.68493002,"WQP_USA_2026"
9419949,-75.5096638,42.79262721,"WQP_USA_2026"
9420613,-75.88305562,42.56656271,"WQP_USA_2026"
8102247,-76.31128869,42.08674205,"WQP_USA_2026"
9422007,-76.13313689,42.67841277,"WQP_USA_2026"
8087595,-75.73136709,42.02255775,"WQP_USA_2026"
8084083,-74.66345137,42.54399803,"WQP_USA_2026"
8083769,-74.97221428,42.66393539,"WQP_USA_2026"
8085057,-75.13548015,42.82630832,"WQP_USA_2026"
17482635,-105.320431,42.005215,"WQP_USA_2026"
9423747,-75.7466886,42.29951519,"WQP_USA_2026"
9423251,-75.79894,42.35234,"WQP_USA_2026"
8093147,-74.982333,42.50716,"WQP_USA_2026"
8084415,-74.920908,42.844144,"WQP_USA_2026"
12897994,-109.592263,43.754961,"WQP_USA_2026"
9524451,-74.38104881,44.30805724,"WQP_USA_2026"
9528545,-73.7475662,44.13986889,"WQP_USA_2026"
9522557,-74.1007924,44.52397058,"WQP_USA_2026"
9528551,-73.87298023,44.07736909,"WQP_USA_2026"
23123909,-110.575,44.3196,"WQP_USA_2026"
9521113,-73.804081,44.89464,"WQP_USA_2026"
9524861,-74.148192,44.345885,"WQP_USA_2026"
18299718,-109.188267,42.620102,"WQP_USA_2026"
17493249,-105.703132,41.60306,"WQP_USA_2026"
10313462,-73.29125819,43.36534832,"WQP_USA_2026"
10312312,-73.49250485,43.81084806,"WQP_USA_2026"
9528321,-73.40583678,44.25255378,"WQP_USA_2026"
9521243,-73.90435573,44.6206478,"WQP_USA_2026"
9524343,-74.19189783,44.38048969,"WQP_USA_2026"
9528089,-73.92147666,44.30415257,"WQP_USA_2026"
9528283,-73.71493,44.377233,"WQP_USA_2026"
9528345,-73.58552,44.22003,"WQP_USA_2026"
9524325,-74.08426,44.40855,"WQP_USA_2026"
4269482,-109.494,44.8456,"WQP_USA_2026"
9528313,-73.59523152,44.29936068,"WQP_USA_2026"
9521323,-73.67208321,44.94929437,"WQP_USA_2026"
9521165,-73.78515353,44.86543375,"WQP_USA_2026"
9521341,-73.47067397,44.84481427,"WQP_USA_2026"
5336127,-107.48174,44.69916,"WQP_USA_2026"
17506152,-104.35275,42.09892,"WQP_USA_2026"
8085321,-75.07395877,42.68332788,"WQP_USA_2026"
8102867,-76.73452,42.37144,"WQP_USA_2026"
8088049,-75.73777557,42.09853613,"WQP_USA_2026"
15983343,-106.8208,41.406607,"WQP_USA_2026"
12803788,-107.52444,44.51483,"WQP_USA_2026"
15963456,-106.24928,41.96586,"WQP_USA_2026"
15954080,-108.746481,42.341387,"WQP_USA_2026"
9528399,-73.49838188,44.42783199,"WQP_USA_2026"
9524799,-74.35877265,44.29821804,"WQP_USA_2026"
9524701,-74.26372611,44.37827747,"WQP_USA_2026"
9524381,-74.30017073,44.34623877,"WQP_USA_2026"
9527397,-73.60865209,44.6176516,"WQP_USA_2026"
9524745,-74.08088221,44.33060028,"WQP_USA_2026"
9521101,-73.42273853,44.87812869,"WQP_USA_2026"
17476565,-104.236082,41.525159,"WQP_USA_2026"
9496814,-72.5590759,40.88023798,"WQP_USA_2026"
9499614,-73.12,40.82375,"WQP_USA_2026"
9507734,-72.454276,41.067122,"WQP_USA_2026"
932030140,-73.75509569,41.07602727,"WQP_USA_2026"
6241969,-73.851563,40.961554,"WQP_USA_2026"
10907169,-105.39352,43.95135,"WQP_USA_2026"
1777384,-92.238608,46.656595,"WQP_USA_2026"
15511274,-74.84642052,43.78552278,"WQP_USA_2026"
15515434,-75.11883545,43.5911293,"WQP_USA_2026"
15514600,-75.060537,43.894192,"WQP_USA_2026"
15515336,-75.162041,43.94972,"WQP_USA_2026"
1777384,-92.23873,46.65794,"WQP_USA_2026"
1777384,-92.240102,46.658433,"WQP_USA_2026"
1777384,-92.240161,46.658481,"WQP_USA_2026"
1777384,-92.24003,46.65738,"WQP_USA_2026"
1777384,-92.238361,46.657839,"WQP_USA_2026"
1777384,-92.233022,46.65701,"WQP_USA_2026"
1777384,-92.227015,46.653656,"WQP_USA_2026"
1777384,-92.235846,46.657026,"WQP_USA_2026"
1777384,-92.235325,46.657068,"WQP_USA_2026"
1777384,-92.232522,46.656828,"WQP_USA_2026"
15514078,-75.221461,43.506198,"WQP_USA_2026"
15517520,-75.15278,43.45528,"WQP_USA_2026"
15514032,-75.34527,43.52194,"WQP_USA_2026"
15517488,-75.014745,43.4507,"WQP_USA_2026"
15510638,-74.70834,43.67611,"WQP_USA_2026"
15510564,-74.813651,43.712444,"WQP_USA_2026"
6244480,-73.9951748,41.18426127,"WQP_USA_2026"
15513088,-75.546073,43.7903,"WQP_USA_2026"
15510434,-74.851371,43.80832,"WQP_USA_2026"
932030039,-74.20866553,41.23850038,"WQP_USA_2026"
15513520,-75.34291,43.67705,"WQP_USA_2026"
6229326,-73.808378,41.438884,"WQP_USA_2026"
6217896,-74.05407,41.29072,"WQP_USA_2026"
6228580,-73.74853003,41.38505351,"WQP_USA_2026"
6216240,-73.9936069,41.33106023,"WQP_USA_2026"
15513006,-75.65334,43.82389,"WQP_USA_2026"
15512584,-75.59111,43.93028,"WQP_USA_2026"
15513342,-75.70138,43.723389,"WQP_USA_2026"
15512394,-75.92416,43.98944,"WQP_USA_2026"
26408236,-74.12168288,41.22497387,"WQP_USA_2026"
15512608,-75.366559,43.910741,"WQP_USA_2026"
15514254,-75.50738,43.937194,"WQP_USA_2026"
6228424,-73.66397,41.46559,"WQP_USA_2026"
6227392,-73.7232969,41.32163033,"WQP_USA_2026"
6201918,-74.35135967,41.40312012,"WQP_USA_2026"
6217820,-74.20970316,41.45687218,"WQP_USA_2026"
8117833,-76.81889,42.16833,"WQP_USA_2026"
8110719,-77.364734,42.080158,"WQP_USA_2026"
8117983,-76.68656,42.10146,"WQP_USA_2026"
8117117,-77.510048,42.563225,"WQP_USA_2026"
8117925,-76.811108,42.122616,"WQP_USA_2026"
8118901,-77.136042,42.355513,"WQP_USA_2026"
8110911,-77.45244,42.24891,"WQP_USA_2026"
8110591,-77.407,42.199,"WQP_USA_2026"
8118867,-77.426762,42.411703,"WQP_USA_2026"
8119141,-77.50321,42.49526,"WQP_USA_2026"
6186200,-73.739952,42.697202,"WQP_USA_2026"
6187242,-74.1170123,42.74742722,"WQP_USA_2026"
8110563,-77.547768,42.264939,"WQP_USA_2026"
8118979,-77.065257,42.291184,"WQP_USA_2026"
8110981,-77.128563,42.019592,"WQP_USA_2026"
8119065,-77.10477,42.16751,"WQP_USA_2026"
6186264,-73.43064,42.72036,"WQP_USA_2026"
6185978,-73.57948004,42.53534436,"WQP_USA_2026"
6185884,-73.56111065,42.63420703,"WQP_USA_2026"
7709768,-73.45195826,42.36520012,"WQP_USA_2026"
6200320,-74.03964,41.84765,"WQP_USA_2026"
6189776,-74.037409,42.199458,"WQP_USA_2026"
6189010,-73.79437954,42.0620013,"WQP_USA_2026"
6212846,-73.64352587,41.86617655,"WQP_USA_2026"
8119199,-77.100706,42.444741,"WQP_USA_2026"
6212732,-73.66290619,41.6108603,"WQP_USA_2026"
6188680,-73.940247,42.180528,"WQP_USA_2026"
6188948,-73.74611,42.31972,"WQP_USA_2026"
6188522,-73.90471,42.25639,"WQP_USA_2026"
6211790,-73.744283,41.783264,"WQP_USA_2026"
6212484,-73.933888,41.708764,"WQP_USA_2026"
6200052,-74.331,41.628,"WQP_USA_2026"
6227524,-73.98634,41.30103,"WQP_USA_2026"
6212500,-73.736386,41.662908,"WQP_USA_2026"
6189556,-74.03584,42.41278,"WQP_USA_2026"
6188320,-73.80139,42.3905,"WQP_USA_2026"
6201874,-74.418355,41.438813,"WQP_USA_2026"
6227362,-73.76472,41.33306,"WQP_USA_2026"
6199854,-74.21083,41.796212,"WQP_USA_2026"
6230332,-74.025626,41.242193,"WQP_USA_2026"
6185884,-73.571242,42.623612,"WQP_USA_2026"
8201803,-121.751,36.709,"WQP_USA_2026"
8288668,-123.5080272,39.66699868,"WQP_USA_2026"
8287676,-123.5045329,39.67188803,"WQP_USA_2026"
8288668,-123.5004531,39.67187209,"WQP_USA_2026"
4481015,-74.912663,40.141702,"WQP_USA_2026"
4489040,-75.020498,40.0436,"WQP_USA_2026"
4151748,-74.86,41.2195,"WQP_USA_2026"
2588461,-75.1852,40.67934,"WQP_USA_2026"
2590277,-74.82188,40.24218,"WQP_USA_2026"
2619258,-74.9864,41.4859,"WQP_USA_2026"
4188251,-75.20662,40.688896,"WQP_USA_2026"
2588431,-75.188,40.7582,"WQP_USA_2026"
2590249,-74.859305,40.27952,"WQP_USA_2026"
4655442,-75.52657,39.73692,"WQP_USA_2026"
4652144,-75.55027,39.73484,"WQP_USA_2026"
21978203,-76.95395,42.68037,"WQP_USA_2026"
15567933,-78.638021,43.095496,"WQP_USA_2026"
15559925,-78.71185,43.27785,"WQP_USA_2026"
6241853,-73.8686,40.88,"WQP_USA_2026"
22290559,-73.658308,42.809122,"WQP_USA_2026"
22290557,-73.66137,42.82274,"WQP_USA_2026"
22744315,-73.858617,42.820624,"WQP_USA_2026"
22744315,-73.877313,42.838248,"WQP_USA_2026"
21625911,-76.456671,43.485876,"WQP_USA_2026"
21625911,-76.449,43.486561,"WQP_USA_2026"
21628053,-76.118139,43.561222,"WQP_USA_2026"
21624089,-76.09444,43.55,"WQP_USA_2026"
15537879,-77.625736,43.203609,"WQP_USA_2026"
15537879,-77.620746,43.198389,"WQP_USA_2026"
15567989,-78.99999,43.065745,"WQP_USA_2026"
15571665,-78.988048,43.064778,"WQP_USA_2026"
15568143,-79.051793,43.228233,"WQP_USA_2026"
6240219,-73.709901,41.04572,"WQP_USA_2026"
6240387,-73.713759,41.080496,"WQP_USA_2026"
6240387,-73.717583,41.067479,"WQP_USA_2026"
3247040,-74.26334,42.8,"WQP_USA_2026"
8102921,-76.055787,42.09097,"WQP_USA_2026"
9422095,-76.15861,42.59861,"WQP_USA_2026"
9528405,-73.575255,44.464375,"WQP_USA_2026"
9528001,-73.390881,44.36389,"WQP_USA_2026"
22289895,-73.39111,42.95139,"WQP_USA_2026"
22751957,-73.69667,42.77833,"WQP_USA_2026"
8086663,-75.405,42.37722,"WQP_USA_2026"
15576459,-78.86787,42.86194,"WQP_USA_2026"
22304861,-73.9825,43.70083,"WQP_USA_2026"
21972770,-76.47166,43.39806,"WQP_USA_2026"
15514728,-75.925,43.98472,"WQP_USA_2026"
15448784,-74.556944,44.939851,"WQP_USA_2026"
9521459,-73.45085,44.697538,"WQP_USA_2026"
22288359,-73.59049,43.29655,"WQP_USA_2026"
6200432,-74.1657,41.687831,"WQP_USA_2026"
6206824,-74.074282,41.846178,"WQP_USA_2026"
21624117,-76.03806,43.53111,"WQP_USA_2026"
4151524,-74.69695,41.37194,"WQP_USA_2026"
4151216,-74.6002,41.4422,"WQP_USA_2026"
2614238,-75.40138,42.08,"WQP_USA_2026"
15550135,-77.94654,42.11866,"WQP_USA_2026"
15537879,-77.61639,43.22722,"WQP_USA_2026"
8110889,-77.68267,42.33567,"WQP_USA_2026"
8118503,-76.63499,42.00278,"WQP_USA_2026"
21991043,-76.16345,43.05778,"WQP_USA_2026"
15515322,-75.30666,43.51167,"WQP_USA_2026"
22741603,-74.84055,43.03778,"WQP_USA_2026"
6186216,-73.758796,42.619495,"WQP_USA_2026"
8969860,-78.71793,42.15716,"WQP_USA_2026"
15445117,-79.20303,42.11245,"WQP_USA_2026"
15558653,-77.742,43.254,"WQP_USA_2026"
15548127,-77.84183,42.73598,"WQP_USA_2026"
4495952,-75.139119,39.949887,"WQP_USA_2026"
4784837,-75.2059,39.91316,"WQP_USA_2026"
4496142,-75.313876,39.86994,"WQP_USA_2026"
4488288,-74.989468,40.032619,"WQP_USA_2026"
4481913,-74.879414,40.082147,"WQP_USA_2026"
4481837,-74.818381,40.129409,"WQP_USA_2026"
4481917,-74.909043,40.075873,"WQP_USA_2026"
166754167,-75.364924,39.824416,"WQP_USA_2026"
4481739,-74.7585,40.189096,"WQP_USA_2026"
17665505,-121.764,36.8922,"WQP_USA_2026"
15476223,-75.078952,44.846933,"WQP_USA_2026"
15489190,-75.32139,44.58917,"WQP_USA_2026"
24537862,-122.4018,47.6663,"WQP_USA_2026"
23989541,-122.37868,47.63237,"WQP_USA_2026"
23989501,-122.43469,47.25919,"WQP_USA_2026"
23989467,-122.61066,47.16998,"WQP_USA_2026"
23989091,-122.69671,47.64279,"WQP_USA_2026"
2805279,-122.25,37.5644,"WQP_USA_2026"
NA,-122.124,37.4764,"WQP_USA_2026"
948050049,-122.146,37.5949,"WQP_USA_2026"
15810649,-85.336281,33.74139,"Viticoski_2022"
22035565,-85.574866,33.30686,"Viticoski_2022"
21717776,-85.898041,32.44973,"Viticoski_2022"
21719238,-86.202964,32.45539,"Viticoski_2022"
21687040,-86.315984,32.43579,"Viticoski_2022"
15823211,-85.355577,34.24861,"Viticoski_2022"
22199843,-85.995171,34.01274,"Viticoski_2022"
26132567,-86.026126,33.94254,"Viticoski_2022"
22276358,-86.515252,32.95371,"Viticoski_2022"
22276676,-86.206968,32.53842,"Viticoski_2022"
21687086,-86.408425,32.41137,"Viticoski_2022"
21687358,-86.997498,32.38676,"Viticoski_2022"
21456714,-87.391959,32.11354,"Viticoski_2022"
21459150,-87.412779,31.96977,"Viticoski_2022"
18239683,-87.516747,31.54806,"Viticoski_2022"
21654166,-86.599476,33.62233,"Viticoski_2022"
21655446,-86.714251,33.432234,"Viticoski_2022"
21656498,-86.813929,33.36338,"Viticoski_2022"
21662014,-87.241447,32.66811,"Viticoski_2022"
21662438,-87.100699,32.33574,"Viticoski_2022"
3298592,-85.18144,32.87525,"Viticoski_2022"
3298638,-85.16551,32.80982,"Viticoski_2022"
3434274,-84.99634,32.47258,"Viticoski_2022"
3434284,-84.97725,32.44418,"Viticoski_2022"
3438478,-85.00274,32.3466,"Viticoski_2022"
2306739,-85.05576,31.60425,"Viticoski_2022"
2310423,-85.10737,31.25454,"Viticoski_2022"
2312915,-85.00608,30.97369,"Viticoski_2022"
2188031,-85.61102,31.34329,"Viticoski_2022"
2189583,-85.68851,31.23624,"Viticoski_2022"
2189589,-85.73809,31.23437,"Viticoski_2022"
2189789,-85.831,31.1094,"Viticoski_2022"
2242015,-85.8427,30.95009,"Viticoski_2022"
894557,-86.537368,31.01008,"Viticoski_2022"
2377167,-86.04752,31.80399,"Viticoski_2022"
2378189,-86.52942,31.34793,"Viticoski_2022"
2411086,-86.79932,31.16392,"Viticoski_2022"
2414062,-87.16185,31.00753,"Viticoski_2022"
18631086,-88.237942,33.080575,"Viticoski_2022"
18634132,-88.114504,32.69454,"Viticoski_2022"
18546528,-88.001152,32.45043,"Viticoski_2022"
18546630,-88.01178,32.17152,"Viticoski_2022"
21642356,-87.989013,31.256707,"Viticoski_2022"
18567419,-87.142727,33.5747,"Viticoski_2022"
18592112,-87.17578,33.66304,"Viticoski_2022"
18224447,-87.24052,33.52678,"Viticoski_2022"
18206646,-87.66532,33.11957,"Viticoski_2022"
18206728,-87.63816,33.01125,"Viticoski_2022"
18211160,-87.74452,32.58716,"Viticoski_2022"
18092351,-88.370773,31.04874,"Viticoski_2022"
18094145,-88.417744,30.86283,"Viticoski_2022"
18095191,-88.332825,30.80104,"Viticoski_2022"
18519961,-87.97826,31.08773,"Viticoski_2022"
166759292,-87.95444,30.67281,"Viticoski_2022"
NA,-88.05884,30.64487,"Viticoski_2022"
18515690,-88.088369,30.56482,"Viticoski_2022"
18515694,-88.123917,30.53379,"Viticoski_2022"
18514796,-87.898556,30.55129,"Viticoski_2022"
18516172,-87.823803,30.41556,"Viticoski_2022"
2170189,-87.599125,31.00372,"Viticoski_2022"
2171299,-87.484393,30.71656,"Viticoski_2022"
2171553,-87.445177,30.52354,"Viticoski_2022"
2174107,-87.445687,30.50846,"Viticoski_2022"
19643650,-85.69544,35.01647,"Viticoski_2022"
19646630,-85.97196,34.63306,"Viticoski_2022"
19650344,-86.28884,34.38055,"Viticoski_2022"
19621612,-86.55872,34.57187,"Viticoski_2022"
936030059,-86.97268,34.61615,"Viticoski_2022"
19623822,-87.07123,34.68456,"Viticoski_2022"
19623550,-87.386488,34.796179,"Viticoski_2022"
19623736,-87.711904,34.767245,"Viticoski_2022"
19623328,-87.993785,34.901112,"Viticoski_2022"
6141098,-71.56779,41.42952,"Dunn_2023"
6140852,-71.64271,41.44756,"Dunn_2023"
6141106,-71.74828,41.40642,"Dunn_2023"
6141108,-71.77231,41.40049,"Dunn_2023"
6140944,-71.84135,41.39469,"Dunn_2023"
6141210,-71.83241,41.37515,"Dunn_2023"
6141210,-71.83172,41.35365,"Dunn_2023"
6141106,-71.76709,41.39964,"Dunn_2023"
6140940,-71.8418,41.39599,"Dunn_2023"
20107163,-81.1186577,32.287104,"Forster_2024"
20150861,-80.9728248,32.4807122,"Forster_2024"
9633267,-80.0662931,32.8874306,"Forster_2024"
9646015,-79.9280276,32.9037394,"Forster_2024"
9645687,-79.9318172,32.9671628,"Forster_2024"
11566106,-79.2853695,33.3660134,"Forster_2024"
11561964,-78.7700116,33.790726,"Forster_2024"
10542322,-80.8733729,33.4798448,"Forster_2024"
933040028,-78.8563943,33.9005034,"Forster_2024"
9113704,-79.2711486,34.0435752,"Forster_2024"
9166816,-79.654131,34.6216037,"Forster_2024"
9095804,-80.4587202,33.9612801,"Forster_2024"
9681570,-80.6452487,33.7533929,"Forster_2024"
10541038,-81.1045482,33.589318,"Forster_2024"
22721757,-81.9126671,33.4759618,"Forster_2024"
10540282,-81.5197887,33.8263534,"Forster_2024"
10548900,-81.65438,33.66546,"Forster_2024"
22719971,-81.7986615,33.576097,"Forster_2024"
22719919,-81.8079714,33.6140476,"Forster_2024"
22719207,-81.8048558,33.6111194,"Forster_2024"
9684218,-81.0271988,33.990942,"Forster_2024"
9869858,-81.1897949,34.0465182,"Forster_2024"
9869976,-81.1388884,34.0296819,"Forster_2024"
9710626,-81.058468,34.007252,"Forster_2024"
9680968,-80.9756443,33.9855894,"Forster_2024"
9717715,-80.6729811,34.2443535,"Forster_2024"
9717863,-80.6899705,34.1916255,"Forster_2024"
9756984,-81.0093394,35.0153663,"Forster_2024"
9718385,-80.8619412,34.4280398,"Forster_2024"
9734856,-80.8577708,34.7094316,"Forster_2024"
9736382,-80.8785945,34.8453499,"Forster_2024"
9869718,-81.6275676,34.2722212,"Forster_2024"
9869822,-81.949904,34.199832,"Forster_2024"
9869340,-81.6543632,34.3059712,"Forster_2024"
12038143,-81.9588802,34.9875321,"Forster_2024"
9867154,-82.4010224,34.8446515,"Forster_2024"
9868542,-82.3506671,34.7748194,"Forster_2024"
9692304,-82.3004647,34.8133225,"Forster_2024"
11737729,-82.739269,34.213842,"Forster_2024"
11750095,-82.9693495,34.7114137,"Forster_2024"
9252872,-80.48475,35.83829,"Penland_2020"
9211318,-79.99861,35.08722,"Penland_2020"
9165662,-79.87917,34.86528,"Penland_2020"
9168432,-79.83271,34.52412,"Penland_2020"
9175254,-79.54768,34.20385,"Penland_2020"
2048105,-84.385304,33.996313,"Labad_2025"
2048123,-84.323618,33.98692,"Labad_2025"
2045305,-84.336879,34.008158,"Labad_2025"
2048089,-84.255847,33.989788,"Labad_2025"
2048177,-84.403762,33.945428,"Labad_2025"
2048193,-84.446035,33.903444,"Labad_2025"
2048207,-84.443062,33.878193,"Labad_2025"
2048227,-84.452436,33.870392,"Labad_2025"
22722445,-81.652831,33.2745137,"Webb_2026"
22723667,-81.6954702,33.2493309,"Webb_2026"
22723767,-81.7080049,33.2190445,"Webb_2026"
22722567,-81.6807417,33.2357821,"Webb_2026"
22722643,-81.6405332,33.2175791,"Webb_2026"
22722653,-81.6747331,33.2108279,"Webb_2026"
22723759,-81.6309098,33.1650877,"Webb_2026"
22724739,-81.6356433,33.1858034,"Webb_2026"
166757161,-81.5217659,33.2386457,"Webb_2026"
22722761,-81.5815142,33.1842545,"Webb_2026"
22723633,-81.6474595,33.2906954,"Webb_2026"
22723633,-81.6450056,33.295505,"Webb_2026"
22724143,-81.7233814,33.3430706,"Webb_2026"
22724143,-81.7151761,33.3183768,"Webb_2026"
22722387,-81.6339172,33.2887923,"Webb_2026"
22722387,-81.6354713,33.2974443,"Webb_2026"
22723621,-81.6315719,33.3075131,"Webb_2026"
22722149,-81.5268463,33.3708437,"Webb_2026"
22723609,-81.5745458,33.3343493,"Webb_2026"
22722281,-81.5918761,33.3204977,"Webb_2026"
22722151,-81.6294076,33.3692007,"Webb_2026"
22723901,-81.6662346,33.3156127,"Webb_2026"
22723903,-81.7307689,33.254565,"Webb_2026"
22723633,-81.6644831,33.2907223,"Webb_2026"
22724265,-81.8346699,33.2358833,"Webb_2026"
22724323,-81.7633214,33.2108897,"Webb_2026"
22723755,-81.7433463,33.2025666,"Webb_2026"
22723755,-81.7436034,33.1900832,"Webb_2026"
22720079,-81.837754,33.5257185,"Webb_2026"
2885526,-105.1336019,39.77549785,"Colorado_DPH_2026"
229439,-104.8708133,39.92675603,"Colorado_DPH_2026"
1529991,-104.7274011,38.72420598,"Colorado_DPH_2026"
226571,-104.7595849,39.94351678,"Colorado_DPH_2026"
188749,-105.067014,39.55095047,"Colorado_DPH_2026"
3179738,-108.4637206,39.05597347,"Colorado_DPH_2026"
1319096,-106.9389184,39.65356941,"Colorado_DPH_2026"
951131,-104.5999142,38.2545045,"Colorado_DPH_2026"
3181278,-107.7943813,39.22312802,"Colorado_DPH_2026"
1528231,-104.8376278,39.00461768,"Colorado_DPH_2026"
1529805,-104.6995704,38.82600538,"Colorado_DPH_2026"
1005629,-104.5244837,38.80921562,"Colorado_DPH_2026"
1531217,-104.8823555,38.74370173,"Colorado_DPH_2026"
3254063,-107.2911664,38.47526994,"Colorado_DPH_2026"
3254155,-107.0839377,38.48221371,"Colorado_DPH_2026"
3252693,-106.9956012,38.51749077,"Colorado_DPH_2026"
16963867,-108.3573505,37.2525562,"Colorado_DPH_2026"
16963919,-108.4882954,37.18450598,"Colorado_DPH_2026"
17014963,-107.786913,37.130151,"Colorado_DPH_2026"
17015253,-107.752419,37.180268,"Colorado_DPH_2026"
17014899,-107.8788787,37.1855454,"Colorado_DPH_2026"
17014855,-107.8594529,37.2213813,"Colorado_DPH_2026"
17034345,-107.6083712,37.221988,"Colorado_DPH_2026"
17015233,-107.86872,37.233976,"Colorado_DPH_2026"
17034371,-107.621866,37.236042,"Colorado_DPH_2026"
17015233,-107.872558,37.249474,"Colorado_DPH_2026"
17014841,-107.884269,37.274751,"Colorado_DPH_2026"
17014841,-107.880387,37.279332,"Colorado_DPH_2026"
936962,-104.318767,37.2873,"Colorado_DPH_2026"
17034291,-107.606496,37.302319,"Colorado_DPH_2026"
17035841,-106.956028,37.328908,"Colorado_DPH_2026"
17034953,-107.5538648,37.43387252,"Colorado_DPH_2026"
17014673,-107.799868,37.45838,"Colorado_DPH_2026"
17900327,-105.86647,37.47563,"Colorado_DPH_2026"
17014191,-107.8115292,37.6594431,"Colorado_DPH_2026"
17013793,-107.669245,37.796058,"Colorado_DPH_2026"
954721,-104.859004,37.946917,"Colorado_DPH_2026"
954023,-105.049167,37.982983,"Colorado_DPH_2026"
1596083,-102.619077,38.106027,"Colorado_DPH_2026"
9769830,-107.7442813,38.15626662,"Colorado_DPH_2026"
974922,-104.139497,38.179481,"Colorado_DPH_2026"
9769826,-107.7495395,38.18145457,"Colorado_DPH_2026"
952367,-104.5373867,38.21892429,"Colorado_DPH_2026"
952589,-104.482592,38.22053,"Colorado_DPH_2026"
951131,-104.633108,38.232821,"Colorado_DPH_2026"
9769820,-107.7516595,38.24397715,"Colorado_DPH_2026"
9769294,-107.7629875,38.23529353,"Colorado_DPH_2026"
974880,-104.33622,38.240618,"Colorado_DPH_2026"
952325,-104.48953,38.245756,"Colorado_DPH_2026"
951169,-104.589354,38.246157,"Colorado_DPH_2026"
951131,-104.6017075,38.25753164,"Colorado_DPH_2026"
952555,-104.736043,38.254169,"Colorado_DPH_2026"
1532527,-104.590808,38.255114,"Colorado_DPH_2026"
951131,-104.599507,38.255464,"Colorado_DPH_2026"
951087,-104.704452,38.259333,"Colorado_DPH_2026"
951029,-104.67635,38.269715,"Colorado_DPH_2026"
951083,-104.710028,38.270211,"Colorado_DPH_2026"
952539,-104.719603,38.27079,"Colorado_DPH_2026"
1532253,-104.600635,38.270912,"Colorado_DPH_2026"
952541,-104.768306,38.27131,"Colorado_DPH_2026"
950997,-104.71185,38.273146,"Colorado_DPH_2026"
950939,-104.638865,38.278887,"Colorado_DPH_2026"
952543,-104.72808,38.280223,"Colorado_DPH_2026"
9769794,-107.7586178,38.29150145,"Colorado_DPH_2026"
9769268,-107.7682236,38.28397778,"Colorado_DPH_2026"
1532237,-104.60372,38.301385,"Colorado_DPH_2026"
952661,-104.856133,38.302624,"Colorado_DPH_2026"
949955,-105.1570335,38.41577131,"Colorado_DPH_2026"
1531881,-104.598182,38.4298,"Colorado_DPH_2026"
921141,-105.8384844,38.45007399,"Colorado_DPH_2026"
921103,-105.9591209,38.46361713,"Colorado_DPH_2026"
918435,-106.0251606,38.52204113,"Colorado_DPH_2026"
918435,-106.021775,38.521669,"Colorado_DPH_2026"
919787,-106.0315887,38.52723823,"Colorado_DPH_2026"
1333564,-106.845443,38.664617,"Colorado_DPH_2026"
1530231,-104.705367,38.677433,"Colorado_DPH_2026"
1530257,-104.859188,38.681989,"Colorado_DPH_2026"
9767880,-108.080735,38.740288,"Colorado_DPH_2026"
1338068,-107.835032,38.783648,"Colorado_DPH_2026"
1333144,-106.884167,38.808889,"Colorado_DPH_2026"
917723,-106.264419,38.810934,"Colorado_DPH_2026"
1333114,-106.8892476,38.81973741,"Colorado_DPH_2026"
1529751,-104.8226,38.816265,"Colorado_DPH_2026"
917667,-106.17908,38.8314517,"Colorado_DPH_2026"
917665,-106.1614279,38.83893425,"Colorado_DPH_2026"
917623,-106.153226,38.883707,"Colorado_DPH_2026"
1531173,-104.988365,38.897642,"Colorado_DPH_2026"
3231189,-108.2871185,38.95876797,"Colorado_DPH_2026"
3231089,-108.2230997,38.96620179,"Colorado_DPH_2026"
3232393,-108.2302796,38.96156564,"Colorado_DPH_2026"
3232397,-108.2765409,38.97436797,"Colorado_DPH_2026"
3232397,-108.2851391,38.9746976,"Colorado_DPH_2026"
3232569,-108.451333,38.9835,"Colorado_DPH_2026"
3179044,-108.3366109,39.0190802,"Colorado_DPH_2026"
3229991,-108.5634686,39.03657474,"Colorado_DPH_2026"
3179700,-108.4135564,39.07504786,"Colorado_DPH_2026"
3186010,-108.6271353,39.09366818,"Colorado_DPH_2026"
3178380,-108.1492785,39.15138767,"Colorado_DPH_2026"
916565,-106.319945,39.164736,"Colorado_DPH_2026"
3179510,-108.807712,39.173877,"Colorado_DPH_2026"
3178116,-108.1371128,39.17219682,"Colorado_DPH_2026"
191913,-104.93068,39.18431,"Colorado_DPH_2026"
3178000,-108.1163488,39.18426381,"Colorado_DPH_2026"
3177982,-108.1210681,39.18685909,"Colorado_DPH_2026"
3177900,-108.0574104,39.19071458,"Colorado_DPH_2026"
916813,-106.2189998,39.22708639,"Colorado_DPH_2026"
916813,-106.2258918,39.22168828,"Colorado_DPH_2026"
916809,-106.298869,39.23655,"Colorado_DPH_2026"
916799,-106.2515287,39.25077912,"Colorado_DPH_2026"
916429,-106.3452611,39.34350556,"Colorado_DPH_2026"
191835,-104.981167,39.345667,"Colorado_DPH_2026"
916433,-106.187567,39.362928,"Colorado_DPH_2026"
190309,-105.117059,39.43994337,"Colorado_DPH_2026"
188691,-105.038142,39.48742245,"Colorado_DPH_2026"
188363,-105.31472,39.53272047,"Colorado_DPH_2026"
1324997,-107.331167,39.546333,"Colorado_DPH_2026"
188305,-105.0346528,39.56794548,"Colorado_DPH_2026"
1312907,-106.0491,39.56666,"Colorado_DPH_2026"
188263,-105.0161863,39.57355474,"Colorado_DPH_2026"
188741,-105.0225289,39.56801923,"Colorado_DPH_2026"
188277,-105.3345566,39.60056978,"Colorado_DPH_2026"
1319428,-106.44911,39.609258,"Colorado_DPH_2026"
1319454,-106.286492,39.61842995,"Colorado_DPH_2026"
188219,-105.0090584,39.62616242,"Colorado_DPH_2026"
188209,-105.0011093,39.63238849,"Colorado_DPH_2026"
188219,-105.014581,39.630312,"Colorado_DPH_2026"
188209,-105.014567,39.63233,"Colorado_DPH_2026"
188811,-105.0199845,39.62889573,"Colorado_DPH_2026"
188631,-105.0721594,39.62986234,"Colorado_DPH_2026"
1319278,-106.5327984,39.63854561,"Colorado_DPH_2026"
1319220,-106.5896587,39.64335042,"Colorado_DPH_2026"
1312821,-106.0249137,39.64457864,"Colorado_DPH_2026"
1312815,-106.0184394,39.65120161,"Colorado_DPH_2026"
1319096,-106.95238,39.64993,"Colorado_DPH_2026"
188631,-105.0423649,39.65229728,"Colorado_DPH_2026"
188631,-105.04259,39.652478,"Colorado_DPH_2026"
188623,-105.250043,39.697301,"Colorado_DPH_2026"
188623,-105.253761,39.703848,"Colorado_DPH_2026"
230617,-104.789987,39.747753,"Colorado_DPH_2026"
2886820,-105.1400007,39.75338463,"Colorado_DPH_2026"
229761,-104.84531,39.756636,"Colorado_DPH_2026"
2885172,-105.8609836,39.7639614,"Colorado_DPH_2026"
2885524,-105.8480614,39.77537445,"Colorado_DPH_2026"
2885524,-105.8514534,39.77562949,"Colorado_DPH_2026"
2885526,-105.15385,39.77223,"Colorado_DPH_2026"
2885526,-105.141938,39.77362,"Colorado_DPH_2026"
2885080,-105.1751107,39.7819786,"Colorado_DPH_2026"
229747,-104.936215,39.798386,"Colorado_DPH_2026"
229709,-104.959572,39.800191,"Colorado_DPH_2026"
229709,-104.9595608,39.8002461,"Colorado_DPH_2026"
229709,-104.959642,39.800802,"Colorado_DPH_2026"
229677,-104.951952,39.81157,"Colorado_DPH_2026"
229661,-104.948793,39.81272,"Colorado_DPH_2026"
229669,-104.951959,39.813192,"Colorado_DPH_2026"
2885882,-104.9984109,39.81857597,"Colorado_DPH_2026"
2884994,-105.001509,39.816237,"Colorado_DPH_2026"
2884960,-105.2096364,39.81862676,"Colorado_DPH_2026"
2885882,-104.977365,39.82293,"Colorado_DPH_2026"
229645,-104.9484,39.8272,"Colorado_DPH_2026"
229649,-104.9564881,39.82200365,"Colorado_DPH_2026"
2885882,-104.94938,39.827571,"Colorado_DPH_2026"
229639,-104.9460919,39.83016646,"Colorado_DPH_2026"
2885882,-104.949389,39.827584,"Colorado_DPH_2026"
229639,-104.948,39.831267,"Colorado_DPH_2026"
2885500,-105.2326654,39.83885314,"Colorado_DPH_2026"
229645,-104.945131,39.82665839,"Colorado_DPH_2026"
229631,-104.937185,39.832882,"Colorado_DPH_2026"
229631,-104.9335587,39.83582097,"Colorado_DPH_2026"
229631,-104.937288,39.8329,"Colorado_DPH_2026"
1237885,-106.0844915,39.84603176,"Colorado_DPH_2026"
1237839,-106.0909567,39.8358664,"Colorado_DPH_2026"
229615,-104.9345548,39.84819758,"Colorado_DPH_2026"
229631,-104.944302,39.84429,"Colorado_DPH_2026"
229603,-104.9314139,39.85752556,"Colorado_DPH_2026"
229619,-104.93662,39.844838,"Colorado_DPH_2026"
1237965,-106.0861035,39.83891381,"Colorado_DPH_2026"
1237913,-106.0702671,39.84666143,"Colorado_DPH_2026"
229603,-104.931239,39.849756,"Colorado_DPH_2026"
229615,-104.9395739,39.85113422,"Colorado_DPH_2026"
229603,-104.934348,39.85703795,"Colorado_DPH_2026"
229617,-104.94101,39.85182,"Colorado_DPH_2026"
229631,-104.9487332,39.84577088,"Colorado_DPH_2026"
229603,-104.9323359,39.85665518,"Colorado_DPH_2026"
229615,-104.936717,39.853282,"Colorado_DPH_2026"
229615,-104.938254,39.855743,"Colorado_DPH_2026"
229603,-104.928392,39.85846,"Colorado_DPH_2026"
229603,-104.92881,39.858494,"Colorado_DPH_2026"
229603,-104.92781,39.858494,"Colorado_DPH_2026"
228771,-105.1814806,39.85585484,"Colorado_DPH_2026"
229603,-104.918244,39.870181,"Colorado_DPH_2026"
229603,-104.918371,39.875493,"Colorado_DPH_2026"
229603,-104.914668,39.877453,"Colorado_DPH_2026"
229561,-104.8973324,39.88282589,"Colorado_DPH_2026"
229521,-104.894143,39.885324,"Colorado_DPH_2026"
229521,-104.895761,39.885361,"Colorado_DPH_2026"
229521,-104.895733,39.885395,"Colorado_DPH_2026"
229493,-104.86809,39.92286,"Colorado_DPH_2026"
1239323,-105.7852471,39.93347161,"Colorado_DPH_2026"
2891588,-105.28143,39.93196414,"Colorado_DPH_2026"
1239287,-105.793997,39.94674024,"Colorado_DPH_2026"
2891290,-105.1603998,39.94576796,"Colorado_DPH_2026"
2891252,-105.097145,39.94718667,"Colorado_DPH_2026"
1239317,-105.8213515,39.94962613,"Colorado_DPH_2026"
2891248,-105.2033888,39.95898437,"Colorado_DPH_2026"
229429,-104.857483,39.95544,"Colorado_DPH_2026"
229429,-104.857483,39.955443,"Colorado_DPH_2026"
229373,-104.8493858,39.96117291,"Colorado_DPH_2026"
229429,-104.856681,39.955459,"Colorado_DPH_2026"
229429,-104.856639,39.955472,"Colorado_DPH_2026"
229429,-104.856601,39.955486,"Colorado_DPH_2026"
2891248,-105.1941238,39.95746563,"Colorado_DPH_2026"
2891218,-105.1331844,39.96545442,"Colorado_DPH_2026"
2889474,-105.3236497,39.98643722,"Colorado_DPH_2026"
2891218,-105.1635921,39.98093427,"Colorado_DPH_2026"
2891200,-105.220833,39.986067,"Colorado_DPH_2026"
2889322,-105.1492487,39.99709966,"Colorado_DPH_2026"
2891566,-105.5077773,39.98414469,"Colorado_DPH_2026"
2889232,-105.1466601,39.99690028,"Colorado_DPH_2026"
2889384,-105.441083,40.008556,"Colorado_DPH_2026"
2889380,-105.3039711,40.01220859,"Colorado_DPH_2026"
2889346,-105.341788,40.031475,"Colorado_DPH_2026"
2889404,-105.3541204,40.0156782,"Colorado_DPH_2026"
2889404,-105.354124,40.015802,"Colorado_DPH_2026"
2889354,-105.384664,40.017141,"Colorado_DPH_2026"
2889404,-105.381773,40.017182,"Colorado_DPH_2026"
2889404,-105.365861,40.017331,"Colorado_DPH_2026"
2889404,-105.382212,40.017459,"Colorado_DPH_2026"
2889182,-105.0962324,40.02257941,"Colorado_DPH_2026"
2889346,-105.3527631,40.03546993,"Colorado_DPH_2026"
1232111,-106.4282308,40.04658344,"Colorado_DPH_2026"
2889256,-105.3138656,40.04761478,"Colorado_DPH_2026"
2889326,-105.3208786,40.04222502,"Colorado_DPH_2026"
1232963,-106.3080831,40.05563876,"Colorado_DPH_2026"
2889174,-105.3042271,40.06391681,"Colorado_DPH_2026"
1232081,-106.434603,40.06783939,"Colorado_DPH_2026"
1231919,-106.10895,40.073438,"Colorado_DPH_2026"
2889122,-105.4195525,40.07514297,"Colorado_DPH_2026"
1234285,-105.928007,40.08189,"Colorado_DPH_2026"
2889776,-105.2182041,40.08546709,"Colorado_DPH_2026"
5308064,-108.81692,40.09268,"Colorado_DPH_2026"
2889658,-105.2581787,40.11605765,"Colorado_DPH_2026"
1234505,-105.8686865,40.14428393,"Colorado_DPH_2026"
2888948,-105.0880507,40.15467957,"Colorado_DPH_2026"
2889638,-105.2581266,40.17534472,"Colorado_DPH_2026"
2888748,-105.3430007,40.17768308,"Colorado_DPH_2026"
1234553,-105.8347077,40.20028125,"Colorado_DPH_2026"
2890908,-104.879167,40.258056,"Colorado_DPH_2026"
13334,-105.3583761,40.2761157,"Colorado_DPH_2026"
13334,-105.3465962,40.2923303,"Colorado_DPH_2026"
13776,-105.21393,40.31617785,"Colorado_DPH_2026"
14962,-104.774367,40.351333,"Colorado_DPH_2026"
12996,-105.5435088,40.36261683,"Colorado_DPH_2026"
226565,-104.562778,40.412222,"Colorado_DPH_2026"
12796,-105.1660679,40.41468711,"Colorado_DPH_2026"
2903263,-104.639444,40.417778,"Colorado_DPH_2026"
940190086,-105.0501292,40.41302277,"Colorado_DPH_2026"
12640,-105.3453474,40.43636506,"Colorado_DPH_2026"
12554,-105.2027781,40.46906914,"Colorado_DPH_2026"
1355084,-107.01318,40.47775,"Colorado_DPH_2026"
2899565,-105.2015537,40.6535725,"Colorado_DPH_2026"
2900705,-105.223889,40.664444,"Colorado_DPH_2026"
2899511,-105.4455036,40.68368963,"Colorado_DPH_2026"
15996048,-106.281965,40.741015,"Colorado_DPH_2026"
3555340,-103.05598,40.74737,"Colorado_DPH_2026"
17497063,-105.8827414,40.78540101,"Colorado_DPH_2026"
25293230,-75.679583,44.581117,"Teymoorian_2021"
25293246,-75.456472,44.736,"Teymoorian_2021"
25293298,-75.315517,44.81975,"Teymoorian_2021"
25293188,-75.145133,44.899817,"Teymoorian_2021"
15475691,-74.830364,44.959242,"Teymoorian_2021"
15489060,-75.49375,44.690139,"Teymoorian_2021"
15465075,-74.717089,44.978531,"Teymoorian_2021"
25293234,-75.660644,44.600606,"Teymoorian_2021"
25293236,-75.612239,44.634389,"Teymoorian_2021"
25293296,-75.371433,44.790014,"Teymoorian_2021"
25293402,-74.755747,44.993964,"Teymoorian_2021"
25293188,-75.170031,44.897636,"Teymoorian_2021"
25293390,-74.987861,44.958861,"Teymoorian_2021"
2827158,-121.0160412,37.41354657,"Woodward_2026"
2820146,-121.1496575,37.52076567,"Woodward_2026"
2858173,-121.774132,38.8124013,"Woodward_2026"
15040625,-121.675514,38.45213065,"Woodward_2026"
15041337,-121.8619075,38.40213178,"Woodward_2026"
2833532,-120.7032563,37.4746582,"Woodward_2026"
2820000,-121.2246605,37.60048626,"Woodward_2026"
2821670,-121.2493883,37.8810366,"Woodward_2026"
7970573,-121.7033333,39.18527778,"Woodward_2026"
1683401,-121.8924742,39.36183185,"Woodward_2026"
6075713,-71.81652061,42.59432585,"MA_PWS_2026"
5863823,-70.97804255,42.47344233,"MA_PWS_2026"
5867843,-71.04033651,42.20107249,"MA_PWS_2026"
6746142,-71.25469212,42.65632617,"MA_PWS_2026"
6745188,-71.22173311,42.55020152,"MA_PWS_2026"
5876425,-70.90059667,42.15676526,"MA_PWS_2026"
5866401,-71.1108322,42.45207572,"MA_PWS_2026"
25076390,-73.14777474,42.4316833,"MA_PWS_2026"
166174794,-70.66143812,42.66551215,"MA_PWS_2026"
6771325,-71.28156892,42.57723215,"MA_PWS_2026"
6746078,-71.17958823,42.69434714,"MA_PWS_2026"
10295124,-72.62046989,42.64696328,"MA_PWS_2026"
5862417,-71.07312782,42.49645237,"MA_PWS_2026"
6097255,-72.87940975,42.26535023,"MA_PWS_2026"
6745530,-71.22392939,42.68698533,"MA_PWS_2026"
6128147,-71.32381698,41.94160393,"MA_PWS_2026"
6129929,-71.11166038,41.85098924,"MA_PWS_2026"
6778489,-72.42261503,42.71952076,"MA_PWS_2026"
6146999,-72.05226136,42.04656582,"MA_PWS_2026"
5860675,-70.93172456,42.62370309,"MA_PWS_2026"
6746004,-71.11207585,42.71449279,"MA_PWS_2026"
5862557,-71.0467072,42.58863832,"MA_PWS_2026"
5863459,-70.92958383,42.21078213,"MA_PWS_2026"
5867741,-71.26510613,42.35474376,"MA_PWS_2026"
5863939,-70.81755827,42.22685984,"MA_PWS_2026"
7710326,-73.3283081,42.36729419,"MA_PWS_2026"
7691971,-72.07298481,42.2910068,"MA_PWS_2026"
9342839,-71.93526454,42.6616441,"MA_PWS_2026"
6125959,-71.0494385,42.11417033,"MA_PWS_2026"
5860901,-70.80985259,42.5965195,"MA_PWS_2026"
6746078,-71.20200356,42.69999338,"MA_PWS_2026"
6098833,-73.0063198,42.20480042,"MA_PWS_2026"
7709788,-73.22804554,42.32342996,"MA_PWS_2026"
6746486,-71.0515748,42.73607632,"MA_PWS_2026"
5881391,-71.0370713,41.69907759,"MA_PWS_2026"
9342827,-71.98487859,42.61085891,"MA_PWS_2026"
166174717,-72.99677557,42.28077355,"MA_PWS_2026"
6771163,-71.43295295,42.51005185,"MA_PWS_2026"
6116812,-71.91857911,42.29475,"MA_PWS_2026"
6078815,-71.69609786,42.40509035,"MA_PWS_2026"
7709988,-73.46072164,42.15792045,"MA_PWS_2026"
8834930,-78.293536,34.404965,"Petre_2022"
8897934,-79.135805,35.765778,"Petre_2022"
8891732,-79.377949,36.099645,"Petre_2022"
8891732,-79.371254,36.095665,"Petre_2022"
